{
  "source": "author_pretrained",
  "corr_t2": 0.999672070145607,
  "corr_t5": 0.9956340044736862,
  "t_dec": 6.2411104055690085,
  "n_eval": 4,
  "n_T": 201
}