{
  "source": "author_pretrained_long",
  "corr_t2": 0.9994338154792786,
  "corr_t5": 0.9922503083944321,
  "t_dec": 7.012483601762931,
  "n_eval": 4,
  "n_T": 488,
  "stable": true,
  "max_u": 4.673426628112793,
  "sim_time": 34.15079514058547
}