{
  "source": "author_pretrained",
  "corr_t2": 0.9985959380865097,
  "corr_t5": 0.9388040602207184,
  "t_dec": 4.768488849198793,
  "n_eval": 4,
  "n_T": 201
}