{
  "mean_pct_err": 0.9323230389716076,
  "p95_pct_err": 3.4386225040113887,
  "max_pct_err": 39.58998786539634,
  "speedup_factor": 277327.6187836953,
  "camb_ms_per_cosmology": 524.9139070510864,
  "emulator_ms_per_cosmology": 0.0018927574157714842,
  "n_test": 100,
  "n_train": 400,
  "n_model_params": 212018,
  "n_k_bins": 50,
  "k_range": [
    0.0001,
    10.0
  ],
  "mean_err_per_k": [
    1.3249249264567797,
    1.3984236469614124,
    1.3765609471166027,
    1.2946880415574156,
    1.3929569032644329,
    1.3613812944603696,
    1.3796334064691798,
    1.3926416161894815,
    1.561454600082847,
    1.2838766345722763,
    1.4440974694271815,
    1.3275414184672518,
    1.340560587281396,
    1.4266089484879698,
    1.3037588744632265,
    1.345324994330804,
    1.3524396576252051,
    1.2132119889135686,
    1.1715291203863067,
    1.1712299904207608,
    1.1634257300480202,
    1.0253120564575056,
    0.8864231271468654,
    0.6365891466262493,
    0.5800581773633104,
    1.2728686008496743,
    0.8154645911860446,
    0.5774093444278087,
    0.6329571852726974,
    0.9998468871398277,
    0.5371913631640259,
    0.9013387459731151,
    0.918435429140209,
    0.7890385652257573,
    0.7794050968834917,
    0.4697523173840699,
    0.47022280061551713,
    0.4684412382494182,
    0.4500958346455598,
    0.4407310568408914,
    0.4543277008519096,
    0.4607774653596157,
    0.48494388622388584,
    0.4744920846932891,
    0.48023339233639817,
    0.49587724797789073,
    0.5029367932268278,
    0.5250166990899694,
    0.5092131578573826,
    0.5504811593886836
  ],
  "p95_err_per_k": [
    5.439102281457713,
    4.486281229246279,
    5.1345635044397735,
    5.409781505393961,
    4.210595516251491,
    5.800057832670482,
    6.170891201833089,
    5.983366906395879,
    5.069884392455125,
    6.686178736658899,
    4.473345316710689,
    6.157896291554087,
    6.525800186235347,
    6.972720076990619,
    4.712275183512476,
    4.765672955554468,
    6.226513882139059,
    5.516833010887576,
    5.018881868077893,
    5.016133278642418,
    4.562222746891446,
    3.6356595015910553,
    3.052566462203853,
    1.9546179663050942,
    1.7176081626035151,
    4.441126892130232,
    4.1143830649982,
    1.4407805475008542,
    1.9855390597598217,
    4.942321919400176,
    1.7829195012921106,
    3.6422540868406554,
    2.572883282538924,
    2.344757992522101,
    2.844703655763822,
    1.265213560824435,
    1.9327846141476506,
    1.9896386946024092,
    1.599730770655211,
    1.6058428955412318,
    2.1904028111378606,
    1.7276869421557888,
    2.018007483554417,
    1.8243145387002861,
    1.8795131072992082,
    1.7085014397631058,
    1.3982465479605557,
    1.9348976882808495,
    1.5618900805795548,
    2.029680967450342
  ]
}