{
  "tag": "decaying_10k_v2",
  "n_eval": 4,
  "n_T": 201,
  "save_dt": 0.07012483601762931,
  "grid": 64,
  "domain": 6.283185307179586,
  "li_per_step_ms": 0.39221635505334657,
  "dns_solver_per_step_ms": 0.14733556491225513,
  "metrics": {
    "LI": {
      "corr_t2": 0.9862679243087769,
      "corr_t5": 0.8356476128101349,
      "t_dec": 3.2958672928285777
    },
    "DNS64_solver": {
      "corr_t2": 0.8428277373313904,
      "corr_t5": 0.5134733319282532,
      "t_dec": 1.121997376282069
    },
    "DNS64": {
      "corr_t2": 0.8944430202245712,
      "corr_t5": 0.5791206434369087,
      "t_dec": 1.4024967203525862
    },
    "DNS128": {
      "corr_t2": 0.968360424041748,
      "corr_t5": 0.788438007235527,
      "t_dec": 2.454369260617026
    },
    "DNS256": {
      "corr_t2": 0.9928390234708786,
      "corr_t5": 0.9070545136928558,
      "t_dec": 3.786741144951983
    },
    "DNS512": {
      "corr_t2": 0.998709961771965,
      "corr_t5": 0.9688707441091537,
      "t_dec": 6.451484913621897
    },
    "DNS1024": {
      "corr_t2": 0.9998541176319122,
      "corr_t5": 0.9949523955583572,
      "t_dec": 9.396728026362327
    }
  }
}