{
  "problem": "burgers",
  "method": "aspqn",
  "n_params": 3581,
  "n_epochs": 150,
  "final_loss": 0.002390168607234955,
  "final_error": null,
  "min_loss": 0.002390167908743024,
  "min_error": null,
  "total_time_s": 777.9723422527313,
  "loss_history": [
    0.20778168737888336,
    0.09178625047206879,
    0.057342272251844406,
    0.039592333137989044,
    0.028697285801172256,
    0.02073349803686142,
    0.014871437102556229,
    0.01058635488152504,
    0.008848133496940136,
    0.007634331937879324,
    0.006799290422350168,
    0.00600746925920248,
    0.005556381307542324,
    0.004807032644748688,
    0.004310522228479385,
    0.0035963249392807484,
    0.003405000315979123,
    0.0034032820258289576,
    0.0031936338637024164,
    0.003178597427904606,
    0.002961094956845045,
    0.002908726455643773,
    0.0029083117842674255,
    0.0029057578649371862,
    0.00290682609193027,
    0.002886268775910139,
    0.002883426146581769,
    0.0028842054307460785,
    0.002821659902110696,
    0.0026753288693726063,
    0.002660237718373537,
    0.0025190128944814205,
    0.0025072272401303053,
    0.0025072211865335703,
    0.002507259603589773,
    0.002507232129573822,
    0.0025072351563721895,
    0.00250723073258996,
    0.002507235622033477,
    0.0025071799755096436,
    0.002507160883396864,
    0.0025065974332392216,
    0.0025065974332392216,
    0.0025065974332392216,
    0.0025065974332392216,
    0.0025065974332392216,
    0.0025065969675779343,
    0.0025065969675779343,
    0.0025065969675779343,
    0.0025065969675779343,
    0.0025065969675779343,
    0.002506597898900509,
    0.002506597898900509,
    0.002506597898900509,
    0.0025065981317311525,
    0.002506598364561796,
    0.002506597898900509,
    0.0025066195521503687,
    0.0024780610110610723,
    0.0024787094444036484,
    0.002472038147971034,
    0.00246030418202281,
    0.0024539846926927567,
    0.00245305011048913,
    0.0024526449851691723,
    0.002458798699080944,
    0.0024563116021454334,
    0.002457310911267996,
    0.0024550112430006266,
    0.0024550925008952618,
    0.0024526978377252817,
    0.0024516845587641,
    0.002451532054692507,
    0.0024521404411643744,
    0.0024441087152808905,
    0.002442247699946165,
    0.0024403631687164307,
    0.0024433371145278215,
    0.0024433359503746033,
    0.0024448682088404894,
    0.0024466169998049736,
    0.002440483309328556,
    0.0024275623727589846,
    0.002431463450193405,
    0.0023947455920279026,
    0.002394801937043667,
    0.0023958326783031225,
    0.002395997289568186,
    0.0023920200765132904,
    0.0023906086571514606,
    0.002390690613538027,
    0.0023901790846139193,
    0.0023901991080492735,
    0.002390199340879917,
    0.0023901991080492735,
    0.0023901909589767456,
    0.002390190027654171,
    0.0023901897948235273,
    0.002390192821621895,
    0.002390184672549367,
    0.002390184672549367,
    0.002390185371041298,
    0.0023901849053800106,
    0.0023901851382106543,
    0.0023901902604848146,
    0.0023901863023638725,
    0.0023901863023638725,
    0.002390167908743024,
    0.002390168607234955,
    0.002390168607234955,
    0.002390168607234955,
    0.002390168607234955,
    0.002390168607234955,
    0.002390168607234955,
    0.002390168607234955,
    0.002390168607234955,
    0.002390168607234955,
    0.002390168607234955,
    0.002390168607234955,
    0.002390168607234955,
    0.002390168607234955,
    0.002390168607234955,
    0.002390168607234955,
    0.002390168607234955,
    0.002390168607234955,
    0.002390168607234955,
    0.002390168607234955,
    0.002390168607234955,
    0.002390168607234955,
    0.002390168607234955,
    0.002390168607234955,
    0.002390168607234955,
    0.002390168607234955,
    0.002390168374404311,
    0.002390168374404311,
    0.002390168607234955,
    0.002390168607234955,
    0.002390168607234955,
    0.002390168607234955,
    0.002390168607234955,
    0.002390168607234955,
    0.002390168607234955,
    0.002390168607234955,
    0.002390168607234955,
    0.002390168607234955,
    0.002390168607234955,
    0.002390168607234955,
    0.002390168607234955,
    0.002390168607234955,
    0.002390168607234955
  ],
  "error_history": [
    null,
    null,
    null,
    null,
    null,
    null,
    null,
    null,
    null,
    null,
    null,
    null,
    null,
    null,
    null,
    null,
    null,
    null,
    null,
    null,
    null,
    null,
    null,
    null,
    null,
    null,
    null,
    null,
    null,
    null,
    null,
    null,
    null,
    null,
    null,
    null,
    null,
    null,
    null,
    null,
    null,
    null,
    null,
    null,
    null,
    null,
    null,
    null,
    null,
    null,
    null,
    null,
    null,
    null,
    null,
    null,
    null,
    null,
    null,
    null,
    null,
    null,
    null,
    null,
    null,
    null,
    null,
    null,
    null,
    null,
    null,
    null,
    null,
    null,
    null,
    null,
    null,
    null,
    null,
    null,
    null,
    null,
    null,
    null,
    null,
    null,
    null,
    null,
    null,
    null,
    null,
    null,
    null,
    null,
    null,
    null,
    null,
    null,
    null,
    null,
    null,
    null,
    null,
    null,
    null,
    null,
    null,
    null,
    null,
    null,
    null,
    null,
    null,
    null,
    null,
    null,
    null,
    null,
    null,
    null,
    null,
    null,
    null,
    null,
    null,
    null,
    null,
    null,
    null,
    null,
    null,
    null,
    null,
    null,
    null,
    null,
    null,
    null,
    null,
    null,
    null,
    null,
    null,
    null,
    null,
    null,
    null,
    null,
    null,
    null
  ],