{
  "problem": "klein_gordon",
  "method": "mspqn",
  "n_params": 15751,
  "n_epochs": 5,
  "final_loss": 7.037494924588827e-06,
  "final_error": 0.00384775479324162,
  "total_time_s": 10.194178104400635,
  "loss_history": [
    8.011312274902593e-06,
    7.038919648039155e-06,
    7.037494924588827e-06,
    7.037494924588827e-06,
    7.037494924588827e-06
  ],
  "error_history": [
    0.003818884026259184,
    0.003847740590572357,
    0.00384775479324162,
    0.00384775479324162,
    0.00384775479324162
  ],
  "time_history": [
    6.059901237487793,
    8.36592173576355,
    9.251991271972656,
    9.71630311012268,
    10.173876285552979
  ],
  "k_s": 50,
  "n_subdomains": null,
  "seed": 42
}