{
  "method": "aspqn",
  "loss_history": [
    42.944297790527344,
    15.00522232055664,
    5.702168941497803,
    6.105131149291992,
    2.750971794128418,
    2.008898973464966,
    2.5231285095214844,
    1.9206687211990356,
    3.0245678424835205,
    2.3907976150512695,
    1.9692368507385254,
    2.5195019245147705,
    3.8118607997894287,
    1.8461158275604248,
    1.5974245071411133,
    1.383890986442566,
    2.0612080097198486,
    2.1752936840057373,
    1.3809720277786255,
    1.5528576374053955,
    1.5497431755065918,
    2.485687255859375,
    1.447776436805725,
    1.294380784034729,
    1.9231144189834595,
    2.786750078201294,
    2.132465362548828,
    1.6666840314865112,
    1.0438817739486694,
    1.379774808883667,
    1.3188925981521606,
    1.5490435361862183,
    2.778914451599121,
    2.9385249614715576,
    2.112596035003662,
    2.4432830810546875,
    1.7841272354125977,
    3.0783755779266357,
    2.3355040550231934,
    4.0916595458984375,
    2.9101550579071045,
    3.0493898391723633,
    2.049771785736084,
    2.514256715774536,
    1.4386836290359497,
    2.189718723297119,
    2.5815489292144775,
    3.355125904083252,
    1.8362088203430176,
    2.645064115524292,
    1.6682500839233398,
    1.7269394397735596,
    2.025259256362915,
    1.8426051139831543,
    2.7747371196746826,
    2.577059268951416,
    2.7231645584106445,
    1.5022799968719482,
    1.2471635341644287,
    2.189440965652466,
    3.1315126419067383,
    2.840358257293701,
    2.206449031829834,
    1.6628016233444214,
    4.176494598388672,
    3.3047735691070557,
    2.6808922290802,
    2.920525550842285,
    2.415865898132324,
    3.498298168182373,
    2.8713362216949463,
    2.3530631065368652,
    1.9543544054031372,
    3.2861218452453613,
    2.7325832843780518,
    2.6811628341674805,
    1.8965990543365479,
    2.3946313858032227,
    1.9830968379974365,
    3.239434003829956,
    3.74603271484375,
    1.8454307317733765,
    2.9088354110717773,
    2.627676486968994,
    1.529106616973877,
    2.450029134750366,
    3.8882250785827637,
    3.1511073112487793,
    3.181459665298462,
    2.8407416343688965,
    5.141944885253906,
    4.630527496337891,
    3.3622355461120605,
    2.087754011154175,
    1.9956679344177246,
    2.967850685119629,
    3.3962562084198,
    3.590449810028076,
    3.0721006393432617,
    2.8316853046417236
  ],
  "checkpoints": [
    {
      "iter": 0,
      "loss": 42.944297790527344,
      "e_rel": 1.0048189163208008,
      "time": 5.867590427398682
    },
    {
      "iter": 4,
      "loss": 2.750971794128418,
      "e_rel": 0.5203584432601929,
      "time": 30.39471983909607
    },
    {
      "iter": 8,
      "loss": 3.0245678424835205,
      "e_rel": 0.32896167039871216,
      "time": 54.00359082221985
    },
    {
      "iter": 12,
      "loss": 3.8118607997894287,
      "e_rel": 0.507343053817749,
      "time": 79.0369975566864
    },
    {
      "iter": 16,
      "loss": 2.0612080097198486,
      "e_rel": 0.4350595474243164,
      "time": 103.89151215553284
    },
    {
      "iter": 20,
      "loss": 1.5497431755065918,
      "e_rel": 0.33086544275283813,
      "time": 131.7835943698883
    },
    {
      "iter": 24,
      "loss": 1.9231144189834595,
      "e_rel": 0.31283771991729736,
      "time": 156.4487748146057
    },
    {
      "iter": 28,
      "loss": 1.0438817739486694,
      "e_rel": 0.3278339207172394,
      "time": 181.26642203330994
    },
    {
      "iter": 32,
      "loss": 2.778914451599121,
      "e_rel": 0.30391305685043335,
      "time": 206.49648809432983
    },
    {
      "iter": 36,
      "loss": 1.7841272354125977,
      "e_rel": 0.37336376309394836,
      "time": 233.7131097316742
    },
    {
      "iter": 40,
      "loss": 2.9101550579071045,
      "e_rel": 0.4761866629123688,
      "time": 257.99301409721375
    },
    {
      "iter": 44,
      "loss": 1.4386836290359497,
      "e_rel": 0.33782464265823364,
      "time": 282.4693114757538
    },
    {
      "iter": 48,
      "loss": 1.8362088203430176,
      "e_rel": 0.28780776262283325,
      "time": 308.0072956085205
    },
    {
      "iter": 52,
      "loss": 2.025259256362915,
      "e_rel": 0.33429375290870667,
      "time": 333.69377851486206
    },
    {
      "iter": 56,
      "loss": 2.7231645584106445,
      "e_rel": 0.39297401905059814,
      "time": 358.44257521629333
    },
    {
      "iter": 60,
      "loss": 3.1315126419067383,
      "e_rel": 0.44604745507240295,
      "time": 383.2981104850769
    },
    {
      "iter": 64,
      "loss": 4.176494598388672,
      "e_rel": 0.3360905051231384,
      "time": 409.3464071750641
    },
    {
      "iter": 68,
      "loss": 2.415865898132324,
      "e_rel": 0.3458574414253235,
      "time": 436.0181427001953
    },
    {
      "iter": 72,
      "loss": 1.9543544054031372,
      "e_rel": 0.38906392455101013,
      "time": 466.46014738082886
    },
    {
      "iter": 76,
      "loss": 1.8965990543365479,
      "e_rel": 0.3911590576171875,
      "time": 495.73408031463623
    },
    {
      "iter": 80,
      "loss": 3.74603271484375,
      "e_rel": 0.3413570821285248,
      "time": 525.3062491416931
    },
    {
      "iter": 84,
      "loss": 1.529106616973877,
      "e_rel": 0.3528115451335907,
      "time": 554.6953036785126
    },
    {
      "iter": 88,
      "loss": 3.181459665298462,
      "e_rel": 0.4050467014312744,
      "time": 585.512955904007
    },
    {
      "iter": 92,
      "loss": 3.3622355461120605,
      "e_rel": 0.4698082208633423,
      "time": 616.0755689144135
    },
    {
      "iter": 96,
      "loss": 3.3962562084198,
      "e_rel": 0.4081292748451233,
      "time": 645.2249071598053
    },
    {
      "iter": 99,
      "loss": 2.8316853046417236,
      "e_rel": 0.5177597403526306,
      "time": 668.5738911628723
    }
  ],
  "final_loss": 2.8316853046417236,
  "min_loss": 1.0438817739486694,
  "final_error": 0.5177597403526306,
  "total_time_s": 668.573983669281,
  "n_subdomains": 8,
  "k_s": 50,
  "problem": "klein_gordon",
  "n_params": 15751
}