{
  "method": "lbfgs",
  "checkpoints": [],
  "final_loss": 0.37210825085639954,
  "min_loss": 0.37210825085639954,
  "final_error": 1.0809897184371948,
  "total_time_s": 15.577003479003906,
  "nit": 350,
  "problem": "allen_cahn",
  "n_params": 25537
}