{
  "method": "aspqn",
  "loss_history": [
    2.2244088649749756,
    1.3544206619262695,
    1.6124012470245361,
    1.6985725164413452,
    2.4524664878845215,
    1.6785067319869995,
    1.7376097440719604,
    1.1681016683578491,
    1.1460598707199097,
    1.7667438983917236,
    1.8866276741027832,
    1.750368595123291,
    1.344773769378662,
    1.4840282201766968,
    1.0396499633789062,
    1.0746784210205078,
    1.038608193397522,
    1.289225697517395,
    1.0844688415527344,
    0.9541746377944946,
    2.1550722122192383,
    1.3202261924743652,
    2.344869613647461,
    2.3958520889282227,
    3.4325428009033203,
    4.109288692474365,
    2.904151678085327,
    2.685938835144043,
    1.651395320892334,
    1.8321585655212402,
    2.2332873344421387,
    1.524681568145752,
    1.910752534866333,
    3.1393771171569824,
    2.2512447834014893,
    2.239295244216919,
    2.510568618774414,
    3.3941361904144287,
    5.854742050170898,
    2.6001720428466797,
    2.3537721633911133,
    2.4353575706481934,
    1.9135875701904297,
    1.6903047561645508,
    1.4862775802612305,
    1.9692729711532593,
    1.7678542137145996,
    2.065751552581787,
    1.2854056358337402,
    1.1880786418914795,
    1.6439590454101562,
    2.145665168762207,
    1.5996944904327393,
    2.5634937286376953,
    4.712607383728027,
    6.305235862731934,
    4.018160820007324,
    4.3809614181518555,
    1.9175388813018799,
    2.0082812309265137,
    3.1934654712677,
    1.3769934177398682,
    1.7530832290649414,
    1.6378639936447144,
    1.5260497331619263,
    2.2529873847961426,
    1.2218677997589111,
    1.13007390499115,
    1.0739881992340088,
    0.6699331402778625,
    1.3614938259124756,
    1.6593756675720215,
    10.04299545288086,
    2.8532333374023438,
    0.9773062467575073,
    1.0425901412963867,
    0.9373065233230591,
    1.1884076595306396,
    1.1758902072906494,
    1.3295214176177979,
    1.0859980583190918,
    1.0313760042190552,
    1.4694626331329346,
    1.9970521926879883,
    0.9434493780136108,
    0.7714771628379822,
    1.5054028034210205,
    2.2577948570251465,
    2.3840627670288086,
    3.0192532539367676,
    2.7595839500427246,
    1.69855797290802,
    1.107364296913147,
    1.3588900566101074,
    1.4063684940338135,
    1.333620309829712,
    1.0060429573059082,
    0.7056045532226562,
    1.3914605379104614,
    2.2474679946899414
  ],
  "checkpoints": [
    {
      "iter": 0,
      "loss": 2.2244088649749756,
      "e_rel": 2752216039424.0,
      "time": 26.88501501083374
    },
    {
      "iter": 4,
      "loss": 2.4524664878845215,
      "e_rel": 2768829677568.0,
      "time": 79.52902030944824
    },
    {
      "iter": 8,
      "loss": 1.1460598707199097,
      "e_rel": 2270135582720.0,
      "time": 129.6111354827881
    },
    {
      "iter": 12,
      "loss": 1.344773769378662,
      "e_rel": 2787119988736.0,
      "time": 180.44691729545593
    },
    {
      "iter": 16,
      "loss": 1.038608193397522,
      "e_rel": 2844202631168.0,
      "time": 227.324077129364
    },
    {
      "iter": 20,
      "loss": 2.1550722122192383,
      "e_rel": 2318998175744.0,
      "time": 277.1403806209564
    },
    {
      "iter": 24,
      "loss": 3.4325428009033203,
      "e_rel": 2816879624192.0,
      "time": 324.9932723045349
    },
    {
      "iter": 28,
      "loss": 1.651395320892334,
      "e_rel": 2405437014016.0,
      "time": 373.0616285800934
    },
    {
      "iter": 32,
      "loss": 1.910752534866333,
      "e_rel": 3303031177216.0,
      "time": 419.862651348114
    },
    {
      "iter": 36,
      "loss": 2.510568618774414,
      "e_rel": 2246787203072.0,
      "time": 467.5089039802551
    },
    {
      "iter": 40,
      "loss": 2.3537721633911133,
      "e_rel": 3039290982400.0,
      "time": 514.7676594257355
    },
    {
      "iter": 44,
      "loss": 1.4862775802612305,
      "e_rel": 2680745623552.0,
      "time": 562.6216373443604
    },
    {
      "iter": 48,
      "loss": 1.2854056358337402,
      "e_rel": 2726507053056.0,
      "time": 612.4157526493073
    },
    {
      "iter": 52,
      "loss": 1.5996944904327393,
      "e_rel": 2402078162944.0,
      "time": 661.1572518348694
    },
    {
      "iter": 56,
      "loss": 4.018160820007324,
      "e_rel": 2394869465088.0,
      "time": 711.7046456336975
    },
    {
      "iter": 60,
      "loss": 3.1934654712677,
      "e_rel": 2424224612352.0,
      "time": 760.1873488426208
    },
    {
      "iter": 64,
      "loss": 1.5260497331619263,
      "e_rel": 3049627058176.0,
      "time": 808.2797522544861
    },
    {
      "iter": 68,
      "loss": 1.0739881992340088,
      "e_rel": 2491498102784.0,
      "time": 855.289448261261
    },
    {
      "iter": 72,
      "loss": 10.04299545288086,
      "e_rel": 3693192413184.0,
      "time": 903.4437258243561
    },
    {
      "iter": 76,
      "loss": 0.9373065233230591,
      "e_rel": 2609936072704.0,
      "time": 952.2002882957458
    },
    {
      "iter": 80,
      "loss": 1.0859980583190918,
      "e_rel": 2709032271872.0,
      "time": 1000.4576201438904
    },
    {
      "iter": 84,
      "loss": 0.9434493780136108,
      "e_rel": 2914645704704.0,
      "time": 1049.7188568115234
    },
    {
      "iter": 88,
      "loss": 2.3840627670288086,
      "e_rel": 2505884041216.0,
      "time": 1095.462769985199
    },
    {
      "iter": 92,
      "loss": 1.107364296913147,
      "e_rel": 2665907748864.0,
      "time": 1143.8145365715027
    },
    {
      "iter": 96,
      "loss": 1.0060429573059082,
      "e_rel": 2580481572864.0,
      "time": 1190.2473611831665
    },
    {
      "iter": 99,
      "loss": 2.2474679946899414,
      "e_rel": 2610757107712.0,
      "time": 1230.908267736435
    }
  ],
  "final_loss": 2.2474679946899414,
  "min_loss": 0.6699331402778625,
  "final_error": 2610757107712.0,
  "total_time_s": 1230.908436536789,
  "n_subdomains": 10,
  "k_s": 50,
  "problem": "burgers",
  "n_params": 3581
}