{
  "method": "mspqn",
  "loss_history": [
    0.4307470917701721,
    0.3987152874469757,
    0.3968013525009155,
    0.3962697982788086,
    0.3962627649307251,
    0.3962584137916565,
    0.3962230384349823,
    0.3962230384349823,
    0.3962230384349823,
    0.3962230384349823,
    0.3962230384349823,
    0.3962230384349823,
    0.3962230384349823,
    0.3962230384349823,
    0.3962230384349823,
    0.3962230384349823,
    0.3962230384349823,
    0.3962230384349823,
    0.3962230384349823,
    0.3962230384349823,
    0.3962230384349823,
    0.3962230384349823,
    0.3962230384349823,
    0.3962230384349823,
    0.3962230384349823,
    0.3962230384349823,
    0.3962230384349823,
    0.3962230384349823,
    0.3962230384349823,
    0.3962230384349823,
    0.3962230384349823,
    0.3962230384349823,
    0.3962230384349823,
    0.3962230384349823,
    0.3962230384349823,
    0.3962230384349823,
    0.3962230384349823,
    0.3962230384349823,
    0.3962230384349823,
    0.3962230384349823,
    0.3962230384349823,
    0.3962230384349823,
    0.3962230384349823,
    0.3962230384349823,
    0.3962230384349823,
    0.3962230384349823,
    0.3962230384349823,
    0.3962230384349823,
    0.3962230384349823,
    0.3962230384349823,
    0.3962230384349823,
    0.3962230384349823,
    0.3962230384349823,
    0.3962230384349823,
    0.3962230384349823,
    0.3962230384349823,
    0.3962230384349823,
    0.3962230384349823,
    0.3962230384349823,
    0.3962230384349823,
    0.3962230384349823,
    0.3962230384349823,
    0.3962230384349823,
    0.3962230384349823,
    0.3962230384349823,
    0.3962230384349823,
    0.3962230384349823,
    0.3962230384349823,
    0.3962230384349823,
    0.3962230384349823,
    0.3962230384349823,
    0.3962230384349823,
    0.3962230384349823,
    0.3962230384349823,
    0.3962230384349823,
    0.3962230384349823,
    0.3962230384349823,
    0.3962230384349823,
    0.3962230384349823,
    0.3962230384349823,
    0.3962230384349823,
    0.3962230384349823,
    0.3962230384349823,
    0.3962230384349823,
    0.3962230384349823,
    0.3962230384349823,
    0.3962230384349823,
    0.3962230384349823,
    0.3962230384349823,
    0.3962230384349823,
    0.3962230384349823,
    0.3962230384349823,
    0.3962230384349823,
    0.3962230384349823,
    0.3962230384349823,
    0.3962230384349823,
    0.3962230384349823,
    0.3962230384349823,
    0.3962230384349823,
    0.3962230384349823
  ],
  "checkpoints": [
    {
      "iter": 0,
      "loss": 0.4307470917701721,
      "e_rel": 2713270878208.0,
      "time": 25.557430505752563
    },
    {
      "iter": 4,
      "loss": 0.3962627649307251,
      "e_rel": 2713011093504.0,
      "time": 60.64954400062561
    },
    {
      "iter": 8,
      "loss": 0.3962230384349823,
      "e_rel": 2713210060800.0,
      "time": 91.29490828514099
    },
    {
      "iter": 12,
      "loss": 0.3962230384349823,
      "e_rel": 2713210060800.0,
      "time": 120.81036615371704
    },
    {
      "iter": 16,
      "loss": 0.3962230384349823,
      "e_rel": 2713210060800.0,
      "time": 149.96233773231506
    },
    {
      "iter": 20,
      "loss": 0.3962230384349823,
      "e_rel": 2713210060800.0,
      "time": 179.24919533729553
    },
    {
      "iter": 24,
      "loss": 0.3962230384349823,
      "e_rel": 2713210060800.0,
      "time": 208.04557824134827
    },
    {
      "iter": 28,
      "loss": 0.3962230384349823,
      "e_rel": 2713210060800.0,
      "time": 236.91657400131226
    },
    {
      "iter": 32,
      "loss": 0.3962230384349823,
      "e_rel": 2713210060800.0,
      "time": 266.42748761177063
    },
    {
      "iter": 36,
      "loss": 0.3962230384349823,
      "e_rel": 2713210060800.0,
      "time": 295.3823320865631
    },
    {
      "iter": 40,
      "loss": 0.3962230384349823,
      "e_rel": 2713210060800.0,
      "time": 323.3721168041229
    },
    {
      "iter": 44,
      "loss": 0.3962230384349823,
      "e_rel": 2713210060800.0,
      "time": 351.4845290184021
    },
    {
      "iter": 48,
      "loss": 0.3962230384349823,
      "e_rel": 2713210060800.0,
      "time": 380.6536953449249
    },
    {
      "iter": 52,
      "loss": 0.3962230384349823,
      "e_rel": 2713210060800.0,
      "time": 409.16377687454224
    },
    {
      "iter": 56,
      "loss": 0.3962230384349823,
      "e_rel": 2713210060800.0,
      "time": 438.09003162384033
    },
    {
      "iter": 60,
      "loss": 0.3962230384349823,
      "e_rel": 2713210060800.0,
      "time": 466.6978576183319
    },
    {
      "iter": 64,
      "loss": 0.3962230384349823,
      "e_rel": 2713210060800.0,
      "time": 494.70374727249146
    },
    {
      "iter": 68,
      "loss": 0.3962230384349823,
      "e_rel": 2713210060800.0,
      "time": 522.8264365196228
    },
    {
      "iter": 72,
      "loss": 0.3962230384349823,
      "e_rel": 2713210060800.0,
      "time": 550.5844070911407
    },
    {
      "iter": 76,
      "loss": 0.3962230384349823,
      "e_rel": 2713210060800.0,
      "time": 579.0154173374176
    },
    {
      "iter": 80,
      "loss": 0.3962230384349823,
      "e_rel": 2713210060800.0,
      "time": 606.9640591144562
    },
    {
      "iter": 84,
      "loss": 0.3962230384349823,
      "e_rel": 2713210060800.0,
      "time": 638.1215291023254
    },
    {
      "iter": 88,
      "loss": 0.3962230384349823,
      "e_rel": 2713210060800.0,
      "time": 668.763747215271
    },
    {
      "iter": 92,
      "loss": 0.3962230384349823,
      "e_rel": 2713210060800.0,
      "time": 698.0557215213776
    },
    {
      "iter": 96,
      "loss": 0.3962230384349823,
      "e_rel": 2713210060800.0,
      "time": 727.5498743057251
    },
    {
      "iter": 99,
      "loss": 0.3962230384349823,
      "e_rel": 2713210060800.0,
      "time": 754.2121376991272
    }
  ],
  "final_loss": 0.3962230384349823,
  "min_loss": 0.3962230384349823,
  "final_error": 2713210060800.0,
  "total_time_s": 754.2122316360474,
  "n_subdomains": 10,
  "k_s": 50,
  "problem": "burgers",
  "n_params": 3581
}