{
  "method": "lbfgs",
  "checkpoints": [],
  "final_loss": 0.9166901111602783,
  "min_loss": 0.9166901111602783,
  "final_error": 15.253175735473633,
  "total_time_s": 4.227576732635498,
  "nit": 38,
  "problem": "advection_diffusion",
  "n_params": 26151
}