{
  "test": "generalization_re1000_on_decaying",
  "corr_t2": 0.3900456875562668,
  "corr_t5": 0.010927628260105848,
  "t_dec": 0.42074901610577586,
  "stable": true
}