{
  "label": "4He",
  "A": 4,
  "with_coulomb": true,
  "n_pp_pairs": 1,
  "v3n_scale": 1.0,
  "v3n_params": [
    35.0,
    1.0,
    -7.0,
    1.7
  ],
  "v_ls_scale": 1.0,
  "v_ls_params": [
    -30.0,
    0.7
  ],
  "pwave_eps": 0.5,
  "E_final": -21.549732208251953,
  "SE": 0.2086402847110589,
  "N_final": 245760,
  "iters": 600,
  "walkers": 1024,
  "steps": 12,
  "wall_seconds": 47.43885636329651,
  "components": {
    "T": 43.03328709602356,
    "V_NN": -63.50431706110636,
    "V_3N": -1.077309667567412,
    "V_LS": -0.0013908450317103415
  }
}