FLUB|CP047121.1_1	FLUB|CP047121.1_1
FLUB|CP047121.1_1	MGYG|ENA|CABKOL020000106|CABKOL020000106.1_275
FLUB|CP047121.1_1	LH500|CP044119.1_1
FLUB|CP047121.1_1	LMG07934|CP050262.1_1
FLUB|CP047121.1_1	DSM20176|AZDF01000024.1_32
FLUB|CP047121.1_33	FLUB|CP047121.1_33
FLUB|CP047121.1_33	LH500|CP044119.1_51
FLUB|CP047121.1_33	MGYG|ENA|CABKOL020000106|CABKOL020000106.1_307
FLUB|CP047121.1_33	DSM20176|AZDF01000006.1_72
FLUB|CP047121.1_33	LMG07934|CP050262.1_33
FLUB|CP047121.1_97	FLUB|CP047121.1_97
FLUB|CP047121.1_97	LMG07934|CP050262.1_82
FLUB|CP047121.1_97	MGYG|ENA|CABKOL020000106|CABKOL020000106.1_372
FLUB|CP047121.1_97	LH500|CP044119.1_102
FLUB|CP047121.1_97	DSM20176|AZDF01000006.1_21
FLUB|CP047121.1_161	FLUB|CP047121.1_161
FLUB|CP047121.1_161	MGYG|ENA|CABKOL020000106|CABKOL020000106.1_435
FLUB|CP047121.1_161	LMG07934|CP050262.1_148
FLUB|CP047121.1_161	DSM20176|AZDF01000007.1_91
FLUB|CP047121.1_161	LH500|CP044119.1_169
FLUB|CP047121.1_193	FLUB|CP047121.1_193
FLUB|CP047121.1_193	MGYG|ENA|CABKOL020000106|CABKOL020000106.1_468
FLUB|CP047121.1_193	LMG07934|CP050262.1_181
FLUB|CP047121.1_193	DSM20176|AZDF01000007.1_59
FLUB|CP047121.1_193	LH500|CP044119.1_201
FLUB|CP047121.1_225	FLUB|CP047121.1_225
FLUB|CP047121.1_225	LMG07934|CP050262.1_203
FLUB|CP047121.1_225	MGYG|ENA|CABKOL020000106|CABKOL020000106.1_501
FLUB|CP047121.1_225	LH500|CP044119.1_223
FLUB|CP047121.1_225	DSM20176|AZDF01000007.1_37
FLUB|CP047121.1_289	FLUB|CP047121.1_289
FLUB|CP047121.1_289	LMG07934|CP050262.1_273
FLUB|CP047121.1_289	MGYG|ENA|CABKOL020000106|CABKOL020000106.1_566
FLUB|CP047121.1_289	DSM20176|AZDF01000019.1_21
FLUB|CP047121.1_289	LH500|CP044119.1_293
FLUB|CP047121.1_321	FLUB|CP047121.1_321
FLUB|CP047121.1_321	DSM20176|AZDF01000036.1_9
FLUB|CP047121.1_321	MGYG|ENA|CABKOL020000106|CABKOL020000106.1_598
FLUB|CP047121.1_385	FLUB|CP047121.1_385
FLUB|CP047121.1_385	LH500|CP044119.1_374
FLUB|CP047121.1_385	MGYG|ENA|CABKOL020000106|CABKOL020000106.1_661
FLUB|CP047121.1_385	DSM20176|AZDF01000035.1_4
FLUB|CP047121.1_385	LMG07934|CP050262.1_345
FLUB|CP047121.1_417	FLUB|CP047121.1_417
FLUB|CP047121.1_417	LH500|CP044119.1_407
FLUB|CP047121.1_417	DSM20176|AZDF01000003.1_112
FLUB|CP047121.1_417	MGYG|ENA|CABKOL020000106|CABKOL020000106.1_693
FLUB|CP047121.1_417	LMG07934|CP050262.1_381
FLUB|CP047121.1_481	FLUB|CP047121.1_481
FLUB|CP047121.1_481	MGYG|ENA|CABKOL020000106|CABKOL020000106.1_757
FLUB|CP047121.1_481	LMG07934|CP050262.1_443
FLUB|CP047121.1_513	FLUB|CP047121.1_513
FLUB|CP047121.1_513	LH500|CP044119.1_504
FLUB|CP047121.1_513	DSM20176|AZDF01000003.1_17
FLUB|CP047121.1_513	MGYG|ENA|CABKOL020000106|CABKOL020000106.1_788
FLUB|CP047121.1_513	LMG07934|CP050262.1_478
FLUB|CP047121.1_577	FLUB|CP047121.1_577
FLUB|CP047121.1_609	FLUB|CP047121.1_609
FLUB|CP047121.1_641	FLUB|CP047121.1_641
FLUB|CP047121.1_641	LH500|CP044119.1_562
FLUB|CP047121.1_641	MGYG|ENA|CABKOL020000106|CABKOL020000106.1_852
FLUB|CP047121.1_641	LMG07934|CP050262.1_538
FLUB|CP047121.1_641	DSM20176|AZDF01000010.1_42
FLUB|CP047121.1_705	FLUB|CP047121.1_705
FLUB|CP047121.1_705	MGYG|ENA|CABKOL020000106|CABKOL020000106.1_916
FLUB|CP047121.1_769	FLUB|CP047121.1_769
FLUB|CP047121.1_769	MGYG|ENA|CABKOL020000106|CABKOL020000106.1_981
FLUB|CP047121.1_769	LMG07934|CP050262.1_600
FLUB|CP047121.1_897	FLUB|CP047121.1_897
FLUB|CP047121.1_897	LMG07934|CP050262.1_2514
FLUB|CP047121.1_897	FLUB|CP047121.1_1277
FLUB|CP047121.1_897	FLUB|CP047121.1_159
FLUB|CP047121.1_897	FLUB|CP047121.1_2144
FLUB|CP047121.1_897	MGYG|ENA|CABKOL020000088|CABKOL020000088.1_1
FLUB|CP047121.1_929	FLUB|CP047121.1_929
FLUB|CP047121.1_929	LH500|CP044119.1_724
FLUB|CP047121.1_929	LMG07934|CP050262.1_758
FLUB|CP047121.1_929	MGYG|ENA|CABKOL020000106|CABKOL020000106.1_1144
FLUB|CP047121.1_929	DSM20176|AZDF01000054.1_3
FLUB|CP047121.1_961	FLUB|CP047121.1_961
FLUB|CP047121.1_961	DSM20176|AZDF01000031.1_12
FLUB|CP047121.1_961	LMG07934|CP050262.1_785
FLUB|CP047121.1_961	LH500|CP044119.1_760
FLUB|CP047121.1_961	MGYG|ENA|CABKOL020000106|CABKOL020000106.1_1178
FLUB|CP047121.1_1057	FLUB|CP047121.1_1057
FLUB|CP047121.1_1057	MGYG|ENA|CABKOL020000106|CABKOL020000106.1_1276
FLUB|CP047121.1_1057	LH500|CP044119.1_842
FLUB|CP047121.1_1057	LMG07934|CP050262.1_869
FLUB|CP047121.1_1057	DSM20176|AZDF01000037.1_18
FLUB|CP047121.1_1089	FLUB|CP047121.1_1089
FLUB|CP047121.1_1089	MGYG|ENA|CABKOL020000106|CABKOL020000106.1_1309
FLUB|CP047121.1_1089	DSM20176|AZDF01000030.1_26
FLUB|CP047121.1_1089	LH500|CP044119.1_872
FLUB|CP047121.1_1089	LMG07934|CP050262.1_899
FLUB|CP047121.1_1121	FLUB|CP047121.1_1121
FLUB|CP047121.1_1121	MGYG|ENA|CABKOL020000095|CABKOL020000095.1_28
FLUB|CP047121.1_1121	DSM20176|AZDF01000005.1_85
FLUB|CP047121.1_1121	LH500|CP044119.1_903
FLUB|CP047121.1_1121	LMG07934|CP050262.1_930
FLUB|CP047121.1_1153	FLUB|CP047121.1_1153
FLUB|CP047121.1_1153	MGYG|ENA|CABKOL020000095|CABKOL020000095.1_60
FLUB|CP047121.1_1153	DSM20176|AZDF01000005.1_53
FLUB|CP047121.1_1153	LH500|CP044119.1_935
FLUB|CP047121.1_1153	LMG07934|CP050262.1_962
FLUB|CP047121.1_1185	FLUB|CP047121.1_1185
FLUB|CP047121.1_1185	MGYG|ENA|CABKOL020000095|CABKOL020000095.1_93
FLUB|CP047121.1_1185	DSM20176|AZDF01000005.1_21
FLUB|CP047121.1_1185	LH500|CP044119.1_967
FLUB|CP047121.1_1185	LMG07934|CP050262.1_994
FLUB|CP047121.1_1217	FLUB|CP047121.1_1217
FLUB|CP047121.1_1217	DSM20176|AZDF01000060.1_1
FLUB|CP047121.1_1217	MGYG|ENA|CABKOL020000102|CABKOL020000102.1_11
FLUB|CP047121.1_1217	LMG07934|CP050262.1_1026
FLUB|CP047121.1_1217	LH500|CP044119.1_1004
FLUB|CP047121.1_1249	FLUB|CP047121.1_1249
FLUB|CP047121.1_1249	DSM20176|AZDF01000002.1_178
FLUB|CP047121.1_1249	MGYG|ENA|CABKOL020000102|CABKOL020000102.1_43
FLUB|CP047121.1_1249	LH500|CP044119.1_1036
FLUB|CP047121.1_1281	FLUB|CP047121.1_1281
FLUB|CP047121.1_1281	LMG07934|CP050262.1_1088
FLUB|CP047121.1_1281	MGYG|ENA|CABKOL020000102|CABKOL020000102.1_76
FLUB|CP047121.1_1313	FLUB|CP047121.1_1313
FLUB|CP047121.1_1313	MGYG|ENA|CABKOL020000102|CABKOL020000102.1_108
FLUB|CP047121.1_1313	DSM20176|AZDF01000002.1_116
FLUB|CP047121.1_1313	LMG07934|CP050262.1_1121
FLUB|CP047121.1_1313	LH500|CP044119.1_1098
FLUB|CP047121.1_1345	FLUB|CP047121.1_1345
FLUB|CP047121.1_1345	LMG07934|CP050262.1_1152
FLUB|CP047121.1_1345	MGYG|ENA|CABKOL020000102|CABKOL020000102.1_140
FLUB|CP047121.1_1345	DSM20176|AZDF01000002.1_84
FLUB|CP047121.1_1345	LH500|CP044119.1_1130
FLUB|CP047121.1_1377	FLUB|CP047121.1_1377
FLUB|CP047121.1_1377	LMG07934|CP050262.1_1183
FLUB|CP047121.1_1377	MGYG|ENA|CABKOL020000102|CABKOL020000102.1_172
FLUB|CP047121.1_1377	DSM20176|AZDF01000002.1_53
FLUB|CP047121.1_1377	LH500|CP044119.1_1161
FLUB|CP047121.1_1409	FLUB|CP047121.1_1409
FLUB|CP047121.1_1409	LMG07934|CP050262.1_1215
FLUB|CP047121.1_1409	MGYG|ENA|CABKOL020000102|CABKOL020000102.1_204
FLUB|CP047121.1_1409	LH500|CP044119.1_1193
FLUB|CP047121.1_1409	DSM20176|AZDF01000002.1_22
FLUB|CP047121.1_1441	FLUB|CP047121.1_1441
FLUB|CP047121.1_1441	LH500|CP044119.1_1235
FLUB|CP047121.1_1441	LMG07934|CP050262.1_1328
FLUB|CP047121.1_1441	MGYG|ENA|CABKOL020000102|CABKOL020000102.1_238
FLUB|CP047121.1_1441	DSM20176|AZDF01000018.1_7
FLUB|CP047121.1_1473	FLUB|CP047121.1_1473
FLUB|CP047121.1_1473	LH500|CP044119.1_1267
FLUB|CP047121.1_1473	LMG07934|CP050262.1_1360
FLUB|CP047121.1_1473	MGYG|ENA|CABKOL020000102|CABKOL020000102.1_270
FLUB|CP047121.1_1473	DSM20176|AZDF01000013.1_4
FLUB|CP047121.1_1505	FLUB|CP047121.1_1505
FLUB|CP047121.1_1505	LH500|CP044119.1_1299
FLUB|CP047121.1_1505	LMG07934|CP050262.1_1392
FLUB|CP047121.1_1505	MGYG|ENA|CABKOL020000102|CABKOL020000102.1_302
FLUB|CP047121.1_1505	DSM20176|AZDF01000013.1_36
FLUB|CP047121.1_1601	FLUB|CP047121.1_1601
FLUB|CP047121.1_1601	LH500|CP044119.1_1396
FLUB|CP047121.1_1601	LMG07934|CP050262.1_1486
FLUB|CP047121.1_1601	MGYG|ENA|CABKOL020000102|CABKOL020000102.1_398
FLUB|CP047121.1_1601	DSM20176|AZDF01000008.1_30
FLUB|CP047121.1_1633	FLUB|CP047121.1_1633
FLUB|CP047121.1_1633	LMG07934|CP050262.1_1518
FLUB|CP047121.1_1633	LH500|CP044119.1_1429
FLUB|CP047121.1_1633	MGYG|ENA|CABKOL020000102|CABKOL020000102.1_430
FLUB|CP047121.1_1633	DSM20176|AZDF01000004.1_121
FLUB|CP047121.1_1665	FLUB|CP047121.1_1665
FLUB|CP047121.1_1665	LMG07934|CP050262.1_1550
FLUB|CP047121.1_1665	LH500|CP044119.1_1462
FLUB|CP047121.1_1665	MGYG|ENA|CABKOL020000102|CABKOL020000102.1_462
FLUB|CP047121.1_1665	DSM20176|AZDF01000004.1_88
FLUB|CP047121.1_1697	FLUB|CP047121.1_1697
FLUB|CP047121.1_1697	LMG07934|CP050262.1_1582
FLUB|CP047121.1_1697	LH500|CP044119.1_1494
FLUB|CP047121.1_1697	MGYG|ENA|CABKOL020000102|CABKOL020000102.1_494
FLUB|CP047121.1_1697	DSM20176|AZDF01000004.1_56
FLUB|CP047121.1_1729	FLUB|CP047121.1_1729
FLUB|CP047121.1_1729	LMG07934|CP050262.1_1615
FLUB|CP047121.1_1729	LH500|CP044119.1_1527
FLUB|CP047121.1_1729	MGYG|ENA|CABKOL020000102|CABKOL020000102.1_526
FLUB|CP047121.1_1729	DSM20176|AZDF01000004.1_23
FLUB|CP047121.1_1761	FLUB|CP047121.1_1761
FLUB|CP047121.1_1761	LMG07934|CP050262.1_1646
FLUB|CP047121.1_1761	LH500|CP044119.1_1558
FLUB|CP047121.1_1761	DSM20176|AZDF01000017.1_34
FLUB|CP047121.1_1761	MGYG|ENA|CABKOL020000102|CABKOL020000102.1_558
FLUB|CP047121.1_1793	FLUB|CP047121.1_1793
FLUB|CP047121.1_1793	LMG07934|CP050262.1_1678
FLUB|CP047121.1_1793	LH500|CP044119.1_1589
FLUB|CP047121.1_1793	DSM20176|AZDF01000017.1_3
FLUB|CP047121.1_1793	MGYG|ENA|CABKOL020000102|CABKOL020000102.1_590
FLUB|CP047121.1_1825	FLUB|CP047121.1_1825
FLUB|CP047121.1_1825	LMG07934|CP050262.1_1710
FLUB|CP047121.1_1825	LH500|CP044119.1_1622
FLUB|CP047121.1_1825	MGYG|ENA|CABKOL020000102|CABKOL020000102.1_622
FLUB|CP047121.1_1825	DSM20176|AZDF01000025.1_30
FLUB|CP047121.1_1857	FLUB|CP047121.1_1857
FLUB|CP047121.1_1857	LMG07934|CP050262.1_1740
FLUB|CP047121.1_1857	LH500|CP044119.1_1654
FLUB|CP047121.1_1857	MGYG|ENA|CABKOL020000102|CABKOL020000102.1_653
FLUB|CP047121.1_1857	DSM20176|AZDF01000023.1_29
FLUB|CP047121.1_1889	FLUB|CP047121.1_1889
FLUB|CP047121.1_1889	LMG07934|CP050262.1_1773
FLUB|CP047121.1_1889	LH500|CP044119.1_1716
FLUB|CP047121.1_1889	DSM20176|AZDF01000014.1_33
FLUB|CP047121.1_1889	MGYG|ENA|CABKOL020000102|CABKOL020000102.1_686
FLUB|CP047121.1_1921	FLUB|CP047121.1_1921
FLUB|CP047121.1_1953	FLUB|CP047121.1_1953
FLUB|CP047121.1_1985	FLUB|CP047121.1_1985
FLUB|CP047121.1_1985	LH500|CP044119.1_1753
FLUB|CP047121.1_1985	LMG07934|CP050262.1_1811
FLUB|CP047121.1_1985	DSM20176|AZDF01000012.1_18
FLUB|CP047121.1_1985	MGYG|ENA|CABKOL020000099|CABKOL020000099.1_50
FLUB|CP047121.1_2017	FLUB|CP047121.1_2017
FLUB|CP047121.1_2017	LH500|CP044119.1_1785
FLUB|CP047121.1_2017	LMG07934|CP050262.1_1843
FLUB|CP047121.1_2017	DSM20176|AZDF01000012.1_50
FLUB|CP047121.1_2017	MGYG|ENA|CABKOL020000099|CABKOL020000099.1_17
FLUB|CP047121.1_2049	FLUB|CP047121.1_2049
FLUB|CP047121.1_2049	DSM20176|AZDF01000001.1_15
FLUB|CP047121.1_2049	LMG07934|CP050262.1_1872
FLUB|CP047121.1_2049	LH500|CP044119.1_1867
FLUB|CP047121.1_2049	MGYG|ENA|CABKOL020000104|CABKOL020000104.1_536
FLUB|CP047121.1_2081	FLUB|CP047121.1_2081
FLUB|CP047121.1_2081	DSM20176|AZDF01000001.1_46
FLUB|CP047121.1_2081	LMG07934|CP050262.1_1903
FLUB|CP047121.1_2081	LH500|CP044119.1_1900
FLUB|CP047121.1_2081	MGYG|ENA|CABKOL020000104|CABKOL020000104.1_504
FLUB|CP047121.1_2113	FLUB|CP047121.1_2113
FLUB|CP047121.1_2113	DSM20176|AZDF01000001.1_78
FLUB|CP047121.1_2113	LMG07934|CP050262.1_1935
FLUB|CP047121.1_2113	LH500|CP044119.1_1932
FLUB|CP047121.1_2113	MGYG|ENA|CABKOL020000104|CABKOL020000104.1_472
FLUB|CP047121.1_2145	FLUB|CP047121.1_2145
FLUB|CP047121.1_2145	DSM20176|AZDF01000001.1_109
FLUB|CP047121.1_2145	LMG07934|CP050262.1_1966
FLUB|CP047121.1_2145	LH500|CP044119.1_1963
FLUB|CP047121.1_2145	MGYG|ENA|CABKOL020000104|CABKOL020000104.1_440
FLUB|CP047121.1_2177	FLUB|CP047121.1_2177
FLUB|CP047121.1_2177	DSM20176|AZDF01000001.1_142
FLUB|CP047121.1_2177	LMG07934|CP050262.1_1999
FLUB|CP047121.1_2177	LH500|CP044119.1_1996
FLUB|CP047121.1_2177	MGYG|ENA|CABKOL020000104|CABKOL020000104.1_408
FLUB|CP047121.1_2241	FLUB|CP047121.1_2241
FLUB|CP047121.1_2241	LMG07934|CP050262.1_2059
FLUB|CP047121.1_2241	LH500|CP044119.1_2056
FLUB|CP047121.1_2241	MGYG|ENA|CABKOL020000104|CABKOL020000104.1_344
FLUB|CP047121.1_2241	DSM20176|AZDF01000001.1_201
FLUB|CP047121.1_2305	FLUB|CP047121.1_2305
FLUB|CP047121.1_2305	LMG07934|CP050262.1_2122
FLUB|CP047121.1_2305	MGYG|ENA|CABKOL020000104|CABKOL020000104.1_280
FLUB|CP047121.1_2337	FLUB|CP047121.1_2337
FLUB|CP047121.1_2337	LMG07934|CP050262.1_2146
FLUB|CP047121.1_2337	MGYG|ENA|CABKOL020000104|CABKOL020000104.1_248
FLUB|CP047121.1_2369	FLUB|CP047121.1_2369
FLUB|CP047121.1_2369	LMG07934|CP050262.1_2179
FLUB|CP047121.1_2369	MGYG|ENA|CABKOL020000104|CABKOL020000104.1_216
FLUB|CP047121.1_2401	FLUB|CP047121.1_2401
FLUB|CP047121.1_2401	LH500|CP044119.1_2114
FLUB|CP047121.1_2401	DSM20176|AZDF01000032.1_3
FLUB|CP047121.1_2401	LMG07934|CP050262.1_2212
FLUB|CP047121.1_2401	MGYG|ENA|CABKOL020000104|CABKOL020000104.1_183
FLUB|CP047121.1_2433	FLUB|CP047121.1_2433
FLUB|CP047121.1_2433	LH500|CP044119.1_2149
FLUB|CP047121.1_2433	DSM20176|AZDF01000020.1_6
FLUB|CP047121.1_2433	LMG07934|CP050262.1_2244
FLUB|CP047121.1_2433	MGYG|ENA|CABKOL020000104|CABKOL020000104.1_150
FLUB|CP047121.1_2465	FLUB|CP047121.1_2465
FLUB|CP047121.1_2465	DSM20176|AZDF01000009.1_92
FLUB|CP047121.1_2465	LH500|CP044119.1_2185
FLUB|CP047121.1_2465	LMG07934|CP050262.1_2279
FLUB|CP047121.1_2465	MGYG|ENA|CABKOL020000104|CABKOL020000104.1_119
FLUB|CP047121.1_2497	FLUB|CP047121.1_2497
FLUB|CP047121.1_2497	LH500|CP044119.1_2298
FLUB|CP047121.1_2497	DSM20176|AZDF01000049.1_6
FLUB|CP047121.1_2497	MGYG|ENA|CABKOL020000104|CABKOL020000104.1_87
FLUB|CP047121.1_2561	FLUB|CP047121.1_2561
FLUB|CP047121.1_2561	LMG07934|CP050262.1_2447
FLUB|CP047121.1_2561	LH500|CP044119.1_2336
FLUB|CP047121.1_2561	MGYG|ENA|CABKOL020000104|CABKOL020000104.1_23
FLUB|CP047121.1_2561	DSM20176|AZDF01000011.1_33
FLUB|CP047121.1_2593	FLUB|CP047121.1_2593
FLUB|CP047121.1_2593	LMG07934|CP050262.1_2480
FLUB|CP047121.1_2593	LH500|CP044119.1_2367
FLUB|CP047121.1_2593	MGYG|ENA|CABKOL020000106|CABKOL020000106.1_9
FLUB|CP047121.1_2593	DSM20176|AZDF01000021.1_9
FLUB|CP047121.1_2785	FLUB|CP047121.1_2785
FLUB|CP047121.1_2785	LMG07934|CP050262.1_2634
FLUB|CP047121.1_2785	DSM20176|AZDF01000034.1_13
FLUB|CP047121.1_2785	MGYG|ENA|CABKOL020000106|CABKOL020000106.1_198
FLUB|CP047121.1_2785	LH500|CP044119.1_2509
FLUB|CP047121.1_2817	FLUB|CP047121.1_2817
FLUB|CP047121.1_2817	LMG07934|CP050262.1_2667
FLUB|CP047121.1_2817	DSM20176|AZDF01000028.1_12
FLUB|CP047121.1_2817	LH500|CP044119.1_2539
FLUB|CP047121.1_2817	MGYG|ENA|CABKOL020000106|CABKOL020000106.1_230
FLUB|CP047121.1_2849	FLUB|CP047121.1_2849
FLUB|CP047121.1_2849	LMG07934|CP050262.1_2701
FLUB|CP047121.1_2849	DSM20176|AZDF01000024.1_18
FLUB|CP047121.1_2849	MGYG|ENA|CABKOL020000106|CABKOL020000106.1_262
FLUB|CP047121.1_2849	LH500|CP044119.1_2574
FLUB|CP047122.1_20	FLUB|CP047122.1_20
FLUB|CP047123.1_4	FLUB|CP047123.1_4
FLUB|CP047123.1_36	FLUB|CP047123.1_36
FLUB|CP047124.1_29	FLUB|CP047124.1_29
LMG07934|CP050262.1_10	LMG07934|CP050262.1_10
LMG07934|CP050262.1_10	FLUB|CP047121.1_10
LMG07934|CP050262.1_10	MGYG|ENA|CABKOL020000106|CABKOL020000106.1_284
LMG07934|CP050262.1_10	DSM20176|AZDF01000006.1_111
LMG07934|CP050262.1_10	LH500|CP044119.1_11
LMG07934|CP050262.1_42	LMG07934|CP050262.1_42
LMG07934|CP050262.1_106	LMG07934|CP050262.1_106
LMG07934|CP050262.1_106	DSM20176|AZDF01000040.1_8
LMG07934|CP050262.1_106	LH500|CP044119.1_131
LMG07934|CP050262.1_106	FLUB|CP047121.1_118
LMG07934|CP050262.1_106	MGYG|ENA|CABKOL020000106|CABKOL020000106.1_393
LMG07934|CP050262.1_138	LMG07934|CP050262.1_138
LMG07934|CP050262.1_138	LH500|CP044119.1_159
LMG07934|CP050262.1_138	FLUB|CP047121.1_151
LMG07934|CP050262.1_138	DSM20176|AZDF01000007.1_101
LMG07934|CP050262.1_138	MGYG|ENA|CABKOL020000106|CABKOL020000106.1_425
LMG07934|CP050262.1_170	LMG07934|CP050262.1_170
LMG07934|CP050262.1_170	LH500|CP044119.1_190
LMG07934|CP050262.1_170	FLUB|CP047121.1_182
LMG07934|CP050262.1_170	MGYG|ENA|CABKOL020000106|CABKOL020000106.1_457
LMG07934|CP050262.1_170	DSM20176|AZDF01000007.1_70
LMG07934|CP050262.1_202	LMG07934|CP050262.1_202
LMG07934|CP050262.1_202	MGYG|ENA|CABKOL020000106|CABKOL020000106.1_500
LMG07934|CP050262.1_202	LH500|CP044119.1_222
LMG07934|CP050262.1_202	DSM20176|AZDF01000007.1_38
LMG07934|CP050262.1_202	FLUB|CP047121.1_224
LMG07934|CP050262.1_234	LMG07934|CP050262.1_234
LMG07934|CP050262.1_234	FLUB|CP047121.1_258
LMG07934|CP050262.1_234	MGYG|ENA|CABKOL020000106|CABKOL020000106.1_534
LMG07934|CP050262.1_234	LH500|CP044119.1_255
LMG07934|CP050262.1_234	DSM20176|AZDF01000007.1_5
LMG07934|CP050262.1_266	LMG07934|CP050262.1_266
LMG07934|CP050262.1_266	DSM20176|AZDF01000019.1_14
LMG07934|CP050262.1_266	LH500|CP044119.1_285
LMG07934|CP050262.1_298	LMG07934|CP050262.1_298
LMG07934|CP050262.1_298	MGYG|ENA|CABKOL020000106|CABKOL020000106.1_587
LMG07934|CP050262.1_298	LH500|CP044119.1_322
LMG07934|CP050262.1_298	FLUB|CP047121.1_310
LMG07934|CP050262.1_298	DSM20176|AZDF01000041.1_10
LMG07934|CP050262.1_362	LMG07934|CP050262.1_362
LMG07934|CP050262.1_362	LH500|CP044119.1_392
LMG07934|CP050262.1_362	DSM20176|AZDF01000003.1_127
LMG07934|CP050262.1_362	MGYG|ENA|CABKOL020000106|CABKOL020000106.1_678
LMG07934|CP050262.1_362	FLUB|CP047121.1_402
LMG07934|CP050262.1_458	LMG07934|CP050262.1_458
LMG07934|CP050262.1_458	FLUB|CP047121.1_493
LMG07934|CP050262.1_458	LH500|CP044119.1_484
LMG07934|CP050262.1_458	MGYG|ENA|CABKOL020000106|CABKOL020000106.1_769
LMG07934|CP050262.1_458	DSM20176|AZDF01000003.1_36
LMG07934|CP050262.1_490	LMG07934|CP050262.1_490
LMG07934|CP050262.1_490	FLUB|CP047121.1_526
LMG07934|CP050262.1_490	LH500|CP044119.1_516
LMG07934|CP050262.1_490	MGYG|ENA|CABKOL020000106|CABKOL020000106.1_800
LMG07934|CP050262.1_490	DSM20176|AZDF01000003.1_5
LMG07934|CP050262.1_522	LMG07934|CP050262.1_522
LMG07934|CP050262.1_522	DSM20176|AZDF01000010.1_26
LMG07934|CP050262.1_522	FLUB|CP047121.1_624
LMG07934|CP050262.1_522	LH500|CP044119.1_546
LMG07934|CP050262.1_522	MGYG|ENA|CABKOL020000106|CABKOL020000106.1_833
LMG07934|CP050262.1_554	LMG07934|CP050262.1_554
LMG07934|CP050262.1_554	DSM20176|AZDF01000010.1_57
LMG07934|CP050262.1_554	LH500|CP044119.1_577
LMG07934|CP050262.1_554	FLUB|CP047121.1_658
LMG07934|CP050262.1_554	MGYG|ENA|CABKOL020000106|CABKOL020000106.1_869
LMG07934|CP050262.1_650	LMG07934|CP050262.1_650
LMG07934|CP050262.1_874	LMG07934|CP050262.1_874
LMG07934|CP050262.1_874	FLUB|CP047121.1_1064
LMG07934|CP050262.1_874	MGYG|ENA|CABKOL020000106|CABKOL020000106.1_1284
LMG07934|CP050262.1_874	DSM20176|AZDF01000030.1_2
LMG07934|CP050262.1_874	LH500|CP044119.1_848
LMG07934|CP050262.1_938	LMG07934|CP050262.1_938
LMG07934|CP050262.1_938	DSM20176|AZDF01000005.1_77
LMG07934|CP050262.1_938	FLUB|CP047121.1_1129
LMG07934|CP050262.1_938	MGYG|ENA|CABKOL020000095|CABKOL020000095.1_36
LMG07934|CP050262.1_938	LH500|CP044119.1_911
LMG07934|CP050262.1_970	LMG07934|CP050262.1_970
LMG07934|CP050262.1_970	DSM20176|AZDF01000005.1_45
LMG07934|CP050262.1_970	FLUB|CP047121.1_1161
LMG07934|CP050262.1_970	MGYG|ENA|CABKOL020000095|CABKOL020000095.1_69
LMG07934|CP050262.1_970	LH500|CP044119.1_943
LMG07934|CP050262.1_1002	LMG07934|CP050262.1_1002
LMG07934|CP050262.1_1002	DSM20176|AZDF01000005.1_13
LMG07934|CP050262.1_1002	FLUB|CP047121.1_1193
LMG07934|CP050262.1_1002	MGYG|ENA|CABKOL020000095|CABKOL020000095.1_101
LMG07934|CP050262.1_1002	LH500|CP044119.1_975
LMG07934|CP050262.1_1098	LMG07934|CP050262.1_1098
LMG07934|CP050262.1_1098	LH500|CP044119.1_1075
LMG07934|CP050262.1_1098	FLUB|CP047121.1_1290
LMG07934|CP050262.1_1098	DSM20176|AZDF01000002.1_139
LMG07934|CP050262.1_1098	MGYG|ENA|CABKOL020000102|CABKOL020000102.1_85
LMG07934|CP050262.1_1130	LMG07934|CP050262.1_1130
LMG07934|CP050262.1_1130	LH500|CP044119.1_1107
LMG07934|CP050262.1_1130	FLUB|CP047121.1_1322
LMG07934|CP050262.1_1130	DSM20176|AZDF01000002.1_107
LMG07934|CP050262.1_1130	MGYG|ENA|CABKOL020000102|CABKOL020000102.1_117
LMG07934|CP050262.1_1162	LMG07934|CP050262.1_1162
LMG07934|CP050262.1_1162	MGYG|ENA|CABKOL020000102|CABKOL020000102.1_150
LMG07934|CP050262.1_1162	LH500|CP044119.1_1140
LMG07934|CP050262.1_1162	FLUB|CP047121.1_1355
LMG07934|CP050262.1_1162	DSM20176|AZDF01000002.1_74
LMG07934|CP050262.1_1258	LMG07934|CP050262.1_1258
LMG07934|CP050262.1_1290	LMG07934|CP050262.1_1290
LMG07934|CP050262.1_1354	LMG07934|CP050262.1_1354
LMG07934|CP050262.1_1354	MGYG|ENA|CABKOL020000102|CABKOL020000102.1_264
LMG07934|CP050262.1_1354	DSM20176|AZDF01000018.1_33
LMG07934|CP050262.1_1354	FLUB|CP047121.1_1467
LMG07934|CP050262.1_1354	LH500|CP044119.1_1261
LMG07934|CP050262.1_1386	LMG07934|CP050262.1_1386
LMG07934|CP050262.1_1386	MGYG|ENA|CABKOL020000102|CABKOL020000102.1_296
LMG07934|CP050262.1_1386	DSM20176|AZDF01000013.1_30
LMG07934|CP050262.1_1386	FLUB|CP047121.1_1499
LMG07934|CP050262.1_1386	LH500|CP044119.1_1293
LMG07934|CP050262.1_1418	LMG07934|CP050262.1_1418
LMG07934|CP050262.1_1418	MGYG|ENA|CABKOL020000102|CABKOL020000102.1_327
LMG07934|CP050262.1_1418	DSM20176|AZDF01000038.1_16
LMG07934|CP050262.1_1418	FLUB|CP047121.1_1530
LMG07934|CP050262.1_1418	LH500|CP044119.1_1326
LMG07934|CP050262.1_1450	LMG07934|CP050262.1_1450
LMG07934|CP050262.1_1450	MGYG|ENA|CABKOL020000102|CABKOL020000102.1_358
LMG07934|CP050262.1_1450	FLUB|CP047121.1_1561
LMG07934|CP050262.1_1450	DSM20176|AZDF01000008.1_67
LMG07934|CP050262.1_1450	LH500|CP044119.1_1359
LMG07934|CP050262.1_1482	LMG07934|CP050262.1_1482
LMG07934|CP050262.1_1482	MGYG|ENA|CABKOL020000102|CABKOL020000102.1_394
LMG07934|CP050262.1_1482	FLUB|CP047121.1_1597
LMG07934|CP050262.1_1482	DSM20176|AZDF01000008.1_34
LMG07934|CP050262.1_1482	LH500|CP044119.1_1392
LMG07934|CP050262.1_1514	LMG07934|CP050262.1_1514
LMG07934|CP050262.1_1514	MGYG|ENA|CABKOL020000102|CABKOL020000102.1_426
LMG07934|CP050262.1_1514	FLUB|CP047121.1_1629
LMG07934|CP050262.1_1514	DSM20176|AZDF01000008.1_2
LMG07934|CP050262.1_1514	LH500|CP044119.1_1424
LMG07934|CP050262.1_1546	LMG07934|CP050262.1_1546
LMG07934|CP050262.1_1546	LH500|CP044119.1_1457
LMG07934|CP050262.1_1546	DSM20176|AZDF01000004.1_93
LMG07934|CP050262.1_1546	MGYG|ENA|CABKOL020000102|CABKOL020000102.1_458
LMG07934|CP050262.1_1546	FLUB|CP047121.1_1661
LMG07934|CP050262.1_1578	LMG07934|CP050262.1_1578
LMG07934|CP050262.1_1578	DSM20176|AZDF01000004.1_60
LMG07934|CP050262.1_1578	LH500|CP044119.1_1490
LMG07934|CP050262.1_1578	MGYG|ENA|CABKOL020000102|CABKOL020000102.1_490
LMG07934|CP050262.1_1578	FLUB|CP047121.1_1693
LMG07934|CP050262.1_1610	LMG07934|CP050262.1_1610
LMG07934|CP050262.1_1610	DSM20176|AZDF01000004.1_28
LMG07934|CP050262.1_1610	LH500|CP044119.1_1522
LMG07934|CP050262.1_1610	MGYG|ENA|CABKOL020000102|CABKOL020000102.1_522
LMG07934|CP050262.1_1610	FLUB|CP047121.1_1725
LMG07934|CP050262.1_1642	LMG07934|CP050262.1_1642
LMG07934|CP050262.1_1642	LH500|CP044119.1_1554
LMG07934|CP050262.1_1642	MGYG|ENA|CABKOL020000102|CABKOL020000102.1_554
LMG07934|CP050262.1_1642	DSM20176|AZDF01000017.1_38
LMG07934|CP050262.1_1642	FLUB|CP047121.1_1757
LMG07934|CP050262.1_1674	LMG07934|CP050262.1_1674
LMG07934|CP050262.1_1674	LH500|CP044119.1_1585
LMG07934|CP050262.1_1674	MGYG|ENA|CABKOL020000102|CABKOL020000102.1_586
LMG07934|CP050262.1_1674	DSM20176|AZDF01000017.1_7
LMG07934|CP050262.1_1674	FLUB|CP047121.1_1789
LMG07934|CP050262.1_1706	LMG07934|CP050262.1_1706
LMG07934|CP050262.1_1706	LH500|CP044119.1_1617
LMG07934|CP050262.1_1706	MGYG|ENA|CABKOL020000102|CABKOL020000102.1_618
LMG07934|CP050262.1_1706	DSM20176|AZDF01000025.1_25
LMG07934|CP050262.1_1706	FLUB|CP047121.1_1821
LMG07934|CP050262.1_1738	LMG07934|CP050262.1_1738
LMG07934|CP050262.1_1738	LH500|CP044119.1_1652
LMG07934|CP050262.1_1738	MGYG|ENA|CABKOL020000102|CABKOL020000102.1_651
LMG07934|CP050262.1_1738	DSM20176|AZDF01000023.1_27
LMG07934|CP050262.1_1738	FLUB|CP047121.1_1855
LMG07934|CP050262.1_1770	LMG07934|CP050262.1_1770
LMG07934|CP050262.1_1770	LH500|CP044119.1_1713
LMG07934|CP050262.1_1770	DSM20176|AZDF01000014.1_30
LMG07934|CP050262.1_1770	MGYG|ENA|CABKOL020000102|CABKOL020000102.1_683
LMG07934|CP050262.1_1770	FLUB|CP047121.1_1886
LMG07934|CP050262.1_1834	LMG07934|CP050262.1_1834
LMG07934|CP050262.1_1834	DSM20176|AZDF01000012.1_41
LMG07934|CP050262.1_1834	FLUB|CP047121.1_2008
LMG07934|CP050262.1_1834	MGYG|ENA|CABKOL020000099|CABKOL020000099.1_26
LMG07934|CP050262.1_1834	LH500|CP044119.1_1776
LMG07934|CP050262.1_1866	LMG07934|CP050262.1_1866
LMG07934|CP050262.1_1866	MGYG|ENA|CABKOL020000104|CABKOL020000104.1_542
LMG07934|CP050262.1_1866	LH500|CP044119.1_1861
LMG07934|CP050262.1_1866	FLUB|CP047121.1_2043
LMG07934|CP050262.1_1866	DSM20176|AZDF01000001.1_9
LMG07934|CP050262.1_1898	LMG07934|CP050262.1_1898
LMG07934|CP050262.1_1898	MGYG|ENA|CABKOL020000104|CABKOL020000104.1_509
LMG07934|CP050262.1_1898	LH500|CP044119.1_1895
LMG07934|CP050262.1_1898	FLUB|CP047121.1_2076
LMG07934|CP050262.1_1898	DSM20176|AZDF01000001.1_41
LMG07934|CP050262.1_1930	LMG07934|CP050262.1_1930
LMG07934|CP050262.1_1930	MGYG|ENA|CABKOL020000104|CABKOL020000104.1_477
LMG07934|CP050262.1_1930	LH500|CP044119.1_1927
LMG07934|CP050262.1_1930	FLUB|CP047121.1_2108
LMG07934|CP050262.1_1930	DSM20176|AZDF01000001.1_73
LMG07934|CP050262.1_1994	LMG07934|CP050262.1_1994
LMG07934|CP050262.1_1994	MGYG|ENA|CABKOL020000104|CABKOL020000104.1_413
LMG07934|CP050262.1_1994	LH500|CP044119.1_1991
LMG07934|CP050262.1_1994	FLUB|CP047121.1_2172
LMG07934|CP050262.1_1994	DSM20176|AZDF01000001.1_137
LMG07934|CP050262.1_2026	LMG07934|CP050262.1_2026
LMG07934|CP050262.1_2026	MGYG|ENA|CABKOL020000104|CABKOL020000104.1_381
LMG07934|CP050262.1_2026	LH500|CP044119.1_2023
LMG07934|CP050262.1_2026	FLUB|CP047121.1_2204
LMG07934|CP050262.1_2026	DSM20176|AZDF01000001.1_169
LMG07934|CP050262.1_2058	LMG07934|CP050262.1_2058
LMG07934|CP050262.1_2058	LH500|CP044119.1_2055
LMG07934|CP050262.1_2058	DSM20176|AZDF01000001.1_200
LMG07934|CP050262.1_2058	FLUB|CP047121.1_2240
LMG07934|CP050262.1_2058	MGYG|ENA|CABKOL020000104|CABKOL020000104.1_345
LMG07934|CP050262.1_2154	LMG07934|CP050262.1_2154
LMG07934|CP050262.1_2154	FLUB|CP047121.1_2345
LMG07934|CP050262.1_2154	MGYG|ENA|CABKOL020000104|CABKOL020000104.1_240
LMG07934|CP050262.1_2186	LMG07934|CP050262.1_2186
LMG07934|CP050262.1_2186	FLUB|CP047121.1_2376
LMG07934|CP050262.1_2186	DSM20176|AZDF01000033.1_26
LMG07934|CP050262.1_2186	LH500|CP044119.1_2085
LMG07934|CP050262.1_2186	MGYG|ENA|CABKOL020000104|CABKOL020000104.1_209
LMG07934|CP050262.1_2218	LMG07934|CP050262.1_2218
LMG07934|CP050262.1_2218	FLUB|CP047121.1_2407
LMG07934|CP050262.1_2218	LH500|CP044119.1_2120
LMG07934|CP050262.1_2218	MGYG|ENA|CABKOL020000104|CABKOL020000104.1_177
LMG07934|CP050262.1_2218	DSM20176|AZDF01000032.1_9
LMG07934|CP050262.1_2250	LMG07934|CP050262.1_2250
LMG07934|CP050262.1_2250	FLUB|CP047121.1_2438
LMG07934|CP050262.1_2250	MGYG|ENA|CABKOL020000104|CABKOL020000104.1_145
LMG07934|CP050262.1_2250	LH500|CP044119.1_2155
LMG07934|CP050262.1_2250	DSM20176|AZDF01000020.1_12
LMG07934|CP050262.1_2314	LMG07934|CP050262.1_2314
LMG07934|CP050262.1_2314	DSM20176|AZDF01000009.1_56
LMG07934|CP050262.1_2314	LH500|CP044119.1_2221
LMG07934|CP050262.1_2346	LMG07934|CP050262.1_2346
LMG07934|CP050262.1_2346	DSM20176|AZDF01000009.1_26
LMG07934|CP050262.1_2346	LH500|CP044119.1_2251
LMG07934|CP050262.1_2378	LMG07934|CP050262.1_2378
LMG07934|CP050262.1_2474	LMG07934|CP050262.1_2474
LMG07934|CP050262.1_2474	LH500|CP044119.1_2362
LMG07934|CP050262.1_2474	MGYG|ENA|CABKOL020000106|CABKOL020000106.1_4
LMG07934|CP050262.1_2474	DSM20176|AZDF01000021.1_4
LMG07934|CP050262.1_2474	FLUB|CP047121.1_2588
LMG07934|CP050262.1_2506	LMG07934|CP050262.1_2506
LMG07934|CP050262.1_2698	LMG07934|CP050262.1_2698
LMG07934|CP050262.1_2698	DSM20176|AZDF01000024.1_15
LMG07934|CP050262.1_2698	MGYG|ENA|CABKOL020000106|CABKOL020000106.1_259
LMG07934|CP050262.1_2698	LH500|CP044119.1_2571
LMG07934|CP050262.1_2698	FLUB|CP047121.1_2846
LH500|CP044119.1_49	LH500|CP044119.1_49
LH500|CP044119.1_49	MGYG|ENA|CABKOL020000106|CABKOL020000106.1_305
LH500|CP044119.1_49	DSM20176|AZDF01000006.1_74
LH500|CP044119.1_49	LMG07934|CP050262.1_31
LH500|CP044119.1_49	FLUB|CP047121.1_31
LH500|CP044119.1_113	LH500|CP044119.1_113
LH500|CP044119.1_113	FLUB|CP047121.1_103
LH500|CP044119.1_113	MGYG|ENA|CABKOL020000106|CABKOL020000106.1_378
LH500|CP044119.1_113	DSM20176|AZDF01000006.1_10
LH500|CP044119.1_113	LMG07934|CP050262.1_94
LH500|CP044119.1_145	LH500|CP044119.1_145
LH500|CP044119.1_145	LH500|CP044119.1_1333
LH500|CP044119.1_145	LH500|CP044119.1_343
LH500|CP044119.1_145	LMG07934|CP050262.1_2518
LH500|CP044119.1_145	LH500|CP044119.1_1310
LH500|CP044119.1_145	DSM20176|AZDF01000081.1_1
LH500|CP044119.1_145	LH500|CP044119.1_1344
LH500|CP044119.1_145	LH500|CP044119.1_679
LH500|CP044119.1_145	LH500|CP044119.1_846
LH500|CP044119.1_177	LH500|CP044119.1_177
LH500|CP044119.1_177	FLUB|CP047121.1_169
LH500|CP044119.1_177	DSM20176|AZDF01000007.1_83
LH500|CP044119.1_177	MGYG|ENA|CABKOL020000106|CABKOL020000106.1_443
LH500|CP044119.1_177	LMG07934|CP050262.1_156
LH500|CP044119.1_241	LH500|CP044119.1_241
LH500|CP044119.1_241	DSM20176|AZDF01000007.1_19
LH500|CP044119.1_241	FLUB|CP047121.1_242
LH500|CP044119.1_241	LMG07934|CP050262.1_220
LH500|CP044119.1_241	MGYG|ENA|CABKOL020000106|CABKOL020000106.1_518
LH500|CP044119.1_305	LH500|CP044119.1_305
LH500|CP044119.1_305	LMG07934|CP050262.1_284
LH500|CP044119.1_305	DSM20176|AZDF01000019.1_33
LH500|CP044119.1_337	LH500|CP044119.1_337
LH500|CP044119.1_337	DSM20176|AZDF01000036.1_6
LH500|CP044119.1_337	FLUB|CP047121.1_324
LH500|CP044119.1_337	LMG07934|CP050262.1_311
LH500|CP044119.1_337	MGYG|ENA|CABKOL020000106|CABKOL020000106.1_601
LH500|CP044119.1_369	LH500|CP044119.1_369
LH500|CP044119.1_369	LMG07934|CP050262.1_341
LH500|CP044119.1_369	FLUB|CP047121.1_371
LH500|CP044119.1_369	MGYG|ENA|CABKOL020000106|CABKOL020000106.1_647
LH500|CP044119.1_369	DSM20176|AZDF01000029.1_1
LH500|CP044119.1_401	LH500|CP044119.1_401
LH500|CP044119.1_401	MGYG|ENA|CABKOL020000106|CABKOL020000106.1_687
LH500|CP044119.1_401	DSM20176|AZDF01000003.1_118
LH500|CP044119.1_401	LMG07934|CP050262.1_375
LH500|CP044119.1_401	FLUB|CP047121.1_411
LH500|CP044119.1_433	LH500|CP044119.1_433
LH500|CP044119.1_433	MGYG|ENA|CABKOL020000106|CABKOL020000106.1_718
LH500|CP044119.1_433	DSM20176|AZDF01000003.1_87
LH500|CP044119.1_433	LMG07934|CP050262.1_409
LH500|CP044119.1_433	FLUB|CP047121.1_442
LH500|CP044119.1_497	LH500|CP044119.1_497
LH500|CP044119.1_497	MGYG|ENA|CABKOL020000106|CABKOL020000106.1_782
LH500|CP044119.1_497	DSM20176|AZDF01000003.1_23
LH500|CP044119.1_497	FLUB|CP047121.1_507
LH500|CP044119.1_529	LH500|CP044119.1_529
LH500|CP044119.1_529	MGYG|ENA|CABKOL020000106|CABKOL020000106.1_815
LH500|CP044119.1_529	LMG07934|CP050262.1_503
LH500|CP044119.1_529	DSM20176|AZDF01000010.1_9
LH500|CP044119.1_529	FLUB|CP047121.1_540
LH500|CP044119.1_561	LH500|CP044119.1_561
LH500|CP044119.1_561	MGYG|ENA|CABKOL020000106|CABKOL020000106.1_851
LH500|CP044119.1_561	LMG07934|CP050262.1_537
LH500|CP044119.1_561	DSM20176|AZDF01000010.1_41
LH500|CP044119.1_561	FLUB|CP047121.1_640
LH500|CP044119.1_625	LH500|CP044119.1_625
LH500|CP044119.1_625	LH500|CP044119.1_1811
LH500|CP044119.1_625	LH500|CP044119.1_604
LH500|CP044119.1_625	LMG07934|CP050262.1_2360
LH500|CP044119.1_625	LH500|CP044119.1_737
LH500|CP044119.1_625	LMG07934|CP050262.1_1275
LH500|CP044119.1_625	LH500|CP044119.1_1220
LH500|CP044119.1_625	LH500|CP044119.1_741
LH500|CP044119.1_625	LMG07934|CP050262.1_2112
LH500|CP044119.1_625	MGYG|ENA|CABKOL020000082|CABKOL020000082.1_2
LH500|CP044119.1_625	LH500|CP044119.1_745
LH500|CP044119.1_625	LH500|CP044119.1_1677
LH500|CP044119.1_625	LH500|CP044119.1_590
LH500|CP044119.1_657	LH500|CP044119.1_657
LH500|CP044119.1_657	MGYG|ENA|CABKOL020000106|CABKOL020000106.1_1069
LH500|CP044119.1_657	LMG07934|CP050262.1_696
LH500|CP044119.1_657	DSM20176|AZDF01000051.1_6
LH500|CP044119.1_657	FLUB|CP047121.1_855
LH500|CP044119.1_689	LH500|CP044119.1_689
LH500|CP044119.1_689	MGYG|ENA|CABKOL020000106|CABKOL020000106.1_1102
LH500|CP044119.1_689	DSM20176|AZDF01000027.1_4
LH500|CP044119.1_689	LMG07934|CP050262.1_725
LH500|CP044119.1_689	FLUB|CP047121.1_887
LH500|CP044119.1_721	LH500|CP044119.1_721
LH500|CP044119.1_721	LMG07934|CP050262.1_755
LH500|CP044119.1_721	DSM20176|AZDF01000054.1_6
LH500|CP044119.1_753	LH500|CP044119.1_753
LH500|CP044119.1_753	LMG07934|CP050262.1_778
LH500|CP044119.1_753	MGYG|ENA|CABKOL020000106|CABKOL020000106.1_1171
LH500|CP044119.1_753	FLUB|CP047121.1_954
LH500|CP044119.1_753	DSM20176|AZDF01000031.1_5
LH500|CP044119.1_785	LH500|CP044119.1_785
LH500|CP044119.1_785	LMG07934|CP050262.1_810
LH500|CP044119.1_785	MGYG|ENA|CABKOL020000106|CABKOL020000106.1_1201
LH500|CP044119.1_785	DSM20176|AZDF01000016.1_42
LH500|CP044119.1_785	FLUB|CP047121.1_984
LH500|CP044119.1_817	LH500|CP044119.1_817
LH500|CP044119.1_817	LMG07934|CP050262.1_843
LH500|CP044119.1_817	DSM20176|AZDF01000016.1_9
LH500|CP044119.1_849	LH500|CP044119.1_849
LH500|CP044119.1_849	LMG07934|CP050262.1_876
LH500|CP044119.1_849	DSM20176|AZDF01000030.1_3
LH500|CP044119.1_881	LH500|CP044119.1_881
LH500|CP044119.1_881	DSM20176|AZDF01000005.1_107
LH500|CP044119.1_881	LMG07934|CP050262.1_908
LH500|CP044119.1_881	FLUB|CP047121.1_1098
LH500|CP044119.1_881	MGYG|ENA|CABKOL020000095|CABKOL020000095.1_6
LH500|CP044119.1_913	LH500|CP044119.1_913
LH500|CP044119.1_913	DSM20176|AZDF01000005.1_75
LH500|CP044119.1_913	LMG07934|CP050262.1_940
LH500|CP044119.1_913	FLUB|CP047121.1_1131
LH500|CP044119.1_913	MGYG|ENA|CABKOL020000095|CABKOL020000095.1_38
LH500|CP044119.1_945	LH500|CP044119.1_945
LH500|CP044119.1_945	DSM20176|AZDF01000005.1_43
LH500|CP044119.1_945	LMG07934|CP050262.1_972
LH500|CP044119.1_945	FLUB|CP047121.1_1163
LH500|CP044119.1_945	MGYG|ENA|CABKOL020000095|CABKOL020000095.1_71
LH500|CP044119.1_977	LH500|CP044119.1_977
LH500|CP044119.1_977	DSM20176|AZDF01000005.1_11
LH500|CP044119.1_977	LMG07934|CP050262.1_1004
LH500|CP044119.1_977	FLUB|CP047121.1_1195
LH500|CP044119.1_977	MGYG|ENA|CABKOL020000095|CABKOL020000095.1_103
LH500|CP044119.1_1009	LH500|CP044119.1_1009
LH500|CP044119.1_1009	FLUB|CP047121.1_1221
LH500|CP044119.1_1009	DSM20176|AZDF01000002.1_205
LH500|CP044119.1_1009	MGYG|ENA|CABKOL020000102|CABKOL020000102.1_15
LH500|CP044119.1_1009	LMG07934|CP050262.1_1030
LH500|CP044119.1_1041	LH500|CP044119.1_1041
LH500|CP044119.1_1041	FLUB|CP047121.1_1254
LH500|CP044119.1_1041	DSM20176|AZDF01000002.1_173
LH500|CP044119.1_1041	MGYG|ENA|CABKOL020000102|CABKOL020000102.1_48
LH500|CP044119.1_1041	LMG07934|CP050262.1_1062
LH500|CP044119.1_1073	LH500|CP044119.1_1073
LH500|CP044119.1_1073	FLUB|CP047121.1_1288
LH500|CP044119.1_1073	DSM20176|AZDF01000002.1_141
LH500|CP044119.1_1073	MGYG|ENA|CABKOL020000102|CABKOL020000102.1_83
LH500|CP044119.1_1073	LMG07934|CP050262.1_1096
LH500|CP044119.1_1105	LH500|CP044119.1_1105
LH500|CP044119.1_1105	FLUB|CP047121.1_1320
LH500|CP044119.1_1105	DSM20176|AZDF01000002.1_109
LH500|CP044119.1_1105	MGYG|ENA|CABKOL020000102|CABKOL020000102.1_115
LH500|CP044119.1_1105	LMG07934|CP050262.1_1128
LH500|CP044119.1_1137	LH500|CP044119.1_1137
LH500|CP044119.1_1137	FLUB|CP047121.1_1352
LH500|CP044119.1_1137	DSM20176|AZDF01000002.1_77
LH500|CP044119.1_1137	LMG07934|CP050262.1_1159
LH500|CP044119.1_1137	MGYG|ENA|CABKOL020000102|CABKOL020000102.1_147
LH500|CP044119.1_1169	LH500|CP044119.1_1169
LH500|CP044119.1_1169	FLUB|CP047121.1_1386
LH500|CP044119.1_1169	DSM20176|AZDF01000002.1_45
LH500|CP044119.1_1169	LMG07934|CP050262.1_1191
LH500|CP044119.1_1169	MGYG|ENA|CABKOL020000102|CABKOL020000102.1_181
LH500|CP044119.1_1201	LH500|CP044119.1_1201
LH500|CP044119.1_1201	DSM20176|AZDF01000002.1_14
LH500|CP044119.1_1201	LMG07934|CP050262.1_1223
LH500|CP044119.1_1201	MGYG|ENA|CABKOL020000102|CABKOL020000102.1_213
LH500|CP044119.1_1201	FLUB|CP047121.1_1417
LH500|CP044119.1_1233	LH500|CP044119.1_1233
LH500|CP044119.1_1233	LMG07934|CP050262.1_1326
LH500|CP044119.1_1233	MGYG|ENA|CABKOL020000102|CABKOL020000102.1_236
LH500|CP044119.1_1233	DSM20176|AZDF01000018.1_5
LH500|CP044119.1_1233	FLUB|CP047121.1_1439
LH500|CP044119.1_1265	LH500|CP044119.1_1265
LH500|CP044119.1_1265	LMG07934|CP050262.1_1358
LH500|CP044119.1_1265	MGYG|ENA|CABKOL020000102|CABKOL020000102.1_268
LH500|CP044119.1_1265	DSM20176|AZDF01000013.1_2
LH500|CP044119.1_1265	FLUB|CP047121.1_1471
LH500|CP044119.1_1297	LH500|CP044119.1_1297
LH500|CP044119.1_1297	LMG07934|CP050262.1_1390
LH500|CP044119.1_1297	MGYG|ENA|CABKOL020000102|CABKOL020000102.1_300
LH500|CP044119.1_1297	DSM20176|AZDF01000013.1_34
LH500|CP044119.1_1297	FLUB|CP047121.1_1503
LH500|CP044119.1_1361	LH500|CP044119.1_1361
LH500|CP044119.1_1361	LMG07934|CP050262.1_1452
LH500|CP044119.1_1361	MGYG|ENA|CABKOL020000102|CABKOL020000102.1_360
LH500|CP044119.1_1361	FLUB|CP047121.1_1563
LH500|CP044119.1_1361	DSM20176|AZDF01000008.1_65
LH500|CP044119.1_1393	LH500|CP044119.1_1393
LH500|CP044119.1_1393	LMG07934|CP050262.1_1483
LH500|CP044119.1_1393	MGYG|ENA|CABKOL020000102|CABKOL020000102.1_395
LH500|CP044119.1_1393	DSM20176|AZDF01000008.1_33
LH500|CP044119.1_1393	FLUB|CP047121.1_1598
LH500|CP044119.1_1425	LH500|CP044119.1_1425
LH500|CP044119.1_1425	LMG07934|CP050262.1_1515
LH500|CP044119.1_1425	DSM20176|AZDF01000008.1_1
LH500|CP044119.1_1489	LH500|CP044119.1_1489
LH500|CP044119.1_1489	DSM20176|AZDF01000004.1_61
LH500|CP044119.1_1489	MGYG|ENA|CABKOL020000102|CABKOL020000102.1_489
LH500|CP044119.1_1489	FLUB|CP047121.1_1692
LH500|CP044119.1_1489	LMG07934|CP050262.1_1577
LH500|CP044119.1_1521	LH500|CP044119.1_1521
LH500|CP044119.1_1521	DSM20176|AZDF01000004.1_29
LH500|CP044119.1_1521	MGYG|ENA|CABKOL020000102|CABKOL020000102.1_521
LH500|CP044119.1_1521	FLUB|CP047121.1_1724
LH500|CP044119.1_1521	LMG07934|CP050262.1_1609
LH500|CP044119.1_1553	LH500|CP044119.1_1553
LH500|CP044119.1_1553	MGYG|ENA|CABKOL020000102|CABKOL020000102.1_553
LH500|CP044119.1_1553	DSM20176|AZDF01000017.1_39
LH500|CP044119.1_1553	FLUB|CP047121.1_1756
LH500|CP044119.1_1553	LMG07934|CP050262.1_1641
LH500|CP044119.1_1649	LH500|CP044119.1_1649
LH500|CP044119.1_1649	MGYG|ENA|CABKOL020000102|CABKOL020000102.1_648
LH500|CP044119.1_1649	DSM20176|AZDF01000023.1_24
LH500|CP044119.1_1649	FLUB|CP047121.1_1852
LH500|CP044119.1_1649	LMG07934|CP050262.1_1735
LH500|CP044119.1_1745	LH500|CP044119.1_1745
LH500|CP044119.1_1745	LMG07934|CP050262.1_1803
LH500|CP044119.1_1745	DSM20176|AZDF01000012.1_10
LH500|CP044119.1_1745	FLUB|CP047121.1_1977
LH500|CP044119.1_1745	MGYG|ENA|CABKOL020000099|CABKOL020000099.1_58
LH500|CP044119.1_1777	LH500|CP044119.1_1777
LH500|CP044119.1_1777	LMG07934|CP050262.1_1835
LH500|CP044119.1_1777	DSM20176|AZDF01000012.1_42
LH500|CP044119.1_1777	FLUB|CP047121.1_2009
LH500|CP044119.1_1777	MGYG|ENA|CABKOL020000099|CABKOL020000099.1_25
LH500|CP044119.1_1873	LH500|CP044119.1_1873
LH500|CP044119.1_1905	LH500|CP044119.1_1905
LH500|CP044119.1_1905	FLUB|CP047121.1_2086
LH500|CP044119.1_1905	DSM20176|AZDF01000001.1_51
LH500|CP044119.1_1905	LMG07934|CP050262.1_1908
LH500|CP044119.1_1905	MGYG|ENA|CABKOL020000104|CABKOL020000104.1_499
LH500|CP044119.1_1937	LH500|CP044119.1_1937
LH500|CP044119.1_1937	FLUB|CP047121.1_2118
LH500|CP044119.1_1937	DSM20176|AZDF01000001.1_83
LH500|CP044119.1_1937	LMG07934|CP050262.1_1940
LH500|CP044119.1_1937	MGYG|ENA|CABKOL020000104|CABKOL020000104.1_467
LH500|CP044119.1_1969	LH500|CP044119.1_1969
LH500|CP044119.1_1969	FLUB|CP047121.1_2151
LH500|CP044119.1_1969	DSM20176|AZDF01000001.1_115
LH500|CP044119.1_1969	LMG07934|CP050262.1_1972
LH500|CP044119.1_1969	MGYG|ENA|CABKOL020000104|CABKOL020000104.1_434
LH500|CP044119.1_2033	LH500|CP044119.1_2033
LH500|CP044119.1_2033	FLUB|CP047121.1_2215
LH500|CP044119.1_2033	DSM20176|AZDF01000001.1_179
LH500|CP044119.1_2033	LMG07934|CP050262.1_2036
LH500|CP044119.1_2033	MGYG|ENA|CABKOL020000104|CABKOL020000104.1_370
LH500|CP044119.1_2065	LH500|CP044119.1_2065
LH500|CP044119.1_2065	DSM20176|AZDF01000001.1_210
LH500|CP044119.1_2065	FLUB|CP047121.1_2249
LH500|CP044119.1_2065	LMG07934|CP050262.1_2067
LH500|CP044119.1_2065	MGYG|ENA|CABKOL020000104|CABKOL020000104.1_336
LH500|CP044119.1_2097	LH500|CP044119.1_2097
LH500|CP044119.1_2097	DSM20176|AZDF01000033.1_14
LH500|CP044119.1_2097	LMG07934|CP050262.1_2198
LH500|CP044119.1_2097	MGYG|ENA|CABKOL020000104|CABKOL020000104.1_198
LH500|CP044119.1_2097	FLUB|CP047121.1_2387
LH500|CP044119.1_2129	LH500|CP044119.1_2129
LH500|CP044119.1_2129	DSM20176|AZDF01000032.1_18
LH500|CP044119.1_2129	LMG07934|CP050262.1_2227
LH500|CP044119.1_2129	MGYG|ENA|CABKOL020000104|CABKOL020000104.1_167
LH500|CP044119.1_2129	FLUB|CP047121.1_2416
LH500|CP044119.1_2193	LH500|CP044119.1_2193
LH500|CP044119.1_2193	LMG07934|CP050262.1_2287
LH500|CP044119.1_2193	DSM20176|AZDF01000009.1_84
LH500|CP044119.1_2225	LH500|CP044119.1_2225
LH500|CP044119.1_2225	LMG07934|CP050262.1_2318
LH500|CP044119.1_2225	DSM20176|AZDF01000009.1_52
LH500|CP044119.1_2257	LH500|CP044119.1_2257
LH500|CP044119.1_2257	LMG07934|CP050262.1_2354
LH500|CP044119.1_2257	DSM20176|AZDF01000009.1_20
LH500|CP044119.1_2289	LH500|CP044119.1_2289
LH500|CP044119.1_2321	LH500|CP044119.1_2321
LH500|CP044119.1_2321	MGYG|ENA|CABKOL020000104|CABKOL020000104.1_38
LH500|CP044119.1_2321	DSM20176|AZDF01000011.1_18
LH500|CP044119.1_2321	FLUB|CP047121.1_2546
LH500|CP044119.1_2321	LMG07934|CP050262.1_2432
LH500|CP044119.1_2353	LH500|CP044119.1_2353
LH500|CP044119.1_2353	MGYG|ENA|CABKOL020000104|CABKOL020000104.1_6
LH500|CP044119.1_2353	DSM20176|AZDF01000011.1_50
LH500|CP044119.1_2353	FLUB|CP047121.1_2578
LH500|CP044119.1_2353	LMG07934|CP050262.1_2464
LH500|CP044119.1_2385	LH500|CP044119.1_2385
LH500|CP044119.1_2385	DSM20176|AZDF01000021.1_27
LH500|CP044119.1_2385	LMG07934|CP050262.1_2501
LH500|CP044119.1_2449	LH500|CP044119.1_2449
LH500|CP044119.1_2449	LMG07934|CP050262.1_2571
LH500|CP044119.1_2449	MGYG|ENA|CABKOL020000106|CABKOL020000106.1_134
LH500|CP044119.1_2449	FLUB|CP047121.1_2720
LH500|CP044119.1_2449	DSM20176|AZDF01000015.1_11
LH500|CP044119.1_2481	LH500|CP044119.1_2481
LH500|CP044119.1_2481	LMG07934|CP050262.1_2604
LH500|CP044119.1_2481	DSM20176|AZDF01000022.1_21
LH500|CP044119.1_2577	LH500|CP044119.1_2577
LH500|CP044119.1_2577	FLUB|CP047121.1_2852
LH500|CP044119.1_2577	LMG07934|CP050262.1_2704
LH500|CP044119.1_2577	DSM20176|AZDF01000024.1_21
LH500|CP044119.1_2577	MGYG|ENA|CABKOL020000106|CABKOL020000106.1_265
MGYG|ENA|CABKOL020000030|CABKOL020000030.1_1	MGYG|ENA|CABKOL020000030|CABKOL020000030.1_1
MGYG|ENA|CABKOL020000065|CABKOL020000065.1_1	MGYG|ENA|CABKOL020000065|CABKOL020000065.1_1
MGYG|ENA|CABKOL020000089|CABKOL020000089.1_1	MGYG|ENA|CABKOL020000089|CABKOL020000089.1_1
MGYG|ENA|CABKOL020000089|CABKOL020000089.1_1	FLUB|CP047121.1_1827
MGYG|ENA|CABKOL020000089|CABKOL020000089.1_1	FLUB|CP047121.1_810
MGYG|ENA|CABKOL020000089|CABKOL020000089.1_1	FLUB|CP047121.1_1374
MGYG|ENA|CABKOL020000095|CABKOL020000095.1_20	MGYG|ENA|CABKOL020000095|CABKOL020000095.1_20
MGYG|ENA|CABKOL020000095|CABKOL020000095.1_20	LH500|CP044119.1_895
MGYG|ENA|CABKOL020000095|CABKOL020000095.1_20	LMG07934|CP050262.1_922
MGYG|ENA|CABKOL020000095|CABKOL020000095.1_20	DSM20176|AZDF01000005.1_93
MGYG|ENA|CABKOL020000095|CABKOL020000095.1_20	FLUB|CP047121.1_1113
MGYG|ENA|CABKOL020000095|CABKOL020000095.1_52	MGYG|ENA|CABKOL020000095|CABKOL020000095.1_52
MGYG|ENA|CABKOL020000095|CABKOL020000095.1_52	LH500|CP044119.1_927
MGYG|ENA|CABKOL020000095|CABKOL020000095.1_52	LMG07934|CP050262.1_954
MGYG|ENA|CABKOL020000095|CABKOL020000095.1_52	DSM20176|AZDF01000005.1_61
MGYG|ENA|CABKOL020000095|CABKOL020000095.1_52	FLUB|CP047121.1_1145
MGYG|ENA|CABKOL020000095|CABKOL020000095.1_84	MGYG|ENA|CABKOL020000095|CABKOL020000095.1_84
MGYG|ENA|CABKOL020000095|CABKOL020000095.1_84	LH500|CP044119.1_958
MGYG|ENA|CABKOL020000095|CABKOL020000095.1_84	LMG07934|CP050262.1_985
MGYG|ENA|CABKOL020000095|CABKOL020000095.1_84	DSM20176|AZDF01000005.1_30
MGYG|ENA|CABKOL020000095|CABKOL020000095.1_84	FLUB|CP047121.1_1176
MGYG|ENA|CABKOL020000097|CABKOL020000097.1_1	MGYG|ENA|CABKOL020000097|CABKOL020000097.1_1
MGYG|ENA|CABKOL020000099|CABKOL020000099.1_29	MGYG|ENA|CABKOL020000099|CABKOL020000099.1_29
MGYG|ENA|CABKOL020000099|CABKOL020000099.1_29	DSM20176|AZDF01000012.1_38
MGYG|ENA|CABKOL020000099|CABKOL020000099.1_29	FLUB|CP047121.1_2005
MGYG|ENA|CABKOL020000099|CABKOL020000099.1_29	LH500|CP044119.1_1773
MGYG|ENA|CABKOL020000099|CABKOL020000099.1_29	LMG07934|CP050262.1_1831
MGYG|ENA|CABKOL020000099|CABKOL020000099.1_61	MGYG|ENA|CABKOL020000099|CABKOL020000099.1_61
MGYG|ENA|CABKOL020000099|CABKOL020000099.1_61	DSM20176|AZDF01000012.1_7
MGYG|ENA|CABKOL020000099|CABKOL020000099.1_61	FLUB|CP047121.1_1974
MGYG|ENA|CABKOL020000099|CABKOL020000099.1_61	LH500|CP044119.1_1742
MGYG|ENA|CABKOL020000099|CABKOL020000099.1_61	LMG07934|CP050262.1_1800
MGYG|ENA|CABKOL020000102|CABKOL020000102.1_22	MGYG|ENA|CABKOL020000102|CABKOL020000102.1_22
MGYG|ENA|CABKOL020000102|CABKOL020000102.1_22	LMG07934|CP050262.1_1037
MGYG|ENA|CABKOL020000102|CABKOL020000102.1_22	LH500|CP044119.1_1016
MGYG|ENA|CABKOL020000102|CABKOL020000102.1_22	DSM20176|AZDF01000002.1_198
MGYG|ENA|CABKOL020000102|CABKOL020000102.1_22	FLUB|CP047121.1_1228
MGYG|ENA|CABKOL020000102|CABKOL020000102.1_54	MGYG|ENA|CABKOL020000102|CABKOL020000102.1_54
MGYG|ENA|CABKOL020000102|CABKOL020000102.1_54	LMG07934|CP050262.1_1069
MGYG|ENA|CABKOL020000102|CABKOL020000102.1_54	LH500|CP044119.1_1048
MGYG|ENA|CABKOL020000102|CABKOL020000102.1_54	DSM20176|AZDF01000002.1_166
MGYG|ENA|CABKOL020000102|CABKOL020000102.1_54	FLUB|CP047121.1_1260
MGYG|ENA|CABKOL020000102|CABKOL020000102.1_86	MGYG|ENA|CABKOL020000102|CABKOL020000102.1_86
MGYG|ENA|CABKOL020000102|CABKOL020000102.1_86	LMG07934|CP050262.1_1099
MGYG|ENA|CABKOL020000102|CABKOL020000102.1_86	LH500|CP044119.1_1076
MGYG|ENA|CABKOL020000102|CABKOL020000102.1_86	FLUB|CP047121.1_1291
MGYG|ENA|CABKOL020000102|CABKOL020000102.1_86	DSM20176|AZDF01000002.1_138
MGYG|ENA|CABKOL020000102|CABKOL020000102.1_118	MGYG|ENA|CABKOL020000102|CABKOL020000102.1_118
MGYG|ENA|CABKOL020000102|CABKOL020000102.1_118	LMG07934|CP050262.1_1131
MGYG|ENA|CABKOL020000102|CABKOL020000102.1_118	LH500|CP044119.1_1108
MGYG|ENA|CABKOL020000102|CABKOL020000102.1_118	FLUB|CP047121.1_1323
MGYG|ENA|CABKOL020000102|CABKOL020000102.1_118	DSM20176|AZDF01000002.1_106
MGYG|ENA|CABKOL020000102|CABKOL020000102.1_182	MGYG|ENA|CABKOL020000102|CABKOL020000102.1_182
MGYG|ENA|CABKOL020000102|CABKOL020000102.1_182	LH500|CP044119.1_1170
MGYG|ENA|CABKOL020000102|CABKOL020000102.1_182	FLUB|CP047121.1_1387
MGYG|ENA|CABKOL020000102|CABKOL020000102.1_182	DSM20176|AZDF01000002.1_44
MGYG|ENA|CABKOL020000102|CABKOL020000102.1_182	LMG07934|CP050262.1_1192
MGYG|ENA|CABKOL020000102|CABKOL020000102.1_214	MGYG|ENA|CABKOL020000102|CABKOL020000102.1_214
MGYG|ENA|CABKOL020000102|CABKOL020000102.1_214	LH500|CP044119.1_1202
MGYG|ENA|CABKOL020000102|CABKOL020000102.1_214	FLUB|CP047121.1_1418
MGYG|ENA|CABKOL020000102|CABKOL020000102.1_214	DSM20176|AZDF01000002.1_13
MGYG|ENA|CABKOL020000102|CABKOL020000102.1_214	LMG07934|CP050262.1_1224
MGYG|ENA|CABKOL020000102|CABKOL020000102.1_246	MGYG|ENA|CABKOL020000102|CABKOL020000102.1_246
MGYG|ENA|CABKOL020000102|CABKOL020000102.1_246	DSM20176|AZDF01000018.1_15
MGYG|ENA|CABKOL020000102|CABKOL020000102.1_246	FLUB|CP047121.1_1449
MGYG|ENA|CABKOL020000102|CABKOL020000102.1_246	LH500|CP044119.1_1243
MGYG|ENA|CABKOL020000102|CABKOL020000102.1_246	LMG07934|CP050262.1_1336
MGYG|ENA|CABKOL020000102|CABKOL020000102.1_278	MGYG|ENA|CABKOL020000102|CABKOL020000102.1_278
MGYG|ENA|CABKOL020000102|CABKOL020000102.1_278	DSM20176|AZDF01000013.1_12
MGYG|ENA|CABKOL020000102|CABKOL020000102.1_278	FLUB|CP047121.1_1481
MGYG|ENA|CABKOL020000102|CABKOL020000102.1_278	LH500|CP044119.1_1275
MGYG|ENA|CABKOL020000102|CABKOL020000102.1_278	LMG07934|CP050262.1_1368
MGYG|ENA|CABKOL020000102|CABKOL020000102.1_310	MGYG|ENA|CABKOL020000102|CABKOL020000102.1_310
MGYG|ENA|CABKOL020000102|CABKOL020000102.1_310	DSM20176|AZDF01000013.1_45
MGYG|ENA|CABKOL020000102|CABKOL020000102.1_310	FLUB|CP047121.1_1513
MGYG|ENA|CABKOL020000102|CABKOL020000102.1_310	LH500|CP044119.1_1307
MGYG|ENA|CABKOL020000102|CABKOL020000102.1_310	LMG07934|CP050262.1_1401
MGYG|ENA|CABKOL020000102|CABKOL020000102.1_438	MGYG|ENA|CABKOL020000102|CABKOL020000102.1_438
MGYG|ENA|CABKOL020000102|CABKOL020000102.1_438	FLUB|CP047121.1_1641
MGYG|ENA|CABKOL020000102|CABKOL020000102.1_438	LMG07934|CP050262.1_1526
MGYG|ENA|CABKOL020000102|CABKOL020000102.1_438	LH500|CP044119.1_1437
MGYG|ENA|CABKOL020000102|CABKOL020000102.1_438	DSM20176|AZDF01000004.1_113
MGYG|ENA|CABKOL020000102|CABKOL020000102.1_470	MGYG|ENA|CABKOL020000102|CABKOL020000102.1_470
MGYG|ENA|CABKOL020000102|CABKOL020000102.1_470	FLUB|CP047121.1_1673
MGYG|ENA|CABKOL020000102|CABKOL020000102.1_470	LMG07934|CP050262.1_1558
MGYG|ENA|CABKOL020000102|CABKOL020000102.1_470	LH500|CP044119.1_1470
MGYG|ENA|CABKOL020000102|CABKOL020000102.1_470	DSM20176|AZDF01000004.1_80
MGYG|ENA|CABKOL020000102|CABKOL020000102.1_502	MGYG|ENA|CABKOL020000102|CABKOL020000102.1_502
MGYG|ENA|CABKOL020000102|CABKOL020000102.1_502	FLUB|CP047121.1_1705
MGYG|ENA|CABKOL020000102|CABKOL020000102.1_502	LMG07934|CP050262.1_1590
MGYG|ENA|CABKOL020000102|CABKOL020000102.1_502	LH500|CP044119.1_1502
MGYG|ENA|CABKOL020000102|CABKOL020000102.1_502	DSM20176|AZDF01000004.1_48
MGYG|ENA|CABKOL020000102|CABKOL020000102.1_534	MGYG|ENA|CABKOL020000102|CABKOL020000102.1_534
MGYG|ENA|CABKOL020000102|CABKOL020000102.1_534	FLUB|CP047121.1_1737
MGYG|ENA|CABKOL020000102|CABKOL020000102.1_534	LMG07934|CP050262.1_1623
MGYG|ENA|CABKOL020000102|CABKOL020000102.1_598	MGYG|ENA|CABKOL020000102|CABKOL020000102.1_598
MGYG|ENA|CABKOL020000102|CABKOL020000102.1_598	DSM20176|AZDF01000025.1_5
MGYG|ENA|CABKOL020000102|CABKOL020000102.1_598	FLUB|CP047121.1_1801
MGYG|ENA|CABKOL020000102|CABKOL020000102.1_598	LMG07934|CP050262.1_1686
MGYG|ENA|CABKOL020000102|CABKOL020000102.1_598	LH500|CP044119.1_1597
MGYG|ENA|CABKOL020000102|CABKOL020000102.1_630	MGYG|ENA|CABKOL020000102|CABKOL020000102.1_630
MGYG|ENA|CABKOL020000102|CABKOL020000102.1_630	DSM20176|AZDF01000023.1_6
MGYG|ENA|CABKOL020000102|CABKOL020000102.1_630	FLUB|CP047121.1_1834
MGYG|ENA|CABKOL020000102|CABKOL020000102.1_630	LMG07934|CP050262.1_1717
MGYG|ENA|CABKOL020000102|CABKOL020000102.1_630	LH500|CP044119.1_1631
MGYG|ENA|CABKOL020000102|CABKOL020000102.1_662	MGYG|ENA|CABKOL020000102|CABKOL020000102.1_662
MGYG|ENA|CABKOL020000102|CABKOL020000102.1_662	FLUB|CP047121.1_1866
MGYG|ENA|CABKOL020000102|CABKOL020000102.1_662	LMG07934|CP050262.1_1749
MGYG|ENA|CABKOL020000102|CABKOL020000102.1_662	LH500|CP044119.1_1692
MGYG|ENA|CABKOL020000102|CABKOL020000102.1_662	DSM20176|AZDF01000014.1_9
MGYG|ENA|CABKOL020000102|CABKOL020000102.1_694	MGYG|ENA|CABKOL020000102|CABKOL020000102.1_694
MGYG|ENA|CABKOL020000102|CABKOL020000102.1_694	FLUB|CP047121.1_1897
MGYG|ENA|CABKOL020000102|CABKOL020000102.1_694	LMG07934|CP050262.1_1781
MGYG|ENA|CABKOL020000102|CABKOL020000102.1_694	LH500|CP044119.1_1724
MGYG|ENA|CABKOL020000102|CABKOL020000102.1_694	DSM20176|AZDF01000014.1_41
MGYG|ENA|CABKOL020000104|CABKOL020000104.1_26	MGYG|ENA|CABKOL020000104|CABKOL020000104.1_26
MGYG|ENA|CABKOL020000104|CABKOL020000104.1_26	LMG07934|CP050262.1_2444
MGYG|ENA|CABKOL020000104|CABKOL020000104.1_26	LH500|CP044119.1_2333
MGYG|ENA|CABKOL020000104|CABKOL020000104.1_26	DSM20176|AZDF01000011.1_30
MGYG|ENA|CABKOL020000104|CABKOL020000104.1_26	FLUB|CP047121.1_2558
MGYG|ENA|CABKOL020000104|CABKOL020000104.1_122	MGYG|ENA|CABKOL020000104|CABKOL020000104.1_122
MGYG|ENA|CABKOL020000104|CABKOL020000104.1_122	LH500|CP044119.1_2182
MGYG|ENA|CABKOL020000104|CABKOL020000104.1_122	DSM20176|AZDF01000009.1_95
MGYG|ENA|CABKOL020000104|CABKOL020000104.1_122	LMG07934|CP050262.1_2276
MGYG|ENA|CABKOL020000104|CABKOL020000104.1_122	FLUB|CP047121.1_2462
MGYG|ENA|CABKOL020000104|CABKOL020000104.1_186	MGYG|ENA|CABKOL020000104|CABKOL020000104.1_186
MGYG|ENA|CABKOL020000104|CABKOL020000104.1_250	MGYG|ENA|CABKOL020000104|CABKOL020000104.1_250
MGYG|ENA|CABKOL020000104|CABKOL020000104.1_250	LMG07934|CP050262.1_2144
MGYG|ENA|CABKOL020000104|CABKOL020000104.1_250	FLUB|CP047121.1_2335
MGYG|ENA|CABKOL020000104|CABKOL020000104.1_378	MGYG|ENA|CABKOL020000104|CABKOL020000104.1_378
MGYG|ENA|CABKOL020000104|CABKOL020000104.1_378	DSM20176|AZDF01000001.1_172
MGYG|ENA|CABKOL020000104|CABKOL020000104.1_378	LMG07934|CP050262.1_2029
MGYG|ENA|CABKOL020000104|CABKOL020000104.1_378	LH500|CP044119.1_2026
MGYG|ENA|CABKOL020000104|CABKOL020000104.1_378	FLUB|CP047121.1_2207
MGYG|ENA|CABKOL020000104|CABKOL020000104.1_410	MGYG|ENA|CABKOL020000104|CABKOL020000104.1_410
MGYG|ENA|CABKOL020000104|CABKOL020000104.1_410	DSM20176|AZDF01000001.1_140
MGYG|ENA|CABKOL020000104|CABKOL020000104.1_410	LMG07934|CP050262.1_1997
MGYG|ENA|CABKOL020000104|CABKOL020000104.1_410	LH500|CP044119.1_1994
MGYG|ENA|CABKOL020000104|CABKOL020000104.1_410	FLUB|CP047121.1_2175
MGYG|ENA|CABKOL020000104|CABKOL020000104.1_442	MGYG|ENA|CABKOL020000104|CABKOL020000104.1_442
MGYG|ENA|CABKOL020000104|CABKOL020000104.1_442	DSM20176|AZDF01000001.1_108
MGYG|ENA|CABKOL020000104|CABKOL020000104.1_442	LMG07934|CP050262.1_1965
MGYG|ENA|CABKOL020000104|CABKOL020000104.1_442	LH500|CP044119.1_1962
MGYG|ENA|CABKOL020000104|CABKOL020000104.1_442	FLUB|CP047121.1_2143
MGYG|ENA|CABKOL020000104|CABKOL020000104.1_474	MGYG|ENA|CABKOL020000104|CABKOL020000104.1_474
MGYG|ENA|CABKOL020000104|CABKOL020000104.1_474	DSM20176|AZDF01000001.1_76
MGYG|ENA|CABKOL020000104|CABKOL020000104.1_474	LMG07934|CP050262.1_1933
MGYG|ENA|CABKOL020000104|CABKOL020000104.1_474	LH500|CP044119.1_1930
MGYG|ENA|CABKOL020000104|CABKOL020000104.1_474	FLUB|CP047121.1_2111
MGYG|ENA|CABKOL020000104|CABKOL020000104.1_506	MGYG|ENA|CABKOL020000104|CABKOL020000104.1_506
MGYG|ENA|CABKOL020000104|CABKOL020000104.1_506	DSM20176|AZDF01000001.1_44
MGYG|ENA|CABKOL020000104|CABKOL020000104.1_506	LMG07934|CP050262.1_1901
MGYG|ENA|CABKOL020000104|CABKOL020000104.1_506	LH500|CP044119.1_1898
MGYG|ENA|CABKOL020000104|CABKOL020000104.1_506	FLUB|CP047121.1_2079
MGYG|ENA|CABKOL020000104|CABKOL020000104.1_538	MGYG|ENA|CABKOL020000104|CABKOL020000104.1_538
MGYG|ENA|CABKOL020000104|CABKOL020000104.1_538	DSM20176|AZDF01000001.1_13
MGYG|ENA|CABKOL020000104|CABKOL020000104.1_538	LMG07934|CP050262.1_1870
MGYG|ENA|CABKOL020000104|CABKOL020000104.1_538	LH500|CP044119.1_1865
MGYG|ENA|CABKOL020000104|CABKOL020000104.1_538	FLUB|CP047121.1_2047
MGYG|ENA|CABKOL020000105|CABKOL020000105.1_20	MGYG|ENA|CABKOL020000105|CABKOL020000105.1_20
MGYG|ENA|CABKOL020000106|CABKOL020000106.1_11	MGYG|ENA|CABKOL020000106|CABKOL020000106.1_11
MGYG|ENA|CABKOL020000106|CABKOL020000106.1_11	DSM20176|AZDF01000021.1_11
MGYG|ENA|CABKOL020000106|CABKOL020000106.1_11	FLUB|CP047121.1_2595
MGYG|ENA|CABKOL020000106|CABKOL020000106.1_11	LMG07934|CP050262.1_2482
MGYG|ENA|CABKOL020000106|CABKOL020000106.1_11	LH500|CP044119.1_2369
MGYG|ENA|CABKOL020000106|CABKOL020000106.1_75	MGYG|ENA|CABKOL020000106|CABKOL020000106.1_75
MGYG|ENA|CABKOL020000106|CABKOL020000106.1_75	FLUB|CP047121.1_2659
MGYG|ENA|CABKOL020000106|CABKOL020000106.1_75	LH500|CP044119.1_2414
MGYG|ENA|CABKOL020000106|CABKOL020000106.1_75	DSM20176|AZDF01000058.1_6
MGYG|ENA|CABKOL020000106|CABKOL020000106.1_75	LMG07934|CP050262.1_2536
MGYG|ENA|CABKOL020000106|CABKOL020000106.1_107	MGYG|ENA|CABKOL020000106|CABKOL020000106.1_107
MGYG|ENA|CABKOL020000106|CABKOL020000106.1_107	FLUB|CP047121.1_2691
MGYG|ENA|CABKOL020000106|CABKOL020000106.1_107	DSM20176|AZDF01000015.1_17
MGYG|ENA|CABKOL020000106|CABKOL020000106.1_107	LMG07934|CP050262.1_2565
MGYG|ENA|CABKOL020000106|CABKOL020000106.1_107	LH500|CP044119.1_2444
MGYG|ENA|CABKOL020000106|CABKOL020000106.1_139	MGYG|ENA|CABKOL020000106|CABKOL020000106.1_139
MGYG|ENA|CABKOL020000106|CABKOL020000106.1_139	FLUB|CP047121.1_2725
MGYG|ENA|CABKOL020000106|CABKOL020000106.1_139	LH500|CP044119.1_2453
MGYG|ENA|CABKOL020000106|CABKOL020000106.1_139	LMG07934|CP050262.1_2575
MGYG|ENA|CABKOL020000106|CABKOL020000106.1_139	DSM20176|AZDF01000015.1_7
MGYG|ENA|CABKOL020000106|CABKOL020000106.1_171	MGYG|ENA|CABKOL020000106|CABKOL020000106.1_171
MGYG|ENA|CABKOL020000106|CABKOL020000106.1_171	FLUB|CP047121.1_2758
MGYG|ENA|CABKOL020000106|CABKOL020000106.1_171	LH500|CP044119.1_2486
MGYG|ENA|CABKOL020000106|CABKOL020000106.1_171	LMG07934|CP050262.1_2609
MGYG|ENA|CABKOL020000106|CABKOL020000106.1_171	DSM20176|AZDF01000022.1_26
MGYG|ENA|CABKOL020000106|CABKOL020000106.1_203	MGYG|ENA|CABKOL020000106|CABKOL020000106.1_203
MGYG|ENA|CABKOL020000106|CABKOL020000106.1_203	LH500|CP044119.1_2514
MGYG|ENA|CABKOL020000106|CABKOL020000106.1_203	LMG07934|CP050262.1_2638
MGYG|ENA|CABKOL020000106|CABKOL020000106.1_203	FLUB|CP047121.1_2790
MGYG|ENA|CABKOL020000106|CABKOL020000106.1_203	DSM20176|AZDF01000034.1_18
MGYG|ENA|CABKOL020000106|CABKOL020000106.1_235	MGYG|ENA|CABKOL020000106|CABKOL020000106.1_235
MGYG|ENA|CABKOL020000106|CABKOL020000106.1_235	FLUB|CP047121.1_2822
MGYG|ENA|CABKOL020000106|CABKOL020000106.1_235	LMG07934|CP050262.1_2672
MGYG|ENA|CABKOL020000106|CABKOL020000106.1_235	DSM20176|AZDF01000028.1_17
MGYG|ENA|CABKOL020000106|CABKOL020000106.1_235	LH500|CP044119.1_2544
MGYG|ENA|CABKOL020000106|CABKOL020000106.1_267	MGYG|ENA|CABKOL020000106|CABKOL020000106.1_267
MGYG|ENA|CABKOL020000106|CABKOL020000106.1_267	LH500|CP044119.1_2580
MGYG|ENA|CABKOL020000106|CABKOL020000106.1_267	FLUB|CP047121.1_2854
MGYG|ENA|CABKOL020000106|CABKOL020000106.1_267	LMG07934|CP050262.1_2706
MGYG|ENA|CABKOL020000106|CABKOL020000106.1_267	DSM20176|AZDF01000024.1_24
MGYG|ENA|CABKOL020000106|CABKOL020000106.1_395	MGYG|ENA|CABKOL020000106|CABKOL020000106.1_395
MGYG|ENA|CABKOL020000106|CABKOL020000106.1_395	LMG07934|CP050262.1_108
MGYG|ENA|CABKOL020000106|CABKOL020000106.1_395	DSM20176|AZDF01000040.1_6
MGYG|ENA|CABKOL020000106|CABKOL020000106.1_395	LH500|CP044119.1_133
MGYG|ENA|CABKOL020000106|CABKOL020000106.1_395	FLUB|CP047121.1_120
MGYG|ENA|CABKOL020000106|CABKOL020000106.1_459	MGYG|ENA|CABKOL020000106|CABKOL020000106.1_459
MGYG|ENA|CABKOL020000106|CABKOL020000106.1_459	LMG07934|CP050262.1_172
MGYG|ENA|CABKOL020000106|CABKOL020000106.1_459	LH500|CP044119.1_192
MGYG|ENA|CABKOL020000106|CABKOL020000106.1_459	FLUB|CP047121.1_184
MGYG|ENA|CABKOL020000106|CABKOL020000106.1_459	DSM20176|AZDF01000007.1_68
MGYG|ENA|CABKOL020000106|CABKOL020000106.1_523	MGYG|ENA|CABKOL020000106|CABKOL020000106.1_523
MGYG|ENA|CABKOL020000106|CABKOL020000106.1_523	LH500|CP044119.1_246
MGYG|ENA|CABKOL020000106|CABKOL020000106.1_523	DSM20176|AZDF01000007.1_14
MGYG|ENA|CABKOL020000106|CABKOL020000106.1_523	FLUB|CP047121.1_247
MGYG|ENA|CABKOL020000106|CABKOL020000106.1_523	LMG07934|CP050262.1_225
MGYG|ENA|CABKOL020000106|CABKOL020000106.1_555	MGYG|ENA|CABKOL020000106|CABKOL020000106.1_555
MGYG|ENA|CABKOL020000106|CABKOL020000106.1_555	DSM20176|AZDF01000019.1_12
MGYG|ENA|CABKOL020000106|CABKOL020000106.1_555	LH500|CP044119.1_283
MGYG|ENA|CABKOL020000106|CABKOL020000106.1_555	FLUB|CP047121.1_279
MGYG|ENA|CABKOL020000106|CABKOL020000106.1_555	LMG07934|CP050262.1_264
MGYG|ENA|CABKOL020000106|CABKOL020000106.1_619	MGYG|ENA|CABKOL020000106|CABKOL020000106.1_619
MGYG|ENA|CABKOL020000106|CABKOL020000106.1_619	LH500|CP044119.1_352
MGYG|ENA|CABKOL020000106|CABKOL020000106.1_619	DSM20176|AZDF01000029.1_18
MGYG|ENA|CABKOL020000106|CABKOL020000106.1_619	FLUB|CP047121.1_342
MGYG|ENA|CABKOL020000106|CABKOL020000106.1_619	LMG07934|CP050262.1_324
MGYG|ENA|CABKOL020000106|CABKOL020000106.1_747	MGYG|ENA|CABKOL020000106|CABKOL020000106.1_747
MGYG|ENA|CABKOL020000106|CABKOL020000106.1_747	LMG07934|CP050262.1_433
MGYG|ENA|CABKOL020000106|CABKOL020000106.1_747	DSM20176|AZDF01000003.1_59
MGYG|ENA|CABKOL020000106|CABKOL020000106.1_747	FLUB|CP047121.1_471
MGYG|ENA|CABKOL020000106|CABKOL020000106.1_747	LH500|CP044119.1_461
MGYG|ENA|CABKOL020000106|CABKOL020000106.1_779	MGYG|ENA|CABKOL020000106|CABKOL020000106.1_779
MGYG|ENA|CABKOL020000106|CABKOL020000106.1_779	LMG07934|CP050262.1_468
MGYG|ENA|CABKOL020000106|CABKOL020000106.1_779	DSM20176|AZDF01000003.1_26
MGYG|ENA|CABKOL020000106|CABKOL020000106.1_779	FLUB|CP047121.1_503
MGYG|ENA|CABKOL020000106|CABKOL020000106.1_779	LH500|CP044119.1_494
MGYG|ENA|CABKOL020000106|CABKOL020000106.1_811	MGYG|ENA|CABKOL020000106|CABKOL020000106.1_811
MGYG|ENA|CABKOL020000106|CABKOL020000106.1_811	LMG07934|CP050262.1_499
MGYG|ENA|CABKOL020000106|CABKOL020000106.1_811	DSM20176|AZDF01000010.1_5
MGYG|ENA|CABKOL020000106|CABKOL020000106.1_811	FLUB|CP047121.1_536
MGYG|ENA|CABKOL020000106|CABKOL020000106.1_811	LH500|CP044119.1_525
MGYG|ENA|CABKOL020000106|CABKOL020000106.1_843	MGYG|ENA|CABKOL020000106|CABKOL020000106.1_843
MGYG|ENA|CABKOL020000106|CABKOL020000106.1_907	MGYG|ENA|CABKOL020000106|CABKOL020000106.1_907
MGYG|ENA|CABKOL020000106|CABKOL020000106.1_907	FLUB|CP047121.1_699
MGYG|ENA|CABKOL020000106|CABKOL020000106.1_971	MGYG|ENA|CABKOL020000106|CABKOL020000106.1_971
MGYG|ENA|CABKOL020000106|CABKOL020000106.1_971	LH500|CP044119.1_630
MGYG|ENA|CABKOL020000106|CABKOL020000106.1_971	DSM20176|AZDF01000044.1_4
MGYG|ENA|CABKOL020000106|CABKOL020000106.1_971	FLUB|CP047121.1_759
MGYG|ENA|CABKOL020000106|CABKOL020000106.1_1003	MGYG|ENA|CABKOL020000106|CABKOL020000106.1_1003
MGYG|ENA|CABKOL020000106|CABKOL020000106.1_1003	LMG07934|CP050262.1_631
MGYG|ENA|CABKOL020000106|CABKOL020000106.1_1003	FLUB|CP047121.1_792
MGYG|ENA|CABKOL020000106|CABKOL020000106.1_1035	MGYG|ENA|CABKOL020000106|CABKOL020000106.1_1035
MGYG|ENA|CABKOL020000106|CABKOL020000106.1_1067	MGYG|ENA|CABKOL020000106|CABKOL020000106.1_1067
MGYG|ENA|CABKOL020000106|CABKOL020000106.1_1067	LMG07934|CP050262.1_694
MGYG|ENA|CABKOL020000106|CABKOL020000106.1_1067	DSM20176|AZDF01000051.1_4
MGYG|ENA|CABKOL020000106|CABKOL020000106.1_1067	FLUB|CP047121.1_853
MGYG|ENA|CABKOL020000106|CABKOL020000106.1_1067	LH500|CP044119.1_655
MGYG|ENA|CABKOL020000106|CABKOL020000106.1_1099	MGYG|ENA|CABKOL020000106|CABKOL020000106.1_1099
MGYG|ENA|CABKOL020000106|CABKOL020000106.1_1099	DSM20176|AZDF01000027.1_1
MGYG|ENA|CABKOL020000106|CABKOL020000106.1_1099	LMG07934|CP050262.1_722
MGYG|ENA|CABKOL020000106|CABKOL020000106.1_1099	FLUB|CP047121.1_884
MGYG|ENA|CABKOL020000106|CABKOL020000106.1_1099	LH500|CP044119.1_686
MGYG|ENA|CABKOL020000106|CABKOL020000106.1_1131	MGYG|ENA|CABKOL020000106|CABKOL020000106.1_1131
MGYG|ENA|CABKOL020000106|CABKOL020000106.1_1131	LMG07934|CP050262.1_747
MGYG|ENA|CABKOL020000106|CABKOL020000106.1_1131	FLUB|CP047121.1_916
MGYG|ENA|CABKOL020000106|CABKOL020000106.1_1131	LH500|CP044119.1_710
MGYG|ENA|CABKOL020000106|CABKOL020000106.1_1131	DSM20176|AZDF01000027.1_24
MGYG|ENA|CABKOL020000106|CABKOL020000106.1_1195	MGYG|ENA|CABKOL020000106|CABKOL020000106.1_1195
MGYG|ENA|CABKOL020000106|CABKOL020000106.1_1195	DSM20176|AZDF01000016.1_47
MGYG|ENA|CABKOL020000106|CABKOL020000106.1_1195	FLUB|CP047121.1_978
MGYG|ENA|CABKOL020000106|CABKOL020000106.1_1195	LMG07934|CP050262.1_803
MGYG|ENA|CABKOL020000106|CABKOL020000106.1_1195	LH500|CP044119.1_780
MGYG|ENA|CABKOL020000106|CABKOL020000106.1_1227	MGYG|ENA|CABKOL020000106|CABKOL020000106.1_1227
DSM20176|AZDF01000001.1_11	DSM20176|AZDF01000001.1_11
DSM20176|AZDF01000001.1_11	LMG07934|CP050262.1_1868
DSM20176|AZDF01000001.1_11	MGYG|ENA|CABKOL020000104|CABKOL020000104.1_540
DSM20176|AZDF01000001.1_11	LH500|CP044119.1_1863
DSM20176|AZDF01000001.1_11	FLUB|CP047121.1_2045
DSM20176|AZDF01000001.1_43	DSM20176|AZDF01000001.1_43
DSM20176|AZDF01000001.1_43	MGYG|ENA|CABKOL020000104|CABKOL020000104.1_507
DSM20176|AZDF01000001.1_43	LMG07934|CP050262.1_1900
DSM20176|AZDF01000001.1_43	LH500|CP044119.1_1897
DSM20176|AZDF01000001.1_43	FLUB|CP047121.1_2078
DSM20176|AZDF01000001.1_75	DSM20176|AZDF01000001.1_75
DSM20176|AZDF01000001.1_75	MGYG|ENA|CABKOL020000104|CABKOL020000104.1_475
DSM20176|AZDF01000001.1_75	LMG07934|CP050262.1_1932
DSM20176|AZDF01000001.1_75	LH500|CP044119.1_1929
DSM20176|AZDF01000001.1_75	FLUB|CP047121.1_2110
DSM20176|AZDF01000001.1_107	DSM20176|AZDF01000001.1_107
DSM20176|AZDF01000001.1_107	MGYG|ENA|CABKOL020000104|CABKOL020000104.1_443
DSM20176|AZDF01000001.1_107	LMG07934|CP050262.1_1964
DSM20176|AZDF01000001.1_107	LH500|CP044119.1_1961
DSM20176|AZDF01000001.1_107	FLUB|CP047121.1_2142
DSM20176|AZDF01000001.1_139	DSM20176|AZDF01000001.1_139
DSM20176|AZDF01000001.1_139	MGYG|ENA|CABKOL020000104|CABKOL020000104.1_411
DSM20176|AZDF01000001.1_139	LMG07934|CP050262.1_1996
DSM20176|AZDF01000001.1_139	LH500|CP044119.1_1993
DSM20176|AZDF01000001.1_139	FLUB|CP047121.1_2174
DSM20176|AZDF01000001.1_171	DSM20176|AZDF01000001.1_171
DSM20176|AZDF01000001.1_171	MGYG|ENA|CABKOL020000104|CABKOL020000104.1_379
DSM20176|AZDF01000001.1_171	LMG07934|CP050262.1_2028
DSM20176|AZDF01000001.1_171	LH500|CP044119.1_2025
DSM20176|AZDF01000001.1_171	FLUB|CP047121.1_2206
DSM20176|AZDF01000010.1_15	DSM20176|AZDF01000010.1_15
DSM20176|AZDF01000010.1_15	FLUB|CP047121.1_546
DSM20176|AZDF01000010.1_15	LH500|CP044119.1_535
DSM20176|AZDF01000010.1_15	MGYG|ENA|CABKOL020000106|CABKOL020000106.1_822
DSM20176|AZDF01000010.1_15	LMG07934|CP050262.1_509
DSM20176|AZDF01000010.1_47	DSM20176|AZDF01000010.1_47
DSM20176|AZDF01000010.1_47	FLUB|CP047121.1_647
DSM20176|AZDF01000010.1_47	LH500|CP044119.1_567
DSM20176|AZDF01000010.1_47	MGYG|ENA|CABKOL020000106|CABKOL020000106.1_858
DSM20176|AZDF01000010.1_47	LMG07934|CP050262.1_543
DSM20176|AZDF01000011.1_2	DSM20176|AZDF01000011.1_2
DSM20176|AZDF01000011.1_2	LMG07934|CP050262.1_2416
DSM20176|AZDF01000011.1_2	LH500|CP044119.1_2305
DSM20176|AZDF01000011.1_34	DSM20176|AZDF01000011.1_34
DSM20176|AZDF01000011.1_34	FLUB|CP047121.1_2562
DSM20176|AZDF01000011.1_34	LMG07934|CP050262.1_2448
DSM20176|AZDF01000011.1_34	LH500|CP044119.1_2337
DSM20176|AZDF01000011.1_34	MGYG|ENA|CABKOL020000104|CABKOL020000104.1_22
DSM20176|AZDF01000012.1_4	DSM20176|AZDF01000012.1_4
DSM20176|AZDF01000012.1_4	MGYG|ENA|CABKOL020000099|CABKOL020000099.1_64
DSM20176|AZDF01000012.1_4	FLUB|CP047121.1_1971
DSM20176|AZDF01000012.1_4	LH500|CP044119.1_1739
DSM20176|AZDF01000012.1_4	LMG07934|CP050262.1_1797
DSM20176|AZDF01000012.1_36	DSM20176|AZDF01000012.1_36
DSM20176|AZDF01000012.1_36	MGYG|ENA|CABKOL020000099|CABKOL020000099.1_31
DSM20176|AZDF01000012.1_36	FLUB|CP047121.1_2003
DSM20176|AZDF01000012.1_36	LH500|CP044119.1_1771
DSM20176|AZDF01000012.1_36	LMG07934|CP050262.1_1829
DSM20176|AZDF01000013.1_11	DSM20176|AZDF01000013.1_11
DSM20176|AZDF01000013.1_11	FLUB|CP047121.1_1480
DSM20176|AZDF01000013.1_11	LH500|CP044119.1_1274
DSM20176|AZDF01000013.1_11	LMG07934|CP050262.1_1367
DSM20176|AZDF01000013.1_11	MGYG|ENA|CABKOL020000102|CABKOL020000102.1_277
DSM20176|AZDF01000013.1_43	DSM20176|AZDF01000013.1_43
DSM20176|AZDF01000013.1_43	FLUB|CP047121.1_1511
DSM20176|AZDF01000013.1_43	LH500|CP044119.1_1305
DSM20176|AZDF01000013.1_43	LMG07934|CP050262.1_1399
DSM20176|AZDF01000013.1_43	MGYG|ENA|CABKOL020000102|CABKOL020000102.1_308
DSM20176|AZDF01000014.1_28	DSM20176|AZDF01000014.1_28
DSM20176|AZDF01000014.1_28	MGYG|ENA|CABKOL020000102|CABKOL020000102.1_681
DSM20176|AZDF01000014.1_28	FLUB|CP047121.1_1884
DSM20176|AZDF01000014.1_28	LMG07934|CP050262.1_1768
DSM20176|AZDF01000014.1_28	LH500|CP044119.1_1711
DSM20176|AZDF01000016.1_1	DSM20176|AZDF01000016.1_1
DSM20176|AZDF01000017.1_18	DSM20176|AZDF01000017.1_18
DSM20176|AZDF01000017.1_18	MGYG|ENA|CABKOL020000102|CABKOL020000102.1_575
DSM20176|AZDF01000017.1_18	FLUB|CP047121.1_1778
DSM20176|AZDF01000017.1_18	LMG07934|CP050262.1_1662
DSM20176|AZDF01000017.1_18	LH500|CP044119.1_1574
DSM20176|AZDF01000018.1_8	DSM20176|AZDF01000018.1_8
DSM20176|AZDF01000018.1_8	FLUB|CP047121.1_1442
DSM20176|AZDF01000018.1_8	LH500|CP044119.1_1236
DSM20176|AZDF01000018.1_8	LMG07934|CP050262.1_1329
DSM20176|AZDF01000018.1_8	MGYG|ENA|CABKOL020000102|CABKOL020000102.1_239
DSM20176|AZDF01000019.1_4	DSM20176|AZDF01000019.1_4
DSM20176|AZDF01000019.1_36	DSM20176|AZDF01000019.1_36
DSM20176|AZDF01000019.1_36	LH500|CP044119.1_308
DSM20176|AZDF01000019.1_36	FLUB|CP047121.1_296
DSM20176|AZDF01000019.1_36	MGYG|ENA|CABKOL020000106|CABKOL020000106.1_573
DSM20176|AZDF01000019.1_36	LMG07934|CP050262.1_287
DSM20176|AZDF01000019.1_36	LMG07934|CP050262.1_1087
DSM20176|AZDF01000002.1_30	DSM20176|AZDF01000002.1_30
DSM20176|AZDF01000002.1_30	LMG07934|CP050262.1_1207
DSM20176|AZDF01000002.1_30	MGYG|ENA|CABKOL020000102|CABKOL020000102.1_196
DSM20176|AZDF01000002.1_30	LH500|CP044119.1_1185
DSM20176|AZDF01000002.1_30	FLUB|CP047121.1_1401
DSM20176|AZDF01000002.1_62	DSM20176|AZDF01000002.1_62
DSM20176|AZDF01000002.1_62	LMG07934|CP050262.1_1174
DSM20176|AZDF01000002.1_62	MGYG|ENA|CABKOL020000102|CABKOL020000102.1_162
DSM20176|AZDF01000002.1_62	LH500|CP044119.1_1152
DSM20176|AZDF01000002.1_62	FLUB|CP047121.1_1367
DSM20176|AZDF01000002.1_94	DSM20176|AZDF01000002.1_94
DSM20176|AZDF01000002.1_94	MGYG|ENA|CABKOL020000102|CABKOL020000102.1_130
DSM20176|AZDF01000002.1_94	LMG07934|CP050262.1_1143
DSM20176|AZDF01000002.1_94	LH500|CP044119.1_1120
DSM20176|AZDF01000002.1_94	FLUB|CP047121.1_1335
DSM20176|AZDF01000002.1_126	DSM20176|AZDF01000002.1_126
DSM20176|AZDF01000002.1_126	MGYG|ENA|CABKOL020000102|CABKOL020000102.1_98
DSM20176|AZDF01000002.1_126	LMG07934|CP050262.1_1111
DSM20176|AZDF01000002.1_126	LH500|CP044119.1_1088
DSM20176|AZDF01000002.1_126	FLUB|CP047121.1_1303
DSM20176|AZDF01000002.1_158	DSM20176|AZDF01000002.1_158
DSM20176|AZDF01000002.1_158	MGYG|ENA|CABKOL020000102|CABKOL020000102.1_62
DSM20176|AZDF01000002.1_158	LMG07934|CP050262.1_1077
DSM20176|AZDF01000002.1_158	LH500|CP044119.1_1056
DSM20176|AZDF01000002.1_158	FLUB|CP047121.1_1268
DSM20176|AZDF01000020.1_14	DSM20176|AZDF01000020.1_14
DSM20176|AZDF01000020.1_14	LMG07934|CP050262.1_2252
DSM20176|AZDF01000020.1_14	FLUB|CP047121.1_2440
DSM20176|AZDF01000020.1_14	MGYG|ENA|CABKOL020000104|CABKOL020000104.1_143
DSM20176|AZDF01000020.1_14	LH500|CP044119.1_2157
DSM20176|AZDF01000021.1_10	DSM20176|AZDF01000021.1_10
DSM20176|AZDF01000021.1_10	FLUB|CP047121.1_2594
DSM20176|AZDF01000021.1_10	LMG07934|CP050262.1_2481
DSM20176|AZDF01000021.1_10	LH500|CP044119.1_2368
DSM20176|AZDF01000021.1_10	MGYG|ENA|CABKOL020000106|CABKOL020000106.1_10
DSM20176|AZDF01000022.1_7	DSM20176|AZDF01000022.1_7
DSM20176|AZDF01000022.1_7	MGYG|ENA|CABKOL020000106|CABKOL020000106.1_152
DSM20176|AZDF01000022.1_7	FLUB|CP047121.1_2739
DSM20176|AZDF01000022.1_7	LH500|CP044119.1_2467
DSM20176|AZDF01000022.1_7	LMG07934|CP050262.1_2590
DSM20176|AZDF01000023.1_3	DSM20176|AZDF01000023.1_3
DSM20176|AZDF01000023.1_3	FLUB|CP047121.1_1831
DSM20176|AZDF01000023.1_3	LMG07934|CP050262.1_1714
DSM20176|AZDF01000023.1_3	LH500|CP044119.1_1628
DSM20176|AZDF01000023.1_3	MGYG|ENA|CABKOL020000102|CABKOL020000102.1_627
DSM20176|AZDF01000024.1_1	DSM20176|AZDF01000024.1_1
DSM20176|AZDF01000024.1_1	LH500|CP044119.1_2557
DSM20176|AZDF01000024.1_33	DSM20176|AZDF01000024.1_33
DSM20176|AZDF01000024.1_33	FLUB|CP047121.1_2
DSM20176|AZDF01000024.1_33	MGYG|ENA|CABKOL020000106|CABKOL020000106.1_276
DSM20176|AZDF01000024.1_33	LH500|CP044119.1_2
DSM20176|AZDF01000024.1_33	LMG07934|CP050262.1_2
DSM20176|AZDF01000029.1_3	DSM20176|AZDF01000029.1_3
DSM20176|AZDF01000029.1_3	LMG07934|CP050262.1_338
DSM20176|AZDF01000029.1_3	FLUB|CP047121.1_364
DSM20176|AZDF01000029.1_3	MGYG|ENA|CABKOL020000106|CABKOL020000106.1_641
DSM20176|AZDF01000029.1_3	LH500|CP044119.1_367
DSM20176|AZDF01000003.1_10	DSM20176|AZDF01000003.1_10
DSM20176|AZDF01000003.1_10	FLUB|CP047121.1_520
DSM20176|AZDF01000003.1_10	LH500|CP044119.1_511
DSM20176|AZDF01000003.1_10	MGYG|ENA|CABKOL020000106|CABKOL020000106.1_795
DSM20176|AZDF01000003.1_10	LMG07934|CP050262.1_485
DSM20176|AZDF01000003.1_42	DSM20176|AZDF01000003.1_42
DSM20176|AZDF01000003.1_42	FLUB|CP047121.1_487
DSM20176|AZDF01000003.1_42	LH500|CP044119.1_478
DSM20176|AZDF01000003.1_42	MGYG|ENA|CABKOL020000106|CABKOL020000106.1_763
DSM20176|AZDF01000003.1_42	LMG07934|CP050262.1_451
DSM20176|AZDF01000003.1_106	DSM20176|AZDF01000003.1_106
DSM20176|AZDF01000003.1_106	FLUB|CP047121.1_423
DSM20176|AZDF01000003.1_106	LH500|CP044119.1_413
DSM20176|AZDF01000003.1_106	MGYG|ENA|CABKOL020000106|CABKOL020000106.1_699
DSM20176|AZDF01000003.1_106	LMG07934|CP050262.1_387
DSM20176|AZDF01000031.1_10	DSM20176|AZDF01000031.1_10
DSM20176|AZDF01000031.1_10	LMG07934|CP050262.1_783
DSM20176|AZDF01000031.1_10	LH500|CP044119.1_758
DSM20176|AZDF01000031.1_10	MGYG|ENA|CABKOL020000106|CABKOL020000106.1_1176
DSM20176|AZDF01000031.1_10	FLUB|CP047121.1_959
DSM20176|AZDF01000032.1_12	DSM20176|AZDF01000032.1_12
DSM20176|AZDF01000032.1_12	LMG07934|CP050262.1_2221
DSM20176|AZDF01000032.1_12	FLUB|CP047121.1_2410
DSM20176|AZDF01000032.1_12	MGYG|ENA|CABKOL020000104|CABKOL020000104.1_174
DSM20176|AZDF01000032.1_12	LH500|CP044119.1_2123
DSM20176|AZDF01000036.1_5	DSM20176|AZDF01000036.1_5
DSM20176|AZDF01000036.1_5	LH500|CP044119.1_338
DSM20176|AZDF01000036.1_5	FLUB|CP047121.1_325
DSM20176|AZDF01000036.1_5	LMG07934|CP050262.1_312
DSM20176|AZDF01000036.1_5	MGYG|ENA|CABKOL020000106|CABKOL020000106.1_602
DSM20176|AZDF01000037.1_20	DSM20176|AZDF01000037.1_20
DSM20176|AZDF01000037.1_20	LH500|CP044119.1_844
DSM20176|AZDF01000037.1_20	LMG07934|CP050262.1_871
DSM20176|AZDF01000039.1_14	DSM20176|AZDF01000039.1_14
DSM20176|AZDF01000039.1_14	FLUB|CP047121.1_738
DSM20176|AZDF01000039.1_14	MGYG|ENA|CABKOL020000106|CABKOL020000106.1_951
DSM20176|AZDF01000039.1_14	LH500|CP044119.1_617
DSM20176|AZDF01000004.1_92	DSM20176|AZDF01000004.1_92
DSM20176|AZDF01000004.1_92	LMG07934|CP050262.1_1547
DSM20176|AZDF01000004.1_92	LH500|CP044119.1_1458
DSM20176|AZDF01000004.1_92	MGYG|ENA|CABKOL020000102|CABKOL020000102.1_459
DSM20176|AZDF01000004.1_92	FLUB|CP047121.1_1662
DSM20176|AZDF01000040.1_1	DSM20176|AZDF01000040.1_1
DSM20176|AZDF01000040.1_1	MGYG|ENA|CABKOL020000106|CABKOL020000106.1_400
DSM20176|AZDF01000040.1_1	LMG07934|CP050262.1_113
DSM20176|AZDF01000040.1_1	LH500|CP044119.1_138
DSM20176|AZDF01000040.1_1	FLUB|CP047121.1_125
DSM20176|AZDF01000042.1_7	DSM20176|AZDF01000042.1_7
DSM20176|AZDF01000042.1_7	FLUB|CP047121.1_2025
DSM20176|AZDF01000042.1_7	MGYG|ENA|CABKOL020000099|CABKOL020000099.1_9
DSM20176|AZDF01000042.1_7	LH500|CP044119.1_1793
DSM20176|AZDF01000042.1_7	LMG07934|CP050262.1_1851
DSM20176|AZDF01000045.1_4	DSM20176|AZDF01000045.1_4
DSM20176|AZDF01000045.1_4	FLUB|CP047121.1_939
DSM20176|AZDF01000045.1_4	LH500|CP044119.1_733
DSM20176|AZDF01000045.1_4	LMG07934|CP050262.1_768
DSM20176|AZDF01000045.1_4	MGYG|ENA|CABKOL020000106|CABKOL020000106.1_1154
DSM20176|AZDF01000048.1_2	DSM20176|AZDF01000048.1_2
DSM20176|AZDF01000048.1_2	MGYG|ENA|CABKOL020000104|CABKOL020000104.1_97
DSM20176|AZDF01000048.1_2	LMG07934|CP050262.1_2390
DSM20176|AZDF01000048.1_2	FLUB|CP047121.1_2487
DSM20176|AZDF01000048.1_2	LH500|CP044119.1_2288
DSM20176|AZDF01000052.1_6	DSM20176|AZDF01000052.1_6
DSM20176|AZDF01000059.1_1	DSM20176|AZDF01000059.1_1
DSM20176|AZDF01000006.1_23	DSM20176|AZDF01000006.1_23
DSM20176|AZDF01000006.1_23	LMG07934|CP050262.1_80
DSM20176|AZDF01000006.1_23	MGYG|ENA|CABKOL020000106|CABKOL020000106.1_370
DSM20176|AZDF01000006.1_23	LH500|CP044119.1_100
DSM20176|AZDF01000006.1_23	FLUB|CP047121.1_95
DSM20176|AZDF01000006.1_55	DSM20176|AZDF01000006.1_55
DSM20176|AZDF01000006.1_55	LMG07934|CP050262.1_48
DSM20176|AZDF01000006.1_55	FLUB|CP047121.1_46
DSM20176|AZDF01000006.1_55	LH500|CP044119.1_68
DSM20176|AZDF01000006.1_55	MGYG|ENA|CABKOL020000106|CABKOL020000106.1_320
DSM20176|AZDF01000006.1_87	DSM20176|AZDF01000006.1_87
DSM20176|AZDF01000006.1_87	LMG07934|CP050262.1_18
DSM20176|AZDF01000006.1_87	FLUB|CP047121.1_18
DSM20176|AZDF01000006.1_87	LH500|CP044119.1_36
DSM20176|AZDF01000006.1_87	MGYG|ENA|CABKOL020000106|CABKOL020000106.1_292
DSM20176|AZDF01000064.1_2	DSM20176|AZDF01000064.1_2
DSM20176|AZDF01000064.1_2	LMG07934|CP050262.1_126
DSM20176|AZDF01000064.1_2	LH500|CP044119.1_143
DSM20176|AZDF01000007.1_8	DSM20176|AZDF01000007.1_8
DSM20176|AZDF01000007.1_8	MGYG|ENA|CABKOL020000106|CABKOL020000106.1_529
DSM20176|AZDF01000007.1_8	LH500|CP044119.1_252
DSM20176|AZDF01000007.1_8	FLUB|CP047121.1_253
DSM20176|AZDF01000007.1_8	LMG07934|CP050262.1_231
DSM20176|AZDF01000007.1_40	DSM20176|AZDF01000007.1_40
DSM20176|AZDF01000007.1_40	MGYG|ENA|CABKOL020000106|CABKOL020000106.1_498
DSM20176|AZDF01000007.1_40	LH500|CP044119.1_220
DSM20176|AZDF01000007.1_40	FLUB|CP047121.1_222
DSM20176|AZDF01000007.1_40	LMG07934|CP050262.1_200
DSM20176|AZDF01000007.1_72	DSM20176|AZDF01000007.1_72
DSM20176|AZDF01000007.1_72	LH500|CP044119.1_188
DSM20176|AZDF01000007.1_72	FLUB|CP047121.1_180
DSM20176|AZDF01000007.1_72	MGYG|ENA|CABKOL020000106|CABKOL020000106.1_455
DSM20176|AZDF01000007.1_72	LMG07934|CP050262.1_168
DSM20176|AZDF01000070.1_2	DSM20176|AZDF01000070.1_2
DSM20176|AZDF01000070.1_2	LH500|CP044119.1_2079
DSM20176|AZDF01000070.1_2	LMG07934|CP050262.1_2081
DSM20176|AZDF01000008.1_6	DSM20176|AZDF01000008.1_6
DSM20176|AZDF01000008.1_6	MGYG|ENA|CABKOL020000102|CABKOL020000102.1_422
DSM20176|AZDF01000008.1_6	FLUB|CP047121.1_1625
DSM20176|AZDF01000008.1_6	LH500|CP044119.1_1420
DSM20176|AZDF01000008.1_6	LMG07934|CP050262.1_1510
DSM20176|AZDF01000008.1_38	DSM20176|AZDF01000008.1_38
DSM20176|AZDF01000008.1_38	MGYG|ENA|CABKOL020000102|CABKOL020000102.1_390
DSM20176|AZDF01000008.1_38	FLUB|CP047121.1_1593
DSM20176|AZDF01000008.1_38	LH500|CP044119.1_1388
DSM20176|AZDF01000008.1_38	LMG07934|CP050262.1_1478
DSM20176|AZDF01000008.1_70	DSM20176|AZDF01000008.1_70
DSM20176|AZDF01000008.1_70	MGYG|ENA|CABKOL020000102|CABKOL020000102.1_355
DSM20176|AZDF01000008.1_70	FLUB|CP047121.1_1558
DSM20176|AZDF01000008.1_70	LH500|CP044119.1_1356
DSM20176|AZDF01000008.1_70	LMG07934|CP050262.1_1446
DSM20176|AZDF01000009.1_9	DSM20176|AZDF01000009.1_9
DSM20176|AZDF01000009.1_9	FLUB|CP047121.1_2473
DSM20176|AZDF01000009.1_9	LH500|CP044119.1_2268
DSM20176|AZDF01000009.1_9	LMG07934|CP050262.1_2367
DSM20176|AZDF01000009.1_9	MGYG|ENA|CABKOL020000104|CABKOL020000104.1_111
DSM20176|AZDF01000009.1_41	DSM20176|AZDF01000009.1_41
DSM20176|AZDF01000009.1_41	LH500|CP044119.1_2236
DSM20176|AZDF01000009.1_41	LMG07934|CP050262.1_2332
DSM20176|AZDF01000009.1_73	DSM20176|AZDF01000009.1_73
DSM20176|AZDF01000009.1_73	LH500|CP044119.1_2204
DSM20176|AZDF01000009.1_73	LMG07934|CP050262.1_2297
FLUB|CP047121.1_34	FLUB|CP047121.1_34
FLUB|CP047121.1_34	LH500|CP044119.1_52
FLUB|CP047121.1_34	MGYG|ENA|CABKOL020000106|CABKOL020000106.1_308
FLUB|CP047121.1_34	DSM20176|AZDF01000006.1_71
FLUB|CP047121.1_34	LMG07934|CP050262.1_34
FLUB|CP047121.1_130	FLUB|CP047121.1_130
FLUB|CP047121.1_130	MGYG|ENA|CABKOL020000106|CABKOL020000106.1_405
FLUB|CP047121.1_130	LMG07934|CP050262.1_127
FLUB|CP047121.1_130	LH500|CP044119.1_144
FLUB|CP047121.1_130	DSM20176|AZDF01000064.1_1
FLUB|CP047121.1_162	FLUB|CP047121.1_162
FLUB|CP047121.1_162	MGYG|ENA|CABKOL020000106|CABKOL020000106.1_436
FLUB|CP047121.1_162	LMG07934|CP050262.1_149
FLUB|CP047121.1_162	DSM20176|AZDF01000007.1_90
FLUB|CP047121.1_162	LH500|CP044119.1_170
FLUB|CP047121.1_194	FLUB|CP047121.1_194
FLUB|CP047121.1_194	MGYG|ENA|CABKOL020000106|CABKOL020000106.1_469
FLUB|CP047121.1_194	LMG07934|CP050262.1_182
FLUB|CP047121.1_194	DSM20176|AZDF01000007.1_58
FLUB|CP047121.1_194	LH500|CP044119.1_202
FLUB|CP047121.1_226	FLUB|CP047121.1_226
FLUB|CP047121.1_226	LMG07934|CP050262.1_204
FLUB|CP047121.1_226	MGYG|ENA|CABKOL020000106|CABKOL020000106.1_502
FLUB|CP047121.1_226	LH500|CP044119.1_224
FLUB|CP047121.1_226	DSM20176|AZDF01000007.1_36
FLUB|CP047121.1_290	FLUB|CP047121.1_290
FLUB|CP047121.1_290	LMG07934|CP050262.1_274
FLUB|CP047121.1_290	MGYG|ENA|CABKOL020000106|CABKOL020000106.1_567
FLUB|CP047121.1_290	DSM20176|AZDF01000019.1_22
FLUB|CP047121.1_290	LH500|CP044119.1_294
FLUB|CP047121.1_322	FLUB|CP047121.1_322
FLUB|CP047121.1_322	DSM20176|AZDF01000036.1_8
FLUB|CP047121.1_322	MGYG|ENA|CABKOL020000106|CABKOL020000106.1_599
FLUB|CP047121.1_322	LH500|CP044119.1_335
FLUB|CP047121.1_386	FLUB|CP047121.1_386
FLUB|CP047121.1_386	LH500|CP044119.1_375
FLUB|CP047121.1_386	MGYG|ENA|CABKOL020000106|CABKOL020000106.1_662
FLUB|CP047121.1_386	DSM20176|AZDF01000035.1_5
FLUB|CP047121.1_386	LMG07934|CP050262.1_346
FLUB|CP047121.1_418	FLUB|CP047121.1_418
FLUB|CP047121.1_418	DSM20176|AZDF01000003.1_111
FLUB|CP047121.1_418	LH500|CP044119.1_408
FLUB|CP047121.1_418	MGYG|ENA|CABKOL020000106|CABKOL020000106.1_694
FLUB|CP047121.1_418	LMG07934|CP050262.1_382
FLUB|CP047121.1_482	FLUB|CP047121.1_482
FLUB|CP047121.1_482	MGYG|ENA|CABKOL020000106|CABKOL020000106.1_758
FLUB|CP047121.1_482	LMG07934|CP050262.1_444
FLUB|CP047121.1_514	FLUB|CP047121.1_514
FLUB|CP047121.1_514	DSM20176|AZDF01000003.1_16
FLUB|CP047121.1_514	LH500|CP044119.1_505
FLUB|CP047121.1_514	MGYG|ENA|CABKOL020000106|CABKOL020000106.1_789
FLUB|CP047121.1_514	LMG07934|CP050262.1_479
FLUB|CP047121.1_578	FLUB|CP047121.1_578
FLUB|CP047121.1_610	FLUB|CP047121.1_610
FLUB|CP047121.1_642	FLUB|CP047121.1_642
FLUB|CP047121.1_642	LH500|CP044119.1_563
FLUB|CP047121.1_642	MGYG|ENA|CABKOL020000106|CABKOL020000106.1_853
FLUB|CP047121.1_642	LMG07934|CP050262.1_539
FLUB|CP047121.1_642	DSM20176|AZDF01000010.1_43
FLUB|CP047121.1_802	FLUB|CP047121.1_802
FLUB|CP047121.1_802	MGYG|ENA|CABKOL020000106|CABKOL020000106.1_1013
FLUB|CP047121.1_802	LMG07934|CP050262.1_635
FLUB|CP047121.1_866	FLUB|CP047121.1_866
FLUB|CP047121.1_898	FLUB|CP047121.1_898
FLUB|CP047121.1_898	LH500|CP044119.1_699
FLUB|CP047121.1_898	MGYG|ENA|CABKOL020000106|CABKOL020000106.1_1113
FLUB|CP047121.1_898	DSM20176|AZDF01000027.1_13
FLUB|CP047121.1_898	LMG07934|CP050262.1_734
FLUB|CP047121.1_930	FLUB|CP047121.1_930
FLUB|CP047121.1_930	LH500|CP044119.1_725
FLUB|CP047121.1_930	LMG07934|CP050262.1_759
FLUB|CP047121.1_930	MGYG|ENA|CABKOL020000106|CABKOL020000106.1_1145
FLUB|CP047121.1_930	DSM20176|AZDF01000054.1_2
FLUB|CP047121.1_962	FLUB|CP047121.1_962
FLUB|CP047121.1_962	DSM20176|AZDF01000031.1_13
FLUB|CP047121.1_962	LMG07934|CP050262.1_786
FLUB|CP047121.1_962	LH500|CP044119.1_761
FLUB|CP047121.1_962	MGYG|ENA|CABKOL020000106|CABKOL020000106.1_1179
FLUB|CP047121.1_994	FLUB|CP047121.1_994
FLUB|CP047121.1_994	DSM20176|AZDF01000016.1_33
FLUB|CP047121.1_994	LMG07934|CP050262.1_819
FLUB|CP047121.1_994	LH500|CP044119.1_794
FLUB|CP047121.1_994	MGYG|ENA|CABKOL020000106|CABKOL020000106.1_1211
FLUB|CP047121.1_1026	FLUB|CP047121.1_1026
FLUB|CP047121.1_1026	LH500|CP044119.1_825
FLUB|CP047121.1_1026	LMG07934|CP050262.1_852
FLUB|CP047121.1_1026	MGYG|ENA|CABKOL020000106|CABKOL020000106.1_1244
FLUB|CP047121.1_1090	FLUB|CP047121.1_1090
FLUB|CP047121.1_1090	MGYG|ENA|CABKOL020000106|CABKOL020000106.1_1310
FLUB|CP047121.1_1090	DSM20176|AZDF01000030.1_27
FLUB|CP047121.1_1090	LH500|CP044119.1_873
FLUB|CP047121.1_1090	LMG07934|CP050262.1_900
FLUB|CP047121.1_1122	FLUB|CP047121.1_1122
FLUB|CP047121.1_1122	MGYG|ENA|CABKOL020000095|CABKOL020000095.1_29
FLUB|CP047121.1_1122	DSM20176|AZDF01000005.1_84
FLUB|CP047121.1_1122	LH500|CP044119.1_904
FLUB|CP047121.1_1122	LMG07934|CP050262.1_931
FLUB|CP047121.1_1186	FLUB|CP047121.1_1186
FLUB|CP047121.1_1186	DSM20176|AZDF01000005.1_20
FLUB|CP047121.1_1186	MGYG|ENA|CABKOL020000095|CABKOL020000095.1_94
FLUB|CP047121.1_1186	LH500|CP044119.1_968
FLUB|CP047121.1_1186	LMG07934|CP050262.1_995
FLUB|CP047121.1_1218	FLUB|CP047121.1_1218
FLUB|CP047121.1_1218	DSM20176|AZDF01000002.1_208
FLUB|CP047121.1_1218	MGYG|ENA|CABKOL020000102|CABKOL020000102.1_12
FLUB|CP047121.1_1218	LMG07934|CP050262.1_1027
FLUB|CP047121.1_1218	LH500|CP044119.1_1006
FLUB|CP047121.1_1250	FLUB|CP047121.1_1250
FLUB|CP047121.1_1250	DSM20176|AZDF01000002.1_177
FLUB|CP047121.1_1250	MGYG|ENA|CABKOL020000102|CABKOL020000102.1_44
FLUB|CP047121.1_1250	LMG07934|CP050262.1_1058
FLUB|CP047121.1_1250	LH500|CP044119.1_1037
FLUB|CP047121.1_1282	FLUB|CP047121.1_1282
FLUB|CP047121.1_1282	DSM20176|AZDF01000002.1_148
FLUB|CP047121.1_1282	MGYG|ENA|CABKOL020000102|CABKOL020000102.1_77
FLUB|CP047121.1_1282	LMG07934|CP050262.1_1090
FLUB|CP047121.1_1282	LH500|CP044119.1_1066
FLUB|CP047121.1_1314	FLUB|CP047121.1_1314
FLUB|CP047121.1_1314	DSM20176|AZDF01000002.1_115
FLUB|CP047121.1_1314	MGYG|ENA|CABKOL020000102|CABKOL020000102.1_109
FLUB|CP047121.1_1314	LMG07934|CP050262.1_1122
FLUB|CP047121.1_1314	LH500|CP044119.1_1099
FLUB|CP047121.1_1346	FLUB|CP047121.1_1346
FLUB|CP047121.1_1346	DSM20176|AZDF01000002.1_83
FLUB|CP047121.1_1346	LMG07934|CP050262.1_1153
FLUB|CP047121.1_1346	MGYG|ENA|CABKOL020000102|CABKOL020000102.1_141
FLUB|CP047121.1_1346	LH500|CP044119.1_1131
FLUB|CP047121.1_1378	FLUB|CP047121.1_1378
FLUB|CP047121.1_1378	LMG07934|CP050262.1_1184
FLUB|CP047121.1_1378	DSM20176|AZDF01000002.1_52
FLUB|CP047121.1_1378	MGYG|ENA|CABKOL020000102|CABKOL020000102.1_173
FLUB|CP047121.1_1378	LH500|CP044119.1_1162
FLUB|CP047121.1_1474	FLUB|CP047121.1_1474
FLUB|CP047121.1_1474	LH500|CP044119.1_1268
FLUB|CP047121.1_1474	LMG07934|CP050262.1_1361
FLUB|CP047121.1_1474	MGYG|ENA|CABKOL020000102|CABKOL020000102.1_271
FLUB|CP047121.1_1474	DSM20176|AZDF01000013.1_5
FLUB|CP047121.1_1506	FLUB|CP047121.1_1506
FLUB|CP047121.1_1506	LH500|CP044119.1_1300
FLUB|CP047121.1_1506	LMG07934|CP050262.1_1393
FLUB|CP047121.1_1506	MGYG|ENA|CABKOL020000102|CABKOL020000102.1_303
FLUB|CP047121.1_1506	DSM20176|AZDF01000013.1_37
FLUB|CP047121.1_1538	FLUB|CP047121.1_1538
FLUB|CP047121.1_1538	LH500|CP044119.1_1334
FLUB|CP047121.1_1538	LMG07934|CP050262.1_1426
FLUB|CP047121.1_1538	DSM20176|AZDF01000047.1_1
FLUB|CP047121.1_1538	MGYG|ENA|CABKOL020000102|CABKOL020000102.1_335
FLUB|CP047121.1_1570	FLUB|CP047121.1_1570
FLUB|CP047121.1_1570	LH500|CP044119.1_1369
FLUB|CP047121.1_1570	LMG07934|CP050262.1_1460
FLUB|CP047121.1_1570	DSM20176|AZDF01000008.1_57
FLUB|CP047121.1_1570	MGYG|ENA|CABKOL020000102|CABKOL020000102.1_367
FLUB|CP047121.1_1602	FLUB|CP047121.1_1602
FLUB|CP047121.1_1602	LH500|CP044119.1_1397
FLUB|CP047121.1_1602	LMG07934|CP050262.1_1487
FLUB|CP047121.1_1602	DSM20176|AZDF01000008.1_29
FLUB|CP047121.1_1602	MGYG|ENA|CABKOL020000102|CABKOL020000102.1_399
FLUB|CP047121.1_1634	FLUB|CP047121.1_1634
FLUB|CP047121.1_1634	LMG07934|CP050262.1_1519
FLUB|CP047121.1_1634	LH500|CP044119.1_1430
FLUB|CP047121.1_1634	MGYG|ENA|CABKOL020000102|CABKOL020000102.1_431
FLUB|CP047121.1_1634	DSM20176|AZDF01000004.1_120
FLUB|CP047121.1_1666	FLUB|CP047121.1_1666
FLUB|CP047121.1_1666	LMG07934|CP050262.1_1551
FLUB|CP047121.1_1666	LH500|CP044119.1_1463
FLUB|CP047121.1_1666	MGYG|ENA|CABKOL020000102|CABKOL020000102.1_463
FLUB|CP047121.1_1666	DSM20176|AZDF01000004.1_87
FLUB|CP047121.1_1698	FLUB|CP047121.1_1698
FLUB|CP047121.1_1698	LMG07934|CP050262.1_1583
FLUB|CP047121.1_1698	LH500|CP044119.1_1495
FLUB|CP047121.1_1698	MGYG|ENA|CABKOL020000102|CABKOL020000102.1_495
FLUB|CP047121.1_1698	DSM20176|AZDF01000004.1_55
FLUB|CP047121.1_1730	FLUB|CP047121.1_1730
FLUB|CP047121.1_1730	LMG07934|CP050262.1_1616
FLUB|CP047121.1_1730	LH500|CP044119.1_1528
FLUB|CP047121.1_1730	MGYG|ENA|CABKOL020000102|CABKOL020000102.1_527
FLUB|CP047121.1_1730	DSM20176|AZDF01000004.1_22
FLUB|CP047121.1_1762	FLUB|CP047121.1_1762
FLUB|CP047121.1_1762	LMG07934|CP050262.1_1647
FLUB|CP047121.1_1762	LH500|CP044119.1_1559
FLUB|CP047121.1_1762	DSM20176|AZDF01000017.1_33
FLUB|CP047121.1_1762	MGYG|ENA|CABKOL020000102|CABKOL020000102.1_559
FLUB|CP047121.1_1794	FLUB|CP047121.1_1794
FLUB|CP047121.1_1794	LMG07934|CP050262.1_1679
FLUB|CP047121.1_1794	LH500|CP044119.1_1590
FLUB|CP047121.1_1794	DSM20176|AZDF01000017.1_2
FLUB|CP047121.1_1794	MGYG|ENA|CABKOL020000102|CABKOL020000102.1_591
FLUB|CP047121.1_1826	FLUB|CP047121.1_1826
FLUB|CP047121.1_1826	LH500|CP044119.1_594
FLUB|CP047121.1_1826	LMG07934|CP050262.1_1711
FLUB|CP047121.1_1826	FLUB|CP047121.1_711
FLUB|CP047121.1_1826	LMG07934|CP050262.1_576
FLUB|CP047121.1_1858	FLUB|CP047121.1_1858
FLUB|CP047121.1_1890	FLUB|CP047121.1_1890
FLUB|CP047121.1_1890	LMG07934|CP050262.1_1774
FLUB|CP047121.1_1890	LH500|CP044119.1_1717
FLUB|CP047121.1_1890	DSM20176|AZDF01000014.1_34
FLUB|CP047121.1_1890	MGYG|ENA|CABKOL020000102|CABKOL020000102.1_687
FLUB|CP047121.1_1922	FLUB|CP047121.1_1922
FLUB|CP047121.1_1954	FLUB|CP047121.1_1954
FLUB|CP047121.1_1986	FLUB|CP047121.1_1986
FLUB|CP047121.1_1986	LH500|CP044119.1_1754
FLUB|CP047121.1_1986	LMG07934|CP050262.1_1812
FLUB|CP047121.1_1986	DSM20176|AZDF01000012.1_19
FLUB|CP047121.1_1986	MGYG|ENA|CABKOL020000099|CABKOL020000099.1_49
FLUB|CP047121.1_2018	FLUB|CP047121.1_2018
FLUB|CP047121.1_2018	LH500|CP044119.1_1786
FLUB|CP047121.1_2018	LMG07934|CP050262.1_1844
FLUB|CP047121.1_2018	DSM20176|AZDF01000012.1_51
FLUB|CP047121.1_2018	MGYG|ENA|CABKOL020000099|CABKOL020000099.1_16
FLUB|CP047121.1_2082	FLUB|CP047121.1_2082
FLUB|CP047121.1_2082	DSM20176|AZDF01000001.1_47
FLUB|CP047121.1_2082	LMG07934|CP050262.1_1904
FLUB|CP047121.1_2082	LH500|CP044119.1_1901
FLUB|CP047121.1_2082	MGYG|ENA|CABKOL020000104|CABKOL020000104.1_503
FLUB|CP047121.1_2114	FLUB|CP047121.1_2114
FLUB|CP047121.1_2114	DSM20176|AZDF01000001.1_79
FLUB|CP047121.1_2114	LMG07934|CP050262.1_1936
FLUB|CP047121.1_2114	LH500|CP044119.1_1933
FLUB|CP047121.1_2114	MGYG|ENA|CABKOL020000104|CABKOL020000104.1_471
FLUB|CP047121.1_2146	FLUB|CP047121.1_2146
FLUB|CP047121.1_2146	DSM20176|AZDF01000001.1_110
FLUB|CP047121.1_2146	LMG07934|CP050262.1_1967
FLUB|CP047121.1_2146	LH500|CP044119.1_1964
FLUB|CP047121.1_2146	MGYG|ENA|CABKOL020000104|CABKOL020000104.1_439
FLUB|CP047121.1_2178	FLUB|CP047121.1_2178
FLUB|CP047121.1_2178	DSM20176|AZDF01000001.1_143
FLUB|CP047121.1_2178	LMG07934|CP050262.1_2000
FLUB|CP047121.1_2178	LH500|CP044119.1_1997
FLUB|CP047121.1_2178	MGYG|ENA|CABKOL020000104|CABKOL020000104.1_407
FLUB|CP047121.1_2210	FLUB|CP047121.1_2210
FLUB|CP047121.1_2210	DSM20176|AZDF01000001.1_174
FLUB|CP047121.1_2210	LMG07934|CP050262.1_2031
FLUB|CP047121.1_2210	LH500|CP044119.1_2028
FLUB|CP047121.1_2210	MGYG|ENA|CABKOL020000104|CABKOL020000104.1_375
FLUB|CP047121.1_2338	FLUB|CP047121.1_2338
FLUB|CP047121.1_2338	LMG07934|CP050262.1_2147
FLUB|CP047121.1_2338	MGYG|ENA|CABKOL020000104|CABKOL020000104.1_247
FLUB|CP047121.1_2370	FLUB|CP047121.1_2370
FLUB|CP047121.1_2370	LMG07934|CP050262.1_2180
FLUB|CP047121.1_2370	MGYG|ENA|CABKOL020000104|CABKOL020000104.1_215
FLUB|CP047121.1_2434	FLUB|CP047121.1_2434
FLUB|CP047121.1_2434	LH500|CP044119.1_2150
FLUB|CP047121.1_2434	DSM20176|AZDF01000020.1_7
FLUB|CP047121.1_2434	LMG07934|CP050262.1_2245
FLUB|CP047121.1_2434	MGYG|ENA|CABKOL020000104|CABKOL020000104.1_149
FLUB|CP047121.1_2626	FLUB|CP047121.1_2626
FLUB|CP047121.1_2626	LMG07934|CP050262.1_2507
FLUB|CP047121.1_2626	MGYG|ENA|CABKOL020000106|CABKOL020000106.1_42
FLUB|CP047121.1_2658	FLUB|CP047121.1_2658
FLUB|CP047121.1_2658	LH500|CP044119.1_2413
FLUB|CP047121.1_2658	DSM20176|AZDF01000058.1_5
FLUB|CP047121.1_2658	LMG07934|CP050262.1_2535
FLUB|CP047121.1_2658	MGYG|ENA|CABKOL020000106|CABKOL020000106.1_74
FLUB|CP047121.1_2690	FLUB|CP047121.1_2690
FLUB|CP047121.1_2690	DSM20176|AZDF01000015.1_18
FLUB|CP047121.1_2690	LMG07934|CP050262.1_2564
FLUB|CP047121.1_2690	LH500|CP044119.1_2443
FLUB|CP047121.1_2690	MGYG|ENA|CABKOL020000106|CABKOL020000106.1_106
FLUB|CP047121.1_2754	FLUB|CP047121.1_2754
FLUB|CP047121.1_2754	LH500|CP044119.1_2482
FLUB|CP047121.1_2754	LMG07934|CP050262.1_2605
FLUB|CP047121.1_2754	DSM20176|AZDF01000022.1_22
FLUB|CP047121.1_2754	MGYG|ENA|CABKOL020000106|CABKOL020000106.1_167
FLUB|CP047121.1_2818	FLUB|CP047121.1_2818
FLUB|CP047121.1_2818	LMG07934|CP050262.1_2668
FLUB|CP047121.1_2818	DSM20176|AZDF01000028.1_13
FLUB|CP047121.1_2818	LH500|CP044119.1_2540
FLUB|CP047121.1_2818	MGYG|ENA|CABKOL020000106|CABKOL020000106.1_231
FLUB|CP047121.1_2850	FLUB|CP047121.1_2850
FLUB|CP047121.1_2850	LMG07934|CP050262.1_2702
FLUB|CP047121.1_2850	DSM20176|AZDF01000024.1_19
FLUB|CP047121.1_2850	MGYG|ENA|CABKOL020000106|CABKOL020000106.1_263
FLUB|CP047121.1_2850	LH500|CP044119.1_2575
FLUB|CP047122.1_21	FLUB|CP047122.1_21
FLUB|CP047123.1_5	FLUB|CP047123.1_5
FLUB|CP047123.1_5	MGYG|ENA|CABKOL020000066|CABKOL020000066.1_1
FLUB|CP047123.1_5	MGYG|ENA|CABKOL020000073|CABKOL020000073.1_1
FLUB|CP047123.1_37	FLUB|CP047123.1_37
LMG07934|CP050262.1_11	LMG07934|CP050262.1_11
LMG07934|CP050262.1_11	FLUB|CP047121.1_11
LMG07934|CP050262.1_11	MGYG|ENA|CABKOL020000106|CABKOL020000106.1_285
LMG07934|CP050262.1_11	DSM20176|AZDF01000006.1_110
LMG07934|CP050262.1_11	LH500|CP044119.1_12
LMG07934|CP050262.1_43	LMG07934|CP050262.1_43
LMG07934|CP050262.1_43	DSM20176|AZDF01000006.1_62
LMG07934|CP050262.1_43	FLUB|CP047121.1_43
LMG07934|CP050262.1_43	LH500|CP044119.1_61
LMG07934|CP050262.1_43	MGYG|ENA|CABKOL020000106|CABKOL020000106.1_317
LMG07934|CP050262.1_107	LMG07934|CP050262.1_107
LMG07934|CP050262.1_107	DSM20176|AZDF01000040.1_7
LMG07934|CP050262.1_107	LH500|CP044119.1_132
LMG07934|CP050262.1_107	FLUB|CP047121.1_119
LMG07934|CP050262.1_107	MGYG|ENA|CABKOL020000106|CABKOL020000106.1_394
LMG07934|CP050262.1_139	LMG07934|CP050262.1_139
LMG07934|CP050262.1_139	LH500|CP044119.1_160
LMG07934|CP050262.1_139	FLUB|CP047121.1_152
LMG07934|CP050262.1_139	DSM20176|AZDF01000007.1_100
LMG07934|CP050262.1_139	MGYG|ENA|CABKOL020000106|CABKOL020000106.1_426
LMG07934|CP050262.1_171	LMG07934|CP050262.1_171
LMG07934|CP050262.1_171	LH500|CP044119.1_191
LMG07934|CP050262.1_171	FLUB|CP047121.1_183
LMG07934|CP050262.1_171	DSM20176|AZDF01000007.1_69
LMG07934|CP050262.1_171	MGYG|ENA|CABKOL020000106|CABKOL020000106.1_458
LMG07934|CP050262.1_235	LMG07934|CP050262.1_235
LMG07934|CP050262.1_235	FLUB|CP047121.1_259
LMG07934|CP050262.1_235	MGYG|ENA|CABKOL020000106|CABKOL020000106.1_535
LMG07934|CP050262.1_235	LH500|CP044119.1_256
LMG07934|CP050262.1_235	DSM20176|AZDF01000007.1_4
LMG07934|CP050262.1_267	LMG07934|CP050262.1_267
LMG07934|CP050262.1_267	MGYG|ENA|CABKOL020000106|CABKOL020000106.1_559
LMG07934|CP050262.1_267	DSM20176|AZDF01000019.1_15
LMG07934|CP050262.1_267	LH500|CP044119.1_286
LMG07934|CP050262.1_267	FLUB|CP047121.1_283
LMG07934|CP050262.1_363	LMG07934|CP050262.1_363
LMG07934|CP050262.1_395	LMG07934|CP050262.1_395
LMG07934|CP050262.1_427	LMG07934|CP050262.1_427
LMG07934|CP050262.1_427	FLUB|CP047121.1_465
LMG07934|CP050262.1_427	LH500|CP044119.1_455
LMG07934|CP050262.1_427	DSM20176|AZDF01000003.1_65
LMG07934|CP050262.1_427	MGYG|ENA|CABKOL020000106|CABKOL020000106.1_741
LMG07934|CP050262.1_459	LMG07934|CP050262.1_459
LMG07934|CP050262.1_459	FLUB|CP047121.1_494
LMG07934|CP050262.1_459	LH500|CP044119.1_485
LMG07934|CP050262.1_459	MGYG|ENA|CABKOL020000106|CABKOL020000106.1_770
LMG07934|CP050262.1_459	DSM20176|AZDF01000003.1_35
LMG07934|CP050262.1_491	LMG07934|CP050262.1_491
LMG07934|CP050262.1_491	FLUB|CP047121.1_527
LMG07934|CP050262.1_491	LH500|CP044119.1_517
LMG07934|CP050262.1_491	MGYG|ENA|CABKOL020000106|CABKOL020000106.1_801
LMG07934|CP050262.1_491	DSM20176|AZDF01000003.1_4
LMG07934|CP050262.1_555	LMG07934|CP050262.1_555
LMG07934|CP050262.1_619	LMG07934|CP050262.1_619
LMG07934|CP050262.1_651	LMG07934|CP050262.1_651
LMG07934|CP050262.1_683	LMG07934|CP050262.1_683
LMG07934|CP050262.1_811	LMG07934|CP050262.1_811
LMG07934|CP050262.1_811	LH500|CP044119.1_786
LMG07934|CP050262.1_811	MGYG|ENA|CABKOL020000106|CABKOL020000106.1_1203
LMG07934|CP050262.1_811	DSM20176|AZDF01000016.1_41
LMG07934|CP050262.1_811	FLUB|CP047121.1_986
LMG07934|CP050262.1_907	LMG07934|CP050262.1_907
LMG07934|CP050262.1_907	DSM20176|AZDF01000005.1_108
LMG07934|CP050262.1_907	FLUB|CP047121.1_1097
LMG07934|CP050262.1_907	MGYG|ENA|CABKOL020000095|CABKOL020000095.1_5
LMG07934|CP050262.1_907	LH500|CP044119.1_880
LMG07934|CP050262.1_1003	LMG07934|CP050262.1_1003
LMG07934|CP050262.1_1003	DSM20176|AZDF01000005.1_12
LMG07934|CP050262.1_1003	FLUB|CP047121.1_1194
LMG07934|CP050262.1_1003	MGYG|ENA|CABKOL020000095|CABKOL020000095.1_102
LMG07934|CP050262.1_1003	LH500|CP044119.1_976
LMG07934|CP050262.1_1035	LMG07934|CP050262.1_1035
LMG07934|CP050262.1_1035	LH500|CP044119.1_1014
LMG07934|CP050262.1_1035	FLUB|CP047121.1_1226
LMG07934|CP050262.1_1035	DSM20176|AZDF01000002.1_200
LMG07934|CP050262.1_1035	MGYG|ENA|CABKOL020000102|CABKOL020000102.1_20
LMG07934|CP050262.1_1163	LMG07934|CP050262.1_1163
LMG07934|CP050262.1_1163	MGYG|ENA|CABKOL020000102|CABKOL020000102.1_151
LMG07934|CP050262.1_1163	LH500|CP044119.1_1141
LMG07934|CP050262.1_1163	FLUB|CP047121.1_1356
LMG07934|CP050262.1_1163	DSM20176|AZDF01000002.1_73
LMG07934|CP050262.1_1195	LMG07934|CP050262.1_1195
LMG07934|CP050262.1_1195	MGYG|ENA|CABKOL020000102|CABKOL020000102.1_184
LMG07934|CP050262.1_1195	LH500|CP044119.1_1173
LMG07934|CP050262.1_1195	FLUB|CP047121.1_1389
LMG07934|CP050262.1_1195	DSM20176|AZDF01000002.1_42
LMG07934|CP050262.1_1259	LMG07934|CP050262.1_1259
LMG07934|CP050262.1_1291	LMG07934|CP050262.1_1291
LMG07934|CP050262.1_1355	LMG07934|CP050262.1_1355
LMG07934|CP050262.1_1355	MGYG|ENA|CABKOL020000102|CABKOL020000102.1_265
LMG07934|CP050262.1_1355	DSM20176|AZDF01000018.1_34
LMG07934|CP050262.1_1355	FLUB|CP047121.1_1468
LMG07934|CP050262.1_1355	LH500|CP044119.1_1262
LMG07934|CP050262.1_1387	LMG07934|CP050262.1_1387
LMG07934|CP050262.1_1387	MGYG|ENA|CABKOL020000102|CABKOL020000102.1_297
LMG07934|CP050262.1_1387	DSM20176|AZDF01000013.1_31
LMG07934|CP050262.1_1387	FLUB|CP047121.1_1500
LMG07934|CP050262.1_1387	LH500|CP044119.1_1294
LMG07934|CP050262.1_1579	LMG07934|CP050262.1_1579
LMG07934|CP050262.1_1579	LH500|CP044119.1_1491
LMG07934|CP050262.1_1579	MGYG|ENA|CABKOL020000102|CABKOL020000102.1_491
LMG07934|CP050262.1_1579	FLUB|CP047121.1_1694
LMG07934|CP050262.1_1579	DSM20176|AZDF01000004.1_59
LMG07934|CP050262.1_1611	LMG07934|CP050262.1_1611
LMG07934|CP050262.1_1643	LMG07934|CP050262.1_1643
LMG07934|CP050262.1_1643	LH500|CP044119.1_1555
LMG07934|CP050262.1_1643	DSM20176|AZDF01000017.1_37
LMG07934|CP050262.1_1675	LMG07934|CP050262.1_1675
LMG07934|CP050262.1_1675	LH500|CP044119.1_1586
LMG07934|CP050262.1_1675	DSM20176|AZDF01000017.1_6
LMG07934|CP050262.1_1675	MGYG|ENA|CABKOL020000102|CABKOL020000102.1_587
LMG07934|CP050262.1_1675	FLUB|CP047121.1_1790
LMG07934|CP050262.1_1739	LMG07934|CP050262.1_1739
LMG07934|CP050262.1_1739	LH500|CP044119.1_1653
LMG07934|CP050262.1_1739	MGYG|ENA|CABKOL020000102|CABKOL020000102.1_652
LMG07934|CP050262.1_1739	DSM20176|AZDF01000023.1_28
LMG07934|CP050262.1_1739	FLUB|CP047121.1_1856
LMG07934|CP050262.1_1771	LMG07934|CP050262.1_1771
LMG07934|CP050262.1_1771	LH500|CP044119.1_1714
LMG07934|CP050262.1_1771	DSM20176|AZDF01000014.1_31
LMG07934|CP050262.1_1771	MGYG|ENA|CABKOL020000102|CABKOL020000102.1_684
LMG07934|CP050262.1_1771	FLUB|CP047121.1_1887
LMG07934|CP050262.1_1899	LMG07934|CP050262.1_1899
LMG07934|CP050262.1_1899	MGYG|ENA|CABKOL020000104|CABKOL020000104.1_508
LMG07934|CP050262.1_1899	LH500|CP044119.1_1896
LMG07934|CP050262.1_1899	FLUB|CP047121.1_2077
LMG07934|CP050262.1_1899	DSM20176|AZDF01000001.1_42
LMG07934|CP050262.1_1931	LMG07934|CP050262.1_1931
LMG07934|CP050262.1_1931	MGYG|ENA|CABKOL020000104|CABKOL020000104.1_476
LMG07934|CP050262.1_1931	LH500|CP044119.1_1928
LMG07934|CP050262.1_1931	FLUB|CP047121.1_2109
LMG07934|CP050262.1_1931	DSM20176|AZDF01000001.1_74
LMG07934|CP050262.1_1963	LMG07934|CP050262.1_1963
LMG07934|CP050262.1_1963	MGYG|ENA|CABKOL020000104|CABKOL020000104.1_444
LMG07934|CP050262.1_1963	LH500|CP044119.1_1960
LMG07934|CP050262.1_1963	FLUB|CP047121.1_2141
LMG07934|CP050262.1_1963	DSM20176|AZDF01000001.1_106
LMG07934|CP050262.1_2123	LMG07934|CP050262.1_2123
LMG07934|CP050262.1_2251	LMG07934|CP050262.1_2251
LMG07934|CP050262.1_2251	FLUB|CP047121.1_2439
LMG07934|CP050262.1_2251	MGYG|ENA|CABKOL020000104|CABKOL020000104.1_144
LMG07934|CP050262.1_2251	LH500|CP044119.1_2156
LMG07934|CP050262.1_2251	DSM20176|AZDF01000020.1_13
LMG07934|CP050262.1_2443	LMG07934|CP050262.1_2443
LMG07934|CP050262.1_2443	MGYG|ENA|CABKOL020000104|CABKOL020000104.1_27
LMG07934|CP050262.1_2443	LH500|CP044119.1_2332
LMG07934|CP050262.1_2443	DSM20176|AZDF01000011.1_29
LMG07934|CP050262.1_2443	FLUB|CP047121.1_2557
LMG07934|CP050262.1_2475	LMG07934|CP050262.1_2475
LMG07934|CP050262.1_2475	LH500|CP044119.1_2363
LMG07934|CP050262.1_2475	MGYG|ENA|CABKOL020000106|CABKOL020000106.1_5
LMG07934|CP050262.1_2475	DSM20176|AZDF01000021.1_5
LMG07934|CP050262.1_2475	FLUB|CP047121.1_2589
LMG07934|CP050262.1_2539	LMG07934|CP050262.1_2539
LMG07934|CP050262.1_2635	LMG07934|CP050262.1_2635
LMG07934|CP050262.1_2635	FLUB|CP047121.1_2787
LMG07934|CP050262.1_2635	DSM20176|AZDF01000034.1_14
LMG07934|CP050262.1_2635	LH500|CP044119.1_2510
LMG07934|CP050262.1_2635	MGYG|ENA|CABKOL020000106|CABKOL020000106.1_200
LH500|CP044119.1_50	LH500|CP044119.1_50
LH500|CP044119.1_50	MGYG|ENA|CABKOL020000106|CABKOL020000106.1_306
LH500|CP044119.1_50	DSM20176|AZDF01000006.1_73
LH500|CP044119.1_50	LMG07934|CP050262.1_32
LH500|CP044119.1_50	FLUB|CP047121.1_32
LH500|CP044119.1_82	LH500|CP044119.1_82
LH500|CP044119.1_82	FLUB|CP047121.1_79
LH500|CP044119.1_82	DSM20176|AZDF01000006.1_41
LH500|CP044119.1_82	LMG07934|CP050262.1_61
LH500|CP044119.1_82	MGYG|ENA|CABKOL020000106|CABKOL020000106.1_354
LH500|CP044119.1_114	LH500|CP044119.1_114
LH500|CP044119.1_114	FLUB|CP047121.1_104
LH500|CP044119.1_114	MGYG|ENA|CABKOL020000106|CABKOL020000106.1_379
LH500|CP044119.1_114	DSM20176|AZDF01000006.1_9
LH500|CP044119.1_178	LH500|CP044119.1_178
LH500|CP044119.1_178	FLUB|CP047121.1_170
LH500|CP044119.1_178	DSM20176|AZDF01000007.1_82
LH500|CP044119.1_178	MGYG|ENA|CABKOL020000106|CABKOL020000106.1_444
LH500|CP044119.1_178	LMG07934|CP050262.1_157
LH500|CP044119.1_210	LH500|CP044119.1_210
LH500|CP044119.1_210	FLUB|CP047121.1_202
LH500|CP044119.1_210	DSM20176|AZDF01000007.1_50
LH500|CP044119.1_210	MGYG|ENA|CABKOL020000106|CABKOL020000106.1_477
LH500|CP044119.1_210	LMG07934|CP050262.1_190
LH500|CP044119.1_242	LH500|CP044119.1_242
LH500|CP044119.1_242	DSM20176|AZDF01000007.1_18
LH500|CP044119.1_242	FLUB|CP047121.1_243
LH500|CP044119.1_242	LMG07934|CP050262.1_221
LH500|CP044119.1_242	MGYG|ENA|CABKOL020000106|CABKOL020000106.1_519
LH500|CP044119.1_274	LH500|CP044119.1_274
LH500|CP044119.1_274	FLUB|CP047121.1_270
LH500|CP044119.1_274	LMG07934|CP050262.1_255
LH500|CP044119.1_274	MGYG|ENA|CABKOL020000106|CABKOL020000106.1_546
LH500|CP044119.1_274	DSM20176|AZDF01000019.1_2
LH500|CP044119.1_306	LH500|CP044119.1_306
LH500|CP044119.1_306	LMG07934|CP050262.1_285
LH500|CP044119.1_306	DSM20176|AZDF01000019.1_34
LH500|CP044119.1_370	LH500|CP044119.1_370
LH500|CP044119.1_370	LH500|CP044119.1_1426
LH500|CP044119.1_370	LH500|CP044119.1_2293
LH500|CP044119.1_370	LH500|CP044119.1_600
LH500|CP044119.1_370	LH500|CP044119.1_1660
LH500|CP044119.1_370	LH500|CP044119.1_2460
LH500|CP044119.1_370	LH500|CP044119.1_2556
LH500|CP044119.1_370	LH500|CP044119.1_157
LH500|CP044119.1_370	LH500|CP044119.1_2397
LH500|CP044119.1_370	LH500|CP044119.1_2527
LH500|CP044119.1_370	LH500|CP044119.1_2112
LH500|CP044119.1_370	LH500|CP044119.1_641
LH500|CP044119.1_370	LH500|CP044119.1_1217
LH500|CP044119.1_370	LH500|CP044119.1_2081
LH500|CP044119.1_370	LH500|CP044119.1_2497
LH500|CP044119.1_370	LH500|CP044119.1_995
LH500|CP044119.1_370	LH500|CP044119.1_260
LH500|CP044119.1_370	LH500|CP044119.1_325
LH500|CP044119.1_370	LH500|CP044119.1_714
LH500|CP044119.1_370	LH500|CP044119.1_139
LH500|CP044119.1_370	LH500|CP044119.1_651
LH500|CP044119.1_370	LH500|CP044119.1_779
LH500|CP044119.1_370	LH500|CP044119.1_685
LH500|CP044119.1_402	LH500|CP044119.1_402
LH500|CP044119.1_402	MGYG|ENA|CABKOL020000106|CABKOL020000106.1_688
LH500|CP044119.1_402	DSM20176|AZDF01000003.1_117
LH500|CP044119.1_402	LMG07934|CP050262.1_376
LH500|CP044119.1_402	FLUB|CP047121.1_412
LH500|CP044119.1_434	LH500|CP044119.1_434
LH500|CP044119.1_434	MGYG|ENA|CABKOL020000106|CABKOL020000106.1_719
LH500|CP044119.1_434	DSM20176|AZDF01000003.1_86
LH500|CP044119.1_434	LMG07934|CP050262.1_410
LH500|CP044119.1_434	FLUB|CP047121.1_443
LH500|CP044119.1_498	LH500|CP044119.1_498
LH500|CP044119.1_498	MGYG|ENA|CABKOL020000106|CABKOL020000106.1_783
LH500|CP044119.1_498	DSM20176|AZDF01000003.1_22
LH500|CP044119.1_498	LMG07934|CP050262.1_473
LH500|CP044119.1_498	FLUB|CP047121.1_508
LH500|CP044119.1_530	LH500|CP044119.1_530
LH500|CP044119.1_530	MGYG|ENA|CABKOL020000106|CABKOL020000106.1_816
LH500|CP044119.1_530	LMG07934|CP050262.1_504
LH500|CP044119.1_530	DSM20176|AZDF01000010.1_10
LH500|CP044119.1_530	FLUB|CP047121.1_541
LH500|CP044119.1_626	LH500|CP044119.1_626
LH500|CP044119.1_626	LH500|CP044119.1_1812
LH500|CP044119.1_626	DSM20176|AZDF01000096.1_2
LH500|CP044119.1_626	LH500|CP044119.1_603
LH500|CP044119.1_626	LMG07934|CP050262.1_2361
LH500|CP044119.1_626	LH500|CP044119.1_738
LH500|CP044119.1_626	LMG07934|CP050262.1_1276
LH500|CP044119.1_626	LH500|CP044119.1_1219
LH500|CP044119.1_626	LH500|CP044119.1_742
LH500|CP044119.1_626	MGYG|ENA|CABKOL020000082|CABKOL020000082.1_1
LH500|CP044119.1_626	LMG07934|CP050262.1_2113
LH500|CP044119.1_626	LH500|CP044119.1_744
LH500|CP044119.1_626	LH500|CP044119.1_1676
LH500|CP044119.1_626	LH500|CP044119.1_589
LH500|CP044119.1_658	LH500|CP044119.1_658
LH500|CP044119.1_658	MGYG|ENA|CABKOL020000106|CABKOL020000106.1_1070
LH500|CP044119.1_658	DSM20176|AZDF01000051.1_7
LH500|CP044119.1_658	FLUB|CP047121.1_856
LH500|CP044119.1_690	LH500|CP044119.1_690
LH500|CP044119.1_690	MGYG|ENA|CABKOL020000106|CABKOL020000106.1_1103
LH500|CP044119.1_690	DSM20176|AZDF01000027.1_5
LH500|CP044119.1_690	LMG07934|CP050262.1_726
LH500|CP044119.1_690	FLUB|CP047121.1_888
LH500|CP044119.1_722	LH500|CP044119.1_722
LH500|CP044119.1_722	LMG07934|CP050262.1_756
LH500|CP044119.1_722	MGYG|ENA|CABKOL020000106|CABKOL020000106.1_1142
LH500|CP044119.1_722	DSM20176|AZDF01000054.1_5
LH500|CP044119.1_722	FLUB|CP047121.1_927
LH500|CP044119.1_818	LH500|CP044119.1_818
LH500|CP044119.1_818	LMG07934|CP050262.1_844
LH500|CP044119.1_818	DSM20176|AZDF01000016.1_8
LH500|CP044119.1_850	LH500|CP044119.1_850
LH500|CP044119.1_850	LMG07934|CP050262.1_877
LH500|CP044119.1_850	FLUB|CP047121.1_1067
LH500|CP044119.1_850	MGYG|ENA|CABKOL020000106|CABKOL020000106.1_1287
LH500|CP044119.1_850	DSM20176|AZDF01000030.1_4
LH500|CP044119.1_882	LH500|CP044119.1_882
LH500|CP044119.1_882	LMG07934|CP050262.1_909
LH500|CP044119.1_882	FLUB|CP047121.1_1099
LH500|CP044119.1_882	MGYG|ENA|CABKOL020000095|CABKOL020000095.1_7
LH500|CP044119.1_882	DSM20176|AZDF01000005.1_106
LH500|CP044119.1_914	LH500|CP044119.1_914
LH500|CP044119.1_914	LMG07934|CP050262.1_941
LH500|CP044119.1_914	FLUB|CP047121.1_1132
LH500|CP044119.1_914	MGYG|ENA|CABKOL020000095|CABKOL020000095.1_39
LH500|CP044119.1_914	DSM20176|AZDF01000005.1_74
LH500|CP044119.1_946	LH500|CP044119.1_946
LH500|CP044119.1_946	LMG07934|CP050262.1_973
LH500|CP044119.1_946	FLUB|CP047121.1_1164
LH500|CP044119.1_946	MGYG|ENA|CABKOL020000095|CABKOL020000095.1_72
LH500|CP044119.1_946	DSM20176|AZDF01000005.1_42
LH500|CP044119.1_978	LH500|CP044119.1_978
LH500|CP044119.1_978	LMG07934|CP050262.1_1005
LH500|CP044119.1_978	FLUB|CP047121.1_1196
LH500|CP044119.1_978	MGYG|ENA|CABKOL020000095|CABKOL020000095.1_104
LH500|CP044119.1_978	DSM20176|AZDF01000005.1_10
LH500|CP044119.1_1010	LH500|CP044119.1_1010
LH500|CP044119.1_1010	FLUB|CP047121.1_1222
LH500|CP044119.1_1010	DSM20176|AZDF01000002.1_204
LH500|CP044119.1_1010	MGYG|ENA|CABKOL020000102|CABKOL020000102.1_16
LH500|CP044119.1_1010	LMG07934|CP050262.1_1031
LH500|CP044119.1_1042	LH500|CP044119.1_1042
LH500|CP044119.1_1042	FLUB|CP047121.1_1255
LH500|CP044119.1_1042	DSM20176|AZDF01000002.1_172
LH500|CP044119.1_1042	MGYG|ENA|CABKOL020000102|CABKOL020000102.1_49
LH500|CP044119.1_1042	LMG07934|CP050262.1_1063
LH500|CP044119.1_1074	LH500|CP044119.1_1074
LH500|CP044119.1_1074	FLUB|CP047121.1_1289
LH500|CP044119.1_1074	DSM20176|AZDF01000002.1_140
LH500|CP044119.1_1074	MGYG|ENA|CABKOL020000102|CABKOL020000102.1_84
LH500|CP044119.1_1074	LMG07934|CP050262.1_1097
LH500|CP044119.1_1106	LH500|CP044119.1_1106
LH500|CP044119.1_1106	FLUB|CP047121.1_1321
LH500|CP044119.1_1106	DSM20176|AZDF01000002.1_108
LH500|CP044119.1_1106	MGYG|ENA|CABKOL020000102|CABKOL020000102.1_116
LH500|CP044119.1_1106	LMG07934|CP050262.1_1129
LH500|CP044119.1_1138	LH500|CP044119.1_1138
LH500|CP044119.1_1138	FLUB|CP047121.1_1353
LH500|CP044119.1_1138	DSM20176|AZDF01000002.1_76
LH500|CP044119.1_1138	LMG07934|CP050262.1_1160
LH500|CP044119.1_1138	MGYG|ENA|CABKOL020000102|CABKOL020000102.1_148
LH500|CP044119.1_1234	LH500|CP044119.1_1234
LH500|CP044119.1_1234	LMG07934|CP050262.1_1327
LH500|CP044119.1_1234	MGYG|ENA|CABKOL020000102|CABKOL020000102.1_237
LH500|CP044119.1_1234	DSM20176|AZDF01000018.1_6
LH500|CP044119.1_1234	FLUB|CP047121.1_1440
LH500|CP044119.1_1266	LH500|CP044119.1_1266
LH500|CP044119.1_1266	LMG07934|CP050262.1_1359
LH500|CP044119.1_1266	MGYG|ENA|CABKOL020000102|CABKOL020000102.1_269
LH500|CP044119.1_1266	DSM20176|AZDF01000013.1_3
LH500|CP044119.1_1266	FLUB|CP047121.1_1472
LH500|CP044119.1_1298	LH500|CP044119.1_1298
LH500|CP044119.1_1298	LMG07934|CP050262.1_1391
LH500|CP044119.1_1298	MGYG|ENA|CABKOL020000102|CABKOL020000102.1_301
LH500|CP044119.1_1298	DSM20176|AZDF01000013.1_35
LH500|CP044119.1_1298	FLUB|CP047121.1_1504
LH500|CP044119.1_1330	LH500|CP044119.1_1330
LH500|CP044119.1_1330	LMG07934|CP050262.1_1422
LH500|CP044119.1_1330	DSM20176|AZDF01000072.1_3
LH500|CP044119.1_1330	MGYG|ENA|CABKOL020000102|CABKOL020000102.1_330
LH500|CP044119.1_1330	FLUB|CP047121.1_1533
LH500|CP044119.1_1362	LH500|CP044119.1_1362
LH500|CP044119.1_1362	LMG07934|CP050262.1_1453
LH500|CP044119.1_1362	MGYG|ENA|CABKOL020000102|CABKOL020000102.1_361
LH500|CP044119.1_1362	DSM20176|AZDF01000008.1_64
LH500|CP044119.1_1362	FLUB|CP047121.1_1564
LH500|CP044119.1_1394	LH500|CP044119.1_1394
LH500|CP044119.1_1394	MGYG|ENA|CABKOL020000102|CABKOL020000102.1_396
LH500|CP044119.1_1394	DSM20176|AZDF01000008.1_32
LH500|CP044119.1_1394	FLUB|CP047121.1_1599
LH500|CP044119.1_1394	LMG07934|CP050262.1_1484
LH500|CP044119.1_1650	LH500|CP044119.1_1650
LH500|CP044119.1_1650	MGYG|ENA|CABKOL020000102|CABKOL020000102.1_649
LH500|CP044119.1_1650	DSM20176|AZDF01000023.1_25
LH500|CP044119.1_1650	FLUB|CP047121.1_1853
LH500|CP044119.1_1650	LMG07934|CP050262.1_1736
LH500|CP044119.1_1746	LH500|CP044119.1_1746
LH500|CP044119.1_1746	LMG07934|CP050262.1_1804
LH500|CP044119.1_1746	DSM20176|AZDF01000012.1_11
LH500|CP044119.1_1746	FLUB|CP047121.1_1978
LH500|CP044119.1_1746	MGYG|ENA|CABKOL020000099|CABKOL020000099.1_57
LH500|CP044119.1_1778	LH500|CP044119.1_1778
LH500|CP044119.1_1778	LMG07934|CP050262.1_1836
LH500|CP044119.1_1778	DSM20176|AZDF01000012.1_43
LH500|CP044119.1_1778	FLUB|CP047121.1_2010
LH500|CP044119.1_1778	MGYG|ENA|CABKOL020000099|CABKOL020000099.1_24
LH500|CP044119.1_1810	LH500|CP044119.1_1810
LH500|CP044119.1_1810	DSM20176|AZDF01000053.1_11
LH500|CP044119.1_1874	LH500|CP044119.1_1874
LH500|CP044119.1_1906	LH500|CP044119.1_1906
LH500|CP044119.1_1906	FLUB|CP047121.1_2087
LH500|CP044119.1_1906	DSM20176|AZDF01000001.1_52
LH500|CP044119.1_1906	LMG07934|CP050262.1_1909
LH500|CP044119.1_1906	MGYG|ENA|CABKOL020000104|CABKOL020000104.1_498
LH500|CP044119.1_1938	LH500|CP044119.1_1938
LH500|CP044119.1_1938	FLUB|CP047121.1_2119
LH500|CP044119.1_1938	DSM20176|AZDF01000001.1_84
LH500|CP044119.1_1938	LMG07934|CP050262.1_1941
LH500|CP044119.1_1938	MGYG|ENA|CABKOL020000104|CABKOL020000104.1_466
LH500|CP044119.1_1970	LH500|CP044119.1_1970
LH500|CP044119.1_1970	FLUB|CP047121.1_2152
LH500|CP044119.1_1970	DSM20176|AZDF01000001.1_116
LH500|CP044119.1_1970	LMG07934|CP050262.1_1973
LH500|CP044119.1_1970	MGYG|ENA|CABKOL020000104|CABKOL020000104.1_433
LH500|CP044119.1_2002	LH500|CP044119.1_2002
LH500|CP044119.1_2002	FLUB|CP047121.1_2184
LH500|CP044119.1_2002	DSM20176|AZDF01000001.1_148
LH500|CP044119.1_2002	LMG07934|CP050262.1_2005
LH500|CP044119.1_2002	MGYG|ENA|CABKOL020000104|CABKOL020000104.1_401
LH500|CP044119.1_2034	LH500|CP044119.1_2034
LH500|CP044119.1_2034	FLUB|CP047121.1_2216
LH500|CP044119.1_2034	DSM20176|AZDF01000001.1_180
LH500|CP044119.1_2034	LMG07934|CP050262.1_2037
LH500|CP044119.1_2034	MGYG|ENA|CABKOL020000104|CABKOL020000104.1_369
LH500|CP044119.1_2066	LH500|CP044119.1_2066
LH500|CP044119.1_2066	DSM20176|AZDF01000001.1_211
LH500|CP044119.1_2066	FLUB|CP047121.1_2250
LH500|CP044119.1_2066	LMG07934|CP050262.1_2068
LH500|CP044119.1_2066	MGYG|ENA|CABKOL020000104|CABKOL020000104.1_335
LH500|CP044119.1_2098	LH500|CP044119.1_2098
LH500|CP044119.1_2098	MGYG|ENA|CABKOL020000104|CABKOL020000104.1_197
LH500|CP044119.1_2098	LMG07934|CP050262.1_2199
LH500|CP044119.1_2098	FLUB|CP047121.1_2388
LH500|CP044119.1_2098	DSM20176|AZDF01000033.1_13
LH500|CP044119.1_2130	LH500|CP044119.1_2130
LH500|CP044119.1_2130	DSM20176|AZDF01000032.1_19
LH500|CP044119.1_2130	LMG07934|CP050262.1_2228
LH500|CP044119.1_2130	MGYG|ENA|CABKOL020000104|CABKOL020000104.1_166
LH500|CP044119.1_2130	FLUB|CP047121.1_2417
LH500|CP044119.1_2162	LH500|CP044119.1_2162
LH500|CP044119.1_2162	DSM20176|AZDF01000020.1_19
LH500|CP044119.1_2162	LMG07934|CP050262.1_2257
LH500|CP044119.1_2162	FLUB|CP047121.1_2445
LH500|CP044119.1_2162	MGYG|ENA|CABKOL020000104|CABKOL020000104.1_138
LH500|CP044119.1_2194	LH500|CP044119.1_2194
LH500|CP044119.1_2194	LMG07934|CP050262.1_2288
LH500|CP044119.1_2194	DSM20176|AZDF01000009.1_83
LH500|CP044119.1_2194	LH500|CP044119.1_1662
LH500|CP044119.1_2194	DSM20176|AZDF01000125.1_1
LH500|CP044119.1_2226	LH500|CP044119.1_2226
LH500|CP044119.1_2226	LMG07934|CP050262.1_2319
LH500|CP044119.1_2226	DSM20176|AZDF01000009.1_51
LH500|CP044119.1_2258	LH500|CP044119.1_2258
LH500|CP044119.1_2258	LMG07934|CP050262.1_2355
LH500|CP044119.1_2258	DSM20176|AZDF01000009.1_19
LH500|CP044119.1_2322	LH500|CP044119.1_2322
LH500|CP044119.1_2322	MGYG|ENA|CABKOL020000104|CABKOL020000104.1_37
LH500|CP044119.1_2322	DSM20176|AZDF01000011.1_19
LH500|CP044119.1_2322	FLUB|CP047121.1_2547
LH500|CP044119.1_2322	LMG07934|CP050262.1_2433
LH500|CP044119.1_2354	LH500|CP044119.1_2354
LH500|CP044119.1_2354	MGYG|ENA|CABKOL020000104|CABKOL020000104.1_5
LH500|CP044119.1_2354	DSM20176|AZDF01000011.1_51
LH500|CP044119.1_2354	FLUB|CP047121.1_2579
LH500|CP044119.1_2354	LMG07934|CP050262.1_2465
LH500|CP044119.1_2386	LH500|CP044119.1_2386
LH500|CP044119.1_2386	DSM20176|AZDF01000021.1_28
LH500|CP044119.1_2386	MGYG|ENA|CABKOL020000106|CABKOL020000106.1_37
LH500|CP044119.1_2386	FLUB|CP047121.1_2621
LH500|CP044119.1_2386	LMG07934|CP050262.1_2502
LH500|CP044119.1_2418	LH500|CP044119.1_2418
LH500|CP044119.1_2418	LMG07934|CP050262.1_2538
LH500|CP044119.1_2418	MGYG|ENA|CABKOL020000106|CABKOL020000106.1_80
LH500|CP044119.1_2418	FLUB|CP047121.1_2664
LH500|CP044119.1_2418	DSM20176|AZDF01000015.1_43
MGYG|ENA|CABKOL020000031|CABKOL020000031.1_1	MGYG|ENA|CABKOL020000031|CABKOL020000031.1_1
MGYG|ENA|CABKOL020000090|CABKOL020000090.1_1	MGYG|ENA|CABKOL020000090|CABKOL020000090.1_1
MGYG|ENA|CABKOL020000095|CABKOL020000095.1_53	MGYG|ENA|CABKOL020000095|CABKOL020000095.1_53
MGYG|ENA|CABKOL020000095|CABKOL020000095.1_53	LH500|CP044119.1_928
MGYG|ENA|CABKOL020000095|CABKOL020000095.1_53	LMG07934|CP050262.1_955
MGYG|ENA|CABKOL020000095|CABKOL020000095.1_53	DSM20176|AZDF01000005.1_60
MGYG|ENA|CABKOL020000095|CABKOL020000095.1_53	FLUB|CP047121.1_1146
MGYG|ENA|CABKOL020000095|CABKOL020000095.1_85	MGYG|ENA|CABKOL020000095|CABKOL020000095.1_85
MGYG|ENA|CABKOL020000095|CABKOL020000095.1_85	LH500|CP044119.1_959
MGYG|ENA|CABKOL020000095|CABKOL020000095.1_85	LMG07934|CP050262.1_986
MGYG|ENA|CABKOL020000095|CABKOL020000095.1_85	DSM20176|AZDF01000005.1_29
MGYG|ENA|CABKOL020000095|CABKOL020000095.1_85	FLUB|CP047121.1_1177
MGYG|ENA|CABKOL020000097|CABKOL020000097.1_2	MGYG|ENA|CABKOL020000097|CABKOL020000097.1_2
MGYG|ENA|CABKOL020000099|CABKOL020000099.1_30	MGYG|ENA|CABKOL020000099|CABKOL020000099.1_30
MGYG|ENA|CABKOL020000099|CABKOL020000099.1_30	DSM20176|AZDF01000012.1_37
MGYG|ENA|CABKOL020000099|CABKOL020000099.1_30	FLUB|CP047121.1_2004
MGYG|ENA|CABKOL020000099|CABKOL020000099.1_30	LH500|CP044119.1_1772
MGYG|ENA|CABKOL020000099|CABKOL020000099.1_30	LMG07934|CP050262.1_1830
MGYG|ENA|CABKOL020000099|CABKOL020000099.1_62	MGYG|ENA|CABKOL020000099|CABKOL020000099.1_62
MGYG|ENA|CABKOL020000099|CABKOL020000099.1_62	DSM20176|AZDF01000012.1_6
MGYG|ENA|CABKOL020000099|CABKOL020000099.1_62	FLUB|CP047121.1_1973
MGYG|ENA|CABKOL020000099|CABKOL020000099.1_62	LH500|CP044119.1_1741
MGYG|ENA|CABKOL020000099|CABKOL020000099.1_62	LMG07934|CP050262.1_1799
MGYG|ENA|CABKOL020000101|CABKOL020000101.1_4	MGYG|ENA|CABKOL020000101|CABKOL020000101.1_4
MGYG|ENA|CABKOL020000102|CABKOL020000102.1_23	MGYG|ENA|CABKOL020000102|CABKOL020000102.1_23
MGYG|ENA|CABKOL020000102|CABKOL020000102.1_23	LMG07934|CP050262.1_1038
MGYG|ENA|CABKOL020000102|CABKOL020000102.1_23	DSM20176|AZDF01000002.1_197
MGYG|ENA|CABKOL020000102|CABKOL020000102.1_23	LH500|CP044119.1_1017
MGYG|ENA|CABKOL020000102|CABKOL020000102.1_23	FLUB|CP047121.1_1229
MGYG|ENA|CABKOL020000102|CABKOL020000102.1_55	MGYG|ENA|CABKOL020000102|CABKOL020000102.1_55
MGYG|ENA|CABKOL020000102|CABKOL020000102.1_55	LMG07934|CP050262.1_1070
MGYG|ENA|CABKOL020000102|CABKOL020000102.1_55	DSM20176|AZDF01000002.1_165
MGYG|ENA|CABKOL020000102|CABKOL020000102.1_55	LH500|CP044119.1_1049
MGYG|ENA|CABKOL020000102|CABKOL020000102.1_55	FLUB|CP047121.1_1261
MGYG|ENA|CABKOL020000102|CABKOL020000102.1_87	MGYG|ENA|CABKOL020000102|CABKOL020000102.1_87
MGYG|ENA|CABKOL020000102|CABKOL020000102.1_87	LMG07934|CP050262.1_1100
MGYG|ENA|CABKOL020000102|CABKOL020000102.1_87	LH500|CP044119.1_1077
MGYG|ENA|CABKOL020000102|CABKOL020000102.1_87	FLUB|CP047121.1_1292
MGYG|ENA|CABKOL020000102|CABKOL020000102.1_87	DSM20176|AZDF01000002.1_137
MGYG|ENA|CABKOL020000102|CABKOL020000102.1_119	MGYG|ENA|CABKOL020000102|CABKOL020000102.1_119
MGYG|ENA|CABKOL020000102|CABKOL020000102.1_119	LMG07934|CP050262.1_1132
MGYG|ENA|CABKOL020000102|CABKOL020000102.1_119	LH500|CP044119.1_1109
MGYG|ENA|CABKOL020000102|CABKOL020000102.1_119	FLUB|CP047121.1_1324
MGYG|ENA|CABKOL020000102|CABKOL020000102.1_119	DSM20176|AZDF01000002.1_105
MGYG|ENA|CABKOL020000102|CABKOL020000102.1_183	MGYG|ENA|CABKOL020000102|CABKOL020000102.1_183
MGYG|ENA|CABKOL020000102|CABKOL020000102.1_183	LMG07934|CP050262.1_1194
MGYG|ENA|CABKOL020000102|CABKOL020000102.1_183	LH500|CP044119.1_1171
MGYG|ENA|CABKOL020000102|CABKOL020000102.1_183	FLUB|CP047121.1_1388
MGYG|ENA|CABKOL020000102|CABKOL020000102.1_183	DSM20176|AZDF01000002.1_43
MGYG|ENA|CABKOL020000102|CABKOL020000102.1_215	MGYG|ENA|CABKOL020000102|CABKOL020000102.1_215
MGYG|ENA|CABKOL020000102|CABKOL020000102.1_215	LH500|CP044119.1_1203
MGYG|ENA|CABKOL020000102|CABKOL020000102.1_215	FLUB|CP047121.1_1419
MGYG|ENA|CABKOL020000102|CABKOL020000102.1_215	DSM20176|AZDF01000002.1_12
MGYG|ENA|CABKOL020000102|CABKOL020000102.1_215	LMG07934|CP050262.1_1225
MGYG|ENA|CABKOL020000102|CABKOL020000102.1_247	MGYG|ENA|CABKOL020000102|CABKOL020000102.1_247
MGYG|ENA|CABKOL020000102|CABKOL020000102.1_247	DSM20176|AZDF01000018.1_16
MGYG|ENA|CABKOL020000102|CABKOL020000102.1_247	FLUB|CP047121.1_1450
MGYG|ENA|CABKOL020000102|CABKOL020000102.1_247	LH500|CP044119.1_1244
MGYG|ENA|CABKOL020000102|CABKOL020000102.1_247	LMG07934|CP050262.1_1337
MGYG|ENA|CABKOL020000102|CABKOL020000102.1_279	MGYG|ENA|CABKOL020000102|CABKOL020000102.1_279
MGYG|ENA|CABKOL020000102|CABKOL020000102.1_279	DSM20176|AZDF01000013.1_13
MGYG|ENA|CABKOL020000102|CABKOL020000102.1_279	FLUB|CP047121.1_1482
MGYG|ENA|CABKOL020000102|CABKOL020000102.1_279	LH500|CP044119.1_1276
MGYG|ENA|CABKOL020000102|CABKOL020000102.1_279	LMG07934|CP050262.1_1369
MGYG|ENA|CABKOL020000102|CABKOL020000102.1_311	MGYG|ENA|CABKOL020000102|CABKOL020000102.1_311
MGYG|ENA|CABKOL020000102|CABKOL020000102.1_311	DSM20176|AZDF01000013.1_46
MGYG|ENA|CABKOL020000102|CABKOL020000102.1_311	FLUB|CP047121.1_1514
MGYG|ENA|CABKOL020000102|CABKOL020000102.1_311	LH500|CP044119.1_1308
MGYG|ENA|CABKOL020000102|CABKOL020000102.1_311	LMG07934|CP050262.1_1402
MGYG|ENA|CABKOL020000102|CABKOL020000102.1_343	MGYG|ENA|CABKOL020000102|CABKOL020000102.1_343
MGYG|ENA|CABKOL020000102|CABKOL020000102.1_343	FLUB|CP047121.1_1546
MGYG|ENA|CABKOL020000102|CABKOL020000102.1_343	LH500|CP044119.1_1341
MGYG|ENA|CABKOL020000102|CABKOL020000102.1_343	LMG07934|CP050262.1_1433
MGYG|ENA|CABKOL020000102|CABKOL020000102.1_343	DSM20176|AZDF01000047.1_8
MGYG|ENA|CABKOL020000102|CABKOL020000102.1_407	MGYG|ENA|CABKOL020000102|CABKOL020000102.1_407
MGYG|ENA|CABKOL020000102|CABKOL020000102.1_407	FLUB|CP047121.1_1610
MGYG|ENA|CABKOL020000102|CABKOL020000102.1_407	LH500|CP044119.1_1405
MGYG|ENA|CABKOL020000102|CABKOL020000102.1_407	LMG07934|CP050262.1_1495
MGYG|ENA|CABKOL020000102|CABKOL020000102.1_407	DSM20176|AZDF01000008.1_21
MGYG|ENA|CABKOL020000102|CABKOL020000102.1_439	MGYG|ENA|CABKOL020000102|CABKOL020000102.1_439
MGYG|ENA|CABKOL020000102|CABKOL020000102.1_439	FLUB|CP047121.1_1642
MGYG|ENA|CABKOL020000102|CABKOL020000102.1_439	LMG07934|CP050262.1_1527
MGYG|ENA|CABKOL020000102|CABKOL020000102.1_439	LH500|CP044119.1_1438
MGYG|ENA|CABKOL020000102|CABKOL020000102.1_439	DSM20176|AZDF01000004.1_112
MGYG|ENA|CABKOL020000102|CABKOL020000102.1_471	MGYG|ENA|CABKOL020000102|CABKOL020000102.1_471
MGYG|ENA|CABKOL020000102|CABKOL020000102.1_471	FLUB|CP047121.1_1674
MGYG|ENA|CABKOL020000102|CABKOL020000102.1_471	LMG07934|CP050262.1_1559
MGYG|ENA|CABKOL020000102|CABKOL020000102.1_471	LH500|CP044119.1_1471
MGYG|ENA|CABKOL020000102|CABKOL020000102.1_471	DSM20176|AZDF01000004.1_79
MGYG|ENA|CABKOL020000102|CABKOL020000102.1_503	MGYG|ENA|CABKOL020000102|CABKOL020000102.1_503
MGYG|ENA|CABKOL020000102|CABKOL020000102.1_503	FLUB|CP047121.1_1706
MGYG|ENA|CABKOL020000102|CABKOL020000102.1_503	LMG07934|CP050262.1_1591
MGYG|ENA|CABKOL020000102|CABKOL020000102.1_503	LH500|CP044119.1_1503
MGYG|ENA|CABKOL020000102|CABKOL020000102.1_503	DSM20176|AZDF01000004.1_47
MGYG|ENA|CABKOL020000102|CABKOL020000102.1_535	MGYG|ENA|CABKOL020000102|CABKOL020000102.1_535
MGYG|ENA|CABKOL020000102|CABKOL020000102.1_535	FLUB|CP047121.1_1738
MGYG|ENA|CABKOL020000102|CABKOL020000102.1_535	LMG07934|CP050262.1_1624
MGYG|ENA|CABKOL020000102|CABKOL020000102.1_535	LH500|CP044119.1_1536
MGYG|ENA|CABKOL020000102|CABKOL020000102.1_535	DSM20176|AZDF01000004.1_14
MGYG|ENA|CABKOL020000102|CABKOL020000102.1_567	MGYG|ENA|CABKOL020000102|CABKOL020000102.1_567
MGYG|ENA|CABKOL020000102|CABKOL020000102.1_567	DSM20176|AZDF01000017.1_26
MGYG|ENA|CABKOL020000102|CABKOL020000102.1_567	FLUB|CP047121.1_1770
MGYG|ENA|CABKOL020000102|CABKOL020000102.1_567	LMG07934|CP050262.1_1654
MGYG|ENA|CABKOL020000102|CABKOL020000102.1_567	LH500|CP044119.1_1566
MGYG|ENA|CABKOL020000102|CABKOL020000102.1_599	MGYG|ENA|CABKOL020000102|CABKOL020000102.1_599
MGYG|ENA|CABKOL020000102|CABKOL020000102.1_599	DSM20176|AZDF01000025.1_6
MGYG|ENA|CABKOL020000102|CABKOL020000102.1_599	FLUB|CP047121.1_1802
MGYG|ENA|CABKOL020000102|CABKOL020000102.1_599	LMG07934|CP050262.1_1687
MGYG|ENA|CABKOL020000102|CABKOL020000102.1_599	LH500|CP044119.1_1598
MGYG|ENA|CABKOL020000102|CABKOL020000102.1_631	MGYG|ENA|CABKOL020000102|CABKOL020000102.1_631
MGYG|ENA|CABKOL020000102|CABKOL020000102.1_631	DSM20176|AZDF01000023.1_7
MGYG|ENA|CABKOL020000102|CABKOL020000102.1_631	FLUB|CP047121.1_1835
MGYG|ENA|CABKOL020000102|CABKOL020000102.1_631	LMG07934|CP050262.1_1718
MGYG|ENA|CABKOL020000102|CABKOL020000102.1_631	LH500|CP044119.1_1632
MGYG|ENA|CABKOL020000102|CABKOL020000102.1_663	MGYG|ENA|CABKOL020000102|CABKOL020000102.1_663
MGYG|ENA|CABKOL020000102|CABKOL020000102.1_663	LMG07934|CP050262.1_1750
MGYG|ENA|CABKOL020000102|CABKOL020000102.1_663	LH500|CP044119.1_1693
MGYG|ENA|CABKOL020000102|CABKOL020000102.1_663	DSM20176|AZDF01000014.1_10
MGYG|ENA|CABKOL020000102|CABKOL020000102.1_695	MGYG|ENA|CABKOL020000102|CABKOL020000102.1_695
MGYG|ENA|CABKOL020000102|CABKOL020000102.1_695	FLUB|CP047121.1_1898
MGYG|ENA|CABKOL020000102|CABKOL020000102.1_695	LMG07934|CP050262.1_1782
MGYG|ENA|CABKOL020000102|CABKOL020000102.1_695	LH500|CP044119.1_1725
MGYG|ENA|CABKOL020000102|CABKOL020000102.1_695	DSM20176|AZDF01000014.1_42
MGYG|ENA|CABKOL020000104|CABKOL020000104.1_187	MGYG|ENA|CABKOL020000104|CABKOL020000104.1_187
MGYG|ENA|CABKOL020000104|CABKOL020000104.1_187	LH500|CP044119.1_2110
MGYG|ENA|CABKOL020000104|CABKOL020000104.1_187	DSM20176|AZDF01000033.1_2
MGYG|ENA|CABKOL020000104|CABKOL020000104.1_187	LMG07934|CP050262.1_2209
MGYG|ENA|CABKOL020000104|CABKOL020000104.1_187	FLUB|CP047121.1_2398
MGYG|ENA|CABKOL020000104|CABKOL020000104.1_251	MGYG|ENA|CABKOL020000104|CABKOL020000104.1_251
MGYG|ENA|CABKOL020000104|CABKOL020000104.1_251	LMG07934|CP050262.1_2143
MGYG|ENA|CABKOL020000104|CABKOL020000104.1_251	FLUB|CP047121.1_2334
MGYG|ENA|CABKOL020000104|CABKOL020000104.1_283	MGYG|ENA|CABKOL020000104|CABKOL020000104.1_283
MGYG|ENA|CABKOL020000104|CABKOL020000104.1_283	LMG07934|CP050262.1_2117
MGYG|ENA|CABKOL020000104|CABKOL020000104.1_283	FLUB|CP047121.1_2302
MGYG|ENA|CABKOL020000104|CABKOL020000104.1_315	MGYG|ENA|CABKOL020000104|CABKOL020000104.1_315
MGYG|ENA|CABKOL020000104|CABKOL020000104.1_315	FLUB|CP047121.1_2270
MGYG|ENA|CABKOL020000104|CABKOL020000104.1_315	LMG07934|CP050262.1_2087
MGYG|ENA|CABKOL020000104|CABKOL020000104.1_539	MGYG|ENA|CABKOL020000104|CABKOL020000104.1_539
MGYG|ENA|CABKOL020000104|CABKOL020000104.1_539	DSM20176|AZDF01000001.1_12
MGYG|ENA|CABKOL020000104|CABKOL020000104.1_539	LMG07934|CP050262.1_1869
MGYG|ENA|CABKOL020000104|CABKOL020000104.1_539	LH500|CP044119.1_1864
MGYG|ENA|CABKOL020000104|CABKOL020000104.1_539	FLUB|CP047121.1_2046
MGYG|ENA|CABKOL020000105|CABKOL020000105.1_21	MGYG|ENA|CABKOL020000105|CABKOL020000105.1_21
MGYG|ENA|CABKOL020000106|CABKOL020000106.1_12	MGYG|ENA|CABKOL020000106|CABKOL020000106.1_12
MGYG|ENA|CABKOL020000106|CABKOL020000106.1_12	DSM20176|AZDF01000021.1_12
MGYG|ENA|CABKOL020000106|CABKOL020000106.1_12	FLUB|CP047121.1_2596
MGYG|ENA|CABKOL020000106|CABKOL020000106.1_12	LMG07934|CP050262.1_2483
MGYG|ENA|CABKOL020000106|CABKOL020000106.1_12	LH500|CP044119.1_2370
MGYG|ENA|CABKOL020000106|CABKOL020000106.1_108	MGYG|ENA|CABKOL020000106|CABKOL020000106.1_108
MGYG|ENA|CABKOL020000106|CABKOL020000106.1_108	FLUB|CP047121.1_2692
MGYG|ENA|CABKOL020000106|CABKOL020000106.1_108	DSM20176|AZDF01000015.1_16
MGYG|ENA|CABKOL020000106|CABKOL020000106.1_108	LMG07934|CP050262.1_2566
MGYG|ENA|CABKOL020000106|CABKOL020000106.1_108	LH500|CP044119.1_2445
MGYG|ENA|CABKOL020000106|CABKOL020000106.1_140	MGYG|ENA|CABKOL020000106|CABKOL020000106.1_140
MGYG|ENA|CABKOL020000106|CABKOL020000106.1_140	FLUB|CP047121.1_2726
MGYG|ENA|CABKOL020000106|CABKOL020000106.1_140	LH500|CP044119.1_2454
MGYG|ENA|CABKOL020000106|CABKOL020000106.1_140	LMG07934|CP050262.1_2576
MGYG|ENA|CABKOL020000106|CABKOL020000106.1_140	DSM20176|AZDF01000015.1_6
MGYG|ENA|CABKOL020000106|CABKOL020000106.1_172	MGYG|ENA|CABKOL020000106|CABKOL020000106.1_172
MGYG|ENA|CABKOL020000106|CABKOL020000106.1_172	FLUB|CP047121.1_2759
MGYG|ENA|CABKOL020000106|CABKOL020000106.1_172	LH500|CP044119.1_2487
MGYG|ENA|CABKOL020000106|CABKOL020000106.1_172	LMG07934|CP050262.1_2610
MGYG|ENA|CABKOL020000106|CABKOL020000106.1_172	DSM20176|AZDF01000022.1_27
MGYG|ENA|CABKOL020000106|CABKOL020000106.1_204	MGYG|ENA|CABKOL020000106|CABKOL020000106.1_204
MGYG|ENA|CABKOL020000106|CABKOL020000106.1_204	LH500|CP044119.1_2515
MGYG|ENA|CABKOL020000106|CABKOL020000106.1_204	FLUB|CP047121.1_2791
MGYG|ENA|CABKOL020000106|CABKOL020000106.1_204	LMG07934|CP050262.1_2642
MGYG|ENA|CABKOL020000106|CABKOL020000106.1_204	DSM20176|AZDF01000034.1_19
MGYG|ENA|CABKOL020000106|CABKOL020000106.1_236	MGYG|ENA|CABKOL020000106|CABKOL020000106.1_236
MGYG|ENA|CABKOL020000106|CABKOL020000106.1_236	FLUB|CP047121.1_2823
MGYG|ENA|CABKOL020000106|CABKOL020000106.1_236	LMG07934|CP050262.1_2673
MGYG|ENA|CABKOL020000106|CABKOL020000106.1_268	MGYG|ENA|CABKOL020000106|CABKOL020000106.1_268
MGYG|ENA|CABKOL020000106|CABKOL020000106.1_268	LH500|CP044119.1_2581
MGYG|ENA|CABKOL020000106|CABKOL020000106.1_268	FLUB|CP047121.1_2855
MGYG|ENA|CABKOL020000106|CABKOL020000106.1_268	LMG07934|CP050262.1_2707
MGYG|ENA|CABKOL020000106|CABKOL020000106.1_268	DSM20176|AZDF01000024.1_25
MGYG|ENA|CABKOL020000106|CABKOL020000106.1_364	MGYG|ENA|CABKOL020000106|CABKOL020000106.1_364
MGYG|ENA|CABKOL020000106|CABKOL020000106.1_364	LMG07934|CP050262.1_74
MGYG|ENA|CABKOL020000106|CABKOL020000106.1_364	DSM20176|AZDF01000006.1_29
MGYG|ENA|CABKOL020000106|CABKOL020000106.1_364	LH500|CP044119.1_94
MGYG|ENA|CABKOL020000106|CABKOL020000106.1_364	FLUB|CP047121.1_89
MGYG|ENA|CABKOL020000106|CABKOL020000106.1_396	MGYG|ENA|CABKOL020000106|CABKOL020000106.1_396
MGYG|ENA|CABKOL020000106|CABKOL020000106.1_396	LMG07934|CP050262.1_109
MGYG|ENA|CABKOL020000106|CABKOL020000106.1_396	DSM20176|AZDF01000040.1_5
MGYG|ENA|CABKOL020000106|CABKOL020000106.1_396	LH500|CP044119.1_134
MGYG|ENA|CABKOL020000106|CABKOL020000106.1_396	FLUB|CP047121.1_121
MGYG|ENA|CABKOL020000106|CABKOL020000106.1_460	MGYG|ENA|CABKOL020000106|CABKOL020000106.1_460
MGYG|ENA|CABKOL020000106|CABKOL020000106.1_460	LMG07934|CP050262.1_173
MGYG|ENA|CABKOL020000106|CABKOL020000106.1_460	LH500|CP044119.1_193
MGYG|ENA|CABKOL020000106|CABKOL020000106.1_460	FLUB|CP047121.1_185
MGYG|ENA|CABKOL020000106|CABKOL020000106.1_460	DSM20176|AZDF01000007.1_67
MGYG|ENA|CABKOL020000106|CABKOL020000106.1_524	MGYG|ENA|CABKOL020000106|CABKOL020000106.1_524
MGYG|ENA|CABKOL020000106|CABKOL020000106.1_524	DSM20176|AZDF01000007.1_13
MGYG|ENA|CABKOL020000106|CABKOL020000106.1_524	LH500|CP044119.1_247
MGYG|ENA|CABKOL020000106|CABKOL020000106.1_524	FLUB|CP047121.1_248
MGYG|ENA|CABKOL020000106|CABKOL020000106.1_524	LMG07934|CP050262.1_226
MGYG|ENA|CABKOL020000106|CABKOL020000106.1_588	MGYG|ENA|CABKOL020000106|CABKOL020000106.1_588
MGYG|ENA|CABKOL020000106|CABKOL020000106.1_588	LMG07934|CP050262.1_299
MGYG|ENA|CABKOL020000106|CABKOL020000106.1_588	LH500|CP044119.1_323
MGYG|ENA|CABKOL020000106|CABKOL020000106.1_588	FLUB|CP047121.1_311
MGYG|ENA|CABKOL020000106|CABKOL020000106.1_588	DSM20176|AZDF01000041.1_11
MGYG|ENA|CABKOL020000106|CABKOL020000106.1_684	MGYG|ENA|CABKOL020000106|CABKOL020000106.1_684
MGYG|ENA|CABKOL020000106|CABKOL020000106.1_684	LMG07934|CP050262.1_372
MGYG|ENA|CABKOL020000106|CABKOL020000106.1_684	DSM20176|AZDF01000003.1_121
MGYG|ENA|CABKOL020000106|CABKOL020000106.1_684	FLUB|CP047121.1_408
MGYG|ENA|CABKOL020000106|CABKOL020000106.1_684	LH500|CP044119.1_398
MGYG|ENA|CABKOL020000106|CABKOL020000106.1_716	MGYG|ENA|CABKOL020000106|CABKOL020000106.1_716
MGYG|ENA|CABKOL020000106|CABKOL020000106.1_716	LMG07934|CP050262.1_407
MGYG|ENA|CABKOL020000106|CABKOL020000106.1_716	DSM20176|AZDF01000003.1_89
MGYG|ENA|CABKOL020000106|CABKOL020000106.1_716	FLUB|CP047121.1_440
MGYG|ENA|CABKOL020000106|CABKOL020000106.1_716	LH500|CP044119.1_431
MGYG|ENA|CABKOL020000106|CABKOL020000106.1_748	MGYG|ENA|CABKOL020000106|CABKOL020000106.1_748
MGYG|ENA|CABKOL020000106|CABKOL020000106.1_748	LMG07934|CP050262.1_434
MGYG|ENA|CABKOL020000106|CABKOL020000106.1_748	DSM20176|AZDF01000003.1_58
MGYG|ENA|CABKOL020000106|CABKOL020000106.1_748	FLUB|CP047121.1_472
MGYG|ENA|CABKOL020000106|CABKOL020000106.1_748	LH500|CP044119.1_462
MGYG|ENA|CABKOL020000106|CABKOL020000106.1_780	MGYG|ENA|CABKOL020000106|CABKOL020000106.1_780
MGYG|ENA|CABKOL020000106|CABKOL020000106.1_780	LMG07934|CP050262.1_469
MGYG|ENA|CABKOL020000106|CABKOL020000106.1_780	DSM20176|AZDF01000003.1_25
MGYG|ENA|CABKOL020000106|CABKOL020000106.1_780	FLUB|CP047121.1_504
MGYG|ENA|CABKOL020000106|CABKOL020000106.1_780	LH500|CP044119.1_495
MGYG|ENA|CABKOL020000106|CABKOL020000106.1_812	MGYG|ENA|CABKOL020000106|CABKOL020000106.1_812
MGYG|ENA|CABKOL020000106|CABKOL020000106.1_812	LMG07934|CP050262.1_500
MGYG|ENA|CABKOL020000106|CABKOL020000106.1_812	DSM20176|AZDF01000010.1_6
MGYG|ENA|CABKOL020000106|CABKOL020000106.1_812	FLUB|CP047121.1_537
MGYG|ENA|CABKOL020000106|CABKOL020000106.1_812	LH500|CP044119.1_526
MGYG|ENA|CABKOL020000106|CABKOL020000106.1_972	MGYG|ENA|CABKOL020000106|CABKOL020000106.1_972
MGYG|ENA|CABKOL020000106|CABKOL020000106.1_1004	MGYG|ENA|CABKOL020000106|CABKOL020000106.1_1004
MGYG|ENA|CABKOL020000106|CABKOL020000106.1_1004	LMG07934|CP050262.1_632
MGYG|ENA|CABKOL020000106|CABKOL020000106.1_1004	FLUB|CP047121.1_793
MGYG|ENA|CABKOL020000106|CABKOL020000106.1_1036	MGYG|ENA|CABKOL020000106|CABKOL020000106.1_1036
MGYG|ENA|CABKOL020000106|CABKOL020000106.1_1100	MGYG|ENA|CABKOL020000106|CABKOL020000106.1_1100
MGYG|ENA|CABKOL020000106|CABKOL020000106.1_1100	DSM20176|AZDF01000027.1_2
MGYG|ENA|CABKOL020000106|CABKOL020000106.1_1100	LMG07934|CP050262.1_723
MGYG|ENA|CABKOL020000106|CABKOL020000106.1_1100	FLUB|CP047121.1_885
MGYG|ENA|CABKOL020000106|CABKOL020000106.1_1100	LH500|CP044119.1_687
MGYG|ENA|CABKOL020000106|CABKOL020000106.1_1132	MGYG|ENA|CABKOL020000106|CABKOL020000106.1_1132
MGYG|ENA|CABKOL020000106|CABKOL020000106.1_1132	LMG07934|CP050262.1_748
MGYG|ENA|CABKOL020000106|CABKOL020000106.1_1132	FLUB|CP047121.1_917
MGYG|ENA|CABKOL020000106|CABKOL020000106.1_1132	LH500|CP044119.1_711
MGYG|ENA|CABKOL020000106|CABKOL020000106.1_1132	DSM20176|AZDF01000027.1_25
MGYG|ENA|CABKOL020000106|CABKOL020000106.1_1196	MGYG|ENA|CABKOL020000106|CABKOL020000106.1_1196
MGYG|ENA|CABKOL020000106|CABKOL020000106.1_1196	DSM20176|AZDF01000016.1_46
MGYG|ENA|CABKOL020000106|CABKOL020000106.1_1196	FLUB|CP047121.1_979
MGYG|ENA|CABKOL020000106|CABKOL020000106.1_1196	LMG07934|CP050262.1_804
MGYG|ENA|CABKOL020000106|CABKOL020000106.1_1196	LH500|CP044119.1_781
DSM20176|AZDF01000010.1_16	DSM20176|AZDF01000010.1_16
DSM20176|AZDF01000010.1_16	FLUB|CP047121.1_547
DSM20176|AZDF01000010.1_16	LH500|CP044119.1_536
DSM20176|AZDF01000010.1_16	MGYG|ENA|CABKOL020000106|CABKOL020000106.1_823
DSM20176|AZDF01000010.1_16	LMG07934|CP050262.1_510
DSM20176|AZDF01000010.1_48	DSM20176|AZDF01000010.1_48
DSM20176|AZDF01000010.1_48	LH500|CP044119.1_568
DSM20176|AZDF01000010.1_48	FLUB|CP047121.1_649
DSM20176|AZDF01000010.1_48	MGYG|ENA|CABKOL020000106|CABKOL020000106.1_860
DSM20176|AZDF01000010.1_48	LMG07934|CP050262.1_545
DSM20176|AZDF01000011.1_3	DSM20176|AZDF01000011.1_3
DSM20176|AZDF01000011.1_3	LMG07934|CP050262.1_2417
DSM20176|AZDF01000011.1_3	FLUB|CP047121.1_2507
DSM20176|AZDF01000011.1_3	LH500|CP044119.1_2306
DSM20176|AZDF01000011.1_3	MGYG|ENA|CABKOL020000104|CABKOL020000104.1_77
DSM20176|AZDF01000011.1_35	DSM20176|AZDF01000011.1_35
DSM20176|AZDF01000011.1_35	FLUB|CP047121.1_2563
DSM20176|AZDF01000011.1_35	LMG07934|CP050262.1_2449
DSM20176|AZDF01000011.1_35	LH500|CP044119.1_2338
DSM20176|AZDF01000011.1_35	MGYG|ENA|CABKOL020000104|CABKOL020000104.1_21
DSM20176|AZDF01000012.1_5	DSM20176|AZDF01000012.1_5
DSM20176|AZDF01000012.1_5	MGYG|ENA|CABKOL020000099|CABKOL020000099.1_63
DSM20176|AZDF01000012.1_5	FLUB|CP047121.1_1972
DSM20176|AZDF01000012.1_5	LH500|CP044119.1_1740
DSM20176|AZDF01000012.1_5	LMG07934|CP050262.1_1798
DSM20176|AZDF01000013.1_44	DSM20176|AZDF01000013.1_44
DSM20176|AZDF01000013.1_44	FLUB|CP047121.1_1512
DSM20176|AZDF01000013.1_44	LH500|CP044119.1_1306
DSM20176|AZDF01000013.1_44	LMG07934|CP050262.1_1400
DSM20176|AZDF01000013.1_44	MGYG|ENA|CABKOL020000102|CABKOL020000102.1_309
DSM20176|AZDF01000014.1_29	DSM20176|AZDF01000014.1_29
DSM20176|AZDF01000014.1_29	MGYG|ENA|CABKOL020000102|CABKOL020000102.1_682
DSM20176|AZDF01000014.1_29	FLUB|CP047121.1_1885
DSM20176|AZDF01000014.1_29	LMG07934|CP050262.1_1769
DSM20176|AZDF01000014.1_29	LH500|CP044119.1_1712
DSM20176|AZDF01000016.1_2	DSM20176|AZDF01000016.1_2
DSM20176|AZDF01000016.1_2	FLUB|CP047121.1_1025
DSM20176|AZDF01000016.1_2	LH500|CP044119.1_824
DSM20176|AZDF01000016.1_2	LMG07934|CP050262.1_851
DSM20176|AZDF01000017.1_19	DSM20176|AZDF01000017.1_19
DSM20176|AZDF01000017.1_19	MGYG|ENA|CABKOL020000102|CABKOL020000102.1_574
DSM20176|AZDF01000017.1_19	FLUB|CP047121.1_1777
DSM20176|AZDF01000017.1_19	LMG07934|CP050262.1_1661
DSM20176|AZDF01000017.1_19	LH500|CP044119.1_1573
DSM20176|AZDF01000018.1_9	DSM20176|AZDF01000018.1_9
DSM20176|AZDF01000018.1_9	FLUB|CP047121.1_1443
DSM20176|AZDF01000018.1_9	LH500|CP044119.1_1237
DSM20176|AZDF01000018.1_9	LMG07934|CP050262.1_1330
DSM20176|AZDF01000018.1_9	MGYG|ENA|CABKOL020000102|CABKOL020000102.1_240
DSM20176|AZDF01000019.1_5	DSM20176|AZDF01000019.1_5
DSM20176|AZDF01000019.1_5	LH500|CP044119.1_276
DSM20176|AZDF01000019.1_5	FLUB|CP047121.1_272
DSM20176|AZDF01000019.1_5	LMG07934|CP050262.1_257
DSM20176|AZDF01000019.1_5	MGYG|ENA|CABKOL020000106|CABKOL020000106.1_548
DSM20176|AZDF01000019.1_37	DSM20176|AZDF01000019.1_37
DSM20176|AZDF01000019.1_37	LH500|CP044119.1_309
DSM20176|AZDF01000019.1_37	FLUB|CP047121.1_298
DSM20176|AZDF01000019.1_37	MGYG|ENA|CABKOL020000106|CABKOL020000106.1_575
DSM20176|AZDF01000019.1_37	LMG07934|CP050262.1_288
DSM20176|AZDF01000002.1_31	DSM20176|AZDF01000002.1_31
DSM20176|AZDF01000002.1_31	LMG07934|CP050262.1_1206
DSM20176|AZDF01000002.1_31	MGYG|ENA|CABKOL020000102|CABKOL020000102.1_195
DSM20176|AZDF01000002.1_31	LH500|CP044119.1_1184
DSM20176|AZDF01000002.1_31	FLUB|CP047121.1_1400
DSM20176|AZDF01000002.1_63	DSM20176|AZDF01000002.1_63
DSM20176|AZDF01000002.1_63	LMG07934|CP050262.1_1173
DSM20176|AZDF01000002.1_63	MGYG|ENA|CABKOL020000102|CABKOL020000102.1_161
DSM20176|AZDF01000002.1_63	LH500|CP044119.1_1151
DSM20176|AZDF01000002.1_63	FLUB|CP047121.1_1366
DSM20176|AZDF01000002.1_95	DSM20176|AZDF01000002.1_95
DSM20176|AZDF01000002.1_95	MGYG|ENA|CABKOL020000102|CABKOL020000102.1_129
DSM20176|AZDF01000002.1_95	LMG07934|CP050262.1_1142
DSM20176|AZDF01000002.1_95	LH500|CP044119.1_1119
DSM20176|AZDF01000002.1_95	FLUB|CP047121.1_1334
DSM20176|AZDF01000002.1_127	DSM20176|AZDF01000002.1_127
DSM20176|AZDF01000002.1_127	MGYG|ENA|CABKOL020000102|CABKOL020000102.1_97
DSM20176|AZDF01000002.1_127	LMG07934|CP050262.1_1110
DSM20176|AZDF01000002.1_127	LH500|CP044119.1_1087
DSM20176|AZDF01000002.1_127	FLUB|CP047121.1_1302
DSM20176|AZDF01000002.1_159	DSM20176|AZDF01000002.1_159
DSM20176|AZDF01000002.1_159	MGYG|ENA|CABKOL020000102|CABKOL020000102.1_61
DSM20176|AZDF01000002.1_159	LMG07934|CP050262.1_1076
DSM20176|AZDF01000002.1_159	LH500|CP044119.1_1055
DSM20176|AZDF01000002.1_159	FLUB|CP047121.1_1267
DSM20176|AZDF01000002.1_191	DSM20176|AZDF01000002.1_191
DSM20176|AZDF01000002.1_191	MGYG|ENA|CABKOL020000102|CABKOL020000102.1_29
DSM20176|AZDF01000002.1_191	LMG07934|CP050262.1_1044
DSM20176|AZDF01000002.1_191	LH500|CP044119.1_1023
DSM20176|AZDF01000002.1_191	FLUB|CP047121.1_1235
DSM20176|AZDF01000020.1_15	DSM20176|AZDF01000020.1_15
DSM20176|AZDF01000020.1_15	LMG07934|CP050262.1_2253
DSM20176|AZDF01000020.1_15	FLUB|CP047121.1_2441
DSM20176|AZDF01000020.1_15	MGYG|ENA|CABKOL020000104|CABKOL020000104.1_142
DSM20176|AZDF01000020.1_15	LH500|CP044119.1_2158
DSM20176|AZDF01000022.1_8	DSM20176|AZDF01000022.1_8
DSM20176|AZDF01000022.1_8	MGYG|ENA|CABKOL020000106|CABKOL020000106.1_153
DSM20176|AZDF01000022.1_8	FLUB|CP047121.1_2740
DSM20176|AZDF01000022.1_8	LH500|CP044119.1_2468
DSM20176|AZDF01000022.1_8	LMG07934|CP050262.1_2591
DSM20176|AZDF01000023.1_4	DSM20176|AZDF01000023.1_4
DSM20176|AZDF01000023.1_4	FLUB|CP047121.1_1832
DSM20176|AZDF01000023.1_4	LMG07934|CP050262.1_1715
DSM20176|AZDF01000023.1_4	LH500|CP044119.1_1629
DSM20176|AZDF01000023.1_4	MGYG|ENA|CABKOL020000102|CABKOL020000102.1_628
DSM20176|AZDF01000024.1_2	DSM20176|AZDF01000024.1_2
DSM20176|AZDF01000024.1_2	LH500|CP044119.1_2558
DSM20176|AZDF01000024.1_2	MGYG|ENA|CABKOL020000106|CABKOL020000106.1_248
DSM20176|AZDF01000024.1_2	FLUB|CP047121.1_2835
DSM20176|AZDF01000024.1_2	LMG07934|CP050262.1_2685
DSM20176|AZDF01000025.1_1	DSM20176|AZDF01000025.1_1
DSM20176|AZDF01000025.1_1	FLUB|CP047121.1_1797
DSM20176|AZDF01000025.1_1	LMG07934|CP050262.1_1682
DSM20176|AZDF01000025.1_1	LH500|CP044119.1_1593
DSM20176|AZDF01000025.1_1	MGYG|ENA|CABKOL020000102|CABKOL020000102.1_594
DSM20176|AZDF01000003.1_11	DSM20176|AZDF01000003.1_11
DSM20176|AZDF01000003.1_11	FLUB|CP047121.1_519
DSM20176|AZDF01000003.1_11	LH500|CP044119.1_510
DSM20176|AZDF01000003.1_11	MGYG|ENA|CABKOL020000106|CABKOL020000106.1_794
DSM20176|AZDF01000003.1_11	LMG07934|CP050262.1_484
DSM20176|AZDF01000003.1_43	DSM20176|AZDF01000003.1_43
DSM20176|AZDF01000003.1_43	FLUB|CP047121.1_486
DSM20176|AZDF01000003.1_43	LH500|CP044119.1_477
DSM20176|AZDF01000003.1_43	MGYG|ENA|CABKOL020000106|CABKOL020000106.1_762
DSM20176|AZDF01000003.1_43	LMG07934|CP050262.1_450
DSM20176|AZDF01000003.1_75	DSM20176|AZDF01000003.1_75
DSM20176|AZDF01000003.1_75	LH500|CP044119.1_445
DSM20176|AZDF01000003.1_107	DSM20176|AZDF01000003.1_107
DSM20176|AZDF01000003.1_107	FLUB|CP047121.1_422
DSM20176|AZDF01000003.1_107	LH500|CP044119.1_412
DSM20176|AZDF01000003.1_107	MGYG|ENA|CABKOL020000106|CABKOL020000106.1_698
DSM20176|AZDF01000003.1_107	LMG07934|CP050262.1_386
DSM20176|AZDF01000030.1_9	DSM20176|AZDF01000030.1_9
DSM20176|AZDF01000030.1_9	LH500|CP044119.1_855
DSM20176|AZDF01000030.1_9	LMG07934|CP050262.1_882
DSM20176|AZDF01000031.1_11	DSM20176|AZDF01000031.1_11
DSM20176|AZDF01000031.1_11	LMG07934|CP050262.1_784
DSM20176|AZDF01000031.1_11	LH500|CP044119.1_759
DSM20176|AZDF01000031.1_11	MGYG|ENA|CABKOL020000106|CABKOL020000106.1_1177
DSM20176|AZDF01000031.1_11	FLUB|CP047121.1_960
DSM20176|AZDF01000032.1_13	DSM20176|AZDF01000032.1_13
DSM20176|AZDF01000032.1_13	LMG07934|CP050262.1_2222
DSM20176|AZDF01000032.1_13	FLUB|CP047121.1_2411
DSM20176|AZDF01000032.1_13	MGYG|ENA|CABKOL020000104|CABKOL020000104.1_173
DSM20176|AZDF01000032.1_13	LH500|CP044119.1_2124
DSM20176|AZDF01000033.1_15	DSM20176|AZDF01000033.1_15
DSM20176|AZDF01000033.1_15	LMG07934|CP050262.1_2197
DSM20176|AZDF01000033.1_15	MGYG|ENA|CABKOL020000104|CABKOL020000104.1_199
DSM20176|AZDF01000033.1_15	FLUB|CP047121.1_2386
DSM20176|AZDF01000033.1_15	LH500|CP044119.1_2096
DSM20176|AZDF01000037.1_21	DSM20176|AZDF01000037.1_21
DSM20176|AZDF01000037.1_21	FLUB|CP047121.1_1062
DSM20176|AZDF01000037.1_21	MGYG|ENA|CABKOL020000106|CABKOL020000106.1_1282
DSM20176|AZDF01000037.1_21	LH500|CP044119.1_845
DSM20176|AZDF01000037.1_21	LMG07934|CP050262.1_872
DSM20176|AZDF01000040.1_2	DSM20176|AZDF01000040.1_2
DSM20176|AZDF01000040.1_2	MGYG|ENA|CABKOL020000106|CABKOL020000106.1_399
DSM20176|AZDF01000040.1_2	LMG07934|CP050262.1_112
DSM20176|AZDF01000040.1_2	LH500|CP044119.1_137
DSM20176|AZDF01000040.1_2	FLUB|CP047121.1_124
DSM20176|AZDF01000042.1_8	DSM20176|AZDF01000042.1_8
DSM20176|AZDF01000042.1_8	FLUB|CP047121.1_2024
DSM20176|AZDF01000042.1_8	MGYG|ENA|CABKOL020000099|CABKOL020000099.1_10
DSM20176|AZDF01000042.1_8	LH500|CP044119.1_1792
DSM20176|AZDF01000042.1_8	LMG07934|CP050262.1_1850
DSM20176|AZDF01000045.1_5	DSM20176|AZDF01000045.1_5
DSM20176|AZDF01000045.1_5	FLUB|CP047121.1_938
DSM20176|AZDF01000045.1_5	LH500|CP044119.1_732
DSM20176|AZDF01000045.1_5	LMG07934|CP050262.1_767
DSM20176|AZDF01000045.1_5	MGYG|ENA|CABKOL020000106|CABKOL020000106.1_1153
DSM20176|AZDF01000048.1_3	DSM20176|AZDF01000048.1_3
DSM20176|AZDF01000048.1_3	MGYG|ENA|CABKOL020000104|CABKOL020000104.1_98
DSM20176|AZDF01000048.1_3	LMG07934|CP050262.1_2389
DSM20176|AZDF01000048.1_3	FLUB|CP047121.1_2486
DSM20176|AZDF01000048.1_3	LH500|CP044119.1_2287
DSM20176|AZDF01000005.1_44	DSM20176|AZDF01000005.1_44
DSM20176|AZDF01000005.1_44	LMG07934|CP050262.1_971
DSM20176|AZDF01000005.1_44	FLUB|CP047121.1_1162
DSM20176|AZDF01000005.1_44	MGYG|ENA|CABKOL020000095|CABKOL020000095.1_70
DSM20176|AZDF01000005.1_44	LH500|CP044119.1_944
DSM20176|AZDF01000005.1_76	DSM20176|AZDF01000005.1_76
DSM20176|AZDF01000005.1_76	LMG07934|CP050262.1_939
DSM20176|AZDF01000005.1_76	FLUB|CP047121.1_1130
DSM20176|AZDF01000005.1_76	MGYG|ENA|CABKOL020000095|CABKOL020000095.1_37
DSM20176|AZDF01000005.1_76	LH500|CP044119.1_912
DSM20176|AZDF01000052.1_7	DSM20176|AZDF01000052.1_7
DSM20176|AZDF01000059.1_2	DSM20176|AZDF01000059.1_2
DSM20176|AZDF01000006.1_24	DSM20176|AZDF01000006.1_24
DSM20176|AZDF01000006.1_24	LMG07934|CP050262.1_79
DSM20176|AZDF01000006.1_24	MGYG|ENA|CABKOL020000106|CABKOL020000106.1_369
DSM20176|AZDF01000006.1_24	LH500|CP044119.1_99
DSM20176|AZDF01000006.1_24	FLUB|CP047121.1_94
DSM20176|AZDF01000006.1_56	DSM20176|AZDF01000006.1_56
DSM20176|AZDF01000006.1_56	LMG07934|CP050262.1_47
DSM20176|AZDF01000006.1_56	LH500|CP044119.1_67
DSM20176|AZDF01000006.1_88	DSM20176|AZDF01000006.1_88
DSM20176|AZDF01000006.1_88	LMG07934|CP050262.1_17
DSM20176|AZDF01000006.1_88	FLUB|CP047121.1_17
DSM20176|AZDF01000006.1_88	LH500|CP044119.1_35
DSM20176|AZDF01000006.1_88	MGYG|ENA|CABKOL020000106|CABKOL020000106.1_291
DSM20176|AZDF01000060.1_2	DSM20176|AZDF01000060.1_2
DSM20176|AZDF01000060.1_2	MGYG|ENA|CABKOL020000102|CABKOL020000102.1_10
DSM20176|AZDF01000060.1_2	LMG07934|CP050262.1_1025
DSM20176|AZDF01000060.1_2	LH500|CP044119.1_1003
DSM20176|AZDF01000060.1_2	FLUB|CP047121.1_1216
DSM20176|AZDF01000064.1_3	DSM20176|AZDF01000064.1_3
DSM20176|AZDF01000064.1_3	MGYG|ENA|CABKOL020000106|CABKOL020000106.1_403
DSM20176|AZDF01000064.1_3	LMG07934|CP050262.1_125
DSM20176|AZDF01000064.1_3	LH500|CP044119.1_142
DSM20176|AZDF01000064.1_3	FLUB|CP047121.1_128
DSM20176|AZDF01000007.1_9	DSM20176|AZDF01000007.1_9
DSM20176|AZDF01000007.1_9	MGYG|ENA|CABKOL020000106|CABKOL020000106.1_528
DSM20176|AZDF01000007.1_9	LH500|CP044119.1_251
DSM20176|AZDF01000007.1_9	FLUB|CP047121.1_252
DSM20176|AZDF01000007.1_9	LMG07934|CP050262.1_230
DSM20176|AZDF01000007.1_41	DSM20176|AZDF01000007.1_41
DSM20176|AZDF01000007.1_41	MGYG|ENA|CABKOL020000106|CABKOL020000106.1_497
DSM20176|AZDF01000007.1_41	LH500|CP044119.1_219
DSM20176|AZDF01000007.1_41	FLUB|CP047121.1_221
DSM20176|AZDF01000007.1_41	LMG07934|CP050262.1_199
DSM20176|AZDF01000007.1_73	DSM20176|AZDF01000007.1_73
DSM20176|AZDF01000007.1_73	LH500|CP044119.1_187
DSM20176|AZDF01000007.1_73	FLUB|CP047121.1_179
DSM20176|AZDF01000007.1_73	MGYG|ENA|CABKOL020000106|CABKOL020000106.1_454
DSM20176|AZDF01000007.1_73	LMG07934|CP050262.1_167
DSM20176|AZDF01000070.1_3	DSM20176|AZDF01000070.1_3
DSM20176|AZDF01000070.1_3	MGYG|ENA|CABKOL020000104|CABKOL020000104.1_321
DSM20176|AZDF01000070.1_3	LH500|CP044119.1_2078
DSM20176|AZDF01000070.1_3	LMG07934|CP050262.1_2080
DSM20176|AZDF01000070.1_3	FLUB|CP047121.1_2264
DSM20176|AZDF01000008.1_7	DSM20176|AZDF01000008.1_7
DSM20176|AZDF01000008.1_7	MGYG|ENA|CABKOL020000102|CABKOL020000102.1_421
DSM20176|AZDF01000008.1_7	FLUB|CP047121.1_1624
DSM20176|AZDF01000008.1_7	LH500|CP044119.1_1419
DSM20176|AZDF01000008.1_7	LMG07934|CP050262.1_1509
DSM20176|AZDF01000008.1_39	DSM20176|AZDF01000008.1_39
DSM20176|AZDF01000008.1_39	MGYG|ENA|CABKOL020000102|CABKOL020000102.1_389
DSM20176|AZDF01000008.1_39	FLUB|CP047121.1_1592
DSM20176|AZDF01000008.1_39	LH500|CP044119.1_1387
DSM20176|AZDF01000008.1_39	LMG07934|CP050262.1_1477
DSM20176|AZDF01000008.1_71	DSM20176|AZDF01000008.1_71
DSM20176|AZDF01000008.1_71	MGYG|ENA|CABKOL020000102|CABKOL020000102.1_354
DSM20176|AZDF01000008.1_71	FLUB|CP047121.1_1557
DSM20176|AZDF01000008.1_71	LH500|CP044119.1_1355
DSM20176|AZDF01000008.1_71	LMG07934|CP050262.1_1445
DSM20176|AZDF01000009.1_10	DSM20176|AZDF01000009.1_10
DSM20176|AZDF01000009.1_10	FLUB|CP047121.1_2472
DSM20176|AZDF01000009.1_10	LH500|CP044119.1_2267
DSM20176|AZDF01000009.1_10	LMG07934|CP050262.1_2366
DSM20176|AZDF01000009.1_10	MGYG|ENA|CABKOL020000104|CABKOL020000104.1_112
DSM20176|AZDF01000009.1_42	DSM20176|AZDF01000009.1_42
DSM20176|AZDF01000009.1_42	LH500|CP044119.1_2235
DSM20176|AZDF01000009.1_42	LMG07934|CP050262.1_2331
DSM20176|AZDF01000009.1_74	DSM20176|AZDF01000009.1_74
DSM20176|AZDF01000009.1_74	LH500|CP044119.1_2203
DSM20176|AZDF01000009.1_74	LMG07934|CP050262.1_2296
DSM20176|AZDF01000094.1_1	DSM20176|AZDF01000094.1_1
DSM20176|AZDF01000094.1_1	MGYG|ENA|CABKOL020000103|CABKOL020000103.1_28
DSM20176|AZDF01000094.1_1	FLUB|CP047122.1_30
DSM20176|AZDF01000094.1_1	LH500|CP044119.1_669
DSM20176|AZDF01000094.1_1	LH500|CP044119.1_2142
FLUB|CP047121.1_3	FLUB|CP047121.1_3
FLUB|CP047121.1_3	MGYG|ENA|CABKOL020000106|CABKOL020000106.1_277
FLUB|CP047121.1_3	LH500|CP044119.1_4
FLUB|CP047121.1_3	LMG07934|CP050262.1_3
FLUB|CP047121.1_3	DSM20176|AZDF01000006.1_118
FLUB|CP047121.1_35	FLUB|CP047121.1_35
FLUB|CP047121.1_35	LH500|CP044119.1_53
FLUB|CP047121.1_35	MGYG|ENA|CABKOL020000106|CABKOL020000106.1_309
FLUB|CP047121.1_35	DSM20176|AZDF01000006.1_70
FLUB|CP047121.1_35	LMG07934|CP050262.1_35
FLUB|CP047121.1_131	FLUB|CP047121.1_131
FLUB|CP047121.1_131	MGYG|ENA|CABKOL020000106|CABKOL020000106.1_406
FLUB|CP047121.1_131	LMG07934|CP050262.1_128
FLUB|CP047121.1_163	FLUB|CP047121.1_163
FLUB|CP047121.1_163	MGYG|ENA|CABKOL020000106|CABKOL020000106.1_437
FLUB|CP047121.1_163	LMG07934|CP050262.1_150
FLUB|CP047121.1_163	DSM20176|AZDF01000007.1_89
FLUB|CP047121.1_163	LH500|CP044119.1_171
FLUB|CP047121.1_195	FLUB|CP047121.1_195
FLUB|CP047121.1_195	MGYG|ENA|CABKOL020000106|CABKOL020000106.1_470
FLUB|CP047121.1_195	LMG07934|CP050262.1_183
FLUB|CP047121.1_227	FLUB|CP047121.1_227
FLUB|CP047121.1_227	LMG07934|CP050262.1_205
FLUB|CP047121.1_227	MGYG|ENA|CABKOL020000106|CABKOL020000106.1_503
FLUB|CP047121.1_227	LH500|CP044119.1_225
FLUB|CP047121.1_227	DSM20176|AZDF01000007.1_35
FLUB|CP047121.1_291	FLUB|CP047121.1_291
FLUB|CP047121.1_291	LMG07934|CP050262.1_275
FLUB|CP047121.1_291	MGYG|ENA|CABKOL020000106|CABKOL020000106.1_568
FLUB|CP047121.1_291	DSM20176|AZDF01000019.1_23
FLUB|CP047121.1_291	LH500|CP044119.1_295
FLUB|CP047121.1_323	FLUB|CP047121.1_323
FLUB|CP047121.1_323	DSM20176|AZDF01000036.1_7
FLUB|CP047121.1_323	LMG07934|CP050262.1_310
FLUB|CP047121.1_323	MGYG|ENA|CABKOL020000106|CABKOL020000106.1_600
FLUB|CP047121.1_323	LH500|CP044119.1_336
FLUB|CP047121.1_387	FLUB|CP047121.1_387
FLUB|CP047121.1_387	LH500|CP044119.1_376
FLUB|CP047121.1_387	MGYG|ENA|CABKOL020000106|CABKOL020000106.1_663
FLUB|CP047121.1_387	DSM20176|AZDF01000035.1_6
FLUB|CP047121.1_387	LMG07934|CP050262.1_347
FLUB|CP047121.1_419	FLUB|CP047121.1_419
FLUB|CP047121.1_419	DSM20176|AZDF01000003.1_110
FLUB|CP047121.1_419	LH500|CP044119.1_409
FLUB|CP047121.1_419	MGYG|ENA|CABKOL020000106|CABKOL020000106.1_695
FLUB|CP047121.1_419	LMG07934|CP050262.1_383
FLUB|CP047121.1_451	FLUB|CP047121.1_451
FLUB|CP047121.1_451	DSM20176|AZDF01000003.1_76
FLUB|CP047121.1_451	LH500|CP044119.1_444
FLUB|CP047121.1_451	MGYG|ENA|CABKOL020000106|CABKOL020000106.1_727
FLUB|CP047121.1_515	FLUB|CP047121.1_515
FLUB|CP047121.1_515	DSM20176|AZDF01000003.1_15
FLUB|CP047121.1_515	LH500|CP044119.1_506
FLUB|CP047121.1_515	MGYG|ENA|CABKOL020000106|CABKOL020000106.1_790
FLUB|CP047121.1_515	LMG07934|CP050262.1_480
FLUB|CP047121.1_579	FLUB|CP047121.1_579
FLUB|CP047121.1_611	FLUB|CP047121.1_611
FLUB|CP047121.1_643	FLUB|CP047121.1_643
FLUB|CP047121.1_643	LH500|CP044119.1_564
FLUB|CP047121.1_643	MGYG|ENA|CABKOL020000106|CABKOL020000106.1_854
FLUB|CP047121.1_643	LMG07934|CP050262.1_540
FLUB|CP047121.1_643	DSM20176|AZDF01000010.1_44
FLUB|CP047121.1_771	FLUB|CP047121.1_771
FLUB|CP047121.1_771	MGYG|ENA|CABKOL020000106|CABKOL020000106.1_983
FLUB|CP047121.1_771	LMG07934|CP050262.1_603
FLUB|CP047121.1_899	FLUB|CP047121.1_899
FLUB|CP047121.1_899	LH500|CP044119.1_700
FLUB|CP047121.1_899	MGYG|ENA|CABKOL020000106|CABKOL020000106.1_1114
FLUB|CP047121.1_899	DSM20176|AZDF01000027.1_14
FLUB|CP047121.1_899	LMG07934|CP050262.1_735
FLUB|CP047121.1_931	FLUB|CP047121.1_931
FLUB|CP047121.1_931	LH500|CP044119.1_726
FLUB|CP047121.1_931	LMG07934|CP050262.1_760
FLUB|CP047121.1_931	DSM20176|AZDF01000054.1_1
FLUB|CP047121.1_931	MGYG|ENA|CABKOL020000106|CABKOL020000106.1_1146
FLUB|CP047121.1_963	FLUB|CP047121.1_963
FLUB|CP047121.1_963	DSM20176|AZDF01000031.1_14
FLUB|CP047121.1_963	LMG07934|CP050262.1_787
FLUB|CP047121.1_963	LH500|CP044119.1_762
FLUB|CP047121.1_963	MGYG|ENA|CABKOL020000106|CABKOL020000106.1_1180
FLUB|CP047121.1_995	FLUB|CP047121.1_995
FLUB|CP047121.1_995	LMG07934|CP050262.1_820
FLUB|CP047121.1_995	LH500|CP044119.1_795
FLUB|CP047121.1_995	MGYG|ENA|CABKOL020000106|CABKOL020000106.1_1212
FLUB|CP047121.1_995	DSM20176|AZDF01000016.1_32
FLUB|CP047121.1_1059	FLUB|CP047121.1_1059
FLUB|CP047121.1_1059	MGYG|ENA|CABKOL020000106|CABKOL020000106.1_1278
FLUB|CP047121.1_1091	FLUB|CP047121.1_1091
FLUB|CP047121.1_1091	MGYG|ENA|CABKOL020000106|CABKOL020000106.1_1311
FLUB|CP047121.1_1091	DSM20176|AZDF01000030.1_28
FLUB|CP047121.1_1091	LH500|CP044119.1_874
FLUB|CP047121.1_1091	LMG07934|CP050262.1_901
FLUB|CP047121.1_1123	FLUB|CP047121.1_1123
FLUB|CP047121.1_1123	DSM20176|AZDF01000005.1_83
FLUB|CP047121.1_1123	MGYG|ENA|CABKOL020000095|CABKOL020000095.1_30
FLUB|CP047121.1_1123	LH500|CP044119.1_905
FLUB|CP047121.1_1123	LMG07934|CP050262.1_932
FLUB|CP047121.1_1187	FLUB|CP047121.1_1187
FLUB|CP047121.1_1187	DSM20176|AZDF01000005.1_19
FLUB|CP047121.1_1187	MGYG|ENA|CABKOL020000095|CABKOL020000095.1_95
FLUB|CP047121.1_1187	LH500|CP044119.1_969
FLUB|CP047121.1_1187	LMG07934|CP050262.1_996
FLUB|CP047121.1_1219	FLUB|CP047121.1_1219
FLUB|CP047121.1_1219	DSM20176|AZDF01000002.1_207
FLUB|CP047121.1_1219	MGYG|ENA|CABKOL020000102|CABKOL020000102.1_13
FLUB|CP047121.1_1219	LMG07934|CP050262.1_1028
FLUB|CP047121.1_1219	LH500|CP044119.1_1007
FLUB|CP047121.1_1251	FLUB|CP047121.1_1251
FLUB|CP047121.1_1251	DSM20176|AZDF01000002.1_176
FLUB|CP047121.1_1251	MGYG|ENA|CABKOL020000102|CABKOL020000102.1_45
FLUB|CP047121.1_1251	LMG07934|CP050262.1_1059
FLUB|CP047121.1_1251	LH500|CP044119.1_1038
FLUB|CP047121.1_1283	FLUB|CP047121.1_1283
FLUB|CP047121.1_1283	DSM20176|AZDF01000002.1_147
FLUB|CP047121.1_1283	MGYG|ENA|CABKOL020000102|CABKOL020000102.1_78
FLUB|CP047121.1_1283	LMG07934|CP050262.1_1091
FLUB|CP047121.1_1283	LH500|CP044119.1_1067
FLUB|CP047121.1_1315	FLUB|CP047121.1_1315
FLUB|CP047121.1_1315	DSM20176|AZDF01000002.1_114
FLUB|CP047121.1_1315	MGYG|ENA|CABKOL020000102|CABKOL020000102.1_110
FLUB|CP047121.1_1315	LMG07934|CP050262.1_1123
FLUB|CP047121.1_1315	LH500|CP044119.1_1100
FLUB|CP047121.1_1347	FLUB|CP047121.1_1347
FLUB|CP047121.1_1347	DSM20176|AZDF01000002.1_82
FLUB|CP047121.1_1347	LMG07934|CP050262.1_1154
FLUB|CP047121.1_1347	MGYG|ENA|CABKOL020000102|CABKOL020000102.1_142
FLUB|CP047121.1_1347	LH500|CP044119.1_1132
FLUB|CP047121.1_1379	FLUB|CP047121.1_1379
FLUB|CP047121.1_1379	DSM20176|AZDF01000002.1_51
FLUB|CP047121.1_1379	LMG07934|CP050262.1_1185
FLUB|CP047121.1_1379	MGYG|ENA|CABKOL020000102|CABKOL020000102.1_174
FLUB|CP047121.1_1379	LH500|CP044119.1_1163
FLUB|CP047121.1_1411	FLUB|CP047121.1_1411
FLUB|CP047121.1_1411	DSM20176|AZDF01000002.1_20
FLUB|CP047121.1_1411	LMG07934|CP050262.1_1217
FLUB|CP047121.1_1411	MGYG|ENA|CABKOL020000102|CABKOL020000102.1_207
FLUB|CP047121.1_1411	LH500|CP044119.1_1195
FLUB|CP047121.1_1475	FLUB|CP047121.1_1475
FLUB|CP047121.1_1475	LH500|CP044119.1_1269
FLUB|CP047121.1_1475	LMG07934|CP050262.1_1362
FLUB|CP047121.1_1475	MGYG|ENA|CABKOL020000102|CABKOL020000102.1_272
FLUB|CP047121.1_1475	DSM20176|AZDF01000013.1_6
FLUB|CP047121.1_1507	FLUB|CP047121.1_1507
FLUB|CP047121.1_1507	LH500|CP044119.1_1301
FLUB|CP047121.1_1507	LMG07934|CP050262.1_1394
FLUB|CP047121.1_1507	MGYG|ENA|CABKOL020000102|CABKOL020000102.1_304
FLUB|CP047121.1_1507	DSM20176|AZDF01000013.1_38
FLUB|CP047121.1_1539	FLUB|CP047121.1_1539
FLUB|CP047121.1_1539	LH500|CP044119.1_1335
FLUB|CP047121.1_1539	LMG07934|CP050262.1_1427
FLUB|CP047121.1_1539	DSM20176|AZDF01000047.1_2
FLUB|CP047121.1_1539	MGYG|ENA|CABKOL020000102|CABKOL020000102.1_336
FLUB|CP047121.1_1571	FLUB|CP047121.1_1571
FLUB|CP047121.1_1571	LH500|CP044119.1_1370
FLUB|CP047121.1_1571	LMG07934|CP050262.1_1461
FLUB|CP047121.1_1571	DSM20176|AZDF01000008.1_56
FLUB|CP047121.1_1571	MGYG|ENA|CABKOL020000102|CABKOL020000102.1_368
FLUB|CP047121.1_1603	FLUB|CP047121.1_1603
FLUB|CP047121.1_1603	LH500|CP044119.1_1398
FLUB|CP047121.1_1603	LMG07934|CP050262.1_1488
FLUB|CP047121.1_1603	DSM20176|AZDF01000008.1_28
FLUB|CP047121.1_1603	MGYG|ENA|CABKOL020000102|CABKOL020000102.1_400
FLUB|CP047121.1_1699	FLUB|CP047121.1_1699
FLUB|CP047121.1_1699	LMG07934|CP050262.1_1584
FLUB|CP047121.1_1699	LH500|CP044119.1_1496
FLUB|CP047121.1_1699	MGYG|ENA|CABKOL020000102|CABKOL020000102.1_496
FLUB|CP047121.1_1699	DSM20176|AZDF01000004.1_54
FLUB|CP047121.1_1731	FLUB|CP047121.1_1731
FLUB|CP047121.1_1731	LMG07934|CP050262.1_1617
FLUB|CP047121.1_1731	LH500|CP044119.1_1529
FLUB|CP047121.1_1731	DSM20176|AZDF01000004.1_21
FLUB|CP047121.1_1731	MGYG|ENA|CABKOL020000102|CABKOL020000102.1_528
FLUB|CP047121.1_1763	FLUB|CP047121.1_1763
FLUB|CP047121.1_1763	LMG07934|CP050262.1_1648
FLUB|CP047121.1_1763	LH500|CP044119.1_1560
FLUB|CP047121.1_1763	DSM20176|AZDF01000017.1_32
FLUB|CP047121.1_1763	MGYG|ENA|CABKOL020000102|CABKOL020000102.1_560
FLUB|CP047121.1_1795	FLUB|CP047121.1_1795
FLUB|CP047121.1_1795	LMG07934|CP050262.1_1680
FLUB|CP047121.1_1795	LH500|CP044119.1_1591
FLUB|CP047121.1_1795	DSM20176|AZDF01000017.1_1
FLUB|CP047121.1_1795	MGYG|ENA|CABKOL020000102|CABKOL020000102.1_592
FLUB|CP047121.1_1859	FLUB|CP047121.1_1859
FLUB|CP047121.1_1859	LMG07934|CP050262.1_1742
FLUB|CP047121.1_1859	LH500|CP044119.1_1656
FLUB|CP047121.1_1859	MGYG|ENA|CABKOL020000102|CABKOL020000102.1_655
FLUB|CP047121.1_1859	DSM20176|AZDF01000023.1_31
FLUB|CP047121.1_1891	FLUB|CP047121.1_1891
FLUB|CP047121.1_1891	LMG07934|CP050262.1_1775
FLUB|CP047121.1_1891	LH500|CP044119.1_1718
FLUB|CP047121.1_1891	DSM20176|AZDF01000014.1_35
FLUB|CP047121.1_1891	MGYG|ENA|CABKOL020000102|CABKOL020000102.1_688
FLUB|CP047121.1_1923	FLUB|CP047121.1_1923
FLUB|CP047121.1_1955	FLUB|CP047121.1_1955
FLUB|CP047121.1_1987	FLUB|CP047121.1_1987
FLUB|CP047121.1_1987	LH500|CP044119.1_1755
FLUB|CP047121.1_1987	LMG07934|CP050262.1_1813
FLUB|CP047121.1_1987	DSM20176|AZDF01000012.1_20
FLUB|CP047121.1_1987	MGYG|ENA|CABKOL020000099|CABKOL020000099.1_48
FLUB|CP047121.1_2019	FLUB|CP047121.1_2019
FLUB|CP047121.1_2019	LH500|CP044119.1_1787
FLUB|CP047121.1_2019	LMG07934|CP050262.1_1845
FLUB|CP047121.1_2019	DSM20176|AZDF01000012.1_52
FLUB|CP047121.1_2019	MGYG|ENA|CABKOL020000099|CABKOL020000099.1_15
FLUB|CP047121.1_2083	FLUB|CP047121.1_2083
FLUB|CP047121.1_2083	DSM20176|AZDF01000001.1_48
FLUB|CP047121.1_2083	LMG07934|CP050262.1_1905
FLUB|CP047121.1_2083	MGYG|ENA|CABKOL020000104|CABKOL020000104.1_502
FLUB|CP047121.1_2083	LH500|CP044119.1_1902
FLUB|CP047121.1_2115	FLUB|CP047121.1_2115
FLUB|CP047121.1_2115	DSM20176|AZDF01000001.1_80
FLUB|CP047121.1_2115	LMG07934|CP050262.1_1937
FLUB|CP047121.1_2115	MGYG|ENA|CABKOL020000104|CABKOL020000104.1_470
FLUB|CP047121.1_2115	LH500|CP044119.1_1934
FLUB|CP047121.1_2147	FLUB|CP047121.1_2147
FLUB|CP047121.1_2147	DSM20176|AZDF01000001.1_111
FLUB|CP047121.1_2147	LMG07934|CP050262.1_1968
FLUB|CP047121.1_2147	LH500|CP044119.1_1965
FLUB|CP047121.1_2147	MGYG|ENA|CABKOL020000104|CABKOL020000104.1_438
FLUB|CP047121.1_2179	FLUB|CP047121.1_2179
FLUB|CP047121.1_2179	DSM20176|AZDF01000001.1_144
FLUB|CP047121.1_2179	LMG07934|CP050262.1_2001
FLUB|CP047121.1_2179	MGYG|ENA|CABKOL020000104|CABKOL020000104.1_406
FLUB|CP047121.1_2179	LH500|CP044119.1_1998
FLUB|CP047121.1_2211	FLUB|CP047121.1_2211
FLUB|CP047121.1_2211	DSM20176|AZDF01000001.1_175
FLUB|CP047121.1_2211	LMG07934|CP050262.1_2032
FLUB|CP047121.1_2211	LH500|CP044119.1_2029
FLUB|CP047121.1_2211	MGYG|ENA|CABKOL020000104|CABKOL020000104.1_374
FLUB|CP047121.1_2243	FLUB|CP047121.1_2243
FLUB|CP047121.1_2243	DSM20176|AZDF01000001.1_203
FLUB|CP047121.1_2243	LMG07934|CP050262.1_2061
FLUB|CP047121.1_2243	LH500|CP044119.1_2058
FLUB|CP047121.1_2243	MGYG|ENA|CABKOL020000104|CABKOL020000104.1_342
FLUB|CP047121.1_2307	FLUB|CP047121.1_2307
FLUB|CP047121.1_2307	LMG07934|CP050262.1_2124
FLUB|CP047121.1_2307	MGYG|ENA|CABKOL020000104|CABKOL020000104.1_278
FLUB|CP047121.1_2339	FLUB|CP047121.1_2339
FLUB|CP047121.1_2339	LMG07934|CP050262.1_2148
FLUB|CP047121.1_2339	MGYG|ENA|CABKOL020000104|CABKOL020000104.1_246
FLUB|CP047121.1_2371	FLUB|CP047121.1_2371
FLUB|CP047121.1_2371	LMG07934|CP050262.1_2181
FLUB|CP047121.1_2371	MGYG|ENA|CABKOL020000104|CABKOL020000104.1_214
FLUB|CP047121.1_2403	FLUB|CP047121.1_2403
FLUB|CP047121.1_2403	LH500|CP044119.1_2116
FLUB|CP047121.1_2403	DSM20176|AZDF01000032.1_5
FLUB|CP047121.1_2403	MGYG|ENA|CABKOL020000104|CABKOL020000104.1_181
FLUB|CP047121.1_2403	LMG07934|CP050262.1_2214
FLUB|CP047121.1_2435	FLUB|CP047121.1_2435
FLUB|CP047121.1_2435	LH500|CP044119.1_2151
FLUB|CP047121.1_2435	MGYG|ENA|CABKOL020000104|CABKOL020000104.1_148
FLUB|CP047121.1_2435	DSM20176|AZDF01000020.1_8
FLUB|CP047121.1_2435	LMG07934|CP050262.1_2246
FLUB|CP047121.1_2467	FLUB|CP047121.1_2467
FLUB|CP047121.1_2467	DSM20176|AZDF01000009.1_89
FLUB|CP047121.1_2467	LH500|CP044119.1_2188
FLUB|CP047121.1_2467	MGYG|ENA|CABKOL020000104|CABKOL020000104.1_117
FLUB|CP047121.1_2467	LMG07934|CP050262.1_2281
FLUB|CP047121.1_2627	FLUB|CP047121.1_2627
FLUB|CP047121.1_2627	MGYG|ENA|CABKOL020000106|CABKOL020000106.1_43
FLUB|CP047121.1_2723	FLUB|CP047121.1_2723
FLUB|CP047121.1_2723	LH500|CP044119.1_2451
FLUB|CP047121.1_2723	LMG07934|CP050262.1_2573
FLUB|CP047121.1_2723	DSM20176|AZDF01000015.1_9
FLUB|CP047121.1_2723	MGYG|ENA|CABKOL020000106|CABKOL020000106.1_137
FLUB|CP047121.1_2755	FLUB|CP047121.1_2755
FLUB|CP047121.1_2755	LH500|CP044119.1_2483
FLUB|CP047121.1_2755	LMG07934|CP050262.1_2606
FLUB|CP047121.1_2755	DSM20176|AZDF01000022.1_23
FLUB|CP047121.1_2755	MGYG|ENA|CABKOL020000106|CABKOL020000106.1_168
FLUB|CP047121.1_2819	FLUB|CP047121.1_2819
FLUB|CP047121.1_2819	LMG07934|CP050262.1_2669
FLUB|CP047121.1_2819	DSM20176|AZDF01000028.1_14
FLUB|CP047121.1_2819	LH500|CP044119.1_2541
FLUB|CP047121.1_2819	MGYG|ENA|CABKOL020000106|CABKOL020000106.1_232
FLUB|CP047121.1_2851	FLUB|CP047121.1_2851
FLUB|CP047121.1_2851	LMG07934|CP050262.1_2703
FLUB|CP047121.1_2851	DSM20176|AZDF01000024.1_20
FLUB|CP047121.1_2851	MGYG|ENA|CABKOL020000106|CABKOL020000106.1_264
FLUB|CP047121.1_2851	LH500|CP044119.1_2576
FLUB|CP047122.1_22	FLUB|CP047122.1_22
FLUB|CP047123.1_38	FLUB|CP047123.1_38
FLUB|CP047123.1_38	FLUB|CP047124.1_34
FLUB|CP047123.1_38	LMG07934|CP050262.1_1295
FLUB|CP047123.1_38	DSM20176|AZDF01000098.1_1
FLUB|CP047123.1_38	FLUB|CP047124.1_38
FLUB|CP047123.1_38	LMG07934|CP050262.1_120
FLUB|CP047123.1_38	FLUB|CP047124.1_13
FLUB|CP047123.1_38	MGYG|ENA|CABKOL020000079|CABKOL020000079.1_1
FLUB|CP047123.1_38	FLUB|CP047124.1_18
FLUB|CP047123.1_38	LMG07934|CP050262.1_807
FLUB|CP047123.1_38	LMG07934|CP050262.1_72
LMG07934|CP050262.1_12	LMG07934|CP050262.1_12
LMG07934|CP050262.1_12	FLUB|CP047121.1_12
LMG07934|CP050262.1_12	MGYG|ENA|CABKOL020000106|CABKOL020000106.1_286
LMG07934|CP050262.1_12	DSM20176|AZDF01000006.1_109
LMG07934|CP050262.1_12	LH500|CP044119.1_13
LMG07934|CP050262.1_44	LMG07934|CP050262.1_44
LMG07934|CP050262.1_76	LMG07934|CP050262.1_76
LMG07934|CP050262.1_76	MGYG|ENA|CABKOL020000106|CABKOL020000106.1_366
LMG07934|CP050262.1_76	DSM20176|AZDF01000006.1_27
LMG07934|CP050262.1_76	LH500|CP044119.1_96
LMG07934|CP050262.1_76	FLUB|CP047121.1_91
LMG07934|CP050262.1_140	LMG07934|CP050262.1_140
LMG07934|CP050262.1_140	LH500|CP044119.1_161
LMG07934|CP050262.1_140	DSM20176|AZDF01000007.1_99
LMG07934|CP050262.1_236	LMG07934|CP050262.1_236
LMG07934|CP050262.1_236	FLUB|CP047121.1_260
LMG07934|CP050262.1_236	MGYG|ENA|CABKOL020000106|CABKOL020000106.1_536
LMG07934|CP050262.1_236	LH500|CP044119.1_257
LMG07934|CP050262.1_236	DSM20176|AZDF01000007.1_3
LMG07934|CP050262.1_268	LMG07934|CP050262.1_268
LMG07934|CP050262.1_268	MGYG|ENA|CABKOL020000106|CABKOL020000106.1_560
LMG07934|CP050262.1_268	DSM20176|AZDF01000019.1_16
LMG07934|CP050262.1_268	LH500|CP044119.1_287
LMG07934|CP050262.1_268	FLUB|CP047121.1_284
LMG07934|CP050262.1_364	LMG07934|CP050262.1_364
LMG07934|CP050262.1_396	LMG07934|CP050262.1_396
LMG07934|CP050262.1_428	LMG07934|CP050262.1_428
LMG07934|CP050262.1_428	FLUB|CP047121.1_466
LMG07934|CP050262.1_428	DSM20176|AZDF01000003.1_64
LMG07934|CP050262.1_428	LH500|CP044119.1_456
LMG07934|CP050262.1_428	MGYG|ENA|CABKOL020000106|CABKOL020000106.1_742
LMG07934|CP050262.1_460	LMG07934|CP050262.1_460
LMG07934|CP050262.1_460	FLUB|CP047121.1_495
LMG07934|CP050262.1_460	LH500|CP044119.1_486
LMG07934|CP050262.1_460	MGYG|ENA|CABKOL020000106|CABKOL020000106.1_771
LMG07934|CP050262.1_460	DSM20176|AZDF01000003.1_34
LMG07934|CP050262.1_492	LMG07934|CP050262.1_492
LMG07934|CP050262.1_492	MGYG|ENA|CABKOL020000106|CABKOL020000106.1_802
LMG07934|CP050262.1_492	FLUB|CP047121.1_528
LMG07934|CP050262.1_556	LMG07934|CP050262.1_556
LMG07934|CP050262.1_620	LMG07934|CP050262.1_620
LMG07934|CP050262.1_652	LMG07934|CP050262.1_652
LMG07934|CP050262.1_780	LMG07934|CP050262.1_780
LMG07934|CP050262.1_780	LH500|CP044119.1_755
LMG07934|CP050262.1_780	MGYG|ENA|CABKOL020000106|CABKOL020000106.1_1173
LMG07934|CP050262.1_780	FLUB|CP047121.1_956
LMG07934|CP050262.1_780	DSM20176|AZDF01000031.1_7
LMG07934|CP050262.1_1036	LMG07934|CP050262.1_1036
LMG07934|CP050262.1_1036	LH500|CP044119.1_1015
LMG07934|CP050262.1_1036	DSM20176|AZDF01000002.1_199
LMG07934|CP050262.1_1036	FLUB|CP047121.1_1227
LMG07934|CP050262.1_1036	MGYG|ENA|CABKOL020000102|CABKOL020000102.1_21
LMG07934|CP050262.1_1068	LMG07934|CP050262.1_1068
LMG07934|CP050262.1_1068	LH500|CP044119.1_1047
LMG07934|CP050262.1_1068	DSM20176|AZDF01000002.1_167
LMG07934|CP050262.1_1068	FLUB|CP047121.1_1259
LMG07934|CP050262.1_1068	MGYG|ENA|CABKOL020000102|CABKOL020000102.1_53
LMG07934|CP050262.1_1164	LMG07934|CP050262.1_1164
LMG07934|CP050262.1_1164	MGYG|ENA|CABKOL020000102|CABKOL020000102.1_152
LMG07934|CP050262.1_1164	LH500|CP044119.1_1142
LMG07934|CP050262.1_1164	DSM20176|AZDF01000002.1_72
LMG07934|CP050262.1_1164	FLUB|CP047121.1_1357
LMG07934|CP050262.1_1196	LMG07934|CP050262.1_1196
LMG07934|CP050262.1_1196	MGYG|ENA|CABKOL020000102|CABKOL020000102.1_185
LMG07934|CP050262.1_1196	LH500|CP044119.1_1174
LMG07934|CP050262.1_1196	DSM20176|AZDF01000002.1_41
LMG07934|CP050262.1_1196	FLUB|CP047121.1_1390
LMG07934|CP050262.1_1260	LMG07934|CP050262.1_1260
LMG07934|CP050262.1_1292	LMG07934|CP050262.1_1292
LMG07934|CP050262.1_1356	LMG07934|CP050262.1_1356
LMG07934|CP050262.1_1356	MGYG|ENA|CABKOL020000102|CABKOL020000102.1_266
LMG07934|CP050262.1_1356	DSM20176|AZDF01000018.1_35
LMG07934|CP050262.1_1356	FLUB|CP047121.1_1469
LMG07934|CP050262.1_1356	LH500|CP044119.1_1263
LMG07934|CP050262.1_1388	LMG07934|CP050262.1_1388
LMG07934|CP050262.1_1388	MGYG|ENA|CABKOL020000102|CABKOL020000102.1_298
LMG07934|CP050262.1_1388	DSM20176|AZDF01000013.1_32
LMG07934|CP050262.1_1388	FLUB|CP047121.1_1501
LMG07934|CP050262.1_1388	LH500|CP044119.1_1295
LMG07934|CP050262.1_1420	LMG07934|CP050262.1_1420
LMG07934|CP050262.1_1516	LMG07934|CP050262.1_1516
LMG07934|CP050262.1_1516	LH500|CP044119.1_1427
LMG07934|CP050262.1_1516	MGYG|ENA|CABKOL020000102|CABKOL020000102.1_428
LMG07934|CP050262.1_1516	FLUB|CP047121.1_1631
LMG07934|CP050262.1_1516	DSM20176|AZDF01000004.1_123
LMG07934|CP050262.1_1548	LMG07934|CP050262.1_1548
LMG07934|CP050262.1_1548	MGYG|ENA|CABKOL020000102|CABKOL020000102.1_460
LMG07934|CP050262.1_1548	FLUB|CP047121.1_1663
LMG07934|CP050262.1_1580	LMG07934|CP050262.1_1580
LMG07934|CP050262.1_1580	LH500|CP044119.1_1492
LMG07934|CP050262.1_1580	MGYG|ENA|CABKOL020000102|CABKOL020000102.1_492
LMG07934|CP050262.1_1580	FLUB|CP047121.1_1695
LMG07934|CP050262.1_1580	DSM20176|AZDF01000004.1_58
LMG07934|CP050262.1_1612	LMG07934|CP050262.1_1612
LMG07934|CP050262.1_1612	LH500|CP044119.1_1524
LMG07934|CP050262.1_1612	MGYG|ENA|CABKOL020000102|CABKOL020000102.1_523
LMG07934|CP050262.1_1612	FLUB|CP047121.1_1726
LMG07934|CP050262.1_1612	DSM20176|AZDF01000004.1_26
LMG07934|CP050262.1_1676	LMG07934|CP050262.1_1676
LMG07934|CP050262.1_1676	LH500|CP044119.1_1587
LMG07934|CP050262.1_1676	DSM20176|AZDF01000017.1_5
LMG07934|CP050262.1_1676	MGYG|ENA|CABKOL020000102|CABKOL020000102.1_588
LMG07934|CP050262.1_1676	FLUB|CP047121.1_1791
LMG07934|CP050262.1_1772	LMG07934|CP050262.1_1772
LMG07934|CP050262.1_1772	LH500|CP044119.1_1715
LMG07934|CP050262.1_1772	DSM20176|AZDF01000014.1_32
LMG07934|CP050262.1_1772	MGYG|ENA|CABKOL020000102|CABKOL020000102.1_685
LMG07934|CP050262.1_1772	FLUB|CP047121.1_1888
LMG07934|CP050262.1_2060	LMG07934|CP050262.1_2060
LMG07934|CP050262.1_2060	FLUB|CP047121.1_2242
LMG07934|CP050262.1_2060	LH500|CP044119.1_2057
LMG07934|CP050262.1_2060	MGYG|ENA|CABKOL020000104|CABKOL020000104.1_343
LMG07934|CP050262.1_2060	DSM20176|AZDF01000001.1_202
LMG07934|CP050262.1_2156	LMG07934|CP050262.1_2156
LMG07934|CP050262.1_2156	FLUB|CP047121.1_2349
LMG07934|CP050262.1_2156	MGYG|ENA|CABKOL020000104|CABKOL020000104.1_236
LMG07934|CP050262.1_2188	LMG07934|CP050262.1_2188
LMG07934|CP050262.1_2188	FLUB|CP047121.1_2378
LMG07934|CP050262.1_2188	DSM20176|AZDF01000033.1_24
LMG07934|CP050262.1_2188	MGYG|ENA|CABKOL020000104|CABKOL020000104.1_207
LMG07934|CP050262.1_2188	LH500|CP044119.1_2087
LMG07934|CP050262.1_2284	LMG07934|CP050262.1_2284
LMG07934|CP050262.1_2284	DSM20176|AZDF01000009.1_86
LMG07934|CP050262.1_2284	LH500|CP044119.1_2191
LMG07934|CP050262.1_2348	LMG07934|CP050262.1_2348
LMG07934|CP050262.1_2380	LMG07934|CP050262.1_2380
LMG07934|CP050262.1_2412	LMG07934|CP050262.1_2412
LMG07934|CP050262.1_2412	FLUB|CP047121.1_2502
LMG07934|CP050262.1_2412	LH500|CP044119.1_2301
LMG07934|CP050262.1_2412	DSM20176|AZDF01000049.1_3
LMG07934|CP050262.1_2412	MGYG|ENA|CABKOL020000104|CABKOL020000104.1_82
LMG07934|CP050262.1_2476	LMG07934|CP050262.1_2476
LMG07934|CP050262.1_2476	LH500|CP044119.1_2364
LMG07934|CP050262.1_2476	MGYG|ENA|CABKOL020000106|CABKOL020000106.1_6
LMG07934|CP050262.1_2476	DSM20176|AZDF01000021.1_6
LMG07934|CP050262.1_2476	FLUB|CP047121.1_2590
LMG07934|CP050262.1_2508	LMG07934|CP050262.1_2508
LMG07934|CP050262.1_2540	LMG07934|CP050262.1_2540
LMG07934|CP050262.1_2572	LMG07934|CP050262.1_2572
LMG07934|CP050262.1_2700	LMG07934|CP050262.1_2700
LMG07934|CP050262.1_2700	DSM20176|AZDF01000024.1_17
LMG07934|CP050262.1_2700	MGYG|ENA|CABKOL020000106|CABKOL020000106.1_261
LMG07934|CP050262.1_2700	LH500|CP044119.1_2573
LMG07934|CP050262.1_2700	FLUB|CP047121.1_2848
LH500|CP044119.1_83	LH500|CP044119.1_83
LH500|CP044119.1_83	FLUB|CP047121.1_80
LH500|CP044119.1_83	DSM20176|AZDF01000006.1_40
LH500|CP044119.1_83	LMG07934|CP050262.1_62
LH500|CP044119.1_83	MGYG|ENA|CABKOL020000106|CABKOL020000106.1_355
LH500|CP044119.1_211	LH500|CP044119.1_211
LH500|CP044119.1_211	DSM20176|AZDF01000007.1_49
LH500|CP044119.1_211	FLUB|CP047121.1_203
LH500|CP044119.1_211	MGYG|ENA|CABKOL020000106|CABKOL020000106.1_478
LH500|CP044119.1_211	LMG07934|CP050262.1_191
LH500|CP044119.1_243	LH500|CP044119.1_243
LH500|CP044119.1_243	DSM20176|AZDF01000007.1_17
LH500|CP044119.1_243	FLUB|CP047121.1_244
LH500|CP044119.1_243	LMG07934|CP050262.1_222
LH500|CP044119.1_243	MGYG|ENA|CABKOL020000106|CABKOL020000106.1_520
LH500|CP044119.1_275	LH500|CP044119.1_275
LH500|CP044119.1_275	FLUB|CP047121.1_271
LH500|CP044119.1_275	LMG07934|CP050262.1_256
LH500|CP044119.1_275	MGYG|ENA|CABKOL020000106|CABKOL020000106.1_547
LH500|CP044119.1_307	LH500|CP044119.1_307
LH500|CP044119.1_307	FLUB|CP047121.1_295
LH500|CP044119.1_307	MGYG|ENA|CABKOL020000106|CABKOL020000106.1_572
LH500|CP044119.1_307	LMG07934|CP050262.1_286
LH500|CP044119.1_307	DSM20176|AZDF01000019.1_35
LH500|CP044119.1_339	LH500|CP044119.1_339
LH500|CP044119.1_339	FLUB|CP047121.1_326
LH500|CP044119.1_339	LMG07934|CP050262.1_313
LH500|CP044119.1_339	MGYG|ENA|CABKOL020000106|CABKOL020000106.1_603
LH500|CP044119.1_339	DSM20176|AZDF01000036.1_4
LH500|CP044119.1_371	LH500|CP044119.1_371
LH500|CP044119.1_371	DSM20176|AZDF01000035.1_1
LH500|CP044119.1_371	LMG07934|CP050262.1_342
LH500|CP044119.1_371	FLUB|CP047121.1_372
LH500|CP044119.1_371	MGYG|ENA|CABKOL020000106|CABKOL020000106.1_648
LH500|CP044119.1_403	LH500|CP044119.1_403
LH500|CP044119.1_403	MGYG|ENA|CABKOL020000106|CABKOL020000106.1_689
LH500|CP044119.1_403	DSM20176|AZDF01000003.1_116
LH500|CP044119.1_403	LMG07934|CP050262.1_377
LH500|CP044119.1_403	FLUB|CP047121.1_413
LH500|CP044119.1_435	LH500|CP044119.1_435
LH500|CP044119.1_435	MGYG|ENA|CABKOL020000106|CABKOL020000106.1_720
LH500|CP044119.1_435	DSM20176|AZDF01000003.1_85
LH500|CP044119.1_435	LMG07934|CP050262.1_411
LH500|CP044119.1_435	FLUB|CP047121.1_444
LH500|CP044119.1_467	LH500|CP044119.1_467
LH500|CP044119.1_467	MGYG|ENA|CABKOL020000106|CABKOL020000106.1_752
LH500|CP044119.1_467	DSM20176|AZDF01000003.1_53
LH500|CP044119.1_467	LMG07934|CP050262.1_438
LH500|CP044119.1_467	FLUB|CP047121.1_476
LH500|CP044119.1_499	LH500|CP044119.1_499
LH500|CP044119.1_499	MGYG|ENA|CABKOL020000106|CABKOL020000106.1_784
LH500|CP044119.1_499	DSM20176|AZDF01000003.1_21
LH500|CP044119.1_499	LMG07934|CP050262.1_474
LH500|CP044119.1_499	FLUB|CP047121.1_509
LH500|CP044119.1_531	LH500|CP044119.1_531
LH500|CP044119.1_531	LMG07934|CP050262.1_505
LH500|CP044119.1_531	DSM20176|AZDF01000010.1_11
LH500|CP044119.1_595	LH500|CP044119.1_595
LH500|CP044119.1_595	FLUB|CP047121.1_712
LH500|CP044119.1_595	MGYG|ENA|CABKOL020000106|CABKOL020000106.1_924
LH500|CP044119.1_595	LMG07934|CP050262.1_577
LH500|CP044119.1_595	DSM20176|AZDF01000063.1_5
LH500|CP044119.1_627	LH500|CP044119.1_627
LH500|CP044119.1_627	DSM20176|AZDF01000044.1_1
LH500|CP044119.1_659	LH500|CP044119.1_659
LH500|CP044119.1_659	LMG07934|CP050262.1_698
LH500|CP044119.1_659	DSM20176|AZDF01000051.1_8
LH500|CP044119.1_691	LH500|CP044119.1_691
LH500|CP044119.1_691	MGYG|ENA|CABKOL020000106|CABKOL020000106.1_1104
LH500|CP044119.1_691	DSM20176|AZDF01000027.1_6
LH500|CP044119.1_691	LMG07934|CP050262.1_727
LH500|CP044119.1_691	FLUB|CP047121.1_889
LH500|CP044119.1_723	LH500|CP044119.1_723
LH500|CP044119.1_723	LMG07934|CP050262.1_757
LH500|CP044119.1_723	MGYG|ENA|CABKOL020000106|CABKOL020000106.1_1143
LH500|CP044119.1_723	DSM20176|AZDF01000054.1_4
LH500|CP044119.1_723	FLUB|CP047121.1_928
LH500|CP044119.1_787	LH500|CP044119.1_787
LH500|CP044119.1_787	LMG07934|CP050262.1_812
LH500|CP044119.1_787	DSM20176|AZDF01000016.1_40
LH500|CP044119.1_787	MGYG|ENA|CABKOL020000106|CABKOL020000106.1_1204
LH500|CP044119.1_787	FLUB|CP047121.1_987
LH500|CP044119.1_819	LH500|CP044119.1_819
LH500|CP044119.1_819	LMG07934|CP050262.1_845
LH500|CP044119.1_819	DSM20176|AZDF01000016.1_7
LH500|CP044119.1_819	MGYG|ENA|CABKOL020000106|CABKOL020000106.1_1236
LH500|CP044119.1_819	FLUB|CP047121.1_1018
LH500|CP044119.1_883	LH500|CP044119.1_883
LH500|CP044119.1_883	LMG07934|CP050262.1_910
LH500|CP044119.1_883	DSM20176|AZDF01000005.1_105
LH500|CP044119.1_915	LH500|CP044119.1_915
LH500|CP044119.1_915	LMG07934|CP050262.1_942
LH500|CP044119.1_915	FLUB|CP047121.1_1133
LH500|CP044119.1_915	MGYG|ENA|CABKOL020000095|CABKOL020000095.1_40
LH500|CP044119.1_915	DSM20176|AZDF01000005.1_73
LH500|CP044119.1_947	LH500|CP044119.1_947
LH500|CP044119.1_947	LMG07934|CP050262.1_974
LH500|CP044119.1_947	FLUB|CP047121.1_1165
LH500|CP044119.1_947	MGYG|ENA|CABKOL020000095|CABKOL020000095.1_73
LH500|CP044119.1_947	DSM20176|AZDF01000005.1_41
LH500|CP044119.1_1011	LH500|CP044119.1_1011
LH500|CP044119.1_1011	FLUB|CP047121.1_1223
LH500|CP044119.1_1011	DSM20176|AZDF01000002.1_203
LH500|CP044119.1_1011	MGYG|ENA|CABKOL020000102|CABKOL020000102.1_17
LH500|CP044119.1_1011	LMG07934|CP050262.1_1032
LH500|CP044119.1_1043	LH500|CP044119.1_1043
LH500|CP044119.1_1043	FLUB|CP047121.1_1256
LH500|CP044119.1_1043	DSM20176|AZDF01000002.1_171
LH500|CP044119.1_1043	MGYG|ENA|CABKOL020000102|CABKOL020000102.1_50
LH500|CP044119.1_1043	LMG07934|CP050262.1_1064
LH500|CP044119.1_1139	LH500|CP044119.1_1139
LH500|CP044119.1_1139	FLUB|CP047121.1_1354
LH500|CP044119.1_1139	DSM20176|AZDF01000002.1_75
LH500|CP044119.1_1139	LMG07934|CP050262.1_1161
LH500|CP044119.1_1139	MGYG|ENA|CABKOL020000102|CABKOL020000102.1_149
LH500|CP044119.1_1395	LH500|CP044119.1_1395
LH500|CP044119.1_1395	LMG07934|CP050262.1_1485
LH500|CP044119.1_1395	MGYG|ENA|CABKOL020000102|CABKOL020000102.1_397
LH500|CP044119.1_1395	DSM20176|AZDF01000008.1_31
LH500|CP044119.1_1395	FLUB|CP047121.1_1600
LH500|CP044119.1_1651	LH500|CP044119.1_1651
LH500|CP044119.1_1651	MGYG|ENA|CABKOL020000102|CABKOL020000102.1_650
LH500|CP044119.1_1651	DSM20176|AZDF01000023.1_26
LH500|CP044119.1_1651	FLUB|CP047121.1_1854
LH500|CP044119.1_1651	LMG07934|CP050262.1_1737
LH500|CP044119.1_1683	LH500|CP044119.1_1683
LH500|CP044119.1_1683	LH500|CP044119.1_665
LH500|CP044119.1_1683	LH500|CP044119.1_1625
LH500|CP044119.1_1683	LH500|CP044119.1_2394
LH500|CP044119.1_1683	LH500|CP044119.1_2180
LH500|CP044119.1_1683	DSM20176|AZDF01000086.1_1
LH500|CP044119.1_1683	LH500|CP044119.1_1228
LH500|CP044119.1_1747	LH500|CP044119.1_1747
LH500|CP044119.1_1747	LMG07934|CP050262.1_1805
LH500|CP044119.1_1747	DSM20176|AZDF01000012.1_12
LH500|CP044119.1_1747	FLUB|CP047121.1_1979
LH500|CP044119.1_1747	MGYG|ENA|CABKOL020000099|CABKOL020000099.1_56
LH500|CP044119.1_1779	LH500|CP044119.1_1779
LH500|CP044119.1_1779	LMG07934|CP050262.1_1837
LH500|CP044119.1_1779	DSM20176|AZDF01000012.1_44
LH500|CP044119.1_1779	FLUB|CP047121.1_2011
LH500|CP044119.1_1779	MGYG|ENA|CABKOL020000099|CABKOL020000099.1_23
LH500|CP044119.1_1875	LH500|CP044119.1_1875
LH500|CP044119.1_1875	FLUB|CP047121.1_2056
LH500|CP044119.1_1875	DSM20176|AZDF01000001.1_22
LH500|CP044119.1_1875	LMG07934|CP050262.1_1879
LH500|CP044119.1_1875	MGYG|ENA|CABKOL020000104|CABKOL020000104.1_529
LH500|CP044119.1_1907	LH500|CP044119.1_1907
LH500|CP044119.1_1907	FLUB|CP047121.1_2088
LH500|CP044119.1_1907	DSM20176|AZDF01000001.1_53
LH500|CP044119.1_1907	LMG07934|CP050262.1_1910
LH500|CP044119.1_1907	MGYG|ENA|CABKOL020000104|CABKOL020000104.1_497
LH500|CP044119.1_1939	LH500|CP044119.1_1939
LH500|CP044119.1_1939	FLUB|CP047121.1_2120
LH500|CP044119.1_1939	DSM20176|AZDF01000001.1_85
LH500|CP044119.1_1939	LMG07934|CP050262.1_1942
LH500|CP044119.1_1939	MGYG|ENA|CABKOL020000104|CABKOL020000104.1_465
LH500|CP044119.1_1971	LH500|CP044119.1_1971
LH500|CP044119.1_1971	FLUB|CP047121.1_2153
LH500|CP044119.1_1971	DSM20176|AZDF01000001.1_117
LH500|CP044119.1_1971	LMG07934|CP050262.1_1974
LH500|CP044119.1_1971	MGYG|ENA|CABKOL020000104|CABKOL020000104.1_432
LH500|CP044119.1_2035	LH500|CP044119.1_2035
LH500|CP044119.1_2035	FLUB|CP047121.1_2217
LH500|CP044119.1_2035	DSM20176|AZDF01000001.1_181
LH500|CP044119.1_2035	LMG07934|CP050262.1_2038
LH500|CP044119.1_2035	MGYG|ENA|CABKOL020000104|CABKOL020000104.1_368
LH500|CP044119.1_2067	LH500|CP044119.1_2067
LH500|CP044119.1_2067	DSM20176|AZDF01000001.1_212
LH500|CP044119.1_2067	FLUB|CP047121.1_2251
LH500|CP044119.1_2067	LMG07934|CP050262.1_2069
LH500|CP044119.1_2067	MGYG|ENA|CABKOL020000104|CABKOL020000104.1_334
LH500|CP044119.1_2099	LH500|CP044119.1_2099
LH500|CP044119.1_2099	MGYG|ENA|CABKOL020000104|CABKOL020000104.1_196
LH500|CP044119.1_2099	LMG07934|CP050262.1_2200
LH500|CP044119.1_2099	FLUB|CP047121.1_2389
LH500|CP044119.1_2099	DSM20176|AZDF01000033.1_12
LH500|CP044119.1_2131	LH500|CP044119.1_2131
LH500|CP044119.1_2131	DSM20176|AZDF01000032.1_20
LH500|CP044119.1_2131	LMG07934|CP050262.1_2229
LH500|CP044119.1_2131	MGYG|ENA|CABKOL020000104|CABKOL020000104.1_165
LH500|CP044119.1_2131	FLUB|CP047121.1_2418
LH500|CP044119.1_2163	LH500|CP044119.1_2163
LH500|CP044119.1_2163	DSM20176|AZDF01000020.1_20
LH500|CP044119.1_2163	LMG07934|CP050262.1_2258
LH500|CP044119.1_2163	FLUB|CP047121.1_2446
LH500|CP044119.1_2163	MGYG|ENA|CABKOL020000104|CABKOL020000104.1_137
LH500|CP044119.1_2195	LH500|CP044119.1_2195
LH500|CP044119.1_2195	LMG07934|CP050262.1_2289
LH500|CP044119.1_2195	DSM20176|AZDF01000009.1_82
LH500|CP044119.1_2227	LH500|CP044119.1_2227
LH500|CP044119.1_2227	MGYG|ENA|CABKOL020000101|CABKOL020000101.1_3
LH500|CP044119.1_2227	LMG07934|CP050262.1_2320
LH500|CP044119.1_2227	DSM20176|AZDF01000009.1_50
LH500|CP044119.1_2259	LH500|CP044119.1_2259
LH500|CP044119.1_2259	DSM20176|AZDF01000009.1_18
LH500|CP044119.1_2259	LMG07934|CP050262.1_2356
LH500|CP044119.1_2291	LH500|CP044119.1_2291
LH500|CP044119.1_2291	LMG07934|CP050262.1_2403
LH500|CP044119.1_2291	DSM20176|AZDF01000079.1_2
LH500|CP044119.1_2323	LH500|CP044119.1_2323
LH500|CP044119.1_2323	MGYG|ENA|CABKOL020000104|CABKOL020000104.1_36
LH500|CP044119.1_2323	DSM20176|AZDF01000011.1_20
LH500|CP044119.1_2323	FLUB|CP047121.1_2548
LH500|CP044119.1_2323	LMG07934|CP050262.1_2434
LH500|CP044119.1_2355	LH500|CP044119.1_2355
LH500|CP044119.1_2355	MGYG|ENA|CABKOL020000104|CABKOL020000104.1_4
LH500|CP044119.1_2355	DSM20176|AZDF01000011.1_52
LH500|CP044119.1_2355	FLUB|CP047121.1_2580
LH500|CP044119.1_2355	LMG07934|CP050262.1_2466
LH500|CP044119.1_2387	LH500|CP044119.1_2387
LH500|CP044119.1_2387	DSM20176|AZDF01000021.1_29
LH500|CP044119.1_2387	MGYG|ENA|CABKOL020000106|CABKOL020000106.1_38
LH500|CP044119.1_2387	FLUB|CP047121.1_2622
LH500|CP044119.1_2387	LMG07934|CP050262.1_2503
LH500|CP044119.1_2547	LH500|CP044119.1_2547
LH500|CP044119.1_2547	MGYG|ENA|CABKOL020000106|CABKOL020000106.1_238
LH500|CP044119.1_2547	FLUB|CP047121.1_2825
LH500|CP044119.1_2547	LMG07934|CP050262.1_2675
LH500|CP044119.1_2547	DSM20176|AZDF01000028.1_20
MGYG|ENA|CABKOL020000032|CABKOL020000032.1_1	MGYG|ENA|CABKOL020000032|CABKOL020000032.1_1
MGYG|ENA|CABKOL020000067|CABKOL020000067.1_1	MGYG|ENA|CABKOL020000067|CABKOL020000067.1_1
MGYG|ENA|CABKOL020000090|CABKOL020000090.1_2	MGYG|ENA|CABKOL020000090|CABKOL020000090.1_2
MGYG|ENA|CABKOL020000095|CABKOL020000095.1_22	MGYG|ENA|CABKOL020000095|CABKOL020000095.1_22
MGYG|ENA|CABKOL020000095|CABKOL020000095.1_22	LH500|CP044119.1_897
MGYG|ENA|CABKOL020000095|CABKOL020000095.1_22	DSM20176|AZDF01000005.1_91
MGYG|ENA|CABKOL020000095|CABKOL020000095.1_22	LMG07934|CP050262.1_924
MGYG|ENA|CABKOL020000095|CABKOL020000095.1_22	FLUB|CP047121.1_1115
MGYG|ENA|CABKOL020000095|CABKOL020000095.1_54	MGYG|ENA|CABKOL020000095|CABKOL020000095.1_54
MGYG|ENA|CABKOL020000095|CABKOL020000095.1_54	LH500|CP044119.1_929
MGYG|ENA|CABKOL020000095|CABKOL020000095.1_54	DSM20176|AZDF01000005.1_59
MGYG|ENA|CABKOL020000095|CABKOL020000095.1_54	LMG07934|CP050262.1_956
MGYG|ENA|CABKOL020000095|CABKOL020000095.1_54	FLUB|CP047121.1_1147
MGYG|ENA|CABKOL020000095|CABKOL020000095.1_86	MGYG|ENA|CABKOL020000095|CABKOL020000095.1_86
MGYG|ENA|CABKOL020000095|CABKOL020000095.1_86	LH500|CP044119.1_960
MGYG|ENA|CABKOL020000095|CABKOL020000095.1_86	LMG07934|CP050262.1_987
MGYG|ENA|CABKOL020000095|CABKOL020000095.1_86	DSM20176|AZDF01000005.1_28
MGYG|ENA|CABKOL020000095|CABKOL020000095.1_86	FLUB|CP047121.1_1178
MGYG|ENA|CABKOL020000098|CABKOL020000098.1_1	MGYG|ENA|CABKOL020000098|CABKOL020000098.1_1
MGYG|ENA|CABKOL020000101|CABKOL020000101.1_5	MGYG|ENA|CABKOL020000101|CABKOL020000101.1_5
MGYG|ENA|CABKOL020000102|CABKOL020000102.1_24	MGYG|ENA|CABKOL020000102|CABKOL020000102.1_24
MGYG|ENA|CABKOL020000102|CABKOL020000102.1_24	LMG07934|CP050262.1_1039
MGYG|ENA|CABKOL020000102|CABKOL020000102.1_24	DSM20176|AZDF01000002.1_196
MGYG|ENA|CABKOL020000102|CABKOL020000102.1_24	LH500|CP044119.1_1018
MGYG|ENA|CABKOL020000102|CABKOL020000102.1_24	FLUB|CP047121.1_1230
MGYG|ENA|CABKOL020000102|CABKOL020000102.1_56	MGYG|ENA|CABKOL020000102|CABKOL020000102.1_56
MGYG|ENA|CABKOL020000102|CABKOL020000102.1_56	LMG07934|CP050262.1_1071
MGYG|ENA|CABKOL020000102|CABKOL020000102.1_56	DSM20176|AZDF01000002.1_164
MGYG|ENA|CABKOL020000102|CABKOL020000102.1_56	LH500|CP044119.1_1050
MGYG|ENA|CABKOL020000102|CABKOL020000102.1_56	FLUB|CP047121.1_1262
MGYG|ENA|CABKOL020000102|CABKOL020000102.1_88	MGYG|ENA|CABKOL020000102|CABKOL020000102.1_88
MGYG|ENA|CABKOL020000102|CABKOL020000102.1_88	LMG07934|CP050262.1_1101
MGYG|ENA|CABKOL020000102|CABKOL020000102.1_88	LH500|CP044119.1_1078
MGYG|ENA|CABKOL020000102|CABKOL020000102.1_88	DSM20176|AZDF01000002.1_136
MGYG|ENA|CABKOL020000102|CABKOL020000102.1_88	FLUB|CP047121.1_1293
MGYG|ENA|CABKOL020000102|CABKOL020000102.1_120	MGYG|ENA|CABKOL020000102|CABKOL020000102.1_120
MGYG|ENA|CABKOL020000102|CABKOL020000102.1_120	LMG07934|CP050262.1_1133
MGYG|ENA|CABKOL020000102|CABKOL020000102.1_120	LH500|CP044119.1_1110
MGYG|ENA|CABKOL020000102|CABKOL020000102.1_120	DSM20176|AZDF01000002.1_104
MGYG|ENA|CABKOL020000102|CABKOL020000102.1_120	FLUB|CP047121.1_1325
MGYG|ENA|CABKOL020000102|CABKOL020000102.1_248	MGYG|ENA|CABKOL020000102|CABKOL020000102.1_248
MGYG|ENA|CABKOL020000102|CABKOL020000102.1_248	DSM20176|AZDF01000018.1_17
MGYG|ENA|CABKOL020000102|CABKOL020000102.1_248	FLUB|CP047121.1_1451
MGYG|ENA|CABKOL020000102|CABKOL020000102.1_248	LH500|CP044119.1_1245
MGYG|ENA|CABKOL020000102|CABKOL020000102.1_248	LMG07934|CP050262.1_1338
MGYG|ENA|CABKOL020000102|CABKOL020000102.1_280	MGYG|ENA|CABKOL020000102|CABKOL020000102.1_280
MGYG|ENA|CABKOL020000102|CABKOL020000102.1_280	DSM20176|AZDF01000013.1_14
MGYG|ENA|CABKOL020000102|CABKOL020000102.1_280	FLUB|CP047121.1_1483
MGYG|ENA|CABKOL020000102|CABKOL020000102.1_280	LH500|CP044119.1_1277
MGYG|ENA|CABKOL020000102|CABKOL020000102.1_280	LMG07934|CP050262.1_1370
MGYG|ENA|CABKOL020000102|CABKOL020000102.1_312	MGYG|ENA|CABKOL020000102|CABKOL020000102.1_312
MGYG|ENA|CABKOL020000102|CABKOL020000102.1_312	DSM20176|AZDF01000013.1_47
MGYG|ENA|CABKOL020000102|CABKOL020000102.1_312	FLUB|CP047121.1_1515
MGYG|ENA|CABKOL020000102|CABKOL020000102.1_312	LH500|CP044119.1_1309
MGYG|ENA|CABKOL020000102|CABKOL020000102.1_312	LMG07934|CP050262.1_1403
MGYG|ENA|CABKOL020000102|CABKOL020000102.1_344	MGYG|ENA|CABKOL020000102|CABKOL020000102.1_344
MGYG|ENA|CABKOL020000102|CABKOL020000102.1_344	FLUB|CP047121.1_1547
MGYG|ENA|CABKOL020000102|CABKOL020000102.1_344	LMG07934|CP050262.1_1434
MGYG|ENA|CABKOL020000102|CABKOL020000102.1_376	MGYG|ENA|CABKOL020000102|CABKOL020000102.1_376
MGYG|ENA|CABKOL020000102|CABKOL020000102.1_376	FLUB|CP047121.1_1579
MGYG|ENA|CABKOL020000102|CABKOL020000102.1_376	LH500|CP044119.1_1373
MGYG|ENA|CABKOL020000102|CABKOL020000102.1_376	LMG07934|CP050262.1_1464
MGYG|ENA|CABKOL020000102|CABKOL020000102.1_376	DSM20176|AZDF01000008.1_53
MGYG|ENA|CABKOL020000102|CABKOL020000102.1_408	MGYG|ENA|CABKOL020000102|CABKOL020000102.1_408
MGYG|ENA|CABKOL020000102|CABKOL020000102.1_408	FLUB|CP047121.1_1611
MGYG|ENA|CABKOL020000102|CABKOL020000102.1_408	LH500|CP044119.1_1406
MGYG|ENA|CABKOL020000102|CABKOL020000102.1_408	LMG07934|CP050262.1_1496
MGYG|ENA|CABKOL020000102|CABKOL020000102.1_408	DSM20176|AZDF01000008.1_20
MGYG|ENA|CABKOL020000102|CABKOL020000102.1_440	MGYG|ENA|CABKOL020000102|CABKOL020000102.1_440
MGYG|ENA|CABKOL020000102|CABKOL020000102.1_440	FLUB|CP047121.1_1643
MGYG|ENA|CABKOL020000102|CABKOL020000102.1_440	LMG07934|CP050262.1_1528
MGYG|ENA|CABKOL020000102|CABKOL020000102.1_440	LH500|CP044119.1_1439
MGYG|ENA|CABKOL020000102|CABKOL020000102.1_440	DSM20176|AZDF01000004.1_111
MGYG|ENA|CABKOL020000102|CABKOL020000102.1_472	MGYG|ENA|CABKOL020000102|CABKOL020000102.1_472
MGYG|ENA|CABKOL020000102|CABKOL020000102.1_472	FLUB|CP047121.1_1675
MGYG|ENA|CABKOL020000102|CABKOL020000102.1_472	LMG07934|CP050262.1_1560
MGYG|ENA|CABKOL020000102|CABKOL020000102.1_472	LH500|CP044119.1_1472
MGYG|ENA|CABKOL020000102|CABKOL020000102.1_472	DSM20176|AZDF01000004.1_78
MGYG|ENA|CABKOL020000102|CABKOL020000102.1_504	MGYG|ENA|CABKOL020000102|CABKOL020000102.1_504
MGYG|ENA|CABKOL020000102|CABKOL020000102.1_504	FLUB|CP047121.1_1707
MGYG|ENA|CABKOL020000102|CABKOL020000102.1_504	LMG07934|CP050262.1_1592
MGYG|ENA|CABKOL020000102|CABKOL020000102.1_504	LH500|CP044119.1_1504
MGYG|ENA|CABKOL020000102|CABKOL020000102.1_504	DSM20176|AZDF01000004.1_46
MGYG|ENA|CABKOL020000102|CABKOL020000102.1_536	MGYG|ENA|CABKOL020000102|CABKOL020000102.1_536
MGYG|ENA|CABKOL020000102|CABKOL020000102.1_536	FLUB|CP047121.1_1739
MGYG|ENA|CABKOL020000102|CABKOL020000102.1_536	LMG07934|CP050262.1_1625
MGYG|ENA|CABKOL020000102|CABKOL020000102.1_536	LH500|CP044119.1_1537
MGYG|ENA|CABKOL020000102|CABKOL020000102.1_536	DSM20176|AZDF01000004.1_13
MGYG|ENA|CABKOL020000102|CABKOL020000102.1_568	MGYG|ENA|CABKOL020000102|CABKOL020000102.1_568
MGYG|ENA|CABKOL020000102|CABKOL020000102.1_568	DSM20176|AZDF01000017.1_25
MGYG|ENA|CABKOL020000102|CABKOL020000102.1_568	FLUB|CP047121.1_1771
MGYG|ENA|CABKOL020000102|CABKOL020000102.1_568	LMG07934|CP050262.1_1655
MGYG|ENA|CABKOL020000102|CABKOL020000102.1_568	LH500|CP044119.1_1567
MGYG|ENA|CABKOL020000102|CABKOL020000102.1_600	MGYG|ENA|CABKOL020000102|CABKOL020000102.1_600
MGYG|ENA|CABKOL020000102|CABKOL020000102.1_600	DSM20176|AZDF01000025.1_7
MGYG|ENA|CABKOL020000102|CABKOL020000102.1_600	FLUB|CP047121.1_1803
MGYG|ENA|CABKOL020000102|CABKOL020000102.1_600	LMG07934|CP050262.1_1688
MGYG|ENA|CABKOL020000102|CABKOL020000102.1_600	LH500|CP044119.1_1599
MGYG|ENA|CABKOL020000102|CABKOL020000102.1_632	MGYG|ENA|CABKOL020000102|CABKOL020000102.1_632
MGYG|ENA|CABKOL020000102|CABKOL020000102.1_632	DSM20176|AZDF01000023.1_8
MGYG|ENA|CABKOL020000102|CABKOL020000102.1_632	FLUB|CP047121.1_1836
MGYG|ENA|CABKOL020000102|CABKOL020000102.1_632	LMG07934|CP050262.1_1719
MGYG|ENA|CABKOL020000102|CABKOL020000102.1_632	LH500|CP044119.1_1633
MGYG|ENA|CABKOL020000102|CABKOL020000102.1_664	MGYG|ENA|CABKOL020000102|CABKOL020000102.1_664
MGYG|ENA|CABKOL020000102|CABKOL020000102.1_664	FLUB|CP047121.1_1867
MGYG|ENA|CABKOL020000102|CABKOL020000102.1_664	LMG07934|CP050262.1_1751
MGYG|ENA|CABKOL020000102|CABKOL020000102.1_664	LH500|CP044119.1_1694
MGYG|ENA|CABKOL020000102|CABKOL020000102.1_664	DSM20176|AZDF01000014.1_11
MGYG|ENA|CABKOL020000102|CABKOL020000102.1_696	MGYG|ENA|CABKOL020000102|CABKOL020000102.1_696
MGYG|ENA|CABKOL020000102|CABKOL020000102.1_696	FLUB|CP047121.1_1899
MGYG|ENA|CABKOL020000102|CABKOL020000102.1_696	LMG07934|CP050262.1_1783
MGYG|ENA|CABKOL020000102|CABKOL020000102.1_696	LH500|CP044119.1_1726
MGYG|ENA|CABKOL020000102|CABKOL020000102.1_696	DSM20176|AZDF01000014.1_43
MGYG|ENA|CABKOL020000104|CABKOL020000104.1_28	MGYG|ENA|CABKOL020000104|CABKOL020000104.1_28
MGYG|ENA|CABKOL020000104|CABKOL020000104.1_28	FLUB|CP047121.1_2556
MGYG|ENA|CABKOL020000104|CABKOL020000104.1_28	LMG07934|CP050262.1_2442
MGYG|ENA|CABKOL020000104|CABKOL020000104.1_28	LH500|CP044119.1_2331
MGYG|ENA|CABKOL020000104|CABKOL020000104.1_28	DSM20176|AZDF01000011.1_28
MGYG|ENA|CABKOL020000104|CABKOL020000104.1_60	MGYG|ENA|CABKOL020000104|CABKOL020000104.1_60
MGYG|ENA|CABKOL020000104|CABKOL020000104.1_60	DSM20176|AZDF01000011.1_9
MGYG|ENA|CABKOL020000104|CABKOL020000104.1_60	LMG07934|CP050262.1_2423
MGYG|ENA|CABKOL020000104|CABKOL020000104.1_60	LH500|CP044119.1_2312
MGYG|ENA|CABKOL020000104|CABKOL020000104.1_60	FLUB|CP047121.1_2524
MGYG|ENA|CABKOL020000104|CABKOL020000104.1_124	MGYG|ENA|CABKOL020000104|CABKOL020000104.1_124
MGYG|ENA|CABKOL020000104|CABKOL020000104.1_124	LH500|CP044119.1_2176
MGYG|ENA|CABKOL020000104|CABKOL020000104.1_124	DSM20176|AZDF01000020.1_33
MGYG|ENA|CABKOL020000104|CABKOL020000104.1_124	LMG07934|CP050262.1_2272
MGYG|ENA|CABKOL020000104|CABKOL020000104.1_124	FLUB|CP047121.1_2460
MGYG|ENA|CABKOL020000104|CABKOL020000104.1_188	MGYG|ENA|CABKOL020000104|CABKOL020000104.1_188
MGYG|ENA|CABKOL020000104|CABKOL020000104.1_188	LH500|CP044119.1_2109
MGYG|ENA|CABKOL020000104|CABKOL020000104.1_188	DSM20176|AZDF01000033.1_3
MGYG|ENA|CABKOL020000104|CABKOL020000104.1_188	LMG07934|CP050262.1_2208
MGYG|ENA|CABKOL020000104|CABKOL020000104.1_188	FLUB|CP047121.1_2397
MGYG|ENA|CABKOL020000104|CABKOL020000104.1_284	MGYG|ENA|CABKOL020000104|CABKOL020000104.1_284
MGYG|ENA|CABKOL020000104|CABKOL020000104.1_284	LMG07934|CP050262.1_2116
MGYG|ENA|CABKOL020000104|CABKOL020000104.1_284	FLUB|CP047121.1_2301
MGYG|ENA|CABKOL020000104|CABKOL020000104.1_316	MGYG|ENA|CABKOL020000104|CABKOL020000104.1_316
MGYG|ENA|CABKOL020000104|CABKOL020000104.1_316	FLUB|CP047121.1_2269
MGYG|ENA|CABKOL020000104|CABKOL020000104.1_316	LMG07934|CP050262.1_2086
MGYG|ENA|CABKOL020000104|CABKOL020000104.1_412	MGYG|ENA|CABKOL020000104|CABKOL020000104.1_412
MGYG|ENA|CABKOL020000104|CABKOL020000104.1_412	LMG07934|CP050262.1_1995
MGYG|ENA|CABKOL020000104|CABKOL020000104.1_412	LH500|CP044119.1_1992
MGYG|ENA|CABKOL020000104|CABKOL020000104.1_412	FLUB|CP047121.1_2173
MGYG|ENA|CABKOL020000104|CABKOL020000104.1_412	DSM20176|AZDF01000001.1_138
MGYG|ENA|CABKOL020000105|CABKOL020000105.1_22	MGYG|ENA|CABKOL020000105|CABKOL020000105.1_22
MGYG|ENA|CABKOL020000106|CABKOL020000106.1_13	MGYG|ENA|CABKOL020000106|CABKOL020000106.1_13
MGYG|ENA|CABKOL020000106|CABKOL020000106.1_13	DSM20176|AZDF01000021.1_13
MGYG|ENA|CABKOL020000106|CABKOL020000106.1_13	FLUB|CP047121.1_2597
MGYG|ENA|CABKOL020000106|CABKOL020000106.1_13	LMG07934|CP050262.1_2484
MGYG|ENA|CABKOL020000106|CABKOL020000106.1_13	LH500|CP044119.1_2371
MGYG|ENA|CABKOL020000106|CABKOL020000106.1_45	MGYG|ENA|CABKOL020000106|CABKOL020000106.1_45
MGYG|ENA|CABKOL020000106|CABKOL020000106.1_45	FLUB|CP047121.1_2629
MGYG|ENA|CABKOL020000106|CABKOL020000106.1_45	LMG07934|CP050262.1_2511
MGYG|ENA|CABKOL020000106|CABKOL020000106.1_45	LH500|CP044119.1_2391
MGYG|ENA|CABKOL020000106|CABKOL020000106.1_45	DSM20176|AZDF01000021.1_33
MGYG|ENA|CABKOL020000106|CABKOL020000106.1_77	MGYG|ENA|CABKOL020000106|CABKOL020000106.1_77
MGYG|ENA|CABKOL020000106|CABKOL020000106.1_141	MGYG|ENA|CABKOL020000106|CABKOL020000106.1_141
MGYG|ENA|CABKOL020000106|CABKOL020000106.1_141	FLUB|CP047121.1_2727
MGYG|ENA|CABKOL020000106|CABKOL020000106.1_141	LH500|CP044119.1_2455
MGYG|ENA|CABKOL020000106|CABKOL020000106.1_141	LMG07934|CP050262.1_2577
MGYG|ENA|CABKOL020000106|CABKOL020000106.1_141	DSM20176|AZDF01000015.1_5
MGYG|ENA|CABKOL020000106|CABKOL020000106.1_173	MGYG|ENA|CABKOL020000106|CABKOL020000106.1_173
MGYG|ENA|CABKOL020000106|CABKOL020000106.1_173	FLUB|CP047121.1_2760
MGYG|ENA|CABKOL020000106|CABKOL020000106.1_173	LH500|CP044119.1_2488
MGYG|ENA|CABKOL020000106|CABKOL020000106.1_173	LMG07934|CP050262.1_2611
MGYG|ENA|CABKOL020000106|CABKOL020000106.1_173	DSM20176|AZDF01000022.1_28
MGYG|ENA|CABKOL020000106|CABKOL020000106.1_205	MGYG|ENA|CABKOL020000106|CABKOL020000106.1_205
MGYG|ENA|CABKOL020000106|CABKOL020000106.1_205	DSM20176|AZDF01000034.1_20
MGYG|ENA|CABKOL020000106|CABKOL020000106.1_205	LH500|CP044119.1_2516
MGYG|ENA|CABKOL020000106|CABKOL020000106.1_205	FLUB|CP047121.1_2792
MGYG|ENA|CABKOL020000106|CABKOL020000106.1_237	MGYG|ENA|CABKOL020000106|CABKOL020000106.1_237
MGYG|ENA|CABKOL020000106|CABKOL020000106.1_237	LH500|CP044119.1_2546
MGYG|ENA|CABKOL020000106|CABKOL020000106.1_237	FLUB|CP047121.1_2824
MGYG|ENA|CABKOL020000106|CABKOL020000106.1_237	LMG07934|CP050262.1_2674
MGYG|ENA|CABKOL020000106|CABKOL020000106.1_237	DSM20176|AZDF01000028.1_19
MGYG|ENA|CABKOL020000106|CABKOL020000106.1_269	MGYG|ENA|CABKOL020000106|CABKOL020000106.1_269
MGYG|ENA|CABKOL020000106|CABKOL020000106.1_269	LH500|CP044119.1_2582
MGYG|ENA|CABKOL020000106|CABKOL020000106.1_269	FLUB|CP047121.1_2856
MGYG|ENA|CABKOL020000106|CABKOL020000106.1_269	LMG07934|CP050262.1_2708
MGYG|ENA|CABKOL020000106|CABKOL020000106.1_269	DSM20176|AZDF01000024.1_26
MGYG|ENA|CABKOL020000106|CABKOL020000106.1_301	MGYG|ENA|CABKOL020000106|CABKOL020000106.1_301
MGYG|ENA|CABKOL020000106|CABKOL020000106.1_301	DSM20176|AZDF01000006.1_79
MGYG|ENA|CABKOL020000106|CABKOL020000106.1_301	FLUB|CP047121.1_27
MGYG|ENA|CABKOL020000106|CABKOL020000106.1_301	LH500|CP044119.1_44
MGYG|ENA|CABKOL020000106|CABKOL020000106.1_333	MGYG|ENA|CABKOL020000106|CABKOL020000106.1_333
MGYG|ENA|CABKOL020000106|CABKOL020000106.1_365	MGYG|ENA|CABKOL020000106|CABKOL020000106.1_365
MGYG|ENA|CABKOL020000106|CABKOL020000106.1_365	LMG07934|CP050262.1_75
MGYG|ENA|CABKOL020000106|CABKOL020000106.1_365	DSM20176|AZDF01000006.1_28
MGYG|ENA|CABKOL020000106|CABKOL020000106.1_365	LH500|CP044119.1_95
MGYG|ENA|CABKOL020000106|CABKOL020000106.1_365	FLUB|CP047121.1_90
MGYG|ENA|CABKOL020000106|CABKOL020000106.1_397	MGYG|ENA|CABKOL020000106|CABKOL020000106.1_397
MGYG|ENA|CABKOL020000106|CABKOL020000106.1_397	DSM20176|AZDF01000040.1_4
MGYG|ENA|CABKOL020000106|CABKOL020000106.1_397	LMG07934|CP050262.1_110
MGYG|ENA|CABKOL020000106|CABKOL020000106.1_397	LH500|CP044119.1_135
MGYG|ENA|CABKOL020000106|CABKOL020000106.1_397	FLUB|CP047121.1_122
MGYG|ENA|CABKOL020000106|CABKOL020000106.1_429	MGYG|ENA|CABKOL020000106|CABKOL020000106.1_429
MGYG|ENA|CABKOL020000106|CABKOL020000106.1_429	LMG07934|CP050262.1_143
MGYG|ENA|CABKOL020000106|CABKOL020000106.1_429	LH500|CP044119.1_164
MGYG|ENA|CABKOL020000106|CABKOL020000106.1_429	DSM20176|AZDF01000007.1_96
MGYG|ENA|CABKOL020000106|CABKOL020000106.1_429	FLUB|CP047121.1_155
MGYG|ENA|CABKOL020000106|CABKOL020000106.1_461	MGYG|ENA|CABKOL020000106|CABKOL020000106.1_461
MGYG|ENA|CABKOL020000106|CABKOL020000106.1_461	LMG07934|CP050262.1_174
MGYG|ENA|CABKOL020000106|CABKOL020000106.1_461	LH500|CP044119.1_194
MGYG|ENA|CABKOL020000106|CABKOL020000106.1_461	FLUB|CP047121.1_186
MGYG|ENA|CABKOL020000106|CABKOL020000106.1_461	DSM20176|AZDF01000007.1_66
MGYG|ENA|CABKOL020000106|CABKOL020000106.1_525	MGYG|ENA|CABKOL020000106|CABKOL020000106.1_525
MGYG|ENA|CABKOL020000106|CABKOL020000106.1_525	DSM20176|AZDF01000007.1_12
MGYG|ENA|CABKOL020000106|CABKOL020000106.1_525	LH500|CP044119.1_248
MGYG|ENA|CABKOL020000106|CABKOL020000106.1_525	FLUB|CP047121.1_249
MGYG|ENA|CABKOL020000106|CABKOL020000106.1_525	LMG07934|CP050262.1_227
MGYG|ENA|CABKOL020000106|CABKOL020000106.1_557	MGYG|ENA|CABKOL020000106|CABKOL020000106.1_557
MGYG|ENA|CABKOL020000106|CABKOL020000106.1_557	DSM20176|AZDF01000019.1_13
MGYG|ENA|CABKOL020000106|CABKOL020000106.1_557	LH500|CP044119.1_284
MGYG|ENA|CABKOL020000106|CABKOL020000106.1_557	FLUB|CP047121.1_281
MGYG|ENA|CABKOL020000106|CABKOL020000106.1_557	LMG07934|CP050262.1_265
MGYG|ENA|CABKOL020000106|CABKOL020000106.1_589	MGYG|ENA|CABKOL020000106|CABKOL020000106.1_589
MGYG|ENA|CABKOL020000106|CABKOL020000106.1_589	LMG07934|CP050262.1_300
MGYG|ENA|CABKOL020000106|CABKOL020000106.1_589	LH500|CP044119.1_324
MGYG|ENA|CABKOL020000106|CABKOL020000106.1_589	FLUB|CP047121.1_312
MGYG|ENA|CABKOL020000106|CABKOL020000106.1_589	DSM20176|AZDF01000041.1_12
MGYG|ENA|CABKOL020000106|CABKOL020000106.1_621	MGYG|ENA|CABKOL020000106|CABKOL020000106.1_621
MGYG|ENA|CABKOL020000106|CABKOL020000106.1_621	DSM20176|AZDF01000029.1_16
MGYG|ENA|CABKOL020000106|CABKOL020000106.1_621	LH500|CP044119.1_354
MGYG|ENA|CABKOL020000106|CABKOL020000106.1_621	FLUB|CP047121.1_344
MGYG|ENA|CABKOL020000106|CABKOL020000106.1_621	LMG07934|CP050262.1_326
MGYG|ENA|CABKOL020000106|CABKOL020000106.1_717	MGYG|ENA|CABKOL020000106|CABKOL020000106.1_717
MGYG|ENA|CABKOL020000106|CABKOL020000106.1_717	LMG07934|CP050262.1_408
MGYG|ENA|CABKOL020000106|CABKOL020000106.1_717	DSM20176|AZDF01000003.1_88
MGYG|ENA|CABKOL020000106|CABKOL020000106.1_717	FLUB|CP047121.1_441
MGYG|ENA|CABKOL020000106|CABKOL020000106.1_717	LH500|CP044119.1_432
MGYG|ENA|CABKOL020000106|CABKOL020000106.1_813	MGYG|ENA|CABKOL020000106|CABKOL020000106.1_813
MGYG|ENA|CABKOL020000106|CABKOL020000106.1_813	LMG07934|CP050262.1_501
MGYG|ENA|CABKOL020000106|CABKOL020000106.1_813	DSM20176|AZDF01000010.1_7
MGYG|ENA|CABKOL020000106|CABKOL020000106.1_813	FLUB|CP047121.1_538
MGYG|ENA|CABKOL020000106|CABKOL020000106.1_813	LH500|CP044119.1_527
MGYG|ENA|CABKOL020000106|CABKOL020000106.1_877	MGYG|ENA|CABKOL020000106|CABKOL020000106.1_877
MGYG|ENA|CABKOL020000106|CABKOL020000106.1_877	LMG07934|CP050262.1_558
MGYG|ENA|CABKOL020000106|CABKOL020000106.1_877	DSM20176|AZDF01000010.1_61
MGYG|ENA|CABKOL020000106|CABKOL020000106.1_877	LH500|CP044119.1_581
MGYG|ENA|CABKOL020000106|CABKOL020000106.1_877	FLUB|CP047121.1_666
MGYG|ENA|CABKOL020000106|CABKOL020000106.1_1101	MGYG|ENA|CABKOL020000106|CABKOL020000106.1_1101
MGYG|ENA|CABKOL020000106|CABKOL020000106.1_1101	DSM20176|AZDF01000027.1_3
MGYG|ENA|CABKOL020000106|CABKOL020000106.1_1101	LMG07934|CP050262.1_724
MGYG|ENA|CABKOL020000106|CABKOL020000106.1_1101	FLUB|CP047121.1_886
MGYG|ENA|CABKOL020000106|CABKOL020000106.1_1101	LH500|CP044119.1_688
MGYG|ENA|CABKOL020000106|CABKOL020000106.1_1133	MGYG|ENA|CABKOL020000106|CABKOL020000106.1_1133
MGYG|ENA|CABKOL020000106|CABKOL020000106.1_1133	LMG07934|CP050262.1_749
MGYG|ENA|CABKOL020000106|CABKOL020000106.1_1133	FLUB|CP047121.1_918
MGYG|ENA|CABKOL020000106|CABKOL020000106.1_1229	MGYG|ENA|CABKOL020000106|CABKOL020000106.1_1229
MGYG|ENA|CABKOL020000106|CABKOL020000106.1_1229	DSM20176|AZDF01000016.1_16
MGYG|ENA|CABKOL020000106|CABKOL020000106.1_1229	FLUB|CP047121.1_1011
MGYG|ENA|CABKOL020000106|CABKOL020000106.1_1229	LMG07934|CP050262.1_836
MGYG|ENA|CABKOL020000106|CABKOL020000106.1_1229	LH500|CP044119.1_811
DSM20176|AZDF01000001.1_45	DSM20176|AZDF01000001.1_45
DSM20176|AZDF01000001.1_45	LMG07934|CP050262.1_1902
DSM20176|AZDF01000001.1_45	LH500|CP044119.1_1899
DSM20176|AZDF01000001.1_45	FLUB|CP047121.1_2080
DSM20176|AZDF01000001.1_45	MGYG|ENA|CABKOL020000104|CABKOL020000104.1_505
DSM20176|AZDF01000001.1_77	DSM20176|AZDF01000001.1_77
DSM20176|AZDF01000001.1_77	LMG07934|CP050262.1_1934
DSM20176|AZDF01000001.1_77	LH500|CP044119.1_1931
DSM20176|AZDF01000001.1_77	FLUB|CP047121.1_2112
DSM20176|AZDF01000001.1_77	MGYG|ENA|CABKOL020000104|CABKOL020000104.1_473
DSM20176|AZDF01000001.1_141	DSM20176|AZDF01000001.1_141
DSM20176|AZDF01000001.1_141	LMG07934|CP050262.1_1998
DSM20176|AZDF01000001.1_141	LH500|CP044119.1_1995
DSM20176|AZDF01000001.1_141	MGYG|ENA|CABKOL020000087|CABKOL020000087.1_1
DSM20176|AZDF01000001.1_141	FLUB|CP047121.1_2176
DSM20176|AZDF01000001.1_173	DSM20176|AZDF01000001.1_173
DSM20176|AZDF01000001.1_173	LMG07934|CP050262.1_2030
DSM20176|AZDF01000001.1_173	LH500|CP044119.1_2027
DSM20176|AZDF01000001.1_173	FLUB|CP047121.1_2208
DSM20176|AZDF01000001.1_173	MGYG|ENA|CABKOL020000104|CABKOL020000104.1_377
DSM20176|AZDF01000001.1_205	DSM20176|AZDF01000001.1_205
DSM20176|AZDF01000001.1_205	FLUB|CP047121.1_2245
DSM20176|AZDF01000001.1_205	LMG07934|CP050262.1_2063
DSM20176|AZDF01000001.1_205	MGYG|ENA|CABKOL020000104|CABKOL020000104.1_340
DSM20176|AZDF01000001.1_205	LH500|CP044119.1_2060
DSM20176|AZDF01000010.1_17	DSM20176|AZDF01000010.1_17
DSM20176|AZDF01000010.1_17	LH500|CP044119.1_537
DSM20176|AZDF01000010.1_17	MGYG|ENA|CABKOL020000106|CABKOL020000106.1_824
DSM20176|AZDF01000010.1_49	DSM20176|AZDF01000010.1_49
DSM20176|AZDF01000010.1_49	LH500|CP044119.1_569
DSM20176|AZDF01000010.1_49	FLUB|CP047121.1_650
DSM20176|AZDF01000010.1_49	MGYG|ENA|CABKOL020000106|CABKOL020000106.1_861
DSM20176|AZDF01000010.1_49	LMG07934|CP050262.1_546
DSM20176|AZDF01000011.1_4	DSM20176|AZDF01000011.1_4
DSM20176|AZDF01000011.1_4	LMG07934|CP050262.1_2418
DSM20176|AZDF01000011.1_4	FLUB|CP047121.1_2509
DSM20176|AZDF01000011.1_4	MGYG|ENA|CABKOL020000104|CABKOL020000104.1_75
DSM20176|AZDF01000011.1_4	LH500|CP044119.1_2307
DSM20176|AZDF01000011.1_36	DSM20176|AZDF01000011.1_36
DSM20176|AZDF01000011.1_36	FLUB|CP047121.1_2564
DSM20176|AZDF01000011.1_36	LMG07934|CP050262.1_2450
DSM20176|AZDF01000011.1_36	LH500|CP044119.1_2339
DSM20176|AZDF01000011.1_36	MGYG|ENA|CABKOL020000104|CABKOL020000104.1_20
DSM20176|AZDF01000015.1_14	DSM20176|AZDF01000015.1_14
DSM20176|AZDF01000015.1_14	LMG07934|CP050262.1_2568
DSM20176|AZDF01000015.1_14	LH500|CP044119.1_2447
DSM20176|AZDF01000016.1_3	DSM20176|AZDF01000016.1_3
DSM20176|AZDF01000016.1_3	LH500|CP044119.1_823
DSM20176|AZDF01000016.1_3	LMG07934|CP050262.1_850
DSM20176|AZDF01000016.1_3	MGYG|ENA|CABKOL020000106|CABKOL020000106.1_1241
DSM20176|AZDF01000016.1_3	FLUB|CP047121.1_1023
DSM20176|AZDF01000016.1_35	DSM20176|AZDF01000016.1_35
DSM20176|AZDF01000016.1_35	LMG07934|CP050262.1_817
DSM20176|AZDF01000016.1_35	LH500|CP044119.1_792
DSM20176|AZDF01000016.1_35	MGYG|ENA|CABKOL020000106|CABKOL020000106.1_1209
DSM20176|AZDF01000016.1_35	FLUB|CP047121.1_992
DSM20176|AZDF01000017.1_20	DSM20176|AZDF01000017.1_20
DSM20176|AZDF01000017.1_20	MGYG|ENA|CABKOL020000102|CABKOL020000102.1_573
DSM20176|AZDF01000017.1_20	FLUB|CP047121.1_1776
DSM20176|AZDF01000017.1_20	LMG07934|CP050262.1_1660
DSM20176|AZDF01000017.1_20	LH500|CP044119.1_1572
DSM20176|AZDF01000018.1_10	DSM20176|AZDF01000018.1_10
DSM20176|AZDF01000018.1_10	FLUB|CP047121.1_1444
DSM20176|AZDF01000018.1_10	LH500|CP044119.1_1238
DSM20176|AZDF01000018.1_10	LMG07934|CP050262.1_1331
DSM20176|AZDF01000018.1_10	MGYG|ENA|CABKOL020000102|CABKOL020000102.1_241
DSM20176|AZDF01000019.1_6	DSM20176|AZDF01000019.1_6
DSM20176|AZDF01000019.1_6	LH500|CP044119.1_277
DSM20176|AZDF01000019.1_6	FLUB|CP047121.1_273
DSM20176|AZDF01000019.1_6	LMG07934|CP050262.1_258
DSM20176|AZDF01000019.1_6	MGYG|ENA|CABKOL020000106|CABKOL020000106.1_549
DSM20176|AZDF01000002.1_32	DSM20176|AZDF01000002.1_32
DSM20176|AZDF01000002.1_32	LMG07934|CP050262.1_1205
DSM20176|AZDF01000002.1_32	MGYG|ENA|CABKOL020000102|CABKOL020000102.1_194
DSM20176|AZDF01000002.1_32	LH500|CP044119.1_1183
DSM20176|AZDF01000002.1_32	FLUB|CP047121.1_1399
DSM20176|AZDF01000002.1_64	DSM20176|AZDF01000002.1_64
DSM20176|AZDF01000002.1_64	LMG07934|CP050262.1_1172
DSM20176|AZDF01000002.1_64	MGYG|ENA|CABKOL020000102|CABKOL020000102.1_160
DSM20176|AZDF01000002.1_64	LH500|CP044119.1_1150
DSM20176|AZDF01000002.1_64	FLUB|CP047121.1_1365
DSM20176|AZDF01000002.1_96	DSM20176|AZDF01000002.1_96
DSM20176|AZDF01000002.1_96	MGYG|ENA|CABKOL020000102|CABKOL020000102.1_128
DSM20176|AZDF01000002.1_96	LMG07934|CP050262.1_1141
DSM20176|AZDF01000002.1_96	LH500|CP044119.1_1118
DSM20176|AZDF01000002.1_96	FLUB|CP047121.1_1333
DSM20176|AZDF01000002.1_128	DSM20176|AZDF01000002.1_128
DSM20176|AZDF01000002.1_128	MGYG|ENA|CABKOL020000102|CABKOL020000102.1_96
DSM20176|AZDF01000002.1_128	LMG07934|CP050262.1_1109
DSM20176|AZDF01000002.1_128	LH500|CP044119.1_1086
DSM20176|AZDF01000002.1_128	FLUB|CP047121.1_1301
DSM20176|AZDF01000002.1_160	DSM20176|AZDF01000002.1_160
DSM20176|AZDF01000002.1_160	MGYG|ENA|CABKOL020000102|CABKOL020000102.1_60
DSM20176|AZDF01000002.1_160	LMG07934|CP050262.1_1075
DSM20176|AZDF01000002.1_160	LH500|CP044119.1_1054
DSM20176|AZDF01000002.1_160	FLUB|CP047121.1_1266
DSM20176|AZDF01000002.1_192	DSM20176|AZDF01000002.1_192
DSM20176|AZDF01000002.1_192	MGYG|ENA|CABKOL020000102|CABKOL020000102.1_28
DSM20176|AZDF01000002.1_192	LMG07934|CP050262.1_1043
DSM20176|AZDF01000002.1_192	LH500|CP044119.1_1022
DSM20176|AZDF01000002.1_192	FLUB|CP047121.1_1234
DSM20176|AZDF01000020.1_16	DSM20176|AZDF01000020.1_16
DSM20176|AZDF01000020.1_16	LMG07934|CP050262.1_2254
DSM20176|AZDF01000020.1_16	FLUB|CP047121.1_2442
DSM20176|AZDF01000020.1_16	MGYG|ENA|CABKOL020000104|CABKOL020000104.1_141
DSM20176|AZDF01000020.1_16	LH500|CP044119.1_2159
DSM20176|AZDF01000022.1_9	DSM20176|AZDF01000022.1_9
DSM20176|AZDF01000022.1_9	MGYG|ENA|CABKOL020000106|CABKOL020000106.1_154
DSM20176|AZDF01000022.1_9	FLUB|CP047121.1_2741
DSM20176|AZDF01000022.1_9	LH500|CP044119.1_2469
DSM20176|AZDF01000022.1_9	LMG07934|CP050262.1_2592
DSM20176|AZDF01000023.1_5	DSM20176|AZDF01000023.1_5
DSM20176|AZDF01000023.1_5	FLUB|CP047121.1_1833
DSM20176|AZDF01000023.1_5	LMG07934|CP050262.1_1716
DSM20176|AZDF01000023.1_5	LH500|CP044119.1_1630
DSM20176|AZDF01000023.1_5	MGYG|ENA|CABKOL020000102|CABKOL020000102.1_629
DSM20176|AZDF01000024.1_3	DSM20176|AZDF01000024.1_3
DSM20176|AZDF01000024.1_3	LH500|CP044119.1_2559
DSM20176|AZDF01000024.1_3	MGYG|ENA|CABKOL020000106|CABKOL020000106.1_249
DSM20176|AZDF01000024.1_3	FLUB|CP047121.1_2836
DSM20176|AZDF01000024.1_3	LMG07934|CP050262.1_2686
DSM20176|AZDF01000025.1_2	DSM20176|AZDF01000025.1_2
DSM20176|AZDF01000025.1_2	FLUB|CP047121.1_1798
DSM20176|AZDF01000025.1_2	LMG07934|CP050262.1_1683
DSM20176|AZDF01000025.1_2	LH500|CP044119.1_1594
DSM20176|AZDF01000025.1_2	MGYG|ENA|CABKOL020000102|CABKOL020000102.1_595
DSM20176|AZDF01000028.1_1	DSM20176|AZDF01000028.1_1
DSM20176|AZDF01000028.1_1	LH500|CP044119.1_2528
DSM20176|AZDF01000028.1_1	MGYG|ENA|CABKOL020000106|CABKOL020000106.1_219
DSM20176|AZDF01000028.1_1	FLUB|CP047121.1_2806
DSM20176|AZDF01000028.1_1	LMG07934|CP050262.1_2656
DSM20176|AZDF01000029.1_5	DSM20176|AZDF01000029.1_5
DSM20176|AZDF01000029.1_5	LMG07934|CP050262.1_337
DSM20176|AZDF01000029.1_5	FLUB|CP047121.1_361
DSM20176|AZDF01000029.1_5	MGYG|ENA|CABKOL020000106|CABKOL020000106.1_638
DSM20176|AZDF01000029.1_5	LH500|CP044119.1_365
DSM20176|AZDF01000003.1_12	DSM20176|AZDF01000003.1_12
DSM20176|AZDF01000003.1_12	FLUB|CP047121.1_518
DSM20176|AZDF01000003.1_12	LH500|CP044119.1_509
DSM20176|AZDF01000003.1_12	MGYG|ENA|CABKOL020000106|CABKOL020000106.1_793
DSM20176|AZDF01000003.1_12	LMG07934|CP050262.1_483
DSM20176|AZDF01000003.1_44	DSM20176|AZDF01000003.1_44
DSM20176|AZDF01000003.1_44	FLUB|CP047121.1_485
DSM20176|AZDF01000003.1_44	LH500|CP044119.1_476
DSM20176|AZDF01000003.1_44	MGYG|ENA|CABKOL020000106|CABKOL020000106.1_761
DSM20176|AZDF01000003.1_44	LMG07934|CP050262.1_447
DSM20176|AZDF01000003.1_108	DSM20176|AZDF01000003.1_108
DSM20176|AZDF01000003.1_108	FLUB|CP047121.1_421
DSM20176|AZDF01000003.1_108	LH500|CP044119.1_411
DSM20176|AZDF01000003.1_108	MGYG|ENA|CABKOL020000106|CABKOL020000106.1_697
DSM20176|AZDF01000003.1_108	LMG07934|CP050262.1_385
DSM20176|AZDF01000032.1_14	DSM20176|AZDF01000032.1_14
DSM20176|AZDF01000032.1_14	LMG07934|CP050262.1_2223
DSM20176|AZDF01000032.1_14	FLUB|CP047121.1_2412
DSM20176|AZDF01000032.1_14	MGYG|ENA|CABKOL020000104|CABKOL020000104.1_171
DSM20176|AZDF01000032.1_14	LH500|CP044119.1_2125
DSM20176|AZDF01000034.1_22	DSM20176|AZDF01000034.1_22
DSM20176|AZDF01000034.1_22	LH500|CP044119.1_2518
DSM20176|AZDF01000034.1_22	MGYG|ENA|CABKOL020000106|CABKOL020000106.1_210
DSM20176|AZDF01000034.1_22	FLUB|CP047121.1_2797
DSM20176|AZDF01000034.1_22	LMG07934|CP050262.1_2647
DSM20176|AZDF01000038.1_1	DSM20176|AZDF01000038.1_1
DSM20176|AZDF01000038.1_1	MGYG|ENA|CABKOL020000102|CABKOL020000102.1_313
DSM20176|AZDF01000038.1_1	FLUB|CP047121.1_1516
DSM20176|AZDF01000038.1_1	LH500|CP044119.1_1311
DSM20176|AZDF01000038.1_1	LMG07934|CP050262.1_1404
DSM20176|AZDF01000004.1_30	DSM20176|AZDF01000004.1_30
DSM20176|AZDF01000004.1_30	LMG07934|CP050262.1_1608
DSM20176|AZDF01000004.1_30	LH500|CP044119.1_1520
DSM20176|AZDF01000004.1_62	DSM20176|AZDF01000004.1_62
DSM20176|AZDF01000004.1_62	MGYG|ENA|CABKOL020000102|CABKOL020000102.1_488
DSM20176|AZDF01000004.1_62	FLUB|CP047121.1_1691
DSM20176|AZDF01000004.1_62	LMG07934|CP050262.1_1576
DSM20176|AZDF01000004.1_62	LH500|CP044119.1_1488
DSM20176|AZDF01000004.1_94	DSM20176|AZDF01000004.1_94
DSM20176|AZDF01000004.1_94	MGYG|ENA|CABKOL020000102|CABKOL020000102.1_457
DSM20176|AZDF01000004.1_94	FLUB|CP047121.1_1660
DSM20176|AZDF01000004.1_94	LMG07934|CP050262.1_1545
DSM20176|AZDF01000004.1_94	LH500|CP044119.1_1456
DSM20176|AZDF01000040.1_3	DSM20176|AZDF01000040.1_3
DSM20176|AZDF01000040.1_3	MGYG|ENA|CABKOL020000106|CABKOL020000106.1_398
DSM20176|AZDF01000040.1_3	LMG07934|CP050262.1_111
DSM20176|AZDF01000040.1_3	LH500|CP044119.1_136
DSM20176|AZDF01000040.1_3	FLUB|CP047121.1_123
DSM20176|AZDF01000042.1_9	DSM20176|AZDF01000042.1_9
DSM20176|AZDF01000042.1_9	FLUB|CP047121.1_2023
DSM20176|AZDF01000042.1_9	LH500|CP044119.1_1791
DSM20176|AZDF01000042.1_9	MGYG|ENA|CABKOL020000099|CABKOL020000099.1_11
DSM20176|AZDF01000042.1_9	LMG07934|CP050262.1_1849
DSM20176|AZDF01000045.1_6	DSM20176|AZDF01000045.1_6
DSM20176|AZDF01000045.1_6	FLUB|CP047121.1_937
DSM20176|AZDF01000045.1_6	LH500|CP044119.1_731
DSM20176|AZDF01000045.1_6	LMG07934|CP050262.1_766
DSM20176|AZDF01000045.1_6	MGYG|ENA|CABKOL020000106|CABKOL020000106.1_1152
DSM20176|AZDF01000048.1_4	DSM20176|AZDF01000048.1_4
DSM20176|AZDF01000048.1_4	MGYG|ENA|CABKOL020000104|CABKOL020000104.1_99
DSM20176|AZDF01000048.1_4	LMG07934|CP050262.1_2388
DSM20176|AZDF01000048.1_4	FLUB|CP047121.1_2485
DSM20176|AZDF01000048.1_4	LH500|CP044119.1_2286
DSM20176|AZDF01000005.1_109	DSM20176|AZDF01000005.1_109
DSM20176|AZDF01000005.1_109	LMG07934|CP050262.1_906
DSM20176|AZDF01000005.1_109	FLUB|CP047121.1_1096
DSM20176|AZDF01000005.1_109	MGYG|ENA|CABKOL020000095|CABKOL020000095.1_4
DSM20176|AZDF01000005.1_109	LH500|CP044119.1_879
DSM20176|AZDF01000052.1_8	DSM20176|AZDF01000052.1_8
DSM20176|AZDF01000059.1_3	DSM20176|AZDF01000059.1_3
DSM20176|AZDF01000006.1_25	DSM20176|AZDF01000006.1_25
DSM20176|AZDF01000006.1_25	LMG07934|CP050262.1_78
DSM20176|AZDF01000006.1_25	MGYG|ENA|CABKOL020000106|CABKOL020000106.1_368
DSM20176|AZDF01000006.1_25	LH500|CP044119.1_98
DSM20176|AZDF01000006.1_25	FLUB|CP047121.1_93
DSM20176|AZDF01000006.1_89	DSM20176|AZDF01000006.1_89
DSM20176|AZDF01000006.1_89	LMG07934|CP050262.1_16
DSM20176|AZDF01000006.1_89	FLUB|CP047121.1_16
DSM20176|AZDF01000006.1_89	LH500|CP044119.1_34
DSM20176|AZDF01000006.1_89	MGYG|ENA|CABKOL020000106|CABKOL020000106.1_290
DSM20176|AZDF01000060.1_3	DSM20176|AZDF01000060.1_3
DSM20176|AZDF01000060.1_3	MGYG|ENA|CABKOL020000102|CABKOL020000102.1_9
DSM20176|AZDF01000060.1_3	LMG07934|CP050262.1_1024
DSM20176|AZDF01000060.1_3	LH500|CP044119.1_1002
DSM20176|AZDF01000060.1_3	FLUB|CP047121.1_1215
DSM20176|AZDF01000064.1_4	DSM20176|AZDF01000064.1_4
DSM20176|AZDF01000064.1_4	MGYG|ENA|CABKOL020000106|CABKOL020000106.1_402
DSM20176|AZDF01000064.1_4	LMG07934|CP050262.1_124
DSM20176|AZDF01000064.1_4	LH500|CP044119.1_141
DSM20176|AZDF01000064.1_4	FLUB|CP047121.1_127
DSM20176|AZDF01000007.1_10	DSM20176|AZDF01000007.1_10
DSM20176|AZDF01000007.1_10	MGYG|ENA|CABKOL020000106|CABKOL020000106.1_527
DSM20176|AZDF01000007.1_10	LH500|CP044119.1_250
DSM20176|AZDF01000007.1_10	FLUB|CP047121.1_251
DSM20176|AZDF01000007.1_10	LMG07934|CP050262.1_229
DSM20176|AZDF01000007.1_42	DSM20176|AZDF01000007.1_42
DSM20176|AZDF01000007.1_42	MGYG|ENA|CABKOL020000106|CABKOL020000106.1_496
DSM20176|AZDF01000007.1_42	LH500|CP044119.1_218
DSM20176|AZDF01000007.1_42	FLUB|CP047121.1_220
DSM20176|AZDF01000007.1_42	LMG07934|CP050262.1_198
DSM20176|AZDF01000007.1_74	DSM20176|AZDF01000007.1_74
DSM20176|AZDF01000007.1_74	LH500|CP044119.1_186
DSM20176|AZDF01000007.1_74	FLUB|CP047121.1_178
DSM20176|AZDF01000007.1_74	MGYG|ENA|CABKOL020000106|CABKOL020000106.1_453
DSM20176|AZDF01000007.1_74	LMG07934|CP050262.1_166
DSM20176|AZDF01000008.1_8	DSM20176|AZDF01000008.1_8
DSM20176|AZDF01000008.1_8	MGYG|ENA|CABKOL020000102|CABKOL020000102.1_420
DSM20176|AZDF01000008.1_8	FLUB|CP047121.1_1623
DSM20176|AZDF01000008.1_8	LH500|CP044119.1_1418
DSM20176|AZDF01000008.1_8	LMG07934|CP050262.1_1508
DSM20176|AZDF01000008.1_40	DSM20176|AZDF01000008.1_40
DSM20176|AZDF01000008.1_40	MGYG|ENA|CABKOL020000102|CABKOL020000102.1_388
DSM20176|AZDF01000008.1_40	FLUB|CP047121.1_1591
DSM20176|AZDF01000008.1_40	LH500|CP044119.1_1386
DSM20176|AZDF01000008.1_40	LMG07934|CP050262.1_1476
DSM20176|AZDF01000008.1_72	DSM20176|AZDF01000008.1_72
DSM20176|AZDF01000008.1_72	MGYG|ENA|CABKOL020000102|CABKOL020000102.1_353
DSM20176|AZDF01000008.1_72	FLUB|CP047121.1_1556
DSM20176|AZDF01000008.1_72	LH500|CP044119.1_1354
DSM20176|AZDF01000008.1_72	LMG07934|CP050262.1_1444
DSM20176|AZDF01000009.1_11	DSM20176|AZDF01000009.1_11
DSM20176|AZDF01000009.1_11	FLUB|CP047121.1_2471
DSM20176|AZDF01000009.1_11	LH500|CP044119.1_2266
DSM20176|AZDF01000009.1_11	LMG07934|CP050262.1_2365
DSM20176|AZDF01000009.1_11	MGYG|ENA|CABKOL020000104|CABKOL020000104.1_113
DSM20176|AZDF01000009.1_43	DSM20176|AZDF01000009.1_43
DSM20176|AZDF01000009.1_43	LH500|CP044119.1_2234
DSM20176|AZDF01000009.1_43	LMG07934|CP050262.1_2330
DSM20176|AZDF01000009.1_75	DSM20176|AZDF01000009.1_75
DSM20176|AZDF01000009.1_75	LH500|CP044119.1_2202
DSM20176|AZDF01000009.1_75	LMG07934|CP050262.1_2295
DSM20176|AZDF01000094.1_2	DSM20176|AZDF01000094.1_2
FLUB|CP047121.1_4	FLUB|CP047121.1_4
FLUB|CP047121.1_4	MGYG|ENA|CABKOL020000106|CABKOL020000106.1_278
FLUB|CP047121.1_4	LH500|CP044119.1_5
FLUB|CP047121.1_4	LMG07934|CP050262.1_4
FLUB|CP047121.1_4	DSM20176|AZDF01000006.1_117
FLUB|CP047121.1_36	FLUB|CP047121.1_36
FLUB|CP047121.1_36	LH500|CP044119.1_54
FLUB|CP047121.1_36	MGYG|ENA|CABKOL020000106|CABKOL020000106.1_310
FLUB|CP047121.1_36	DSM20176|AZDF01000006.1_69
FLUB|CP047121.1_36	LMG07934|CP050262.1_36
FLUB|CP047121.1_100	FLUB|CP047121.1_100
FLUB|CP047121.1_100	MGYG|ENA|CABKOL020000106|CABKOL020000106.1_375
FLUB|CP047121.1_100	DSM20176|AZDF01000006.1_13
FLUB|CP047121.1_100	LH500|CP044119.1_110
FLUB|CP047121.1_164	FLUB|CP047121.1_164
FLUB|CP047121.1_164	MGYG|ENA|CABKOL020000106|CABKOL020000106.1_438
FLUB|CP047121.1_164	LMG07934|CP050262.1_151
FLUB|CP047121.1_164	DSM20176|AZDF01000007.1_88
FLUB|CP047121.1_164	LH500|CP044119.1_172
FLUB|CP047121.1_196	FLUB|CP047121.1_196
FLUB|CP047121.1_196	MGYG|ENA|CABKOL020000106|CABKOL020000106.1_471
FLUB|CP047121.1_196	LMG07934|CP050262.1_184
FLUB|CP047121.1_196	DSM20176|AZDF01000007.1_55
FLUB|CP047121.1_196	LH500|CP044119.1_205
FLUB|CP047121.1_228	FLUB|CP047121.1_228
FLUB|CP047121.1_228	LMG07934|CP050262.1_206
FLUB|CP047121.1_228	MGYG|ENA|CABKOL020000106|CABKOL020000106.1_504
FLUB|CP047121.1_228	LH500|CP044119.1_226
FLUB|CP047121.1_228	DSM20176|AZDF01000007.1_34
FLUB|CP047121.1_356	FLUB|CP047121.1_356
FLUB|CP047121.1_356	LMG07934|CP050262.1_334
FLUB|CP047121.1_356	DSM20176|AZDF01000029.1_8
FLUB|CP047121.1_356	MGYG|ENA|CABKOL020000106|CABKOL020000106.1_633
FLUB|CP047121.1_356	LH500|CP044119.1_362
FLUB|CP047121.1_388	FLUB|CP047121.1_388
FLUB|CP047121.1_388	LH500|CP044119.1_377
FLUB|CP047121.1_388	MGYG|ENA|CABKOL020000106|CABKOL020000106.1_664
FLUB|CP047121.1_388	DSM20176|AZDF01000035.1_7
FLUB|CP047121.1_388	LMG07934|CP050262.1_348
FLUB|CP047121.1_420	FLUB|CP047121.1_420
FLUB|CP047121.1_420	DSM20176|AZDF01000003.1_109
FLUB|CP047121.1_420	LH500|CP044119.1_410
FLUB|CP047121.1_420	MGYG|ENA|CABKOL020000106|CABKOL020000106.1_696
FLUB|CP047121.1_420	LMG07934|CP050262.1_384
FLUB|CP047121.1_452	FLUB|CP047121.1_452
FLUB|CP047121.1_452	MGYG|ENA|CABKOL020000106|CABKOL020000106.1_728
FLUB|CP047121.1_452	LMG07934|CP050262.1_418
FLUB|CP047121.1_484	FLUB|CP047121.1_484
FLUB|CP047121.1_484	DSM20176|AZDF01000003.1_45
FLUB|CP047121.1_484	LH500|CP044119.1_475
FLUB|CP047121.1_484	MGYG|ENA|CABKOL020000106|CABKOL020000106.1_760
FLUB|CP047121.1_484	LMG07934|CP050262.1_446
FLUB|CP047121.1_516	FLUB|CP047121.1_516
FLUB|CP047121.1_516	DSM20176|AZDF01000003.1_14
FLUB|CP047121.1_516	LH500|CP044119.1_507
FLUB|CP047121.1_516	MGYG|ENA|CABKOL020000106|CABKOL020000106.1_791
FLUB|CP047121.1_516	LMG07934|CP050262.1_481
FLUB|CP047121.1_548	FLUB|CP047121.1_548
FLUB|CP047121.1_580	FLUB|CP047121.1_580
FLUB|CP047121.1_612	FLUB|CP047121.1_612
FLUB|CP047121.1_644	FLUB|CP047121.1_644
FLUB|CP047121.1_644	LH500|CP044119.1_565
FLUB|CP047121.1_644	MGYG|ENA|CABKOL020000106|CABKOL020000106.1_855
FLUB|CP047121.1_644	LMG07934|CP050262.1_541
FLUB|CP047121.1_644	DSM20176|AZDF01000010.1_45
FLUB|CP047121.1_740	FLUB|CP047121.1_740
FLUB|CP047121.1_740	FLUB|CP047121.1_141
FLUB|CP047121.1_740	MGYG|ENA|CABKOL020000096|CABKOL020000096.1_1
FLUB|CP047121.1_772	FLUB|CP047121.1_772
FLUB|CP047121.1_772	MGYG|ENA|CABKOL020000106|CABKOL020000106.1_984
FLUB|CP047121.1_772	LMG07934|CP050262.1_604
FLUB|CP047121.1_932	FLUB|CP047121.1_932
FLUB|CP047121.1_932	LH500|CP044119.1_727
FLUB|CP047121.1_932	DSM20176|AZDF01000045.1_10
FLUB|CP047121.1_932	LMG07934|CP050262.1_761
FLUB|CP047121.1_932	MGYG|ENA|CABKOL020000106|CABKOL020000106.1_1147
FLUB|CP047121.1_996	FLUB|CP047121.1_996
FLUB|CP047121.1_996	LMG07934|CP050262.1_821
FLUB|CP047121.1_996	LH500|CP044119.1_796
FLUB|CP047121.1_996	MGYG|ENA|CABKOL020000106|CABKOL020000106.1_1213
FLUB|CP047121.1_996	DSM20176|AZDF01000016.1_31
FLUB|CP047121.1_1092	FLUB|CP047121.1_1092
FLUB|CP047121.1_1092	MGYG|ENA|CABKOL020000106|CABKOL020000106.1_1312
FLUB|CP047121.1_1092	DSM20176|AZDF01000030.1_30
FLUB|CP047121.1_1092	LH500|CP044119.1_875
FLUB|CP047121.1_1092	LMG07934|CP050262.1_902
FLUB|CP047121.1_1124	FLUB|CP047121.1_1124
FLUB|CP047121.1_1124	DSM20176|AZDF01000005.1_82
FLUB|CP047121.1_1124	MGYG|ENA|CABKOL020000095|CABKOL020000095.1_31
FLUB|CP047121.1_1124	LH500|CP044119.1_906
FLUB|CP047121.1_1124	LMG07934|CP050262.1_933
FLUB|CP047121.1_1156	FLUB|CP047121.1_1156
FLUB|CP047121.1_1156	DSM20176|AZDF01000005.1_50
FLUB|CP047121.1_1156	MGYG|ENA|CABKOL020000095|CABKOL020000095.1_64
FLUB|CP047121.1_1156	LH500|CP044119.1_938
FLUB|CP047121.1_1156	LMG07934|CP050262.1_965
FLUB|CP047121.1_1188	FLUB|CP047121.1_1188
FLUB|CP047121.1_1188	DSM20176|AZDF01000005.1_18
FLUB|CP047121.1_1188	MGYG|ENA|CABKOL020000095|CABKOL020000095.1_96
FLUB|CP047121.1_1188	LH500|CP044119.1_970
FLUB|CP047121.1_1188	LMG07934|CP050262.1_997
FLUB|CP047121.1_1220	FLUB|CP047121.1_1220
FLUB|CP047121.1_1220	DSM20176|AZDF01000002.1_206
FLUB|CP047121.1_1220	MGYG|ENA|CABKOL020000102|CABKOL020000102.1_14
FLUB|CP047121.1_1220	LMG07934|CP050262.1_1029
FLUB|CP047121.1_1220	LH500|CP044119.1_1008
FLUB|CP047121.1_1252	FLUB|CP047121.1_1252
FLUB|CP047121.1_1252	DSM20176|AZDF01000002.1_175
FLUB|CP047121.1_1252	MGYG|ENA|CABKOL020000102|CABKOL020000102.1_46
FLUB|CP047121.1_1252	LMG07934|CP050262.1_1060
FLUB|CP047121.1_1252	LH500|CP044119.1_1039
FLUB|CP047121.1_1284	FLUB|CP047121.1_1284
FLUB|CP047121.1_1284	DSM20176|AZDF01000002.1_146
FLUB|CP047121.1_1284	MGYG|ENA|CABKOL020000102|CABKOL020000102.1_79
FLUB|CP047121.1_1284	LMG07934|CP050262.1_1092
FLUB|CP047121.1_1284	LH500|CP044119.1_1068
FLUB|CP047121.1_1316	FLUB|CP047121.1_1316
FLUB|CP047121.1_1316	DSM20176|AZDF01000002.1_113
FLUB|CP047121.1_1316	MGYG|ENA|CABKOL020000102|CABKOL020000102.1_111
FLUB|CP047121.1_1316	LMG07934|CP050262.1_1124
FLUB|CP047121.1_1316	LH500|CP044119.1_1101
FLUB|CP047121.1_1380	FLUB|CP047121.1_1380
FLUB|CP047121.1_1380	DSM20176|AZDF01000002.1_50
FLUB|CP047121.1_1380	LMG07934|CP050262.1_1186
FLUB|CP047121.1_1380	MGYG|ENA|CABKOL020000102|CABKOL020000102.1_175
FLUB|CP047121.1_1380	LH500|CP044119.1_1164
FLUB|CP047121.1_1412	FLUB|CP047121.1_1412
FLUB|CP047121.1_1412	DSM20176|AZDF01000002.1_19
FLUB|CP047121.1_1412	LMG07934|CP050262.1_1218
FLUB|CP047121.1_1412	MGYG|ENA|CABKOL020000102|CABKOL020000102.1_208
FLUB|CP047121.1_1412	LH500|CP044119.1_1196
FLUB|CP047121.1_1476	FLUB|CP047121.1_1476
FLUB|CP047121.1_1476	LH500|CP044119.1_1270
FLUB|CP047121.1_1476	LMG07934|CP050262.1_1363
FLUB|CP047121.1_1476	MGYG|ENA|CABKOL020000102|CABKOL020000102.1_273
FLUB|CP047121.1_1476	DSM20176|AZDF01000013.1_7
FLUB|CP047121.1_1508	FLUB|CP047121.1_1508
FLUB|CP047121.1_1508	LH500|CP044119.1_1302
FLUB|CP047121.1_1508	LMG07934|CP050262.1_1395
FLUB|CP047121.1_1508	MGYG|ENA|CABKOL020000102|CABKOL020000102.1_305
FLUB|CP047121.1_1508	DSM20176|AZDF01000013.1_39
FLUB|CP047121.1_1572	FLUB|CP047121.1_1572
FLUB|CP047121.1_1572	LH500|CP044119.1_1371
FLUB|CP047121.1_1572	LMG07934|CP050262.1_1462
FLUB|CP047121.1_1572	DSM20176|AZDF01000008.1_55
FLUB|CP047121.1_1572	MGYG|ENA|CABKOL020000102|CABKOL020000102.1_369
FLUB|CP047121.1_1604	FLUB|CP047121.1_1604
FLUB|CP047121.1_1604	LH500|CP044119.1_1399
FLUB|CP047121.1_1604	LMG07934|CP050262.1_1489
FLUB|CP047121.1_1604	DSM20176|AZDF01000008.1_27
FLUB|CP047121.1_1604	MGYG|ENA|CABKOL020000102|CABKOL020000102.1_401
FLUB|CP047121.1_1636	FLUB|CP047121.1_1636
FLUB|CP047121.1_1636	LMG07934|CP050262.1_1521
FLUB|CP047121.1_1636	LH500|CP044119.1_1432
FLUB|CP047121.1_1636	DSM20176|AZDF01000004.1_118
FLUB|CP047121.1_1636	MGYG|ENA|CABKOL020000102|CABKOL020000102.1_433
FLUB|CP047121.1_1668	FLUB|CP047121.1_1668
FLUB|CP047121.1_1668	LMG07934|CP050262.1_1553
FLUB|CP047121.1_1668	LH500|CP044119.1_1465
FLUB|CP047121.1_1668	DSM20176|AZDF01000004.1_85
FLUB|CP047121.1_1668	MGYG|ENA|CABKOL020000102|CABKOL020000102.1_465
FLUB|CP047121.1_1700	FLUB|CP047121.1_1700
FLUB|CP047121.1_1700	LMG07934|CP050262.1_1585
FLUB|CP047121.1_1700	LH500|CP044119.1_1497
FLUB|CP047121.1_1700	DSM20176|AZDF01000004.1_53
FLUB|CP047121.1_1700	MGYG|ENA|CABKOL020000102|CABKOL020000102.1_497
FLUB|CP047121.1_1732	FLUB|CP047121.1_1732
FLUB|CP047121.1_1732	LMG07934|CP050262.1_1618
FLUB|CP047121.1_1732	LH500|CP044119.1_1530
FLUB|CP047121.1_1732	DSM20176|AZDF01000004.1_20
FLUB|CP047121.1_1732	MGYG|ENA|CABKOL020000102|CABKOL020000102.1_529
FLUB|CP047121.1_1764	FLUB|CP047121.1_1764
FLUB|CP047121.1_1764	LMG07934|CP050262.1_1649
FLUB|CP047121.1_1764	LH500|CP044119.1_1561
FLUB|CP047121.1_1764	DSM20176|AZDF01000017.1_31
FLUB|CP047121.1_1764	MGYG|ENA|CABKOL020000102|CABKOL020000102.1_561
FLUB|CP047121.1_1828	FLUB|CP047121.1_1828
FLUB|CP047121.1_1860	FLUB|CP047121.1_1860
FLUB|CP047121.1_1860	LMG07934|CP050262.1_1743
FLUB|CP047121.1_1860	LH500|CP044119.1_1657
FLUB|CP047121.1_1860	MGYG|ENA|CABKOL020000102|CABKOL020000102.1_656
FLUB|CP047121.1_1860	DSM20176|AZDF01000023.1_32
FLUB|CP047121.1_1892	FLUB|CP047121.1_1892
FLUB|CP047121.1_1892	LMG07934|CP050262.1_1776
FLUB|CP047121.1_1892	LH500|CP044119.1_1719
FLUB|CP047121.1_1892	DSM20176|AZDF01000014.1_36
FLUB|CP047121.1_1892	MGYG|ENA|CABKOL020000102|CABKOL020000102.1_689
FLUB|CP047121.1_1924	FLUB|CP047121.1_1924
FLUB|CP047121.1_1956	FLUB|CP047121.1_1956
FLUB|CP047121.1_1988	FLUB|CP047121.1_1988
FLUB|CP047121.1_1988	LH500|CP044119.1_1756
FLUB|CP047121.1_1988	LMG07934|CP050262.1_1814
FLUB|CP047121.1_1988	DSM20176|AZDF01000012.1_21
FLUB|CP047121.1_1988	MGYG|ENA|CABKOL020000099|CABKOL020000099.1_47
FLUB|CP047121.1_2052	FLUB|CP047121.1_2052
FLUB|CP047121.1_2052	DSM20176|AZDF01000001.1_18
FLUB|CP047121.1_2052	LMG07934|CP050262.1_1875
FLUB|CP047121.1_2052	MGYG|ENA|CABKOL020000104|CABKOL020000104.1_533
FLUB|CP047121.1_2052	LH500|CP044119.1_1870
FLUB|CP047121.1_2084	FLUB|CP047121.1_2084
FLUB|CP047121.1_2084	DSM20176|AZDF01000001.1_49
FLUB|CP047121.1_2084	LMG07934|CP050262.1_1906
FLUB|CP047121.1_2084	MGYG|ENA|CABKOL020000104|CABKOL020000104.1_501
FLUB|CP047121.1_2084	LH500|CP044119.1_1903
FLUB|CP047121.1_2116	FLUB|CP047121.1_2116
FLUB|CP047121.1_2116	DSM20176|AZDF01000001.1_81
FLUB|CP047121.1_2116	LMG07934|CP050262.1_1938
FLUB|CP047121.1_2116	MGYG|ENA|CABKOL020000104|CABKOL020000104.1_469
FLUB|CP047121.1_2116	LH500|CP044119.1_1935
FLUB|CP047121.1_2148	FLUB|CP047121.1_2148
FLUB|CP047121.1_2148	DSM20176|AZDF01000001.1_112
FLUB|CP047121.1_2148	LMG07934|CP050262.1_1969
FLUB|CP047121.1_2148	MGYG|ENA|CABKOL020000104|CABKOL020000104.1_437
FLUB|CP047121.1_2148	LH500|CP044119.1_1966
FLUB|CP047121.1_2180	FLUB|CP047121.1_2180
FLUB|CP047121.1_2180	DSM20176|AZDF01000001.1_145
FLUB|CP047121.1_2180	LMG07934|CP050262.1_2002
FLUB|CP047121.1_2180	MGYG|ENA|CABKOL020000104|CABKOL020000104.1_405
FLUB|CP047121.1_2180	LH500|CP044119.1_1999
FLUB|CP047121.1_2212	FLUB|CP047121.1_2212
FLUB|CP047121.1_2212	DSM20176|AZDF01000001.1_176
FLUB|CP047121.1_2212	LMG07934|CP050262.1_2033
FLUB|CP047121.1_2212	MGYG|ENA|CABKOL020000104|CABKOL020000104.1_373
FLUB|CP047121.1_2212	LH500|CP044119.1_2030
FLUB|CP047121.1_2308	FLUB|CP047121.1_2308
FLUB|CP047121.1_2308	LMG07934|CP050262.1_2125
FLUB|CP047121.1_2308	MGYG|ENA|CABKOL020000104|CABKOL020000104.1_277
FLUB|CP047121.1_2340	FLUB|CP047121.1_2340
FLUB|CP047121.1_2340	LMG07934|CP050262.1_2149
FLUB|CP047121.1_2340	MGYG|ENA|CABKOL020000104|CABKOL020000104.1_245
FLUB|CP047121.1_2372	FLUB|CP047121.1_2372
FLUB|CP047121.1_2372	MGYG|ENA|CABKOL020000104|CABKOL020000104.1_213
FLUB|CP047121.1_2372	LMG07934|CP050262.1_2182
FLUB|CP047121.1_2404	FLUB|CP047121.1_2404
FLUB|CP047121.1_2404	LH500|CP044119.1_2117
FLUB|CP047121.1_2404	MGYG|ENA|CABKOL020000104|CABKOL020000104.1_180
FLUB|CP047121.1_2404	DSM20176|AZDF01000032.1_6
FLUB|CP047121.1_2404	LMG07934|CP050262.1_2215
FLUB|CP047121.1_2436	FLUB|CP047121.1_2436
FLUB|CP047121.1_2436	LH500|CP044119.1_2153
FLUB|CP047121.1_2436	MGYG|ENA|CABKOL020000104|CABKOL020000104.1_147
FLUB|CP047121.1_2436	DSM20176|AZDF01000020.1_10
FLUB|CP047121.1_2436	LMG07934|CP050262.1_2248
FLUB|CP047121.1_2468	FLUB|CP047121.1_2468
FLUB|CP047121.1_2468	LMG07934|CP050262.1_2282
FLUB|CP047121.1_2468	DSM20176|AZDF01000009.1_88
FLUB|CP047121.1_2468	MGYG|ENA|CABKOL020000104|CABKOL020000104.1_116
FLUB|CP047121.1_2468	LH500|CP044119.1_2189
FLUB|CP047121.1_2500	FLUB|CP047121.1_2500
FLUB|CP047121.1_2500	LMG07934|CP050262.1_2410
FLUB|CP047121.1_2500	LH500|CP044119.1_2299
FLUB|CP047121.1_2500	DSM20176|AZDF01000049.1_5
FLUB|CP047121.1_2500	MGYG|ENA|CABKOL020000104|CABKOL020000104.1_84
FLUB|CP047121.1_2628	FLUB|CP047121.1_2628
FLUB|CP047121.1_2628	MGYG|ENA|CABKOL020000106|CABKOL020000106.1_44
FLUB|CP047121.1_2660	FLUB|CP047121.1_2660
FLUB|CP047121.1_2660	MGYG|ENA|CABKOL020000106|CABKOL020000106.1_76
FLUB|CP047121.1_2756	FLUB|CP047121.1_2756
FLUB|CP047121.1_2756	LH500|CP044119.1_2484
FLUB|CP047121.1_2756	LMG07934|CP050262.1_2607
FLUB|CP047121.1_2756	DSM20176|AZDF01000022.1_24
FLUB|CP047121.1_2756	MGYG|ENA|CABKOL020000106|CABKOL020000106.1_169
FLUB|CP047121.1_2820	FLUB|CP047121.1_2820
FLUB|CP047121.1_2820	LMG07934|CP050262.1_2670
FLUB|CP047121.1_2820	DSM20176|AZDF01000028.1_15
FLUB|CP047121.1_2820	LH500|CP044119.1_2542
FLUB|CP047121.1_2820	MGYG|ENA|CABKOL020000106|CABKOL020000106.1_233
FLUB|CP047122.1_23	FLUB|CP047122.1_23
FLUB|CP047123.1_7	FLUB|CP047123.1_7
FLUB|CP047124.1_32	FLUB|CP047124.1_32
LMG07934|CP050262.1_13	LMG07934|CP050262.1_13
LMG07934|CP050262.1_13	FLUB|CP047121.1_13
LMG07934|CP050262.1_13	MGYG|ENA|CABKOL020000106|CABKOL020000106.1_287
LMG07934|CP050262.1_13	DSM20176|AZDF01000006.1_108
LMG07934|CP050262.1_13	LH500|CP044119.1_14
LMG07934|CP050262.1_45	LMG07934|CP050262.1_45
LMG07934|CP050262.1_269	LMG07934|CP050262.1_269
LMG07934|CP050262.1_269	MGYG|ENA|CABKOL020000106|CABKOL020000106.1_561
LMG07934|CP050262.1_269	FLUB|CP047121.1_285
LMG07934|CP050262.1_269	LH500|CP044119.1_288
LMG07934|CP050262.1_269	DSM20176|AZDF01000019.1_17
LMG07934|CP050262.1_365	LMG07934|CP050262.1_365
LMG07934|CP050262.1_429	LMG07934|CP050262.1_429
LMG07934|CP050262.1_429	FLUB|CP047121.1_467
LMG07934|CP050262.1_429	DSM20176|AZDF01000003.1_63
LMG07934|CP050262.1_429	LH500|CP044119.1_457
LMG07934|CP050262.1_429	MGYG|ENA|CABKOL020000106|CABKOL020000106.1_743
LMG07934|CP050262.1_557	LMG07934|CP050262.1_557
LMG07934|CP050262.1_557	DSM20176|AZDF01000010.1_60
LMG07934|CP050262.1_557	FLUB|CP047121.1_660
LMG07934|CP050262.1_557	LH500|CP044119.1_580
LMG07934|CP050262.1_557	MGYG|ENA|CABKOL020000106|CABKOL020000106.1_871
LMG07934|CP050262.1_589	LMG07934|CP050262.1_589
LMG07934|CP050262.1_621	LMG07934|CP050262.1_621
LMG07934|CP050262.1_653	LMG07934|CP050262.1_653
LMG07934|CP050262.1_781	LMG07934|CP050262.1_781
LMG07934|CP050262.1_781	LH500|CP044119.1_756
LMG07934|CP050262.1_781	MGYG|ENA|CABKOL020000106|CABKOL020000106.1_1174
LMG07934|CP050262.1_781	FLUB|CP047121.1_957
LMG07934|CP050262.1_781	DSM20176|AZDF01000031.1_8
LMG07934|CP050262.1_1197	LMG07934|CP050262.1_1197
LMG07934|CP050262.1_1197	MGYG|ENA|CABKOL020000102|CABKOL020000102.1_186
LMG07934|CP050262.1_1197	LH500|CP044119.1_1175
LMG07934|CP050262.1_1197	DSM20176|AZDF01000002.1_40
LMG07934|CP050262.1_1197	FLUB|CP047121.1_1391
LMG07934|CP050262.1_1229	LMG07934|CP050262.1_1229
LMG07934|CP050262.1_1229	MGYG|ENA|CABKOL020000102|CABKOL020000102.1_219
LMG07934|CP050262.1_1229	LH500|CP044119.1_1207
LMG07934|CP050262.1_1229	DSM20176|AZDF01000002.1_8
LMG07934|CP050262.1_1229	FLUB|CP047121.1_1423
LMG07934|CP050262.1_1261	LMG07934|CP050262.1_1261
LMG07934|CP050262.1_1293	LMG07934|CP050262.1_1293
LMG07934|CP050262.1_1293	FLUB|CP047123.1_39
LMG07934|CP050262.1_1293	LMG07934|CP050262.1_1294
LMG07934|CP050262.1_1293	DSM20176|AZDF01000098.1_2
LMG07934|CP050262.1_1293	LMG07934|CP050262.1_121
LMG07934|CP050262.1_1293	MGYG|ENA|CABKOL020000079|CABKOL020000079.1_2
LMG07934|CP050262.1_1293	FLUB|CP047124.1_19
LMG07934|CP050262.1_1293	LMG07934|CP050262.1_806
LMG07934|CP050262.1_1293	LMG07934|CP050262.1_73
LMG07934|CP050262.1_1293	FLUB|CP047124.1_35
LMG07934|CP050262.1_1293	FLUB|CP047124.1_39
LMG07934|CP050262.1_1293	FLUB|CP047124.1_14
LMG07934|CP050262.1_1325	LMG07934|CP050262.1_1325
LMG07934|CP050262.1_1325	MGYG|ENA|CABKOL020000102|CABKOL020000102.1_235
LMG07934|CP050262.1_1325	DSM20176|AZDF01000018.1_4
LMG07934|CP050262.1_1325	FLUB|CP047121.1_1438
LMG07934|CP050262.1_1325	LH500|CP044119.1_1232
LMG07934|CP050262.1_1357	LMG07934|CP050262.1_1357
LMG07934|CP050262.1_1357	MGYG|ENA|CABKOL020000102|CABKOL020000102.1_267
LMG07934|CP050262.1_1357	DSM20176|AZDF01000018.1_36
LMG07934|CP050262.1_1357	FLUB|CP047121.1_1470
LMG07934|CP050262.1_1357	LH500|CP044119.1_1264
LMG07934|CP050262.1_1389	LMG07934|CP050262.1_1389
LMG07934|CP050262.1_1389	MGYG|ENA|CABKOL020000102|CABKOL020000102.1_299
LMG07934|CP050262.1_1389	DSM20176|AZDF01000013.1_33
LMG07934|CP050262.1_1389	FLUB|CP047121.1_1502
LMG07934|CP050262.1_1389	LH500|CP044119.1_1296
LMG07934|CP050262.1_1421	LMG07934|CP050262.1_1421
LMG07934|CP050262.1_1517	LMG07934|CP050262.1_1517
LMG07934|CP050262.1_1517	LH500|CP044119.1_1428
LMG07934|CP050262.1_1517	MGYG|ENA|CABKOL020000102|CABKOL020000102.1_429
LMG07934|CP050262.1_1517	DSM20176|AZDF01000004.1_122
LMG07934|CP050262.1_1517	FLUB|CP047121.1_1632
LMG07934|CP050262.1_1549	LMG07934|CP050262.1_1549
LMG07934|CP050262.1_1549	LH500|CP044119.1_1461
LMG07934|CP050262.1_1549	MGYG|ENA|CABKOL020000102|CABKOL020000102.1_461
LMG07934|CP050262.1_1549	DSM20176|AZDF01000004.1_89
LMG07934|CP050262.1_1549	FLUB|CP047121.1_1664
LMG07934|CP050262.1_1645	LMG07934|CP050262.1_1645
LMG07934|CP050262.1_1645	LH500|CP044119.1_1557
LMG07934|CP050262.1_1645	DSM20176|AZDF01000017.1_35
LMG07934|CP050262.1_1645	MGYG|ENA|CABKOL020000102|CABKOL020000102.1_557
LMG07934|CP050262.1_1645	FLUB|CP047121.1_1760
LMG07934|CP050262.1_1677	LMG07934|CP050262.1_1677
LMG07934|CP050262.1_1677	LH500|CP044119.1_1588
LMG07934|CP050262.1_1677	DSM20176|AZDF01000017.1_4
LMG07934|CP050262.1_1677	MGYG|ENA|CABKOL020000102|CABKOL020000102.1_589
LMG07934|CP050262.1_1677	FLUB|CP047121.1_1792
LMG07934|CP050262.1_1741	LMG07934|CP050262.1_1741
LMG07934|CP050262.1_1741	LH500|CP044119.1_1655
LMG07934|CP050262.1_1741	DSM20176|AZDF01000023.1_30
LMG07934|CP050262.1_2285	LMG07934|CP050262.1_2285
LMG07934|CP050262.1_2349	LMG07934|CP050262.1_2349
LMG07934|CP050262.1_2381	LMG07934|CP050262.1_2381
LMG07934|CP050262.1_2413	LMG07934|CP050262.1_2413
LMG07934|CP050262.1_2413	FLUB|CP047121.1_2503
LMG07934|CP050262.1_2413	LH500|CP044119.1_2302
LMG07934|CP050262.1_2413	DSM20176|AZDF01000049.1_2
LMG07934|CP050262.1_2413	MGYG|ENA|CABKOL020000104|CABKOL020000104.1_81
LMG07934|CP050262.1_2445	LMG07934|CP050262.1_2445
LMG07934|CP050262.1_2445	LH500|CP044119.1_2334
LMG07934|CP050262.1_2445	DSM20176|AZDF01000011.1_31
LMG07934|CP050262.1_2445	FLUB|CP047121.1_2559
LMG07934|CP050262.1_2445	MGYG|ENA|CABKOL020000104|CABKOL020000104.1_25
LMG07934|CP050262.1_2509	LMG07934|CP050262.1_2509
LMG07934|CP050262.1_2541	LMG07934|CP050262.1_2541
LH500|CP044119.1_84	LH500|CP044119.1_84
LH500|CP044119.1_84	FLUB|CP047121.1_81
LH500|CP044119.1_84	DSM20176|AZDF01000006.1_39
LH500|CP044119.1_84	LMG07934|CP050262.1_63
LH500|CP044119.1_84	MGYG|ENA|CABKOL020000106|CABKOL020000106.1_356
LH500|CP044119.1_116	LH500|CP044119.1_116
LH500|CP044119.1_116	FLUB|CP047121.1_106
LH500|CP044119.1_116	DSM20176|AZDF01000006.1_7
LH500|CP044119.1_116	MGYG|ENA|CABKOL020000106|CABKOL020000106.1_381
LH500|CP044119.1_116	LMG07934|CP050262.1_100
LH500|CP044119.1_148	LH500|CP044119.1_148
LH500|CP044119.1_148	FLUB|CP047121.1_133
LH500|CP044119.1_148	DSM20176|AZDF01000065.1_3
LH500|CP044119.1_148	MGYG|ENA|CABKOL020000106|CABKOL020000106.1_408
LH500|CP044119.1_148	LMG07934|CP050262.1_129
LH500|CP044119.1_180	LH500|CP044119.1_180
LH500|CP044119.1_180	DSM20176|AZDF01000007.1_80
LH500|CP044119.1_180	FLUB|CP047121.1_172
LH500|CP044119.1_180	MGYG|ENA|CABKOL020000106|CABKOL020000106.1_447
LH500|CP044119.1_180	LMG07934|CP050262.1_160
LH500|CP044119.1_212	LH500|CP044119.1_212
LH500|CP044119.1_212	DSM20176|AZDF01000007.1_48
LH500|CP044119.1_212	FLUB|CP047121.1_204
LH500|CP044119.1_212	MGYG|ENA|CABKOL020000106|CABKOL020000106.1_479
LH500|CP044119.1_212	LMG07934|CP050262.1_192
LH500|CP044119.1_244	LH500|CP044119.1_244
LH500|CP044119.1_244	DSM20176|AZDF01000007.1_16
LH500|CP044119.1_244	FLUB|CP047121.1_245
LH500|CP044119.1_244	LMG07934|CP050262.1_223
LH500|CP044119.1_244	MGYG|ENA|CABKOL020000106|CABKOL020000106.1_521
LH500|CP044119.1_372	LH500|CP044119.1_372
LH500|CP044119.1_372	MGYG|ENA|CABKOL020000106|CABKOL020000106.1_659
LH500|CP044119.1_372	DSM20176|AZDF01000035.1_2
LH500|CP044119.1_372	LMG07934|CP050262.1_343
LH500|CP044119.1_372	FLUB|CP047121.1_383
LH500|CP044119.1_404	LH500|CP044119.1_404
LH500|CP044119.1_404	MGYG|ENA|CABKOL020000106|CABKOL020000106.1_690
LH500|CP044119.1_404	DSM20176|AZDF01000003.1_115
LH500|CP044119.1_404	LMG07934|CP050262.1_378
LH500|CP044119.1_404	FLUB|CP047121.1_414
LH500|CP044119.1_468	LH500|CP044119.1_468
LH500|CP044119.1_468	MGYG|ENA|CABKOL020000106|CABKOL020000106.1_753
LH500|CP044119.1_468	DSM20176|AZDF01000003.1_52
LH500|CP044119.1_468	LMG07934|CP050262.1_439
LH500|CP044119.1_468	FLUB|CP047121.1_477
LH500|CP044119.1_500	LH500|CP044119.1_500
LH500|CP044119.1_500	MGYG|ENA|CABKOL020000106|CABKOL020000106.1_785
LH500|CP044119.1_500	DSM20176|AZDF01000003.1_20
LH500|CP044119.1_500	LMG07934|CP050262.1_475
LH500|CP044119.1_500	FLUB|CP047121.1_510
LH500|CP044119.1_532	LH500|CP044119.1_532
LH500|CP044119.1_532	MGYG|ENA|CABKOL020000106|CABKOL020000106.1_819
LH500|CP044119.1_532	LMG07934|CP050262.1_506
LH500|CP044119.1_532	DSM20176|AZDF01000010.1_12
LH500|CP044119.1_532	FLUB|CP047121.1_543
LH500|CP044119.1_628	LH500|CP044119.1_628
LH500|CP044119.1_628	DSM20176|AZDF01000044.1_2
LH500|CP044119.1_628	FLUB|CP047121.1_757
LH500|CP044119.1_628	LMG07934|CP050262.1_582
LH500|CP044119.1_628	MGYG|ENA|CABKOL020000106|CABKOL020000106.1_969
LH500|CP044119.1_660	LH500|CP044119.1_660
LH500|CP044119.1_660	LMG07934|CP050262.1_699
LH500|CP044119.1_660	DSM20176|AZDF01000051.1_9
LH500|CP044119.1_692	LH500|CP044119.1_692
LH500|CP044119.1_788	LH500|CP044119.1_788
LH500|CP044119.1_788	LMG07934|CP050262.1_813
LH500|CP044119.1_788	DSM20176|AZDF01000016.1_39
LH500|CP044119.1_788	MGYG|ENA|CABKOL020000106|CABKOL020000106.1_1205
LH500|CP044119.1_788	FLUB|CP047121.1_988
LH500|CP044119.1_852	LH500|CP044119.1_852
LH500|CP044119.1_852	LMG07934|CP050262.1_879
LH500|CP044119.1_852	FLUB|CP047121.1_1069
LH500|CP044119.1_852	MGYG|ENA|CABKOL020000106|CABKOL020000106.1_1289
LH500|CP044119.1_852	DSM20176|AZDF01000030.1_6
LH500|CP044119.1_884	LH500|CP044119.1_884
LH500|CP044119.1_884	LMG07934|CP050262.1_911
LH500|CP044119.1_884	FLUB|CP047121.1_1101
LH500|CP044119.1_884	MGYG|ENA|CABKOL020000095|CABKOL020000095.1_9
LH500|CP044119.1_884	DSM20176|AZDF01000005.1_104
LH500|CP044119.1_916	LH500|CP044119.1_916
LH500|CP044119.1_916	LMG07934|CP050262.1_943
LH500|CP044119.1_916	FLUB|CP047121.1_1134
LH500|CP044119.1_916	MGYG|ENA|CABKOL020000095|CABKOL020000095.1_41
LH500|CP044119.1_916	DSM20176|AZDF01000005.1_72
LH500|CP044119.1_948	LH500|CP044119.1_948
LH500|CP044119.1_948	LMG07934|CP050262.1_975
LH500|CP044119.1_948	FLUB|CP047121.1_1166
LH500|CP044119.1_948	MGYG|ENA|CABKOL020000095|CABKOL020000095.1_74
LH500|CP044119.1_948	DSM20176|AZDF01000005.1_40
LH500|CP044119.1_980	LH500|CP044119.1_980
LH500|CP044119.1_1012	LH500|CP044119.1_1012
LH500|CP044119.1_1012	FLUB|CP047121.1_1224
LH500|CP044119.1_1012	DSM20176|AZDF01000002.1_202
LH500|CP044119.1_1012	MGYG|ENA|CABKOL020000102|CABKOL020000102.1_18
LH500|CP044119.1_1012	LMG07934|CP050262.1_1033
LH500|CP044119.1_1044	LH500|CP044119.1_1044
LH500|CP044119.1_1044	FLUB|CP047121.1_1257
LH500|CP044119.1_1044	DSM20176|AZDF01000002.1_170
LH500|CP044119.1_1044	MGYG|ENA|CABKOL020000102|CABKOL020000102.1_51
LH500|CP044119.1_1044	LMG07934|CP050262.1_1065
LH500|CP044119.1_1172	LH500|CP044119.1_1172
LH500|CP044119.1_1332	LH500|CP044119.1_1332
LH500|CP044119.1_1332	LMG07934|CP050262.1_1424
LH500|CP044119.1_1332	DSM20176|AZDF01000072.1_1
LH500|CP044119.1_1332	MGYG|ENA|CABKOL020000102|CABKOL020000102.1_332
LH500|CP044119.1_1332	FLUB|CP047121.1_1535
LH500|CP044119.1_1556	LH500|CP044119.1_1556
LH500|CP044119.1_1556	LMG07934|CP050262.1_1644
LH500|CP044119.1_1556	DSM20176|AZDF01000017.1_36
LH500|CP044119.1_1556	MGYG|ENA|CABKOL020000102|CABKOL020000102.1_556
LH500|CP044119.1_1556	FLUB|CP047121.1_1759
LH500|CP044119.1_1748	LH500|CP044119.1_1748
LH500|CP044119.1_1748	LMG07934|CP050262.1_1806
LH500|CP044119.1_1748	DSM20176|AZDF01000012.1_13
LH500|CP044119.1_1748	MGYG|ENA|CABKOL020000099|CABKOL020000099.1_55
LH500|CP044119.1_1748	FLUB|CP047121.1_1980
LH500|CP044119.1_1780	LH500|CP044119.1_1780
LH500|CP044119.1_1780	LMG07934|CP050262.1_1838
LH500|CP044119.1_1780	DSM20176|AZDF01000012.1_45
LH500|CP044119.1_1780	MGYG|ENA|CABKOL020000099|CABKOL020000099.1_22
LH500|CP044119.1_1780	FLUB|CP047121.1_2012
LH500|CP044119.1_1876	LH500|CP044119.1_1876
LH500|CP044119.1_1876	FLUB|CP047121.1_2057
LH500|CP044119.1_1876	DSM20176|AZDF01000001.1_23
LH500|CP044119.1_1876	LMG07934|CP050262.1_1880
LH500|CP044119.1_1876	MGYG|ENA|CABKOL020000104|CABKOL020000104.1_528
LH500|CP044119.1_1908	LH500|CP044119.1_1908
LH500|CP044119.1_1908	FLUB|CP047121.1_2089
LH500|CP044119.1_1908	DSM20176|AZDF01000001.1_54
LH500|CP044119.1_1908	LMG07934|CP050262.1_1911
LH500|CP044119.1_1908	MGYG|ENA|CABKOL020000104|CABKOL020000104.1_496
LH500|CP044119.1_1940	LH500|CP044119.1_1940
LH500|CP044119.1_1940	FLUB|CP047121.1_2121
LH500|CP044119.1_1940	DSM20176|AZDF01000001.1_86
LH500|CP044119.1_1940	LMG07934|CP050262.1_1943
LH500|CP044119.1_1940	MGYG|ENA|CABKOL020000104|CABKOL020000104.1_464
LH500|CP044119.1_1972	LH500|CP044119.1_1972
LH500|CP044119.1_1972	FLUB|CP047121.1_2154
LH500|CP044119.1_1972	DSM20176|AZDF01000001.1_118
LH500|CP044119.1_1972	LMG07934|CP050262.1_1975
LH500|CP044119.1_1972	MGYG|ENA|CABKOL020000104|CABKOL020000104.1_431
LH500|CP044119.1_2004	LH500|CP044119.1_2004
LH500|CP044119.1_2004	FLUB|CP047121.1_2186
LH500|CP044119.1_2004	DSM20176|AZDF01000001.1_150
LH500|CP044119.1_2004	MGYG|ENA|CABKOL020000104|CABKOL020000104.1_399
LH500|CP044119.1_2004	LMG07934|CP050262.1_2007
LH500|CP044119.1_2036	LH500|CP044119.1_2036
LH500|CP044119.1_2036	FLUB|CP047121.1_2218
LH500|CP044119.1_2036	DSM20176|AZDF01000001.1_182
LH500|CP044119.1_2036	LMG07934|CP050262.1_2039
LH500|CP044119.1_2036	MGYG|ENA|CABKOL020000104|CABKOL020000104.1_367
LH500|CP044119.1_2068	LH500|CP044119.1_2068
LH500|CP044119.1_2068	DSM20176|AZDF01000001.1_213
LH500|CP044119.1_2068	FLUB|CP047121.1_2252
LH500|CP044119.1_2068	LMG07934|CP050262.1_2070
LH500|CP044119.1_2068	MGYG|ENA|CABKOL020000104|CABKOL020000104.1_333
LH500|CP044119.1_2100	LH500|CP044119.1_2100
LH500|CP044119.1_2100	MGYG|ENA|CABKOL020000104|CABKOL020000104.1_195
LH500|CP044119.1_2100	LMG07934|CP050262.1_2201
LH500|CP044119.1_2100	FLUB|CP047121.1_2390
LH500|CP044119.1_2100	DSM20176|AZDF01000033.1_11
LH500|CP044119.1_2132	LH500|CP044119.1_2132
LH500|CP044119.1_2132	DSM20176|AZDF01000032.1_21
LH500|CP044119.1_2132	MGYG|ENA|CABKOL020000104|CABKOL020000104.1_164
LH500|CP044119.1_2132	LMG07934|CP050262.1_2230
LH500|CP044119.1_2132	FLUB|CP047121.1_2419
LH500|CP044119.1_2164	LH500|CP044119.1_2164
LH500|CP044119.1_2164	DSM20176|AZDF01000020.1_21
LH500|CP044119.1_2164	LMG07934|CP050262.1_2259
LH500|CP044119.1_2164	FLUB|CP047121.1_2447
LH500|CP044119.1_2164	MGYG|ENA|CABKOL020000104|CABKOL020000104.1_136
LH500|CP044119.1_2196	LH500|CP044119.1_2196
LH500|CP044119.1_2196	LMG07934|CP050262.1_2290
LH500|CP044119.1_2196	DSM20176|AZDF01000009.1_81
LH500|CP044119.1_2228	LH500|CP044119.1_2228
LH500|CP044119.1_2228	LMG07934|CP050262.1_2321
LH500|CP044119.1_2228	DSM20176|AZDF01000009.1_49
LH500|CP044119.1_2228	MGYG|ENA|CABKOL020000101|CABKOL020000101.1_2
LH500|CP044119.1_2260	LH500|CP044119.1_2260
LH500|CP044119.1_2260	DSM20176|AZDF01000009.1_17
LH500|CP044119.1_2260	LMG07934|CP050262.1_2357
LH500|CP044119.1_2292	LH500|CP044119.1_2292
LH500|CP044119.1_2292	DSM20176|AZDF01000079.1_3
LH500|CP044119.1_2324	LH500|CP044119.1_2324
LH500|CP044119.1_2324	MGYG|ENA|CABKOL020000104|CABKOL020000104.1_35
LH500|CP044119.1_2324	DSM20176|AZDF01000011.1_21
LH500|CP044119.1_2324	FLUB|CP047121.1_2549
LH500|CP044119.1_2324	LMG07934|CP050262.1_2435
LH500|CP044119.1_2356	LH500|CP044119.1_2356
LH500|CP044119.1_2356	MGYG|ENA|CABKOL020000104|CABKOL020000104.1_3
LH500|CP044119.1_2356	DSM20176|AZDF01000011.1_53
LH500|CP044119.1_2356	FLUB|CP047121.1_2581
LH500|CP044119.1_2356	LMG07934|CP050262.1_2467
LH500|CP044119.1_2388	LH500|CP044119.1_2388
LH500|CP044119.1_2388	DSM20176|AZDF01000021.1_30
LH500|CP044119.1_2388	MGYG|ENA|CABKOL020000106|CABKOL020000106.1_39
LH500|CP044119.1_2388	FLUB|CP047121.1_2623
LH500|CP044119.1_2388	LMG07934|CP050262.1_2504
LH500|CP044119.1_2548	LH500|CP044119.1_2548
LH500|CP044119.1_2548	MGYG|ENA|CABKOL020000106|CABKOL020000106.1_239
LH500|CP044119.1_2548	FLUB|CP047121.1_2826
LH500|CP044119.1_2548	LMG07934|CP050262.1_2676
LH500|CP044119.1_2548	DSM20176|AZDF01000028.1_21
MGYG|ENA|CABKOL020000033|CABKOL020000033.1_1	MGYG|ENA|CABKOL020000033|CABKOL020000033.1_1
MGYG|ENA|CABKOL020000068|CABKOL020000068.1_1	MGYG|ENA|CABKOL020000068|CABKOL020000068.1_1
MGYG|ENA|CABKOL020000090|CABKOL020000090.1_3	MGYG|ENA|CABKOL020000090|CABKOL020000090.1_3
DSM20176|AZDF01000002.1_35	DSM20176|AZDF01000002.1_35
DSM20176|AZDF01000002.1_35	LMG07934|CP050262.1_1202
DSM20176|AZDF01000002.1_35	MGYG|ENA|CABKOL020000102|CABKOL020000102.1_191
DSM20176|AZDF01000002.1_35	LH500|CP044119.1_1180
DSM20176|AZDF01000002.1_35	FLUB|CP047121.1_1396
DSM20176|AZDF01000002.1_67	DSM20176|AZDF01000002.1_67
DSM20176|AZDF01000002.1_67	LMG07934|CP050262.1_1169
DSM20176|AZDF01000002.1_67	MGYG|ENA|CABKOL020000102|CABKOL020000102.1_157
DSM20176|AZDF01000002.1_67	LH500|CP044119.1_1147
DSM20176|AZDF01000002.1_67	FLUB|CP047121.1_1362
DSM20176|AZDF01000002.1_99	DSM20176|AZDF01000002.1_99
DSM20176|AZDF01000002.1_99	MGYG|ENA|CABKOL020000102|CABKOL020000102.1_125
DSM20176|AZDF01000002.1_99	LMG07934|CP050262.1_1138
DSM20176|AZDF01000002.1_99	LH500|CP044119.1_1115
DSM20176|AZDF01000002.1_99	FLUB|CP047121.1_1330
DSM20176|AZDF01000002.1_131	DSM20176|AZDF01000002.1_131
DSM20176|AZDF01000002.1_131	MGYG|ENA|CABKOL020000102|CABKOL020000102.1_93
DSM20176|AZDF01000002.1_131	LMG07934|CP050262.1_1106
DSM20176|AZDF01000002.1_131	LH500|CP044119.1_1083
DSM20176|AZDF01000002.1_131	FLUB|CP047121.1_1298
DSM20176|AZDF01000022.1_12	DSM20176|AZDF01000022.1_12
DSM20176|AZDF01000022.1_12	MGYG|ENA|CABKOL020000106|CABKOL020000106.1_157
DSM20176|AZDF01000022.1_12	FLUB|CP047121.1_2744
DSM20176|AZDF01000022.1_12	LH500|CP044119.1_2472
DSM20176|AZDF01000022.1_12	LMG07934|CP050262.1_2595
DSM20176|AZDF01000024.1_6	DSM20176|AZDF01000024.1_6
DSM20176|AZDF01000024.1_6	LH500|CP044119.1_2562
DSM20176|AZDF01000024.1_6	MGYG|ENA|CABKOL020000106|CABKOL020000106.1_252
DSM20176|AZDF01000024.1_6	FLUB|CP047121.1_2839
DSM20176|AZDF01000024.1_6	LMG07934|CP050262.1_2689
DSM20176|AZDF01000026.1_6	DSM20176|AZDF01000026.1_6
DSM20176|AZDF01000026.1_6	LH500|CP044119.1_1846
DSM20176|AZDF01000026.1_38	DSM20176|AZDF01000026.1_38
DSM20176|AZDF01000026.1_38	LH500|CP044119.1_1814
DSM20176|AZDF01000028.1_4	DSM20176|AZDF01000028.1_4
DSM20176|AZDF01000028.1_4	LH500|CP044119.1_2531
DSM20176|AZDF01000028.1_4	MGYG|ENA|CABKOL020000106|CABKOL020000106.1_222
DSM20176|AZDF01000028.1_4	FLUB|CP047121.1_2809
DSM20176|AZDF01000028.1_4	LMG07934|CP050262.1_2659
DSM20176|AZDF01000032.1_17	DSM20176|AZDF01000032.1_17
DSM20176|AZDF01000032.1_17	LMG07934|CP050262.1_2226
DSM20176|AZDF01000032.1_17	FLUB|CP047121.1_2415
DSM20176|AZDF01000032.1_17	MGYG|ENA|CABKOL020000104|CABKOL020000104.1_168
DSM20176|AZDF01000032.1_17	LH500|CP044119.1_2128
DSM20176|AZDF01000033.1_19	DSM20176|AZDF01000033.1_19
DSM20176|AZDF01000033.1_19	LMG07934|CP050262.1_2193
DSM20176|AZDF01000033.1_19	LH500|CP044119.1_2092
DSM20176|AZDF01000034.1_25	DSM20176|AZDF01000034.1_25
DSM20176|AZDF01000034.1_25	LH500|CP044119.1_2521
DSM20176|AZDF01000034.1_25	MGYG|ENA|CABKOL020000106|CABKOL020000106.1_213
DSM20176|AZDF01000034.1_25	FLUB|CP047121.1_2800
DSM20176|AZDF01000034.1_25	LMG07934|CP050262.1_2650
DSM20176|AZDF01000036.1_10	DSM20176|AZDF01000036.1_10
DSM20176|AZDF01000036.1_10	LMG07934|CP050262.1_308
DSM20176|AZDF01000036.1_10	MGYG|ENA|CABKOL020000106|CABKOL020000106.1_597
DSM20176|AZDF01000036.1_10	LH500|CP044119.1_333
DSM20176|AZDF01000036.1_10	FLUB|CP047121.1_320
DSM20176|AZDF01000038.1_4	DSM20176|AZDF01000038.1_4
DSM20176|AZDF01000038.1_4	MGYG|ENA|CABKOL020000102|CABKOL020000102.1_316
DSM20176|AZDF01000038.1_4	FLUB|CP047121.1_1519
DSM20176|AZDF01000038.1_4	LH500|CP044119.1_1314
DSM20176|AZDF01000038.1_4	LMG07934|CP050262.1_1407
DSM20176|AZDF01000004.1_33	DSM20176|AZDF01000004.1_33
DSM20176|AZDF01000004.1_33	MGYG|ENA|CABKOL020000102|CABKOL020000102.1_517
DSM20176|AZDF01000004.1_33	FLUB|CP047121.1_1720
DSM20176|AZDF01000004.1_33	LMG07934|CP050262.1_1605
DSM20176|AZDF01000004.1_33	LH500|CP044119.1_1517
DSM20176|AZDF01000004.1_65	DSM20176|AZDF01000004.1_65
DSM20176|AZDF01000004.1_65	MGYG|ENA|CABKOL020000102|CABKOL020000102.1_485
DSM20176|AZDF01000004.1_65	FLUB|CP047121.1_1688
DSM20176|AZDF01000004.1_65	LMG07934|CP050262.1_1573
DSM20176|AZDF01000004.1_65	LH500|CP044119.1_1485
DSM20176|AZDF01000004.1_97	DSM20176|AZDF01000004.1_97
DSM20176|AZDF01000004.1_97	MGYG|ENA|CABKOL020000102|CABKOL020000102.1_454
DSM20176|AZDF01000004.1_97	FLUB|CP047121.1_1657
DSM20176|AZDF01000004.1_97	LMG07934|CP050262.1_1542
DSM20176|AZDF01000004.1_97	LH500|CP044119.1_1453
DSM20176|AZDF01000043.1_2	DSM20176|AZDF01000043.1_2
DSM20176|AZDF01000043.1_2	LMG07934|CP050262.1_2517
DSM20176|AZDF01000043.1_2	MGYG|ENA|CABKOL020000106|CABKOL020000106.1_56
DSM20176|AZDF01000043.1_2	LH500|CP044119.1_2399
DSM20176|AZDF01000043.1_2	FLUB|CP047121.1_2640
DSM20176|AZDF01000045.1_9	DSM20176|AZDF01000045.1_9
DSM20176|AZDF01000045.1_9	LH500|CP044119.1_728
DSM20176|AZDF01000045.1_9	LMG07934|CP050262.1_762
DSM20176|AZDF01000048.1_7	DSM20176|AZDF01000048.1_7
DSM20176|AZDF01000048.1_7	LMG07934|CP050262.1_2385
DSM20176|AZDF01000048.1_7	MGYG|ENA|CABKOL020000104|CABKOL020000104.1_102
DSM20176|AZDF01000048.1_7	FLUB|CP047121.1_2482
DSM20176|AZDF01000048.1_7	LH500|CP044119.1_2283
DSM20176|AZDF01000050.1_1	DSM20176|AZDF01000050.1_1
DSM20176|AZDF01000050.1_1	LH500|CP044119.1_642
DSM20176|AZDF01000050.1_1	LMG07934|CP050262.1_609
DSM20176|AZDF01000055.1_12	DSM20176|AZDF01000055.1_12
DSM20176|AZDF01000055.1_12	LMG07934|CP050262.1_1299
DSM20176|AZDF01000055.1_12	LH500|CP044119.1_1674
DSM20176|AZDF01000065.1_2	DSM20176|AZDF01000065.1_2
DSM20176|AZDF01000065.1_2	LH500|CP044119.1_147
DSM20176|AZDF01000007.1_45	DSM20176|AZDF01000007.1_45
DSM20176|AZDF01000007.1_45	LH500|CP044119.1_215
DSM20176|AZDF01000007.1_45	FLUB|CP047121.1_207
DSM20176|AZDF01000007.1_45	MGYG|ENA|CABKOL020000106|CABKOL020000106.1_482
DSM20176|AZDF01000007.1_45	LMG07934|CP050262.1_195
DSM20176|AZDF01000007.1_77	DSM20176|AZDF01000007.1_77
DSM20176|AZDF01000007.1_77	LH500|CP044119.1_183
DSM20176|AZDF01000007.1_77	FLUB|CP047121.1_175
DSM20176|AZDF01000007.1_77	MGYG|ENA|CABKOL020000106|CABKOL020000106.1_450
DSM20176|AZDF01000007.1_77	LMG07934|CP050262.1_163
DSM20176|AZDF01000008.1_11	DSM20176|AZDF01000008.1_11
DSM20176|AZDF01000008.1_11	MGYG|ENA|CABKOL020000102|CABKOL020000102.1_417
DSM20176|AZDF01000008.1_11	FLUB|CP047121.1_1620
DSM20176|AZDF01000008.1_11	LH500|CP044119.1_1415
DSM20176|AZDF01000008.1_11	LMG07934|CP050262.1_1505
DSM20176|AZDF01000008.1_75	DSM20176|AZDF01000008.1_75
DSM20176|AZDF01000008.1_75	MGYG|ENA|CABKOL020000102|CABKOL020000102.1_350
DSM20176|AZDF01000008.1_75	FLUB|CP047121.1_1553
DSM20176|AZDF01000008.1_75	LH500|CP044119.1_1351
DSM20176|AZDF01000008.1_75	LMG07934|CP050262.1_1441
DSM20176|AZDF01000009.1_46	DSM20176|AZDF01000009.1_46
DSM20176|AZDF01000009.1_46	LH500|CP044119.1_2231
DSM20176|AZDF01000009.1_46	LMG07934|CP050262.1_2325
DSM20176|AZDF01000009.1_78	DSM20176|AZDF01000009.1_78
DSM20176|AZDF01000009.1_78	LH500|CP044119.1_2199
DSM20176|AZDF01000009.1_78	LMG07934|CP050262.1_2292
FLUB|CP047121.1_7	FLUB|CP047121.1_7
FLUB|CP047121.1_7	MGYG|ENA|CABKOL020000106|CABKOL020000106.1_281
FLUB|CP047121.1_7	LH500|CP044119.1_8
FLUB|CP047121.1_7	DSM20176|AZDF01000006.1_114
FLUB|CP047121.1_7	LMG07934|CP050262.1_7
FLUB|CP047121.1_39	FLUB|CP047121.1_39
FLUB|CP047121.1_39	LH500|CP044119.1_57
FLUB|CP047121.1_39	DSM20176|AZDF01000006.1_66
FLUB|CP047121.1_39	MGYG|ENA|CABKOL020000106|CABKOL020000106.1_313
FLUB|CP047121.1_39	LMG07934|CP050262.1_39
DSM20176|AZDF01000016.1_37	DSM20176|AZDF01000016.1_37
DSM20176|AZDF01000016.1_37	LMG07934|CP050262.1_815
DSM20176|AZDF01000016.1_37	LH500|CP044119.1_790
DSM20176|AZDF01000016.1_37	MGYG|ENA|CABKOL020000106|CABKOL020000106.1_1207
DSM20176|AZDF01000016.1_37	FLUB|CP047121.1_990
DSM20176|AZDF01000017.1_22	DSM20176|AZDF01000017.1_22
DSM20176|AZDF01000017.1_22	MGYG|ENA|CABKOL020000102|CABKOL020000102.1_571
DSM20176|AZDF01000017.1_22	FLUB|CP047121.1_1774
DSM20176|AZDF01000017.1_22	LMG07934|CP050262.1_1658
DSM20176|AZDF01000017.1_22	LH500|CP044119.1_1570
DSM20176|AZDF01000018.1_12	DSM20176|AZDF01000018.1_12
DSM20176|AZDF01000018.1_12	FLUB|CP047121.1_1446
DSM20176|AZDF01000018.1_12	LH500|CP044119.1_1240
DSM20176|AZDF01000018.1_12	LMG07934|CP050262.1_1333
DSM20176|AZDF01000018.1_12	MGYG|ENA|CABKOL020000102|CABKOL020000102.1_243
DSM20176|AZDF01000019.1_8	DSM20176|AZDF01000019.1_8
DSM20176|AZDF01000019.1_8	LH500|CP044119.1_279
DSM20176|AZDF01000019.1_8	FLUB|CP047121.1_275
DSM20176|AZDF01000019.1_8	LMG07934|CP050262.1_260
DSM20176|AZDF01000019.1_8	MGYG|ENA|CABKOL020000106|CABKOL020000106.1_551
DSM20176|AZDF01000002.1_2	DSM20176|AZDF01000002.1_2
DSM20176|AZDF01000002.1_2	LMG07934|CP050262.1_1235
DSM20176|AZDF01000002.1_2	LH500|CP044119.1_1213
DSM20176|AZDF01000002.1_34	DSM20176|AZDF01000002.1_34
DSM20176|AZDF01000002.1_34	LMG07934|CP050262.1_1203
DSM20176|AZDF01000002.1_34	MGYG|ENA|CABKOL020000102|CABKOL020000102.1_192
DSM20176|AZDF01000002.1_34	LH500|CP044119.1_1181
DSM20176|AZDF01000002.1_34	FLUB|CP047121.1_1397
DSM20176|AZDF01000002.1_66	DSM20176|AZDF01000002.1_66
DSM20176|AZDF01000002.1_66	LMG07934|CP050262.1_1170
DSM20176|AZDF01000002.1_66	MGYG|ENA|CABKOL020000102|CABKOL020000102.1_158
DSM20176|AZDF01000002.1_66	LH500|CP044119.1_1148
DSM20176|AZDF01000002.1_66	FLUB|CP047121.1_1363
DSM20176|AZDF01000002.1_98	DSM20176|AZDF01000002.1_98
DSM20176|AZDF01000002.1_98	MGYG|ENA|CABKOL020000102|CABKOL020000102.1_126
DSM20176|AZDF01000002.1_98	LMG07934|CP050262.1_1139
DSM20176|AZDF01000002.1_98	LH500|CP044119.1_1116
DSM20176|AZDF01000002.1_98	FLUB|CP047121.1_1331
DSM20176|AZDF01000002.1_130	DSM20176|AZDF01000002.1_130
DSM20176|AZDF01000002.1_130	MGYG|ENA|CABKOL020000102|CABKOL020000102.1_94
DSM20176|AZDF01000002.1_130	LMG07934|CP050262.1_1107
DSM20176|AZDF01000002.1_130	LH500|CP044119.1_1084
DSM20176|AZDF01000002.1_130	FLUB|CP047121.1_1299
DSM20176|AZDF01000022.1_11	DSM20176|AZDF01000022.1_11
DSM20176|AZDF01000022.1_11	MGYG|ENA|CABKOL020000106|CABKOL020000106.1_156
DSM20176|AZDF01000022.1_11	FLUB|CP047121.1_2743
DSM20176|AZDF01000022.1_11	LH500|CP044119.1_2471
DSM20176|AZDF01000022.1_11	LMG07934|CP050262.1_2594
DSM20176|AZDF01000024.1_5	DSM20176|AZDF01000024.1_5
DSM20176|AZDF01000024.1_5	LH500|CP044119.1_2561
DSM20176|AZDF01000024.1_5	MGYG|ENA|CABKOL020000106|CABKOL020000106.1_251
DSM20176|AZDF01000024.1_5	FLUB|CP047121.1_2838
DSM20176|AZDF01000024.1_5	LMG07934|CP050262.1_2688
DSM20176|AZDF01000025.1_4	DSM20176|AZDF01000025.1_4
DSM20176|AZDF01000025.1_4	FLUB|CP047121.1_1800
DSM20176|AZDF01000025.1_4	LMG07934|CP050262.1_1685
DSM20176|AZDF01000025.1_4	LH500|CP044119.1_1596
DSM20176|AZDF01000025.1_4	MGYG|ENA|CABKOL020000102|CABKOL020000102.1_597
DSM20176|AZDF01000028.1_3	DSM20176|AZDF01000028.1_3
DSM20176|AZDF01000028.1_3	LH500|CP044119.1_2530
DSM20176|AZDF01000028.1_3	MGYG|ENA|CABKOL020000106|CABKOL020000106.1_221
DSM20176|AZDF01000028.1_3	FLUB|CP047121.1_2808
DSM20176|AZDF01000028.1_3	LMG07934|CP050262.1_2658
DSM20176|AZDF01000029.1_7	DSM20176|AZDF01000029.1_7
DSM20176|AZDF01000029.1_7	LMG07934|CP050262.1_335
DSM20176|AZDF01000029.1_7	FLUB|CP047121.1_359
DSM20176|AZDF01000029.1_7	MGYG|ENA|CABKOL020000106|CABKOL020000106.1_636
DSM20176|AZDF01000029.1_7	LH500|CP044119.1_363
DSM20176|AZDF01000032.1_16	DSM20176|AZDF01000032.1_16
DSM20176|AZDF01000032.1_16	LMG07934|CP050262.1_2225
DSM20176|AZDF01000032.1_16	FLUB|CP047121.1_2414
DSM20176|AZDF01000032.1_16	MGYG|ENA|CABKOL020000104|CABKOL020000104.1_169
DSM20176|AZDF01000032.1_16	LH500|CP044119.1_2127
DSM20176|AZDF01000033.1_18	DSM20176|AZDF01000033.1_18
DSM20176|AZDF01000033.1_18	LMG07934|CP050262.1_2194
DSM20176|AZDF01000033.1_18	FLUB|CP047121.1_2383
DSM20176|AZDF01000033.1_18	MGYG|ENA|CABKOL020000104|CABKOL020000104.1_202
DSM20176|AZDF01000033.1_18	LH500|CP044119.1_2093
DSM20176|AZDF01000038.1_3	DSM20176|AZDF01000038.1_3
DSM20176|AZDF01000038.1_3	MGYG|ENA|CABKOL020000102|CABKOL020000102.1_315
DSM20176|AZDF01000038.1_3	FLUB|CP047121.1_1518
DSM20176|AZDF01000038.1_3	LH500|CP044119.1_1313
DSM20176|AZDF01000038.1_3	LMG07934|CP050262.1_1406
DSM20176|AZDF01000004.1_32	DSM20176|AZDF01000004.1_32
DSM20176|AZDF01000004.1_32	MGYG|ENA|CABKOL020000102|CABKOL020000102.1_518
DSM20176|AZDF01000004.1_32	FLUB|CP047121.1_1721
DSM20176|AZDF01000004.1_32	LMG07934|CP050262.1_1606
DSM20176|AZDF01000004.1_32	LH500|CP044119.1_1518
DSM20176|AZDF01000004.1_64	DSM20176|AZDF01000004.1_64
DSM20176|AZDF01000004.1_64	MGYG|ENA|CABKOL020000102|CABKOL020000102.1_486
DSM20176|AZDF01000004.1_64	FLUB|CP047121.1_1689
DSM20176|AZDF01000004.1_64	LMG07934|CP050262.1_1574
DSM20176|AZDF01000004.1_64	LH500|CP044119.1_1486
DSM20176|AZDF01000004.1_96	DSM20176|AZDF01000004.1_96
DSM20176|AZDF01000004.1_96	MGYG|ENA|CABKOL020000102|CABKOL020000102.1_455
DSM20176|AZDF01000004.1_96	FLUB|CP047121.1_1658
DSM20176|AZDF01000004.1_96	LMG07934|CP050262.1_1543
DSM20176|AZDF01000004.1_96	LH500|CP044119.1_1454
DSM20176|AZDF01000043.1_1	DSM20176|AZDF01000043.1_1
DSM20176|AZDF01000043.1_1	LMG07934|CP050262.1_2516
DSM20176|AZDF01000043.1_1	MGYG|ENA|CABKOL020000106|CABKOL020000106.1_55
DSM20176|AZDF01000043.1_1	LH500|CP044119.1_2398
DSM20176|AZDF01000043.1_1	FLUB|CP047121.1_2639
DSM20176|AZDF01000045.1_8	DSM20176|AZDF01000045.1_8
DSM20176|AZDF01000045.1_8	FLUB|CP047121.1_934
DSM20176|AZDF01000045.1_8	LH500|CP044119.1_729
DSM20176|AZDF01000045.1_8	LMG07934|CP050262.1_763
DSM20176|AZDF01000045.1_8	MGYG|ENA|CABKOL020000106|CABKOL020000106.1_1149
DSM20176|AZDF01000048.1_6	DSM20176|AZDF01000048.1_6
DSM20176|AZDF01000048.1_6	LMG07934|CP050262.1_2386
DSM20176|AZDF01000048.1_6	MGYG|ENA|CABKOL020000104|CABKOL020000104.1_101
DSM20176|AZDF01000048.1_6	FLUB|CP047121.1_2483
DSM20176|AZDF01000048.1_6	LH500|CP044119.1_2284
DSM20176|AZDF01000005.1_15	DSM20176|AZDF01000005.1_15
DSM20176|AZDF01000005.1_15	FLUB|CP047121.1_1191
DSM20176|AZDF01000005.1_15	MGYG|ENA|CABKOL020000095|CABKOL020000095.1_99
DSM20176|AZDF01000005.1_15	LH500|CP044119.1_973
DSM20176|AZDF01000005.1_15	LMG07934|CP050262.1_1000
DSM20176|AZDF01000005.1_79	DSM20176|AZDF01000005.1_79
DSM20176|AZDF01000005.1_79	FLUB|CP047121.1_1127
DSM20176|AZDF01000005.1_79	MGYG|ENA|CABKOL020000095|CABKOL020000095.1_34
DSM20176|AZDF01000005.1_79	LH500|CP044119.1_909
DSM20176|AZDF01000005.1_79	LMG07934|CP050262.1_936
DSM20176|AZDF01000005.1_111	DSM20176|AZDF01000005.1_111
DSM20176|AZDF01000005.1_111	FLUB|CP047121.1_1094
DSM20176|AZDF01000005.1_111	MGYG|ENA|CABKOL020000095|CABKOL020000095.1_2
DSM20176|AZDF01000005.1_111	LH500|CP044119.1_877
DSM20176|AZDF01000005.1_111	LMG07934|CP050262.1_904
DSM20176|AZDF01000065.1_1	DSM20176|AZDF01000065.1_1
DSM20176|AZDF01000065.1_1	LH500|CP044119.1_146
DSM20176|AZDF01000007.1_44	DSM20176|AZDF01000007.1_44
DSM20176|AZDF01000007.1_44	LH500|CP044119.1_216
DSM20176|AZDF01000007.1_44	LMG07934|CP050262.1_196
DSM20176|AZDF01000007.1_44	MGYG|ENA|CABKOL020000106|CABKOL020000106.1_483
DSM20176|AZDF01000007.1_44	FLUB|CP047121.1_208
DSM20176|AZDF01000007.1_76	DSM20176|AZDF01000007.1_76
DSM20176|AZDF01000007.1_76	LH500|CP044119.1_184
DSM20176|AZDF01000007.1_76	FLUB|CP047121.1_176
DSM20176|AZDF01000007.1_76	MGYG|ENA|CABKOL020000106|CABKOL020000106.1_451
DSM20176|AZDF01000007.1_76	LMG07934|CP050262.1_164
DSM20176|AZDF01000071.1_1	DSM20176|AZDF01000071.1_1
DSM20176|AZDF01000071.1_1	FLUB|CP047121.1_263
DSM20176|AZDF01000071.1_1	MGYG|ENA|CABKOL020000106|CABKOL020000106.1_539
DSM20176|AZDF01000071.1_1	LH500|CP044119.1_263
DSM20176|AZDF01000008.1_10	DSM20176|AZDF01000008.1_10
DSM20176|AZDF01000008.1_10	MGYG|ENA|CABKOL020000102|CABKOL020000102.1_418
DSM20176|AZDF01000008.1_10	FLUB|CP047121.1_1621
DSM20176|AZDF01000008.1_10	LH500|CP044119.1_1416
DSM20176|AZDF01000008.1_10	LMG07934|CP050262.1_1506
DSM20176|AZDF01000008.1_42	DSM20176|AZDF01000008.1_42
DSM20176|AZDF01000008.1_42	MGYG|ENA|CABKOL020000102|CABKOL020000102.1_386
DSM20176|AZDF01000008.1_42	FLUB|CP047121.1_1589
DSM20176|AZDF01000008.1_42	LH500|CP044119.1_1384
DSM20176|AZDF01000008.1_42	LMG07934|CP050262.1_1474
DSM20176|AZDF01000008.1_74	DSM20176|AZDF01000008.1_74
DSM20176|AZDF01000008.1_74	MGYG|ENA|CABKOL020000102|CABKOL020000102.1_351
DSM20176|AZDF01000008.1_74	FLUB|CP047121.1_1554
DSM20176|AZDF01000008.1_74	LH500|CP044119.1_1352
DSM20176|AZDF01000008.1_74	LMG07934|CP050262.1_1442
DSM20176|AZDF01000009.1_13	DSM20176|AZDF01000009.1_13
DSM20176|AZDF01000009.1_13	LH500|CP044119.1_2264
DSM20176|AZDF01000009.1_13	LMG07934|CP050262.1_2363
DSM20176|AZDF01000009.1_45	DSM20176|AZDF01000009.1_45
DSM20176|AZDF01000009.1_45	LH500|CP044119.1_2232
DSM20176|AZDF01000009.1_45	LMG07934|CP050262.1_2327
DSM20176|AZDF01000009.1_77	DSM20176|AZDF01000009.1_77
DSM20176|AZDF01000009.1_77	LH500|CP044119.1_2200
DSM20176|AZDF01000009.1_77	LMG07934|CP050262.1_2293
FLUB|CP047121.1_6	FLUB|CP047121.1_6
FLUB|CP047121.1_6	MGYG|ENA|CABKOL020000106|CABKOL020000106.1_280
FLUB|CP047121.1_6	LH500|CP044119.1_7
FLUB|CP047121.1_6	LMG07934|CP050262.1_6
FLUB|CP047121.1_6	DSM20176|AZDF01000006.1_115
FLUB|CP047121.1_38	FLUB|CP047121.1_38
FLUB|CP047121.1_38	LH500|CP044119.1_56
FLUB|CP047121.1_38	DSM20176|AZDF01000006.1_67
FLUB|CP047121.1_38	MGYG|ENA|CABKOL020000106|CABKOL020000106.1_312
FLUB|CP047121.1_38	LMG07934|CP050262.1_38
FLUB|CP047121.1_102	FLUB|CP047121.1_102
FLUB|CP047121.1_102	MGYG|ENA|CABKOL020000106|CABKOL020000106.1_377
FLUB|CP047121.1_102	LMG07934|CP050262.1_93
FLUB|CP047121.1_102	DSM20176|AZDF01000006.1_11
FLUB|CP047121.1_102	LH500|CP044119.1_112
FLUB|CP047121.1_166	FLUB|CP047121.1_166
FLUB|CP047121.1_166	MGYG|ENA|CABKOL020000106|CABKOL020000106.1_440
FLUB|CP047121.1_166	DSM20176|AZDF01000007.1_86
FLUB|CP047121.1_166	LMG07934|CP050262.1_153
FLUB|CP047121.1_166	LH500|CP044119.1_174
FLUB|CP047121.1_198	FLUB|CP047121.1_198
FLUB|CP047121.1_198	DSM20176|AZDF01000007.1_53
FLUB|CP047121.1_198	MGYG|ENA|CABKOL020000106|CABKOL020000106.1_473
FLUB|CP047121.1_198	LMG07934|CP050262.1_186
FLUB|CP047121.1_198	LH500|CP044119.1_207
FLUB|CP047121.1_230	FLUB|CP047121.1_230
FLUB|CP047121.1_230	LMG07934|CP050262.1_208
FLUB|CP047121.1_230	MGYG|ENA|CABKOL020000106|CABKOL020000106.1_506
FLUB|CP047121.1_230	LH500|CP044119.1_228
FLUB|CP047121.1_230	DSM20176|AZDF01000007.1_32
FLUB|CP047121.1_294	FLUB|CP047121.1_294
FLUB|CP047121.1_294	LMG07934|CP050262.1_278
FLUB|CP047121.1_294	MGYG|ENA|CABKOL020000106|CABKOL020000106.1_571
FLUB|CP047121.1_294	DSM20176|AZDF01000019.1_27
FLUB|CP047121.1_294	LH500|CP044119.1_299
FLUB|CP047121.1_390	FLUB|CP047121.1_390
FLUB|CP047121.1_390	LH500|CP044119.1_379
FLUB|CP047121.1_390	MGYG|ENA|CABKOL020000106|CABKOL020000106.1_666
FLUB|CP047121.1_390	DSM20176|AZDF01000035.1_9
FLUB|CP047121.1_390	LMG07934|CP050262.1_350
FLUB|CP047121.1_550	FLUB|CP047121.1_550
FLUB|CP047121.1_582	FLUB|CP047121.1_582
FLUB|CP047121.1_614	FLUB|CP047121.1_614
FLUB|CP047121.1_646	FLUB|CP047121.1_646
FLUB|CP047121.1_646	LH500|CP044119.1_566
FLUB|CP047121.1_646	MGYG|ENA|CABKOL020000106|CABKOL020000106.1_857
FLUB|CP047121.1_646	LMG07934|CP050262.1_542
FLUB|CP047121.1_646	DSM20176|AZDF01000010.1_46
FLUB|CP047121.1_806	FLUB|CP047121.1_806
FLUB|CP047121.1_806	MGYG|ENA|CABKOL020000106|CABKOL020000106.1_1018
FLUB|CP047121.1_806	LMG07934|CP050262.1_638
FLUB|CP047121.1_966	FLUB|CP047121.1_966
FLUB|CP047121.1_966	DSM20176|AZDF01000031.1_18
FLUB|CP047121.1_966	LMG07934|CP050262.1_791
FLUB|CP047121.1_966	LH500|CP044119.1_766
FLUB|CP047121.1_966	MGYG|ENA|CABKOL020000106|CABKOL020000106.1_1183
FLUB|CP047121.1_998	FLUB|CP047121.1_998
FLUB|CP047121.1_998	LMG07934|CP050262.1_823
FLUB|CP047121.1_998	LH500|CP044119.1_798
FLUB|CP047121.1_998	MGYG|ENA|CABKOL020000106|CABKOL020000106.1_1215
FLUB|CP047121.1_998	DSM20176|AZDF01000016.1_29
FLUB|CP047121.1_1030	FLUB|CP047121.1_1030
FLUB|CP047121.1_1030	LH500|CP044119.1_827
FLUB|CP047121.1_1030	LMG07934|CP050262.1_854
FLUB|CP047121.1_1030	DSM20176|AZDF01000037.1_3
FLUB|CP047121.1_1030	MGYG|ENA|CABKOL020000106|CABKOL020000106.1_1248
LMG07934|CP050262.1_2414	LMG07934|CP050262.1_2414
LMG07934|CP050262.1_2414	FLUB|CP047121.1_2504
LMG07934|CP050262.1_2414	DSM20176|AZDF01000049.1_1
LMG07934|CP050262.1_2414	LH500|CP044119.1_2303
LMG07934|CP050262.1_2414	MGYG|ENA|CABKOL020000104|CABKOL020000104.1_80
LMG07934|CP050262.1_2446	LMG07934|CP050262.1_2446
LMG07934|CP050262.1_2446	LH500|CP044119.1_2335
LMG07934|CP050262.1_2446	MGYG|ENA|CABKOL020000104|CABKOL020000104.1_24
LMG07934|CP050262.1_2446	DSM20176|AZDF01000011.1_32
LMG07934|CP050262.1_2446	FLUB|CP047121.1_2560
LMG07934|CP050262.1_2478	LMG07934|CP050262.1_2478
LMG07934|CP050262.1_2478	LH500|CP044119.1_2365
LMG07934|CP050262.1_2478	MGYG|ENA|CABKOL020000106|CABKOL020000106.1_7
LMG07934|CP050262.1_2478	DSM20176|AZDF01000021.1_7
LMG07934|CP050262.1_2478	FLUB|CP047121.1_2591
LMG07934|CP050262.1_2510	LMG07934|CP050262.1_2510
LMG07934|CP050262.1_2510	DSM20176|AZDF01000021.1_32
LMG07934|CP050262.1_2510	LH500|CP044119.1_2390
LMG07934|CP050262.1_2574	LMG07934|CP050262.1_2574
LMG07934|CP050262.1_2574	DSM20176|AZDF01000015.1_8
LMG07934|CP050262.1_2574	LH500|CP044119.1_2452
LH500|CP044119.1_85	LH500|CP044119.1_85
LH500|CP044119.1_85	DSM20176|AZDF01000006.1_38
LH500|CP044119.1_85	FLUB|CP047121.1_82
LH500|CP044119.1_85	LMG07934|CP050262.1_64
LH500|CP044119.1_85	MGYG|ENA|CABKOL020000106|CABKOL020000106.1_357
LH500|CP044119.1_117	LH500|CP044119.1_117
LH500|CP044119.1_117	FLUB|CP047121.1_107
LH500|CP044119.1_117	DSM20176|AZDF01000006.1_6
LH500|CP044119.1_117	MGYG|ENA|CABKOL020000106|CABKOL020000106.1_382
LH500|CP044119.1_117	LMG07934|CP050262.1_101
LH500|CP044119.1_149	LH500|CP044119.1_149
LH500|CP044119.1_149	FLUB|CP047121.1_135
LH500|CP044119.1_149	DSM20176|AZDF01000065.1_4
LH500|CP044119.1_149	MGYG|ENA|CABKOL020000106|CABKOL020000106.1_410
LH500|CP044119.1_181	LH500|CP044119.1_181
LH500|CP044119.1_181	DSM20176|AZDF01000007.1_79
LH500|CP044119.1_181	FLUB|CP047121.1_173
LH500|CP044119.1_181	MGYG|ENA|CABKOL020000106|CABKOL020000106.1_448
LH500|CP044119.1_181	LMG07934|CP050262.1_161
LH500|CP044119.1_213	LH500|CP044119.1_213
LH500|CP044119.1_213	DSM20176|AZDF01000007.1_47
LH500|CP044119.1_213	FLUB|CP047121.1_205
LH500|CP044119.1_213	MGYG|ENA|CABKOL020000106|CABKOL020000106.1_480
LH500|CP044119.1_213	LMG07934|CP050262.1_193
LH500|CP044119.1_245	LH500|CP044119.1_245
LH500|CP044119.1_245	DSM20176|AZDF01000007.1_15
LH500|CP044119.1_245	FLUB|CP047121.1_246
LH500|CP044119.1_245	LMG07934|CP050262.1_224
LH500|CP044119.1_245	MGYG|ENA|CABKOL020000106|CABKOL020000106.1_522
LH500|CP044119.1_341	LH500|CP044119.1_341
LH500|CP044119.1_341	FLUB|CP047121.1_333
LH500|CP044119.1_341	LMG07934|CP050262.1_315
LH500|CP044119.1_341	MGYG|ENA|CABKOL020000106|CABKOL020000106.1_610
LH500|CP044119.1_341	DSM20176|AZDF01000036.1_2
LH500|CP044119.1_373	LH500|CP044119.1_373
LH500|CP044119.1_373	DSM20176|AZDF01000035.1_3
LH500|CP044119.1_373	MGYG|ENA|CABKOL020000106|CABKOL020000106.1_660
LH500|CP044119.1_373	LMG07934|CP050262.1_344
LH500|CP044119.1_373	FLUB|CP047121.1_384
LH500|CP044119.1_405	LH500|CP044119.1_405
LH500|CP044119.1_405	MGYG|ENA|CABKOL020000106|CABKOL020000106.1_691
LH500|CP044119.1_405	DSM20176|AZDF01000003.1_114
LH500|CP044119.1_405	LMG07934|CP050262.1_379
LH500|CP044119.1_405	FLUB|CP047121.1_415
LH500|CP044119.1_437	LH500|CP044119.1_437
LH500|CP044119.1_437	MGYG|ENA|CABKOL020000106|CABKOL020000106.1_722
LH500|CP044119.1_437	DSM20176|AZDF01000003.1_83
LH500|CP044119.1_437	LMG07934|CP050262.1_413
LH500|CP044119.1_437	FLUB|CP047121.1_446
LH500|CP044119.1_501	LH500|CP044119.1_501
LH500|CP044119.1_533	LH500|CP044119.1_533
LH500|CP044119.1_533	MGYG|ENA|CABKOL020000106|CABKOL020000106.1_820
LH500|CP044119.1_533	LMG07934|CP050262.1_507
LH500|CP044119.1_533	DSM20176|AZDF01000010.1_13
LH500|CP044119.1_533	FLUB|CP047121.1_544
LH500|CP044119.1_629	LH500|CP044119.1_629
LH500|CP044119.1_629	DSM20176|AZDF01000044.1_3
LH500|CP044119.1_629	FLUB|CP047121.1_758
LH500|CP044119.1_629	LMG07934|CP050262.1_583
LH500|CP044119.1_629	MGYG|ENA|CABKOL020000106|CABKOL020000106.1_970
LH500|CP044119.1_693	LH500|CP044119.1_693
LH500|CP044119.1_693	MGYG|ENA|CABKOL020000106|CABKOL020000106.1_1106
LH500|CP044119.1_693	DSM20176|AZDF01000027.1_7
LH500|CP044119.1_693	LMG07934|CP050262.1_728
LH500|CP044119.1_693	FLUB|CP047121.1_891
LH500|CP044119.1_789	LH500|CP044119.1_789
LH500|CP044119.1_789	LMG07934|CP050262.1_814
LH500|CP044119.1_789	DSM20176|AZDF01000016.1_38
LH500|CP044119.1_789	MGYG|ENA|CABKOL020000106|CABKOL020000106.1_1206
LH500|CP044119.1_789	FLUB|CP047121.1_989
LH500|CP044119.1_821	LH500|CP044119.1_821
LH500|CP044119.1_821	DSM20176|AZDF01000016.1_5
LH500|CP044119.1_821	MGYG|ENA|CABKOL020000106|CABKOL020000106.1_1238
LH500|CP044119.1_821	FLUB|CP047121.1_1020
LH500|CP044119.1_853	LH500|CP044119.1_853
LH500|CP044119.1_853	LMG07934|CP050262.1_880
LH500|CP044119.1_853	FLUB|CP047121.1_1070
LH500|CP044119.1_853	MGYG|ENA|CABKOL020000106|CABKOL020000106.1_1290
LH500|CP044119.1_853	DSM20176|AZDF01000030.1_7
LH500|CP044119.1_885	LH500|CP044119.1_885
LH500|CP044119.1_885	LMG07934|CP050262.1_912
LH500|CP044119.1_885	FLUB|CP047121.1_1102
LH500|CP044119.1_885	MGYG|ENA|CABKOL020000095|CABKOL020000095.1_10
LH500|CP044119.1_885	DSM20176|AZDF01000005.1_103
LH500|CP044119.1_917	LH500|CP044119.1_917
LH500|CP044119.1_917	LMG07934|CP050262.1_944
LH500|CP044119.1_917	FLUB|CP047121.1_1135
LH500|CP044119.1_917	MGYG|ENA|CABKOL020000095|CABKOL020000095.1_42
LH500|CP044119.1_917	DSM20176|AZDF01000005.1_71
LH500|CP044119.1_981	LH500|CP044119.1_981
LH500|CP044119.1_981	LMG07934|CP050262.1_1007
LH500|CP044119.1_981	FLUB|CP047121.1_1198
LH500|CP044119.1_981	MGYG|ENA|CABKOL020000095|CABKOL020000095.1_106
LH500|CP044119.1_981	DSM20176|AZDF01000005.1_8
LH500|CP044119.1_1013	LH500|CP044119.1_1013
LH500|CP044119.1_1013	LMG07934|CP050262.1_1034
LH500|CP044119.1_1013	FLUB|CP047121.1_1225
LH500|CP044119.1_1013	DSM20176|AZDF01000002.1_201
LH500|CP044119.1_1013	MGYG|ENA|CABKOL020000102|CABKOL020000102.1_19
LH500|CP044119.1_1365	LH500|CP044119.1_1365
LH500|CP044119.1_1365	MGYG|ENA|CABKOL020000102|CABKOL020000102.1_363
LH500|CP044119.1_1365	DSM20176|AZDF01000008.1_61
LH500|CP044119.1_1365	FLUB|CP047121.1_1566
LH500|CP044119.1_1493	LH500|CP044119.1_1493
LH500|CP044119.1_1493	LMG07934|CP050262.1_1581
LH500|CP044119.1_1493	MGYG|ENA|CABKOL020000102|CABKOL020000102.1_493
LH500|CP044119.1_1493	DSM20176|AZDF01000004.1_57
LH500|CP044119.1_1493	FLUB|CP047121.1_1696
LH500|CP044119.1_1525	LH500|CP044119.1_1525
LH500|CP044119.1_1525	LMG07934|CP050262.1_1613
LH500|CP044119.1_1525	MGYG|ENA|CABKOL020000102|CABKOL020000102.1_524
LH500|CP044119.1_1525	DSM20176|AZDF01000004.1_25
LH500|CP044119.1_1525	FLUB|CP047121.1_1727
LH500|CP044119.1_1621	LH500|CP044119.1_1621
LH500|CP044119.1_1621	LMG07934|CP050262.1_1709
LH500|CP044119.1_1621	MGYG|ENA|CABKOL020000102|CABKOL020000102.1_621
LH500|CP044119.1_1621	DSM20176|AZDF01000025.1_29
LH500|CP044119.1_1621	FLUB|CP047121.1_1824
LH500|CP044119.1_1781	LH500|CP044119.1_1781
LH500|CP044119.1_1781	LMG07934|CP050262.1_1839
LH500|CP044119.1_1781	DSM20176|AZDF01000012.1_46
LH500|CP044119.1_1781	MGYG|ENA|CABKOL020000099|CABKOL020000099.1_21
LH500|CP044119.1_1781	FLUB|CP047121.1_2013
LH500|CP044119.1_1813	LH500|CP044119.1_1813
LH500|CP044119.1_1813	DSM20176|AZDF01000026.1_39
LH500|CP044119.1_1877	LH500|CP044119.1_1877
LH500|CP044119.1_1877	FLUB|CP047121.1_2059
LH500|CP044119.1_1877	DSM20176|AZDF01000001.1_24
LH500|CP044119.1_1877	LMG07934|CP050262.1_1881
LH500|CP044119.1_1877	MGYG|ENA|CABKOL020000104|CABKOL020000104.1_526
LH500|CP044119.1_1909	LH500|CP044119.1_1909
LH500|CP044119.1_1909	FLUB|CP047121.1_2090
LH500|CP044119.1_1909	DSM20176|AZDF01000001.1_55
LH500|CP044119.1_1909	LMG07934|CP050262.1_1912
LH500|CP044119.1_1909	MGYG|ENA|CABKOL020000104|CABKOL020000104.1_495
LH500|CP044119.1_1941	LH500|CP044119.1_1941
LH500|CP044119.1_1941	FLUB|CP047121.1_2122
LH500|CP044119.1_1941	DSM20176|AZDF01000001.1_87
LH500|CP044119.1_1941	LMG07934|CP050262.1_1944
LH500|CP044119.1_1941	MGYG|ENA|CABKOL020000104|CABKOL020000104.1_463
LH500|CP044119.1_1973	LH500|CP044119.1_1973
LH500|CP044119.1_1973	FLUB|CP047121.1_2155
LH500|CP044119.1_1973	DSM20176|AZDF01000001.1_119
LH500|CP044119.1_1973	LMG07934|CP050262.1_1976
LH500|CP044119.1_1973	MGYG|ENA|CABKOL020000104|CABKOL020000104.1_430
LH500|CP044119.1_2037	LH500|CP044119.1_2037
LH500|CP044119.1_2037	FLUB|CP047121.1_2219
LH500|CP044119.1_2037	DSM20176|AZDF01000001.1_183
LH500|CP044119.1_2037	LMG07934|CP050262.1_2040
LH500|CP044119.1_2037	MGYG|ENA|CABKOL020000104|CABKOL020000104.1_366
LH500|CP044119.1_2069	LH500|CP044119.1_2069
LH500|CP044119.1_2069	DSM20176|AZDF01000001.1_214
LH500|CP044119.1_2069	FLUB|CP047121.1_2253
LH500|CP044119.1_2069	LMG07934|CP050262.1_2071
LH500|CP044119.1_2069	MGYG|ENA|CABKOL020000104|CABKOL020000104.1_332
LH500|CP044119.1_2133	LH500|CP044119.1_2133
LH500|CP044119.1_2133	MGYG|ENA|CABKOL020000104|CABKOL020000104.1_163
LH500|CP044119.1_2133	DSM20176|AZDF01000032.1_22
LH500|CP044119.1_2133	LMG07934|CP050262.1_2231
LH500|CP044119.1_2133	FLUB|CP047121.1_2420
LH500|CP044119.1_2165	LH500|CP044119.1_2165
LH500|CP044119.1_2165	DSM20176|AZDF01000020.1_22
LH500|CP044119.1_2165	LMG07934|CP050262.1_2260
LH500|CP044119.1_2165	MGYG|ENA|CABKOL020000104|CABKOL020000104.1_135
LH500|CP044119.1_2165	FLUB|CP047121.1_2448
LH500|CP044119.1_2229	LH500|CP044119.1_2229
LH500|CP044119.1_2229	DSM20176|AZDF01000009.1_48
LH500|CP044119.1_2229	LMG07934|CP050262.1_2322
LH500|CP044119.1_2261	LH500|CP044119.1_2261
LH500|CP044119.1_2261	DSM20176|AZDF01000009.1_16
LH500|CP044119.1_2261	LMG07934|CP050262.1_2358
LH500|CP044119.1_2325	LH500|CP044119.1_2325
LH500|CP044119.1_2325	MGYG|ENA|CABKOL020000104|CABKOL020000104.1_34
LH500|CP044119.1_2325	DSM20176|AZDF01000011.1_22
LH500|CP044119.1_2325	FLUB|CP047121.1_2550
LH500|CP044119.1_2325	LMG07934|CP050262.1_2436
LH500|CP044119.1_2357	LH500|CP044119.1_2357
LH500|CP044119.1_2357	MGYG|ENA|CABKOL020000104|CABKOL020000104.1_2
LH500|CP044119.1_2357	DSM20176|AZDF01000011.1_54
LH500|CP044119.1_2357	FLUB|CP047121.1_2582
LH500|CP044119.1_2357	LMG07934|CP050262.1_2468
LH500|CP044119.1_2549	LH500|CP044119.1_2549
LH500|CP044119.1_2549	MGYG|ENA|CABKOL020000106|CABKOL020000106.1_240
LH500|CP044119.1_2549	FLUB|CP047121.1_2827
LH500|CP044119.1_2549	LMG07934|CP050262.1_2677
LH500|CP044119.1_2549	DSM20176|AZDF01000028.1_22
MGYG|ENA|CABKOL020000034|CABKOL020000034.1_1	MGYG|ENA|CABKOL020000034|CABKOL020000034.1_1
MGYG|ENA|CABKOL020000069|CABKOL020000069.1_1	MGYG|ENA|CABKOL020000069|CABKOL020000069.1_1
MGYG|ENA|CABKOL020000069|CABKOL020000069.1_1	MGYG|ENA|CABKOL020000086|CABKOL020000086.1_1
MGYG|ENA|CABKOL020000095|CABKOL020000095.1_24	MGYG|ENA|CABKOL020000095|CABKOL020000095.1_24
MGYG|ENA|CABKOL020000095|CABKOL020000095.1_24	DSM20176|AZDF01000005.1_89
MGYG|ENA|CABKOL020000095|CABKOL020000095.1_24	LH500|CP044119.1_899
MGYG|ENA|CABKOL020000095|CABKOL020000095.1_24	LMG07934|CP050262.1_926
MGYG|ENA|CABKOL020000095|CABKOL020000095.1_24	FLUB|CP047121.1_1117
MGYG|ENA|CABKOL020000095|CABKOL020000095.1_56	MGYG|ENA|CABKOL020000095|CABKOL020000095.1_56
MGYG|ENA|CABKOL020000095|CABKOL020000095.1_56	DSM20176|AZDF01000005.1_57
MGYG|ENA|CABKOL020000095|CABKOL020000095.1_56	LH500|CP044119.1_931
MGYG|ENA|CABKOL020000095|CABKOL020000095.1_56	LMG07934|CP050262.1_958
MGYG|ENA|CABKOL020000095|CABKOL020000095.1_56	FLUB|CP047121.1_1149
MGYG|ENA|CABKOL020000095|CABKOL020000095.1_88	MGYG|ENA|CABKOL020000095|CABKOL020000095.1_88
MGYG|ENA|CABKOL020000095|CABKOL020000095.1_88	DSM20176|AZDF01000005.1_26
MGYG|ENA|CABKOL020000095|CABKOL020000095.1_88	LH500|CP044119.1_962
MGYG|ENA|CABKOL020000095|CABKOL020000095.1_88	LMG07934|CP050262.1_989
MGYG|ENA|CABKOL020000095|CABKOL020000095.1_88	FLUB|CP047121.1_1180
MGYG|ENA|CABKOL020000099|CABKOL020000099.1_33	MGYG|ENA|CABKOL020000099|CABKOL020000099.1_33
MGYG|ENA|CABKOL020000099|CABKOL020000099.1_33	FLUB|CP047121.1_2001
MGYG|ENA|CABKOL020000099|CABKOL020000099.1_33	LH500|CP044119.1_1769
MGYG|ENA|CABKOL020000099|CABKOL020000099.1_33	LMG07934|CP050262.1_1827
MGYG|ENA|CABKOL020000099|CABKOL020000099.1_33	DSM20176|AZDF01000012.1_34
MGYG|ENA|CABKOL020000104|CABKOL020000104.1_285	MGYG|ENA|CABKOL020000104|CABKOL020000104.1_285
MGYG|ENA|CABKOL020000104|CABKOL020000104.1_285	LMG07934|CP050262.1_2115
MGYG|ENA|CABKOL020000104|CABKOL020000104.1_285	FLUB|CP047121.1_2300
MGYG|ENA|CABKOL020000104|CABKOL020000104.1_317	MGYG|ENA|CABKOL020000104|CABKOL020000104.1_317
MGYG|ENA|CABKOL020000104|CABKOL020000104.1_317	FLUB|CP047121.1_2268
MGYG|ENA|CABKOL020000104|CABKOL020000104.1_317	LMG07934|CP050262.1_2085
MGYG|ENA|CABKOL020000104|CABKOL020000104.1_349	MGYG|ENA|CABKOL020000104|CABKOL020000104.1_349
MGYG|ENA|CABKOL020000104|CABKOL020000104.1_349	LH500|CP044119.1_2054
MGYG|ENA|CABKOL020000104|CABKOL020000104.1_349	FLUB|CP047121.1_2236
MGYG|ENA|CABKOL020000104|CABKOL020000104.1_349	DSM20176|AZDF01000001.1_199
MGYG|ENA|CABKOL020000104|CABKOL020000104.1_349	LMG07934|CP050262.1_2057
MGYG|ENA|CABKOL020000104|CABKOL020000104.1_445	MGYG|ENA|CABKOL020000104|CABKOL020000104.1_445
MGYG|ENA|CABKOL020000104|CABKOL020000104.1_445	LH500|CP044119.1_1959
MGYG|ENA|CABKOL020000104|CABKOL020000104.1_445	FLUB|CP047121.1_2140
MGYG|ENA|CABKOL020000104|CABKOL020000104.1_445	DSM20176|AZDF01000001.1_105
MGYG|ENA|CABKOL020000104|CABKOL020000104.1_445	LMG07934|CP050262.1_1962
MGYG|ENA|CABKOL020000104|CABKOL020000104.1_541	MGYG|ENA|CABKOL020000104|CABKOL020000104.1_541
MGYG|ENA|CABKOL020000104|CABKOL020000104.1_541	LMG07934|CP050262.1_1867
MGYG|ENA|CABKOL020000104|CABKOL020000104.1_541	LH500|CP044119.1_1862
MGYG|ENA|CABKOL020000104|CABKOL020000104.1_541	FLUB|CP047121.1_2044
MGYG|ENA|CABKOL020000104|CABKOL020000104.1_541	DSM20176|AZDF01000001.1_10
MGYG|ENA|CABKOL020000105|CABKOL020000105.1_23	MGYG|ENA|CABKOL020000105|CABKOL020000105.1_23
MGYG|ENA|CABKOL020000106|CABKOL020000106.1_14	MGYG|ENA|CABKOL020000106|CABKOL020000106.1_14
MGYG|ENA|CABKOL020000106|CABKOL020000106.1_14	DSM20176|AZDF01000021.1_14
MGYG|ENA|CABKOL020000106|CABKOL020000106.1_14	FLUB|CP047121.1_2598
MGYG|ENA|CABKOL020000106|CABKOL020000106.1_14	LMG07934|CP050262.1_2485
MGYG|ENA|CABKOL020000106|CABKOL020000106.1_14	LH500|CP044119.1_2372
MGYG|ENA|CABKOL020000106|CABKOL020000106.1_46	MGYG|ENA|CABKOL020000106|CABKOL020000106.1_46
MGYG|ENA|CABKOL020000106|CABKOL020000106.1_46	FLUB|CP047121.1_2630
MGYG|ENA|CABKOL020000106|CABKOL020000106.1_46	LMG07934|CP050262.1_2512
MGYG|ENA|CABKOL020000106|CABKOL020000106.1_46	LH500|CP044119.1_2392
MGYG|ENA|CABKOL020000106|CABKOL020000106.1_46	DSM20176|AZDF01000021.1_34
MGYG|ENA|CABKOL020000106|CABKOL020000106.1_142	MGYG|ENA|CABKOL020000106|CABKOL020000106.1_142
MGYG|ENA|CABKOL020000106|CABKOL020000106.1_142	FLUB|CP047121.1_2728
MGYG|ENA|CABKOL020000106|CABKOL020000106.1_142	LH500|CP044119.1_2456
MGYG|ENA|CABKOL020000106|CABKOL020000106.1_142	LMG07934|CP050262.1_2578
MGYG|ENA|CABKOL020000106|CABKOL020000106.1_142	DSM20176|AZDF01000015.1_4
MGYG|ENA|CABKOL020000106|CABKOL020000106.1_174	MGYG|ENA|CABKOL020000106|CABKOL020000106.1_174
MGYG|ENA|CABKOL020000106|CABKOL020000106.1_174	FLUB|CP047121.1_2761
MGYG|ENA|CABKOL020000106|CABKOL020000106.1_174	LH500|CP044119.1_2489
MGYG|ENA|CABKOL020000106|CABKOL020000106.1_174	LMG07934|CP050262.1_2612
MGYG|ENA|CABKOL020000106|CABKOL020000106.1_174	DSM20176|AZDF01000022.1_29
MGYG|ENA|CABKOL020000106|CABKOL020000106.1_270	MGYG|ENA|CABKOL020000106|CABKOL020000106.1_270
MGYG|ENA|CABKOL020000106|CABKOL020000106.1_270	LH500|CP044119.1_2583
MGYG|ENA|CABKOL020000106|CABKOL020000106.1_270	FLUB|CP047121.1_2857
MGYG|ENA|CABKOL020000106|CABKOL020000106.1_270	LMG07934|CP050262.1_2709
MGYG|ENA|CABKOL020000106|CABKOL020000106.1_270	DSM20176|AZDF01000024.1_27
MGYG|ENA|CABKOL020000106|CABKOL020000106.1_302	MGYG|ENA|CABKOL020000106|CABKOL020000106.1_302
MGYG|ENA|CABKOL020000106|CABKOL020000106.1_302	LMG07934|CP050262.1_27
MGYG|ENA|CABKOL020000106|CABKOL020000106.1_302	DSM20176|AZDF01000006.1_78
MGYG|ENA|CABKOL020000106|CABKOL020000106.1_302	FLUB|CP047121.1_28
MGYG|ENA|CABKOL020000106|CABKOL020000106.1_302	LH500|CP044119.1_45
MGYG|ENA|CABKOL020000106|CABKOL020000106.1_334	MGYG|ENA|CABKOL020000106|CABKOL020000106.1_334
MGYG|ENA|CABKOL020000106|CABKOL020000106.1_334	FLUB|CP047121.1_59
MGYG|ENA|CABKOL020000106|CABKOL020000106.1_430	MGYG|ENA|CABKOL020000106|CABKOL020000106.1_430
MGYG|ENA|CABKOL020000106|CABKOL020000106.1_430	LMG07934|CP050262.1_144
MGYG|ENA|CABKOL020000106|CABKOL020000106.1_430	LH500|CP044119.1_165
MGYG|ENA|CABKOL020000106|CABKOL020000106.1_430	DSM20176|AZDF01000007.1_95
MGYG|ENA|CABKOL020000106|CABKOL020000106.1_430	FLUB|CP047121.1_156
MGYG|ENA|CABKOL020000106|CABKOL020000106.1_462	MGYG|ENA|CABKOL020000106|CABKOL020000106.1_462
MGYG|ENA|CABKOL020000106|CABKOL020000106.1_462	LMG07934|CP050262.1_175
MGYG|ENA|CABKOL020000106|CABKOL020000106.1_462	LH500|CP044119.1_195
MGYG|ENA|CABKOL020000106|CABKOL020000106.1_462	DSM20176|AZDF01000007.1_65
MGYG|ENA|CABKOL020000106|CABKOL020000106.1_462	FLUB|CP047121.1_187
MGYG|ENA|CABKOL020000106|CABKOL020000106.1_526	MGYG|ENA|CABKOL020000106|CABKOL020000106.1_526
MGYG|ENA|CABKOL020000106|CABKOL020000106.1_526	DSM20176|AZDF01000007.1_11
MGYG|ENA|CABKOL020000106|CABKOL020000106.1_526	LH500|CP044119.1_249
MGYG|ENA|CABKOL020000106|CABKOL020000106.1_526	FLUB|CP047121.1_250
MGYG|ENA|CABKOL020000106|CABKOL020000106.1_526	LMG07934|CP050262.1_228
MGYG|ENA|CABKOL020000106|CABKOL020000106.1_590	MGYG|ENA|CABKOL020000106|CABKOL020000106.1_590
MGYG|ENA|CABKOL020000106|CABKOL020000106.1_590	LMG07934|CP050262.1_301
MGYG|ENA|CABKOL020000106|CABKOL020000106.1_590	DSM20176|AZDF01000036.1_17
MGYG|ENA|CABKOL020000106|CABKOL020000106.1_590	LH500|CP044119.1_326
MGYG|ENA|CABKOL020000106|CABKOL020000106.1_590	FLUB|CP047121.1_313
MGYG|ENA|CABKOL020000106|CABKOL020000106.1_622	MGYG|ENA|CABKOL020000106|CABKOL020000106.1_622
MGYG|ENA|CABKOL020000106|CABKOL020000106.1_622	DSM20176|AZDF01000029.1_15
MGYG|ENA|CABKOL020000106|CABKOL020000106.1_622	LH500|CP044119.1_355
MGYG|ENA|CABKOL020000106|CABKOL020000106.1_622	FLUB|CP047121.1_345
MGYG|ENA|CABKOL020000106|CABKOL020000106.1_622	LMG07934|CP050262.1_327
MGYG|ENA|CABKOL020000106|CABKOL020000106.1_686	MGYG|ENA|CABKOL020000106|CABKOL020000106.1_686
MGYG|ENA|CABKOL020000106|CABKOL020000106.1_686	LMG07934|CP050262.1_374
MGYG|ENA|CABKOL020000106|CABKOL020000106.1_686	DSM20176|AZDF01000003.1_119
MGYG|ENA|CABKOL020000106|CABKOL020000106.1_686	FLUB|CP047121.1_410
MGYG|ENA|CABKOL020000106|CABKOL020000106.1_686	LH500|CP044119.1_400
MGYG|ENA|CABKOL020000106|CABKOL020000106.1_750	MGYG|ENA|CABKOL020000106|CABKOL020000106.1_750
MGYG|ENA|CABKOL020000106|CABKOL020000106.1_750	LMG07934|CP050262.1_436
MGYG|ENA|CABKOL020000106|CABKOL020000106.1_750	DSM20176|AZDF01000003.1_56
MGYG|ENA|CABKOL020000106|CABKOL020000106.1_750	FLUB|CP047121.1_474
MGYG|ENA|CABKOL020000106|CABKOL020000106.1_750	LH500|CP044119.1_464
MGYG|ENA|CABKOL020000106|CABKOL020000106.1_814	MGYG|ENA|CABKOL020000106|CABKOL020000106.1_814
MGYG|ENA|CABKOL020000106|CABKOL020000106.1_814	LMG07934|CP050262.1_502
MGYG|ENA|CABKOL020000106|CABKOL020000106.1_814	DSM20176|AZDF01000010.1_8
MGYG|ENA|CABKOL020000106|CABKOL020000106.1_814	FLUB|CP047121.1_539
MGYG|ENA|CABKOL020000106|CABKOL020000106.1_814	LH500|CP044119.1_528
MGYG|ENA|CABKOL020000106|CABKOL020000106.1_878	MGYG|ENA|CABKOL020000106|CABKOL020000106.1_878
MGYG|ENA|CABKOL020000106|CABKOL020000106.1_878	LMG07934|CP050262.1_559
MGYG|ENA|CABKOL020000106|CABKOL020000106.1_878	DSM20176|AZDF01000010.1_62
MGYG|ENA|CABKOL020000106|CABKOL020000106.1_878	LH500|CP044119.1_582
MGYG|ENA|CABKOL020000106|CABKOL020000106.1_878	FLUB|CP047121.1_667
MGYG|ENA|CABKOL020000106|CABKOL020000106.1_910	MGYG|ENA|CABKOL020000106|CABKOL020000106.1_910
MGYG|ENA|CABKOL020000106|CABKOL020000106.1_1006	MGYG|ENA|CABKOL020000106|CABKOL020000106.1_1006
MGYG|ENA|CABKOL020000106|CABKOL020000106.1_1006	LMG07934|CP050262.1_634
MGYG|ENA|CABKOL020000106|CABKOL020000106.1_1006	FLUB|CP047121.1_795
MGYG|ENA|CABKOL020000106|CABKOL020000106.1_1166	MGYG|ENA|CABKOL020000106|CABKOL020000106.1_1166
MGYG|ENA|CABKOL020000106|CABKOL020000106.1_1166	FLUB|CP047121.1_950
MGYG|ENA|CABKOL020000106|CABKOL020000106.1_1166	DSM20176|AZDF01000031.1_1
MGYG|ENA|CABKOL020000106|CABKOL020000106.1_1166	LMG07934|CP050262.1_773
MGYG|ENA|CABKOL020000106|CABKOL020000106.1_1166	LH500|CP044119.1_749
MGYG|ENA|CABKOL020000106|CABKOL020000106.1_1198	MGYG|ENA|CABKOL020000106|CABKOL020000106.1_1198
MGYG|ENA|CABKOL020000106|CABKOL020000106.1_1198	DSM20176|AZDF01000016.1_45
MGYG|ENA|CABKOL020000106|CABKOL020000106.1_1198	FLUB|CP047121.1_981
MGYG|ENA|CABKOL020000106|CABKOL020000106.1_1198	LMG07934|CP050262.1_805
MGYG|ENA|CABKOL020000106|CABKOL020000106.1_1198	LH500|CP044119.1_782
MGYG|ENA|CABKOL020000106|CABKOL020000106.1_1230	MGYG|ENA|CABKOL020000106|CABKOL020000106.1_1230
MGYG|ENA|CABKOL020000106|CABKOL020000106.1_1230	DSM20176|AZDF01000016.1_15
MGYG|ENA|CABKOL020000106|CABKOL020000106.1_1230	FLUB|CP047121.1_1012
MGYG|ENA|CABKOL020000106|CABKOL020000106.1_1230	LMG07934|CP050262.1_837
MGYG|ENA|CABKOL020000106|CABKOL020000106.1_1230	LH500|CP044119.1_812
DSM20176|AZDF01000001.1_14	DSM20176|AZDF01000001.1_14
DSM20176|AZDF01000001.1_14	LMG07934|CP050262.1_1871
DSM20176|AZDF01000001.1_14	LH500|CP044119.1_1866
DSM20176|AZDF01000001.1_14	FLUB|CP047121.1_2048
DSM20176|AZDF01000001.1_14	MGYG|ENA|CABKOL020000104|CABKOL020000104.1_537
DSM20176|AZDF01000001.1_206	DSM20176|AZDF01000001.1_206
DSM20176|AZDF01000001.1_206	FLUB|CP047121.1_2246
DSM20176|AZDF01000001.1_206	LMG07934|CP050262.1_2064
DSM20176|AZDF01000001.1_206	MGYG|ENA|CABKOL020000104|CABKOL020000104.1_339
DSM20176|AZDF01000001.1_206	LH500|CP044119.1_2061
DSM20176|AZDF01000010.1_18	DSM20176|AZDF01000010.1_18
DSM20176|AZDF01000010.1_18	FLUB|CP047121.1_616
DSM20176|AZDF01000010.1_18	LH500|CP044119.1_538
DSM20176|AZDF01000010.1_18	MGYG|ENA|CABKOL020000106|CABKOL020000106.1_825
DSM20176|AZDF01000010.1_18	LMG07934|CP050262.1_513
DSM20176|AZDF01000010.1_50	DSM20176|AZDF01000010.1_50
DSM20176|AZDF01000010.1_50	LH500|CP044119.1_570
DSM20176|AZDF01000010.1_50	FLUB|CP047121.1_651
DSM20176|AZDF01000010.1_50	MGYG|ENA|CABKOL020000106|CABKOL020000106.1_862
DSM20176|AZDF01000010.1_50	LMG07934|CP050262.1_547
DSM20176|AZDF01000011.1_5	DSM20176|AZDF01000011.1_5
DSM20176|AZDF01000011.1_5	LMG07934|CP050262.1_2419
DSM20176|AZDF01000011.1_5	FLUB|CP047121.1_2510
DSM20176|AZDF01000011.1_5	MGYG|ENA|CABKOL020000104|CABKOL020000104.1_74
DSM20176|AZDF01000011.1_5	LH500|CP044119.1_2308
DSM20176|AZDF01000011.1_37	DSM20176|AZDF01000011.1_37
DSM20176|AZDF01000011.1_37	FLUB|CP047121.1_2565
DSM20176|AZDF01000011.1_37	LMG07934|CP050262.1_2451
DSM20176|AZDF01000011.1_37	LH500|CP044119.1_2340
DSM20176|AZDF01000011.1_37	MGYG|ENA|CABKOL020000104|CABKOL020000104.1_19
DSM20176|AZDF01000012.1_39	DSM20176|AZDF01000012.1_39
DSM20176|AZDF01000012.1_39	FLUB|CP047121.1_2006
DSM20176|AZDF01000012.1_39	LH500|CP044119.1_1774
DSM20176|AZDF01000012.1_39	LMG07934|CP050262.1_1832
DSM20176|AZDF01000012.1_39	MGYG|ENA|CABKOL020000099|CABKOL020000099.1_28
DSM20176|AZDF01000015.1_15	DSM20176|AZDF01000015.1_15
DSM20176|AZDF01000015.1_15	MGYG|ENA|CABKOL020000106|CABKOL020000106.1_132
DSM20176|AZDF01000015.1_15	FLUB|CP047121.1_2718
DSM20176|AZDF01000015.1_15	LMG07934|CP050262.1_2567
DSM20176|AZDF01000015.1_15	LH500|CP044119.1_2446
DSM20176|AZDF01000016.1_4	DSM20176|AZDF01000016.1_4
DSM20176|AZDF01000016.1_4	LH500|CP044119.1_822
DSM20176|AZDF01000016.1_4	LMG07934|CP050262.1_849
DSM20176|AZDF01000016.1_4	MGYG|ENA|CABKOL020000106|CABKOL020000106.1_1240
DSM20176|AZDF01000016.1_4	FLUB|CP047121.1_1022
DSM20176|AZDF01000016.1_36	DSM20176|AZDF01000016.1_36
DSM20176|AZDF01000016.1_36	LMG07934|CP050262.1_816
DSM20176|AZDF01000016.1_36	LH500|CP044119.1_791
DSM20176|AZDF01000016.1_36	MGYG|ENA|CABKOL020000106|CABKOL020000106.1_1208
DSM20176|AZDF01000016.1_36	FLUB|CP047121.1_991
DSM20176|AZDF01000017.1_21	DSM20176|AZDF01000017.1_21
DSM20176|AZDF01000017.1_21	MGYG|ENA|CABKOL020000102|CABKOL020000102.1_572
DSM20176|AZDF01000017.1_21	FLUB|CP047121.1_1775
DSM20176|AZDF01000017.1_21	LMG07934|CP050262.1_1659
DSM20176|AZDF01000017.1_21	LH500|CP044119.1_1571
DSM20176|AZDF01000018.1_11	DSM20176|AZDF01000018.1_11
DSM20176|AZDF01000018.1_11	FLUB|CP047121.1_1445
DSM20176|AZDF01000018.1_11	LH500|CP044119.1_1239
DSM20176|AZDF01000018.1_11	LMG07934|CP050262.1_1332
DSM20176|AZDF01000018.1_11	MGYG|ENA|CABKOL020000102|CABKOL020000102.1_242
DSM20176|AZDF01000019.1_7	DSM20176|AZDF01000019.1_7
DSM20176|AZDF01000019.1_7	LH500|CP044119.1_278
DSM20176|AZDF01000019.1_7	FLUB|CP047121.1_274
DSM20176|AZDF01000019.1_7	LMG07934|CP050262.1_259
DSM20176|AZDF01000019.1_7	MGYG|ENA|CABKOL020000106|CABKOL020000106.1_550
DSM20176|AZDF01000002.1_33	DSM20176|AZDF01000002.1_33
DSM20176|AZDF01000002.1_33	LMG07934|CP050262.1_1204
DSM20176|AZDF01000002.1_33	MGYG|ENA|CABKOL020000102|CABKOL020000102.1_193
DSM20176|AZDF01000002.1_33	LH500|CP044119.1_1182
DSM20176|AZDF01000002.1_33	FLUB|CP047121.1_1398
DSM20176|AZDF01000002.1_65	DSM20176|AZDF01000002.1_65
DSM20176|AZDF01000002.1_65	LMG07934|CP050262.1_1171
DSM20176|AZDF01000002.1_65	MGYG|ENA|CABKOL020000102|CABKOL020000102.1_159
DSM20176|AZDF01000002.1_65	LH500|CP044119.1_1149
DSM20176|AZDF01000002.1_65	FLUB|CP047121.1_1364
DSM20176|AZDF01000002.1_97	DSM20176|AZDF01000002.1_97
DSM20176|AZDF01000002.1_97	MGYG|ENA|CABKOL020000102|CABKOL020000102.1_127
DSM20176|AZDF01000002.1_97	LMG07934|CP050262.1_1140
DSM20176|AZDF01000002.1_97	LH500|CP044119.1_1117
DSM20176|AZDF01000002.1_97	FLUB|CP047121.1_1332
DSM20176|AZDF01000002.1_129	DSM20176|AZDF01000002.1_129
DSM20176|AZDF01000002.1_129	MGYG|ENA|CABKOL020000102|CABKOL020000102.1_95
DSM20176|AZDF01000002.1_129	LMG07934|CP050262.1_1108
DSM20176|AZDF01000002.1_129	LH500|CP044119.1_1085
DSM20176|AZDF01000002.1_129	FLUB|CP047121.1_1300
DSM20176|AZDF01000002.1_161	DSM20176|AZDF01000002.1_161
DSM20176|AZDF01000002.1_161	MGYG|ENA|CABKOL020000102|CABKOL020000102.1_59
DSM20176|AZDF01000002.1_161	LMG07934|CP050262.1_1074
DSM20176|AZDF01000002.1_161	LH500|CP044119.1_1053
DSM20176|AZDF01000002.1_161	FLUB|CP047121.1_1265
DSM20176|AZDF01000002.1_193	DSM20176|AZDF01000002.1_193
DSM20176|AZDF01000002.1_193	MGYG|ENA|CABKOL020000102|CABKOL020000102.1_27
DSM20176|AZDF01000002.1_193	LMG07934|CP050262.1_1042
DSM20176|AZDF01000002.1_193	LH500|CP044119.1_1021
DSM20176|AZDF01000002.1_193	FLUB|CP047121.1_1233
DSM20176|AZDF01000020.1_17	DSM20176|AZDF01000020.1_17
DSM20176|AZDF01000020.1_17	LMG07934|CP050262.1_2255
DSM20176|AZDF01000020.1_17	FLUB|CP047121.1_2443
DSM20176|AZDF01000020.1_17	MGYG|ENA|CABKOL020000104|CABKOL020000104.1_140
DSM20176|AZDF01000020.1_17	LH500|CP044119.1_2160
DSM20176|AZDF01000022.1_10	DSM20176|AZDF01000022.1_10
DSM20176|AZDF01000022.1_10	MGYG|ENA|CABKOL020000106|CABKOL020000106.1_155
DSM20176|AZDF01000022.1_10	FLUB|CP047121.1_2742
DSM20176|AZDF01000022.1_10	LH500|CP044119.1_2470
DSM20176|AZDF01000022.1_10	LMG07934|CP050262.1_2593
DSM20176|AZDF01000024.1_4	DSM20176|AZDF01000024.1_4
DSM20176|AZDF01000024.1_4	LH500|CP044119.1_2560
DSM20176|AZDF01000024.1_4	MGYG|ENA|CABKOL020000106|CABKOL020000106.1_250
DSM20176|AZDF01000024.1_4	FLUB|CP047121.1_2837
DSM20176|AZDF01000024.1_4	LMG07934|CP050262.1_2687
DSM20176|AZDF01000025.1_3	DSM20176|AZDF01000025.1_3
DSM20176|AZDF01000025.1_3	FLUB|CP047121.1_1799
DSM20176|AZDF01000025.1_3	LMG07934|CP050262.1_1684
DSM20176|AZDF01000025.1_3	LH500|CP044119.1_1595
DSM20176|AZDF01000025.1_3	MGYG|ENA|CABKOL020000102|CABKOL020000102.1_596
DSM20176|AZDF01000028.1_2	DSM20176|AZDF01000028.1_2
DSM20176|AZDF01000028.1_2	LH500|CP044119.1_2529
DSM20176|AZDF01000028.1_2	MGYG|ENA|CABKOL020000106|CABKOL020000106.1_220
DSM20176|AZDF01000028.1_2	FLUB|CP047121.1_2807
DSM20176|AZDF01000028.1_2	LMG07934|CP050262.1_2657
DSM20176|AZDF01000029.1_6	DSM20176|AZDF01000029.1_6
DSM20176|AZDF01000029.1_6	LMG07934|CP050262.1_336
DSM20176|AZDF01000029.1_6	FLUB|CP047121.1_360
DSM20176|AZDF01000029.1_6	MGYG|ENA|CABKOL020000106|CABKOL020000106.1_637
DSM20176|AZDF01000029.1_6	LH500|CP044119.1_364
DSM20176|AZDF01000030.1_11	DSM20176|AZDF01000030.1_11
DSM20176|AZDF01000030.1_11	LH500|CP044119.1_857
DSM20176|AZDF01000030.1_11	LMG07934|CP050262.1_884
DSM20176|AZDF01000032.1_15	DSM20176|AZDF01000032.1_15
DSM20176|AZDF01000032.1_15	LMG07934|CP050262.1_2224
DSM20176|AZDF01000032.1_15	FLUB|CP047121.1_2413
DSM20176|AZDF01000032.1_15	MGYG|ENA|CABKOL020000104|CABKOL020000104.1_170
DSM20176|AZDF01000032.1_15	LH500|CP044119.1_2126
DSM20176|AZDF01000033.1_17	DSM20176|AZDF01000033.1_17
DSM20176|AZDF01000033.1_17	LMG07934|CP050262.1_2195
DSM20176|AZDF01000033.1_17	FLUB|CP047121.1_2384
DSM20176|AZDF01000033.1_17	MGYG|ENA|CABKOL020000104|CABKOL020000104.1_201
DSM20176|AZDF01000033.1_17	LH500|CP044119.1_2094
DSM20176|AZDF01000034.1_23	DSM20176|AZDF01000034.1_23
DSM20176|AZDF01000034.1_23	LH500|CP044119.1_2519
DSM20176|AZDF01000034.1_23	MGYG|ENA|CABKOL020000106|CABKOL020000106.1_211
DSM20176|AZDF01000034.1_23	FLUB|CP047121.1_2798
MGYG|ENA|CABKOL020000095|CABKOL020000095.1_23	MGYG|ENA|CABKOL020000095|CABKOL020000095.1_23
MGYG|ENA|CABKOL020000095|CABKOL020000095.1_23	DSM20176|AZDF01000005.1_90
MGYG|ENA|CABKOL020000095|CABKOL020000095.1_23	LH500|CP044119.1_898
MGYG|ENA|CABKOL020000095|CABKOL020000095.1_23	LMG07934|CP050262.1_925
MGYG|ENA|CABKOL020000095|CABKOL020000095.1_23	FLUB|CP047121.1_1116
MGYG|ENA|CABKOL020000095|CABKOL020000095.1_55	MGYG|ENA|CABKOL020000095|CABKOL020000095.1_55
MGYG|ENA|CABKOL020000095|CABKOL020000095.1_55	DSM20176|AZDF01000005.1_58
MGYG|ENA|CABKOL020000095|CABKOL020000095.1_55	LH500|CP044119.1_930
MGYG|ENA|CABKOL020000095|CABKOL020000095.1_55	LMG07934|CP050262.1_957
MGYG|ENA|CABKOL020000095|CABKOL020000095.1_55	FLUB|CP047121.1_1148
MGYG|ENA|CABKOL020000095|CABKOL020000095.1_87	MGYG|ENA|CABKOL020000095|CABKOL020000095.1_87
MGYG|ENA|CABKOL020000095|CABKOL020000095.1_87	LH500|CP044119.1_961
MGYG|ENA|CABKOL020000095|CABKOL020000095.1_87	DSM20176|AZDF01000005.1_27
MGYG|ENA|CABKOL020000095|CABKOL020000095.1_87	LMG07934|CP050262.1_988
MGYG|ENA|CABKOL020000095|CABKOL020000095.1_87	FLUB|CP047121.1_1179
MGYG|ENA|CABKOL020000098|CABKOL020000098.1_2	MGYG|ENA|CABKOL020000098|CABKOL020000098.1_2
MGYG|ENA|CABKOL020000098|CABKOL020000098.1_2	FLUB|CP047121.1_1093
MGYG|ENA|CABKOL020000098|CABKOL020000098.1_2	LH500|CP044119.1_1852
MGYG|ENA|CABKOL020000098|CABKOL020000098.1_2	LH500|CP044119.1_989
MGYG|ENA|CABKOL020000098|CABKOL020000098.1_2	LMG07934|CP050262.1_1015
MGYG|ENA|CABKOL020000098|CABKOL020000098.1_2	FLUB|CP047121.1_1967
MGYG|ENA|CABKOL020000098|CABKOL020000098.1_2	FLUB|CP047121.1_2034
MGYG|ENA|CABKOL020000098|CABKOL020000098.1_2	FLUB|CP047121.1_1206
MGYG|ENA|CABKOL020000098|CABKOL020000098.1_2	LH500|CP044119.1_1734
MGYG|ENA|CABKOL020000098|CABKOL020000098.1_2	FLUB|CP047121.1_2584
MGYG|ENA|CABKOL020000098|CABKOL020000098.1_2	LMG07934|CP050262.1_1793
MGYG|ENA|CABKOL020000098|CABKOL020000098.1_2	LMG07934|CP050262.1_1857
MGYG|ENA|CABKOL020000098|CABKOL020000098.1_2	LH500|CP044119.1_876
MGYG|ENA|CABKOL020000098|CABKOL020000098.1_2	LMG07934|CP050262.1_2470
MGYG|ENA|CABKOL020000098|CABKOL020000098.1_2	LMG07934|CP050262.1_903
MGYG|ENA|CABKOL020000099|CABKOL020000099.1_32	MGYG|ENA|CABKOL020000099|CABKOL020000099.1_32
MGYG|ENA|CABKOL020000099|CABKOL020000099.1_32	FLUB|CP047121.1_2002
MGYG|ENA|CABKOL020000099|CABKOL020000099.1_32	LH500|CP044119.1_1770
MGYG|ENA|CABKOL020000099|CABKOL020000099.1_32	LMG07934|CP050262.1_1828
MGYG|ENA|CABKOL020000099|CABKOL020000099.1_32	DSM20176|AZDF01000012.1_35
MGYG|ENA|CABKOL020000101|CABKOL020000101.1_6	MGYG|ENA|CABKOL020000101|CABKOL020000101.1_6
MGYG|ENA|CABKOL020000102|CABKOL020000102.1_25	MGYG|ENA|CABKOL020000102|CABKOL020000102.1_25
MGYG|ENA|CABKOL020000102|CABKOL020000102.1_25	DSM20176|AZDF01000002.1_195
MGYG|ENA|CABKOL020000102|CABKOL020000102.1_25	LMG07934|CP050262.1_1040
MGYG|ENA|CABKOL020000102|CABKOL020000102.1_25	LH500|CP044119.1_1019
MGYG|ENA|CABKOL020000102|CABKOL020000102.1_25	FLUB|CP047121.1_1231
MGYG|ENA|CABKOL020000102|CABKOL020000102.1_57	MGYG|ENA|CABKOL020000102|CABKOL020000102.1_57
MGYG|ENA|CABKOL020000102|CABKOL020000102.1_57	DSM20176|AZDF01000002.1_163
MGYG|ENA|CABKOL020000102|CABKOL020000102.1_57	LMG07934|CP050262.1_1072
MGYG|ENA|CABKOL020000102|CABKOL020000102.1_57	LH500|CP044119.1_1051
MGYG|ENA|CABKOL020000102|CABKOL020000102.1_57	FLUB|CP047121.1_1263
MGYG|ENA|CABKOL020000102|CABKOL020000102.1_89	MGYG|ENA|CABKOL020000102|CABKOL020000102.1_89
MGYG|ENA|CABKOL020000102|CABKOL020000102.1_89	LMG07934|CP050262.1_1102
MGYG|ENA|CABKOL020000102|CABKOL020000102.1_89	LH500|CP044119.1_1079
MGYG|ENA|CABKOL020000102|CABKOL020000102.1_89	DSM20176|AZDF01000002.1_135
MGYG|ENA|CABKOL020000102|CABKOL020000102.1_89	FLUB|CP047121.1_1294
MGYG|ENA|CABKOL020000102|CABKOL020000102.1_121	MGYG|ENA|CABKOL020000102|CABKOL020000102.1_121
MGYG|ENA|CABKOL020000102|CABKOL020000102.1_121	LMG07934|CP050262.1_1134
MGYG|ENA|CABKOL020000102|CABKOL020000102.1_121	LH500|CP044119.1_1111
MGYG|ENA|CABKOL020000102|CABKOL020000102.1_121	DSM20176|AZDF01000002.1_103
MGYG|ENA|CABKOL020000102|CABKOL020000102.1_121	FLUB|CP047121.1_1326
MGYG|ENA|CABKOL020000102|CABKOL020000102.1_153	MGYG|ENA|CABKOL020000102|CABKOL020000102.1_153
MGYG|ENA|CABKOL020000102|CABKOL020000102.1_153	LMG07934|CP050262.1_1165
MGYG|ENA|CABKOL020000102|CABKOL020000102.1_153	LH500|CP044119.1_1143
MGYG|ENA|CABKOL020000102|CABKOL020000102.1_153	DSM20176|AZDF01000002.1_71
MGYG|ENA|CABKOL020000102|CABKOL020000102.1_153	FLUB|CP047121.1_1358
MGYG|ENA|CABKOL020000102|CABKOL020000102.1_217	MGYG|ENA|CABKOL020000102|CABKOL020000102.1_217
MGYG|ENA|CABKOL020000102|CABKOL020000102.1_217	LMG07934|CP050262.1_1227
MGYG|ENA|CABKOL020000102|CABKOL020000102.1_217	LH500|CP044119.1_1205
MGYG|ENA|CABKOL020000102|CABKOL020000102.1_217	FLUB|CP047121.1_1421
MGYG|ENA|CABKOL020000102|CABKOL020000102.1_217	DSM20176|AZDF01000002.1_10
MGYG|ENA|CABKOL020000102|CABKOL020000102.1_249	MGYG|ENA|CABKOL020000102|CABKOL020000102.1_249
MGYG|ENA|CABKOL020000102|CABKOL020000102.1_249	DSM20176|AZDF01000018.1_18
MGYG|ENA|CABKOL020000102|CABKOL020000102.1_249	FLUB|CP047121.1_1452
MGYG|ENA|CABKOL020000102|CABKOL020000102.1_249	LH500|CP044119.1_1246
MGYG|ENA|CABKOL020000102|CABKOL020000102.1_249	LMG07934|CP050262.1_1339
MGYG|ENA|CABKOL020000102|CABKOL020000102.1_281	MGYG|ENA|CABKOL020000102|CABKOL020000102.1_281
MGYG|ENA|CABKOL020000102|CABKOL020000102.1_281	DSM20176|AZDF01000013.1_15
MGYG|ENA|CABKOL020000102|CABKOL020000102.1_281	FLUB|CP047121.1_1484
MGYG|ENA|CABKOL020000102|CABKOL020000102.1_281	LH500|CP044119.1_1278
MGYG|ENA|CABKOL020000102|CABKOL020000102.1_281	LMG07934|CP050262.1_1371
MGYG|ENA|CABKOL020000102|CABKOL020000102.1_345	MGYG|ENA|CABKOL020000102|CABKOL020000102.1_345
MGYG|ENA|CABKOL020000102|CABKOL020000102.1_345	FLUB|CP047121.1_1548
MGYG|ENA|CABKOL020000102|CABKOL020000102.1_345	DSM20176|AZDF01000008.1_81
MGYG|ENA|CABKOL020000102|CABKOL020000102.1_345	LH500|CP044119.1_1345
MGYG|ENA|CABKOL020000102|CABKOL020000102.1_377	MGYG|ENA|CABKOL020000102|CABKOL020000102.1_377
MGYG|ENA|CABKOL020000102|CABKOL020000102.1_377	FLUB|CP047121.1_1580
MGYG|ENA|CABKOL020000102|CABKOL020000102.1_377	LH500|CP044119.1_1374
MGYG|ENA|CABKOL020000102|CABKOL020000102.1_377	DSM20176|AZDF01000008.1_52
MGYG|ENA|CABKOL020000102|CABKOL020000102.1_377	LMG07934|CP050262.1_1465
MGYG|ENA|CABKOL020000102|CABKOL020000102.1_409	MGYG|ENA|CABKOL020000102|CABKOL020000102.1_409
MGYG|ENA|CABKOL020000102|CABKOL020000102.1_409	FLUB|CP047121.1_1612
MGYG|ENA|CABKOL020000102|CABKOL020000102.1_409	DSM20176|AZDF01000008.1_19
MGYG|ENA|CABKOL020000102|CABKOL020000102.1_409	LH500|CP044119.1_1407
MGYG|ENA|CABKOL020000102|CABKOL020000102.1_409	LMG07934|CP050262.1_1497
MGYG|ENA|CABKOL020000102|CABKOL020000102.1_441	MGYG|ENA|CABKOL020000102|CABKOL020000102.1_441
MGYG|ENA|CABKOL020000102|CABKOL020000102.1_441	FLUB|CP047121.1_1644
MGYG|ENA|CABKOL020000102|CABKOL020000102.1_441	LMG07934|CP050262.1_1529
MGYG|ENA|CABKOL020000102|CABKOL020000102.1_441	LH500|CP044119.1_1440
MGYG|ENA|CABKOL020000102|CABKOL020000102.1_441	DSM20176|AZDF01000004.1_110
MGYG|ENA|CABKOL020000102|CABKOL020000102.1_473	MGYG|ENA|CABKOL020000102|CABKOL020000102.1_473
MGYG|ENA|CABKOL020000102|CABKOL020000102.1_473	FLUB|CP047121.1_1676
MGYG|ENA|CABKOL020000102|CABKOL020000102.1_473	LMG07934|CP050262.1_1561
MGYG|ENA|CABKOL020000102|CABKOL020000102.1_473	LH500|CP044119.1_1473
MGYG|ENA|CABKOL020000102|CABKOL020000102.1_473	DSM20176|AZDF01000004.1_77
MGYG|ENA|CABKOL020000102|CABKOL020000102.1_505	MGYG|ENA|CABKOL020000102|CABKOL020000102.1_505
MGYG|ENA|CABKOL020000102|CABKOL020000102.1_505	FLUB|CP047121.1_1708
MGYG|ENA|CABKOL020000102|CABKOL020000102.1_505	LMG07934|CP050262.1_1593
MGYG|ENA|CABKOL020000102|CABKOL020000102.1_505	LH500|CP044119.1_1505
MGYG|ENA|CABKOL020000102|CABKOL020000102.1_505	DSM20176|AZDF01000004.1_45
MGYG|ENA|CABKOL020000102|CABKOL020000102.1_537	MGYG|ENA|CABKOL020000102|CABKOL020000102.1_537
MGYG|ENA|CABKOL020000102|CABKOL020000102.1_537	FLUB|CP047121.1_1740
MGYG|ENA|CABKOL020000102|CABKOL020000102.1_537	LMG07934|CP050262.1_1626
MGYG|ENA|CABKOL020000102|CABKOL020000102.1_537	DSM20176|AZDF01000004.1_12
MGYG|ENA|CABKOL020000102|CABKOL020000102.1_537	LH500|CP044119.1_1538
MGYG|ENA|CABKOL020000102|CABKOL020000102.1_569	MGYG|ENA|CABKOL020000102|CABKOL020000102.1_569
MGYG|ENA|CABKOL020000102|CABKOL020000102.1_569	DSM20176|AZDF01000017.1_24
MGYG|ENA|CABKOL020000102|CABKOL020000102.1_569	FLUB|CP047121.1_1772
MGYG|ENA|CABKOL020000102|CABKOL020000102.1_569	LMG07934|CP050262.1_1656
MGYG|ENA|CABKOL020000102|CABKOL020000102.1_569	LH500|CP044119.1_1568
MGYG|ENA|CABKOL020000102|CABKOL020000102.1_601	MGYG|ENA|CABKOL020000102|CABKOL020000102.1_601
MGYG|ENA|CABKOL020000102|CABKOL020000102.1_601	DSM20176|AZDF01000025.1_8
MGYG|ENA|CABKOL020000102|CABKOL020000102.1_601	FLUB|CP047121.1_1804
MGYG|ENA|CABKOL020000102|CABKOL020000102.1_601	LMG07934|CP050262.1_1689
MGYG|ENA|CABKOL020000102|CABKOL020000102.1_601	LH500|CP044119.1_1600
MGYG|ENA|CABKOL020000102|CABKOL020000102.1_633	MGYG|ENA|CABKOL020000102|CABKOL020000102.1_633
MGYG|ENA|CABKOL020000102|CABKOL020000102.1_633	DSM20176|AZDF01000023.1_9
MGYG|ENA|CABKOL020000102|CABKOL020000102.1_633	FLUB|CP047121.1_1837
MGYG|ENA|CABKOL020000102|CABKOL020000102.1_633	LMG07934|CP050262.1_1720
MGYG|ENA|CABKOL020000102|CABKOL020000102.1_633	LH500|CP044119.1_1634
MGYG|ENA|CABKOL020000102|CABKOL020000102.1_665	MGYG|ENA|CABKOL020000102|CABKOL020000102.1_665
MGYG|ENA|CABKOL020000102|CABKOL020000102.1_665	FLUB|CP047121.1_1868
MGYG|ENA|CABKOL020000102|CABKOL020000102.1_665	LMG07934|CP050262.1_1752
MGYG|ENA|CABKOL020000102|CABKOL020000102.1_665	LH500|CP044119.1_1695
MGYG|ENA|CABKOL020000102|CABKOL020000102.1_665	DSM20176|AZDF01000014.1_12
MGYG|ENA|CABKOL020000102|CABKOL020000102.1_697	MGYG|ENA|CABKOL020000102|CABKOL020000102.1_697
MGYG|ENA|CABKOL020000102|CABKOL020000102.1_697	FLUB|CP047121.1_1900
MGYG|ENA|CABKOL020000102|CABKOL020000102.1_697	LMG07934|CP050262.1_1784
MGYG|ENA|CABKOL020000102|CABKOL020000102.1_697	LH500|CP044119.1_1727
MGYG|ENA|CABKOL020000102|CABKOL020000102.1_697	DSM20176|AZDF01000014.1_44
MGYG|ENA|CABKOL020000103|CABKOL020000103.1_26	MGYG|ENA|CABKOL020000103|CABKOL020000103.1_26
MGYG|ENA|CABKOL020000104|CABKOL020000104.1_29	MGYG|ENA|CABKOL020000104|CABKOL020000104.1_29
MGYG|ENA|CABKOL020000104|CABKOL020000104.1_29	LH500|CP044119.1_2330
MGYG|ENA|CABKOL020000104|CABKOL020000104.1_29	DSM20176|AZDF01000011.1_27
MGYG|ENA|CABKOL020000104|CABKOL020000104.1_29	FLUB|CP047121.1_2555
MGYG|ENA|CABKOL020000104|CABKOL020000104.1_29	LMG07934|CP050262.1_2441
MGYG|ENA|CABKOL020000104|CABKOL020000104.1_93	MGYG|ENA|CABKOL020000104|CABKOL020000104.1_93
MGYG|ENA|CABKOL020000104|CABKOL020000104.1_93	LMG07934|CP050262.1_2400
MGYG|ENA|CABKOL020000104|CABKOL020000104.1_93	FLUB|CP047121.1_2491
MGYG|ENA|CABKOL020000104|CABKOL020000104.1_157	MGYG|ENA|CABKOL020000104|CABKOL020000104.1_157
MGYG|ENA|CABKOL020000104|CABKOL020000104.1_157	LH500|CP044119.1_2139
MGYG|ENA|CABKOL020000104|CABKOL020000104.1_157	DSM20176|AZDF01000032.1_28
MGYG|ENA|CABKOL020000104|CABKOL020000104.1_157	LMG07934|CP050262.1_2237
MGYG|ENA|CABKOL020000104|CABKOL020000104.1_157	FLUB|CP047121.1_2426
MGYG|ENA|CABKOL020000104|CABKOL020000104.1_189	MGYG|ENA|CABKOL020000104|CABKOL020000104.1_189
MGYG|ENA|CABKOL020000104|CABKOL020000104.1_189	LH500|CP044119.1_2108
MGYG|ENA|CABKOL020000104|CABKOL020000104.1_189	LMG07934|CP050262.1_2207
MGYG|ENA|CABKOL020000104|CABKOL020000104.1_189	DSM20176|AZDF01000033.1_4
MGYG|ENA|CABKOL020000104|CABKOL020000104.1_189	FLUB|CP047121.1_2396
MGYG|ENA|CABKOL020000104|CABKOL020000104.1_253	MGYG|ENA|CABKOL020000104|CABKOL020000104.1_253
MGYG|ENA|CABKOL020000104|CABKOL020000104.1_253	LMG07934|CP050262.1_2140
MGYG|ENA|CABKOL020000104|CABKOL020000104.1_253	FLUB|CP047121.1_2332
FLUB|CP047121.1_1385	FLUB|CP047121.1_1385
FLUB|CP047121.1_1385	LMG07934|CP050262.1_1190
FLUB|CP047121.1_1385	MGYG|ENA|CABKOL020000102|CABKOL020000102.1_180
FLUB|CP047121.1_1545	FLUB|CP047121.1_1545
FLUB|CP047121.1_1545	MGYG|ENA|CABKOL020000102|CABKOL020000102.1_342
FLUB|CP047121.1_1577	FLUB|CP047121.1_1577
FLUB|CP047121.1_1577	MGYG|ENA|CABKOL020000102|CABKOL020000102.1_374
FLUB|CP047121.1_1769	FLUB|CP047121.1_1769
FLUB|CP047121.1_1769	MGYG|ENA|CABKOL020000102|CABKOL020000102.1_566
FLUB|CP047121.1_1929	FLUB|CP047121.1_1929
FLUB|CP047121.1_1961	FLUB|CP047121.1_1961
FLUB|CP047121.1_1993	FLUB|CP047121.1_1993
FLUB|CP047121.1_1993	MGYG|ENA|CABKOL020000099|CABKOL020000099.1_42
FLUB|CP047121.1_1993	LH500|CP044119.1_1761
FLUB|CP047121.1_1993	LMG07934|CP050262.1_1819
FLUB|CP047121.1_1993	DSM20176|AZDF01000012.1_26
FLUB|CP047121.1_2185	FLUB|CP047121.1_2185
FLUB|CP047121.1_2185	LMG07934|CP050262.1_2006
FLUB|CP047121.1_2185	MGYG|ENA|CABKOL020000104|CABKOL020000104.1_400
FLUB|CP047121.1_2377	FLUB|CP047121.1_2377
FLUB|CP047121.1_2377	LMG07934|CP050262.1_2187
FLUB|CP047121.1_2377	DSM20176|AZDF01000033.1_25
FLUB|CP047121.1_2377	LH500|CP044119.1_2086
FLUB|CP047121.1_2377	MGYG|ENA|CABKOL020000104|CABKOL020000104.1_208
FLUB|CP047121.1_2409	FLUB|CP047121.1_2409
FLUB|CP047121.1_2409	LMG07934|CP050262.1_2220
FLUB|CP047121.1_2409	MGYG|ENA|CABKOL020000104|CABKOL020000104.1_175
FLUB|CP047121.1_2409	LH500|CP044119.1_2122
FLUB|CP047121.1_2409	DSM20176|AZDF01000032.1_11
FLUB|CP047121.1_2633	FLUB|CP047121.1_2633
FLUB|CP047121.1_2633	MGYG|ENA|CABKOL020000106|CABKOL020000106.1_49
FLUB|CP047121.1_2665	FLUB|CP047121.1_2665
FLUB|CP047121.1_2665	MGYG|ENA|CABKOL020000106|CABKOL020000106.1_81
FLUB|CP047121.1_2697	FLUB|CP047121.1_2697
FLUB|CP047121.1_2793	FLUB|CP047121.1_2793
FLUB|CP047121.1_2793	MGYG|ENA|CABKOL020000106|CABKOL020000106.1_206
FLUB|CP047122.1_28	FLUB|CP047122.1_28
FLUB|CP047123.1_12	FLUB|CP047123.1_12
FLUB|CP047124.1_5	FLUB|CP047124.1_5
FLUB|CP047124.1_37	FLUB|CP047124.1_37
LMG07934|CP050262.1_242	LMG07934|CP050262.1_242
LMG07934|CP050262.1_370	LMG07934|CP050262.1_370
LMG07934|CP050262.1_402	LMG07934|CP050262.1_402
LMG07934|CP050262.1_402	FLUB|CP047121.1_434
LMG07934|CP050262.1_402	DSM20176|AZDF01000003.1_95
LMG07934|CP050262.1_402	LH500|CP044119.1_424
LMG07934|CP050262.1_402	MGYG|ENA|CABKOL020000106|CABKOL020000106.1_710
LMG07934|CP050262.1_530	LMG07934|CP050262.1_530
LMG07934|CP050262.1_530	DSM20176|AZDF01000010.1_34
LMG07934|CP050262.1_530	FLUB|CP047121.1_631
LMG07934|CP050262.1_530	LH500|CP044119.1_554
LMG07934|CP050262.1_530	MGYG|ENA|CABKOL020000106|CABKOL020000106.1_840
LMG07934|CP050262.1_562	LMG07934|CP050262.1_562
LMG07934|CP050262.1_594	LMG07934|CP050262.1_594
LMG07934|CP050262.1_626	LMG07934|CP050262.1_626
LMG07934|CP050262.1_658	LMG07934|CP050262.1_658
LMG07934|CP050262.1_690	LMG07934|CP050262.1_690
LMG07934|CP050262.1_754	LMG07934|CP050262.1_754
LMG07934|CP050262.1_754	MGYG|ENA|CABKOL020000106|CABKOL020000106.1_1140
LMG07934|CP050262.1_754	DSM20176|AZDF01000054.1_7
LMG07934|CP050262.1_754	FLUB|CP047121.1_925
LMG07934|CP050262.1_754	LH500|CP044119.1_720
LMG07934|CP050262.1_914	LMG07934|CP050262.1_914
LMG07934|CP050262.1_914	LH500|CP044119.1_887
LMG07934|CP050262.1_914	FLUB|CP047121.1_1104
LMG07934|CP050262.1_914	MGYG|ENA|CABKOL020000095|CABKOL020000095.1_12
LMG07934|CP050262.1_914	DSM20176|AZDF01000005.1_101
LMG07934|CP050262.1_1266	LMG07934|CP050262.1_1266
LMG07934|CP050262.1_1458	LMG07934|CP050262.1_1458
LMG07934|CP050262.1_1458	DSM20176|AZDF01000008.1_59
LMG07934|CP050262.1_1458	LH500|CP044119.1_1367
LMG07934|CP050262.1_1458	FLUB|CP047121.1_1568
LMG07934|CP050262.1_1458	MGYG|ENA|CABKOL020000102|CABKOL020000102.1_365
LMG07934|CP050262.1_2066	LMG07934|CP050262.1_2066
LMG07934|CP050262.1_2066	MGYG|ENA|CABKOL020000104|CABKOL020000104.1_337
LMG07934|CP050262.1_2066	FLUB|CP047121.1_2248
LMG07934|CP050262.1_2130	LMG07934|CP050262.1_2130
LMG07934|CP050262.1_2162	LMG07934|CP050262.1_2162
LH500|CP044119.1_89	LH500|CP044119.1_89
LH500|CP044119.1_89	DSM20176|AZDF01000006.1_34
LH500|CP044119.1_89	FLUB|CP047121.1_86
LH500|CP044119.1_89	LMG07934|CP050262.1_68
LH500|CP044119.1_89	MGYG|ENA|CABKOL020000106|CABKOL020000106.1_361
LH500|CP044119.1_441	LH500|CP044119.1_441
LH500|CP044119.1_441	DSM20176|AZDF01000003.1_79
LH500|CP044119.1_473	LH500|CP044119.1_473
LH500|CP044119.1_473	DSM20176|AZDF01000003.1_47
LH500|CP044119.1_697	LH500|CP044119.1_697
LH500|CP044119.1_889	LH500|CP044119.1_889
LH500|CP044119.1_889	LMG07934|CP050262.1_916
LH500|CP044119.1_889	FLUB|CP047121.1_1106
LH500|CP044119.1_889	DSM20176|AZDF01000005.1_99
LH500|CP044119.1_889	MGYG|ENA|CABKOL020000095|CABKOL020000095.1_14
LH500|CP044119.1_921	LH500|CP044119.1_921
LH500|CP044119.1_921	LMG07934|CP050262.1_948
LH500|CP044119.1_921	FLUB|CP047121.1_1139
LH500|CP044119.1_921	DSM20176|AZDF01000005.1_67
LH500|CP044119.1_921	MGYG|ENA|CABKOL020000095|CABKOL020000095.1_46
LH500|CP044119.1_953	LH500|CP044119.1_953
LH500|CP044119.1_953	LMG07934|CP050262.1_980
LH500|CP044119.1_953	FLUB|CP047121.1_1171
LH500|CP044119.1_953	DSM20176|AZDF01000005.1_35
LH500|CP044119.1_953	MGYG|ENA|CABKOL020000095|CABKOL020000095.1_79
LH500|CP044119.1_985	LH500|CP044119.1_985
LH500|CP044119.1_985	LMG07934|CP050262.1_1011
LH500|CP044119.1_985	FLUB|CP047121.1_1202
LH500|CP044119.1_985	DSM20176|AZDF01000005.1_4
LH500|CP044119.1_985	MGYG|ENA|CABKOL020000095|CABKOL020000095.1_110
LH500|CP044119.1_1817	LH500|CP044119.1_1817
LH500|CP044119.1_1817	DSM20176|AZDF01000026.1_35
LH500|CP044119.1_1849	LH500|CP044119.1_1849
LH500|CP044119.1_1849	DSM20176|AZDF01000026.1_3
LH500|CP044119.1_1881	LH500|CP044119.1_1881
LH500|CP044119.1_1881	FLUB|CP047121.1_2062
LH500|CP044119.1_1881	DSM20176|AZDF01000001.1_27
LH500|CP044119.1_1881	MGYG|ENA|CABKOL020000104|CABKOL020000104.1_523
LH500|CP044119.1_1881	LMG07934|CP050262.1_1884
LH500|CP044119.1_1913	LH500|CP044119.1_1913
LH500|CP044119.1_1913	FLUB|CP047121.1_2094
LH500|CP044119.1_1913	DSM20176|AZDF01000001.1_59
LH500|CP044119.1_1913	MGYG|ENA|CABKOL020000104|CABKOL020000104.1_491
LH500|CP044119.1_1913	LMG07934|CP050262.1_1916
LH500|CP044119.1_1945	LH500|CP044119.1_1945
LH500|CP044119.1_1945	FLUB|CP047121.1_2126
LH500|CP044119.1_1945	DSM20176|AZDF01000001.1_91
LH500|CP044119.1_1945	MGYG|ENA|CABKOL020000104|CABKOL020000104.1_459
LH500|CP044119.1_1945	LMG07934|CP050262.1_1948
LH500|CP044119.1_1977	LH500|CP044119.1_1977
LH500|CP044119.1_1977	FLUB|CP047121.1_2159
LH500|CP044119.1_1977	MGYG|ENA|CABKOL020000104|CABKOL020000104.1_426
LH500|CP044119.1_1977	DSM20176|AZDF01000001.1_123
LH500|CP044119.1_1977	LMG07934|CP050262.1_1980
LH500|CP044119.1_2009	LH500|CP044119.1_2009
LH500|CP044119.1_2009	FLUB|CP047121.1_2190
LH500|CP044119.1_2009	DSM20176|AZDF01000001.1_155
LH500|CP044119.1_2009	MGYG|ENA|CABKOL020000104|CABKOL020000104.1_395
LH500|CP044119.1_2009	LMG07934|CP050262.1_2012
LH500|CP044119.1_2041	LH500|CP044119.1_2041
LH500|CP044119.1_2041	FLUB|CP047121.1_2223
LH500|CP044119.1_2041	DSM20176|AZDF01000001.1_186
LH500|CP044119.1_2041	MGYG|ENA|CABKOL020000104|CABKOL020000104.1_362
LH500|CP044119.1_2041	LMG07934|CP050262.1_2044
LH500|CP044119.1_2073	LH500|CP044119.1_2073
LH500|CP044119.1_2073	DSM20176|AZDF01000001.1_218
LH500|CP044119.1_2073	LMG07934|CP050262.1_2076
LH500|CP044119.1_2169	LH500|CP044119.1_2169
LH500|CP044119.1_2169	MGYG|ENA|CABKOL020000104|CABKOL020000104.1_130
LH500|CP044119.1_2169	DSM20176|AZDF01000020.1_26
LH500|CP044119.1_2169	LMG07934|CP050262.1_2265
LH500|CP044119.1_2169	FLUB|CP047121.1_2453
LH500|CP044119.1_2297	LH500|CP044119.1_2297
LH500|CP044119.1_2297	DSM20176|AZDF01000049.1_7
LH500|CP044119.1_2297	LMG07934|CP050262.1_2407
LH500|CP044119.1_2297	MGYG|ENA|CABKOL020000104|CABKOL020000104.1_88
LH500|CP044119.1_2297	FLUB|CP047121.1_2496
LH500|CP044119.1_2361	LH500|CP044119.1_2361
LH500|CP044119.1_2361	MGYG|ENA|CABKOL020000106|CABKOL020000106.1_3
LH500|CP044119.1_2361	DSM20176|AZDF01000021.1_3
LH500|CP044119.1_2361	FLUB|CP047121.1_2587
LH500|CP044119.1_2361	LMG07934|CP050262.1_2473
LH500|CP044119.1_2425	LH500|CP044119.1_2425
LH500|CP044119.1_2425	LMG07934|CP050262.1_2546
LH500|CP044119.1_2425	MGYG|ENA|CABKOL020000106|CABKOL020000106.1_87
LH500|CP044119.1_2425	FLUB|CP047121.1_2671
LH500|CP044119.1_2425	DSM20176|AZDF01000015.1_36
LH500|CP044119.1_2553	LH500|CP044119.1_2553
LH500|CP044119.1_2553	MGYG|ENA|CABKOL020000106|CABKOL020000106.1_244
LH500|CP044119.1_2553	FLUB|CP047121.1_2831
LH500|CP044119.1_2553	LMG07934|CP050262.1_2681
LH500|CP044119.1_2553	DSM20176|AZDF01000028.1_26
MGYG|ENA|CABKOL020000039|CABKOL020000039.1_1	MGYG|ENA|CABKOL020000039|CABKOL020000039.1_1
MGYG|ENA|CABKOL020000072|CABKOL020000072.1_2	MGYG|ENA|CABKOL020000072|CABKOL020000072.1_2
MGYG|ENA|CABKOL020000093|CABKOL020000093.1_1	MGYG|ENA|CABKOL020000093|CABKOL020000093.1_1
MGYG|ENA|CABKOL020000095|CABKOL020000095.1_92	MGYG|ENA|CABKOL020000095|CABKOL020000095.1_92
MGYG|ENA|CABKOL020000095|CABKOL020000095.1_92	DSM20176|AZDF01000005.1_22
MGYG|ENA|CABKOL020000095|CABKOL020000095.1_92	LH500|CP044119.1_966
MGYG|ENA|CABKOL020000095|CABKOL020000095.1_92	LMG07934|CP050262.1_993
MGYG|ENA|CABKOL020000095|CABKOL020000095.1_92	FLUB|CP047121.1_1184
MGYG|ENA|CABKOL020000099|CABKOL020000099.1_5	MGYG|ENA|CABKOL020000099|CABKOL020000099.1_5
MGYG|ENA|CABKOL020000099|CABKOL020000099.1_5	FLUB|CP047121.1_2029
MGYG|ENA|CABKOL020000099|CABKOL020000099.1_5	LMG07934|CP050262.1_1854
MGYG|ENA|CABKOL020000099|CABKOL020000099.1_5	LH500|CP044119.1_1797
MGYG|ENA|CABKOL020000099|CABKOL020000099.1_5	DSM20176|AZDF01000042.1_3
MGYG|ENA|CABKOL020000099|CABKOL020000099.1_37	MGYG|ENA|CABKOL020000099|CABKOL020000099.1_37
MGYG|ENA|CABKOL020000099|CABKOL020000099.1_37	FLUB|CP047121.1_1998
MGYG|ENA|CABKOL020000099|CABKOL020000099.1_37	LH500|CP044119.1_1766
MGYG|ENA|CABKOL020000099|CABKOL020000099.1_37	LMG07934|CP050262.1_1824
MGYG|ENA|CABKOL020000099|CABKOL020000099.1_37	DSM20176|AZDF01000012.1_31
MGYG|ENA|CABKOL020000100|CABKOL020000100.1_2	MGYG|ENA|CABKOL020000100|CABKOL020000100.1_2
MGYG|ENA|CABKOL020000102|CABKOL020000102.1_254	MGYG|ENA|CABKOL020000102|CABKOL020000102.1_254
MGYG|ENA|CABKOL020000102|CABKOL020000102.1_254	DSM20176|AZDF01000018.1_23
MGYG|ENA|CABKOL020000102|CABKOL020000102.1_254	FLUB|CP047121.1_1457
MGYG|ENA|CABKOL020000102|CABKOL020000102.1_254	LH500|CP044119.1_1251
MGYG|ENA|CABKOL020000102|CABKOL020000102.1_254	LMG07934|CP050262.1_1344
MGYG|ENA|CABKOL020000102|CABKOL020000102.1_286	MGYG|ENA|CABKOL020000102|CABKOL020000102.1_286
MGYG|ENA|CABKOL020000102|CABKOL020000102.1_286	DSM20176|AZDF01000013.1_20
MGYG|ENA|CABKOL020000102|CABKOL020000102.1_286	FLUB|CP047121.1_1489
MGYG|ENA|CABKOL020000102|CABKOL020000102.1_286	LH500|CP044119.1_1283
MGYG|ENA|CABKOL020000102|CABKOL020000102.1_286	LMG07934|CP050262.1_1376
MGYG|ENA|CABKOL020000102|CABKOL020000102.1_382	MGYG|ENA|CABKOL020000102|CABKOL020000102.1_382
MGYG|ENA|CABKOL020000102|CABKOL020000102.1_382	DSM20176|AZDF01000008.1_47
MGYG|ENA|CABKOL020000102|CABKOL020000102.1_382	FLUB|CP047121.1_1585
MGYG|ENA|CABKOL020000102|CABKOL020000102.1_382	LH500|CP044119.1_1379
MGYG|ENA|CABKOL020000102|CABKOL020000102.1_382	LMG07934|CP050262.1_1470
MGYG|ENA|CABKOL020000102|CABKOL020000102.1_414	MGYG|ENA|CABKOL020000102|CABKOL020000102.1_414
MGYG|ENA|CABKOL020000102|CABKOL020000102.1_414	DSM20176|AZDF01000008.1_14
MGYG|ENA|CABKOL020000102|CABKOL020000102.1_414	FLUB|CP047121.1_1617
MGYG|ENA|CABKOL020000102|CABKOL020000102.1_414	LH500|CP044119.1_1412
MGYG|ENA|CABKOL020000102|CABKOL020000102.1_414	LMG07934|CP050262.1_1502
MGYG|ENA|CABKOL020000102|CABKOL020000102.1_446	MGYG|ENA|CABKOL020000102|CABKOL020000102.1_446
MGYG|ENA|CABKOL020000102|CABKOL020000102.1_446	DSM20176|AZDF01000004.1_105
MGYG|ENA|CABKOL020000102|CABKOL020000102.1_446	FLUB|CP047121.1_1649
MGYG|ENA|CABKOL020000102|CABKOL020000102.1_446	LMG07934|CP050262.1_1534
MGYG|ENA|CABKOL020000102|CABKOL020000102.1_446	LH500|CP044119.1_1445
MGYG|ENA|CABKOL020000102|CABKOL020000102.1_478	MGYG|ENA|CABKOL020000102|CABKOL020000102.1_478
MGYG|ENA|CABKOL020000102|CABKOL020000102.1_478	DSM20176|AZDF01000004.1_72
MGYG|ENA|CABKOL020000102|CABKOL020000102.1_478	FLUB|CP047121.1_1681
MGYG|ENA|CABKOL020000102|CABKOL020000102.1_478	LMG07934|CP050262.1_1566
MGYG|ENA|CABKOL020000102|CABKOL020000102.1_478	LH500|CP044119.1_1478
MGYG|ENA|CABKOL020000102|CABKOL020000102.1_510	MGYG|ENA|CABKOL020000102|CABKOL020000102.1_510
MGYG|ENA|CABKOL020000102|CABKOL020000102.1_510	DSM20176|AZDF01000004.1_40
MGYG|ENA|CABKOL020000102|CABKOL020000102.1_510	FLUB|CP047121.1_1713
MGYG|ENA|CABKOL020000102|CABKOL020000102.1_510	LMG07934|CP050262.1_1598
MGYG|ENA|CABKOL020000102|CABKOL020000102.1_510	LH500|CP044119.1_1510
MGYG|ENA|CABKOL020000102|CABKOL020000102.1_542	MGYG|ENA|CABKOL020000102|CABKOL020000102.1_542
MGYG|ENA|CABKOL020000102|CABKOL020000102.1_542	DSM20176|AZDF01000004.1_8
MGYG|ENA|CABKOL020000102|CABKOL020000102.1_542	FLUB|CP047121.1_1745
MGYG|ENA|CABKOL020000102|CABKOL020000102.1_542	LMG07934|CP050262.1_1630
MGYG|ENA|CABKOL020000102|CABKOL020000102.1_542	LH500|CP044119.1_1542
MGYG|ENA|CABKOL020000102|CABKOL020000102.1_606	MGYG|ENA|CABKOL020000102|CABKOL020000102.1_606
MGYG|ENA|CABKOL020000102|CABKOL020000102.1_606	DSM20176|AZDF01000025.1_13
MGYG|ENA|CABKOL020000102|CABKOL020000102.1_606	FLUB|CP047121.1_1809
MGYG|ENA|CABKOL020000102|CABKOL020000102.1_606	LMG07934|CP050262.1_1694
MGYG|ENA|CABKOL020000102|CABKOL020000102.1_606	LH500|CP044119.1_1605
MGYG|ENA|CABKOL020000102|CABKOL020000102.1_638	MGYG|ENA|CABKOL020000102|CABKOL020000102.1_638
MGYG|ENA|CABKOL020000102|CABKOL020000102.1_638	DSM20176|AZDF01000023.1_14
MGYG|ENA|CABKOL020000102|CABKOL020000102.1_638	FLUB|CP047121.1_1842
MGYG|ENA|CABKOL020000102|CABKOL020000102.1_638	LMG07934|CP050262.1_1725
MGYG|ENA|CABKOL020000102|CABKOL020000102.1_638	LH500|CP044119.1_1639
MGYG|ENA|CABKOL020000102|CABKOL020000102.1_670	MGYG|ENA|CABKOL020000102|CABKOL020000102.1_670
MGYG|ENA|CABKOL020000102|CABKOL020000102.1_670	FLUB|CP047121.1_1873
MGYG|ENA|CABKOL020000102|CABKOL020000102.1_670	LMG07934|CP050262.1_1757
MGYG|ENA|CABKOL020000102|CABKOL020000102.1_670	LH500|CP044119.1_1700
MGYG|ENA|CABKOL020000102|CABKOL020000102.1_670	DSM20176|AZDF01000014.1_17
MGYG|ENA|CABKOL020000102|CABKOL020000102.1_702	MGYG|ENA|CABKOL020000102|CABKOL020000102.1_702
MGYG|ENA|CABKOL020000102|CABKOL020000102.1_702	FLUB|CP047121.1_1965
MGYG|ENA|CABKOL020000102|CABKOL020000102.1_702	LH500|CP044119.1_1731
MGYG|ENA|CABKOL020000102|CABKOL020000102.1_702	LMG07934|CP050262.1_1789
MGYG|ENA|CABKOL020000102|CABKOL020000102.1_702	DSM20176|AZDF01000014.1_48
MGYG|ENA|CABKOL020000104|CABKOL020000104.1_258	MGYG|ENA|CABKOL020000104|CABKOL020000104.1_258
MGYG|ENA|CABKOL020000104|CABKOL020000104.1_258	LMG07934|CP050262.1_2135
MGYG|ENA|CABKOL020000104|CABKOL020000104.1_258	FLUB|CP047121.1_2327
MGYG|ENA|CABKOL020000104|CABKOL020000104.1_290	MGYG|ENA|CABKOL020000104|CABKOL020000104.1_290
MGYG|ENA|CABKOL020000104|CABKOL020000104.1_290	LMG07934|CP050262.1_2108
MGYG|ENA|CABKOL020000104|CABKOL020000104.1_290	FLUB|CP047121.1_2295
MGYG|ENA|CABKOL020000104|CABKOL020000104.1_322	MGYG|ENA|CABKOL020000104|CABKOL020000104.1_322
MGYG|ENA|CABKOL020000104|CABKOL020000104.1_322	LH500|CP044119.1_2075
MGYG|ENA|CABKOL020000104|CABKOL020000104.1_322	DSM20176|AZDF01000001.1_220
MGYG|ENA|CABKOL020000104|CABKOL020000104.1_322	LMG07934|CP050262.1_2078
MGYG|ENA|CABKOL020000104|CABKOL020000104.1_322	FLUB|CP047121.1_2263
MGYG|ENA|CABKOL020000104|CABKOL020000104.1_354	MGYG|ENA|CABKOL020000104|CABKOL020000104.1_354
MGYG|ENA|CABKOL020000104|CABKOL020000104.1_354	LH500|CP044119.1_2049
MGYG|ENA|CABKOL020000104|CABKOL020000104.1_354	FLUB|CP047121.1_2231
MGYG|ENA|CABKOL020000104|CABKOL020000104.1_354	DSM20176|AZDF01000001.1_194
MGYG|ENA|CABKOL020000104|CABKOL020000104.1_354	LMG07934|CP050262.1_2052
MGYG|ENA|CABKOL020000104|CABKOL020000104.1_418	MGYG|ENA|CABKOL020000104|CABKOL020000104.1_418
MGYG|ENA|CABKOL020000104|CABKOL020000104.1_418	LH500|CP044119.1_1985
MGYG|ENA|CABKOL020000104|CABKOL020000104.1_418	FLUB|CP047121.1_2167
MGYG|ENA|CABKOL020000104|CABKOL020000104.1_418	DSM20176|AZDF01000001.1_131
MGYG|ENA|CABKOL020000104|CABKOL020000104.1_418	LMG07934|CP050262.1_1988
MGYG|ENA|CABKOL020000104|CABKOL020000104.1_450	MGYG|ENA|CABKOL020000104|CABKOL020000104.1_450
MGYG|ENA|CABKOL020000104|CABKOL020000104.1_450	LH500|CP044119.1_1954
MGYG|ENA|CABKOL020000104|CABKOL020000104.1_450	FLUB|CP047121.1_2135
MGYG|ENA|CABKOL020000104|CABKOL020000104.1_450	DSM20176|AZDF01000001.1_100
MGYG|ENA|CABKOL020000104|CABKOL020000104.1_450	LMG07934|CP050262.1_1957
MGYG|ENA|CABKOL020000104|CABKOL020000104.1_482	MGYG|ENA|CABKOL020000104|CABKOL020000104.1_482
MGYG|ENA|CABKOL020000104|CABKOL020000104.1_482	LH500|CP044119.1_1922
MGYG|ENA|CABKOL020000104|CABKOL020000104.1_482	FLUB|CP047121.1_2103
MGYG|ENA|CABKOL020000104|CABKOL020000104.1_482	DSM20176|AZDF01000001.1_68
MGYG|ENA|CABKOL020000104|CABKOL020000104.1_482	LMG07934|CP050262.1_1925
MGYG|ENA|CABKOL020000104|CABKOL020000104.1_514	MGYG|ENA|CABKOL020000104|CABKOL020000104.1_514
MGYG|ENA|CABKOL020000104|CABKOL020000104.1_514	LH500|CP044119.1_1890
MGYG|ENA|CABKOL020000104|CABKOL020000104.1_514	FLUB|CP047121.1_2071
MGYG|ENA|CABKOL020000104|CABKOL020000104.1_514	DSM20176|AZDF01000001.1_36
MGYG|ENA|CABKOL020000104|CABKOL020000104.1_514	LMG07934|CP050262.1_1893
MGYG|ENA|CABKOL020000104|CABKOL020000104.1_546	MGYG|ENA|CABKOL020000104|CABKOL020000104.1_546
MGYG|ENA|CABKOL020000104|CABKOL020000104.1_546	LH500|CP044119.1_1857
MGYG|ENA|CABKOL020000104|CABKOL020000104.1_546	FLUB|CP047121.1_2039
MGYG|ENA|CABKOL020000104|CABKOL020000104.1_546	DSM20176|AZDF01000001.1_5
MGYG|ENA|CABKOL020000104|CABKOL020000104.1_546	LMG07934|CP050262.1_1862
MGYG|ENA|CABKOL020000105|CABKOL020000105.1_28	MGYG|ENA|CABKOL020000105|CABKOL020000105.1_28
MGYG|ENA|CABKOL020000106|CABKOL020000106.1_19	MGYG|ENA|CABKOL020000106|CABKOL020000106.1_19
MGYG|ENA|CABKOL020000106|CABKOL020000106.1_19	FLUB|CP047121.1_2603
MGYG|ENA|CABKOL020000106|CABKOL020000106.1_19	LMG07934|CP050262.1_2492
MGYG|ENA|CABKOL020000106|CABKOL020000106.1_147	MGYG|ENA|CABKOL020000106|CABKOL020000106.1_147
MGYG|ENA|CABKOL020000106|CABKOL020000106.1_147	FLUB|CP047121.1_2733
MGYG|ENA|CABKOL020000106|CABKOL020000106.1_147	LH500|CP044119.1_2463
MGYG|ENA|CABKOL020000106|CABKOL020000106.1_147	LMG07934|CP050262.1_2585
MGYG|ENA|CABKOL020000106|CABKOL020000106.1_147	DSM20176|AZDF01000022.1_3
MGYG|ENA|CABKOL020000106|CABKOL020000106.1_467	MGYG|ENA|CABKOL020000106|CABKOL020000106.1_467
MGYG|ENA|CABKOL020000106|CABKOL020000106.1_467	LMG07934|CP050262.1_180
MGYG|ENA|CABKOL020000106|CABKOL020000106.1_467	DSM20176|AZDF01000007.1_60
MGYG|ENA|CABKOL020000106|CABKOL020000106.1_467	LH500|CP044119.1_200
MGYG|ENA|CABKOL020000106|CABKOL020000106.1_467	FLUB|CP047121.1_192
MGYG|ENA|CABKOL020000106|CABKOL020000106.1_499	MGYG|ENA|CABKOL020000106|CABKOL020000106.1_499
MGYG|ENA|CABKOL020000106|CABKOL020000106.1_499	LH500|CP044119.1_221
MGYG|ENA|CABKOL020000106|CABKOL020000106.1_499	FLUB|CP047121.1_223
MGYG|ENA|CABKOL020000106|CABKOL020000106.1_499	LMG07934|CP050262.1_201
MGYG|ENA|CABKOL020000106|CABKOL020000106.1_499	DSM20176|AZDF01000007.1_39
MGYG|ENA|CABKOL020000106|CABKOL020000106.1_979	MGYG|ENA|CABKOL020000106|CABKOL020000106.1_979
MGYG|ENA|CABKOL020000106|CABKOL020000106.1_979	LMG07934|CP050262.1_598
MGYG|ENA|CABKOL020000106|CABKOL020000106.1_979	FLUB|CP047121.1_767
DSM20176|AZDF01000001.1_147	DSM20176|AZDF01000001.1_147
DSM20176|AZDF01000001.1_147	LH500|CP044119.1_2001
DSM20176|AZDF01000010.1_23	DSM20176|AZDF01000010.1_23
DSM20176|AZDF01000010.1_23	FLUB|CP047121.1_621
DSM20176|AZDF01000010.1_23	LH500|CP044119.1_543
DSM20176|AZDF01000010.1_23	MGYG|ENA|CABKOL020000106|CABKOL020000106.1_830
DSM20176|AZDF01000010.1_23	LMG07934|CP050262.1_519
DSM20176|AZDF01000010.1_55	DSM20176|AZDF01000010.1_55
DSM20176|AZDF01000010.1_55	LH500|CP044119.1_575
DSM20176|AZDF01000010.1_55	LMG07934|CP050262.1_552
DSM20176|AZDF01000010.1_55	MGYG|ENA|CABKOL020000106|CABKOL020000106.1_867
DSM20176|AZDF01000010.1_55	FLUB|CP047121.1_656
DSM20176|AZDF01000011.1_10	DSM20176|AZDF01000011.1_10
DSM20176|AZDF01000011.1_10	LMG07934|CP050262.1_2424
DSM20176|AZDF01000011.1_10	LH500|CP044119.1_2313
DSM20176|AZDF01000015.1_20	DSM20176|AZDF01000015.1_20
DSM20176|AZDF01000015.1_20	LMG07934|CP050262.1_2562
DSM20176|AZDF01000015.1_20	LH500|CP044119.1_2441
DSM20176|AZDF01000015.1_20	MGYG|ENA|CABKOL020000106|CABKOL020000106.1_103
DSM20176|AZDF01000015.1_20	FLUB|CP047121.1_2687
DSM20176|AZDF01000022.1_15	DSM20176|AZDF01000022.1_15
DSM20176|AZDF01000022.1_15	MGYG|ENA|CABKOL020000106|CABKOL020000106.1_160
DSM20176|AZDF01000022.1_15	FLUB|CP047121.1_2747
DSM20176|AZDF01000022.1_15	LH500|CP044119.1_2475
DSM20176|AZDF01000022.1_15	LMG07934|CP050262.1_2598
DSM20176|AZDF01000024.1_9	DSM20176|AZDF01000024.1_9
DSM20176|AZDF01000024.1_9	LH500|CP044119.1_2565
DSM20176|AZDF01000024.1_9	MGYG|ENA|CABKOL020000106|CABKOL020000106.1_255
DSM20176|AZDF01000024.1_9	FLUB|CP047121.1_2842
DSM20176|AZDF01000024.1_9	LMG07934|CP050262.1_2692
DSM20176|AZDF01000026.1_9	DSM20176|AZDF01000026.1_9
DSM20176|AZDF01000026.1_9	LH500|CP044119.1_1843
DSM20176|AZDF01000028.1_7	DSM20176|AZDF01000028.1_7
DSM20176|AZDF01000028.1_7	LH500|CP044119.1_2534
DSM20176|AZDF01000028.1_7	MGYG|ENA|CABKOL020000106|CABKOL020000106.1_225
DSM20176|AZDF01000028.1_7	FLUB|CP047121.1_2812
DSM20176|AZDF01000028.1_7	LMG07934|CP050262.1_2662
DSM20176|AZDF01000034.1_28	DSM20176|AZDF01000034.1_28
DSM20176|AZDF01000034.1_28	LH500|CP044119.1_2524
DSM20176|AZDF01000034.1_28	MGYG|ENA|CABKOL020000106|CABKOL020000106.1_216
DSM20176|AZDF01000034.1_28	FLUB|CP047121.1_2803
DSM20176|AZDF01000034.1_28	LMG07934|CP050262.1_2653
DSM20176|AZDF01000038.1_7	DSM20176|AZDF01000038.1_7
DSM20176|AZDF01000038.1_7	MGYG|ENA|CABKOL020000102|CABKOL020000102.1_319
DSM20176|AZDF01000038.1_7	FLUB|CP047121.1_1522
DSM20176|AZDF01000038.1_7	LH500|CP044119.1_1317
DSM20176|AZDF01000038.1_7	LMG07934|CP050262.1_1410
DSM20176|AZDF01000004.1_4	DSM20176|AZDF01000004.1_4
DSM20176|AZDF01000004.1_4	MGYG|ENA|CABKOL020000102|CABKOL020000102.1_546
DSM20176|AZDF01000004.1_4	FLUB|CP047121.1_1749
DSM20176|AZDF01000004.1_4	LMG07934|CP050262.1_1634
DSM20176|AZDF01000004.1_4	LH500|CP044119.1_1546
DSM20176|AZDF01000004.1_36	DSM20176|AZDF01000004.1_36
DSM20176|AZDF01000004.1_36	MGYG|ENA|CABKOL020000102|CABKOL020000102.1_514
DSM20176|AZDF01000004.1_36	FLUB|CP047121.1_1717
DSM20176|AZDF01000004.1_36	LMG07934|CP050262.1_1602
DSM20176|AZDF01000004.1_36	LH500|CP044119.1_1514
DSM20176|AZDF01000004.1_68	DSM20176|AZDF01000004.1_68
DSM20176|AZDF01000004.1_68	MGYG|ENA|CABKOL020000102|CABKOL020000102.1_482
DSM20176|AZDF01000004.1_68	FLUB|CP047121.1_1685
DSM20176|AZDF01000004.1_68	LMG07934|CP050262.1_1570
DSM20176|AZDF01000004.1_68	LH500|CP044119.1_1482
DSM20176|AZDF01000004.1_100	DSM20176|AZDF01000004.1_100
DSM20176|AZDF01000004.1_100	MGYG|ENA|CABKOL020000102|CABKOL020000102.1_451
DSM20176|AZDF01000004.1_100	FLUB|CP047121.1_1654
DSM20176|AZDF01000004.1_100	LMG07934|CP050262.1_1539
DSM20176|AZDF01000004.1_100	LH500|CP044119.1_1450
DSM20176|AZDF01000040.1_9	DSM20176|AZDF01000040.1_9
DSM20176|AZDF01000040.1_9	LH500|CP044119.1_130
DSM20176|AZDF01000040.1_9	FLUB|CP047121.1_117
DSM20176|AZDF01000040.1_9	MGYG|ENA|CABKOL020000106|CABKOL020000106.1_392
DSM20176|AZDF01000040.1_9	LMG07934|CP050262.1_105
DSM20176|AZDF01000043.1_5	DSM20176|AZDF01000043.1_5
DSM20176|AZDF01000043.1_5	LMG07934|CP050262.1_2521
DSM20176|AZDF01000043.1_5	MGYG|ENA|CABKOL020000106|CABKOL020000106.1_59
DSM20176|AZDF01000043.1_5	LH500|CP044119.1_2402
DSM20176|AZDF01000043.1_5	FLUB|CP047121.1_2643
DSM20176|AZDF01000046.1_2	DSM20176|AZDF01000046.1_2
DSM20176|AZDF01000005.1_51	DSM20176|AZDF01000005.1_51
DSM20176|AZDF01000005.1_51	FLUB|CP047121.1_1155
DSM20176|AZDF01000005.1_51	MGYG|ENA|CABKOL020000095|CABKOL020000095.1_63
DSM20176|AZDF01000005.1_51	LH500|CP044119.1_937
DSM20176|AZDF01000005.1_51	LMG07934|CP050262.1_964
DSM20176|AZDF01000050.1_4	DSM20176|AZDF01000050.1_4
DSM20176|AZDF01000050.1_4	LH500|CP044119.1_645
DSM20176|AZDF01000050.1_4	LMG07934|CP050262.1_615
DSM20176|AZDF01000056.1_2	DSM20176|AZDF01000056.1_2
DSM20176|AZDF01000056.1_2	LMG07934|CP050262.1_714
DSM20176|AZDF01000056.1_2	FLUB|CP047121.1_877
DSM20176|AZDF01000056.1_2	LH500|CP044119.1_677
DSM20176|AZDF01000056.1_2	MGYG|ENA|CABKOL020000106|CABKOL020000106.1_1092
DSM20176|AZDF01000059.1_9	DSM20176|AZDF01000059.1_9
DSM20176|AZDF01000059.1_9	FLUB|CP047123.1_6
DSM20176|AZDF01000006.1_63	DSM20176|AZDF01000006.1_63
DSM20176|AZDF01000006.1_63	FLUB|CP047121.1_42
DSM20176|AZDF01000006.1_63	LH500|CP044119.1_60
DSM20176|AZDF01000006.1_63	MGYG|ENA|CABKOL020000106|CABKOL020000106.1_316
DSM20176|AZDF01000060.1_9	DSM20176|AZDF01000060.1_9
DSM20176|AZDF01000060.1_9	LH500|CP044119.1_996
DSM20176|AZDF01000008.1_46	DSM20176|AZDF01000008.1_46
DSM20176|AZDF01000008.1_46	MGYG|ENA|CABKOL020000102|CABKOL020000102.1_383
DSM20176|AZDF01000008.1_46	FLUB|CP047121.1_1586
DSM20176|AZDF01000008.1_46	LH500|CP044119.1_1380
DSM20176|AZDF01000008.1_46	LMG07934|CP050262.1_1471
FLUB|CP047121.1_74	FLUB|CP047121.1_74
FLUB|CP047121.1_74	LMG07934|CP050262.1_56
FLUB|CP047121.1_74	MGYG|ENA|CABKOL020000106|CABKOL020000106.1_349
FLUB|CP047121.1_74	DSM20176|AZDF01000006.1_47
FLUB|CP047121.1_74	LH500|CP044119.1_76
FLUB|CP047121.1_138	FLUB|CP047121.1_138
FLUB|CP047121.1_138	MGYG|ENA|CABKOL020000106|CABKOL020000106.1_413
FLUB|CP047121.1_138	LMG07934|CP050262.1_134
FLUB|CP047121.1_234	FLUB|CP047121.1_234
FLUB|CP047121.1_234	LMG07934|CP050262.1_212
FLUB|CP047121.1_234	MGYG|ENA|CABKOL020000106|CABKOL020000106.1_510
FLUB|CP047121.1_234	DSM20176|AZDF01000007.1_28
FLUB|CP047121.1_234	LH500|CP044119.1_232
FLUB|CP047121.1_266	FLUB|CP047121.1_266
FLUB|CP047121.1_266	DSM20176|AZDF01000067.1_3
FLUB|CP047121.1_266	MGYG|ENA|CABKOL020000106|CABKOL020000106.1_542
FLUB|CP047121.1_266	LH500|CP044119.1_268
FLUB|CP047121.1_426	FLUB|CP047121.1_426
FLUB|CP047121.1_426	LH500|CP044119.1_416
FLUB|CP047121.1_426	MGYG|ENA|CABKOL020000106|CABKOL020000106.1_702
FLUB|CP047121.1_426	LMG07934|CP050262.1_390
FLUB|CP047121.1_426	DSM20176|AZDF01000003.1_103
FLUB|CP047121.1_458	FLUB|CP047121.1_458
FLUB|CP047121.1_458	LH500|CP044119.1_449
FLUB|CP047121.1_458	MGYG|ENA|CABKOL020000106|CABKOL020000106.1_734
FLUB|CP047121.1_458	LMG07934|CP050262.1_421
FLUB|CP047121.1_458	DSM20176|AZDF01000003.1_71
FLUB|CP047121.1_522	FLUB|CP047121.1_522
FLUB|CP047121.1_522	LH500|CP044119.1_513
FLUB|CP047121.1_522	MGYG|ENA|CABKOL020000106|CABKOL020000106.1_797
FLUB|CP047121.1_522	LMG07934|CP050262.1_487
FLUB|CP047121.1_522	DSM20176|AZDF01000003.1_8
FLUB|CP047121.1_554	FLUB|CP047121.1_554
FLUB|CP047121.1_586	FLUB|CP047121.1_586
FLUB|CP047121.1_970	FLUB|CP047121.1_970
FLUB|CP047121.1_970	DSM20176|AZDF01000031.1_22
FLUB|CP047121.1_970	LMG07934|CP050262.1_795
FLUB|CP047121.1_970	LH500|CP044119.1_770
FLUB|CP047121.1_970	MGYG|ENA|CABKOL020000106|CABKOL020000106.1_1187
FLUB|CP047121.1_1578	FLUB|CP047121.1_1578
FLUB|CP047121.1_1578	MGYG|ENA|CABKOL020000102|CABKOL020000102.1_375
FLUB|CP047121.1_1930	FLUB|CP047121.1_1930
FLUB|CP047121.1_1994	FLUB|CP047121.1_1994
FLUB|CP047121.1_1994	MGYG|ENA|CABKOL020000099|CABKOL020000099.1_41
FLUB|CP047121.1_1994	LH500|CP044119.1_1762
FLUB|CP047121.1_1994	LMG07934|CP050262.1_1820
FLUB|CP047121.1_1994	DSM20176|AZDF01000012.1_27
FLUB|CP047121.1_2026	FLUB|CP047121.1_2026
FLUB|CP047121.1_2026	MGYG|ENA|CABKOL020000099|CABKOL020000099.1_8
FLUB|CP047121.1_2026	LH500|CP044119.1_1794
FLUB|CP047121.1_2026	LMG07934|CP050262.1_1852
FLUB|CP047121.1_2026	DSM20176|AZDF01000042.1_6
FLUB|CP047121.1_2538	FLUB|CP047121.1_2538
FLUB|CP047121.1_2538	MGYG|ENA|CABKOL020000104|CABKOL020000104.1_46
FLUB|CP047121.1_2570	FLUB|CP047121.1_2570
FLUB|CP047121.1_2570	DSM20176|AZDF01000011.1_42
FLUB|CP047121.1_2570	LMG07934|CP050262.1_2456
FLUB|CP047121.1_2570	MGYG|ENA|CABKOL020000104|CABKOL020000104.1_14
FLUB|CP047121.1_2570	LH500|CP044119.1_2345
FLUB|CP047121.1_2666	FLUB|CP047121.1_2666
FLUB|CP047121.1_2666	MGYG|ENA|CABKOL020000106|CABKOL020000106.1_82
FLUB|CP047121.1_2698	FLUB|CP047121.1_2698
FLUB|CP047121.1_2794	FLUB|CP047121.1_2794
FLUB|CP047121.1_2794	MGYG|ENA|CABKOL020000106|CABKOL020000106.1_207
FLUB|CP047122.1_29	FLUB|CP047122.1_29
FLUB|CP047123.1_13	FLUB|CP047123.1_13
FLUB|CP047124.1_6	FLUB|CP047124.1_6
LMG07934|CP050262.1_51	LMG07934|CP050262.1_51
LMG07934|CP050262.1_51	FLUB|CP047121.1_49
LMG07934|CP050262.1_51	LH500|CP044119.1_71
LMG07934|CP050262.1_51	MGYG|ENA|CABKOL020000106|CABKOL020000106.1_323
LMG07934|CP050262.1_51	DSM20176|AZDF01000006.1_52
LMG07934|CP050262.1_83	LMG07934|CP050262.1_83
LMG07934|CP050262.1_115	LMG07934|CP050262.1_115
LMG07934|CP050262.1_243	LMG07934|CP050262.1_243
LMG07934|CP050262.1_339	LMG07934|CP050262.1_339
LMG07934|CP050262.1_371	LMG07934|CP050262.1_371
LMG07934|CP050262.1_403	LMG07934|CP050262.1_403
LMG07934|CP050262.1_403	FLUB|CP047121.1_435
LMG07934|CP050262.1_403	DSM20176|AZDF01000003.1_94
LMG07934|CP050262.1_403	LH500|CP044119.1_426
LMG07934|CP050262.1_403	MGYG|ENA|CABKOL020000106|CABKOL020000106.1_711
LMG07934|CP050262.1_435	LMG07934|CP050262.1_435
LMG07934|CP050262.1_435	DSM20176|AZDF01000003.1_57
LMG07934|CP050262.1_435	LH500|CP044119.1_463
LMG07934|CP050262.1_467	LMG07934|CP050262.1_467
LMG07934|CP050262.1_467	DSM20176|AZDF01000003.1_27
LMG07934|CP050262.1_467	FLUB|CP047121.1_502
LMG07934|CP050262.1_467	LH500|CP044119.1_493
LMG07934|CP050262.1_467	MGYG|ENA|CABKOL020000106|CABKOL020000106.1_778
LMG07934|CP050262.1_531	LMG07934|CP050262.1_531
LMG07934|CP050262.1_531	DSM20176|AZDF01000010.1_35
LMG07934|CP050262.1_531	FLUB|CP047121.1_632
LMG07934|CP050262.1_531	LH500|CP044119.1_555
LMG07934|CP050262.1_531	MGYG|ENA|CABKOL020000106|CABKOL020000106.1_841
LMG07934|CP050262.1_563	LMG07934|CP050262.1_563
LMG07934|CP050262.1_595	LMG07934|CP050262.1_595
LMG07934|CP050262.1_627	LMG07934|CP050262.1_627
LMG07934|CP050262.1_659	LMG07934|CP050262.1_659
LMG07934|CP050262.1_883	LMG07934|CP050262.1_883
LMG07934|CP050262.1_883	LH500|CP044119.1_856
LMG07934|CP050262.1_883	DSM20176|AZDF01000030.1_10
LMG07934|CP050262.1_883	FLUB|CP047121.1_1073
LMG07934|CP050262.1_883	MGYG|ENA|CABKOL020000106|CABKOL020000106.1_1293
LMG07934|CP050262.1_1267	LMG07934|CP050262.1_1267
LMG07934|CP050262.1_2163	LMG07934|CP050262.1_2163
LMG07934|CP050262.1_2291	LMG07934|CP050262.1_2291
LMG07934|CP050262.1_2515	LMG07934|CP050262.1_2515
LMG07934|CP050262.1_2515	LH500|CP044119.1_2396
LMG07934|CP050262.1_2515	MGYG|ENA|CABKOL020000106|CABKOL020000106.1_54
LMG07934|CP050262.1_2515	FLUB|CP047121.1_2638
LMG07934|CP050262.1_2515	DSM20176|AZDF01000076.1_2
LMG07934|CP050262.1_2547	LMG07934|CP050262.1_2547
LMG07934|CP050262.1_2547	LH500|CP044119.1_2426
LMG07934|CP050262.1_2547	MGYG|ENA|CABKOL020000106|CABKOL020000106.1_88
LMG07934|CP050262.1_2547	FLUB|CP047121.1_2672
LMG07934|CP050262.1_2547	DSM20176|AZDF01000015.1_35
LMG07934|CP050262.1_2579	LMG07934|CP050262.1_2579
LMG07934|CP050262.1_2643	LMG07934|CP050262.1_2643
LH500|CP044119.1_90	LH500|CP044119.1_90
LH500|CP044119.1_90	DSM20176|AZDF01000006.1_33
LH500|CP044119.1_90	LMG07934|CP050262.1_69
LH500|CP044119.1_122	LH500|CP044119.1_122
LH500|CP044119.1_122	DSM20176|AZDF01000006.1_1
LH500|CP044119.1_122	FLUB|CP047121.1_111
LH500|CP044119.1_122	MGYG|ENA|CABKOL020000106|CABKOL020000106.1_386
LH500|CP044119.1_314	LH500|CP044119.1_314
LH500|CP044119.1_314	FLUB|CP047121.1_300
LH500|CP044119.1_314	DSM20176|AZDF01000041.1_2
LH500|CP044119.1_314	MGYG|ENA|CABKOL020000106|CABKOL020000106.1_577
LH500|CP044119.1_314	LMG07934|CP050262.1_290
LH500|CP044119.1_346	LH500|CP044119.1_346
LH500|CP044119.1_346	FLUB|CP047121.1_336
LH500|CP044119.1_346	LMG07934|CP050262.1_318
LH500|CP044119.1_346	DSM20176|AZDF01000029.1_24
LH500|CP044119.1_346	MGYG|ENA|CABKOL020000106|CABKOL020000106.1_613
LH500|CP044119.1_442	LH500|CP044119.1_442
LH500|CP044119.1_442	DSM20176|AZDF01000003.1_78
LH500|CP044119.1_474	LH500|CP044119.1_474
LH500|CP044119.1_474	DSM20176|AZDF01000003.1_46
LH500|CP044119.1_474	LMG07934|CP050262.1_445
LH500|CP044119.1_474	FLUB|CP047121.1_483
LH500|CP044119.1_474	MGYG|ENA|CABKOL020000106|CABKOL020000106.1_759
LH500|CP044119.1_666	LH500|CP044119.1_666
LH500|CP044119.1_666	LMG07934|CP050262.1_703
LH500|CP044119.1_666	DSM20176|AZDF01000092.1_2
LH500|CP044119.1_698	LH500|CP044119.1_698
LH500|CP044119.1_698	DSM20176|AZDF01000027.1_12
LH500|CP044119.1_698	LMG07934|CP050262.1_733
LH500|CP044119.1_890	LH500|CP044119.1_890
LH500|CP044119.1_890	LMG07934|CP050262.1_917
LH500|CP044119.1_890	FLUB|CP047121.1_1107
LH500|CP044119.1_890	DSM20176|AZDF01000005.1_98
LH500|CP044119.1_890	MGYG|ENA|CABKOL020000095|CABKOL020000095.1_15
LH500|CP044119.1_922	LH500|CP044119.1_922
LH500|CP044119.1_922	LMG07934|CP050262.1_949
LH500|CP044119.1_922	FLUB|CP047121.1_1140
LH500|CP044119.1_922	DSM20176|AZDF01000005.1_66
LH500|CP044119.1_922	MGYG|ENA|CABKOL020000095|CABKOL020000095.1_47
LH500|CP044119.1_954	LH500|CP044119.1_954
LH500|CP044119.1_954	LMG07934|CP050262.1_981
LH500|CP044119.1_954	FLUB|CP047121.1_1172
LH500|CP044119.1_954	DSM20176|AZDF01000005.1_34
LH500|CP044119.1_954	MGYG|ENA|CABKOL020000095|CABKOL020000095.1_80
LH500|CP044119.1_986	LH500|CP044119.1_986
LH500|CP044119.1_986	LMG07934|CP050262.1_1012
LH500|CP044119.1_986	FLUB|CP047121.1_1203
LH500|CP044119.1_986	DSM20176|AZDF01000005.1_3
LH500|CP044119.1_986	MGYG|ENA|CABKOL020000095|CABKOL020000095.1_111
LH500|CP044119.1_1818	LH500|CP044119.1_1818
LH500|CP044119.1_1818	DSM20176|AZDF01000026.1_34
LH500|CP044119.1_1850	LH500|CP044119.1_1850
LH500|CP044119.1_1850	DSM20176|AZDF01000026.1_2
LH500|CP044119.1_1914	LH500|CP044119.1_1914
LH500|CP044119.1_1914	FLUB|CP047121.1_2095
LH500|CP044119.1_1914	MGYG|ENA|CABKOL020000104|CABKOL020000104.1_490
LH500|CP044119.1_1914	DSM20176|AZDF01000001.1_60
LH500|CP044119.1_1914	LMG07934|CP050262.1_1917
LH500|CP044119.1_1946	LH500|CP044119.1_1946
LH500|CP044119.1_1946	FLUB|CP047121.1_2127
LH500|CP044119.1_1946	MGYG|ENA|CABKOL020000104|CABKOL020000104.1_458
LH500|CP044119.1_1946	DSM20176|AZDF01000001.1_92
LH500|CP044119.1_1946	LMG07934|CP050262.1_1949
LH500|CP044119.1_2010	LH500|CP044119.1_2010
LH500|CP044119.1_2010	FLUB|CP047121.1_2191
LH500|CP044119.1_2010	MGYG|ENA|CABKOL020000104|CABKOL020000104.1_394
LH500|CP044119.1_2010	DSM20176|AZDF01000001.1_156
LH500|CP044119.1_2010	LMG07934|CP050262.1_2013
LH500|CP044119.1_2042	LH500|CP044119.1_2042
LH500|CP044119.1_2042	FLUB|CP047121.1_2224
LH500|CP044119.1_2042	MGYG|ENA|CABKOL020000104|CABKOL020000104.1_361
LH500|CP044119.1_2042	DSM20176|AZDF01000001.1_187
LH500|CP044119.1_2042	LMG07934|CP050262.1_2045
LH500|CP044119.1_2074	LH500|CP044119.1_2074
LH500|CP044119.1_2074	MGYG|ENA|CABKOL020000104|CABKOL020000104.1_323
LH500|CP044119.1_2074	DSM20176|AZDF01000001.1_219
LH500|CP044119.1_2074	LMG07934|CP050262.1_2077
LH500|CP044119.1_2074	FLUB|CP047121.1_2262
LH500|CP044119.1_2138	LH500|CP044119.1_2138
LH500|CP044119.1_2138	DSM20176|AZDF01000032.1_27
LH500|CP044119.1_2138	LMG07934|CP050262.1_2236
LH500|CP044119.1_2554	LH500|CP044119.1_2554
LH500|CP044119.1_2554	MGYG|ENA|CABKOL020000106|CABKOL020000106.1_245
LH500|CP044119.1_2554	FLUB|CP047121.1_2832
LH500|CP044119.1_2554	LMG07934|CP050262.1_2682
LH500|CP044119.1_2554	DSM20176|AZDF01000028.1_27
MGYG|ENA|CABKOL020000040|CABKOL020000040.1_1	MGYG|ENA|CABKOL020000040|CABKOL020000040.1_1
MGYG|ENA|CABKOL020000093|CABKOL020000093.1_2	MGYG|ENA|CABKOL020000093|CABKOL020000093.1_2
MGYG|ENA|CABKOL020000095|CABKOL020000095.1_61	MGYG|ENA|CABKOL020000095|CABKOL020000095.1_61
MGYG|ENA|CABKOL020000099|CABKOL020000099.1_6	MGYG|ENA|CABKOL020000099|CABKOL020000099.1_6
MGYG|ENA|CABKOL020000099|CABKOL020000099.1_6	FLUB|CP047121.1_2028
MGYG|ENA|CABKOL020000099|CABKOL020000099.1_6	LH500|CP044119.1_1796
MGYG|ENA|CABKOL020000099|CABKOL020000099.1_6	DSM20176|AZDF01000042.1_4
MGYG|ENA|CABKOL020000099|CABKOL020000099.1_38	MGYG|ENA|CABKOL020000099|CABKOL020000099.1_38
MGYG|ENA|CABKOL020000099|CABKOL020000099.1_38	FLUB|CP047121.1_1997
MGYG|ENA|CABKOL020000099|CABKOL020000099.1_38	LH500|CP044119.1_1765
MGYG|ENA|CABKOL020000099|CABKOL020000099.1_38	LMG07934|CP050262.1_1823
MGYG|ENA|CABKOL020000099|CABKOL020000099.1_38	DSM20176|AZDF01000012.1_30
MGYG|ENA|CABKOL020000100|CABKOL020000100.1_3	MGYG|ENA|CABKOL020000100|CABKOL020000100.1_3
MGYG|ENA|CABKOL020000101|CABKOL020000101.1_12	MGYG|ENA|CABKOL020000101|CABKOL020000101.1_12
MGYG|ENA|CABKOL020000102|CABKOL020000102.1_31	MGYG|ENA|CABKOL020000102|CABKOL020000102.1_31
MGYG|ENA|CABKOL020000102|CABKOL020000102.1_31	LMG07934|CP050262.1_1046
MGYG|ENA|CABKOL020000102|CABKOL020000102.1_31	LH500|CP044119.1_1025
MGYG|ENA|CABKOL020000102|CABKOL020000102.1_31	FLUB|CP047121.1_1237
MGYG|ENA|CABKOL020000102|CABKOL020000102.1_31	DSM20176|AZDF01000002.1_189
MGYG|ENA|CABKOL020000102|CABKOL020000102.1_63	MGYG|ENA|CABKOL020000102|CABKOL020000102.1_63
MGYG|ENA|CABKOL020000102|CABKOL020000102.1_63	LMG07934|CP050262.1_1078
MGYG|ENA|CABKOL020000102|CABKOL020000102.1_63	LH500|CP044119.1_1057
MGYG|ENA|CABKOL020000102|CABKOL020000102.1_63	FLUB|CP047121.1_1269
MGYG|ENA|CABKOL020000102|CABKOL020000102.1_63	DSM20176|AZDF01000002.1_157
MGYG|ENA|CABKOL020000102|CABKOL020000102.1_255	MGYG|ENA|CABKOL020000102|CABKOL020000102.1_255
MGYG|ENA|CABKOL020000102|CABKOL020000102.1_255	DSM20176|AZDF01000018.1_24
MGYG|ENA|CABKOL020000102|CABKOL020000102.1_255	FLUB|CP047121.1_1458
MGYG|ENA|CABKOL020000102|CABKOL020000102.1_255	LH500|CP044119.1_1252
MGYG|ENA|CABKOL020000102|CABKOL020000102.1_255	LMG07934|CP050262.1_1345
MGYG|ENA|CABKOL020000102|CABKOL020000102.1_447	MGYG|ENA|CABKOL020000102|CABKOL020000102.1_447
MGYG|ENA|CABKOL020000102|CABKOL020000102.1_447	DSM20176|AZDF01000004.1_104
MGYG|ENA|CABKOL020000102|CABKOL020000102.1_447	FLUB|CP047121.1_1650
MGYG|ENA|CABKOL020000102|CABKOL020000102.1_447	LMG07934|CP050262.1_1535
MGYG|ENA|CABKOL020000102|CABKOL020000102.1_447	LH500|CP044119.1_1446
MGYG|ENA|CABKOL020000102|CABKOL020000102.1_479	MGYG|ENA|CABKOL020000102|CABKOL020000102.1_479
MGYG|ENA|CABKOL020000102|CABKOL020000102.1_479	DSM20176|AZDF01000004.1_71
MGYG|ENA|CABKOL020000102|CABKOL020000102.1_479	FLUB|CP047121.1_1682
MGYG|ENA|CABKOL020000102|CABKOL020000102.1_479	LMG07934|CP050262.1_1567
MGYG|ENA|CABKOL020000102|CABKOL020000102.1_479	LH500|CP044119.1_1479
MGYG|ENA|CABKOL020000102|CABKOL020000102.1_511	MGYG|ENA|CABKOL020000102|CABKOL020000102.1_511
MGYG|ENA|CABKOL020000102|CABKOL020000102.1_511	DSM20176|AZDF01000004.1_39
MGYG|ENA|CABKOL020000102|CABKOL020000102.1_511	FLUB|CP047121.1_1714
MGYG|ENA|CABKOL020000102|CABKOL020000102.1_511	LMG07934|CP050262.1_1599
MGYG|ENA|CABKOL020000102|CABKOL020000102.1_511	LH500|CP044119.1_1511
MGYG|ENA|CABKOL020000102|CABKOL020000102.1_543	MGYG|ENA|CABKOL020000102|CABKOL020000102.1_543
MGYG|ENA|CABKOL020000102|CABKOL020000102.1_543	DSM20176|AZDF01000004.1_7
MGYG|ENA|CABKOL020000102|CABKOL020000102.1_543	FLUB|CP047121.1_1746
MGYG|ENA|CABKOL020000102|CABKOL020000102.1_543	LMG07934|CP050262.1_1631
MGYG|ENA|CABKOL020000102|CABKOL020000102.1_543	LH500|CP044119.1_1543
MGYG|ENA|CABKOL020000102|CABKOL020000102.1_607	MGYG|ENA|CABKOL020000102|CABKOL020000102.1_607
MGYG|ENA|CABKOL020000102|CABKOL020000102.1_607	DSM20176|AZDF01000025.1_14
MGYG|ENA|CABKOL020000102|CABKOL020000102.1_607	FLUB|CP047121.1_1810
MGYG|ENA|CABKOL020000102|CABKOL020000102.1_607	LMG07934|CP050262.1_1695
MGYG|ENA|CABKOL020000102|CABKOL020000102.1_607	LH500|CP044119.1_1606
MGYG|ENA|CABKOL020000102|CABKOL020000102.1_639	MGYG|ENA|CABKOL020000102|CABKOL020000102.1_639
MGYG|ENA|CABKOL020000102|CABKOL020000102.1_639	DSM20176|AZDF01000023.1_15
MGYG|ENA|CABKOL020000102|CABKOL020000102.1_639	FLUB|CP047121.1_1843
MGYG|ENA|CABKOL020000102|CABKOL020000102.1_639	LMG07934|CP050262.1_1726
MGYG|ENA|CABKOL020000102|CABKOL020000102.1_639	LH500|CP044119.1_1640
MGYG|ENA|CABKOL020000102|CABKOL020000102.1_703	MGYG|ENA|CABKOL020000102|CABKOL020000102.1_703
MGYG|ENA|CABKOL020000102|CABKOL020000102.1_703	FLUB|CP047121.1_1966
MGYG|ENA|CABKOL020000102|CABKOL020000102.1_703	DSM20176|AZDF01000083.1_2
MGYG|ENA|CABKOL020000102|CABKOL020000102.1_703	LMG07934|CP050262.1_1790
MGYG|ENA|CABKOL020000102|CABKOL020000102.1_703	LH500|CP044119.1_1733
MGYG|ENA|CABKOL020000104|CABKOL020000104.1_259	MGYG|ENA|CABKOL020000104|CABKOL020000104.1_259
MGYG|ENA|CABKOL020000104|CABKOL020000104.1_259	LMG07934|CP050262.1_2134
MGYG|ENA|CABKOL020000104|CABKOL020000104.1_259	FLUB|CP047121.1_2326
MGYG|ENA|CABKOL020000104|CABKOL020000104.1_291	MGYG|ENA|CABKOL020000104|CABKOL020000104.1_291
MGYG|ENA|CABKOL020000104|CABKOL020000104.1_291	LMG07934|CP050262.1_2107
MGYG|ENA|CABKOL020000104|CABKOL020000104.1_291	FLUB|CP047121.1_2294
MGYG|ENA|CABKOL020000104|CABKOL020000104.1_355	MGYG|ENA|CABKOL020000104|CABKOL020000104.1_355
MGYG|ENA|CABKOL020000104|CABKOL020000104.1_355	LH500|CP044119.1_2048
MGYG|ENA|CABKOL020000104|CABKOL020000104.1_355	FLUB|CP047121.1_2230
MGYG|ENA|CABKOL020000104|CABKOL020000104.1_355	DSM20176|AZDF01000001.1_193
MGYG|ENA|CABKOL020000104|CABKOL020000104.1_355	LMG07934|CP050262.1_2051
MGYG|ENA|CABKOL020000104|CABKOL020000104.1_387	MGYG|ENA|CABKOL020000104|CABKOL020000104.1_387
MGYG|ENA|CABKOL020000104|CABKOL020000104.1_387	LH500|CP044119.1_2017
MGYG|ENA|CABKOL020000104|CABKOL020000104.1_387	FLUB|CP047121.1_2198
MGYG|ENA|CABKOL020000104|CABKOL020000104.1_387	DSM20176|AZDF01000001.1_163
MGYG|ENA|CABKOL020000104|CABKOL020000104.1_387	LMG07934|CP050262.1_2020
MGYG|ENA|CABKOL020000104|CABKOL020000104.1_419	MGYG|ENA|CABKOL020000104|CABKOL020000104.1_419
MGYG|ENA|CABKOL020000104|CABKOL020000104.1_419	LH500|CP044119.1_1984
MGYG|ENA|CABKOL020000104|CABKOL020000104.1_419	FLUB|CP047121.1_2166
MGYG|ENA|CABKOL020000104|CABKOL020000104.1_419	DSM20176|AZDF01000001.1_130
MGYG|ENA|CABKOL020000104|CABKOL020000104.1_419	LMG07934|CP050262.1_1987
MGYG|ENA|CABKOL020000104|CABKOL020000104.1_451	MGYG|ENA|CABKOL020000104|CABKOL020000104.1_451
MGYG|ENA|CABKOL020000104|CABKOL020000104.1_451	LH500|CP044119.1_1953
MGYG|ENA|CABKOL020000104|CABKOL020000104.1_451	FLUB|CP047121.1_2134
MGYG|ENA|CABKOL020000104|CABKOL020000104.1_451	DSM20176|AZDF01000001.1_99
MGYG|ENA|CABKOL020000104|CABKOL020000104.1_451	LMG07934|CP050262.1_1956
MGYG|ENA|CABKOL020000104|CABKOL020000104.1_483	MGYG|ENA|CABKOL020000104|CABKOL020000104.1_483
MGYG|ENA|CABKOL020000104|CABKOL020000104.1_483	LH500|CP044119.1_1921
MGYG|ENA|CABKOL020000104|CABKOL020000104.1_483	FLUB|CP047121.1_2102
MGYG|ENA|CABKOL020000104|CABKOL020000104.1_483	DSM20176|AZDF01000001.1_67
MGYG|ENA|CABKOL020000104|CABKOL020000104.1_483	LMG07934|CP050262.1_1924
MGYG|ENA|CABKOL020000104|CABKOL020000104.1_515	MGYG|ENA|CABKOL020000104|CABKOL020000104.1_515
MGYG|ENA|CABKOL020000104|CABKOL020000104.1_515	LH500|CP044119.1_1889
MGYG|ENA|CABKOL020000104|CABKOL020000104.1_515	FLUB|CP047121.1_2070
MGYG|ENA|CABKOL020000104|CABKOL020000104.1_515	DSM20176|AZDF01000001.1_35
MGYG|ENA|CABKOL020000104|CABKOL020000104.1_515	LMG07934|CP050262.1_1892
MGYG|ENA|CABKOL020000104|CABKOL020000104.1_547	MGYG|ENA|CABKOL020000104|CABKOL020000104.1_547
MGYG|ENA|CABKOL020000104|CABKOL020000104.1_547	LH500|CP044119.1_1856
MGYG|ENA|CABKOL020000104|CABKOL020000104.1_547	FLUB|CP047121.1_2038
MGYG|ENA|CABKOL020000104|CABKOL020000104.1_547	DSM20176|AZDF01000001.1_4
MGYG|ENA|CABKOL020000104|CABKOL020000104.1_547	LMG07934|CP050262.1_1861
MGYG|ENA|CABKOL020000105|CABKOL020000105.1_29	MGYG|ENA|CABKOL020000105|CABKOL020000105.1_29
MGYG|ENA|CABKOL020000106|CABKOL020000106.1_20	MGYG|ENA|CABKOL020000106|CABKOL020000106.1_20
MGYG|ENA|CABKOL020000106|CABKOL020000106.1_20	DSM20176|AZDF01000021.1_19
MGYG|ENA|CABKOL020000106|CABKOL020000106.1_20	FLUB|CP047121.1_2604
MGYG|ENA|CABKOL020000106|CABKOL020000106.1_20	LMG07934|CP050262.1_2493
MGYG|ENA|CABKOL020000106|CABKOL020000106.1_20	LH500|CP044119.1_2377
MGYG|ENA|CABKOL020000106|CABKOL020000106.1_148	MGYG|ENA|CABKOL020000106|CABKOL020000106.1_148
MGYG|ENA|CABKOL020000106|CABKOL020000106.1_148	FLUB|CP047121.1_2734
MGYG|ENA|CABKOL020000106|CABKOL020000106.1_148	LH500|CP044119.1_2464
MGYG|ENA|CABKOL020000106|CABKOL020000106.1_148	LMG07934|CP050262.1_2586
MGYG|ENA|CABKOL020000106|CABKOL020000106.1_148	DSM20176|AZDF01000022.1_4
MGYG|ENA|CABKOL020000106|CABKOL020000106.1_180	MGYG|ENA|CABKOL020000106|CABKOL020000106.1_180
MGYG|ENA|CABKOL020000106|CABKOL020000106.1_340	MGYG|ENA|CABKOL020000106|CABKOL020000106.1_340
MGYG|ENA|CABKOL020000106|CABKOL020000106.1_340	FLUB|CP047121.1_65
MGYG|ENA|CABKOL020000106|CABKOL020000106.1_404	MGYG|ENA|CABKOL020000106|CABKOL020000106.1_404
MGYG|ENA|CABKOL020000106|CABKOL020000106.1_404	FLUB|CP047121.1_129
MGYG|ENA|CABKOL020000106|CABKOL020000106.1_884	MGYG|ENA|CABKOL020000106|CABKOL020000106.1_884
MGYG|ENA|CABKOL020000106|CABKOL020000106.1_884	FLUB|CP047121.1_673
MGYG|ENA|CABKOL020000106|CABKOL020000106.1_948	MGYG|ENA|CABKOL020000106|CABKOL020000106.1_948
MGYG|ENA|CABKOL020000106|CABKOL020000106.1_948	LH500|CP044119.1_611
MGYG|ENA|CABKOL020000106|CABKOL020000106.1_948	DSM20176|AZDF01000039.1_7
MGYG|ENA|CABKOL020000106|CABKOL020000106.1_948	FLUB|CP047121.1_735
MGYG|ENA|CABKOL020000106|CABKOL020000106.1_980	MGYG|ENA|CABKOL020000106|CABKOL020000106.1_980
MGYG|ENA|CABKOL020000106|CABKOL020000106.1_980	LMG07934|CP050262.1_599
MGYG|ENA|CABKOL020000106|CABKOL020000106.1_980	FLUB|CP047121.1_768
MGYG|ENA|CABKOL020000106|CABKOL020000106.1_1012	MGYG|ENA|CABKOL020000106|CABKOL020000106.1_1012
MGYG|ENA|CABKOL020000106|CABKOL020000106.1_1012	FLUB|CP047121.1_801
MGYG|ENA|CABKOL020000106|CABKOL020000106.1_1108	MGYG|ENA|CABKOL020000106|CABKOL020000106.1_1108
MGYG|ENA|CABKOL020000106|CABKOL020000106.1_1108	LMG07934|CP050262.1_730
MGYG|ENA|CABKOL020000106|CABKOL020000106.1_1108	FLUB|CP047121.1_893
MGYG|ENA|CABKOL020000106|CABKOL020000106.1_1108	DSM20176|AZDF01000027.1_9
MGYG|ENA|CABKOL020000106|CABKOL020000106.1_1108	LH500|CP044119.1_695
MGYG|ENA|CABKOL020000106|CABKOL020000106.1_1300	MGYG|ENA|CABKOL020000106|CABKOL020000106.1_1300
MGYG|ENA|CABKOL020000106|CABKOL020000106.1_1300	DSM20176|AZDF01000030.1_17
MGYG|ENA|CABKOL020000106|CABKOL020000106.1_1300	LH500|CP044119.1_863
MGYG|ENA|CABKOL020000106|CABKOL020000106.1_1300	LMG07934|CP050262.1_890
MGYG|ENA|CABKOL020000106|CABKOL020000106.1_1300	FLUB|CP047121.1_1080
DSM20176|AZDF01000010.1_24	DSM20176|AZDF01000010.1_24
DSM20176|AZDF01000010.1_24	FLUB|CP047121.1_622
DSM20176|AZDF01000010.1_24	LH500|CP044119.1_544
DSM20176|AZDF01000010.1_24	MGYG|ENA|CABKOL020000106|CABKOL020000106.1_831
DSM20176|AZDF01000010.1_24	LMG07934|CP050262.1_520
DSM20176|AZDF01000011.1_11	DSM20176|AZDF01000011.1_11
DSM20176|AZDF01000011.1_11	LMG07934|CP050262.1_2425
DSM20176|AZDF01000011.1_11	LH500|CP044119.1_2314
DSM20176|AZDF01000011.1_43	DSM20176|AZDF01000011.1_43
DSM20176|AZDF01000011.1_43	LMG07934|CP050262.1_2457
DSM20176|AZDF01000011.1_43	LH500|CP044119.1_2346
DSM20176|AZDF01000015.1_21	DSM20176|AZDF01000015.1_21
DSM20176|AZDF01000015.1_21	LMG07934|CP050262.1_2561
DSM20176|AZDF01000015.1_21	LH500|CP044119.1_2440
DSM20176|AZDF01000015.1_21	MGYG|ENA|CABKOL020000106|CABKOL020000106.1_102
DSM20176|AZDF01000015.1_21	FLUB|CP047121.1_2686
DSM20176|AZDF01000017.1_27	DSM20176|AZDF01000017.1_27
DSM20176|AZDF01000017.1_27	LMG07934|CP050262.1_1653
DSM20176|AZDF01000017.1_27	LH500|CP044119.1_1565
DSM20176|AZDF01000020.1_23	DSM20176|AZDF01000020.1_23
DSM20176|AZDF01000020.1_23	LH500|CP044119.1_2166
DSM20176|AZDF01000020.1_23	MGYG|ENA|CABKOL020000104|CABKOL020000104.1_134
DSM20176|AZDF01000020.1_23	FLUB|CP047121.1_2449
DSM20176|AZDF01000022.1_16	DSM20176|AZDF01000022.1_16
DSM20176|AZDF01000022.1_16	MGYG|ENA|CABKOL020000106|CABKOL020000106.1_161
DSM20176|AZDF01000022.1_16	FLUB|CP047121.1_2748
DSM20176|AZDF01000022.1_16	LH500|CP044119.1_2476
DSM20176|AZDF01000022.1_16	LMG07934|CP050262.1_2599
DSM20176|AZDF01000024.1_10	DSM20176|AZDF01000024.1_10
DSM20176|AZDF01000024.1_10	LH500|CP044119.1_2566
DSM20176|AZDF01000024.1_10	LMG07934|CP050262.1_2693
DSM20176|AZDF01000026.1_10	DSM20176|AZDF01000026.1_10
DSM20176|AZDF01000026.1_10	LH500|CP044119.1_1842
DSM20176|AZDF01000028.1_8	DSM20176|AZDF01000028.1_8
DSM20176|AZDF01000028.1_8	LH500|CP044119.1_2535
DSM20176|AZDF01000028.1_8	MGYG|ENA|CABKOL020000106|CABKOL020000106.1_226
DSM20176|AZDF01000028.1_8	FLUB|CP047121.1_2813
DSM20176|AZDF01000028.1_8	LMG07934|CP050262.1_2663
DSM20176|AZDF01000003.1_51	DSM20176|AZDF01000003.1_51
DSM20176|AZDF01000003.1_51	LH500|CP044119.1_469
DSM20176|AZDF01000033.1_23	DSM20176|AZDF01000033.1_23
DSM20176|AZDF01000033.1_23	LMG07934|CP050262.1_2189
DSM20176|AZDF01000033.1_23	FLUB|CP047121.1_2379
DSM20176|AZDF01000033.1_23	MGYG|ENA|CABKOL020000104|CABKOL020000104.1_206
DSM20176|AZDF01000033.1_23	LH500|CP044119.1_2088
DSM20176|AZDF01000034.1_29	DSM20176|AZDF01000034.1_29
DSM20176|AZDF01000034.1_29	LH500|CP044119.1_2525
DSM20176|AZDF01000034.1_29	MGYG|ENA|CABKOL020000106|CABKOL020000106.1_217
DSM20176|AZDF01000034.1_29	FLUB|CP047121.1_2804
DSM20176|AZDF01000034.1_29	LMG07934|CP050262.1_2654
DSM20176|AZDF01000038.1_8	DSM20176|AZDF01000038.1_8
DSM20176|AZDF01000038.1_8	MGYG|ENA|CABKOL020000102|CABKOL020000102.1_320
DSM20176|AZDF01000038.1_8	FLUB|CP047121.1_1523
DSM20176|AZDF01000038.1_8	LH500|CP044119.1_1318
DSM20176|AZDF01000038.1_8	LMG07934|CP050262.1_1411
DSM20176|AZDF01000004.1_37	DSM20176|AZDF01000004.1_37
DSM20176|AZDF01000004.1_37	MGYG|ENA|CABKOL020000102|CABKOL020000102.1_513
DSM20176|AZDF01000004.1_37	FLUB|CP047121.1_1716
DSM20176|AZDF01000004.1_37	LMG07934|CP050262.1_1601
DSM20176|AZDF01000004.1_37	LH500|CP044119.1_1513
DSM20176|AZDF01000004.1_69	DSM20176|AZDF01000004.1_69
DSM20176|AZDF01000004.1_69	MGYG|ENA|CABKOL020000102|CABKOL020000102.1_481
DSM20176|AZDF01000004.1_69	FLUB|CP047121.1_1684
DSM20176|AZDF01000004.1_69	LMG07934|CP050262.1_1569
DSM20176|AZDF01000004.1_69	LH500|CP044119.1_1481
DSM20176|AZDF01000004.1_101	DSM20176|AZDF01000004.1_101
DSM20176|AZDF01000004.1_101	MGYG|ENA|CABKOL020000102|CABKOL020000102.1_450
DSM20176|AZDF01000004.1_101	FLUB|CP047121.1_1653
DSM20176|AZDF01000004.1_101	LMG07934|CP050262.1_1538
DSM20176|AZDF01000004.1_101	LH500|CP044119.1_1449
DSM20176|AZDF01000040.1_10	DSM20176|AZDF01000040.1_10
DSM20176|AZDF01000040.1_10	LH500|CP044119.1_129
DSM20176|AZDF01000040.1_10	FLUB|CP047121.1_116
DSM20176|AZDF01000040.1_10	MGYG|ENA|CABKOL020000106|CABKOL020000106.1_391
DSM20176|AZDF01000040.1_10	LMG07934|CP050262.1_104
DSM20176|AZDF01000043.1_6	DSM20176|AZDF01000043.1_6
DSM20176|AZDF01000043.1_6	LMG07934|CP050262.1_2522
DSM20176|AZDF01000043.1_6	MGYG|ENA|CABKOL020000106|CABKOL020000106.1_60
DSM20176|AZDF01000043.1_6	LH500|CP044119.1_2403
DSM20176|AZDF01000043.1_6	FLUB|CP047121.1_2644
DSM20176|AZDF01000046.1_3	DSM20176|AZDF01000046.1_3
DSM20176|AZDF01000005.1_52	DSM20176|AZDF01000005.1_52
DSM20176|AZDF01000005.1_52	FLUB|CP047121.1_1154
DSM20176|AZDF01000005.1_52	LH500|CP044119.1_936
DSM20176|AZDF01000005.1_52	LMG07934|CP050262.1_963
DSM20176|AZDF01000050.1_5	DSM20176|AZDF01000050.1_5
DSM20176|AZDF01000050.1_5	LH500|CP044119.1_646
DSM20176|AZDF01000050.1_5	LMG07934|CP050262.1_616
DSM20176|AZDF01000056.1_3	DSM20176|AZDF01000056.1_3
DSM20176|AZDF01000056.1_3	FLUB|CP047121.1_876
DSM20176|AZDF01000056.1_3	LH500|CP044119.1_676
DSM20176|AZDF01000056.1_3	MGYG|ENA|CABKOL020000106|CABKOL020000106.1_1091
DSM20176|AZDF01000056.1_3	LMG07934|CP050262.1_713
DSM20176|AZDF01000059.1_10	DSM20176|AZDF01000059.1_10
DSM20176|AZDF01000006.1_32	DSM20176|AZDF01000006.1_32
DSM20176|AZDF01000006.1_32	LH500|CP044119.1_91
DSM20176|AZDF01000006.1_32	LMG07934|CP050262.1_70
DSM20176|AZDF01000006.1_96	DSM20176|AZDF01000006.1_96
DSM20176|AZDF01000006.1_96	LH500|CP044119.1_26
DSM20176|AZDF01000061.1_1	DSM20176|AZDF01000061.1_1
DSM20176|AZDF01000066.1_1	DSM20176|AZDF01000066.1_1
DSM20176|AZDF01000066.1_1	LH500|CP044119.1_152
FLUB|CP047121.1_75	FLUB|CP047121.1_75
FLUB|CP047121.1_75	LMG07934|CP050262.1_57
FLUB|CP047121.1_75	MGYG|ENA|CABKOL020000106|CABKOL020000106.1_350
FLUB|CP047121.1_75	DSM20176|AZDF01000006.1_46
FLUB|CP047121.1_75	LH500|CP044119.1_77
FLUB|CP047121.1_171	FLUB|CP047121.1_171
FLUB|CP047121.1_171	LH500|CP044119.1_179
FLUB|CP047121.1_171	DSM20176|AZDF01000007.1_81
FLUB|CP047121.1_171	MGYG|ENA|CABKOL020000106|CABKOL020000106.1_445
FLUB|CP047121.1_235	FLUB|CP047121.1_235
FLUB|CP047121.1_235	LMG07934|CP050262.1_213
FLUB|CP047121.1_235	DSM20176|AZDF01000007.1_27
FLUB|CP047121.1_235	MGYG|ENA|CABKOL020000106|CABKOL020000106.1_511
FLUB|CP047121.1_235	LH500|CP044119.1_233
FLUB|CP047121.1_395	FLUB|CP047121.1_395
FLUB|CP047121.1_395	LH500|CP044119.1_384
FLUB|CP047121.1_395	MGYG|ENA|CABKOL020000106|CABKOL020000106.1_671
FLUB|CP047121.1_395	DSM20176|AZDF01000035.1_14
FLUB|CP047121.1_395	LMG07934|CP050262.1_355
FLUB|CP047121.1_427	FLUB|CP047121.1_427
FLUB|CP047121.1_427	LH500|CP044119.1_417
FLUB|CP047121.1_427	MGYG|ENA|CABKOL020000106|CABKOL020000106.1_703
FLUB|CP047121.1_427	DSM20176|AZDF01000003.1_102
FLUB|CP047121.1_427	LMG07934|CP050262.1_391
FLUB|CP047121.1_459	FLUB|CP047121.1_459
FLUB|CP047121.1_459	LH500|CP044119.1_450
FLUB|CP047121.1_459	MGYG|ENA|CABKOL020000106|CABKOL020000106.1_735
FLUB|CP047121.1_459	LMG07934|CP050262.1_422
FLUB|CP047121.1_459	DSM20176|AZDF01000003.1_70
FLUB|CP047121.1_491	FLUB|CP047121.1_491
FLUB|CP047121.1_491	LH500|CP044119.1_482
FLUB|CP047121.1_491	MGYG|ENA|CABKOL020000106|CABKOL020000106.1_767
FLUB|CP047121.1_491	DSM20176|AZDF01000003.1_38
FLUB|CP047121.1_491	LMG07934|CP050262.1_456
FLUB|CP047121.1_523	FLUB|CP047121.1_523
FLUB|CP047121.1_523	LH500|CP044119.1_514
FLUB|CP047121.1_523	MGYG|ENA|CABKOL020000106|CABKOL020000106.1_798
FLUB|CP047121.1_523	DSM20176|AZDF01000003.1_7
FLUB|CP047121.1_523	LMG07934|CP050262.1_488
FLUB|CP047121.1_555	FLUB|CP047121.1_555
FLUB|CP047121.1_587	FLUB|CP047121.1_587
FLUB|CP047121.1_875	FLUB|CP047121.1_875
FLUB|CP047121.1_875	DSM20176|AZDF01000056.1_4
FLUB|CP047121.1_875	LH500|CP044119.1_675
FLUB|CP047121.1_875	MGYG|ENA|CABKOL020000106|CABKOL020000106.1_1090
FLUB|CP047121.1_875	LMG07934|CP050262.1_712
FLUB|CP047121.1_971	FLUB|CP047121.1_971
FLUB|CP047121.1_971	DSM20176|AZDF01000031.1_23
FLUB|CP047121.1_971	LMG07934|CP050262.1_796
FLUB|CP047121.1_971	LH500|CP044119.1_771
FLUB|CP047121.1_971	MGYG|ENA|CABKOL020000106|CABKOL020000106.1_1188
FLUB|CP047121.1_1003	FLUB|CP047121.1_1003
FLUB|CP047121.1_1003	LMG07934|CP050262.1_828
FLUB|CP047121.1_1003	LH500|CP044119.1_803
FLUB|CP047121.1_1003	DSM20176|AZDF01000016.1_24
FLUB|CP047121.1_1003	MGYG|ENA|CABKOL020000106|CABKOL020000106.1_1220
FLUB|CP047121.1_1931	FLUB|CP047121.1_1931
FLUB|CP047121.1_1995	FLUB|CP047121.1_1995
FLUB|CP047121.1_1995	MGYG|ENA|CABKOL020000099|CABKOL020000099.1_40
FLUB|CP047121.1_1995	LH500|CP044119.1_1763
FLUB|CP047121.1_1995	LMG07934|CP050262.1_1821
FLUB|CP047121.1_1995	DSM20176|AZDF01000012.1_28
FLUB|CP047121.1_2027	FLUB|CP047121.1_2027
FLUB|CP047121.1_2027	MGYG|ENA|CABKOL020000099|CABKOL020000099.1_7
FLUB|CP047121.1_2027	LH500|CP044119.1_1795
FLUB|CP047121.1_2027	DSM20176|AZDF01000042.1_5
FLUB|CP047121.1_2187	FLUB|CP047121.1_2187
FLUB|CP047121.1_2187	LMG07934|CP050262.1_2008
FLUB|CP047121.1_2187	MGYG|ENA|CABKOL020000104|CABKOL020000104.1_398
FLUB|CP047121.1_2475	FLUB|CP047121.1_2475
FLUB|CP047121.1_2475	LH500|CP044119.1_2270
FLUB|CP047121.1_2475	MGYG|ENA|CABKOL020000104|CABKOL020000104.1_109
FLUB|CP047121.1_2475	LMG07934|CP050262.1_2370
FLUB|CP047121.1_2475	DSM20176|AZDF01000009.1_7
FLUB|CP047121.1_2667	FLUB|CP047121.1_2667
FLUB|CP047121.1_2667	MGYG|ENA|CABKOL020000106|CABKOL020000106.1_83
FLUB|CP047121.1_2699	FLUB|CP047121.1_2699
FLUB|CP047121.1_2763	FLUB|CP047121.1_2763
FLUB|CP047121.1_2763	MGYG|ENA|CABKOL020000106|CABKOL020000106.1_176
FLUB|CP047121.1_2795	FLUB|CP047121.1_2795
FLUB|CP047121.1_2795	MGYG|ENA|CABKOL020000106|CABKOL020000106.1_208
FLUB|CP047123.1_14	FLUB|CP047123.1_14
FLUB|CP047124.1_7	FLUB|CP047124.1_7
LMG07934|CP050262.1_20	LMG07934|CP050262.1_20
LMG07934|CP050262.1_20	FLUB|CP047121.1_20
LMG07934|CP050262.1_20	LH500|CP044119.1_38
LMG07934|CP050262.1_20	MGYG|ENA|CABKOL020000106|CABKOL020000106.1_294
LMG07934|CP050262.1_20	DSM20176|AZDF01000006.1_85
LMG07934|CP050262.1_52	LMG07934|CP050262.1_52
LMG07934|CP050262.1_52	FLUB|CP047121.1_50
LMG07934|CP050262.1_52	LH500|CP044119.1_72
LMG07934|CP050262.1_52	MGYG|ENA|CABKOL020000106|CABKOL020000106.1_324
LMG07934|CP050262.1_52	DSM20176|AZDF01000006.1_51
LMG07934|CP050262.1_116	LMG07934|CP050262.1_116
LMG07934|CP050262.1_244	LMG07934|CP050262.1_244
LMG07934|CP050262.1_340	LMG07934|CP050262.1_340
LMG07934|CP050262.1_340	FLUB|CP047121.1_365
LMG07934|CP050262.1_340	MGYG|ENA|CABKOL020000106|CABKOL020000106.1_642
LMG07934|CP050262.1_340	LH500|CP044119.1_368
LMG07934|CP050262.1_340	DSM20176|AZDF01000029.1_2
LMG07934|CP050262.1_404	LMG07934|CP050262.1_404
LMG07934|CP050262.1_404	FLUB|CP047121.1_436
LMG07934|CP050262.1_404	DSM20176|AZDF01000003.1_93
LMG07934|CP050262.1_404	LH500|CP044119.1_427
LMG07934|CP050262.1_404	MGYG|ENA|CABKOL020000106|CABKOL020000106.1_712
LMG07934|CP050262.1_532	LMG07934|CP050262.1_532
LMG07934|CP050262.1_564	LMG07934|CP050262.1_564
LMG07934|CP050262.1_628	LMG07934|CP050262.1_628
LMG07934|CP050262.1_660	LMG07934|CP050262.1_660
LMG07934|CP050262.1_692	LMG07934|CP050262.1_692
LMG07934|CP050262.1_1236	LMG07934|CP050262.1_1236
LMG07934|CP050262.1_1268	LMG07934|CP050262.1_1268
LMG07934|CP050262.1_1300	LMG07934|CP050262.1_1300
LMG07934|CP050262.1_1780	LMG07934|CP050262.1_1780
LMG07934|CP050262.1_1780	LH500|CP044119.1_1723
LMG07934|CP050262.1_1780	DSM20176|AZDF01000014.1_40
LMG07934|CP050262.1_2004	LMG07934|CP050262.1_2004
LMG07934|CP050262.1_2196	LMG07934|CP050262.1_2196
LMG07934|CP050262.1_2196	MGYG|ENA|CABKOL020000104|CABKOL020000104.1_200
LMG07934|CP050262.1_2196	FLUB|CP047121.1_2385
LMG07934|CP050262.1_2196	LH500|CP044119.1_2095
LMG07934|CP050262.1_2196	DSM20176|AZDF01000033.1_16
LMG07934|CP050262.1_2324	LMG07934|CP050262.1_2324
LMG07934|CP050262.1_2420	LMG07934|CP050262.1_2420
LMG07934|CP050262.1_2420	DSM20176|AZDF01000011.1_6
LMG07934|CP050262.1_2420	FLUB|CP047121.1_2511
LMG07934|CP050262.1_2420	MGYG|ENA|CABKOL020000104|CABKOL020000104.1_73
LMG07934|CP050262.1_2420	LH500|CP044119.1_2309
LMG07934|CP050262.1_2548	LMG07934|CP050262.1_2548
LMG07934|CP050262.1_2548	LH500|CP044119.1_2427
LMG07934|CP050262.1_2548	MGYG|ENA|CABKOL020000106|CABKOL020000106.1_89
LMG07934|CP050262.1_2548	FLUB|CP047121.1_2673
LMG07934|CP050262.1_2548	DSM20176|AZDF01000015.1_34
LMG07934|CP050262.1_2580	LMG07934|CP050262.1_2580
LMG07934|CP050262.1_2644	LMG07934|CP050262.1_2644
LH500|CP044119.1_27	LH500|CP044119.1_27
LH500|CP044119.1_27	DSM20176|AZDF01000006.1_95
LH500|CP044119.1_315	LH500|CP044119.1_315
LH500|CP044119.1_315	FLUB|CP047121.1_301
LH500|CP044119.1_315	DSM20176|AZDF01000041.1_3
LH500|CP044119.1_315	MGYG|ENA|CABKOL020000106|CABKOL020000106.1_578
LH500|CP044119.1_315	LMG07934|CP050262.1_291
LH500|CP044119.1_347	LH500|CP044119.1_347
LH500|CP044119.1_347	FLUB|CP047121.1_337
LH500|CP044119.1_347	DSM20176|AZDF01000029.1_23
LH500|CP044119.1_347	LMG07934|CP050262.1_319
LH500|CP044119.1_347	MGYG|ENA|CABKOL020000106|CABKOL020000106.1_614
LH500|CP044119.1_443	LH500|CP044119.1_443
LH500|CP044119.1_443	DSM20176|AZDF01000003.1_77
LH500|CP044119.1_763	LH500|CP044119.1_763
LH500|CP044119.1_763	DSM20176|AZDF01000031.1_15
LH500|CP044119.1_763	LMG07934|CP050262.1_788
LH500|CP044119.1_891	LH500|CP044119.1_891
LH500|CP044119.1_891	LMG07934|CP050262.1_918
LH500|CP044119.1_891	FLUB|CP047121.1_1108
LH500|CP044119.1_891	DSM20176|AZDF01000005.1_97
LH500|CP044119.1_891	MGYG|ENA|CABKOL020000095|CABKOL020000095.1_16
LH500|CP044119.1_923	LH500|CP044119.1_923
LH500|CP044119.1_923	LMG07934|CP050262.1_950
LH500|CP044119.1_923	FLUB|CP047121.1_1141
LH500|CP044119.1_923	DSM20176|AZDF01000005.1_65
LH500|CP044119.1_923	MGYG|ENA|CABKOL020000095|CABKOL020000095.1_48
LH500|CP044119.1_955	LH500|CP044119.1_955
LH500|CP044119.1_955	LMG07934|CP050262.1_982
LH500|CP044119.1_955	FLUB|CP047121.1_1173
LH500|CP044119.1_955	DSM20176|AZDF01000005.1_33
LH500|CP044119.1_955	MGYG|ENA|CABKOL020000095|CABKOL020000095.1_81
LH500|CP044119.1_987	LH500|CP044119.1_987
LH500|CP044119.1_987	LMG07934|CP050262.1_1013
LH500|CP044119.1_987	FLUB|CP047121.1_1204
LH500|CP044119.1_987	DSM20176|AZDF01000005.1_2
LH500|CP044119.1_987	MGYG|ENA|CABKOL020000095|CABKOL020000095.1_112
LH500|CP044119.1_1691	LH500|CP044119.1_1691
LH500|CP044119.1_1691	FLUB|CP047121.1_1865
LH500|CP044119.1_1691	LMG07934|CP050262.1_1748
LH500|CP044119.1_1691	DSM20176|AZDF01000014.1_8
LH500|CP044119.1_1691	MGYG|ENA|CABKOL020000102|CABKOL020000102.1_661
LH500|CP044119.1_1819	LH500|CP044119.1_1819
LH500|CP044119.1_1819	DSM20176|AZDF01000026.1_33
LH500|CP044119.1_1851	LH500|CP044119.1_1851
LH500|CP044119.1_1851	DSM20176|AZDF01000026.1_1
LH500|CP044119.1_1883	LH500|CP044119.1_1883
LH500|CP044119.1_1883	FLUB|CP047121.1_2064
LH500|CP044119.1_1883	MGYG|ENA|CABKOL020000104|CABKOL020000104.1_521
LH500|CP044119.1_1883	DSM20176|AZDF01000001.1_29
LH500|CP044119.1_1883	LMG07934|CP050262.1_1886
LH500|CP044119.1_1915	LH500|CP044119.1_1915
LH500|CP044119.1_1915	FLUB|CP047121.1_2096
LH500|CP044119.1_1915	MGYG|ENA|CABKOL020000104|CABKOL020000104.1_489
LH500|CP044119.1_1915	DSM20176|AZDF01000001.1_61
LH500|CP044119.1_1915	LMG07934|CP050262.1_1918
LH500|CP044119.1_1947	LH500|CP044119.1_1947
LH500|CP044119.1_1947	FLUB|CP047121.1_2128
LH500|CP044119.1_1947	MGYG|ENA|CABKOL020000104|CABKOL020000104.1_457
LH500|CP044119.1_1947	DSM20176|AZDF01000001.1_93
LH500|CP044119.1_1947	LMG07934|CP050262.1_1950
LH500|CP044119.1_1979	LH500|CP044119.1_1979
LH500|CP044119.1_1979	MGYG|ENA|CABKOL020000104|CABKOL020000104.1_424
LH500|CP044119.1_1979	FLUB|CP047121.1_2161
LH500|CP044119.1_1979	DSM20176|AZDF01000001.1_125
LH500|CP044119.1_1979	LMG07934|CP050262.1_1982
LH500|CP044119.1_2011	LH500|CP044119.1_2011
LH500|CP044119.1_2011	FLUB|CP047121.1_2192
LH500|CP044119.1_2011	MGYG|ENA|CABKOL020000104|CABKOL020000104.1_393
LH500|CP044119.1_2011	DSM20176|AZDF01000001.1_157
LH500|CP044119.1_2011	LMG07934|CP050262.1_2014
LH500|CP044119.1_2043	LH500|CP044119.1_2043
LH500|CP044119.1_2043	MGYG|ENA|CABKOL020000104|CABKOL020000104.1_360
LH500|CP044119.1_2043	FLUB|CP047121.1_2225
LH500|CP044119.1_2043	DSM20176|AZDF01000001.1_188
LH500|CP044119.1_2043	LMG07934|CP050262.1_2046
MGYG|ENA|CABKOL020000042|CABKOL020000042.1_1	MGYG|ENA|CABKOL020000042|CABKOL020000042.1_1
MGYG|ENA|CABKOL020000073|CABKOL020000073.1_2	MGYG|ENA|CABKOL020000073|CABKOL020000073.1_2
MGYG|ENA|CABKOL020000094|CABKOL020000094.1_1	MGYG|ENA|CABKOL020000094|CABKOL020000094.1_1
MGYG|ENA|CABKOL020000095|CABKOL020000095.1_62	MGYG|ENA|CABKOL020000095|CABKOL020000095.1_62
MGYG|ENA|CABKOL020000099|CABKOL020000099.1_39	MGYG|ENA|CABKOL020000099|CABKOL020000099.1_39
MGYG|ENA|CABKOL020000099|CABKOL020000099.1_39	FLUB|CP047121.1_1996
MGYG|ENA|CABKOL020000099|CABKOL020000099.1_39	LH500|CP044119.1_1764
MGYG|ENA|CABKOL020000099|CABKOL020000099.1_39	LMG07934|CP050262.1_1822
MGYG|ENA|CABKOL020000099|CABKOL020000099.1_39	DSM20176|AZDF01000012.1_29
MGYG|ENA|CABKOL020000100|CABKOL020000100.1_4	MGYG|ENA|CABKOL020000100|CABKOL020000100.1_4
MGYG|ENA|CABKOL020000101|CABKOL020000101.1_13	MGYG|ENA|CABKOL020000101|CABKOL020000101.1_13
MGYG|ENA|CABKOL020000101|CABKOL020000101.1_13	FLUB|CP047122.1_1
MGYG|ENA|CABKOL020000102|CABKOL020000102.1_32	MGYG|ENA|CABKOL020000102|CABKOL020000102.1_32
MGYG|ENA|CABKOL020000102|CABKOL020000102.1_32	LMG07934|CP050262.1_1047
MGYG|ENA|CABKOL020000102|CABKOL020000102.1_32	LH500|CP044119.1_1026
MGYG|ENA|CABKOL020000102|CABKOL020000102.1_32	FLUB|CP047121.1_1238
MGYG|ENA|CABKOL020000102|CABKOL020000102.1_32	DSM20176|AZDF01000002.1_188
MGYG|ENA|CABKOL020000102|CABKOL020000102.1_256	MGYG|ENA|CABKOL020000102|CABKOL020000102.1_256
MGYG|ENA|CABKOL020000102|CABKOL020000102.1_256	DSM20176|AZDF01000018.1_25
MGYG|ENA|CABKOL020000102|CABKOL020000102.1_256	FLUB|CP047121.1_1459
MGYG|ENA|CABKOL020000102|CABKOL020000102.1_256	LH500|CP044119.1_1253
MGYG|ENA|CABKOL020000102|CABKOL020000102.1_256	LMG07934|CP050262.1_1346
MGYG|ENA|CABKOL020000102|CABKOL020000102.1_288	MGYG|ENA|CABKOL020000102|CABKOL020000102.1_288
MGYG|ENA|CABKOL020000102|CABKOL020000102.1_288	DSM20176|AZDF01000013.1_22
MGYG|ENA|CABKOL020000102|CABKOL020000102.1_288	FLUB|CP047121.1_1491
MGYG|ENA|CABKOL020000102|CABKOL020000102.1_288	LH500|CP044119.1_1285
MGYG|ENA|CABKOL020000102|CABKOL020000102.1_288	LMG07934|CP050262.1_1378
MGYG|ENA|CABKOL020000102|CABKOL020000102.1_448	MGYG|ENA|CABKOL020000102|CABKOL020000102.1_448
MGYG|ENA|CABKOL020000102|CABKOL020000102.1_448	DSM20176|AZDF01000004.1_103
MGYG|ENA|CABKOL020000102|CABKOL020000102.1_448	FLUB|CP047121.1_1651
MGYG|ENA|CABKOL020000102|CABKOL020000102.1_448	LMG07934|CP050262.1_1536
MGYG|ENA|CABKOL020000102|CABKOL020000102.1_448	LH500|CP044119.1_1447
MGYG|ENA|CABKOL020000102|CABKOL020000102.1_480	MGYG|ENA|CABKOL020000102|CABKOL020000102.1_480
MGYG|ENA|CABKOL020000102|CABKOL020000102.1_480	DSM20176|AZDF01000004.1_70
MGYG|ENA|CABKOL020000102|CABKOL020000102.1_480	FLUB|CP047121.1_1683
MGYG|ENA|CABKOL020000102|CABKOL020000102.1_480	LMG07934|CP050262.1_1568
MGYG|ENA|CABKOL020000102|CABKOL020000102.1_480	LH500|CP044119.1_1480
MGYG|ENA|CABKOL020000102|CABKOL020000102.1_512	MGYG|ENA|CABKOL020000102|CABKOL020000102.1_512
MGYG|ENA|CABKOL020000102|CABKOL020000102.1_512	DSM20176|AZDF01000004.1_38
MGYG|ENA|CABKOL020000102|CABKOL020000102.1_512	FLUB|CP047121.1_1715
MGYG|ENA|CABKOL020000102|CABKOL020000102.1_512	LMG07934|CP050262.1_1600
MGYG|ENA|CABKOL020000102|CABKOL020000102.1_512	LH500|CP044119.1_1512
MGYG|ENA|CABKOL020000102|CABKOL020000102.1_576	MGYG|ENA|CABKOL020000102|CABKOL020000102.1_576
MGYG|ENA|CABKOL020000102|CABKOL020000102.1_576	FLUB|CP047121.1_1779
MGYG|ENA|CABKOL020000102|CABKOL020000102.1_576	LMG07934|CP050262.1_1663
MGYG|ENA|CABKOL020000102|CABKOL020000102.1_576	LH500|CP044119.1_1575
MGYG|ENA|CABKOL020000102|CABKOL020000102.1_576	DSM20176|AZDF01000017.1_17
MGYG|ENA|CABKOL020000102|CABKOL020000102.1_608	MGYG|ENA|CABKOL020000102|CABKOL020000102.1_608
MGYG|ENA|CABKOL020000102|CABKOL020000102.1_608	DSM20176|AZDF01000025.1_15
MGYG|ENA|CABKOL020000102|CABKOL020000102.1_608	FLUB|CP047121.1_1811
MGYG|ENA|CABKOL020000102|CABKOL020000102.1_608	LMG07934|CP050262.1_1696
MGYG|ENA|CABKOL020000102|CABKOL020000102.1_608	LH500|CP044119.1_1607
MGYG|ENA|CABKOL020000102|CABKOL020000102.1_640	MGYG|ENA|CABKOL020000102|CABKOL020000102.1_640
MGYG|ENA|CABKOL020000102|CABKOL020000102.1_640	DSM20176|AZDF01000023.1_16
MGYG|ENA|CABKOL020000102|CABKOL020000102.1_640	FLUB|CP047121.1_1844
MGYG|ENA|CABKOL020000102|CABKOL020000102.1_640	LMG07934|CP050262.1_1727
MGYG|ENA|CABKOL020000102|CABKOL020000102.1_640	LH500|CP044119.1_1641
MGYG|ENA|CABKOL020000102|CABKOL020000102.1_672	MGYG|ENA|CABKOL020000102|CABKOL020000102.1_672
MGYG|ENA|CABKOL020000102|CABKOL020000102.1_672	FLUB|CP047121.1_1875
MGYG|ENA|CABKOL020000102|CABKOL020000102.1_672	LMG07934|CP050262.1_1759
MGYG|ENA|CABKOL020000102|CABKOL020000102.1_672	LH500|CP044119.1_1702
MGYG|ENA|CABKOL020000102|CABKOL020000102.1_672	DSM20176|AZDF01000014.1_19
MGYG|ENA|CABKOL020000103|CABKOL020000103.1_1	MGYG|ENA|CABKOL020000103|CABKOL020000103.1_1
MGYG|ENA|CABKOL020000104|CABKOL020000104.1_260	MGYG|ENA|CABKOL020000104|CABKOL020000104.1_260
MGYG|ENA|CABKOL020000104|CABKOL020000104.1_260	LMG07934|CP050262.1_2133
MGYG|ENA|CABKOL020000104|CABKOL020000104.1_260	FLUB|CP047121.1_2325
MGYG|ENA|CABKOL020000104|CABKOL020000104.1_292	MGYG|ENA|CABKOL020000104|CABKOL020000104.1_292
MGYG|ENA|CABKOL020000104|CABKOL020000104.1_292	LMG07934|CP050262.1_2106
MGYG|ENA|CABKOL020000104|CABKOL020000104.1_292	FLUB|CP047121.1_2293
MGYG|ENA|CABKOL020000104|CABKOL020000104.1_356	MGYG|ENA|CABKOL020000104|CABKOL020000104.1_356
MGYG|ENA|CABKOL020000104|CABKOL020000104.1_356	LH500|CP044119.1_2047
MGYG|ENA|CABKOL020000104|CABKOL020000104.1_356	FLUB|CP047121.1_2229
MGYG|ENA|CABKOL020000104|CABKOL020000104.1_356	DSM20176|AZDF01000001.1_192
MGYG|ENA|CABKOL020000104|CABKOL020000104.1_356	LMG07934|CP050262.1_2050
MGYG|ENA|CABKOL020000104|CABKOL020000104.1_388	MGYG|ENA|CABKOL020000104|CABKOL020000104.1_388
MGYG|ENA|CABKOL020000104|CABKOL020000104.1_388	LH500|CP044119.1_2016
MGYG|ENA|CABKOL020000104|CABKOL020000104.1_388	FLUB|CP047121.1_2197
MGYG|ENA|CABKOL020000104|CABKOL020000104.1_388	DSM20176|AZDF01000001.1_162
MGYG|ENA|CABKOL020000104|CABKOL020000104.1_388	LMG07934|CP050262.1_2019
MGYG|ENA|CABKOL020000104|CABKOL020000104.1_420	MGYG|ENA|CABKOL020000104|CABKOL020000104.1_420
MGYG|ENA|CABKOL020000104|CABKOL020000104.1_420	LH500|CP044119.1_1983
MGYG|ENA|CABKOL020000104|CABKOL020000104.1_420	FLUB|CP047121.1_2165
MGYG|ENA|CABKOL020000104|CABKOL020000104.1_420	DSM20176|AZDF01000001.1_129
MGYG|ENA|CABKOL020000104|CABKOL020000104.1_420	LMG07934|CP050262.1_1986
MGYG|ENA|CABKOL020000104|CABKOL020000104.1_452	MGYG|ENA|CABKOL020000104|CABKOL020000104.1_452
MGYG|ENA|CABKOL020000104|CABKOL020000104.1_452	LH500|CP044119.1_1952
MGYG|ENA|CABKOL020000104|CABKOL020000104.1_452	FLUB|CP047121.1_2133
MGYG|ENA|CABKOL020000104|CABKOL020000104.1_452	DSM20176|AZDF01000001.1_98
MGYG|ENA|CABKOL020000104|CABKOL020000104.1_452	LMG07934|CP050262.1_1955
MGYG|ENA|CABKOL020000104|CABKOL020000104.1_484	MGYG|ENA|CABKOL020000104|CABKOL020000104.1_484
MGYG|ENA|CABKOL020000104|CABKOL020000104.1_484	LH500|CP044119.1_1920
MGYG|ENA|CABKOL020000104|CABKOL020000104.1_484	FLUB|CP047121.1_2101
MGYG|ENA|CABKOL020000104|CABKOL020000104.1_484	DSM20176|AZDF01000001.1_66
MGYG|ENA|CABKOL020000104|CABKOL020000104.1_484	LMG07934|CP050262.1_1923
MGYG|ENA|CABKOL020000104|CABKOL020000104.1_516	MGYG|ENA|CABKOL020000104|CABKOL020000104.1_516
MGYG|ENA|CABKOL020000104|CABKOL020000104.1_516	LH500|CP044119.1_1888
MGYG|ENA|CABKOL020000104|CABKOL020000104.1_516	FLUB|CP047121.1_2069
MGYG|ENA|CABKOL020000104|CABKOL020000104.1_516	DSM20176|AZDF01000001.1_34
MGYG|ENA|CABKOL020000104|CABKOL020000104.1_516	LMG07934|CP050262.1_1891
MGYG|ENA|CABKOL020000104|CABKOL020000104.1_548	MGYG|ENA|CABKOL020000104|CABKOL020000104.1_548
MGYG|ENA|CABKOL020000104|CABKOL020000104.1_548	LH500|CP044119.1_1855
MGYG|ENA|CABKOL020000104|CABKOL020000104.1_548	FLUB|CP047121.1_2037
MGYG|ENA|CABKOL020000104|CABKOL020000104.1_548	DSM20176|AZDF01000001.1_3
MGYG|ENA|CABKOL020000104|CABKOL020000104.1_548	LMG07934|CP050262.1_1860
MGYG|ENA|CABKOL020000105|CABKOL020000105.1_30	MGYG|ENA|CABKOL020000105|CABKOL020000105.1_30
MGYG|ENA|CABKOL020000106|CABKOL020000106.1_21	MGYG|ENA|CABKOL020000106|CABKOL020000106.1_21
MGYG|ENA|CABKOL020000106|CABKOL020000106.1_21	DSM20176|AZDF01000021.1_20
MGYG|ENA|CABKOL020000106|CABKOL020000106.1_21	FLUB|CP047121.1_2605
MGYG|ENA|CABKOL020000106|CABKOL020000106.1_21	LMG07934|CP050262.1_2494
MGYG|ENA|CABKOL020000106|CABKOL020000106.1_21	LH500|CP044119.1_2378
MGYG|ENA|CABKOL020000106|CABKOL020000106.1_149	MGYG|ENA|CABKOL020000106|CABKOL020000106.1_149
MGYG|ENA|CABKOL020000106|CABKOL020000106.1_149	FLUB|CP047121.1_2735
MGYG|ENA|CABKOL020000106|CABKOL020000106.1_149	LH500|CP044119.1_2465
MGYG|ENA|CABKOL020000106|CABKOL020000106.1_149	LMG07934|CP050262.1_2587
MGYG|ENA|CABKOL020000106|CABKOL020000106.1_149	DSM20176|AZDF01000022.1_5
MGYG|ENA|CABKOL020000106|CABKOL020000106.1_341	MGYG|ENA|CABKOL020000106|CABKOL020000106.1_341
MGYG|ENA|CABKOL020000106|CABKOL020000106.1_341	FLUB|CP047121.1_66
MGYG|ENA|CABKOL020000106|CABKOL020000106.1_373	MGYG|ENA|CABKOL020000106|CABKOL020000106.1_373
MGYG|ENA|CABKOL020000106|CABKOL020000106.1_373	FLUB|CP047121.1_98
MGYG|ENA|CABKOL020000106|CABKOL020000106.1_533	MGYG|ENA|CABKOL020000106|CABKOL020000106.1_533
MGYG|ENA|CABKOL020000106|CABKOL020000106.1_533	FLUB|CP047121.1_257
MGYG|ENA|CABKOL020000106|CABKOL020000106.1_565	MGYG|ENA|CABKOL020000106|CABKOL020000106.1_565
MGYG|ENA|CABKOL020000106|CABKOL020000106.1_565	DSM20176|AZDF01000019.1_20
MGYG|ENA|CABKOL020000106|CABKOL020000106.1_565	LH500|CP044119.1_292
MGYG|ENA|CABKOL020000106|CABKOL020000106.1_565	FLUB|CP047121.1_288
MGYG|ENA|CABKOL020000106|CABKOL020000106.1_565	LMG07934|CP050262.1_272
MGYG|ENA|CABKOL020000106|CABKOL020000106.1_725	MGYG|ENA|CABKOL020000106|CABKOL020000106.1_725
MGYG|ENA|CABKOL020000106|CABKOL020000106.1_725	FLUB|CP047121.1_449
MGYG|ENA|CABKOL020000106|CABKOL020000106.1_821	MGYG|ENA|CABKOL020000106|CABKOL020000106.1_821
MGYG|ENA|CABKOL020000106|CABKOL020000106.1_821	FLUB|CP047121.1_545
MGYG|ENA|CABKOL020000106|CABKOL020000106.1_821	LH500|CP044119.1_534
MGYG|ENA|CABKOL020000106|CABKOL020000106.1_821	LMG07934|CP050262.1_508
MGYG|ENA|CABKOL020000106|CABKOL020000106.1_821	DSM20176|AZDF01000010.1_14
MGYG|ENA|CABKOL020000106|CABKOL020000106.1_885	MGYG|ENA|CABKOL020000106|CABKOL020000106.1_885
MGYG|ENA|CABKOL020000106|CABKOL020000106.1_885	FLUB|CP047121.1_674
MGYG|ENA|CABKOL020000106|CABKOL020000106.1_917	MGYG|ENA|CABKOL020000106|CABKOL020000106.1_917
MGYG|ENA|CABKOL020000106|CABKOL020000106.1_917	FLUB|CP047121.1_706
MGYG|ENA|CABKOL020000106|CABKOL020000106.1_1237	MGYG|ENA|CABKOL020000106|CABKOL020000106.1_1237
MGYG|ENA|CABKOL020000106|CABKOL020000106.1_1237	LH500|CP044119.1_820
MGYG|ENA|CABKOL020000106|CABKOL020000106.1_1237	LMG07934|CP050262.1_846
MGYG|ENA|CABKOL020000106|CABKOL020000106.1_1237	DSM20176|AZDF01000016.1_6
MGYG|ENA|CABKOL020000106|CABKOL020000106.1_1237	FLUB|CP047121.1_1019
MGYG|ENA|CABKOL020000106|CABKOL020000106.1_1269	MGYG|ENA|CABKOL020000106|CABKOL020000106.1_1269
MGYG|ENA|CABKOL020000106|CABKOL020000106.1_1301	MGYG|ENA|CABKOL020000106|CABKOL020000106.1_1301
MGYG|ENA|CABKOL020000106|CABKOL020000106.1_1301	DSM20176|AZDF01000030.1_18
MGYG|ENA|CABKOL020000106|CABKOL020000106.1_1301	LH500|CP044119.1_864
MGYG|ENA|CABKOL020000106|CABKOL020000106.1_1301	LMG07934|CP050262.1_891
MGYG|ENA|CABKOL020000106|CABKOL020000106.1_1301	FLUB|CP047121.1_1081
DSM20176|AZDF01000001.1_149	DSM20176|AZDF01000001.1_149
DSM20176|AZDF01000001.1_149	LH500|CP044119.1_2003
DSM20176|AZDF01000010.1_25	DSM20176|AZDF01000010.1_25
DSM20176|AZDF01000010.1_25	FLUB|CP047121.1_623
DSM20176|AZDF01000010.1_25	LH500|CP044119.1_545
DSM20176|AZDF01000010.1_25	MGYG|ENA|CABKOL020000106|CABKOL020000106.1_832
DSM20176|AZDF01000010.1_25	LMG07934|CP050262.1_521
DSM20176|AZDF01000011.1_12	DSM20176|AZDF01000011.1_12
DSM20176|AZDF01000011.1_12	FLUB|CP047121.1_2540
DSM20176|AZDF01000011.1_12	LMG07934|CP050262.1_2426
DSM20176|AZDF01000011.1_12	MGYG|ENA|CABKOL020000104|CABKOL020000104.1_44
DSM20176|AZDF01000011.1_12	LH500|CP044119.1_2315
DSM20176|AZDF01000011.1_44	DSM20176|AZDF01000011.1_44
DSM20176|AZDF01000011.1_44	FLUB|CP047121.1_2572
DSM20176|AZDF01000011.1_44	LMG07934|CP050262.1_2458
DSM20176|AZDF01000011.1_44	MGYG|ENA|CABKOL020000104|CABKOL020000104.1_12
DSM20176|AZDF01000011.1_44	LH500|CP044119.1_2347
DSM20176|AZDF01000013.1_21	DSM20176|AZDF01000013.1_21
DSM20176|AZDF01000013.1_21	MGYG|ENA|CABKOL020000102|CABKOL020000102.1_287
DSM20176|AZDF01000013.1_21	FLUB|CP047121.1_1490
DSM20176|AZDF01000013.1_21	LH500|CP044119.1_1284
DSM20176|AZDF01000013.1_21	LMG07934|CP050262.1_1377
DSM20176|AZDF01000015.1_22	DSM20176|AZDF01000015.1_22
DSM20176|AZDF01000015.1_22	LMG07934|CP050262.1_2560
DSM20176|AZDF01000015.1_22	LH500|CP044119.1_2439
DSM20176|AZDF01000015.1_22	MGYG|ENA|CABKOL020000106|CABKOL020000106.1_101
DSM20176|AZDF01000015.1_22	FLUB|CP047121.1_2685
DSM20176|AZDF01000002.1_168	DSM20176|AZDF01000002.1_168
DSM20176|AZDF01000002.1_168	LH500|CP044119.1_1046
DSM20176|AZDF01000002.1_168	LMG07934|CP050262.1_1067
DSM20176|AZDF01000022.1_17	DSM20176|AZDF01000022.1_17
DSM20176|AZDF01000022.1_17	MGYG|ENA|CABKOL020000106|CABKOL020000106.1_162
DSM20176|AZDF01000022.1_17	FLUB|CP047121.1_2749
DSM20176|AZDF01000022.1_17	LH500|CP044119.1_2477
DSM20176|AZDF01000022.1_17	LMG07934|CP050262.1_2600
DSM20176|AZDF01000024.1_11	DSM20176|AZDF01000024.1_11
DSM20176|AZDF01000024.1_11	LH500|CP044119.1_2567
DSM20176|AZDF01000024.1_11	LMG07934|CP050262.1_2694
DSM20176|AZDF01000026.1_11	DSM20176|AZDF01000026.1_11
DSM20176|AZDF01000026.1_11	LH500|CP044119.1_1841
DSM20176|AZDF01000028.1_9	DSM20176|AZDF01000028.1_9
DSM20176|AZDF01000028.1_9	LH500|CP044119.1_2536
DSM20176|AZDF01000028.1_9	MGYG|ENA|CABKOL020000106|CABKOL020000106.1_227
DSM20176|AZDF01000028.1_9	FLUB|CP047121.1_2814
DSM20176|AZDF01000028.1_9	LMG07934|CP050262.1_2664
DSM20176|AZDF01000034.1_30	DSM20176|AZDF01000034.1_30
DSM20176|AZDF01000034.1_30	LH500|CP044119.1_2526
DSM20176|AZDF01000034.1_30	LMG07934|CP050262.1_2655
DSM20176|AZDF01000038.1_9	DSM20176|AZDF01000038.1_9
DSM20176|AZDF01000038.1_9	MGYG|ENA|CABKOL020000102|CABKOL020000102.1_321
DSM20176|AZDF01000038.1_9	FLUB|CP047121.1_1524
DSM20176|AZDF01000038.1_9	LH500|CP044119.1_1319
DSM20176|AZDF01000038.1_9	LMG07934|CP050262.1_1412
DSM20176|AZDF01000004.1_6	DSM20176|AZDF01000004.1_6
DSM20176|AZDF01000004.1_6	LMG07934|CP050262.1_1632
DSM20176|AZDF01000004.1_6	LH500|CP044119.1_1544
DSM20176|AZDF01000004.1_102	DSM20176|AZDF01000004.1_102
DSM20176|AZDF01000004.1_102	MGYG|ENA|CABKOL020000102|CABKOL020000102.1_449
DSM20176|AZDF01000004.1_102	FLUB|CP047121.1_1652
DSM20176|AZDF01000004.1_102	LMG07934|CP050262.1_1537
DSM20176|AZDF01000004.1_102	LH500|CP044119.1_1448
DSM20176|AZDF01000040.1_11	DSM20176|AZDF01000040.1_11
DSM20176|AZDF01000040.1_11	LH500|CP044119.1_128
DSM20176|AZDF01000040.1_11	FLUB|CP047121.1_115
DSM20176|AZDF01000040.1_11	MGYG|ENA|CABKOL020000106|CABKOL020000106.1_390
DSM20176|AZDF01000040.1_11	LMG07934|CP050262.1_103
DSM20176|AZDF01000043.1_7	DSM20176|AZDF01000043.1_7
DSM20176|AZDF01000043.1_7	LMG07934|CP050262.1_2523
DSM20176|AZDF01000043.1_7	LH500|CP044119.1_2404
DSM20176|AZDF01000046.1_4	DSM20176|AZDF01000046.1_4
DSM20176|AZDF01000050.1_6	DSM20176|AZDF01000050.1_6
DSM20176|AZDF01000050.1_6	LH500|CP044119.1_647
DSM20176|AZDF01000050.1_6	LMG07934|CP050262.1_617
DSM20176|AZDF01000006.1_97	DSM20176|AZDF01000006.1_97
DSM20176|AZDF01000006.1_97	LH500|CP044119.1_25
DSM20176|AZDF01000061.1_2	DSM20176|AZDF01000061.1_2
DSM20176|AZDF01000066.1_2	DSM20176|AZDF01000066.1_2
DSM20176|AZDF01000066.1_2	LH500|CP044119.1_153
FLUB|CP047121.1_76	FLUB|CP047121.1_76
FLUB|CP047121.1_76	LMG07934|CP050262.1_58
FLUB|CP047121.1_76	MGYG|ENA|CABKOL020000106|CABKOL020000106.1_351
FLUB|CP047121.1_76	DSM20176|AZDF01000006.1_45
FLUB|CP047121.1_76	LH500|CP044119.1_78
FLUB|CP047121.1_236	FLUB|CP047121.1_236
FLUB|CP047121.1_236	LMG07934|CP050262.1_214
FLUB|CP047121.1_236	DSM20176|AZDF01000007.1_26
FLUB|CP047121.1_236	MGYG|ENA|CABKOL020000106|CABKOL020000106.1_512
FLUB|CP047121.1_236	LH500|CP044119.1_234
FLUB|CP047121.1_268	FLUB|CP047121.1_268
FLUB|CP047121.1_268	DSM20176|AZDF01000067.1_1
FLUB|CP047121.1_268	MGYG|ENA|CABKOL020000106|CABKOL020000106.1_544
FLUB|CP047121.1_268	LH500|CP044119.1_270
FLUB|CP047121.1_332	FLUB|CP047121.1_332
FLUB|CP047121.1_332	LH500|CP044119.1_340
FLUB|CP047121.1_332	LMG07934|CP050262.1_314
FLUB|CP047121.1_332	MGYG|ENA|CABKOL020000106|CABKOL020000106.1_609
FLUB|CP047121.1_332	DSM20176|AZDF01000036.1_3
FLUB|CP047121.1_396	FLUB|CP047121.1_396
FLUB|CP047121.1_396	LH500|CP044119.1_385
FLUB|CP047121.1_396	MGYG|ENA|CABKOL020000106|CABKOL020000106.1_672
FLUB|CP047121.1_396	DSM20176|AZDF01000035.1_15
FLUB|CP047121.1_396	LMG07934|CP050262.1_356
FLUB|CP047121.1_428	FLUB|CP047121.1_428
FLUB|CP047121.1_428	LH500|CP044119.1_418
FLUB|CP047121.1_428	MGYG|ENA|CABKOL020000106|CABKOL020000106.1_704
FLUB|CP047121.1_428	DSM20176|AZDF01000003.1_101
FLUB|CP047121.1_428	LMG07934|CP050262.1_392
FLUB|CP047121.1_460	FLUB|CP047121.1_460
FLUB|CP047121.1_460	LH500|CP044119.1_451
FLUB|CP047121.1_460	MGYG|ENA|CABKOL020000106|CABKOL020000106.1_736
FLUB|CP047121.1_460	DSM20176|AZDF01000003.1_69
FLUB|CP047121.1_460	LMG07934|CP050262.1_423
FLUB|CP047121.1_492	FLUB|CP047121.1_492
FLUB|CP047121.1_492	LH500|CP044119.1_483
FLUB|CP047121.1_492	MGYG|ENA|CABKOL020000106|CABKOL020000106.1_768
FLUB|CP047121.1_492	DSM20176|AZDF01000003.1_37
FLUB|CP047121.1_492	LMG07934|CP050262.1_457
FLUB|CP047121.1_524	FLUB|CP047121.1_524
FLUB|CP047121.1_524	LH500|CP044119.1_515
FLUB|CP047121.1_524	MGYG|ENA|CABKOL020000106|CABKOL020000106.1_799
FLUB|CP047121.1_524	DSM20176|AZDF01000003.1_6
FLUB|CP047121.1_524	LMG07934|CP050262.1_489
FLUB|CP047121.1_556	FLUB|CP047121.1_556
FLUB|CP047121.1_588	FLUB|CP047121.1_588
FLUB|CP047121.1_940	FLUB|CP047121.1_940
FLUB|CP047121.1_940	LH500|CP044119.1_734
FLUB|CP047121.1_940	LMG07934|CP050262.1_769
FLUB|CP047121.1_940	MGYG|ENA|CABKOL020000106|CABKOL020000106.1_1155
FLUB|CP047121.1_940	DSM20176|AZDF01000045.1_3
FLUB|CP047121.1_972	FLUB|CP047121.1_972
FLUB|CP047121.1_972	DSM20176|AZDF01000031.1_24
FLUB|CP047121.1_972	LMG07934|CP050262.1_797
FLUB|CP047121.1_972	LH500|CP044119.1_772
FLUB|CP047121.1_972	MGYG|ENA|CABKOL020000106|CABKOL020000106.1_1189
FLUB|CP047121.1_1004	FLUB|CP047121.1_1004
FLUB|CP047121.1_1004	LMG07934|CP050262.1_829
FLUB|CP047121.1_1004	LH500|CP044119.1_804
FLUB|CP047121.1_1004	DSM20176|AZDF01000016.1_23
FLUB|CP047121.1_1004	MGYG|ENA|CABKOL020000106|CABKOL020000106.1_1221
FLUB|CP047121.1_1932	FLUB|CP047121.1_1932
FLUB|CP047121.1_2060	FLUB|CP047121.1_2060
FLUB|CP047121.1_2060	DSM20176|AZDF01000001.1_25
FLUB|CP047121.1_2060	LMG07934|CP050262.1_1882
FLUB|CP047121.1_2060	MGYG|ENA|CABKOL020000104|CABKOL020000104.1_525
FLUB|CP047121.1_2316	FLUB|CP047121.1_2316
FLUB|CP047121.1_2316	LMG07934|CP050262.1_2126
FLUB|CP047121.1_2316	MGYG|ENA|CABKOL020000104|CABKOL020000104.1_269
FLUB|CP047121.1_2476	FLUB|CP047121.1_2476
FLUB|CP047121.1_2476	LH500|CP044119.1_2271
FLUB|CP047121.1_2476	MGYG|ENA|CABKOL020000104|CABKOL020000104.1_108
FLUB|CP047121.1_2476	LMG07934|CP050262.1_2371
FLUB|CP047121.1_2476	DSM20176|AZDF01000009.1_6
FLUB|CP047121.1_2636	FLUB|CP047121.1_2636
FLUB|CP047121.1_2636	MGYG|ENA|CABKOL020000106|CABKOL020000106.1_52
FLUB|CP047121.1_2668	FLUB|CP047121.1_2668
FLUB|CP047121.1_2668	MGYG|ENA|CABKOL020000106|CABKOL020000106.1_84
FLUB|CP047121.1_2700	FLUB|CP047121.1_2700
FLUB|CP047121.1_2700	MGYG|ENA|CABKOL020000106|CABKOL020000106.1_114
FLUB|CP047123.1_15	FLUB|CP047123.1_15
FLUB|CP047124.1_8	FLUB|CP047124.1_8
FLUB|CP047124.1_8	MGYG|ENA|CABKOL020000103|CABKOL020000103.1_23
FLUB|CP047125.1_1	FLUB|CP047125.1_1
LMG07934|CP050262.1_21	LMG07934|CP050262.1_21
LMG07934|CP050262.1_21	FLUB|CP047121.1_21
LMG07934|CP050262.1_21	LH500|CP044119.1_39
LMG07934|CP050262.1_21	MGYG|ENA|CABKOL020000106|CABKOL020000106.1_295
LMG07934|CP050262.1_21	DSM20176|AZDF01000006.1_84
LMG07934|CP050262.1_117	LMG07934|CP050262.1_117
LMG07934|CP050262.1_245	LMG07934|CP050262.1_245
LMG07934|CP050262.1_405	LMG07934|CP050262.1_405
LMG07934|CP050262.1_405	DSM20176|AZDF01000003.1_92
LMG07934|CP050262.1_405	LH500|CP044119.1_428
LMG07934|CP050262.1_533	LMG07934|CP050262.1_533
LMG07934|CP050262.1_533	DSM20176|AZDF01000010.1_37
LMG07934|CP050262.1_533	LH500|CP044119.1_557
LMG07934|CP050262.1_565	LMG07934|CP050262.1_565
LMG07934|CP050262.1_661	LMG07934|CP050262.1_661
LMG07934|CP050262.1_693	LMG07934|CP050262.1_693
LMG07934|CP050262.1_1045	LMG07934|CP050262.1_1045
LMG07934|CP050262.1_1045	LH500|CP044119.1_1024
LMG07934|CP050262.1_1045	DSM20176|AZDF01000002.1_190
LMG07934|CP050262.1_1045	FLUB|CP047121.1_1236
LMG07934|CP050262.1_1045	MGYG|ENA|CABKOL020000102|CABKOL020000102.1_30
LMG07934|CP050262.1_1237	LMG07934|CP050262.1_1237
LMG07934|CP050262.1_1269	LMG07934|CP050262.1_1269
LMG07934|CP050262.1_2165	LMG07934|CP050262.1_2165
LMG07934|CP050262.1_2165	FLUB|CP047121.1_2357
LMG07934|CP050262.1_2165	MGYG|ENA|CABKOL020000104|CABKOL020000104.1_228
LMG07934|CP050262.1_2261	LMG07934|CP050262.1_2261
LMG07934|CP050262.1_2549	LMG07934|CP050262.1_2549
LMG07934|CP050262.1_2549	LH500|CP044119.1_2428
LMG07934|CP050262.1_2549	MGYG|ENA|CABKOL020000106|CABKOL020000106.1_90
LMG07934|CP050262.1_2549	FLUB|CP047121.1_2674
LMG07934|CP050262.1_2549	DSM20176|AZDF01000015.1_33
LMG07934|CP050262.1_2645	LMG07934|CP050262.1_2645
LH500|CP044119.1_28	LH500|CP044119.1_28
LH500|CP044119.1_28	DSM20176|AZDF01000006.1_94
LH500|CP044119.1_92	LH500|CP044119.1_92
LH500|CP044119.1_92	DSM20176|AZDF01000006.1_31
LH500|CP044119.1_92	LMG07934|CP050262.1_71
LH500|CP044119.1_156	LH500|CP044119.1_156
LH500|CP044119.1_156	DSM20176|AZDF01000066.1_5
LH500|CP044119.1_156	FLUB|CP047121.1_145
LH500|CP044119.1_156	MGYG|ENA|CABKOL020000106|CABKOL020000106.1_419
LH500|CP044119.1_156	LMG07934|CP050262.1_135
LH500|CP044119.1_316	LH500|CP044119.1_316
LH500|CP044119.1_316	FLUB|CP047121.1_302
LH500|CP044119.1_316	DSM20176|AZDF01000041.1_4
LH500|CP044119.1_316	MGYG|ENA|CABKOL020000106|CABKOL020000106.1_579
LH500|CP044119.1_316	LMG07934|CP050262.1_292
LH500|CP044119.1_348	LH500|CP044119.1_348
LH500|CP044119.1_348	FLUB|CP047121.1_338
LH500|CP044119.1_348	DSM20176|AZDF01000029.1_22
LH500|CP044119.1_348	LMG07934|CP050262.1_320
LH500|CP044119.1_348	MGYG|ENA|CABKOL020000106|CABKOL020000106.1_615
LH500|CP044119.1_668	LH500|CP044119.1_668
LH500|CP044119.1_668	FLUB|CP047122.1_31
LH500|CP044119.1_892	LH500|CP044119.1_892
LH500|CP044119.1_892	LMG07934|CP050262.1_919
LH500|CP044119.1_892	FLUB|CP047121.1_1109
LH500|CP044119.1_892	DSM20176|AZDF01000005.1_96
LH500|CP044119.1_892	MGYG|ENA|CABKOL020000095|CABKOL020000095.1_17
LH500|CP044119.1_924	LH500|CP044119.1_924
LH500|CP044119.1_924	LMG07934|CP050262.1_951
LH500|CP044119.1_924	FLUB|CP047121.1_1142
LH500|CP044119.1_924	DSM20176|AZDF01000005.1_64
LH500|CP044119.1_924	MGYG|ENA|CABKOL020000095|CABKOL020000095.1_49
LH500|CP044119.1_956	LH500|CP044119.1_956
LH500|CP044119.1_956	LMG07934|CP050262.1_983
LH500|CP044119.1_956	FLUB|CP047121.1_1174
LH500|CP044119.1_956	DSM20176|AZDF01000005.1_32
LH500|CP044119.1_956	MGYG|ENA|CABKOL020000095|CABKOL020000095.1_82
LH500|CP044119.1_988	LH500|CP044119.1_988
LH500|CP044119.1_988	LMG07934|CP050262.1_1014
LH500|CP044119.1_988	FLUB|CP047121.1_1205
LH500|CP044119.1_988	DSM20176|AZDF01000005.1_1
LH500|CP044119.1_988	MGYG|ENA|CABKOL020000095|CABKOL020000095.1_113
LH500|CP044119.1_1340	LH500|CP044119.1_1340
LH500|CP044119.1_1340	LMG07934|CP050262.1_1432
LH500|CP044119.1_1340	DSM20176|AZDF01000047.1_7
LH500|CP044119.1_1404	LH500|CP044119.1_1404
LH500|CP044119.1_1404	LMG07934|CP050262.1_1494
LH500|CP044119.1_1404	DSM20176|AZDF01000008.1_22
LH500|CP044119.1_1404	FLUB|CP047121.1_1609
LH500|CP044119.1_1404	MGYG|ENA|CABKOL020000102|CABKOL020000102.1_406
LH500|CP044119.1_1884	LH500|CP044119.1_1884
LH500|CP044119.1_1884	MGYG|ENA|CABKOL020000104|CABKOL020000104.1_520
LH500|CP044119.1_1884	FLUB|CP047121.1_2065
LH500|CP044119.1_1884	DSM20176|AZDF01000001.1_30
LH500|CP044119.1_1884	LMG07934|CP050262.1_1887
LH500|CP044119.1_1916	LH500|CP044119.1_1916
LH500|CP044119.1_1916	MGYG|ENA|CABKOL020000104|CABKOL020000104.1_488
LH500|CP044119.1_1916	FLUB|CP047121.1_2097
LH500|CP044119.1_1916	DSM20176|AZDF01000001.1_62
LH500|CP044119.1_1916	LMG07934|CP050262.1_1919
LH500|CP044119.1_1948	LH500|CP044119.1_1948
LH500|CP044119.1_1948	MGYG|ENA|CABKOL020000104|CABKOL020000104.1_456
LH500|CP044119.1_1948	FLUB|CP047121.1_2129
LH500|CP044119.1_1948	DSM20176|AZDF01000001.1_94
LH500|CP044119.1_1948	LMG07934|CP050262.1_1951
LH500|CP044119.1_1980	LH500|CP044119.1_1980
LH500|CP044119.1_1980	MGYG|ENA|CABKOL020000104|CABKOL020000104.1_423
LH500|CP044119.1_1980	FLUB|CP047121.1_2162
LH500|CP044119.1_1980	DSM20176|AZDF01000001.1_126
LH500|CP044119.1_1980	LMG07934|CP050262.1_1983
LH500|CP044119.1_2012	LH500|CP044119.1_2012
LH500|CP044119.1_2012	MGYG|ENA|CABKOL020000104|CABKOL020000104.1_392
LH500|CP044119.1_2012	FLUB|CP047121.1_2193
LH500|CP044119.1_2012	DSM20176|AZDF01000001.1_158
LH500|CP044119.1_2012	LMG07934|CP050262.1_2015
LH500|CP044119.1_2044	LH500|CP044119.1_2044
LH500|CP044119.1_2044	MGYG|ENA|CABKOL020000104|CABKOL020000104.1_359
LH500|CP044119.1_2044	FLUB|CP047121.1_2226
LH500|CP044119.1_2044	DSM20176|AZDF01000001.1_189
LH500|CP044119.1_2044	LMG07934|CP050262.1_2047
LH500|CP044119.1_2076	LH500|CP044119.1_2076
LH500|CP044119.1_2140	LH500|CP044119.1_2140
LH500|CP044119.1_2140	DSM20176|AZDF01000032.1_29
LH500|CP044119.1_2140	LMG07934|CP050262.1_2238
LH500|CP044119.1_2492	LH500|CP044119.1_2492
LH500|CP044119.1_2492	LMG07934|CP050262.1_2616
LH500|CP044119.1_2492	DSM20176|AZDF01000022.1_32
MGYG|ENA|CABKOL020000001|CABKOL020000001.1_1	MGYG|ENA|CABKOL020000001|CABKOL020000001.1_1
MGYG|ENA|CABKOL020000094|CABKOL020000094.1_2	MGYG|ENA|CABKOL020000094|CABKOL020000094.1_2
MGYG|ENA|CABKOL020000100|CABKOL020000100.1_5	MGYG|ENA|CABKOL020000100|CABKOL020000100.1_5
MGYG|ENA|CABKOL020000102|CABKOL020000102.1_1	MGYG|ENA|CABKOL020000102|CABKOL020000102.1_1
MGYG|ENA|CABKOL020000102|CABKOL020000102.1_1	LH500|CP044119.1_990
MGYG|ENA|CABKOL020000102|CABKOL020000102.1_1	LMG07934|CP050262.1_1016
MGYG|ENA|CABKOL020000102|CABKOL020000102.1_1	DSM20176|AZDF01000062.1_1
MGYG|ENA|CABKOL020000102|CABKOL020000102.1_1	FLUB|CP047121.1_1207
MGYG|ENA|CABKOL020000102|CABKOL020000102.1_33	MGYG|ENA|CABKOL020000102|CABKOL020000102.1_33
MGYG|ENA|CABKOL020000102|CABKOL020000102.1_33	LMG07934|CP050262.1_1048
MGYG|ENA|CABKOL020000102|CABKOL020000102.1_33	LH500|CP044119.1_1027
MGYG|ENA|CABKOL020000102|CABKOL020000102.1_33	FLUB|CP047121.1_1239
MGYG|ENA|CABKOL020000102|CABKOL020000102.1_33	DSM20176|AZDF01000002.1_187
MGYG|ENA|CABKOL020000102|CABKOL020000102.1_65	MGYG|ENA|CABKOL020000102|CABKOL020000102.1_65
MGYG|ENA|CABKOL020000102|CABKOL020000102.1_65	LMG07934|CP050262.1_1080
MGYG|ENA|CABKOL020000102|CABKOL020000102.1_65	LH500|CP044119.1_1059
MGYG|ENA|CABKOL020000102|CABKOL020000102.1_65	FLUB|CP047121.1_1271
MGYG|ENA|CABKOL020000102|CABKOL020000102.1_65	DSM20176|AZDF01000002.1_155
MGYG|ENA|CABKOL020000102|CABKOL020000102.1_225	MGYG|ENA|CABKOL020000102|CABKOL020000102.1_225
MGYG|ENA|CABKOL020000102|CABKOL020000102.1_225	DSM20176|AZDF01000057.1_3
MGYG|ENA|CABKOL020000102|CABKOL020000102.1_225	FLUB|CP047121.1_1429
MGYG|ENA|CABKOL020000102|CABKOL020000102.1_225	LH500|CP044119.1_1222
MGYG|ENA|CABKOL020000102|CABKOL020000102.1_225	LMG07934|CP050262.1_1315
MGYG|ENA|CABKOL020000102|CABKOL020000102.1_257	MGYG|ENA|CABKOL020000102|CABKOL020000102.1_257
MGYG|ENA|CABKOL020000102|CABKOL020000102.1_257	DSM20176|AZDF01000018.1_26
MGYG|ENA|CABKOL020000102|CABKOL020000102.1_257	FLUB|CP047121.1_1460
MGYG|ENA|CABKOL020000102|CABKOL020000102.1_257	LH500|CP044119.1_1254
MGYG|ENA|CABKOL020000102|CABKOL020000102.1_257	LMG07934|CP050262.1_1347
MGYG|ENA|CABKOL020000102|CABKOL020000102.1_289	MGYG|ENA|CABKOL020000102|CABKOL020000102.1_289
MGYG|ENA|CABKOL020000102|CABKOL020000102.1_289	DSM20176|AZDF01000013.1_23
MGYG|ENA|CABKOL020000102|CABKOL020000102.1_289	FLUB|CP047121.1_1492
MGYG|ENA|CABKOL020000102|CABKOL020000102.1_289	LH500|CP044119.1_1286
MGYG|ENA|CABKOL020000102|CABKOL020000102.1_289	LMG07934|CP050262.1_1379
MGYG|ENA|CABKOL020000102|CABKOL020000102.1_545	MGYG|ENA|CABKOL020000102|CABKOL020000102.1_545
MGYG|ENA|CABKOL020000102|CABKOL020000102.1_545	DSM20176|AZDF01000004.1_5
MGYG|ENA|CABKOL020000102|CABKOL020000102.1_545	FLUB|CP047121.1_1748
MGYG|ENA|CABKOL020000102|CABKOL020000102.1_545	LMG07934|CP050262.1_1633
MGYG|ENA|CABKOL020000102|CABKOL020000102.1_545	LH500|CP044119.1_1545
MGYG|ENA|CABKOL020000102|CABKOL020000102.1_577	MGYG|ENA|CABKOL020000102|CABKOL020000102.1_577
MGYG|ENA|CABKOL020000102|CABKOL020000102.1_577	FLUB|CP047121.1_1780
MGYG|ENA|CABKOL020000102|CABKOL020000102.1_577	LMG07934|CP050262.1_1664
MGYG|ENA|CABKOL020000102|CABKOL020000102.1_577	LH500|CP044119.1_1576
MGYG|ENA|CABKOL020000102|CABKOL020000102.1_577	DSM20176|AZDF01000017.1_16
MGYG|ENA|CABKOL020000102|CABKOL020000102.1_609	MGYG|ENA|CABKOL020000102|CABKOL020000102.1_609
MGYG|ENA|CABKOL020000102|CABKOL020000102.1_609	DSM20176|AZDF01000025.1_16
MGYG|ENA|CABKOL020000102|CABKOL020000102.1_609	FLUB|CP047121.1_1812
MGYG|ENA|CABKOL020000102|CABKOL020000102.1_609	LMG07934|CP050262.1_1697
MGYG|ENA|CABKOL020000102|CABKOL020000102.1_609	LH500|CP044119.1_1608
MGYG|ENA|CABKOL020000102|CABKOL020000102.1_641	MGYG|ENA|CABKOL020000102|CABKOL020000102.1_641
MGYG|ENA|CABKOL020000102|CABKOL020000102.1_641	DSM20176|AZDF01000023.1_17
MGYG|ENA|CABKOL020000102|CABKOL020000102.1_641	FLUB|CP047121.1_1845
MGYG|ENA|CABKOL020000102|CABKOL020000102.1_641	LMG07934|CP050262.1_1728
MGYG|ENA|CABKOL020000102|CABKOL020000102.1_641	LH500|CP044119.1_1642
MGYG|ENA|CABKOL020000102|CABKOL020000102.1_673	MGYG|ENA|CABKOL020000102|CABKOL020000102.1_673
MGYG|ENA|CABKOL020000102|CABKOL020000102.1_673	FLUB|CP047121.1_1876
MGYG|ENA|CABKOL020000102|CABKOL020000102.1_673	LMG07934|CP050262.1_1760
MGYG|ENA|CABKOL020000102|CABKOL020000102.1_673	LH500|CP044119.1_1703
MGYG|ENA|CABKOL020000102|CABKOL020000102.1_673	DSM20176|AZDF01000014.1_20
MGYG|ENA|CABKOL020000103|CABKOL020000103.1_2	MGYG|ENA|CABKOL020000103|CABKOL020000103.1_2
MGYG|ENA|CABKOL020000104|CABKOL020000104.1_133	MGYG|ENA|CABKOL020000104|CABKOL020000104.1_133
MGYG|ENA|CABKOL020000104|CABKOL020000104.1_133	LH500|CP044119.1_2167
MGYG|ENA|CABKOL020000104|CABKOL020000104.1_133	DSM20176|AZDF01000020.1_24
MGYG|ENA|CABKOL020000104|CABKOL020000104.1_133	FLUB|CP047121.1_2450
MGYG|ENA|CABKOL020000104|CABKOL020000104.1_293	MGYG|ENA|CABKOL020000104|CABKOL020000104.1_293
MGYG|ENA|CABKOL020000104|CABKOL020000104.1_293	LMG07934|CP050262.1_2105
MGYG|ENA|CABKOL020000104|CABKOL020000104.1_293	FLUB|CP047121.1_2292
MGYG|ENA|CABKOL020000104|CABKOL020000104.1_357	MGYG|ENA|CABKOL020000104|CABKOL020000104.1_357
MGYG|ENA|CABKOL020000104|CABKOL020000104.1_357	LH500|CP044119.1_2046
MGYG|ENA|CABKOL020000104|CABKOL020000104.1_357	FLUB|CP047121.1_2228
MGYG|ENA|CABKOL020000104|CABKOL020000104.1_357	DSM20176|AZDF01000001.1_191
MGYG|ENA|CABKOL020000104|CABKOL020000104.1_357	LMG07934|CP050262.1_2049
MGYG|ENA|CABKOL020000104|CABKOL020000104.1_389	MGYG|ENA|CABKOL020000104|CABKOL020000104.1_389
MGYG|ENA|CABKOL020000104|CABKOL020000104.1_389	LH500|CP044119.1_2015
MGYG|ENA|CABKOL020000104|CABKOL020000104.1_389	FLUB|CP047121.1_2196
MGYG|ENA|CABKOL020000104|CABKOL020000104.1_389	DSM20176|AZDF01000001.1_161
MGYG|ENA|CABKOL020000104|CABKOL020000104.1_389	LMG07934|CP050262.1_2018
MGYG|ENA|CABKOL020000104|CABKOL020000104.1_421	MGYG|ENA|CABKOL020000104|CABKOL020000104.1_421
MGYG|ENA|CABKOL020000104|CABKOL020000104.1_421	LH500|CP044119.1_1982
MGYG|ENA|CABKOL020000104|CABKOL020000104.1_421	FLUB|CP047121.1_2164
MGYG|ENA|CABKOL020000104|CABKOL020000104.1_421	DSM20176|AZDF01000001.1_128
MGYG|ENA|CABKOL020000104|CABKOL020000104.1_421	LMG07934|CP050262.1_1985
MGYG|ENA|CABKOL020000104|CABKOL020000104.1_453	MGYG|ENA|CABKOL020000104|CABKOL020000104.1_453
MGYG|ENA|CABKOL020000104|CABKOL020000104.1_453	LH500|CP044119.1_1951
MGYG|ENA|CABKOL020000104|CABKOL020000104.1_453	FLUB|CP047121.1_2132
MGYG|ENA|CABKOL020000104|CABKOL020000104.1_453	DSM20176|AZDF01000001.1_97
MGYG|ENA|CABKOL020000104|CABKOL020000104.1_453	LMG07934|CP050262.1_1954
MGYG|ENA|CABKOL020000104|CABKOL020000104.1_485	MGYG|ENA|CABKOL020000104|CABKOL020000104.1_485
MGYG|ENA|CABKOL020000104|CABKOL020000104.1_485	LH500|CP044119.1_1919
MGYG|ENA|CABKOL020000104|CABKOL020000104.1_485	FLUB|CP047121.1_2100
MGYG|ENA|CABKOL020000104|CABKOL020000104.1_485	DSM20176|AZDF01000001.1_65
MGYG|ENA|CABKOL020000104|CABKOL020000104.1_485	LMG07934|CP050262.1_1922
MGYG|ENA|CABKOL020000104|CABKOL020000104.1_517	MGYG|ENA|CABKOL020000104|CABKOL020000104.1_517
MGYG|ENA|CABKOL020000104|CABKOL020000104.1_517	LH500|CP044119.1_1887
MGYG|ENA|CABKOL020000104|CABKOL020000104.1_517	FLUB|CP047121.1_2068
MGYG|ENA|CABKOL020000104|CABKOL020000104.1_517	DSM20176|AZDF01000001.1_33
MGYG|ENA|CABKOL020000104|CABKOL020000104.1_517	LMG07934|CP050262.1_1890
MGYG|ENA|CABKOL020000104|CABKOL020000104.1_549	MGYG|ENA|CABKOL020000104|CABKOL020000104.1_549
MGYG|ENA|CABKOL020000104|CABKOL020000104.1_549	LH500|CP044119.1_1854
MGYG|ENA|CABKOL020000104|CABKOL020000104.1_549	FLUB|CP047121.1_2036
MGYG|ENA|CABKOL020000104|CABKOL020000104.1_549	DSM20176|AZDF01000001.1_2
MGYG|ENA|CABKOL020000104|CABKOL020000104.1_549	LMG07934|CP050262.1_1859
MGYG|ENA|CABKOL020000105|CABKOL020000105.1_31	MGYG|ENA|CABKOL020000105|CABKOL020000105.1_31
MGYG|ENA|CABKOL020000106|CABKOL020000106.1_22	MGYG|ENA|CABKOL020000106|CABKOL020000106.1_22
MGYG|ENA|CABKOL020000106|CABKOL020000106.1_22	DSM20176|AZDF01000021.1_21
MGYG|ENA|CABKOL020000106|CABKOL020000106.1_22	FLUB|CP047121.1_2606
MGYG|ENA|CABKOL020000106|CABKOL020000106.1_22	LMG07934|CP050262.1_2495
MGYG|ENA|CABKOL020000106|CABKOL020000106.1_22	LH500|CP044119.1_2379
MGYG|ENA|CABKOL020000106|CABKOL020000106.1_150	MGYG|ENA|CABKOL020000106|CABKOL020000106.1_150
MGYG|ENA|CABKOL020000106|CABKOL020000106.1_182	MGYG|ENA|CABKOL020000106|CABKOL020000106.1_182
MGYG|ENA|CABKOL020000106|CABKOL020000106.1_182	DSM20176|AZDF01000034.1_2
MGYG|ENA|CABKOL020000106|CABKOL020000106.1_182	FLUB|CP047121.1_2769
MGYG|ENA|CABKOL020000106|CABKOL020000106.1_182	LH500|CP044119.1_2498
MGYG|ENA|CABKOL020000106|CABKOL020000106.1_182	LMG07934|CP050262.1_2621
MGYG|ENA|CABKOL020000106|CABKOL020000106.1_246	MGYG|ENA|CABKOL020000106|CABKOL020000106.1_246
MGYG|ENA|CABKOL020000106|CABKOL020000106.1_246	LH500|CP044119.1_2555
MGYG|ENA|CABKOL020000106|CABKOL020000106.1_246	FLUB|CP047121.1_2833
MGYG|ENA|CABKOL020000106|CABKOL020000106.1_246	LMG07934|CP050262.1_2683
MGYG|ENA|CABKOL020000106|CABKOL020000106.1_246	DSM20176|AZDF01000028.1_28
MGYG|ENA|CABKOL020000106|CABKOL020000106.1_342	MGYG|ENA|CABKOL020000106|CABKOL020000106.1_342
MGYG|ENA|CABKOL020000106|CABKOL020000106.1_342	FLUB|CP047121.1_67
MGYG|ENA|CABKOL020000106|CABKOL020000106.1_374	MGYG|ENA|CABKOL020000106|CABKOL020000106.1_374
MGYG|ENA|CABKOL020000106|CABKOL020000106.1_374	FLUB|CP047121.1_99
MGYG|ENA|CABKOL020000106|CABKOL020000106.1_630	MGYG|ENA|CABKOL020000106|CABKOL020000106.1_630
MGYG|ENA|CABKOL020000106|CABKOL020000106.1_630	FLUB|CP047121.1_353
MGYG|ENA|CABKOL020000106|CABKOL020000106.1_726	MGYG|ENA|CABKOL020000106|CABKOL020000106.1_726
MGYG|ENA|CABKOL020000106|CABKOL020000106.1_726	FLUB|CP047121.1_450
MGYG|ENA|CABKOL020000106|CABKOL020000106.1_886	MGYG|ENA|CABKOL020000106|CABKOL020000106.1_886
MGYG|ENA|CABKOL020000106|CABKOL020000106.1_886	FLUB|CP047121.1_675
MGYG|ENA|CABKOL020000106|CABKOL020000106.1_918	MGYG|ENA|CABKOL020000106|CABKOL020000106.1_918
MGYG|ENA|CABKOL020000106|CABKOL020000106.1_918	FLUB|CP047121.1_707
MGYG|ENA|CABKOL020000106|CABKOL020000106.1_950	MGYG|ENA|CABKOL020000106|CABKOL020000106.1_950
MGYG|ENA|CABKOL020000106|CABKOL020000106.1_950	FLUB|CP047121.1_737
MGYG|ENA|CABKOL020000106|CABKOL020000106.1_1014	MGYG|ENA|CABKOL020000106|CABKOL020000106.1_1014
MGYG|ENA|CABKOL020000106|CABKOL020000106.1_1014	FLUB|CP047121.1_803
MGYG|ENA|CABKOL020000106|CABKOL020000106.1_1046	MGYG|ENA|CABKOL020000106|CABKOL020000106.1_1046
MGYG|ENA|CABKOL020000106|CABKOL020000106.1_1046	FLUB|CP047121.1_833
MGYG|ENA|CABKOL020000106|CABKOL020000106.1_1078	MGYG|ENA|CABKOL020000106|CABKOL020000106.1_1078
MGYG|ENA|CABKOL020000106|CABKOL020000106.1_1078	DSM20176|AZDF01000056.1_7
MGYG|ENA|CABKOL020000106|CABKOL020000106.1_1078	LH500|CP044119.1_672
MGYG|ENA|CABKOL020000106|CABKOL020000106.1_1078	LMG07934|CP050262.1_709
MGYG|ENA|CABKOL020000106|CABKOL020000106.1_1078	FLUB|CP047121.1_864
MGYG|ENA|CABKOL020000106|CABKOL020000106.1_1270	MGYG|ENA|CABKOL020000106|CABKOL020000106.1_1270
MGYG|ENA|CABKOL020000106|CABKOL020000106.1_1302	MGYG|ENA|CABKOL020000106|CABKOL020000106.1_1302
MGYG|ENA|CABKOL020000106|CABKOL020000106.1_1302	DSM20176|AZDF01000030.1_19
MGYG|ENA|CABKOL020000106|CABKOL020000106.1_1302	LH500|CP044119.1_865
MGYG|ENA|CABKOL020000106|CABKOL020000106.1_1302	LMG07934|CP050262.1_892
MGYG|ENA|CABKOL020000106|CABKOL020000106.1_1302	FLUB|CP047121.1_1082
DSM20176|AZDF01000011.1_13	DSM20176|AZDF01000011.1_13
DSM20176|AZDF01000011.1_13	LMG07934|CP050262.1_2427
DSM20176|AZDF01000011.1_13	LH500|CP044119.1_2316
DSM20176|AZDF01000011.1_45	DSM20176|AZDF01000011.1_45
DSM20176|AZDF01000011.1_45	FLUB|CP047121.1_2573
DSM20176|AZDF01000011.1_45	LMG07934|CP050262.1_2459
DSM20176|AZDF01000011.1_45	MGYG|ENA|CABKOL020000104|CABKOL020000104.1_11
DSM20176|AZDF01000011.1_45	LH500|CP044119.1_2348
DSM20176|AZDF01000014.1_39	DSM20176|AZDF01000014.1_39
DSM20176|AZDF01000014.1_39	LMG07934|CP050262.1_1779
DSM20176|AZDF01000014.1_39	LH500|CP044119.1_1722
DSM20176|AZDF01000015.1_23	DSM20176|AZDF01000015.1_23
DSM20176|AZDF01000015.1_23	LH500|CP044119.1_2438
DSM20176|AZDF01000015.1_23	MGYG|ENA|CABKOL020000106|CABKOL020000106.1_100
DSM20176|AZDF01000015.1_23	FLUB|CP047121.1_2684
DSM20176|AZDF01000015.1_23	LMG07934|CP050262.1_2559
DSM20176|AZDF01000002.1_169	DSM20176|AZDF01000002.1_169
DSM20176|AZDF01000002.1_169	LH500|CP044119.1_1045
DSM20176|AZDF01000002.1_169	LMG07934|CP050262.1_1066
DSM20176|AZDF01000022.1_18	DSM20176|AZDF01000022.1_18
DSM20176|AZDF01000022.1_18	MGYG|ENA|CABKOL020000106|CABKOL020000106.1_163
DSM20176|AZDF01000022.1_18	FLUB|CP047121.1_2750
DSM20176|AZDF01000022.1_18	LH500|CP044119.1_2478
DSM20176|AZDF01000022.1_18	LMG07934|CP050262.1_2601
DSM20176|AZDF01000024.1_12	DSM20176|AZDF01000024.1_12
DSM20176|AZDF01000024.1_12	LH500|CP044119.1_2568
DSM20176|AZDF01000024.1_12	LMG07934|CP050262.1_2695
DSM20176|AZDF01000028.1_10	DSM20176|AZDF01000028.1_10
DSM20176|AZDF01000028.1_10	LH500|CP044119.1_2537
DSM20176|AZDF01000028.1_10	MGYG|ENA|CABKOL020000106|CABKOL020000106.1_228
DSM20176|AZDF01000028.1_10	FLUB|CP047121.1_2815
DSM20176|AZDF01000028.1_10	LMG07934|CP050262.1_2665
DSM20176|AZDF01000038.1_10	DSM20176|AZDF01000038.1_10
DSM20176|AZDF01000038.1_10	MGYG|ENA|CABKOL020000102|CABKOL020000102.1_322
DSM20176|AZDF01000038.1_10	FLUB|CP047121.1_1525
DSM20176|AZDF01000038.1_10	LH500|CP044119.1_1320
DSM20176|AZDF01000038.1_10	LMG07934|CP050262.1_1413
DSM20176|AZDF01000040.1_12	DSM20176|AZDF01000040.1_12
DSM20176|AZDF01000040.1_12	LH500|CP044119.1_127
DSM20176|AZDF01000040.1_12	FLUB|CP047121.1_114
DSM20176|AZDF01000040.1_12	MGYG|ENA|CABKOL020000106|CABKOL020000106.1_389
DSM20176|AZDF01000046.1_5	DSM20176|AZDF01000046.1_5
DSM20176|AZDF01000048.1_13	DSM20176|AZDF01000048.1_13
DSM20176|AZDF01000048.1_13	LH500|CP044119.1_2277
DSM20176|AZDF01000056.1_5	DSM20176|AZDF01000056.1_5
DSM20176|AZDF01000056.1_5	FLUB|CP047121.1_874
DSM20176|AZDF01000056.1_5	LH500|CP044119.1_674
DSM20176|AZDF01000056.1_5	MGYG|ENA|CABKOL020000106|CABKOL020000106.1_1089
DSM20176|AZDF01000056.1_5	LMG07934|CP050262.1_711
DSM20176|AZDF01000006.1_98	DSM20176|AZDF01000006.1_98
DSM20176|AZDF01000006.1_98	LH500|CP044119.1_24
DSM20176|AZDF01000061.1_3	DSM20176|AZDF01000061.1_3
DSM20176|AZDF01000066.1_3	DSM20176|AZDF01000066.1_3
DSM20176|AZDF01000066.1_3	LH500|CP044119.1_154
DSM20176|AZDF01000007.1_51	DSM20176|AZDF01000007.1_51
DSM20176|AZDF01000007.1_51	LH500|CP044119.1_209
FLUB|CP047121.1_77	FLUB|CP047121.1_77
FLUB|CP047121.1_77	LMG07934|CP050262.1_59
FLUB|CP047121.1_77	MGYG|ENA|CABKOL020000106|CABKOL020000106.1_352
FLUB|CP047121.1_77	DSM20176|AZDF01000006.1_44
FLUB|CP047121.1_77	LH500|CP044119.1_79
FLUB|CP047121.1_269	FLUB|CP047121.1_269
FLUB|CP047121.1_269	LH500|CP044119.1_273
FLUB|CP047121.1_269	LMG07934|CP050262.1_254
FLUB|CP047121.1_269	MGYG|ENA|CABKOL020000106|CABKOL020000106.1_545
FLUB|CP047121.1_269	DSM20176|AZDF01000019.1_1
FLUB|CP047121.1_397	FLUB|CP047121.1_397
FLUB|CP047121.1_397	LH500|CP044119.1_386
FLUB|CP047121.1_397	MGYG|ENA|CABKOL020000106|CABKOL020000106.1_673
FLUB|CP047121.1_397	DSM20176|AZDF01000035.1_16
FLUB|CP047121.1_397	LMG07934|CP050262.1_358
FLUB|CP047121.1_429	FLUB|CP047121.1_429
FLUB|CP047121.1_429	LH500|CP044119.1_419
FLUB|CP047121.1_429	MGYG|ENA|CABKOL020000106|CABKOL020000106.1_705
FLUB|CP047121.1_429	DSM20176|AZDF01000003.1_100
FLUB|CP047121.1_429	LMG07934|CP050262.1_393
FLUB|CP047121.1_525	FLUB|CP047121.1_525
FLUB|CP047121.1_525	FLUB|CP047121.1_696
FLUB|CP047121.1_525	FLUB|CP047121.1_2458
FLUB|CP047121.1_525	FLUB|CP047122.1_46
FLUB|CP047121.1_557	FLUB|CP047121.1_557
FLUB|CP047121.1_589	FLUB|CP047121.1_589
FLUB|CP047121.1_973	FLUB|CP047121.1_973
FLUB|CP047121.1_973	DSM20176|AZDF01000031.1_25
FLUB|CP047121.1_973	LMG07934|CP050262.1_798
FLUB|CP047121.1_973	LH500|CP044119.1_773
FLUB|CP047121.1_973	MGYG|ENA|CABKOL020000106|CABKOL020000106.1_1190
FLUB|CP047121.1_1005	FLUB|CP047121.1_1005
FLUB|CP047121.1_1005	LMG07934|CP050262.1_830
FLUB|CP047121.1_1005	LH500|CP044119.1_805
FLUB|CP047121.1_1005	DSM20176|AZDF01000016.1_22
FLUB|CP047121.1_1005	MGYG|ENA|CABKOL020000106|CABKOL020000106.1_1222
FLUB|CP047121.1_1037	FLUB|CP047121.1_1037
FLUB|CP047121.1_1037	LH500|CP044119.1_833
FLUB|CP047121.1_1037	LMG07934|CP050262.1_860
FLUB|CP047121.1_1037	DSM20176|AZDF01000037.1_9
FLUB|CP047121.1_1037	MGYG|ENA|CABKOL020000106|CABKOL020000106.1_1255
FLUB|CP047121.1_1933	FLUB|CP047121.1_1933
FLUB|CP047121.1_2477	FLUB|CP047121.1_2477
FLUB|CP047121.1_2477	LH500|CP044119.1_2272
FLUB|CP047121.1_2477	MGYG|ENA|CABKOL020000104|CABKOL020000104.1_107
FLUB|CP047121.1_2477	LMG07934|CP050262.1_2372
FLUB|CP047121.1_2477	DSM20176|AZDF01000009.1_5
FLUB|CP047121.1_2637	FLUB|CP047121.1_2637
FLUB|CP047121.1_2637	MGYG|ENA|CABKOL020000106|CABKOL020000106.1_53
FLUB|CP047121.1_2669	FLUB|CP047121.1_2669
FLUB|CP047121.1_2669	MGYG|ENA|CABKOL020000106|CABKOL020000106.1_85
FLUB|CP047121.1_2701	FLUB|CP047121.1_2701
FLUB|CP047121.1_2701	MGYG|ENA|CABKOL020000106|CABKOL020000106.1_115
FLUB|CP047122.1_32	FLUB|CP047122.1_32
FLUB|CP047123.1_16	FLUB|CP047123.1_16
FLUB|CP047124.1_9	FLUB|CP047124.1_9
FLUB|CP047124.1_9	MGYG|ENA|CABKOL020000103|CABKOL020000103.1_24
FLUB|CP047125.1_2	FLUB|CP047125.1_2
LMG07934|CP050262.1_22	LMG07934|CP050262.1_22
LMG07934|CP050262.1_22	FLUB|CP047121.1_22
LMG07934|CP050262.1_22	LH500|CP044119.1_40
LMG07934|CP050262.1_22	DSM20176|AZDF01000006.1_83
LMG07934|CP050262.1_22	MGYG|ENA|CABKOL020000106|CABKOL020000106.1_296
LMG07934|CP050262.1_86	LMG07934|CP050262.1_86
LMG07934|CP050262.1_118	LMG07934|CP050262.1_118
LMG07934|CP050262.1_246	LMG07934|CP050262.1_246
LMG07934|CP050262.1_406	LMG07934|CP050262.1_406
LMG07934|CP050262.1_406	DSM20176|AZDF01000003.1_90
LMG07934|CP050262.1_406	LH500|CP044119.1_430
LMG07934|CP050262.1_534	LMG07934|CP050262.1_534
LMG07934|CP050262.1_534	DSM20176|AZDF01000010.1_38
LMG07934|CP050262.1_534	LH500|CP044119.1_558
LMG07934|CP050262.1_566	LMG07934|CP050262.1_566
LMG07934|CP050262.1_662	LMG07934|CP050262.1_662
LMG07934|CP050262.1_1238	LMG07934|CP050262.1_1238
LMG07934|CP050262.1_1270	LMG07934|CP050262.1_1270
LMG07934|CP050262.1_1302	LMG07934|CP050262.1_1302
LMG07934|CP050262.1_2102	LMG07934|CP050262.1_2102
LMG07934|CP050262.1_2166	LMG07934|CP050262.1_2166
LMG07934|CP050262.1_2262	LMG07934|CP050262.1_2262
LMG07934|CP050262.1_2326	LMG07934|CP050262.1_2326
LMG07934|CP050262.1_2326	LH500|CP044119.1_1215
LMG07934|CP050262.1_2326	DSM20176|AZDF01000091.1_1
LMG07934|CP050262.1_2326	LH500|CP044119.1_267
LMG07934|CP050262.1_2326	LH500|CP044119.1_592
LMG07934|CP050262.1_2326	LH500|CP044119.1_1328
LMG07934|CP050262.1_2486	LMG07934|CP050262.1_2486
LMG07934|CP050262.1_2550	LMG07934|CP050262.1_2550
LMG07934|CP050262.1_2550	LH500|CP044119.1_2429
LMG07934|CP050262.1_2550	MGYG|ENA|CABKOL020000106|CABKOL020000106.1_91
LMG07934|CP050262.1_2550	FLUB|CP047121.1_2675
LMG07934|CP050262.1_2550	DSM20176|AZDF01000015.1_32
LMG07934|CP050262.1_2646	LMG07934|CP050262.1_2646
LMG07934|CP050262.1_2646	LH500|CP044119.1_2517
LMG07934|CP050262.1_2646	DSM20176|AZDF01000034.1_21
LMG07934|CP050262.1_2646	FLUB|CP047121.1_2796
LMG07934|CP050262.1_2646	MGYG|ENA|CABKOL020000106|CABKOL020000106.1_209
LH500|CP044119.1_29	LH500|CP044119.1_29
LH500|CP044119.1_29	DSM20176|AZDF01000006.1_93
LH500|CP044119.1_93	LH500|CP044119.1_93
LH500|CP044119.1_93	DSM20176|AZDF01000006.1_30
LH500|CP044119.1_125	LH500|CP044119.1_125
LH500|CP044119.1_125	DSM20176|AZDF01000040.1_14
LH500|CP044119.1_125	FLUB|CP047121.1_112
LH500|CP044119.1_125	MGYG|ENA|CABKOL020000106|CABKOL020000106.1_387
LH500|CP044119.1_189	LH500|CP044119.1_189
LH500|CP044119.1_189	FLUB|CP047121.1_181
LH500|CP044119.1_189	MGYG|ENA|CABKOL020000106|CABKOL020000106.1_456
LH500|CP044119.1_189	LMG07934|CP050262.1_169
LH500|CP044119.1_189	DSM20176|AZDF01000007.1_71
LH500|CP044119.1_253	LH500|CP044119.1_253
LH500|CP044119.1_253	MGYG|ENA|CABKOL020000106|CABKOL020000106.1_530
LH500|CP044119.1_253	FLUB|CP047121.1_254
LH500|CP044119.1_253	DSM20176|AZDF01000007.1_7
LH500|CP044119.1_317	LH500|CP044119.1_317
LH500|CP044119.1_317	FLUB|CP047121.1_303
LH500|CP044119.1_317	DSM20176|AZDF01000041.1_5
LH500|CP044119.1_317	MGYG|ENA|CABKOL020000106|CABKOL020000106.1_580
LH500|CP044119.1_317	LMG07934|CP050262.1_293
LH500|CP044119.1_349	LH500|CP044119.1_349
LH500|CP044119.1_349	FLUB|CP047121.1_339
LH500|CP044119.1_349	DSM20176|AZDF01000029.1_21
LH500|CP044119.1_349	LMG07934|CP050262.1_321
LH500|CP044119.1_349	MGYG|ENA|CABKOL020000106|CABKOL020000106.1_616
LH500|CP044119.1_893	LH500|CP044119.1_893
LH500|CP044119.1_893	LMG07934|CP050262.1_920
LH500|CP044119.1_893	DSM20176|AZDF01000005.1_95
LH500|CP044119.1_893	MGYG|ENA|CABKOL020000095|CABKOL020000095.1_18
LH500|CP044119.1_925	LH500|CP044119.1_925
LH500|CP044119.1_925	LMG07934|CP050262.1_952
LH500|CP044119.1_925	DSM20176|AZDF01000005.1_63
LH500|CP044119.1_925	FLUB|CP047121.1_1143
LH500|CP044119.1_925	MGYG|ENA|CABKOL020000095|CABKOL020000095.1_50
LH500|CP044119.1_957	LH500|CP044119.1_957
LH500|CP044119.1_957	LMG07934|CP050262.1_984
LH500|CP044119.1_957	DSM20176|AZDF01000005.1_31
LH500|CP044119.1_957	FLUB|CP047121.1_1175
LH500|CP044119.1_957	MGYG|ENA|CABKOL020000095|CABKOL020000095.1_83
LH500|CP044119.1_1853	LH500|CP044119.1_1853
LH500|CP044119.1_1853	MGYG|ENA|CABKOL020000104|CABKOL020000104.1_550
LH500|CP044119.1_1853	FLUB|CP047121.1_2035
LH500|CP044119.1_1853	DSM20176|AZDF01000001.1_1
LH500|CP044119.1_1853	LMG07934|CP050262.1_1858
LH500|CP044119.1_1885	LH500|CP044119.1_1885
LH500|CP044119.1_1885	MGYG|ENA|CABKOL020000104|CABKOL020000104.1_519
LH500|CP044119.1_1885	FLUB|CP047121.1_2066
LH500|CP044119.1_1885	DSM20176|AZDF01000001.1_31
LH500|CP044119.1_1885	LMG07934|CP050262.1_1888
LH500|CP044119.1_1917	LH500|CP044119.1_1917
LH500|CP044119.1_1917	MGYG|ENA|CABKOL020000104|CABKOL020000104.1_487
LH500|CP044119.1_1917	FLUB|CP047121.1_2098
LH500|CP044119.1_1917	DSM20176|AZDF01000001.1_63
LH500|CP044119.1_1917	LMG07934|CP050262.1_1920
LH500|CP044119.1_1949	LH500|CP044119.1_1949
LH500|CP044119.1_1949	MGYG|ENA|CABKOL020000104|CABKOL020000104.1_455
LH500|CP044119.1_1949	FLUB|CP047121.1_2130
LH500|CP044119.1_1949	DSM20176|AZDF01000001.1_95
LH500|CP044119.1_1949	LMG07934|CP050262.1_1952
LH500|CP044119.1_1981	LH500|CP044119.1_1981
LH500|CP044119.1_1981	MGYG|ENA|CABKOL020000104|CABKOL020000104.1_422
LH500|CP044119.1_1981	FLUB|CP047121.1_2163
LH500|CP044119.1_1981	DSM20176|AZDF01000001.1_127
LH500|CP044119.1_1981	LMG07934|CP050262.1_1984
LH500|CP044119.1_2013	LH500|CP044119.1_2013
LH500|CP044119.1_2013	MGYG|ENA|CABKOL020000104|CABKOL020000104.1_391
LH500|CP044119.1_2013	FLUB|CP047121.1_2194
LH500|CP044119.1_2013	DSM20176|AZDF01000001.1_159
LH500|CP044119.1_2013	LMG07934|CP050262.1_2016
LH500|CP044119.1_2045	LH500|CP044119.1_2045
LH500|CP044119.1_2045	MGYG|ENA|CABKOL020000104|CABKOL020000104.1_358
LH500|CP044119.1_2045	FLUB|CP047121.1_2227
LH500|CP044119.1_2045	DSM20176|AZDF01000001.1_190
LH500|CP044119.1_2045	LMG07934|CP050262.1_2048
LH500|CP044119.1_2077	LH500|CP044119.1_2077
LH500|CP044119.1_2077	DSM20176|AZDF01000070.1_4
LH500|CP044119.1_2141	LH500|CP044119.1_2141
LH500|CP044119.1_2141	DSM20176|AZDF01000032.1_30
LH500|CP044119.1_2141	LMG07934|CP050262.1_2239
LH500|CP044119.1_2205	LH500|CP044119.1_2205
LH500|CP044119.1_2205	LMG07934|CP050262.1_2298
LH500|CP044119.1_2205	DSM20176|AZDF01000009.1_72
LH500|CP044119.1_2493	LH500|CP044119.1_2493
LH500|CP044119.1_2493	LMG07934|CP050262.1_2617
LH500|CP044119.1_2493	DSM20176|AZDF01000022.1_33
MGYG|ENA|CABKOL020000002|CABKOL020000002.1_1	MGYG|ENA|CABKOL020000002|CABKOL020000002.1_1
MGYG|ENA|CABKOL020000044|CABKOL020000044.1_1	MGYG|ENA|CABKOL020000044|CABKOL020000044.1_1
MGYG|ENA|CABKOL020000075|CABKOL020000075.1_1	MGYG|ENA|CABKOL020000075|CABKOL020000075.1_1
MGYG|ENA|CABKOL020000094|CABKOL020000094.1_3	MGYG|ENA|CABKOL020000094|CABKOL020000094.1_3
MGYG|ENA|CABKOL020000100|CABKOL020000100.1_6	MGYG|ENA|CABKOL020000100|CABKOL020000100.1_6
MGYG|ENA|CABKOL020000102|CABKOL020000102.1_2	MGYG|ENA|CABKOL020000102|CABKOL020000102.1_2
MGYG|ENA|CABKOL020000102|CABKOL020000102.1_2	LMG07934|CP050262.1_1017
MGYG|ENA|CABKOL020000102|CABKOL020000102.1_2	FLUB|CP047121.1_1208
MGYG|ENA|CABKOL020000102|CABKOL020000102.1_34	MGYG|ENA|CABKOL020000102|CABKOL020000102.1_34
MGYG|ENA|CABKOL020000102|CABKOL020000102.1_34	LMG07934|CP050262.1_1049
MGYG|ENA|CABKOL020000102|CABKOL020000102.1_34	LH500|CP044119.1_1028
MGYG|ENA|CABKOL020000102|CABKOL020000102.1_34	FLUB|CP047121.1_1240
MGYG|ENA|CABKOL020000102|CABKOL020000102.1_34	DSM20176|AZDF01000002.1_186
MGYG|ENA|CABKOL020000102|CABKOL020000102.1_66	MGYG|ENA|CABKOL020000102|CABKOL020000102.1_66
MGYG|ENA|CABKOL020000102|CABKOL020000102.1_66	LMG07934|CP050262.1_1081
MGYG|ENA|CABKOL020000102|CABKOL020000102.1_66	LH500|CP044119.1_1060
MGYG|ENA|CABKOL020000102|CABKOL020000102.1_66	FLUB|CP047121.1_1272
MGYG|ENA|CABKOL020000102|CABKOL020000102.1_66	DSM20176|AZDF01000002.1_154
MGYG|ENA|CABKOL020000102|CABKOL020000102.1_226	MGYG|ENA|CABKOL020000102|CABKOL020000102.1_226
MGYG|ENA|CABKOL020000102|CABKOL020000102.1_226	DSM20176|AZDF01000057.1_4
MGYG|ENA|CABKOL020000102|CABKOL020000102.1_226	FLUB|CP047121.1_1430
MGYG|ENA|CABKOL020000102|CABKOL020000102.1_226	LH500|CP044119.1_1223
MGYG|ENA|CABKOL020000102|CABKOL020000102.1_226	LMG07934|CP050262.1_1316
MGYG|ENA|CABKOL020000102|CABKOL020000102.1_258	MGYG|ENA|CABKOL020000102|CABKOL020000102.1_258
MGYG|ENA|CABKOL020000102|CABKOL020000102.1_258	DSM20176|AZDF01000018.1_27
MGYG|ENA|CABKOL020000102|CABKOL020000102.1_258	FLUB|CP047121.1_1461
MGYG|ENA|CABKOL020000102|CABKOL020000102.1_258	LH500|CP044119.1_1255
MGYG|ENA|CABKOL020000102|CABKOL020000102.1_258	LMG07934|CP050262.1_1348
MGYG|ENA|CABKOL020000102|CABKOL020000102.1_290	MGYG|ENA|CABKOL020000102|CABKOL020000102.1_290
MGYG|ENA|CABKOL020000102|CABKOL020000102.1_290	DSM20176|AZDF01000013.1_24
MGYG|ENA|CABKOL020000102|CABKOL020000102.1_290	FLUB|CP047121.1_1493
MGYG|ENA|CABKOL020000102|CABKOL020000102.1_290	LH500|CP044119.1_1287
MGYG|ENA|CABKOL020000102|CABKOL020000102.1_290	LMG07934|CP050262.1_1380
MGYG|ENA|CABKOL020000102|CABKOL020000102.1_578	MGYG|ENA|CABKOL020000102|CABKOL020000102.1_578
MGYG|ENA|CABKOL020000102|CABKOL020000102.1_578	FLUB|CP047121.1_1781
MGYG|ENA|CABKOL020000102|CABKOL020000102.1_578	LMG07934|CP050262.1_1665
MGYG|ENA|CABKOL020000102|CABKOL020000102.1_578	LH500|CP044119.1_1577
MGYG|ENA|CABKOL020000102|CABKOL020000102.1_578	DSM20176|AZDF01000017.1_15
MGYG|ENA|CABKOL020000102|CABKOL020000102.1_610	MGYG|ENA|CABKOL020000102|CABKOL020000102.1_610
MGYG|ENA|CABKOL020000102|CABKOL020000102.1_610	DSM20176|AZDF01000025.1_17
MGYG|ENA|CABKOL020000102|CABKOL020000102.1_610	FLUB|CP047121.1_1813
MGYG|ENA|CABKOL020000102|CABKOL020000102.1_610	LMG07934|CP050262.1_1698
MGYG|ENA|CABKOL020000102|CABKOL020000102.1_610	LH500|CP044119.1_1609
MGYG|ENA|CABKOL020000102|CABKOL020000102.1_642	MGYG|ENA|CABKOL020000102|CABKOL020000102.1_642
MGYG|ENA|CABKOL020000102|CABKOL020000102.1_642	DSM20176|AZDF01000023.1_18
MGYG|ENA|CABKOL020000102|CABKOL020000102.1_642	FLUB|CP047121.1_1846
MGYG|ENA|CABKOL020000102|CABKOL020000102.1_642	LMG07934|CP050262.1_1729
MGYG|ENA|CABKOL020000102|CABKOL020000102.1_642	LH500|CP044119.1_1643
MGYG|ENA|CABKOL020000102|CABKOL020000102.1_674	MGYG|ENA|CABKOL020000102|CABKOL020000102.1_674
MGYG|ENA|CABKOL020000102|CABKOL020000102.1_674	FLUB|CP047121.1_1877
MGYG|ENA|CABKOL020000102|CABKOL020000102.1_674	LMG07934|CP050262.1_1761
MGYG|ENA|CABKOL020000102|CABKOL020000102.1_674	LH500|CP044119.1_1704
MGYG|ENA|CABKOL020000102|CABKOL020000102.1_674	DSM20176|AZDF01000014.1_21
MGYG|ENA|CABKOL020000103|CABKOL020000103.1_3	MGYG|ENA|CABKOL020000103|CABKOL020000103.1_3
MGYG|ENA|CABKOL020000104|CABKOL020000104.1_294	MGYG|ENA|CABKOL020000104|CABKOL020000104.1_294
MGYG|ENA|CABKOL020000104|CABKOL020000104.1_294	LMG07934|CP050262.1_2104
MGYG|ENA|CABKOL020000104|CABKOL020000104.1_294	FLUB|CP047121.1_2291
MGYG|ENA|CABKOL020000104|CABKOL020000104.1_390	MGYG|ENA|CABKOL020000104|CABKOL020000104.1_390
MGYG|ENA|CABKOL020000104|CABKOL020000104.1_390	LH500|CP044119.1_2014
MGYG|ENA|CABKOL020000104|CABKOL020000104.1_390	FLUB|CP047121.1_2195
MGYG|ENA|CABKOL020000104|CABKOL020000104.1_390	DSM20176|AZDF01000001.1_160
MGYG|ENA|CABKOL020000104|CABKOL020000104.1_390	LMG07934|CP050262.1_2017
MGYG|ENA|CABKOL020000104|CABKOL020000104.1_454	MGYG|ENA|CABKOL020000104|CABKOL020000104.1_454
MGYG|ENA|CABKOL020000104|CABKOL020000104.1_454	LH500|CP044119.1_1950
MGYG|ENA|CABKOL020000104|CABKOL020000104.1_454	FLUB|CP047121.1_2131
MGYG|ENA|CABKOL020000104|CABKOL020000104.1_454	DSM20176|AZDF01000001.1_96
MGYG|ENA|CABKOL020000104|CABKOL020000104.1_454	LMG07934|CP050262.1_1953
MGYG|ENA|CABKOL020000104|CABKOL020000104.1_486	MGYG|ENA|CABKOL020000104|CABKOL020000104.1_486
MGYG|ENA|CABKOL020000104|CABKOL020000104.1_486	LH500|CP044119.1_1918
MGYG|ENA|CABKOL020000104|CABKOL020000104.1_486	FLUB|CP047121.1_2099
MGYG|ENA|CABKOL020000104|CABKOL020000104.1_486	DSM20176|AZDF01000001.1_64
MGYG|ENA|CABKOL020000104|CABKOL020000104.1_486	LMG07934|CP050262.1_1921
MGYG|ENA|CABKOL020000105|CABKOL020000105.1_32	MGYG|ENA|CABKOL020000105|CABKOL020000105.1_32
MGYG|ENA|CABKOL020000106|CABKOL020000106.1_23	MGYG|ENA|CABKOL020000106|CABKOL020000106.1_23
MGYG|ENA|CABKOL020000106|CABKOL020000106.1_23	DSM20176|AZDF01000021.1_22
MGYG|ENA|CABKOL020000106|CABKOL020000106.1_23	FLUB|CP047121.1_2607
MGYG|ENA|CABKOL020000106|CABKOL020000106.1_23	LMG07934|CP050262.1_2496
MGYG|ENA|CABKOL020000106|CABKOL020000106.1_23	LH500|CP044119.1_2380
MGYG|ENA|CABKOL020000106|CABKOL020000106.1_151	MGYG|ENA|CABKOL020000106|CABKOL020000106.1_151
MGYG|ENA|CABKOL020000106|CABKOL020000106.1_151	FLUB|CP047121.1_2738
MGYG|ENA|CABKOL020000106|CABKOL020000106.1_151	LH500|CP044119.1_2466
MGYG|ENA|CABKOL020000106|CABKOL020000106.1_151	DSM20176|AZDF01000022.1_6
MGYG|ENA|CABKOL020000106|CABKOL020000106.1_183	MGYG|ENA|CABKOL020000106|CABKOL020000106.1_183
MGYG|ENA|CABKOL020000106|CABKOL020000106.1_183	DSM20176|AZDF01000034.1_3
MGYG|ENA|CABKOL020000106|CABKOL020000106.1_183	FLUB|CP047121.1_2770
MGYG|ENA|CABKOL020000106|CABKOL020000106.1_183	LH500|CP044119.1_2499
MGYG|ENA|CABKOL020000106|CABKOL020000106.1_183	LMG07934|CP050262.1_2622
MGYG|ENA|CABKOL020000106|CABKOL020000106.1_247	MGYG|ENA|CABKOL020000106|CABKOL020000106.1_247
MGYG|ENA|CABKOL020000106|CABKOL020000106.1_247	FLUB|CP047121.1_2834
MGYG|ENA|CABKOL020000106|CABKOL020000106.1_247	LMG07934|CP050262.1_2684
MGYG|ENA|CABKOL020000106|CABKOL020000106.1_343	MGYG|ENA|CABKOL020000106|CABKOL020000106.1_343
MGYG|ENA|CABKOL020000106|CABKOL020000106.1_343	FLUB|CP047121.1_68
MGYG|ENA|CABKOL020000106|CABKOL020000106.1_407	MGYG|ENA|CABKOL020000106|CABKOL020000106.1_407
MGYG|ENA|CABKOL020000106|CABKOL020000106.1_407	FLUB|CP047121.1_132
MGYG|ENA|CABKOL020000106|CABKOL020000106.1_631	MGYG|ENA|CABKOL020000106|CABKOL020000106.1_631
MGYG|ENA|CABKOL020000106|CABKOL020000106.1_631	FLUB|CP047121.1_354
MGYG|ENA|CABKOL020000106|CABKOL020000106.1_887	MGYG|ENA|CABKOL020000106|CABKOL020000106.1_887
MGYG|ENA|CABKOL020000106|CABKOL020000106.1_887	FLUB|CP047121.1_676
MGYG|ENA|CABKOL020000106|CABKOL020000106.1_919	MGYG|ENA|CABKOL020000106|CABKOL020000106.1_919
MGYG|ENA|CABKOL020000106|CABKOL020000106.1_919	FLUB|CP047121.1_708
MGYG|ENA|CABKOL020000106|CABKOL020000106.1_1015	MGYG|ENA|CABKOL020000106|CABKOL020000106.1_1015
MGYG|ENA|CABKOL020000106|CABKOL020000106.1_1047	MGYG|ENA|CABKOL020000106|CABKOL020000106.1_1047
MGYG|ENA|CABKOL020000106|CABKOL020000106.1_1047	FLUB|CP047121.1_834
MGYG|ENA|CABKOL020000106|CABKOL020000106.1_1079	MGYG|ENA|CABKOL020000106|CABKOL020000106.1_1079
MGYG|ENA|CABKOL020000106|CABKOL020000106.1_1079	FLUB|CP047121.1_865
MGYG|ENA|CABKOL020000106|CABKOL020000106.1_1303	MGYG|ENA|CABKOL020000106|CABKOL020000106.1_1303
MGYG|ENA|CABKOL020000106|CABKOL020000106.1_1303	DSM20176|AZDF01000030.1_20
MGYG|ENA|CABKOL020000106|CABKOL020000106.1_1303	LH500|CP044119.1_866
MGYG|ENA|CABKOL020000106|CABKOL020000106.1_1303	LMG07934|CP050262.1_893
MGYG|ENA|CABKOL020000106|CABKOL020000106.1_1303	FLUB|CP047121.1_1083
DSM20176|AZDF01000001.1_151	DSM20176|AZDF01000001.1_151
DSM20176|AZDF01000001.1_151	LH500|CP044119.1_2005
DSM20176|AZDF01000010.1_27	DSM20176|AZDF01000010.1_27
DSM20176|AZDF01000010.1_27	LMG07934|CP050262.1_523
DSM20176|AZDF01000010.1_27	FLUB|CP047121.1_625
DSM20176|AZDF01000010.1_27	LH500|CP044119.1_547
DSM20176|AZDF01000010.1_27	MGYG|ENA|CABKOL020000106|CABKOL020000106.1_834
DSM20176|AZDF01000011.1_14	DSM20176|AZDF01000011.1_14
DSM20176|AZDF01000011.1_14	FLUB|CP047121.1_2542
DSM20176|AZDF01000011.1_14	MGYG|ENA|CABKOL020000104|CABKOL020000104.1_42
DSM20176|AZDF01000011.1_14	LMG07934|CP050262.1_2428
DSM20176|AZDF01000011.1_14	LH500|CP044119.1_2317
DSM20176|AZDF01000011.1_46	DSM20176|AZDF01000011.1_46
DSM20176|AZDF01000011.1_46	FLUB|CP047121.1_2574
DSM20176|AZDF01000011.1_46	MGYG|ENA|CABKOL020000104|CABKOL020000104.1_10
DSM20176|AZDF01000011.1_46	LMG07934|CP050262.1_2460
DSM20176|AZDF01000011.1_46	LH500|CP044119.1_2349
DSM20176|AZDF01000015.1_24	DSM20176|AZDF01000015.1_24
DSM20176|AZDF01000015.1_24	LMG07934|CP050262.1_2558
DSM20176|AZDF01000015.1_24	LH500|CP044119.1_2437
DSM20176|AZDF01000015.1_24	MGYG|ENA|CABKOL020000106|CABKOL020000106.1_99
DSM20176|AZDF01000015.1_24	FLUB|CP047121.1_2683
DSM20176|AZDF01000016.1_13	DSM20176|AZDF01000016.1_13
DSM20176|AZDF01000022.1_19	DSM20176|AZDF01000022.1_19
DSM20176|AZDF01000022.1_19	LMG07934|CP050262.1_2602
DSM20176|AZDF01000022.1_19	MGYG|ENA|CABKOL020000106|CABKOL020000106.1_164
DSM20176|AZDF01000022.1_19	FLUB|CP047121.1_2751
DSM20176|AZDF01000022.1_19	LH500|CP044119.1_2479
DSM20176|AZDF01000028.1_11	DSM20176|AZDF01000028.1_11
DSM20176|AZDF01000028.1_11	LMG07934|CP050262.1_2666
DSM20176|AZDF01000028.1_11	LH500|CP044119.1_2538
DSM20176|AZDF01000028.1_11	MGYG|ENA|CABKOL020000106|CABKOL020000106.1_229
DSM20176|AZDF01000028.1_11	FLUB|CP047121.1_2816
DSM20176|AZDF01000038.1_11	DSM20176|AZDF01000038.1_11
DSM20176|AZDF01000038.1_11	MGYG|ENA|CABKOL020000102|CABKOL020000102.1_323
DSM20176|AZDF01000038.1_11	FLUB|CP047121.1_1526
DSM20176|AZDF01000038.1_11	LH500|CP044119.1_1321
DSM20176|AZDF01000043.1_9	DSM20176|AZDF01000043.1_9
DSM20176|AZDF01000043.1_9	LMG07934|CP050262.1_2525
DSM20176|AZDF01000043.1_9	MGYG|ENA|CABKOL020000106|CABKOL020000106.1_63
DSM20176|AZDF01000043.1_9	LH500|CP044119.1_2406
DSM20176|AZDF01000043.1_9	FLUB|CP047121.1_2647
DSM20176|AZDF01000046.1_6	DSM20176|AZDF01000046.1_6
DSM20176|AZDF01000053.1_10	DSM20176|AZDF01000053.1_10
DSM20176|AZDF01000053.1_10	LH500|CP044119.1_1809
DSM20176|AZDF01000006.1_3	DSM20176|AZDF01000006.1_3
DSM20176|AZDF01000006.1_3	LH500|CP044119.1_120
DSM20176|AZDF01000006.1_99	DSM20176|AZDF01000006.1_99
DSM20176|AZDF01000006.1_99	LH500|CP044119.1_23
DSM20176|AZDF01000066.1_4	DSM20176|AZDF01000066.1_4
DSM20176|AZDF01000066.1_4	LH500|CP044119.1_155
DSM20176|AZDF01000007.1_20	DSM20176|AZDF01000007.1_20
DSM20176|AZDF01000007.1_20	FLUB|CP047121.1_241
DSM20176|AZDF01000007.1_20	LMG07934|CP050262.1_219
DSM20176|AZDF01000007.1_20	MGYG|ENA|CABKOL020000106|CABKOL020000106.1_517
DSM20176|AZDF01000007.1_20	LH500|CP044119.1_240
DSM20176|AZDF01000080.1_1	DSM20176|AZDF01000080.1_1
FLUB|CP047121.1_78	FLUB|CP047121.1_78
FLUB|CP047121.1_78	LH500|CP044119.1_81
FLUB|CP047121.1_78	LMG07934|CP050262.1_60
FLUB|CP047121.1_78	DSM20176|AZDF01000006.1_42
FLUB|CP047121.1_78	MGYG|ENA|CABKOL020000106|CABKOL020000106.1_353
FLUB|CP047121.1_110	FLUB|CP047121.1_110
FLUB|CP047121.1_110	LH500|CP044119.1_121
FLUB|CP047121.1_110	DSM20176|AZDF01000006.1_2
FLUB|CP047121.1_110	MGYG|ENA|CABKOL020000106|CABKOL020000106.1_385
FLUB|CP047121.1_142	FLUB|CP047121.1_142
FLUB|CP047121.1_142	FLUB|CP047121.1_741
FLUB|CP047121.1_238	FLUB|CP047121.1_238
FLUB|CP047121.1_238	LMG07934|CP050262.1_216
FLUB|CP047121.1_238	DSM20176|AZDF01000007.1_24
FLUB|CP047121.1_238	MGYG|ENA|CABKOL020000106|CABKOL020000106.1_514
FLUB|CP047121.1_238	LH500|CP044119.1_236
FLUB|CP047121.1_398	FLUB|CP047121.1_398
FLUB|CP047121.1_398	LH500|CP044119.1_387
FLUB|CP047121.1_398	MGYG|ENA|CABKOL020000106|CABKOL020000106.1_674
FLUB|CP047121.1_398	DSM20176|AZDF01000035.1_17
FLUB|CP047121.1_398	LMG07934|CP050262.1_359
FLUB|CP047121.1_430	FLUB|CP047121.1_430
FLUB|CP047121.1_430	LMG07934|CP050262.1_394
FLUB|CP047121.1_430	LH500|CP044119.1_420
FLUB|CP047121.1_430	MGYG|ENA|CABKOL020000106|CABKOL020000106.1_706
FLUB|CP047121.1_430	DSM20176|AZDF01000003.1_99
FLUB|CP047121.1_462	FLUB|CP047121.1_462
FLUB|CP047121.1_462	LH500|CP044119.1_452
FLUB|CP047121.1_462	MGYG|ENA|CABKOL020000106|CABKOL020000106.1_738
FLUB|CP047121.1_462	DSM20176|AZDF01000003.1_68
FLUB|CP047121.1_462	LMG07934|CP050262.1_424
FLUB|CP047121.1_558	FLUB|CP047121.1_558
FLUB|CP047121.1_590	FLUB|CP047121.1_590
FLUB|CP047121.1_750	FLUB|CP047121.1_750
FLUB|CP047121.1_750	DSM20176|AZDF01000039.1_15
FLUB|CP047121.1_750	MGYG|ENA|CABKOL020000106|CABKOL020000106.1_962
FLUB|CP047121.1_750	LH500|CP044119.1_618
FLUB|CP047121.1_846	FLUB|CP047121.1_846
FLUB|CP047121.1_846	LMG07934|CP050262.1_685
FLUB|CP047121.1_846	MGYG|ENA|CABKOL020000106|CABKOL020000106.1_1059
FLUB|CP047121.1_974	FLUB|CP047121.1_974
FLUB|CP047121.1_974	DSM20176|AZDF01000031.1_26
FLUB|CP047121.1_974	LMG07934|CP050262.1_799
FLUB|CP047121.1_974	LH500|CP044119.1_774
FLUB|CP047121.1_974	MGYG|ENA|CABKOL020000106|CABKOL020000106.1_1191
FLUB|CP047121.1_1006	FLUB|CP047121.1_1006
FLUB|CP047121.1_1006	DSM20176|AZDF01000016.1_21
FLUB|CP047121.1_1006	LMG07934|CP050262.1_831
FLUB|CP047121.1_1006	LH500|CP044119.1_806
FLUB|CP047121.1_1006	MGYG|ENA|CABKOL020000106|CABKOL020000106.1_1223
FLUB|CP047121.1_1038	FLUB|CP047121.1_1038
FLUB|CP047121.1_1038	LH500|CP044119.1_834
FLUB|CP047121.1_1038	DSM20176|AZDF01000037.1_10
FLUB|CP047121.1_1038	MGYG|ENA|CABKOL020000106|CABKOL020000106.1_1256
FLUB|CP047121.1_1742	FLUB|CP047121.1_1742
FLUB|CP047121.1_1742	MGYG|ENA|CABKOL020000102|CABKOL020000102.1_539
FLUB|CP047121.1_1902	FLUB|CP047121.1_1902
FLUB|CP047121.1_1934	FLUB|CP047121.1_1934
FLUB|CP047121.1_2350	FLUB|CP047121.1_2350
FLUB|CP047121.1_2350	LMG07934|CP050262.1_2157
FLUB|CP047121.1_2350	MGYG|ENA|CABKOL020000104|CABKOL020000104.1_235
FLUB|CP047121.1_2670	FLUB|CP047121.1_2670
FLUB|CP047121.1_2670	MGYG|ENA|CABKOL020000106|CABKOL020000106.1_86
FLUB|CP047121.1_2702	FLUB|CP047121.1_2702
FLUB|CP047121.1_2702	MGYG|ENA|CABKOL020000106|CABKOL020000106.1_116
FLUB|CP047121.1_2766	FLUB|CP047121.1_2766
FLUB|CP047121.1_2766	MGYG|ENA|CABKOL020000106|CABKOL020000106.1_179
FLUB|CP047122.1_33	FLUB|CP047122.1_33
FLUB|CP047123.1_17	FLUB|CP047123.1_17
FLUB|CP047124.1_10	FLUB|CP047124.1_10
FLUB|CP047124.1_10	FLUB|CP047124.1_30
FLUB|CP047124.1_10	MGYG|ENA|CABKOL020000103|CABKOL020000103.1_25
FLUB|CP047125.1_3	FLUB|CP047125.1_3
LMG07934|CP050262.1_23	LMG07934|CP050262.1_23
LMG07934|CP050262.1_23	FLUB|CP047121.1_23
LMG07934|CP050262.1_23	LH500|CP044119.1_41
LMG07934|CP050262.1_23	DSM20176|AZDF01000006.1_82
LMG07934|CP050262.1_23	MGYG|ENA|CABKOL020000106|CABKOL020000106.1_297
LMG07934|CP050262.1_87	LMG07934|CP050262.1_87
LMG07934|CP050262.1_119	LMG07934|CP050262.1_119
LMG07934|CP050262.1_247	LMG07934|CP050262.1_247
LMG07934|CP050262.1_279	LMG07934|CP050262.1_279
LMG07934|CP050262.1_279	DSM20176|AZDF01000019.1_28
LMG07934|CP050262.1_279	LH500|CP044119.1_300
LMG07934|CP050262.1_471	LMG07934|CP050262.1_471
LMG07934|CP050262.1_567	LMG07934|CP050262.1_567
LMG07934|CP050262.1_663	LMG07934|CP050262.1_663
LMG07934|CP050262.1_695	LMG07934|CP050262.1_695
LMG07934|CP050262.1_695	DSM20176|AZDF01000051.1_5
LMG07934|CP050262.1_695	LH500|CP044119.1_656
LMG07934|CP050262.1_1175	LMG07934|CP050262.1_1175
LMG07934|CP050262.1_1175	MGYG|ENA|CABKOL020000102|CABKOL020000102.1_163
LMG07934|CP050262.1_1175	LH500|CP044119.1_1153
LMG07934|CP050262.1_1175	FLUB|CP047121.1_1368
LMG07934|CP050262.1_1175	DSM20176|AZDF01000002.1_61
LMG07934|CP050262.1_1239	LMG07934|CP050262.1_1239
LMG07934|CP050262.1_1271	LMG07934|CP050262.1_1271
LMG07934|CP050262.1_1303	LMG07934|CP050262.1_1303
LMG07934|CP050262.1_2167	LMG07934|CP050262.1_2167
LMG07934|CP050262.1_2263	LMG07934|CP050262.1_2263
LMG07934|CP050262.1_2359	LMG07934|CP050262.1_2359
LMG07934|CP050262.1_2391	LMG07934|CP050262.1_2391
LMG07934|CP050262.1_2487	LMG07934|CP050262.1_2487
LMG07934|CP050262.1_2487	LMG07934|CP050262.1_309
LMG07934|CP050262.1_2551	LMG07934|CP050262.1_2551
LMG07934|CP050262.1_2551	LH500|CP044119.1_2430
LMG07934|CP050262.1_2551	MGYG|ENA|CABKOL020000106|CABKOL020000106.1_92
LMG07934|CP050262.1_2551	FLUB|CP047121.1_2676
LMG07934|CP050262.1_2551	DSM20176|AZDF01000015.1_31
LH500|CP044119.1_30	LH500|CP044119.1_30
LH500|CP044119.1_62	LH500|CP044119.1_62
LH500|CP044119.1_62	DSM20176|AZDF01000006.1_61
LH500|CP044119.1_126	LH500|CP044119.1_126
LH500|CP044119.1_126	DSM20176|AZDF01000040.1_13
LH500|CP044119.1_126	MGYG|ENA|CABKOL020000106|CABKOL020000106.1_388
LH500|CP044119.1_126	FLUB|CP047121.1_113
LH500|CP044119.1_318	LH500|CP044119.1_318
LH500|CP044119.1_318	FLUB|CP047121.1_304
LH500|CP044119.1_318	DSM20176|AZDF01000041.1_6
LH500|CP044119.1_318	MGYG|ENA|CABKOL020000106|CABKOL020000106.1_581
LH500|CP044119.1_318	LMG07934|CP050262.1_294
LH500|CP044119.1_350	LH500|CP044119.1_350
LH500|CP044119.1_350	DSM20176|AZDF01000029.1_20
LH500|CP044119.1_350	FLUB|CP047121.1_340
LH500|CP044119.1_350	LMG07934|CP050262.1_322
LH500|CP044119.1_350	MGYG|ENA|CABKOL020000106|CABKOL020000106.1_617
LH500|CP044119.1_446	LH500|CP044119.1_446
LH500|CP044119.1_446	DSM20176|AZDF01000003.1_74
LH500|CP044119.1_702	LH500|CP044119.1_702
LH500|CP044119.1_702	DSM20176|AZDF01000027.1_16
LH500|CP044119.1_702	LMG07934|CP050262.1_737
LH500|CP044119.1_894	LH500|CP044119.1_894
LH500|CP044119.1_894	LMG07934|CP050262.1_921
LH500|CP044119.1_894	DSM20176|AZDF01000005.1_94
LH500|CP044119.1_894	FLUB|CP047121.1_1112
LH500|CP044119.1_894	MGYG|ENA|CABKOL020000095|CABKOL020000095.1_19
LH500|CP044119.1_926	LH500|CP044119.1_926
LH500|CP044119.1_926	LMG07934|CP050262.1_953
LH500|CP044119.1_926	DSM20176|AZDF01000005.1_62
LH500|CP044119.1_926	FLUB|CP047121.1_1144
LH500|CP044119.1_926	MGYG|ENA|CABKOL020000095|CABKOL020000095.1_51
LH500|CP044119.1_1214	LH500|CP044119.1_1214
LH500|CP044119.1_1214	DSM20176|AZDF01000002.1_1
LH500|CP044119.1_1886	LH500|CP044119.1_1886
LH500|CP044119.1_1886	MGYG|ENA|CABKOL020000104|CABKOL020000104.1_518
LH500|CP044119.1_1886	FLUB|CP047121.1_2067
LH500|CP044119.1_1886	DSM20176|AZDF01000001.1_32
LH500|CP044119.1_1886	LMG07934|CP050262.1_1889
LH500|CP044119.1_2174	LH500|CP044119.1_2174
LH500|CP044119.1_2174	DSM20176|AZDF01000020.1_31
LH500|CP044119.1_2174	LMG07934|CP050262.1_2270
LH500|CP044119.1_2206	LH500|CP044119.1_2206
LH500|CP044119.1_2206	LMG07934|CP050262.1_2299
LH500|CP044119.1_2206	DSM20176|AZDF01000009.1_71
LH500|CP044119.1_2494	LH500|CP044119.1_2494
LH500|CP044119.1_2494	LMG07934|CP050262.1_2618
LH500|CP044119.1_2494	DSM20176|AZDF01000022.1_34
MGYG|ENA|CABKOL020000005|CABKOL020000005.1_1	MGYG|ENA|CABKOL020000005|CABKOL020000005.1_1
MGYG|ENA|CABKOL020000045|CABKOL020000045.1_1	MGYG|ENA|CABKOL020000045|CABKOL020000045.1_1
MGYG|ENA|CABKOL020000076|CABKOL020000076.1_1	MGYG|ENA|CABKOL020000076|CABKOL020000076.1_1
MGYG|ENA|CABKOL020000095|CABKOL020000095.1_1	MGYG|ENA|CABKOL020000095|CABKOL020000095.1_1
MGYG|ENA|CABKOL020000100|CABKOL020000100.1_7	MGYG|ENA|CABKOL020000100|CABKOL020000100.1_7
MGYG|ENA|CABKOL020000102|CABKOL020000102.1_3	MGYG|ENA|CABKOL020000102|CABKOL020000102.1_3
MGYG|ENA|CABKOL020000102|CABKOL020000102.1_3	LMG07934|CP050262.1_1018
MGYG|ENA|CABKOL020000102|CABKOL020000102.1_3	LH500|CP044119.1_993
MGYG|ENA|CABKOL020000102|CABKOL020000102.1_3	DSM20176|AZDF01000062.1_4
MGYG|ENA|CABKOL020000102|CABKOL020000102.1_3	FLUB|CP047121.1_1209
MGYG|ENA|CABKOL020000102|CABKOL020000102.1_35	MGYG|ENA|CABKOL020000102|CABKOL020000102.1_35
MGYG|ENA|CABKOL020000102|CABKOL020000102.1_35	LMG07934|CP050262.1_1050
MGYG|ENA|CABKOL020000102|CABKOL020000102.1_35	LH500|CP044119.1_1029
MGYG|ENA|CABKOL020000102|CABKOL020000102.1_35	FLUB|CP047121.1_1241
MGYG|ENA|CABKOL020000102|CABKOL020000102.1_35	DSM20176|AZDF01000002.1_185
MGYG|ENA|CABKOL020000102|CABKOL020000102.1_67	MGYG|ENA|CABKOL020000102|CABKOL020000102.1_67
MGYG|ENA|CABKOL020000102|CABKOL020000102.1_67	LMG07934|CP050262.1_1082
MGYG|ENA|CABKOL020000102|CABKOL020000102.1_67	LH500|CP044119.1_1061
MGYG|ENA|CABKOL020000102|CABKOL020000102.1_67	FLUB|CP047121.1_1273
MGYG|ENA|CABKOL020000102|CABKOL020000102.1_67	DSM20176|AZDF01000002.1_153
MGYG|ENA|CABKOL020000102|CABKOL020000102.1_99	MGYG|ENA|CABKOL020000102|CABKOL020000102.1_99
MGYG|ENA|CABKOL020000102|CABKOL020000102.1_99	LMG07934|CP050262.1_1112
MGYG|ENA|CABKOL020000102|CABKOL020000102.1_99	LH500|CP044119.1_1089
MGYG|ENA|CABKOL020000102|CABKOL020000102.1_99	FLUB|CP047121.1_1304
MGYG|ENA|CABKOL020000102|CABKOL020000102.1_99	DSM20176|AZDF01000002.1_125
MGYG|ENA|CABKOL020000102|CABKOL020000102.1_131	MGYG|ENA|CABKOL020000102|CABKOL020000102.1_131
MGYG|ENA|CABKOL020000102|CABKOL020000102.1_131	LMG07934|CP050262.1_1144
MGYG|ENA|CABKOL020000102|CABKOL020000102.1_131	LH500|CP044119.1_1121
MGYG|ENA|CABKOL020000102|CABKOL020000102.1_131	FLUB|CP047121.1_1336
MGYG|ENA|CABKOL020000102|CABKOL020000102.1_131	DSM20176|AZDF01000002.1_93
MGYG|ENA|CABKOL020000102|CABKOL020000102.1_259	MGYG|ENA|CABKOL020000102|CABKOL020000102.1_259
MGYG|ENA|CABKOL020000102|CABKOL020000102.1_259	DSM20176|AZDF01000018.1_28
MGYG|ENA|CABKOL020000102|CABKOL020000102.1_259	FLUB|CP047121.1_1462
MGYG|ENA|CABKOL020000102|CABKOL020000102.1_259	LH500|CP044119.1_1256
MGYG|ENA|CABKOL020000102|CABKOL020000102.1_259	LMG07934|CP050262.1_1349
MGYG|ENA|CABKOL020000102|CABKOL020000102.1_291	MGYG|ENA|CABKOL020000102|CABKOL020000102.1_291
MGYG|ENA|CABKOL020000102|CABKOL020000102.1_291	DSM20176|AZDF01000013.1_25
MGYG|ENA|CABKOL020000102|CABKOL020000102.1_291	FLUB|CP047121.1_1494
MGYG|ENA|CABKOL020000102|CABKOL020000102.1_291	LH500|CP044119.1_1288
MGYG|ENA|CABKOL020000102|CABKOL020000102.1_291	LMG07934|CP050262.1_1381
MGYG|ENA|CABKOL020000102|CABKOL020000102.1_579	MGYG|ENA|CABKOL020000102|CABKOL020000102.1_579
MGYG|ENA|CABKOL020000102|CABKOL020000102.1_579	FLUB|CP047121.1_1782
MGYG|ENA|CABKOL020000102|CABKOL020000102.1_579	LMG07934|CP050262.1_1666
MGYG|ENA|CABKOL020000102|CABKOL020000102.1_579	LH500|CP044119.1_1578
MGYG|ENA|CABKOL020000102|CABKOL020000102.1_579	DSM20176|AZDF01000017.1_14
MGYG|ENA|CABKOL020000102|CABKOL020000102.1_611	MGYG|ENA|CABKOL020000102|CABKOL020000102.1_611
MGYG|ENA|CABKOL020000102|CABKOL020000102.1_611	DSM20176|AZDF01000025.1_18
MGYG|ENA|CABKOL020000102|CABKOL020000102.1_611	FLUB|CP047121.1_1814
MGYG|ENA|CABKOL020000102|CABKOL020000102.1_611	LMG07934|CP050262.1_1699
MGYG|ENA|CABKOL020000102|CABKOL020000102.1_611	LH500|CP044119.1_1610
MGYG|ENA|CABKOL020000102|CABKOL020000102.1_643	MGYG|ENA|CABKOL020000102|CABKOL020000102.1_643
MGYG|ENA|CABKOL020000102|CABKOL020000102.1_643	DSM20176|AZDF01000023.1_19
MGYG|ENA|CABKOL020000102|CABKOL020000102.1_643	FLUB|CP047121.1_1847
MGYG|ENA|CABKOL020000102|CABKOL020000102.1_643	LMG07934|CP050262.1_1730
MGYG|ENA|CABKOL020000102|CABKOL020000102.1_643	LH500|CP044119.1_1644
MGYG|ENA|CABKOL020000102|CABKOL020000102.1_675	MGYG|ENA|CABKOL020000102|CABKOL020000102.1_675
MGYG|ENA|CABKOL020000102|CABKOL020000102.1_675	FLUB|CP047121.1_1878
MGYG|ENA|CABKOL020000102|CABKOL020000102.1_675	LMG07934|CP050262.1_1762
MGYG|ENA|CABKOL020000102|CABKOL020000102.1_675	LH500|CP044119.1_1705
MGYG|ENA|CABKOL020000102|CABKOL020000102.1_675	DSM20176|AZDF01000014.1_22
MGYG|ENA|CABKOL020000103|CABKOL020000103.1_4	MGYG|ENA|CABKOL020000103|CABKOL020000103.1_4
MGYG|ENA|CABKOL020000104|CABKOL020000104.1_7	MGYG|ENA|CABKOL020000104|CABKOL020000104.1_7
MGYG|ENA|CABKOL020000104|CABKOL020000104.1_7	DSM20176|AZDF01000011.1_49
MGYG|ENA|CABKOL020000104|CABKOL020000104.1_7	FLUB|CP047121.1_2577
MGYG|ENA|CABKOL020000104|CABKOL020000104.1_7	LMG07934|CP050262.1_2463
MGYG|ENA|CABKOL020000104|CABKOL020000104.1_7	LH500|CP044119.1_2352
MGYG|ENA|CABKOL020000104|CABKOL020000104.1_39	MGYG|ENA|CABKOL020000104|CABKOL020000104.1_39
MGYG|ENA|CABKOL020000104|CABKOL020000104.1_39	DSM20176|AZDF01000011.1_17
MGYG|ENA|CABKOL020000104|CABKOL020000104.1_39	FLUB|CP047121.1_2545
MGYG|ENA|CABKOL020000104|CABKOL020000104.1_39	LMG07934|CP050262.1_2431
MGYG|ENA|CABKOL020000104|CABKOL020000104.1_39	LH500|CP044119.1_2320
MGYG|ENA|CABKOL020000105|CABKOL020000105.1_1	MGYG|ENA|CABKOL020000105|CABKOL020000105.1_1
MGYG|ENA|CABKOL020000105|CABKOL020000105.1_33	MGYG|ENA|CABKOL020000105|CABKOL020000105.1_33
MGYG|ENA|CABKOL020000106|CABKOL020000106.1_24	MGYG|ENA|CABKOL020000106|CABKOL020000106.1_24
MGYG|ENA|CABKOL020000106|CABKOL020000106.1_24	DSM20176|AZDF01000021.1_23
MGYG|ENA|CABKOL020000106|CABKOL020000106.1_24	FLUB|CP047121.1_2608
MGYG|ENA|CABKOL020000106|CABKOL020000106.1_24	LMG07934|CP050262.1_2497
MGYG|ENA|CABKOL020000106|CABKOL020000106.1_24	LH500|CP044119.1_2381
MGYG|ENA|CABKOL020000106|CABKOL020000106.1_344	MGYG|ENA|CABKOL020000106|CABKOL020000106.1_344
MGYG|ENA|CABKOL020000106|CABKOL020000106.1_344	FLUB|CP047121.1_69
MGYG|ENA|CABKOL020000106|CABKOL020000106.1_472	MGYG|ENA|CABKOL020000106|CABKOL020000106.1_472
MGYG|ENA|CABKOL020000106|CABKOL020000106.1_472	FLUB|CP047121.1_197
MGYG|ENA|CABKOL020000106|CABKOL020000106.1_632	MGYG|ENA|CABKOL020000106|CABKOL020000106.1_632
MGYG|ENA|CABKOL020000106|CABKOL020000106.1_632	FLUB|CP047121.1_355
MGYG|ENA|CABKOL020000106|CABKOL020000106.1_856	MGYG|ENA|CABKOL020000106|CABKOL020000106.1_856
MGYG|ENA|CABKOL020000106|CABKOL020000106.1_856	FLUB|CP047121.1_645
MGYG|ENA|CABKOL020000106|CABKOL020000106.1_888	MGYG|ENA|CABKOL020000106|CABKOL020000106.1_888
MGYG|ENA|CABKOL020000106|CABKOL020000106.1_888	FLUB|CP047121.1_677
MGYG|ENA|CABKOL020000106|CABKOL020000106.1_920	MGYG|ENA|CABKOL020000106|CABKOL020000106.1_920
MGYG|ENA|CABKOL020000106|CABKOL020000106.1_920	FLUB|CP047121.1_709
MGYG|ENA|CABKOL020000106|CABKOL020000106.1_952	MGYG|ENA|CABKOL020000106|CABKOL020000106.1_952
MGYG|ENA|CABKOL020000106|CABKOL020000106.1_952	FLUB|CP047121.1_739
MGYG|ENA|CABKOL020000106|CABKOL020000106.1_1016	MGYG|ENA|CABKOL020000106|CABKOL020000106.1_1016
MGYG|ENA|CABKOL020000106|CABKOL020000106.1_1016	FLUB|CP047121.1_804
MGYG|ENA|CABKOL020000106|CABKOL020000106.1_1048	MGYG|ENA|CABKOL020000106|CABKOL020000106.1_1048
MGYG|ENA|CABKOL020000106|CABKOL020000106.1_1048	FLUB|CP047121.1_835
MGYG|ENA|CABKOL020000106|CABKOL020000106.1_1080	MGYG|ENA|CABKOL020000106|CABKOL020000106.1_1080
MGYG|ENA|CABKOL020000106|CABKOL020000106.1_1112	MGYG|ENA|CABKOL020000106|CABKOL020000106.1_1112
MGYG|ENA|CABKOL020000106|CABKOL020000106.1_1304	MGYG|ENA|CABKOL020000106|CABKOL020000106.1_1304
MGYG|ENA|CABKOL020000106|CABKOL020000106.1_1304	DSM20176|AZDF01000030.1_21
MGYG|ENA|CABKOL020000106|CABKOL020000106.1_1304	LH500|CP044119.1_867
MGYG|ENA|CABKOL020000106|CABKOL020000106.1_1304	LMG07934|CP050262.1_894
MGYG|ENA|CABKOL020000106|CABKOL020000106.1_1304	FLUB|CP047121.1_1084
DSM20176|AZDF01000001.1_152	DSM20176|AZDF01000001.1_152
DSM20176|AZDF01000001.1_152	LH500|CP044119.1_2006
DSM20176|AZDF01000001.1_184	DSM20176|AZDF01000001.1_184
DSM20176|AZDF01000001.1_184	LH500|CP044119.1_2038
DSM20176|AZDF01000001.1_184	LMG07934|CP050262.1_2041
DSM20176|AZDF01000010.1_28	DSM20176|AZDF01000010.1_28
DSM20176|AZDF01000010.1_28	LMG07934|CP050262.1_524
DSM20176|AZDF01000010.1_28	FLUB|CP047121.1_626
DSM20176|AZDF01000010.1_28	LH500|CP044119.1_548
DSM20176|AZDF01000010.1_28	MGYG|ENA|CABKOL020000106|CABKOL020000106.1_835
DSM20176|AZDF01000011.1_15	DSM20176|AZDF01000011.1_15
DSM20176|AZDF01000011.1_15	FLUB|CP047121.1_2543
DSM20176|AZDF01000011.1_15	MGYG|ENA|CABKOL020000104|CABKOL020000104.1_41
DSM20176|AZDF01000011.1_15	LMG07934|CP050262.1_2429
DSM20176|AZDF01000011.1_15	LH500|CP044119.1_2318
DSM20176|AZDF01000011.1_47	DSM20176|AZDF01000011.1_47
DSM20176|AZDF01000011.1_47	LMG07934|CP050262.1_2461
DSM20176|AZDF01000011.1_47	LH500|CP044119.1_2350
DSM20176|AZDF01000015.1_25	DSM20176|AZDF01000015.1_25
DSM20176|AZDF01000015.1_25	LMG07934|CP050262.1_2557
DSM20176|AZDF01000015.1_25	LH500|CP044119.1_2436
DSM20176|AZDF01000015.1_25	MGYG|ENA|CABKOL020000106|CABKOL020000106.1_98
DSM20176|AZDF01000015.1_25	FLUB|CP047121.1_2682
DSM20176|AZDF01000016.1_14	DSM20176|AZDF01000016.1_14
DSM20176|AZDF01000016.1_14	LMG07934|CP050262.1_838
DSM20176|AZDF01000016.1_14	LH500|CP044119.1_813
DSM20176|AZDF01000002.1_11	DSM20176|AZDF01000002.1_11
DSM20176|AZDF01000002.1_11	LMG07934|CP050262.1_1226
DSM20176|AZDF01000002.1_11	LH500|CP044119.1_1204
DSM20176|AZDF01000002.1_11	FLUB|CP047121.1_1420
DSM20176|AZDF01000002.1_11	MGYG|ENA|CABKOL020000102|CABKOL020000102.1_216
DSM20176|AZDF01000024.1_14	DSM20176|AZDF01000024.1_14
DSM20176|AZDF01000024.1_14	MGYG|ENA|CABKOL020000106|CABKOL020000106.1_258
DSM20176|AZDF01000024.1_14	LH500|CP044119.1_2570
DSM20176|AZDF01000024.1_14	FLUB|CP047121.1_2845
DSM20176|AZDF01000024.1_14	LMG07934|CP050262.1_2697
DSM20176|AZDF01000003.1_55	DSM20176|AZDF01000003.1_55
DSM20176|AZDF01000003.1_55	LH500|CP044119.1_465
DSM20176|AZDF01000034.1_1	DSM20176|AZDF01000034.1_1
DSM20176|AZDF01000037.1_1	DSM20176|AZDF01000037.1_1
DSM20176|AZDF01000038.1_12	DSM20176|AZDF01000038.1_12
DSM20176|AZDF01000038.1_12	MGYG|ENA|CABKOL020000102|CABKOL020000102.1_324
DSM20176|AZDF01000038.1_12	FLUB|CP047121.1_1527
DSM20176|AZDF01000038.1_12	LH500|CP044119.1_1322
DSM20176|AZDF01000038.1_12	LMG07934|CP050262.1_1415
DSM20176|AZDF01000046.1_7	DSM20176|AZDF01000046.1_7
DSM20176|AZDF01000050.1_9	DSM20176|AZDF01000050.1_9
DSM20176|AZDF01000050.1_9	LH500|CP044119.1_650
DSM20176|AZDF01000006.1_100	DSM20176|AZDF01000006.1_100
DSM20176|AZDF01000006.1_100	LH500|CP044119.1_22
DSM20176|AZDF01000061.1_5	DSM20176|AZDF01000061.1_5
DSM20176|AZDF01000007.1_21	DSM20176|AZDF01000007.1_21
DSM20176|AZDF01000007.1_21	FLUB|CP047121.1_240
DSM20176|AZDF01000007.1_21	LMG07934|CP050262.1_218
DSM20176|AZDF01000007.1_21	MGYG|ENA|CABKOL020000106|CABKOL020000106.1_516
DSM20176|AZDF01000007.1_21	LH500|CP044119.1_239
FLUB|CP047121.1_47	FLUB|CP047121.1_47
FLUB|CP047121.1_47	LMG07934|CP050262.1_49
FLUB|CP047121.1_47	LH500|CP044119.1_69
FLUB|CP047121.1_47	MGYG|ENA|CABKOL020000106|CABKOL020000106.1_321
FLUB|CP047121.1_47	DSM20176|AZDF01000006.1_54
FLUB|CP047121.1_239	FLUB|CP047121.1_239
FLUB|CP047121.1_239	DSM20176|AZDF01000007.1_22
FLUB|CP047121.1_239	LMG07934|CP050262.1_217
FLUB|CP047121.1_239	MGYG|ENA|CABKOL020000106|CABKOL020000106.1_515
FLUB|CP047121.1_239	LH500|CP044119.1_238
FLUB|CP047121.1_335	FLUB|CP047121.1_335
FLUB|CP047121.1_335	LH500|CP044119.1_345
FLUB|CP047121.1_335	LMG07934|CP050262.1_317
FLUB|CP047121.1_335	DSM20176|AZDF01000029.1_25
FLUB|CP047121.1_335	MGYG|ENA|CABKOL020000106|CABKOL020000106.1_612
FLUB|CP047121.1_431	FLUB|CP047121.1_431
FLUB|CP047121.1_431	LMG07934|CP050262.1_397
FLUB|CP047121.1_431	LH500|CP044119.1_421
FLUB|CP047121.1_431	MGYG|ENA|CABKOL020000106|CABKOL020000106.1_707
FLUB|CP047121.1_431	DSM20176|AZDF01000003.1_98
FLUB|CP047121.1_463	FLUB|CP047121.1_463
FLUB|CP047121.1_463	LH500|CP044119.1_453
FLUB|CP047121.1_463	MGYG|ENA|CABKOL020000106|CABKOL020000106.1_739
FLUB|CP047121.1_463	DSM20176|AZDF01000003.1_67
FLUB|CP047121.1_463	LMG07934|CP050262.1_425
FLUB|CP047121.1_559	FLUB|CP047121.1_559
FLUB|CP047121.1_591	FLUB|CP047121.1_591
FLUB|CP047121.1_911	FLUB|CP047121.1_911
FLUB|CP047121.1_911	LH500|CP044119.1_705
FLUB|CP047121.1_911	DSM20176|AZDF01000027.1_19
FLUB|CP047121.1_911	LMG07934|CP050262.1_741
FLUB|CP047121.1_911	MGYG|ENA|CABKOL020000106|CABKOL020000106.1_1126
FLUB|CP047121.1_975	FLUB|CP047121.1_975
FLUB|CP047121.1_975	DSM20176|AZDF01000031.1_27
FLUB|CP047121.1_975	LMG07934|CP050262.1_800
FLUB|CP047121.1_975	LH500|CP044119.1_775
FLUB|CP047121.1_975	MGYG|ENA|CABKOL020000106|CABKOL020000106.1_1192
FLUB|CP047121.1_1007	FLUB|CP047121.1_1007
FLUB|CP047121.1_1007	DSM20176|AZDF01000016.1_20
FLUB|CP047121.1_1007	LMG07934|CP050262.1_832
FLUB|CP047121.1_1007	LH500|CP044119.1_807
FLUB|CP047121.1_1007	MGYG|ENA|CABKOL020000106|CABKOL020000106.1_1224
FLUB|CP047121.1_1039	FLUB|CP047121.1_1039
FLUB|CP047121.1_1039	LH500|CP044119.1_836
FLUB|CP047121.1_1039	LMG07934|CP050262.1_864
FLUB|CP047121.1_1039	DSM20176|AZDF01000037.1_12
FLUB|CP047121.1_1039	MGYG|ENA|CABKOL020000106|CABKOL020000106.1_1257
FLUB|CP047121.1_1071	FLUB|CP047121.1_1071
FLUB|CP047121.1_1071	MGYG|ENA|CABKOL020000106|CABKOL020000106.1_1291
FLUB|CP047121.1_1903	FLUB|CP047121.1_1903
FLUB|CP047121.1_1935	FLUB|CP047121.1_1935
FLUB|CP047121.1_2031	FLUB|CP047121.1_2031
FLUB|CP047121.1_2031	MGYG|ENA|CABKOL020000099|CABKOL020000099.1_3
FLUB|CP047121.1_2703	FLUB|CP047121.1_2703
FLUB|CP047121.1_2703	MGYG|ENA|CABKOL020000106|CABKOL020000106.1_117
FLUB|CP047121.1_2767	FLUB|CP047121.1_2767
FLUB|CP047121.1_2799	FLUB|CP047121.1_2799
FLUB|CP047121.1_2799	MGYG|ENA|CABKOL020000106|CABKOL020000106.1_212
FLUB|CP047122.1_2	FLUB|CP047122.1_2
FLUB|CP047122.1_34	FLUB|CP047122.1_34
FLUB|CP047123.1_18	FLUB|CP047123.1_18
FLUB|CP047124.1_11	FLUB|CP047124.1_11
FLUB|CP047124.1_11	FLUB|CP047124.1_31
FLUB|CP047125.1_4	FLUB|CP047125.1_4
LMG07934|CP050262.1_88	LMG07934|CP050262.1_88
LMG07934|CP050262.1_88	DSM20176|AZDF01000006.1_15
LMG07934|CP050262.1_88	LH500|CP044119.1_108
LMG07934|CP050262.1_248	LMG07934|CP050262.1_248
LMG07934|CP050262.1_280	LMG07934|CP050262.1_280
LMG07934|CP050262.1_280	DSM20176|AZDF01000019.1_29
LMG07934|CP050262.1_280	LH500|CP044119.1_301
LMG07934|CP050262.1_472	LMG07934|CP050262.1_472
LMG07934|CP050262.1_568	LMG07934|CP050262.1_568
LMG07934|CP050262.1_664	LMG07934|CP050262.1_664
LMG07934|CP050262.1_1176	LMG07934|CP050262.1_1176
LMG07934|CP050262.1_1176	MGYG|ENA|CABKOL020000102|CABKOL020000102.1_164
LMG07934|CP050262.1_1176	LH500|CP044119.1_1154
LMG07934|CP050262.1_1176	FLUB|CP047121.1_1369
LMG07934|CP050262.1_1176	DSM20176|AZDF01000002.1_60
LMG07934|CP050262.1_1240	LMG07934|CP050262.1_1240
LMG07934|CP050262.1_1272	LMG07934|CP050262.1_1272
LMG07934|CP050262.1_1304	LMG07934|CP050262.1_1304
LMG07934|CP050262.1_2168	LMG07934|CP050262.1_2168
LMG07934|CP050262.1_2328	LMG07934|CP050262.1_2328
LMG07934|CP050262.1_2392	LMG07934|CP050262.1_2392
LMG07934|CP050262.1_2488	LMG07934|CP050262.1_2488
LMG07934|CP050262.1_2552	LMG07934|CP050262.1_2552
LMG07934|CP050262.1_2552	MGYG|ENA|CABKOL020000106|CABKOL020000106.1_50
LMG07934|CP050262.1_2552	FLUB|CP047121.1_2634
LMG07934|CP050262.1_2552	LH500|CP044119.1_2431
LMG07934|CP050262.1_2552	MGYG|ENA|CABKOL020000106|CABKOL020000106.1_93
LMG07934|CP050262.1_2552	DSM20176|AZDF01000015.1_30
LMG07934|CP050262.1_2552	FLUB|CP047121.1_2677
LMG07934|CP050262.1_2584	LMG07934|CP050262.1_2584
LH500|CP044119.1_31	LH500|CP044119.1_31
LH500|CP044119.1_31	DSM20176|AZDF01000006.1_92
LH500|CP044119.1_63	LH500|CP044119.1_63
LH500|CP044119.1_63	DSM20176|AZDF01000006.1_60
LH500|CP044119.1_319	LH500|CP044119.1_319
LH500|CP044119.1_319	DSM20176|AZDF01000041.1_7
LH500|CP044119.1_319	LMG07934|CP050262.1_295
LH500|CP044119.1_351	LH500|CP044119.1_351
LH500|CP044119.1_351	DSM20176|AZDF01000029.1_19
LH500|CP044119.1_351	FLUB|CP047121.1_341
LH500|CP044119.1_351	LMG07934|CP050262.1_323
LH500|CP044119.1_351	MGYG|ENA|CABKOL020000106|CABKOL020000106.1_618
LH500|CP044119.1_383	LH500|CP044119.1_383
LH500|CP044119.1_383	FLUB|CP047121.1_394
LH500|CP044119.1_383	MGYG|ENA|CABKOL020000106|CABKOL020000106.1_670
LH500|CP044119.1_383	DSM20176|AZDF01000035.1_13
LH500|CP044119.1_383	LMG07934|CP050262.1_354
LH500|CP044119.1_671	LH500|CP044119.1_671
LH500|CP044119.1_671	DSM20176|AZDF01000056.1_8
LH500|CP044119.1_671	LMG07934|CP050262.1_706
LH500|CP044119.1_831	LH500|CP044119.1_831
LH500|CP044119.1_831	FLUB|CP047121.1_1034
LH500|CP044119.1_831	DSM20176|AZDF01000037.1_7
LH500|CP044119.1_831	MGYG|ENA|CABKOL020000106|CABKOL020000106.1_1252
LH500|CP044119.1_2111	LH500|CP044119.1_2111
LH500|CP044119.1_2111	DSM20176|AZDF01000033.1_1
LH500|CP044119.1_2111	LMG07934|CP050262.1_2210
LH500|CP044119.1_2111	FLUB|CP047121.1_2399
LH500|CP044119.1_2111	MGYG|ENA|CABKOL020000104|CABKOL020000104.1_185
LH500|CP044119.1_2143	LH500|CP044119.1_2143
LH500|CP044119.1_2207	LH500|CP044119.1_2207
LH500|CP044119.1_2207	LMG07934|CP050262.1_2300
LH500|CP044119.1_2207	DSM20176|AZDF01000009.1_70
LH500|CP044119.1_2239	LH500|CP044119.1_2239
LH500|CP044119.1_2239	LMG07934|CP050262.1_2334
LH500|CP044119.1_2239	DSM20176|AZDF01000009.1_38
LH500|CP044119.1_2495	LH500|CP044119.1_2495
LH500|CP044119.1_2495	LMG07934|CP050262.1_2619
LH500|CP044119.1_2495	DSM20176|AZDF01000022.1_35
MGYG|ENA|CABKOL020000007|CABKOL020000007.1_1	MGYG|ENA|CABKOL020000007|CABKOL020000007.1_1
MGYG|ENA|CABKOL020000046|CABKOL020000046.1_1	MGYG|ENA|CABKOL020000046|CABKOL020000046.1_1
MGYG|ENA|CABKOL020000077|CABKOL020000077.1_1	MGYG|ENA|CABKOL020000077|CABKOL020000077.1_1
MGYG|ENA|CABKOL020000077|CABKOL020000077.1_1	FLUB|CP047121.1_2736
MGYG|ENA|CABKOL020000077|CABKOL020000077.1_1	DSM20176|AZDF01000004.1_27
MGYG|ENA|CABKOL020000077|CABKOL020000077.1_1	LH500|CP044119.1_1523
MGYG|ENA|CABKOL020000100|CABKOL020000100.1_8	MGYG|ENA|CABKOL020000100|CABKOL020000100.1_8
MGYG|ENA|CABKOL020000102|CABKOL020000102.1_4	MGYG|ENA|CABKOL020000102|CABKOL020000102.1_4
MGYG|ENA|CABKOL020000102|CABKOL020000102.1_4	LMG07934|CP050262.1_1019
MGYG|ENA|CABKOL020000102|CABKOL020000102.1_4	FLUB|CP047121.1_1210
MGYG|ENA|CABKOL020000102|CABKOL020000102.1_36	MGYG|ENA|CABKOL020000102|CABKOL020000102.1_36
MGYG|ENA|CABKOL020000102|CABKOL020000102.1_36	LMG07934|CP050262.1_1051
MGYG|ENA|CABKOL020000102|CABKOL020000102.1_36	LH500|CP044119.1_1030
MGYG|ENA|CABKOL020000102|CABKOL020000102.1_36	FLUB|CP047121.1_1242
MGYG|ENA|CABKOL020000102|CABKOL020000102.1_36	DSM20176|AZDF01000002.1_184
MGYG|ENA|CABKOL020000102|CABKOL020000102.1_68	MGYG|ENA|CABKOL020000102|CABKOL020000102.1_68
MGYG|ENA|CABKOL020000102|CABKOL020000102.1_68	LMG07934|CP050262.1_1083
MGYG|ENA|CABKOL020000102|CABKOL020000102.1_68	LH500|CP044119.1_1062
MGYG|ENA|CABKOL020000102|CABKOL020000102.1_68	FLUB|CP047121.1_1274
MGYG|ENA|CABKOL020000102|CABKOL020000102.1_68	DSM20176|AZDF01000002.1_152
MGYG|ENA|CABKOL020000102|CABKOL020000102.1_100	MGYG|ENA|CABKOL020000102|CABKOL020000102.1_100
MGYG|ENA|CABKOL020000102|CABKOL020000102.1_100	LMG07934|CP050262.1_1113
MGYG|ENA|CABKOL020000102|CABKOL020000102.1_100	LH500|CP044119.1_1090
MGYG|ENA|CABKOL020000102|CABKOL020000102.1_100	FLUB|CP047121.1_1305
MGYG|ENA|CABKOL020000102|CABKOL020000102.1_100	DSM20176|AZDF01000002.1_124
MGYG|ENA|CABKOL020000102|CABKOL020000102.1_132	MGYG|ENA|CABKOL020000102|CABKOL020000102.1_132
MGYG|ENA|CABKOL020000102|CABKOL020000102.1_132	LMG07934|CP050262.1_1145
MGYG|ENA|CABKOL020000102|CABKOL020000102.1_132	LH500|CP044119.1_1122
MGYG|ENA|CABKOL020000102|CABKOL020000102.1_132	FLUB|CP047121.1_1337
MGYG|ENA|CABKOL020000102|CABKOL020000102.1_132	DSM20176|AZDF01000002.1_92
MGYG|ENA|CABKOL020000102|CABKOL020000102.1_228	MGYG|ENA|CABKOL020000102|CABKOL020000102.1_228
MGYG|ENA|CABKOL020000102|CABKOL020000102.1_228	DSM20176|AZDF01000057.1_5
MGYG|ENA|CABKOL020000102|CABKOL020000102.1_228	FLUB|CP047121.1_1431
MGYG|ENA|CABKOL020000102|CABKOL020000102.1_228	LH500|CP044119.1_1224
MGYG|ENA|CABKOL020000102|CABKOL020000102.1_228	LMG07934|CP050262.1_1318
MGYG|ENA|CABKOL020000102|CABKOL020000102.1_260	MGYG|ENA|CABKOL020000102|CABKOL020000102.1_260
MGYG|ENA|CABKOL020000102|CABKOL020000102.1_260	DSM20176|AZDF01000018.1_29
MGYG|ENA|CABKOL020000102|CABKOL020000102.1_260	FLUB|CP047121.1_1463
MGYG|ENA|CABKOL020000102|CABKOL020000102.1_260	LH500|CP044119.1_1257
MGYG|ENA|CABKOL020000102|CABKOL020000102.1_260	LMG07934|CP050262.1_1350
MGYG|ENA|CABKOL020000102|CABKOL020000102.1_292	MGYG|ENA|CABKOL020000102|CABKOL020000102.1_292
MGYG|ENA|CABKOL020000102|CABKOL020000102.1_292	DSM20176|AZDF01000013.1_26
MGYG|ENA|CABKOL020000102|CABKOL020000102.1_292	FLUB|CP047121.1_1495
MGYG|ENA|CABKOL020000102|CABKOL020000102.1_292	LH500|CP044119.1_1289
MGYG|ENA|CABKOL020000102|CABKOL020000102.1_292	LMG07934|CP050262.1_1382
MGYG|ENA|CABKOL020000102|CABKOL020000102.1_356	MGYG|ENA|CABKOL020000102|CABKOL020000102.1_356
MGYG|ENA|CABKOL020000102|CABKOL020000102.1_356	FLUB|CP047121.1_1559
MGYG|ENA|CABKOL020000102|CABKOL020000102.1_356	LH500|CP044119.1_1357
MGYG|ENA|CABKOL020000102|CABKOL020000102.1_356	DSM20176|AZDF01000008.1_69
MGYG|ENA|CABKOL020000102|CABKOL020000102.1_484	MGYG|ENA|CABKOL020000102|CABKOL020000102.1_484
MGYG|ENA|CABKOL020000102|CABKOL020000102.1_484	DSM20176|AZDF01000004.1_66
MGYG|ENA|CABKOL020000102|CABKOL020000102.1_484	FLUB|CP047121.1_1687
MGYG|ENA|CABKOL020000102|CABKOL020000102.1_484	LMG07934|CP050262.1_1572
MGYG|ENA|CABKOL020000102|CABKOL020000102.1_484	LH500|CP044119.1_1484
MGYG|ENA|CABKOL020000102|CABKOL020000102.1_580	MGYG|ENA|CABKOL020000102|CABKOL020000102.1_580
MGYG|ENA|CABKOL020000102|CABKOL020000102.1_580	FLUB|CP047121.1_1783
MGYG|ENA|CABKOL020000102|CABKOL020000102.1_580	LMG07934|CP050262.1_1667
MGYG|ENA|CABKOL020000102|CABKOL020000102.1_580	LH500|CP044119.1_1579
MGYG|ENA|CABKOL020000102|CABKOL020000102.1_580	DSM20176|AZDF01000017.1_13
MGYG|ENA|CABKOL020000102|CABKOL020000102.1_612	MGYG|ENA|CABKOL020000102|CABKOL020000102.1_612
MGYG|ENA|CABKOL020000102|CABKOL020000102.1_612	DSM20176|AZDF01000025.1_19
MGYG|ENA|CABKOL020000102|CABKOL020000102.1_612	FLUB|CP047121.1_1815
MGYG|ENA|CABKOL020000102|CABKOL020000102.1_612	LMG07934|CP050262.1_1700
MGYG|ENA|CABKOL020000102|CABKOL020000102.1_612	LH500|CP044119.1_1611
MGYG|ENA|CABKOL020000102|CABKOL020000102.1_644	MGYG|ENA|CABKOL020000102|CABKOL020000102.1_644
MGYG|ENA|CABKOL020000102|CABKOL020000102.1_644	DSM20176|AZDF01000023.1_20
MGYG|ENA|CABKOL020000102|CABKOL020000102.1_644	FLUB|CP047121.1_1848
MGYG|ENA|CABKOL020000102|CABKOL020000102.1_644	LMG07934|CP050262.1_1731
MGYG|ENA|CABKOL020000102|CABKOL020000102.1_644	LH500|CP044119.1_1645
MGYG|ENA|CABKOL020000103|CABKOL020000103.1_5	MGYG|ENA|CABKOL020000103|CABKOL020000103.1_5
MGYG|ENA|CABKOL020000104|CABKOL020000104.1_8	MGYG|ENA|CABKOL020000104|CABKOL020000104.1_8
MGYG|ENA|CABKOL020000104|CABKOL020000104.1_8	DSM20176|AZDF01000011.1_48
MGYG|ENA|CABKOL020000104|CABKOL020000104.1_8	FLUB|CP047121.1_2576
MGYG|ENA|CABKOL020000104|CABKOL020000104.1_8	LMG07934|CP050262.1_2462
MGYG|ENA|CABKOL020000104|CABKOL020000104.1_8	LH500|CP044119.1_2351
MGYG|ENA|CABKOL020000104|CABKOL020000104.1_40	MGYG|ENA|CABKOL020000104|CABKOL020000104.1_40
MGYG|ENA|CABKOL020000104|CABKOL020000104.1_40	DSM20176|AZDF01000011.1_16
MGYG|ENA|CABKOL020000104|CABKOL020000104.1_40	FLUB|CP047121.1_2544
MGYG|ENA|CABKOL020000104|CABKOL020000104.1_40	LMG07934|CP050262.1_2430
MGYG|ENA|CABKOL020000104|CABKOL020000104.1_40	LH500|CP044119.1_2319
MGYG|ENA|CABKOL020000105|CABKOL020000105.1_2	MGYG|ENA|CABKOL020000105|CABKOL020000105.1_2
MGYG|ENA|CABKOL020000105|CABKOL020000105.1_34	MGYG|ENA|CABKOL020000105|CABKOL020000105.1_34
MGYG|ENA|CABKOL020000106|CABKOL020000106.1_25	MGYG|ENA|CABKOL020000106|CABKOL020000106.1_25
MGYG|ENA|CABKOL020000106|CABKOL020000106.1_25	DSM20176|AZDF01000021.1_24
MGYG|ENA|CABKOL020000106|CABKOL020000106.1_25	FLUB|CP047121.1_2609
MGYG|ENA|CABKOL020000106|CABKOL020000106.1_25	LMG07934|CP050262.1_2498
MGYG|ENA|CABKOL020000106|CABKOL020000106.1_25	LH500|CP044119.1_2382
MGYG|ENA|CABKOL020000106|CABKOL020000106.1_185	MGYG|ENA|CABKOL020000106|CABKOL020000106.1_185
MGYG|ENA|CABKOL020000106|CABKOL020000106.1_185	FLUB|CP047121.1_2772
MGYG|ENA|CABKOL020000106|CABKOL020000106.1_185	LMG07934|CP050262.1_2624
MGYG|ENA|CABKOL020000106|CABKOL020000106.1_345	MGYG|ENA|CABKOL020000106|CABKOL020000106.1_345
MGYG|ENA|CABKOL020000106|CABKOL020000106.1_345	FLUB|CP047121.1_70
MGYG|ENA|CABKOL020000106|CABKOL020000106.1_409	MGYG|ENA|CABKOL020000106|CABKOL020000106.1_409
MGYG|ENA|CABKOL020000106|CABKOL020000106.1_409	FLUB|CP047121.1_134
MGYG|ENA|CABKOL020000106|CABKOL020000106.1_665	MGYG|ENA|CABKOL020000106|CABKOL020000106.1_665
MGYG|ENA|CABKOL020000106|CABKOL020000106.1_889	MGYG|ENA|CABKOL020000106|CABKOL020000106.1_889
MGYG|ENA|CABKOL020000106|CABKOL020000106.1_889	FLUB|CP047121.1_678
MGYG|ENA|CABKOL020000106|CABKOL020000106.1_921	MGYG|ENA|CABKOL020000106|CABKOL020000106.1_921
MGYG|ENA|CABKOL020000106|CABKOL020000106.1_921	FLUB|CP047121.1_710
MGYG|ENA|CABKOL020000106|CABKOL020000106.1_1017	MGYG|ENA|CABKOL020000106|CABKOL020000106.1_1017
MGYG|ENA|CABKOL020000106|CABKOL020000106.1_1017	FLUB|CP047121.1_805
MGYG|ENA|CABKOL020000106|CABKOL020000106.1_1049	MGYG|ENA|CABKOL020000106|CABKOL020000106.1_1049
MGYG|ENA|CABKOL020000106|CABKOL020000106.1_1049	FLUB|CP047121.1_836
MGYG|ENA|CABKOL020000106|CABKOL020000106.1_1081	MGYG|ENA|CABKOL020000106|CABKOL020000106.1_1081
MGYG|ENA|CABKOL020000106|CABKOL020000106.1_1273	MGYG|ENA|CABKOL020000106|CABKOL020000106.1_1273
MGYG|ENA|CABKOL020000106|CABKOL020000106.1_1273	LH500|CP044119.1_839
MGYG|ENA|CABKOL020000106|CABKOL020000106.1_1273	LMG07934|CP050262.1_866
MGYG|ENA|CABKOL020000106|CABKOL020000106.1_1273	DSM20176|AZDF01000037.1_15
MGYG|ENA|CABKOL020000106|CABKOL020000106.1_1273	FLUB|CP047121.1_1054
MGYG|ENA|CABKOL020000106|CABKOL020000106.1_1305	MGYG|ENA|CABKOL020000106|CABKOL020000106.1_1305
MGYG|ENA|CABKOL020000106|CABKOL020000106.1_1305	DSM20176|AZDF01000030.1_22
MGYG|ENA|CABKOL020000106|CABKOL020000106.1_1305	LH500|CP044119.1_868
MGYG|ENA|CABKOL020000106|CABKOL020000106.1_1305	LMG07934|CP050262.1_895
MGYG|ENA|CABKOL020000106|CABKOL020000106.1_1305	FLUB|CP047121.1_1085
DSM20176|AZDF01000015.1_26	DSM20176|AZDF01000015.1_26
DSM20176|AZDF01000015.1_26	LMG07934|CP050262.1_2556
DSM20176|AZDF01000015.1_26	LH500|CP044119.1_2435
DSM20176|AZDF01000015.1_26	MGYG|ENA|CABKOL020000106|CABKOL020000106.1_97
DSM20176|AZDF01000015.1_26	FLUB|CP047121.1_2681
DSM20176|AZDF01000029.1_17	DSM20176|AZDF01000029.1_17
DSM20176|AZDF01000029.1_17	MGYG|ENA|CABKOL020000106|CABKOL020000106.1_620
DSM20176|AZDF01000029.1_17	LH500|CP044119.1_353
DSM20176|AZDF01000029.1_17	FLUB|CP047121.1_343
DSM20176|AZDF01000029.1_17	LMG07934|CP050262.1_325
DSM20176|AZDF01000038.1_13	DSM20176|AZDF01000038.1_13
DSM20176|AZDF01000038.1_13	MGYG|ENA|CABKOL020000102|CABKOL020000102.1_325
DSM20176|AZDF01000038.1_13	FLUB|CP047121.1_1528
DSM20176|AZDF01000038.1_13	LH500|CP044119.1_1323
DSM20176|AZDF01000038.1_13	LMG07934|CP050262.1_1416
DSM20176|AZDF01000041.1_1	DSM20176|AZDF01000041.1_1
DSM20176|AZDF01000041.1_1	LH500|CP044119.1_313
DSM20176|AZDF01000043.1_11	DSM20176|AZDF01000043.1_11
DSM20176|AZDF01000043.1_11	LMG07934|CP050262.1_2527
DSM20176|AZDF01000043.1_11	MGYG|ENA|CABKOL020000106|CABKOL020000106.1_65
DSM20176|AZDF01000043.1_11	LH500|CP044119.1_2408
DSM20176|AZDF01000043.1_11	FLUB|CP047121.1_2649
DSM20176|AZDF01000046.1_8	DSM20176|AZDF01000046.1_8
DSM20176|AZDF01000006.1_37	DSM20176|AZDF01000006.1_37
DSM20176|AZDF01000006.1_37	LH500|CP044119.1_86
DSM20176|AZDF01000006.1_37	LMG07934|CP050262.1_65
DSM20176|AZDF01000006.1_101	DSM20176|AZDF01000006.1_101
DSM20176|AZDF01000006.1_101	LH500|CP044119.1_21
DSM20176|AZDF01000061.1_6	DSM20176|AZDF01000061.1_6
DSM20176|AZDF01000007.1_54	DSM20176|AZDF01000007.1_54
DSM20176|AZDF01000007.1_54	LMG07934|CP050262.1_185
DSM20176|AZDF01000007.1_54	LH500|CP044119.1_206
DSM20176|AZDF01000082.1_1	DSM20176|AZDF01000082.1_1
FLUB|CP047121.1_496	FLUB|CP047121.1_496
FLUB|CP047121.1_496	LMG07934|CP050262.1_461
FLUB|CP047121.1_496	LH500|CP044119.1_487
FLUB|CP047121.1_496	DSM20176|AZDF01000003.1_33
FLUB|CP047121.1_496	MGYG|ENA|CABKOL020000106|CABKOL020000106.1_772
FLUB|CP047121.1_560	FLUB|CP047121.1_560
FLUB|CP047121.1_592	FLUB|CP047121.1_592
FLUB|CP047121.1_880	FLUB|CP047121.1_880
FLUB|CP047121.1_880	LMG07934|CP050262.1_717
FLUB|CP047121.1_880	DSM20176|AZDF01000068.1_2
FLUB|CP047121.1_880	LH500|CP044119.1_681
FLUB|CP047121.1_880	MGYG|ENA|CABKOL020000106|CABKOL020000106.1_1095
FLUB|CP047121.1_1008	FLUB|CP047121.1_1008
FLUB|CP047121.1_1008	DSM20176|AZDF01000016.1_19
FLUB|CP047121.1_1008	LMG07934|CP050262.1_833
FLUB|CP047121.1_1008	LH500|CP044119.1_808
FLUB|CP047121.1_1008	MGYG|ENA|CABKOL020000106|CABKOL020000106.1_1225
FLUB|CP047121.1_1040	FLUB|CP047121.1_1040
FLUB|CP047121.1_1040	LMG07934|CP050262.1_865
FLUB|CP047121.1_1040	MGYG|ENA|CABKOL020000106|CABKOL020000106.1_1258
FLUB|CP047121.1_1072	FLUB|CP047121.1_1072
FLUB|CP047121.1_1072	MGYG|ENA|CABKOL020000106|CABKOL020000106.1_1292
FLUB|CP047121.1_1200	FLUB|CP047121.1_1200
FLUB|CP047121.1_1200	LH500|CP044119.1_983
FLUB|CP047121.1_1200	LMG07934|CP050262.1_1009
FLUB|CP047121.1_1200	MGYG|ENA|CABKOL020000095|CABKOL020000095.1_108
FLUB|CP047121.1_1200	DSM20176|AZDF01000005.1_6
FLUB|CP047121.1_1904	FLUB|CP047121.1_1904
FLUB|CP047121.1_1936	FLUB|CP047121.1_1936
FLUB|CP047121.1_2480	FLUB|CP047121.1_2480
FLUB|CP047121.1_2480	MGYG|ENA|CABKOL020000104|CABKOL020000104.1_104
FLUB|CP047121.1_2704	FLUB|CP047121.1_2704
FLUB|CP047121.1_2704	MGYG|ENA|CABKOL020000106|CABKOL020000106.1_118
FLUB|CP047121.1_2768	FLUB|CP047121.1_2768
FLUB|CP047121.1_2768	MGYG|ENA|CABKOL020000106|CABKOL020000106.1_181
FLUB|CP047122.1_3	FLUB|CP047122.1_3
FLUB|CP047122.1_3	MGYG|ENA|CABKOL020000060|CABKOL020000060.1_2
FLUB|CP047122.1_35	FLUB|CP047122.1_35
FLUB|CP047123.1_19	FLUB|CP047123.1_19
FLUB|CP047124.1_12	FLUB|CP047124.1_12
FLUB|CP047125.1_5	FLUB|CP047125.1_5
LMG07934|CP050262.1_249	LMG07934|CP050262.1_249
LMG07934|CP050262.1_281	LMG07934|CP050262.1_281
LMG07934|CP050262.1_281	DSM20176|AZDF01000019.1_30
LMG07934|CP050262.1_281	LH500|CP044119.1_302
LMG07934|CP050262.1_569	LMG07934|CP050262.1_569
LMG07934|CP050262.1_601	LMG07934|CP050262.1_601
LMG07934|CP050262.1_601	MGYG|ENA|CABKOL020000106|CABKOL020000106.1_982
LMG07934|CP050262.1_601	FLUB|CP047121.1_770
LMG07934|CP050262.1_633	LMG07934|CP050262.1_633
LMG07934|CP050262.1_665	LMG07934|CP050262.1_665
LMG07934|CP050262.1_697	LMG07934|CP050262.1_697
LMG07934|CP050262.1_1177	LMG07934|CP050262.1_1177
LMG07934|CP050262.1_1177	MGYG|ENA|CABKOL020000102|CABKOL020000102.1_165
LMG07934|CP050262.1_1177	LH500|CP044119.1_1155
LMG07934|CP050262.1_1177	FLUB|CP047121.1_1370
LMG07934|CP050262.1_1177	DSM20176|AZDF01000002.1_59
LMG07934|CP050262.1_1209	LMG07934|CP050262.1_1209
LMG07934|CP050262.1_1209	MGYG|ENA|CABKOL020000102|CABKOL020000102.1_198
LMG07934|CP050262.1_1209	LH500|CP044119.1_1187
LMG07934|CP050262.1_1209	FLUB|CP047121.1_1403
LMG07934|CP050262.1_1209	DSM20176|AZDF01000002.1_28
LMG07934|CP050262.1_1241	LMG07934|CP050262.1_1241
LMG07934|CP050262.1_1273	LMG07934|CP050262.1_1273
LMG07934|CP050262.1_1305	LMG07934|CP050262.1_1305
LMG07934|CP050262.1_2393	LMG07934|CP050262.1_2393
LMG07934|CP050262.1_2553	LMG07934|CP050262.1_2553
LMG07934|CP050262.1_2553	FLUB|CP047121.1_2635
LMG07934|CP050262.1_2553	LH500|CP044119.1_2432
LMG07934|CP050262.1_2553	DSM20176|AZDF01000015.1_29
LMG07934|CP050262.1_2553	FLUB|CP047121.1_2678
LMG07934|CP050262.1_2649	LMG07934|CP050262.1_2649
LH500|CP044119.1_64	LH500|CP044119.1_64
LH500|CP044119.1_64	DSM20176|AZDF01000006.1_59
LH500|CP044119.1_448	LH500|CP044119.1_448
LH500|CP044119.1_448	LMG07934|CP050262.1_420
LH500|CP044119.1_448	DSM20176|AZDF01000003.1_72
LH500|CP044119.1_576	LH500|CP044119.1_576
LH500|CP044119.1_576	DSM20176|AZDF01000010.1_56
LH500|CP044119.1_576	MGYG|ENA|CABKOL020000106|CABKOL020000106.1_868
LH500|CP044119.1_576	FLUB|CP047121.1_657
LH500|CP044119.1_576	LMG07934|CP050262.1_553
LH500|CP044119.1_832	LH500|CP044119.1_832
LH500|CP044119.1_832	LMG07934|CP050262.1_859
LH500|CP044119.1_832	DSM20176|AZDF01000037.1_8
LH500|CP044119.1_896	LH500|CP044119.1_896
LH500|CP044119.1_896	LMG07934|CP050262.1_923
LH500|CP044119.1_896	DSM20176|AZDF01000005.1_92
LH500|CP044119.1_2144	LH500|CP044119.1_2144
LH500|CP044119.1_2144	MGYG|ENA|CABKOL020000104|CABKOL020000104.1_154
LH500|CP044119.1_2144	DSM20176|AZDF01000020.1_1
LH500|CP044119.1_2144	FLUB|CP047121.1_2429
LH500|CP044119.1_2208	LH500|CP044119.1_2208
LH500|CP044119.1_2208	LMG07934|CP050262.1_2301
LH500|CP044119.1_2208	DSM20176|AZDF01000009.1_69
LH500|CP044119.1_2240	LH500|CP044119.1_2240
LH500|CP044119.1_2240	LMG07934|CP050262.1_2335
LH500|CP044119.1_2240	DSM20176|AZDF01000009.1_37
MGYG|ENA|CABKOL020000008|CABKOL020000008.1_1	MGYG|ENA|CABKOL020000008|CABKOL020000008.1_1
MGYG|ENA|CABKOL020000047|CABKOL020000047.1_1	MGYG|ENA|CABKOL020000047|CABKOL020000047.1_1
MGYG|ENA|CABKOL020000047|CABKOL020000047.1_1	MGYG|ENA|CABKOL020000043|CABKOL020000043.1_1
MGYG|ENA|CABKOL020000078|CABKOL020000078.1_1	MGYG|ENA|CABKOL020000078|CABKOL020000078.1_1
MGYG|ENA|CABKOL020000100|CABKOL020000100.1_9	MGYG|ENA|CABKOL020000100|CABKOL020000100.1_9
MGYG|ENA|CABKOL020000102|CABKOL020000102.1_37	MGYG|ENA|CABKOL020000102|CABKOL020000102.1_37
MGYG|ENA|CABKOL020000102|CABKOL020000102.1_37	LMG07934|CP050262.1_1052
MGYG|ENA|CABKOL020000102|CABKOL020000102.1_37	LH500|CP044119.1_1031
MGYG|ENA|CABKOL020000102|CABKOL020000102.1_37	DSM20176|AZDF01000002.1_183
MGYG|ENA|CABKOL020000102|CABKOL020000102.1_37	FLUB|CP047121.1_1243
MGYG|ENA|CABKOL020000102|CABKOL020000102.1_69	MGYG|ENA|CABKOL020000102|CABKOL020000102.1_69
MGYG|ENA|CABKOL020000102|CABKOL020000102.1_69	LMG07934|CP050262.1_1084
MGYG|ENA|CABKOL020000102|CABKOL020000102.1_69	LH500|CP044119.1_1063
MGYG|ENA|CABKOL020000102|CABKOL020000102.1_69	DSM20176|AZDF01000002.1_151
MGYG|ENA|CABKOL020000102|CABKOL020000102.1_69	FLUB|CP047121.1_1275
MGYG|ENA|CABKOL020000102|CABKOL020000102.1_101	MGYG|ENA|CABKOL020000102|CABKOL020000102.1_101
MGYG|ENA|CABKOL020000102|CABKOL020000102.1_101	LMG07934|CP050262.1_1114
MGYG|ENA|CABKOL020000102|CABKOL020000102.1_101	LH500|CP044119.1_1091
MGYG|ENA|CABKOL020000102|CABKOL020000102.1_101	FLUB|CP047121.1_1306
MGYG|ENA|CABKOL020000102|CABKOL020000102.1_101	DSM20176|AZDF01000002.1_123
MGYG|ENA|CABKOL020000102|CABKOL020000102.1_133	MGYG|ENA|CABKOL020000102|CABKOL020000102.1_133
MGYG|ENA|CABKOL020000102|CABKOL020000102.1_133	LMG07934|CP050262.1_1146
MGYG|ENA|CABKOL020000102|CABKOL020000102.1_133	LH500|CP044119.1_1123
MGYG|ENA|CABKOL020000102|CABKOL020000102.1_133	FLUB|CP047121.1_1338
MGYG|ENA|CABKOL020000102|CABKOL020000102.1_133	DSM20176|AZDF01000002.1_91
MGYG|ENA|CABKOL020000102|CABKOL020000102.1_197	MGYG|ENA|CABKOL020000102|CABKOL020000102.1_197
MGYG|ENA|CABKOL020000102|CABKOL020000102.1_197	LMG07934|CP050262.1_1208
MGYG|ENA|CABKOL020000102|CABKOL020000102.1_197	LH500|CP044119.1_1186
MGYG|ENA|CABKOL020000102|CABKOL020000102.1_197	FLUB|CP047121.1_1402
MGYG|ENA|CABKOL020000102|CABKOL020000102.1_197	DSM20176|AZDF01000002.1_29
MGYG|ENA|CABKOL020000102|CABKOL020000102.1_229	MGYG|ENA|CABKOL020000102|CABKOL020000102.1_229
MGYG|ENA|CABKOL020000102|CABKOL020000102.1_229	DSM20176|AZDF01000057.1_6
MGYG|ENA|CABKOL020000102|CABKOL020000102.1_229	FLUB|CP047121.1_1432
MGYG|ENA|CABKOL020000102|CABKOL020000102.1_229	LH500|CP044119.1_1225
MGYG|ENA|CABKOL020000102|CABKOL020000102.1_229	LMG07934|CP050262.1_1319
MGYG|ENA|CABKOL020000102|CABKOL020000102.1_261	MGYG|ENA|CABKOL020000102|CABKOL020000102.1_261
MGYG|ENA|CABKOL020000102|CABKOL020000102.1_261	DSM20176|AZDF01000018.1_30
MGYG|ENA|CABKOL020000102|CABKOL020000102.1_261	FLUB|CP047121.1_1464
MGYG|ENA|CABKOL020000102|CABKOL020000102.1_261	LH500|CP044119.1_1258
MGYG|ENA|CABKOL020000102|CABKOL020000102.1_261	LMG07934|CP050262.1_1351
MGYG|ENA|CABKOL020000102|CABKOL020000102.1_293	MGYG|ENA|CABKOL020000102|CABKOL020000102.1_293
MGYG|ENA|CABKOL020000102|CABKOL020000102.1_293	DSM20176|AZDF01000013.1_27
MGYG|ENA|CABKOL020000102|CABKOL020000102.1_293	FLUB|CP047121.1_1496
MGYG|ENA|CABKOL020000102|CABKOL020000102.1_293	LH500|CP044119.1_1290
MGYG|ENA|CABKOL020000102|CABKOL020000102.1_293	LMG07934|CP050262.1_1383
MGYG|ENA|CABKOL020000102|CABKOL020000102.1_357	MGYG|ENA|CABKOL020000102|CABKOL020000102.1_357
MGYG|ENA|CABKOL020000102|CABKOL020000102.1_357	FLUB|CP047121.1_1560
MGYG|ENA|CABKOL020000102|CABKOL020000102.1_357	LH500|CP044119.1_1358
MGYG|ENA|CABKOL020000102|CABKOL020000102.1_357	DSM20176|AZDF01000008.1_68
MGYG|ENA|CABKOL020000102|CABKOL020000102.1_357	LMG07934|CP050262.1_1449
MGYG|ENA|CABKOL020000102|CABKOL020000102.1_549	MGYG|ENA|CABKOL020000102|CABKOL020000102.1_549
MGYG|ENA|CABKOL020000102|CABKOL020000102.1_549	DSM20176|AZDF01000004.1_1
MGYG|ENA|CABKOL020000102|CABKOL020000102.1_549	FLUB|CP047121.1_1752
MGYG|ENA|CABKOL020000102|CABKOL020000102.1_549	LMG07934|CP050262.1_1637
MGYG|ENA|CABKOL020000102|CABKOL020000102.1_549	LH500|CP044119.1_1549
MGYG|ENA|CABKOL020000102|CABKOL020000102.1_581	MGYG|ENA|CABKOL020000102|CABKOL020000102.1_581
MGYG|ENA|CABKOL020000102|CABKOL020000102.1_581	FLUB|CP047121.1_1784
MGYG|ENA|CABKOL020000102|CABKOL020000102.1_581	LMG07934|CP050262.1_1668
MGYG|ENA|CABKOL020000102|CABKOL020000102.1_581	DSM20176|AZDF01000017.1_12
MGYG|ENA|CABKOL020000102|CABKOL020000102.1_581	LH500|CP044119.1_1580
MGYG|ENA|CABKOL020000102|CABKOL020000102.1_613	MGYG|ENA|CABKOL020000102|CABKOL020000102.1_613
MGYG|ENA|CABKOL020000102|CABKOL020000102.1_613	DSM20176|AZDF01000025.1_20
MGYG|ENA|CABKOL020000102|CABKOL020000102.1_613	FLUB|CP047121.1_1816
MGYG|ENA|CABKOL020000102|CABKOL020000102.1_613	LMG07934|CP050262.1_1701
MGYG|ENA|CABKOL020000102|CABKOL020000102.1_613	LH500|CP044119.1_1612
MGYG|ENA|CABKOL020000102|CABKOL020000102.1_645	MGYG|ENA|CABKOL020000102|CABKOL020000102.1_645
MGYG|ENA|CABKOL020000102|CABKOL020000102.1_645	DSM20176|AZDF01000023.1_21
MGYG|ENA|CABKOL020000102|CABKOL020000102.1_645	FLUB|CP047121.1_1849
MGYG|ENA|CABKOL020000102|CABKOL020000102.1_645	LMG07934|CP050262.1_1732
MGYG|ENA|CABKOL020000102|CABKOL020000102.1_645	LH500|CP044119.1_1646
MGYG|ENA|CABKOL020000102|CABKOL020000102.1_677	MGYG|ENA|CABKOL020000102|CABKOL020000102.1_677
MGYG|ENA|CABKOL020000102|CABKOL020000102.1_677	FLUB|CP047121.1_1880
MGYG|ENA|CABKOL020000102|CABKOL020000102.1_677	LMG07934|CP050262.1_1764
MGYG|ENA|CABKOL020000102|CABKOL020000102.1_677	LH500|CP044119.1_1707
MGYG|ENA|CABKOL020000102|CABKOL020000102.1_677	DSM20176|AZDF01000014.1_24
MGYG|ENA|CABKOL020000103|CABKOL020000103.1_6	MGYG|ENA|CABKOL020000103|CABKOL020000103.1_6
MGYG|ENA|CABKOL020000104|CABKOL020000104.1_9	MGYG|ENA|CABKOL020000104|CABKOL020000104.1_9
MGYG|ENA|CABKOL020000104|CABKOL020000104.1_9	FLUB|CP047121.1_2575
MGYG|ENA|CABKOL020000104|CABKOL020000104.1_105	MGYG|ENA|CABKOL020000104|CABKOL020000104.1_105
MGYG|ENA|CABKOL020000104|CABKOL020000104.1_105	FLUB|CP047121.1_2479
MGYG|ENA|CABKOL020000104|CABKOL020000104.1_233	MGYG|ENA|CABKOL020000104|CABKOL020000104.1_233
MGYG|ENA|CABKOL020000104|CABKOL020000104.1_233	LMG07934|CP050262.1_2159
MGYG|ENA|CABKOL020000104|CABKOL020000104.1_233	FLUB|CP047121.1_2352
MGYG|ENA|CABKOL020000104|CABKOL020000104.1_265	MGYG|ENA|CABKOL020000104|CABKOL020000104.1_265
MGYG|ENA|CABKOL020000104|CABKOL020000104.1_265	FLUB|CP047121.1_2320
MGYG|ENA|CABKOL020000104|CABKOL020000104.1_297	MGYG|ENA|CABKOL020000104|CABKOL020000104.1_297
MGYG|ENA|CABKOL020000104|CABKOL020000104.1_297	LMG07934|CP050262.1_2101
MGYG|ENA|CABKOL020000104|CABKOL020000104.1_297	FLUB|CP047121.1_2288
MGYG|ENA|CABKOL020000104|CABKOL020000104.1_425	MGYG|ENA|CABKOL020000104|CABKOL020000104.1_425
MGYG|ENA|CABKOL020000104|CABKOL020000104.1_425	FLUB|CP047121.1_2160
MGYG|ENA|CABKOL020000104|CABKOL020000104.1_425	LH500|CP044119.1_1978
MGYG|ENA|CABKOL020000104|CABKOL020000104.1_425	DSM20176|AZDF01000001.1_124
MGYG|ENA|CABKOL020000104|CABKOL020000104.1_425	LMG07934|CP050262.1_1981
MGYG|ENA|CABKOL020000105|CABKOL020000105.1_3	MGYG|ENA|CABKOL020000105|CABKOL020000105.1_3
MGYG|ENA|CABKOL020000105|CABKOL020000105.1_35	MGYG|ENA|CABKOL020000105|CABKOL020000105.1_35
MGYG|ENA|CABKOL020000106|CABKOL020000106.1_26	MGYG|ENA|CABKOL020000106|CABKOL020000106.1_26
MGYG|ENA|CABKOL020000106|CABKOL020000106.1_26	DSM20176|AZDF01000021.1_25
MGYG|ENA|CABKOL020000106|CABKOL020000106.1_26	FLUB|CP047121.1_2610
MGYG|ENA|CABKOL020000106|CABKOL020000106.1_26	LMG07934|CP050262.1_2499
MGYG|ENA|CABKOL020000106|CABKOL020000106.1_26	LH500|CP044119.1_2383
MGYG|ENA|CABKOL020000106|CABKOL020000106.1_538	MGYG|ENA|CABKOL020000106|CABKOL020000106.1_538
MGYG|ENA|CABKOL020000106|CABKOL020000106.1_538	FLUB|CP047121.1_262
MGYG|ENA|CABKOL020000106|CABKOL020000106.1_634	MGYG|ENA|CABKOL020000106|CABKOL020000106.1_634
MGYG|ENA|CABKOL020000106|CABKOL020000106.1_634	FLUB|CP047121.1_357
MGYG|ENA|CABKOL020000106|CABKOL020000106.1_730	MGYG|ENA|CABKOL020000106|CABKOL020000106.1_730
MGYG|ENA|CABKOL020000106|CABKOL020000106.1_730	FLUB|CP047121.1_454
MGYG|ENA|CABKOL020000106|CABKOL020000106.1_890	MGYG|ENA|CABKOL020000106|CABKOL020000106.1_890
MGYG|ENA|CABKOL020000106|CABKOL020000106.1_890	FLUB|CP047121.1_679
MGYG|ENA|CABKOL020000106|CABKOL020000106.1_922	MGYG|ENA|CABKOL020000106|CABKOL020000106.1_922
MGYG|ENA|CABKOL020000106|CABKOL020000106.1_922	MGYG|ENA|CABKOL020000074|CABKOL020000074.1_1
MGYG|ENA|CABKOL020000106|CABKOL020000106.1_954	MGYG|ENA|CABKOL020000106|CABKOL020000106.1_954
MGYG|ENA|CABKOL020000106|CABKOL020000106.1_954	FLUB|CP047121.1_742
MGYG|ENA|CABKOL020000106|CABKOL020000106.1_986	MGYG|ENA|CABKOL020000106|CABKOL020000106.1_986
MGYG|ENA|CABKOL020000106|CABKOL020000106.1_986	FLUB|CP047121.1_774
MGYG|ENA|CABKOL020000106|CABKOL020000106.1_1050	MGYG|ENA|CABKOL020000106|CABKOL020000106.1_1050
MGYG|ENA|CABKOL020000106|CABKOL020000106.1_1050	FLUB|CP047121.1_837
MGYG|ENA|CABKOL020000106|CABKOL020000106.1_1082	MGYG|ENA|CABKOL020000106|CABKOL020000106.1_1082
MGYG|ENA|CABKOL020000106|CABKOL020000106.1_1082	FLUB|CP047121.1_867
MGYG|ENA|CABKOL020000106|CABKOL020000106.1_1210	MGYG|ENA|CABKOL020000106|CABKOL020000106.1_1210
MGYG|ENA|CABKOL020000106|CABKOL020000106.1_1210	FLUB|CP047121.1_993
MGYG|ENA|CABKOL020000106|CABKOL020000106.1_1210	DSM20176|AZDF01000016.1_34
MGYG|ENA|CABKOL020000106|CABKOL020000106.1_1210	LMG07934|CP050262.1_818
MGYG|ENA|CABKOL020000106|CABKOL020000106.1_1210	LH500|CP044119.1_793
MGYG|ENA|CABKOL020000106|CABKOL020000106.1_1274	MGYG|ENA|CABKOL020000106|CABKOL020000106.1_1274
MGYG|ENA|CABKOL020000106|CABKOL020000106.1_1274	LH500|CP044119.1_840
MGYG|ENA|CABKOL020000106|CABKOL020000106.1_1274	LMG07934|CP050262.1_867
MGYG|ENA|CABKOL020000106|CABKOL020000106.1_1274	DSM20176|AZDF01000037.1_16
MGYG|ENA|CABKOL020000106|CABKOL020000106.1_1274	FLUB|CP047121.1_1055
MGYG|ENA|CABKOL020000106|CABKOL020000106.1_1306	MGYG|ENA|CABKOL020000106|CABKOL020000106.1_1306
MGYG|ENA|CABKOL020000106|CABKOL020000106.1_1306	DSM20176|AZDF01000030.1_23
MGYG|ENA|CABKOL020000106|CABKOL020000106.1_1306	LH500|CP044119.1_869
MGYG|ENA|CABKOL020000106|CABKOL020000106.1_1306	LMG07934|CP050262.1_896
MGYG|ENA|CABKOL020000106|CABKOL020000106.1_1306	FLUB|CP047121.1_1086
DSM20176|AZDF01000015.1_27	DSM20176|AZDF01000015.1_27
DSM20176|AZDF01000015.1_27	LMG07934|CP050262.1_2555
DSM20176|AZDF01000015.1_27	LH500|CP044119.1_2434
DSM20176|AZDF01000015.1_27	MGYG|ENA|CABKOL020000106|CABKOL020000106.1_96
DSM20176|AZDF01000015.1_27	FLUB|CP047121.1_2680
DSM20176|AZDF01000019.1_19	DSM20176|AZDF01000019.1_19
DSM20176|AZDF01000019.1_19	LMG07934|CP050262.1_271
DSM20176|AZDF01000019.1_19	MGYG|ENA|CABKOL020000106|CABKOL020000106.1_563
DSM20176|AZDF01000019.1_19	LH500|CP044119.1_290
DSM20176|AZDF01000019.1_19	FLUB|CP047121.1_287
DSM20176|AZDF01000024.1_16	DSM20176|AZDF01000024.1_16
DSM20176|AZDF01000024.1_16	LMG07934|CP050262.1_2699
DSM20176|AZDF01000024.1_16	MGYG|ENA|CABKOL020000106|CABKOL020000106.1_260
DSM20176|AZDF01000024.1_16	LH500|CP044119.1_2572
DSM20176|AZDF01000024.1_16	FLUB|CP047121.1_2847
DSM20176|AZDF01000046.1_9	DSM20176|AZDF01000046.1_9
DSM20176|AZDF01000051.1_2	DSM20176|AZDF01000051.1_2
DSM20176|AZDF01000051.1_2	LMG07934|CP050262.1_691
DSM20176|AZDF01000051.1_2	FLUB|CP047121.1_849
DSM20176|AZDF01000051.1_2	LH500|CP044119.1_653
DSM20176|AZDF01000051.1_2	MGYG|ENA|CABKOL020000106|CABKOL020000106.1_1063
DSM20176|AZDF01000056.1_9	DSM20176|AZDF01000056.1_9
DSM20176|AZDF01000056.1_9	LH500|CP044119.1_670
DSM20176|AZDF01000006.1_102	DSM20176|AZDF01000006.1_102
DSM20176|AZDF01000006.1_102	LH500|CP044119.1_20
DSM20176|AZDF01000061.1_7	DSM20176|AZDF01000061.1_7
DSM20176|AZDF01000074.1_1	DSM20176|AZDF01000074.1_1
DSM20176|AZDF01000074.1_1	LH500|CP044119.1_601
DSM20176|AZDF01000082.1_2	DSM20176|AZDF01000082.1_2
FLUB|CP047121.1_369	FLUB|CP047121.1_369
FLUB|CP047121.1_401	FLUB|CP047121.1_401
FLUB|CP047121.1_401	LH500|CP044119.1_391
FLUB|CP047121.1_401	DSM20176|AZDF01000003.1_128
FLUB|CP047121.1_401	MGYG|ENA|CABKOL020000106|CABKOL020000106.1_677
FLUB|CP047121.1_401	LMG07934|CP050262.1_361
FLUB|CP047121.1_529	FLUB|CP047121.1_529
FLUB|CP047121.1_529	LMG07934|CP050262.1_493
FLUB|CP047121.1_529	LH500|CP044119.1_519
FLUB|CP047121.1_529	MGYG|ENA|CABKOL020000106|CABKOL020000106.1_803
FLUB|CP047121.1_529	DSM20176|AZDF01000003.1_2
FLUB|CP047121.1_561	FLUB|CP047121.1_561
FLUB|CP047121.1_593	FLUB|CP047121.1_593
FLUB|CP047121.1_913	FLUB|CP047121.1_913
FLUB|CP047121.1_913	LH500|CP044119.1_707
FLUB|CP047121.1_913	DSM20176|AZDF01000027.1_21
FLUB|CP047121.1_913	MGYG|ENA|CABKOL020000106|CABKOL020000106.1_1128
FLUB|CP047121.1_913	LMG07934|CP050262.1_744
FLUB|CP047121.1_945	FLUB|CP047121.1_945
FLUB|CP047121.1_977	FLUB|CP047121.1_977
FLUB|CP047121.1_977	DSM20176|AZDF01000031.1_29
FLUB|CP047121.1_977	LMG07934|CP050262.1_802
FLUB|CP047121.1_977	LH500|CP044119.1_777
FLUB|CP047121.1_977	MGYG|ENA|CABKOL020000106|CABKOL020000106.1_1194
FLUB|CP047121.1_1009	FLUB|CP047121.1_1009
FLUB|CP047121.1_1009	DSM20176|AZDF01000016.1_18
FLUB|CP047121.1_1009	LMG07934|CP050262.1_834
FLUB|CP047121.1_1009	LH500|CP044119.1_809
FLUB|CP047121.1_1009	MGYG|ENA|CABKOL020000106|CABKOL020000106.1_1226
FLUB|CP047121.1_1041	FLUB|CP047121.1_1041
FLUB|CP047121.1_1041	MGYG|ENA|CABKOL020000106|CABKOL020000106.1_1259
FLUB|CP047121.1_1905	FLUB|CP047121.1_1905
FLUB|CP047121.1_1937	FLUB|CP047121.1_1937
FLUB|CP047121.1_2033	FLUB|CP047121.1_2033
FLUB|CP047121.1_2033	MGYG|ENA|CABKOL020000099|CABKOL020000099.1_1
FLUB|CP047121.1_2257	FLUB|CP047121.1_2257
FLUB|CP047121.1_2257	MGYG|ENA|CABKOL020000104|CABKOL020000104.1_328
FLUB|CP047121.1_2289	FLUB|CP047121.1_2289
FLUB|CP047121.1_2289	MGYG|ENA|CABKOL020000104|CABKOL020000104.1_296
FLUB|CP047121.1_2321	FLUB|CP047121.1_2321
FLUB|CP047121.1_2321	MGYG|ENA|CABKOL020000104|CABKOL020000104.1_264
FLUB|CP047121.1_2353	FLUB|CP047121.1_2353
FLUB|CP047121.1_2353	LMG07934|CP050262.1_2160
FLUB|CP047121.1_2353	MGYG|ENA|CABKOL020000104|CABKOL020000104.1_232
MGYG|ENA|CABKOL020000104|CABKOL020000104.1_352	MGYG|ENA|CABKOL020000104|CABKOL020000104.1_352
MGYG|ENA|CABKOL020000104|CABKOL020000104.1_352	LH500|CP044119.1_2051
MGYG|ENA|CABKOL020000104|CABKOL020000104.1_352	FLUB|CP047121.1_2233
MGYG|ENA|CABKOL020000104|CABKOL020000104.1_352	DSM20176|AZDF01000001.1_196
MGYG|ENA|CABKOL020000104|CABKOL020000104.1_352	LMG07934|CP050262.1_2054
MGYG|ENA|CABKOL020000104|CABKOL020000104.1_384	MGYG|ENA|CABKOL020000104|CABKOL020000104.1_384
MGYG|ENA|CABKOL020000104|CABKOL020000104.1_384	LH500|CP044119.1_2020
MGYG|ENA|CABKOL020000104|CABKOL020000104.1_384	FLUB|CP047121.1_2201
MGYG|ENA|CABKOL020000104|CABKOL020000104.1_384	DSM20176|AZDF01000001.1_166
MGYG|ENA|CABKOL020000104|CABKOL020000104.1_384	LMG07934|CP050262.1_2023
MGYG|ENA|CABKOL020000104|CABKOL020000104.1_416	MGYG|ENA|CABKOL020000104|CABKOL020000104.1_416
MGYG|ENA|CABKOL020000104|CABKOL020000104.1_416	LH500|CP044119.1_1987
MGYG|ENA|CABKOL020000104|CABKOL020000104.1_416	FLUB|CP047121.1_2169
MGYG|ENA|CABKOL020000104|CABKOL020000104.1_416	DSM20176|AZDF01000001.1_133
MGYG|ENA|CABKOL020000104|CABKOL020000104.1_416	LMG07934|CP050262.1_1990
MGYG|ENA|CABKOL020000104|CABKOL020000104.1_448	MGYG|ENA|CABKOL020000104|CABKOL020000104.1_448
MGYG|ENA|CABKOL020000104|CABKOL020000104.1_448	LH500|CP044119.1_1956
MGYG|ENA|CABKOL020000104|CABKOL020000104.1_448	FLUB|CP047121.1_2137
MGYG|ENA|CABKOL020000104|CABKOL020000104.1_448	DSM20176|AZDF01000001.1_102
MGYG|ENA|CABKOL020000104|CABKOL020000104.1_448	LMG07934|CP050262.1_1959
MGYG|ENA|CABKOL020000104|CABKOL020000104.1_480	MGYG|ENA|CABKOL020000104|CABKOL020000104.1_480
MGYG|ENA|CABKOL020000104|CABKOL020000104.1_480	LH500|CP044119.1_1924
MGYG|ENA|CABKOL020000104|CABKOL020000104.1_480	FLUB|CP047121.1_2105
MGYG|ENA|CABKOL020000104|CABKOL020000104.1_480	DSM20176|AZDF01000001.1_70
MGYG|ENA|CABKOL020000104|CABKOL020000104.1_480	LMG07934|CP050262.1_1927
MGYG|ENA|CABKOL020000104|CABKOL020000104.1_512	MGYG|ENA|CABKOL020000104|CABKOL020000104.1_512
MGYG|ENA|CABKOL020000104|CABKOL020000104.1_512	LH500|CP044119.1_1892
MGYG|ENA|CABKOL020000104|CABKOL020000104.1_512	FLUB|CP047121.1_2073
MGYG|ENA|CABKOL020000104|CABKOL020000104.1_512	DSM20176|AZDF01000001.1_38
MGYG|ENA|CABKOL020000104|CABKOL020000104.1_512	LMG07934|CP050262.1_1895
MGYG|ENA|CABKOL020000105|CABKOL020000105.1_26	MGYG|ENA|CABKOL020000105|CABKOL020000105.1_26
MGYG|ENA|CABKOL020000106|CABKOL020000106.1_17	MGYG|ENA|CABKOL020000106|CABKOL020000106.1_17
MGYG|ENA|CABKOL020000106|CABKOL020000106.1_17	DSM20176|AZDF01000021.1_17
MGYG|ENA|CABKOL020000106|CABKOL020000106.1_17	FLUB|CP047121.1_2601
MGYG|ENA|CABKOL020000106|CABKOL020000106.1_17	LMG07934|CP050262.1_2490
MGYG|ENA|CABKOL020000106|CABKOL020000106.1_17	LH500|CP044119.1_2375
MGYG|ENA|CABKOL020000106|CABKOL020000106.1_113	MGYG|ENA|CABKOL020000106|CABKOL020000106.1_113
MGYG|ENA|CABKOL020000106|CABKOL020000106.1_177	MGYG|ENA|CABKOL020000106|CABKOL020000106.1_177
MGYG|ENA|CABKOL020000106|CABKOL020000106.1_177	LH500|CP044119.1_2491
MGYG|ENA|CABKOL020000106|CABKOL020000106.1_177	FLUB|CP047121.1_2764
MGYG|ENA|CABKOL020000106|CABKOL020000106.1_177	LMG07934|CP050262.1_2614
MGYG|ENA|CABKOL020000106|CABKOL020000106.1_177	DSM20176|AZDF01000022.1_31
MGYG|ENA|CABKOL020000106|CABKOL020000106.1_273	MGYG|ENA|CABKOL020000106|CABKOL020000106.1_273
MGYG|ENA|CABKOL020000106|CABKOL020000106.1_273	LH500|CP044119.1_2586
MGYG|ENA|CABKOL020000106|CABKOL020000106.1_273	FLUB|CP047121.1_2860
MGYG|ENA|CABKOL020000106|CABKOL020000106.1_273	LMG07934|CP050262.1_2712
MGYG|ENA|CABKOL020000106|CABKOL020000106.1_273	DSM20176|AZDF01000024.1_30
MGYG|ENA|CABKOL020000106|CABKOL020000106.1_433	MGYG|ENA|CABKOL020000106|CABKOL020000106.1_433
MGYG|ENA|CABKOL020000106|CABKOL020000106.1_465	MGYG|ENA|CABKOL020000106|CABKOL020000106.1_465
MGYG|ENA|CABKOL020000106|CABKOL020000106.1_465	LMG07934|CP050262.1_178
MGYG|ENA|CABKOL020000106|CABKOL020000106.1_465	LH500|CP044119.1_198
MGYG|ENA|CABKOL020000106|CABKOL020000106.1_465	DSM20176|AZDF01000007.1_62
MGYG|ENA|CABKOL020000106|CABKOL020000106.1_465	FLUB|CP047121.1_190
MGYG|ENA|CABKOL020000106|CABKOL020000106.1_625	MGYG|ENA|CABKOL020000106|CABKOL020000106.1_625
MGYG|ENA|CABKOL020000106|CABKOL020000106.1_625	LMG07934|CP050262.1_330
MGYG|ENA|CABKOL020000106|CABKOL020000106.1_625	DSM20176|AZDF01000029.1_12
MGYG|ENA|CABKOL020000106|CABKOL020000106.1_625	LH500|CP044119.1_358
MGYG|ENA|CABKOL020000106|CABKOL020000106.1_625	FLUB|CP047121.1_348
MGYG|ENA|CABKOL020000106|CABKOL020000106.1_817	MGYG|ENA|CABKOL020000106|CABKOL020000106.1_817
MGYG|ENA|CABKOL020000106|CABKOL020000106.1_849	MGYG|ENA|CABKOL020000106|CABKOL020000106.1_849
MGYG|ENA|CABKOL020000106|CABKOL020000106.1_977	MGYG|ENA|CABKOL020000106|CABKOL020000106.1_977
MGYG|ENA|CABKOL020000106|CABKOL020000106.1_977	LMG07934|CP050262.1_596
MGYG|ENA|CABKOL020000106|CABKOL020000106.1_977	FLUB|CP047121.1_765
MGYG|ENA|CABKOL020000106|CABKOL020000106.1_1169	MGYG|ENA|CABKOL020000106|CABKOL020000106.1_1169
MGYG|ENA|CABKOL020000106|CABKOL020000106.1_1297	MGYG|ENA|CABKOL020000106|CABKOL020000106.1_1297
MGYG|ENA|CABKOL020000106|CABKOL020000106.1_1297	DSM20176|AZDF01000030.1_14
MGYG|ENA|CABKOL020000106|CABKOL020000106.1_1297	LH500|CP044119.1_860
MGYG|ENA|CABKOL020000106|CABKOL020000106.1_1297	LMG07934|CP050262.1_887
MGYG|ENA|CABKOL020000106|CABKOL020000106.1_1297	FLUB|CP047121.1_1077
DSM20176|AZDF01000001.1_17	DSM20176|AZDF01000001.1_17
DSM20176|AZDF01000001.1_17	LMG07934|CP050262.1_1874
DSM20176|AZDF01000001.1_17	LH500|CP044119.1_1869
DSM20176|AZDF01000010.1_21	DSM20176|AZDF01000010.1_21
DSM20176|AZDF01000010.1_21	FLUB|CP047121.1_619
DSM20176|AZDF01000010.1_21	LH500|CP044119.1_541
DSM20176|AZDF01000010.1_21	MGYG|ENA|CABKOL020000106|CABKOL020000106.1_828
DSM20176|AZDF01000010.1_21	LMG07934|CP050262.1_517
DSM20176|AZDF01000011.1_8	DSM20176|AZDF01000011.1_8
DSM20176|AZDF01000011.1_8	LMG07934|CP050262.1_2422
DSM20176|AZDF01000011.1_8	MGYG|ENA|CABKOL020000104|CABKOL020000104.1_71
DSM20176|AZDF01000011.1_8	FLUB|CP047121.1_2513
DSM20176|AZDF01000011.1_8	LH500|CP044119.1_2311
DSM20176|AZDF01000011.1_40	DSM20176|AZDF01000011.1_40
DSM20176|AZDF01000011.1_40	FLUB|CP047121.1_2568
DSM20176|AZDF01000011.1_40	LMG07934|CP050262.1_2454
DSM20176|AZDF01000011.1_40	LH500|CP044119.1_2343
DSM20176|AZDF01000011.1_40	MGYG|ENA|CABKOL020000104|CABKOL020000104.1_16
DSM20176|AZDF01000014.1_2	DSM20176|AZDF01000014.1_2
DSM20176|AZDF01000014.1_2	LH500|CP044119.1_1685
DSM20176|AZDF01000018.1_14	DSM20176|AZDF01000018.1_14
DSM20176|AZDF01000018.1_14	FLUB|CP047121.1_1448
DSM20176|AZDF01000018.1_14	LH500|CP044119.1_1242
DSM20176|AZDF01000018.1_14	LMG07934|CP050262.1_1335
DSM20176|AZDF01000018.1_14	MGYG|ENA|CABKOL020000102|CABKOL020000102.1_245
DSM20176|AZDF01000019.1_10	DSM20176|AZDF01000019.1_10
DSM20176|AZDF01000019.1_10	LH500|CP044119.1_281
DSM20176|AZDF01000019.1_10	FLUB|CP047121.1_277
DSM20176|AZDF01000019.1_10	LMG07934|CP050262.1_262
DSM20176|AZDF01000019.1_10	MGYG|ENA|CABKOL020000106|CABKOL020000106.1_553
DSM20176|AZDF01000002.1_4	DSM20176|AZDF01000002.1_4
DSM20176|AZDF01000002.1_4	LMG07934|CP050262.1_1233
DSM20176|AZDF01000002.1_4	MGYG|ENA|CABKOL020000102|CABKOL020000102.1_223
DSM20176|AZDF01000002.1_4	LH500|CP044119.1_1211
DSM20176|AZDF01000002.1_4	FLUB|CP047121.1_1427
DSM20176|AZDF01000002.1_36	DSM20176|AZDF01000002.1_36
DSM20176|AZDF01000002.1_36	LMG07934|CP050262.1_1201
DSM20176|AZDF01000002.1_36	MGYG|ENA|CABKOL020000102|CABKOL020000102.1_190
DSM20176|AZDF01000002.1_36	LH500|CP044119.1_1179
DSM20176|AZDF01000002.1_36	FLUB|CP047121.1_1395
DSM20176|AZDF01000021.1_16	DSM20176|AZDF01000021.1_16
DSM20176|AZDF01000021.1_16	LMG07934|CP050262.1_2489
DSM20176|AZDF01000021.1_16	LH500|CP044119.1_2374
DSM20176|AZDF01000022.1_13	DSM20176|AZDF01000022.1_13
DSM20176|AZDF01000022.1_13	MGYG|ENA|CABKOL020000106|CABKOL020000106.1_158
DSM20176|AZDF01000022.1_13	FLUB|CP047121.1_2745
DSM20176|AZDF01000022.1_13	LH500|CP044119.1_2473
DSM20176|AZDF01000022.1_13	LMG07934|CP050262.1_2596
DSM20176|AZDF01000024.1_7	DSM20176|AZDF01000024.1_7
DSM20176|AZDF01000024.1_7	LH500|CP044119.1_2563
DSM20176|AZDF01000024.1_7	MGYG|ENA|CABKOL020000106|CABKOL020000106.1_253
DSM20176|AZDF01000024.1_7	FLUB|CP047121.1_2840
DSM20176|AZDF01000024.1_7	LMG07934|CP050262.1_2690
DSM20176|AZDF01000026.1_7	DSM20176|AZDF01000026.1_7
DSM20176|AZDF01000026.1_7	LH500|CP044119.1_1845
DSM20176|AZDF01000028.1_5	DSM20176|AZDF01000028.1_5
DSM20176|AZDF01000028.1_5	LH500|CP044119.1_2532
DSM20176|AZDF01000028.1_5	MGYG|ENA|CABKOL020000106|CABKOL020000106.1_223
DSM20176|AZDF01000028.1_5	FLUB|CP047121.1_2810
DSM20176|AZDF01000028.1_5	LMG07934|CP050262.1_2660
DSM20176|AZDF01000029.1_9	DSM20176|AZDF01000029.1_9
DSM20176|AZDF01000029.1_9	LMG07934|CP050262.1_333
DSM20176|AZDF01000029.1_9	MGYG|ENA|CABKOL020000106|CABKOL020000106.1_628
DSM20176|AZDF01000029.1_9	LH500|CP044119.1_361
DSM20176|AZDF01000029.1_9	FLUB|CP047121.1_351
DSM20176|AZDF01000003.1_48	DSM20176|AZDF01000003.1_48
DSM20176|AZDF01000003.1_48	LH500|CP044119.1_472
DSM20176|AZDF01000003.1_48	MGYG|ENA|CABKOL020000106|CABKOL020000106.1_756
DSM20176|AZDF01000003.1_48	LMG07934|CP050262.1_442
DSM20176|AZDF01000003.1_48	FLUB|CP047121.1_480
DSM20176|AZDF01000031.1_16	DSM20176|AZDF01000031.1_16
DSM20176|AZDF01000031.1_16	LMG07934|CP050262.1_789
DSM20176|AZDF01000031.1_16	LH500|CP044119.1_764
DSM20176|AZDF01000034.1_26	DSM20176|AZDF01000034.1_26
DSM20176|AZDF01000034.1_26	LH500|CP044119.1_2522
DSM20176|AZDF01000034.1_26	MGYG|ENA|CABKOL020000106|CABKOL020000106.1_214
DSM20176|AZDF01000034.1_26	FLUB|CP047121.1_2801
DSM20176|AZDF01000034.1_26	LMG07934|CP050262.1_2651
DSM20176|AZDF01000036.1_11	DSM20176|AZDF01000036.1_11
DSM20176|AZDF01000036.1_11	LMG07934|CP050262.1_307
DSM20176|AZDF01000036.1_11	MGYG|ENA|CABKOL020000106|CABKOL020000106.1_596
DSM20176|AZDF01000036.1_11	LH500|CP044119.1_332
DSM20176|AZDF01000036.1_11	FLUB|CP047121.1_319
DSM20176|AZDF01000038.1_5	DSM20176|AZDF01000038.1_5
DSM20176|AZDF01000038.1_5	MGYG|ENA|CABKOL020000102|CABKOL020000102.1_317
DSM20176|AZDF01000038.1_5	FLUB|CP047121.1_1520
DSM20176|AZDF01000038.1_5	LH500|CP044119.1_1315
DSM20176|AZDF01000038.1_5	LMG07934|CP050262.1_1408
FLUB|CP047121.1_1126	FLUB|CP047121.1_1126
FLUB|CP047121.1_1126	DSM20176|AZDF01000005.1_80
FLUB|CP047121.1_1126	MGYG|ENA|CABKOL020000095|CABKOL020000095.1_33
FLUB|CP047121.1_1126	LH500|CP044119.1_908
FLUB|CP047121.1_1126	LMG07934|CP050262.1_935
FLUB|CP047121.1_1158	FLUB|CP047121.1_1158
FLUB|CP047121.1_1158	DSM20176|AZDF01000005.1_48
FLUB|CP047121.1_1158	MGYG|ENA|CABKOL020000095|CABKOL020000095.1_66
FLUB|CP047121.1_1158	LH500|CP044119.1_940
FLUB|CP047121.1_1158	LMG07934|CP050262.1_967
FLUB|CP047121.1_1190	FLUB|CP047121.1_1190
FLUB|CP047121.1_1190	DSM20176|AZDF01000005.1_16
FLUB|CP047121.1_1190	MGYG|ENA|CABKOL020000095|CABKOL020000095.1_98
FLUB|CP047121.1_1190	LH500|CP044119.1_972
FLUB|CP047121.1_1190	LMG07934|CP050262.1_999
FLUB|CP047121.1_1286	FLUB|CP047121.1_1286
FLUB|CP047121.1_1286	DSM20176|AZDF01000002.1_143
FLUB|CP047121.1_1286	MGYG|ENA|CABKOL020000102|CABKOL020000102.1_81
FLUB|CP047121.1_1286	LMG07934|CP050262.1_1094
FLUB|CP047121.1_1286	LH500|CP044119.1_1071
FLUB|CP047121.1_1318	FLUB|CP047121.1_1318
FLUB|CP047121.1_1318	DSM20176|AZDF01000002.1_111
FLUB|CP047121.1_1318	MGYG|ENA|CABKOL020000102|CABKOL020000102.1_113
FLUB|CP047121.1_1318	LMG07934|CP050262.1_1126
FLUB|CP047121.1_1318	LH500|CP044119.1_1103
FLUB|CP047121.1_1350	FLUB|CP047121.1_1350
FLUB|CP047121.1_1350	DSM20176|AZDF01000002.1_79
FLUB|CP047121.1_1350	LMG07934|CP050262.1_1157
FLUB|CP047121.1_1350	MGYG|ENA|CABKOL020000102|CABKOL020000102.1_145
FLUB|CP047121.1_1350	LH500|CP044119.1_1135
FLUB|CP047121.1_1414	FLUB|CP047121.1_1414
FLUB|CP047121.1_1414	DSM20176|AZDF01000002.1_17
FLUB|CP047121.1_1414	LMG07934|CP050262.1_1220
FLUB|CP047121.1_1414	MGYG|ENA|CABKOL020000102|CABKOL020000102.1_210
FLUB|CP047121.1_1414	LH500|CP044119.1_1198
FLUB|CP047121.1_1478	FLUB|CP047121.1_1478
FLUB|CP047121.1_1478	LH500|CP044119.1_1272
FLUB|CP047121.1_1478	LMG07934|CP050262.1_1365
FLUB|CP047121.1_1478	MGYG|ENA|CABKOL020000102|CABKOL020000102.1_275
FLUB|CP047121.1_1478	DSM20176|AZDF01000013.1_9
FLUB|CP047121.1_1510	FLUB|CP047121.1_1510
FLUB|CP047121.1_1510	LH500|CP044119.1_1304
FLUB|CP047121.1_1510	LMG07934|CP050262.1_1398
FLUB|CP047121.1_1510	MGYG|ENA|CABKOL020000102|CABKOL020000102.1_307
FLUB|CP047121.1_1510	DSM20176|AZDF01000013.1_42
FLUB|CP047121.1_1542	FLUB|CP047121.1_1542
FLUB|CP047121.1_1542	LH500|CP044119.1_1337
FLUB|CP047121.1_1542	LMG07934|CP050262.1_1429
FLUB|CP047121.1_1542	DSM20176|AZDF01000047.1_4
FLUB|CP047121.1_1542	MGYG|ENA|CABKOL020000102|CABKOL020000102.1_339
FLUB|CP047121.1_1606	FLUB|CP047121.1_1606
FLUB|CP047121.1_1606	LH500|CP044119.1_1401
FLUB|CP047121.1_1606	LMG07934|CP050262.1_1491
FLUB|CP047121.1_1606	DSM20176|AZDF01000008.1_25
FLUB|CP047121.1_1606	MGYG|ENA|CABKOL020000102|CABKOL020000102.1_403
FLUB|CP047121.1_1638	FLUB|CP047121.1_1638
FLUB|CP047121.1_1638	LMG07934|CP050262.1_1523
FLUB|CP047121.1_1638	LH500|CP044119.1_1434
FLUB|CP047121.1_1638	DSM20176|AZDF01000004.1_116
FLUB|CP047121.1_1638	MGYG|ENA|CABKOL020000102|CABKOL020000102.1_435
FLUB|CP047121.1_1670	FLUB|CP047121.1_1670
FLUB|CP047121.1_1670	LMG07934|CP050262.1_1555
FLUB|CP047121.1_1670	LH500|CP044119.1_1467
FLUB|CP047121.1_1670	DSM20176|AZDF01000004.1_83
FLUB|CP047121.1_1670	MGYG|ENA|CABKOL020000102|CABKOL020000102.1_467
FLUB|CP047121.1_1702	FLUB|CP047121.1_1702
FLUB|CP047121.1_1702	LMG07934|CP050262.1_1587
FLUB|CP047121.1_1702	LH500|CP044119.1_1499
FLUB|CP047121.1_1702	DSM20176|AZDF01000004.1_51
FLUB|CP047121.1_1702	MGYG|ENA|CABKOL020000102|CABKOL020000102.1_499
FLUB|CP047121.1_1734	FLUB|CP047121.1_1734
FLUB|CP047121.1_1734	LMG07934|CP050262.1_1620
FLUB|CP047121.1_1734	LH500|CP044119.1_1532
FLUB|CP047121.1_1734	DSM20176|AZDF01000004.1_18
FLUB|CP047121.1_1734	MGYG|ENA|CABKOL020000102|CABKOL020000102.1_531
LH500|CP044119.1_2359	LH500|CP044119.1_2359
LH500|CP044119.1_2359	MGYG|ENA|CABKOL020000106|CABKOL020000106.1_1
LH500|CP044119.1_2359	DSM20176|AZDF01000021.1_1
LH500|CP044119.1_2359	FLUB|CP047121.1_2585
LH500|CP044119.1_2359	LMG07934|CP050262.1_2471
LH500|CP044119.1_2423	LH500|CP044119.1_2423
LH500|CP044119.1_2423	LMG07934|CP050262.1_2543
LH500|CP044119.1_2423	DSM20176|AZDF01000015.1_38
LH500|CP044119.1_2551	LH500|CP044119.1_2551
LH500|CP044119.1_2551	MGYG|ENA|CABKOL020000106|CABKOL020000106.1_242
LH500|CP044119.1_2551	FLUB|CP047121.1_2829
LH500|CP044119.1_2551	LMG07934|CP050262.1_2679
LH500|CP044119.1_2551	DSM20176|AZDF01000028.1_24
MGYG|ENA|CABKOL020000037|CABKOL020000037.1_1	MGYG|ENA|CABKOL020000037|CABKOL020000037.1_1
MGYG|ENA|CABKOL020000071|CABKOL020000071.1_1	MGYG|ENA|CABKOL020000071|CABKOL020000071.1_1
MGYG|ENA|CABKOL020000092|CABKOL020000092.1_2	MGYG|ENA|CABKOL020000092|CABKOL020000092.1_2
MGYG|ENA|CABKOL020000095|CABKOL020000095.1_26	MGYG|ENA|CABKOL020000095|CABKOL020000095.1_26
MGYG|ENA|CABKOL020000095|CABKOL020000095.1_26	DSM20176|AZDF01000005.1_87
MGYG|ENA|CABKOL020000095|CABKOL020000095.1_26	LH500|CP044119.1_901
MGYG|ENA|CABKOL020000095|CABKOL020000095.1_26	LMG07934|CP050262.1_928
MGYG|ENA|CABKOL020000095|CABKOL020000095.1_26	FLUB|CP047121.1_1119
MGYG|ENA|CABKOL020000095|CABKOL020000095.1_58	MGYG|ENA|CABKOL020000095|CABKOL020000095.1_58
MGYG|ENA|CABKOL020000095|CABKOL020000095.1_58	DSM20176|AZDF01000005.1_55
MGYG|ENA|CABKOL020000095|CABKOL020000095.1_58	LH500|CP044119.1_933
MGYG|ENA|CABKOL020000095|CABKOL020000095.1_58	LMG07934|CP050262.1_960
MGYG|ENA|CABKOL020000095|CABKOL020000095.1_58	FLUB|CP047121.1_1151
MGYG|ENA|CABKOL020000095|CABKOL020000095.1_90	MGYG|ENA|CABKOL020000095|CABKOL020000095.1_90
MGYG|ENA|CABKOL020000095|CABKOL020000095.1_90	DSM20176|AZDF01000005.1_24
MGYG|ENA|CABKOL020000095|CABKOL020000095.1_90	LH500|CP044119.1_964
MGYG|ENA|CABKOL020000095|CABKOL020000095.1_90	LMG07934|CP050262.1_991
MGYG|ENA|CABKOL020000095|CABKOL020000095.1_90	FLUB|CP047121.1_1182
MGYG|ENA|CABKOL020000099|CABKOL020000099.1_35	MGYG|ENA|CABKOL020000099|CABKOL020000099.1_35
MGYG|ENA|CABKOL020000099|CABKOL020000099.1_67	MGYG|ENA|CABKOL020000099|CABKOL020000099.1_67
MGYG|ENA|CABKOL020000099|CABKOL020000099.1_67	FLUB|CP047121.1_1968
MGYG|ENA|CABKOL020000099|CABKOL020000099.1_67	LMG07934|CP050262.1_1794
MGYG|ENA|CABKOL020000099|CABKOL020000099.1_67	DSM20176|AZDF01000012.1_1
MGYG|ENA|CABKOL020000101|CABKOL020000101.1_9	MGYG|ENA|CABKOL020000101|CABKOL020000101.1_9
MGYG|ENA|CABKOL020000102|CABKOL020000102.1_92	MGYG|ENA|CABKOL020000102|CABKOL020000102.1_92
MGYG|ENA|CABKOL020000102|CABKOL020000102.1_92	DSM20176|AZDF01000002.1_132
MGYG|ENA|CABKOL020000102|CABKOL020000102.1_92	LMG07934|CP050262.1_1105
MGYG|ENA|CABKOL020000102|CABKOL020000102.1_92	LH500|CP044119.1_1082
MGYG|ENA|CABKOL020000102|CABKOL020000102.1_92	FLUB|CP047121.1_1297
MGYG|ENA|CABKOL020000102|CABKOL020000102.1_124	MGYG|ENA|CABKOL020000102|CABKOL020000102.1_124
MGYG|ENA|CABKOL020000102|CABKOL020000102.1_124	DSM20176|AZDF01000002.1_100
MGYG|ENA|CABKOL020000102|CABKOL020000102.1_124	LMG07934|CP050262.1_1137
MGYG|ENA|CABKOL020000102|CABKOL020000102.1_124	LH500|CP044119.1_1114
MGYG|ENA|CABKOL020000102|CABKOL020000102.1_124	FLUB|CP047121.1_1329
MGYG|ENA|CABKOL020000102|CABKOL020000102.1_156	MGYG|ENA|CABKOL020000102|CABKOL020000102.1_156
MGYG|ENA|CABKOL020000102|CABKOL020000102.1_156	LMG07934|CP050262.1_1168
MGYG|ENA|CABKOL020000102|CABKOL020000102.1_156	DSM20176|AZDF01000002.1_68
MGYG|ENA|CABKOL020000102|CABKOL020000102.1_156	LH500|CP044119.1_1146
MGYG|ENA|CABKOL020000102|CABKOL020000102.1_156	FLUB|CP047121.1_1361
MGYG|ENA|CABKOL020000102|CABKOL020000102.1_252	MGYG|ENA|CABKOL020000102|CABKOL020000102.1_252
MGYG|ENA|CABKOL020000102|CABKOL020000102.1_252	DSM20176|AZDF01000018.1_21
MGYG|ENA|CABKOL020000102|CABKOL020000102.1_252	FLUB|CP047121.1_1455
MGYG|ENA|CABKOL020000102|CABKOL020000102.1_252	LH500|CP044119.1_1249
MGYG|ENA|CABKOL020000102|CABKOL020000102.1_252	LMG07934|CP050262.1_1342
MGYG|ENA|CABKOL020000102|CABKOL020000102.1_284	MGYG|ENA|CABKOL020000102|CABKOL020000102.1_284
MGYG|ENA|CABKOL020000102|CABKOL020000102.1_284	DSM20176|AZDF01000013.1_18
MGYG|ENA|CABKOL020000102|CABKOL020000102.1_284	FLUB|CP047121.1_1487
MGYG|ENA|CABKOL020000102|CABKOL020000102.1_284	LH500|CP044119.1_1281
MGYG|ENA|CABKOL020000102|CABKOL020000102.1_284	LMG07934|CP050262.1_1374
MGYG|ENA|CABKOL020000102|CABKOL020000102.1_348	MGYG|ENA|CABKOL020000102|CABKOL020000102.1_348
MGYG|ENA|CABKOL020000102|CABKOL020000102.1_348	DSM20176|AZDF01000008.1_77
MGYG|ENA|CABKOL020000102|CABKOL020000102.1_348	FLUB|CP047121.1_1551
MGYG|ENA|CABKOL020000102|CABKOL020000102.1_348	LMG07934|CP050262.1_1438
MGYG|ENA|CABKOL020000102|CABKOL020000102.1_348	LH500|CP044119.1_1349
MGYG|ENA|CABKOL020000102|CABKOL020000102.1_380	MGYG|ENA|CABKOL020000102|CABKOL020000102.1_380
MGYG|ENA|CABKOL020000102|CABKOL020000102.1_380	DSM20176|AZDF01000008.1_49
MGYG|ENA|CABKOL020000102|CABKOL020000102.1_380	FLUB|CP047121.1_1583
MGYG|ENA|CABKOL020000102|CABKOL020000102.1_380	LH500|CP044119.1_1377
MGYG|ENA|CABKOL020000102|CABKOL020000102.1_380	LMG07934|CP050262.1_1468
MGYG|ENA|CABKOL020000102|CABKOL020000102.1_412	MGYG|ENA|CABKOL020000102|CABKOL020000102.1_412
MGYG|ENA|CABKOL020000102|CABKOL020000102.1_412	DSM20176|AZDF01000008.1_16
MGYG|ENA|CABKOL020000102|CABKOL020000102.1_412	FLUB|CP047121.1_1615
MGYG|ENA|CABKOL020000102|CABKOL020000102.1_412	LH500|CP044119.1_1410
MGYG|ENA|CABKOL020000102|CABKOL020000102.1_412	LMG07934|CP050262.1_1500
MGYG|ENA|CABKOL020000102|CABKOL020000102.1_444	MGYG|ENA|CABKOL020000102|CABKOL020000102.1_444
MGYG|ENA|CABKOL020000102|CABKOL020000102.1_444	FLUB|CP047121.1_1647
MGYG|ENA|CABKOL020000102|CABKOL020000102.1_444	DSM20176|AZDF01000004.1_107
MGYG|ENA|CABKOL020000102|CABKOL020000102.1_444	LMG07934|CP050262.1_1532
MGYG|ENA|CABKOL020000102|CABKOL020000102.1_444	LH500|CP044119.1_1443
MGYG|ENA|CABKOL020000102|CABKOL020000102.1_476	MGYG|ENA|CABKOL020000102|CABKOL020000102.1_476
MGYG|ENA|CABKOL020000102|CABKOL020000102.1_476	FLUB|CP047121.1_1679
MGYG|ENA|CABKOL020000102|CABKOL020000102.1_476	DSM20176|AZDF01000004.1_74
MGYG|ENA|CABKOL020000102|CABKOL020000102.1_476	LMG07934|CP050262.1_1564
MGYG|ENA|CABKOL020000102|CABKOL020000102.1_476	LH500|CP044119.1_1476
MGYG|ENA|CABKOL020000102|CABKOL020000102.1_508	MGYG|ENA|CABKOL020000102|CABKOL020000102.1_508
MGYG|ENA|CABKOL020000102|CABKOL020000102.1_508	FLUB|CP047121.1_1711
MGYG|ENA|CABKOL020000102|CABKOL020000102.1_508	DSM20176|AZDF01000004.1_42
MGYG|ENA|CABKOL020000102|CABKOL020000102.1_508	LMG07934|CP050262.1_1596
MGYG|ENA|CABKOL020000102|CABKOL020000102.1_508	LH500|CP044119.1_1508
MGYG|ENA|CABKOL020000102|CABKOL020000102.1_540	MGYG|ENA|CABKOL020000102|CABKOL020000102.1_540
MGYG|ENA|CABKOL020000102|CABKOL020000102.1_540	FLUB|CP047121.1_1743
MGYG|ENA|CABKOL020000102|CABKOL020000102.1_540	DSM20176|AZDF01000004.1_10
MGYG|ENA|CABKOL020000102|CABKOL020000102.1_540	LMG07934|CP050262.1_1628
MGYG|ENA|CABKOL020000102|CABKOL020000102.1_540	LH500|CP044119.1_1540
MGYG|ENA|CABKOL020000102|CABKOL020000102.1_604	MGYG|ENA|CABKOL020000102|CABKOL020000102.1_604
MGYG|ENA|CABKOL020000102|CABKOL020000102.1_604	DSM20176|AZDF01000025.1_11
MGYG|ENA|CABKOL020000102|CABKOL020000102.1_604	FLUB|CP047121.1_1807
MGYG|ENA|CABKOL020000102|CABKOL020000102.1_604	LMG07934|CP050262.1_1692
MGYG|ENA|CABKOL020000102|CABKOL020000102.1_604	LH500|CP044119.1_1603
MGYG|ENA|CABKOL020000102|CABKOL020000102.1_636	MGYG|ENA|CABKOL020000102|CABKOL020000102.1_636
MGYG|ENA|CABKOL020000102|CABKOL020000102.1_636	DSM20176|AZDF01000023.1_12
MGYG|ENA|CABKOL020000102|CABKOL020000102.1_636	FLUB|CP047121.1_1840
MGYG|ENA|CABKOL020000102|CABKOL020000102.1_636	LMG07934|CP050262.1_1723
MGYG|ENA|CABKOL020000102|CABKOL020000102.1_636	LH500|CP044119.1_1637
MGYG|ENA|CABKOL020000102|CABKOL020000102.1_668	MGYG|ENA|CABKOL020000102|CABKOL020000102.1_668
MGYG|ENA|CABKOL020000102|CABKOL020000102.1_668	FLUB|CP047121.1_1871
MGYG|ENA|CABKOL020000102|CABKOL020000102.1_668	LMG07934|CP050262.1_1755
MGYG|ENA|CABKOL020000102|CABKOL020000102.1_668	LH500|CP044119.1_1698
MGYG|ENA|CABKOL020000102|CABKOL020000102.1_668	DSM20176|AZDF01000014.1_15
MGYG|ENA|CABKOL020000102|CABKOL020000102.1_700	MGYG|ENA|CABKOL020000102|CABKOL020000102.1_700
MGYG|ENA|CABKOL020000102|CABKOL020000102.1_700	FLUB|CP047121.1_1963
MGYG|ENA|CABKOL020000102|CABKOL020000102.1_700	LMG07934|CP050262.1_1787
MGYG|ENA|CABKOL020000102|CABKOL020000102.1_700	LH500|CP044119.1_1730
MGYG|ENA|CABKOL020000102|CABKOL020000102.1_700	DSM20176|AZDF01000014.1_47
MGYG|ENA|CABKOL020000103|CABKOL020000103.1_29	MGYG|ENA|CABKOL020000103|CABKOL020000103.1_29
MGYG|ENA|CABKOL020000104|CABKOL020000104.1_128	MGYG|ENA|CABKOL020000104|CABKOL020000104.1_128
MGYG|ENA|CABKOL020000104|CABKOL020000104.1_128	LH500|CP044119.1_2171
MGYG|ENA|CABKOL020000104|CABKOL020000104.1_128	DSM20176|AZDF01000020.1_28
MGYG|ENA|CABKOL020000104|CABKOL020000104.1_128	LMG07934|CP050262.1_2267
MGYG|ENA|CABKOL020000104|CABKOL020000104.1_128	FLUB|CP047121.1_2455
MGYG|ENA|CABKOL020000104|CABKOL020000104.1_160	MGYG|ENA|CABKOL020000104|CABKOL020000104.1_160
MGYG|ENA|CABKOL020000104|CABKOL020000104.1_160	LH500|CP044119.1_2136
MGYG|ENA|CABKOL020000104|CABKOL020000104.1_160	DSM20176|AZDF01000032.1_25
MGYG|ENA|CABKOL020000104|CABKOL020000104.1_160	LMG07934|CP050262.1_2234
MGYG|ENA|CABKOL020000104|CABKOL020000104.1_160	FLUB|CP047121.1_2423
MGYG|ENA|CABKOL020000104|CABKOL020000104.1_192	MGYG|ENA|CABKOL020000104|CABKOL020000104.1_192
MGYG|ENA|CABKOL020000104|CABKOL020000104.1_192	LH500|CP044119.1_2105
MGYG|ENA|CABKOL020000104|CABKOL020000104.1_192	LMG07934|CP050262.1_2204
MGYG|ENA|CABKOL020000104|CABKOL020000104.1_192	FLUB|CP047121.1_2393
MGYG|ENA|CABKOL020000104|CABKOL020000104.1_192	DSM20176|AZDF01000033.1_7
MGYG|ENA|CABKOL020000104|CABKOL020000104.1_224	MGYG|ENA|CABKOL020000104|CABKOL020000104.1_224
MGYG|ENA|CABKOL020000104|CABKOL020000104.1_224	LMG07934|CP050262.1_2169
MGYG|ENA|CABKOL020000104|CABKOL020000104.1_224	FLUB|CP047121.1_2361
MGYG|ENA|CABKOL020000104|CABKOL020000104.1_256	MGYG|ENA|CABKOL020000104|CABKOL020000104.1_256
MGYG|ENA|CABKOL020000104|CABKOL020000104.1_256	LMG07934|CP050262.1_2137
MGYG|ENA|CABKOL020000104|CABKOL020000104.1_256	FLUB|CP047121.1_2329
MGYG|ENA|CABKOL020000104|CABKOL020000104.1_288	MGYG|ENA|CABKOL020000104|CABKOL020000104.1_288
MGYG|ENA|CABKOL020000104|CABKOL020000104.1_288	LMG07934|CP050262.1_2110
MGYG|ENA|CABKOL020000104|CABKOL020000104.1_288	FLUB|CP047121.1_2297
MGYG|ENA|CABKOL020000099|CABKOL020000099.1_65	MGYG|ENA|CABKOL020000099|CABKOL020000099.1_65
MGYG|ENA|CABKOL020000099|CABKOL020000099.1_65	FLUB|CP047121.1_1970
MGYG|ENA|CABKOL020000099|CABKOL020000099.1_65	LH500|CP044119.1_1738
MGYG|ENA|CABKOL020000099|CABKOL020000099.1_65	LMG07934|CP050262.1_1796
MGYG|ENA|CABKOL020000099|CABKOL020000099.1_65	DSM20176|AZDF01000012.1_3
MGYG|ENA|CABKOL020000101|CABKOL020000101.1_7	MGYG|ENA|CABKOL020000101|CABKOL020000101.1_7
MGYG|ENA|CABKOL020000101|CABKOL020000101.1_7	LMG07934|CP050262.1_2477
MGYG|ENA|CABKOL020000102|CABKOL020000102.1_26	MGYG|ENA|CABKOL020000102|CABKOL020000102.1_26
MGYG|ENA|CABKOL020000102|CABKOL020000102.1_26	DSM20176|AZDF01000002.1_194
MGYG|ENA|CABKOL020000102|CABKOL020000102.1_26	LMG07934|CP050262.1_1041
MGYG|ENA|CABKOL020000102|CABKOL020000102.1_26	LH500|CP044119.1_1020
MGYG|ENA|CABKOL020000102|CABKOL020000102.1_26	FLUB|CP047121.1_1232
MGYG|ENA|CABKOL020000102|CABKOL020000102.1_58	MGYG|ENA|CABKOL020000102|CABKOL020000102.1_58
MGYG|ENA|CABKOL020000102|CABKOL020000102.1_58	DSM20176|AZDF01000002.1_162
MGYG|ENA|CABKOL020000102|CABKOL020000102.1_58	LMG07934|CP050262.1_1073
MGYG|ENA|CABKOL020000102|CABKOL020000102.1_58	LH500|CP044119.1_1052
MGYG|ENA|CABKOL020000102|CABKOL020000102.1_58	FLUB|CP047121.1_1264
MGYG|ENA|CABKOL020000102|CABKOL020000102.1_90	MGYG|ENA|CABKOL020000102|CABKOL020000102.1_90
MGYG|ENA|CABKOL020000102|CABKOL020000102.1_90	LMG07934|CP050262.1_1103
MGYG|ENA|CABKOL020000102|CABKOL020000102.1_90	LH500|CP044119.1_1080
MGYG|ENA|CABKOL020000102|CABKOL020000102.1_90	DSM20176|AZDF01000002.1_134
MGYG|ENA|CABKOL020000102|CABKOL020000102.1_90	FLUB|CP047121.1_1295
MGYG|ENA|CABKOL020000102|CABKOL020000102.1_122	MGYG|ENA|CABKOL020000102|CABKOL020000102.1_122
MGYG|ENA|CABKOL020000102|CABKOL020000102.1_122	LMG07934|CP050262.1_1135
MGYG|ENA|CABKOL020000102|CABKOL020000102.1_122	LH500|CP044119.1_1112
MGYG|ENA|CABKOL020000102|CABKOL020000102.1_122	DSM20176|AZDF01000002.1_102
MGYG|ENA|CABKOL020000102|CABKOL020000102.1_122	FLUB|CP047121.1_1327
MGYG|ENA|CABKOL020000102|CABKOL020000102.1_218	MGYG|ENA|CABKOL020000102|CABKOL020000102.1_218
MGYG|ENA|CABKOL020000102|CABKOL020000102.1_218	LMG07934|CP050262.1_1228
MGYG|ENA|CABKOL020000102|CABKOL020000102.1_218	LH500|CP044119.1_1206
MGYG|ENA|CABKOL020000102|CABKOL020000102.1_218	DSM20176|AZDF01000002.1_9
MGYG|ENA|CABKOL020000102|CABKOL020000102.1_218	FLUB|CP047121.1_1422
MGYG|ENA|CABKOL020000102|CABKOL020000102.1_250	MGYG|ENA|CABKOL020000102|CABKOL020000102.1_250
MGYG|ENA|CABKOL020000102|CABKOL020000102.1_250	DSM20176|AZDF01000018.1_19
MGYG|ENA|CABKOL020000102|CABKOL020000102.1_250	FLUB|CP047121.1_1453
MGYG|ENA|CABKOL020000102|CABKOL020000102.1_250	LH500|CP044119.1_1247
MGYG|ENA|CABKOL020000102|CABKOL020000102.1_250	LMG07934|CP050262.1_1340
MGYG|ENA|CABKOL020000102|CABKOL020000102.1_282	MGYG|ENA|CABKOL020000102|CABKOL020000102.1_282
MGYG|ENA|CABKOL020000102|CABKOL020000102.1_282	DSM20176|AZDF01000013.1_16
MGYG|ENA|CABKOL020000102|CABKOL020000102.1_282	FLUB|CP047121.1_1485
MGYG|ENA|CABKOL020000102|CABKOL020000102.1_282	LH500|CP044119.1_1279
MGYG|ENA|CABKOL020000102|CABKOL020000102.1_282	LMG07934|CP050262.1_1372
MGYG|ENA|CABKOL020000102|CABKOL020000102.1_314	MGYG|ENA|CABKOL020000102|CABKOL020000102.1_314
MGYG|ENA|CABKOL020000102|CABKOL020000102.1_314	DSM20176|AZDF01000038.1_2
MGYG|ENA|CABKOL020000102|CABKOL020000102.1_314	FLUB|CP047121.1_1517
MGYG|ENA|CABKOL020000102|CABKOL020000102.1_314	LH500|CP044119.1_1312
MGYG|ENA|CABKOL020000102|CABKOL020000102.1_314	LMG07934|CP050262.1_1405
MGYG|ENA|CABKOL020000102|CABKOL020000102.1_346	MGYG|ENA|CABKOL020000102|CABKOL020000102.1_346
MGYG|ENA|CABKOL020000102|CABKOL020000102.1_346	FLUB|CP047121.1_1549
MGYG|ENA|CABKOL020000102|CABKOL020000102.1_346	LMG07934|CP050262.1_1436
MGYG|ENA|CABKOL020000102|CABKOL020000102.1_378	MGYG|ENA|CABKOL020000102|CABKOL020000102.1_378
MGYG|ENA|CABKOL020000102|CABKOL020000102.1_378	FLUB|CP047121.1_1581
MGYG|ENA|CABKOL020000102|CABKOL020000102.1_378	DSM20176|AZDF01000008.1_51
MGYG|ENA|CABKOL020000102|CABKOL020000102.1_378	LH500|CP044119.1_1375
MGYG|ENA|CABKOL020000102|CABKOL020000102.1_378	LMG07934|CP050262.1_1466
MGYG|ENA|CABKOL020000102|CABKOL020000102.1_410	MGYG|ENA|CABKOL020000102|CABKOL020000102.1_410
MGYG|ENA|CABKOL020000102|CABKOL020000102.1_410	FLUB|CP047121.1_1613
MGYG|ENA|CABKOL020000102|CABKOL020000102.1_410	DSM20176|AZDF01000008.1_18
MGYG|ENA|CABKOL020000102|CABKOL020000102.1_410	LH500|CP044119.1_1408
MGYG|ENA|CABKOL020000102|CABKOL020000102.1_410	LMG07934|CP050262.1_1498
MGYG|ENA|CABKOL020000102|CABKOL020000102.1_442	MGYG|ENA|CABKOL020000102|CABKOL020000102.1_442
MGYG|ENA|CABKOL020000102|CABKOL020000102.1_442	FLUB|CP047121.1_1645
MGYG|ENA|CABKOL020000102|CABKOL020000102.1_442	LMG07934|CP050262.1_1530
MGYG|ENA|CABKOL020000102|CABKOL020000102.1_442	LH500|CP044119.1_1441
MGYG|ENA|CABKOL020000102|CABKOL020000102.1_442	DSM20176|AZDF01000004.1_109
MGYG|ENA|CABKOL020000102|CABKOL020000102.1_474	MGYG|ENA|CABKOL020000102|CABKOL020000102.1_474
MGYG|ENA|CABKOL020000102|CABKOL020000102.1_474	FLUB|CP047121.1_1677
MGYG|ENA|CABKOL020000102|CABKOL020000102.1_474	LMG07934|CP050262.1_1562
MGYG|ENA|CABKOL020000102|CABKOL020000102.1_474	DSM20176|AZDF01000004.1_76
MGYG|ENA|CABKOL020000102|CABKOL020000102.1_474	LH500|CP044119.1_1474
MGYG|ENA|CABKOL020000102|CABKOL020000102.1_506	MGYG|ENA|CABKOL020000102|CABKOL020000102.1_506
MGYG|ENA|CABKOL020000102|CABKOL020000102.1_506	FLUB|CP047121.1_1709
MGYG|ENA|CABKOL020000102|CABKOL020000102.1_506	LMG07934|CP050262.1_1594
MGYG|ENA|CABKOL020000102|CABKOL020000102.1_506	DSM20176|AZDF01000004.1_44
MGYG|ENA|CABKOL020000102|CABKOL020000102.1_506	LH500|CP044119.1_1506
MGYG|ENA|CABKOL020000102|CABKOL020000102.1_538	MGYG|ENA|CABKOL020000102|CABKOL020000102.1_538
MGYG|ENA|CABKOL020000102|CABKOL020000102.1_538	FLUB|CP047121.1_1741
MGYG|ENA|CABKOL020000102|CABKOL020000102.1_538	DSM20176|AZDF01000004.1_11
MGYG|ENA|CABKOL020000102|CABKOL020000102.1_538	LMG07934|CP050262.1_1627
MGYG|ENA|CABKOL020000102|CABKOL020000102.1_538	LH500|CP044119.1_1539
MGYG|ENA|CABKOL020000102|CABKOL020000102.1_570	MGYG|ENA|CABKOL020000102|CABKOL020000102.1_570
MGYG|ENA|CABKOL020000102|CABKOL020000102.1_570	DSM20176|AZDF01000017.1_23
MGYG|ENA|CABKOL020000102|CABKOL020000102.1_570	FLUB|CP047121.1_1773
MGYG|ENA|CABKOL020000102|CABKOL020000102.1_570	LMG07934|CP050262.1_1657
MGYG|ENA|CABKOL020000102|CABKOL020000102.1_570	LH500|CP044119.1_1569
MGYG|ENA|CABKOL020000102|CABKOL020000102.1_602	MGYG|ENA|CABKOL020000102|CABKOL020000102.1_602
MGYG|ENA|CABKOL020000102|CABKOL020000102.1_602	DSM20176|AZDF01000025.1_9
MGYG|ENA|CABKOL020000102|CABKOL020000102.1_602	FLUB|CP047121.1_1805
MGYG|ENA|CABKOL020000102|CABKOL020000102.1_602	LMG07934|CP050262.1_1690
MGYG|ENA|CABKOL020000102|CABKOL020000102.1_602	LH500|CP044119.1_1601
MGYG|ENA|CABKOL020000102|CABKOL020000102.1_634	MGYG|ENA|CABKOL020000102|CABKOL020000102.1_634
MGYG|ENA|CABKOL020000102|CABKOL020000102.1_634	DSM20176|AZDF01000023.1_10
MGYG|ENA|CABKOL020000102|CABKOL020000102.1_634	FLUB|CP047121.1_1838
MGYG|ENA|CABKOL020000102|CABKOL020000102.1_634	LMG07934|CP050262.1_1721
MGYG|ENA|CABKOL020000102|CABKOL020000102.1_634	LH500|CP044119.1_1635
MGYG|ENA|CABKOL020000102|CABKOL020000102.1_666	MGYG|ENA|CABKOL020000102|CABKOL020000102.1_666
MGYG|ENA|CABKOL020000102|CABKOL020000102.1_666	FLUB|CP047121.1_1869
MGYG|ENA|CABKOL020000102|CABKOL020000102.1_666	LMG07934|CP050262.1_1753
MGYG|ENA|CABKOL020000102|CABKOL020000102.1_666	LH500|CP044119.1_1696
MGYG|ENA|CABKOL020000102|CABKOL020000102.1_666	DSM20176|AZDF01000014.1_13
MGYG|ENA|CABKOL020000102|CABKOL020000102.1_698	MGYG|ENA|CABKOL020000102|CABKOL020000102.1_698
MGYG|ENA|CABKOL020000102|CABKOL020000102.1_698	FLUB|CP047121.1_1901
MGYG|ENA|CABKOL020000102|CABKOL020000102.1_698	LMG07934|CP050262.1_1785
MGYG|ENA|CABKOL020000102|CABKOL020000102.1_698	LH500|CP044119.1_1728
MGYG|ENA|CABKOL020000102|CABKOL020000102.1_698	DSM20176|AZDF01000014.1_45
MGYG|ENA|CABKOL020000103|CABKOL020000103.1_27	MGYG|ENA|CABKOL020000103|CABKOL020000103.1_27
MGYG|ENA|CABKOL020000104|CABKOL020000104.1_30	MGYG|ENA|CABKOL020000104|CABKOL020000104.1_30
MGYG|ENA|CABKOL020000104|CABKOL020000104.1_30	LH500|CP044119.1_2329
MGYG|ENA|CABKOL020000104|CABKOL020000104.1_30	DSM20176|AZDF01000011.1_26
MGYG|ENA|CABKOL020000104|CABKOL020000104.1_30	FLUB|CP047121.1_2554
MGYG|ENA|CABKOL020000104|CABKOL020000104.1_30	LMG07934|CP050262.1_2440
MGYG|ENA|CABKOL020000104|CABKOL020000104.1_190	MGYG|ENA|CABKOL020000104|CABKOL020000104.1_190
MGYG|ENA|CABKOL020000104|CABKOL020000104.1_190	LH500|CP044119.1_2107
MGYG|ENA|CABKOL020000104|CABKOL020000104.1_190	LMG07934|CP050262.1_2206
MGYG|ENA|CABKOL020000104|CABKOL020000104.1_190	DSM20176|AZDF01000033.1_5
MGYG|ENA|CABKOL020000104|CABKOL020000104.1_190	FLUB|CP047121.1_2395
MGYG|ENA|CABKOL020000104|CABKOL020000104.1_222	MGYG|ENA|CABKOL020000104|CABKOL020000104.1_222
MGYG|ENA|CABKOL020000104|CABKOL020000104.1_222	LMG07934|CP050262.1_2171
MGYG|ENA|CABKOL020000104|CABKOL020000104.1_222	FLUB|CP047121.1_2363
MGYG|ENA|CABKOL020000104|CABKOL020000104.1_254	MGYG|ENA|CABKOL020000104|CABKOL020000104.1_254
MGYG|ENA|CABKOL020000104|CABKOL020000104.1_254	LMG07934|CP050262.1_2139
MGYG|ENA|CABKOL020000104|CABKOL020000104.1_254	FLUB|CP047121.1_2331
MGYG|ENA|CABKOL020000104|CABKOL020000104.1_318	MGYG|ENA|CABKOL020000104|CABKOL020000104.1_318
MGYG|ENA|CABKOL020000104|CABKOL020000104.1_318	FLUB|CP047121.1_2267
MGYG|ENA|CABKOL020000104|CABKOL020000104.1_318	LMG07934|CP050262.1_2084
MGYG|ENA|CABKOL020000104|CABKOL020000104.1_350	MGYG|ENA|CABKOL020000104|CABKOL020000104.1_350
MGYG|ENA|CABKOL020000104|CABKOL020000104.1_350	LH500|CP044119.1_2053
MGYG|ENA|CABKOL020000104|CABKOL020000104.1_350	FLUB|CP047121.1_2235
MGYG|ENA|CABKOL020000104|CABKOL020000104.1_350	DSM20176|AZDF01000001.1_198
MGYG|ENA|CABKOL020000104|CABKOL020000104.1_350	LMG07934|CP050262.1_2056
MGYG|ENA|CABKOL020000104|CABKOL020000104.1_414	MGYG|ENA|CABKOL020000104|CABKOL020000104.1_414
MGYG|ENA|CABKOL020000104|CABKOL020000104.1_414	LH500|CP044119.1_1990
MGYG|ENA|CABKOL020000104|CABKOL020000104.1_414	FLUB|CP047121.1_2171
MGYG|ENA|CABKOL020000104|CABKOL020000104.1_414	DSM20176|AZDF01000001.1_136
MGYG|ENA|CABKOL020000104|CABKOL020000104.1_414	LMG07934|CP050262.1_1993
MGYG|ENA|CABKOL020000104|CABKOL020000104.1_446	MGYG|ENA|CABKOL020000104|CABKOL020000104.1_446
MGYG|ENA|CABKOL020000104|CABKOL020000104.1_446	LH500|CP044119.1_1958
MGYG|ENA|CABKOL020000104|CABKOL020000104.1_446	FLUB|CP047121.1_2139
MGYG|ENA|CABKOL020000104|CABKOL020000104.1_446	DSM20176|AZDF01000001.1_104
MGYG|ENA|CABKOL020000104|CABKOL020000104.1_446	LMG07934|CP050262.1_1961
MGYG|ENA|CABKOL020000104|CABKOL020000104.1_478	MGYG|ENA|CABKOL020000104|CABKOL020000104.1_478
MGYG|ENA|CABKOL020000104|CABKOL020000104.1_478	LH500|CP044119.1_1926
MGYG|ENA|CABKOL020000104|CABKOL020000104.1_478	FLUB|CP047121.1_2107
MGYG|ENA|CABKOL020000104|CABKOL020000104.1_478	DSM20176|AZDF01000001.1_72
MGYG|ENA|CABKOL020000104|CABKOL020000104.1_478	LMG07934|CP050262.1_1929
MGYG|ENA|CABKOL020000104|CABKOL020000104.1_510	MGYG|ENA|CABKOL020000104|CABKOL020000104.1_510
MGYG|ENA|CABKOL020000104|CABKOL020000104.1_510	LH500|CP044119.1_1894
MGYG|ENA|CABKOL020000104|CABKOL020000104.1_510	FLUB|CP047121.1_2075
MGYG|ENA|CABKOL020000104|CABKOL020000104.1_510	DSM20176|AZDF01000001.1_40
MGYG|ENA|CABKOL020000104|CABKOL020000104.1_510	LMG07934|CP050262.1_1897
MGYG|ENA|CABKOL020000105|CABKOL020000105.1_24	MGYG|ENA|CABKOL020000105|CABKOL020000105.1_24
MGYG|ENA|CABKOL020000106|CABKOL020000106.1_15	MGYG|ENA|CABKOL020000106|CABKOL020000106.1_15
MGYG|ENA|CABKOL020000106|CABKOL020000106.1_47	MGYG|ENA|CABKOL020000106|CABKOL020000106.1_47
MGYG|ENA|CABKOL020000106|CABKOL020000106.1_47	FLUB|CP047121.1_2631
MGYG|ENA|CABKOL020000106|CABKOL020000106.1_47	LMG07934|CP050262.1_2513
MGYG|ENA|CABKOL020000106|CABKOL020000106.1_47	LH500|CP044119.1_2393
MGYG|ENA|CABKOL020000106|CABKOL020000106.1_47	DSM20176|AZDF01000021.1_35
MGYG|ENA|CABKOL020000106|CABKOL020000106.1_143	MGYG|ENA|CABKOL020000106|CABKOL020000106.1_143
MGYG|ENA|CABKOL020000106|CABKOL020000106.1_143	FLUB|CP047121.1_2729
MGYG|ENA|CABKOL020000106|CABKOL020000106.1_143	LH500|CP044119.1_2457
MGYG|ENA|CABKOL020000106|CABKOL020000106.1_143	DSM20176|AZDF01000015.1_3
MGYG|ENA|CABKOL020000106|CABKOL020000106.1_175	MGYG|ENA|CABKOL020000106|CABKOL020000106.1_175
MGYG|ENA|CABKOL020000106|CABKOL020000106.1_175	FLUB|CP047121.1_2762
MGYG|ENA|CABKOL020000106|CABKOL020000106.1_175	LH500|CP044119.1_2490
MGYG|ENA|CABKOL020000106|CABKOL020000106.1_175	LMG07934|CP050262.1_2613
MGYG|ENA|CABKOL020000106|CABKOL020000106.1_175	DSM20176|AZDF01000022.1_30
MGYG|ENA|CABKOL020000106|CABKOL020000106.1_271	MGYG|ENA|CABKOL020000106|CABKOL020000106.1_271
MGYG|ENA|CABKOL020000106|CABKOL020000106.1_271	LH500|CP044119.1_2584
MGYG|ENA|CABKOL020000106|CABKOL020000106.1_271	FLUB|CP047121.1_2858
MGYG|ENA|CABKOL020000106|CABKOL020000106.1_271	LMG07934|CP050262.1_2710
MGYG|ENA|CABKOL020000106|CABKOL020000106.1_271	DSM20176|AZDF01000024.1_28
MGYG|ENA|CABKOL020000106|CABKOL020000106.1_303	MGYG|ENA|CABKOL020000106|CABKOL020000106.1_303
MGYG|ENA|CABKOL020000106|CABKOL020000106.1_303	LMG07934|CP050262.1_28
MGYG|ENA|CABKOL020000106|CABKOL020000106.1_303	DSM20176|AZDF01000006.1_77
MGYG|ENA|CABKOL020000106|CABKOL020000106.1_303	FLUB|CP047121.1_29
MGYG|ENA|CABKOL020000106|CABKOL020000106.1_303	LH500|CP044119.1_46
MGYG|ENA|CABKOL020000106|CABKOL020000106.1_431	MGYG|ENA|CABKOL020000106|CABKOL020000106.1_431
MGYG|ENA|CABKOL020000106|CABKOL020000106.1_431	LMG07934|CP050262.1_145
MGYG|ENA|CABKOL020000106|CABKOL020000106.1_431	LH500|CP044119.1_166
MGYG|ENA|CABKOL020000106|CABKOL020000106.1_431	DSM20176|AZDF01000007.1_94
MGYG|ENA|CABKOL020000106|CABKOL020000106.1_431	FLUB|CP047121.1_157
MGYG|ENA|CABKOL020000106|CABKOL020000106.1_463	MGYG|ENA|CABKOL020000106|CABKOL020000106.1_463
MGYG|ENA|CABKOL020000106|CABKOL020000106.1_463	LMG07934|CP050262.1_176
MGYG|ENA|CABKOL020000106|CABKOL020000106.1_463	LH500|CP044119.1_196
MGYG|ENA|CABKOL020000106|CABKOL020000106.1_463	DSM20176|AZDF01000007.1_64
MGYG|ENA|CABKOL020000106|CABKOL020000106.1_463	FLUB|CP047121.1_188
MGYG|ENA|CABKOL020000106|CABKOL020000106.1_623	MGYG|ENA|CABKOL020000106|CABKOL020000106.1_623
MGYG|ENA|CABKOL020000106|CABKOL020000106.1_623	DSM20176|AZDF01000029.1_14
MGYG|ENA|CABKOL020000106|CABKOL020000106.1_623	LH500|CP044119.1_356
MGYG|ENA|CABKOL020000106|CABKOL020000106.1_623	FLUB|CP047121.1_346
MGYG|ENA|CABKOL020000106|CABKOL020000106.1_623	LMG07934|CP050262.1_328
MGYG|ENA|CABKOL020000106|CABKOL020000106.1_751	MGYG|ENA|CABKOL020000106|CABKOL020000106.1_751
MGYG|ENA|CABKOL020000106|CABKOL020000106.1_751	LH500|CP044119.1_466
MGYG|ENA|CABKOL020000106|CABKOL020000106.1_751	LMG07934|CP050262.1_437
MGYG|ENA|CABKOL020000106|CABKOL020000106.1_751	DSM20176|AZDF01000003.1_54
MGYG|ENA|CABKOL020000106|CABKOL020000106.1_751	FLUB|CP047121.1_475
MGYG|ENA|CABKOL020000106|CABKOL020000106.1_975	MGYG|ENA|CABKOL020000106|CABKOL020000106.1_975
MGYG|ENA|CABKOL020000106|CABKOL020000106.1_975	LMG07934|CP050262.1_586
MGYG|ENA|CABKOL020000106|CABKOL020000106.1_975	LH500|CP044119.1_632
MGYG|ENA|CABKOL020000106|CABKOL020000106.1_975	DSM20176|AZDF01000044.1_6
MGYG|ENA|CABKOL020000106|CABKOL020000106.1_975	FLUB|CP047121.1_763
MGYG|ENA|CABKOL020000106|CABKOL020000106.1_1135	MGYG|ENA|CABKOL020000106|CABKOL020000106.1_1135
MGYG|ENA|CABKOL020000106|CABKOL020000106.1_1135	LMG07934|CP050262.1_751
MGYG|ENA|CABKOL020000106|CABKOL020000106.1_1135	FLUB|CP047121.1_920
MGYG|ENA|CABKOL020000106|CABKOL020000106.1_1135	DSM20176|AZDF01000054.1_11
MGYG|ENA|CABKOL020000106|CABKOL020000106.1_1135	LH500|CP044119.1_716
MGYG|ENA|CABKOL020000106|CABKOL020000106.1_1167	MGYG|ENA|CABKOL020000106|CABKOL020000106.1_1167
MGYG|ENA|CABKOL020000106|CABKOL020000106.1_1167	FLUB|CP047121.1_951
MGYG|ENA|CABKOL020000106|CABKOL020000106.1_1167	DSM20176|AZDF01000031.1_2
MGYG|ENA|CABKOL020000106|CABKOL020000106.1_1167	LMG07934|CP050262.1_774
MGYG|ENA|CABKOL020000106|CABKOL020000106.1_1167	LH500|CP044119.1_750
MGYG|ENA|CABKOL020000106|CABKOL020000106.1_1199	MGYG|ENA|CABKOL020000106|CABKOL020000106.1_1199
MGYG|ENA|CABKOL020000106|CABKOL020000106.1_1199	DSM20176|AZDF01000016.1_44
MGYG|ENA|CABKOL020000106|CABKOL020000106.1_1199	FLUB|CP047121.1_982
MGYG|ENA|CABKOL020000106|CABKOL020000106.1_1199	LMG07934|CP050262.1_808
MGYG|ENA|CABKOL020000106|CABKOL020000106.1_1199	LH500|CP044119.1_783
MGYG|ENA|CABKOL020000106|CABKOL020000106.1_1295	MGYG|ENA|CABKOL020000106|CABKOL020000106.1_1295
MGYG|ENA|CABKOL020000106|CABKOL020000106.1_1295	DSM20176|AZDF01000030.1_12
MGYG|ENA|CABKOL020000106|CABKOL020000106.1_1295	LH500|CP044119.1_858
MGYG|ENA|CABKOL020000106|CABKOL020000106.1_1295	LMG07934|CP050262.1_885
MGYG|ENA|CABKOL020000106|CABKOL020000106.1_1295	FLUB|CP047121.1_1075
DSM20176|AZDF01000001.1_207	DSM20176|AZDF01000001.1_207
DSM20176|AZDF01000001.1_207	FLUB|CP047121.1_2247
DSM20176|AZDF01000001.1_207	LMG07934|CP050262.1_2065
DSM20176|AZDF01000001.1_207	MGYG|ENA|CABKOL020000104|CABKOL020000104.1_338
DSM20176|AZDF01000001.1_207	LH500|CP044119.1_2062
DSM20176|AZDF01000010.1_19	DSM20176|AZDF01000010.1_19
DSM20176|AZDF01000010.1_19	FLUB|CP047121.1_617
DSM20176|AZDF01000010.1_19	LH500|CP044119.1_539
DSM20176|AZDF01000010.1_19	MGYG|ENA|CABKOL020000106|CABKOL020000106.1_826
DSM20176|AZDF01000010.1_19	LMG07934|CP050262.1_514
DSM20176|AZDF01000010.1_51	DSM20176|AZDF01000010.1_51
DSM20176|AZDF01000010.1_51	LH500|CP044119.1_571
DSM20176|AZDF01000010.1_51	LMG07934|CP050262.1_548
DSM20176|AZDF01000011.1_38	DSM20176|AZDF01000011.1_38
DSM20176|AZDF01000011.1_38	FLUB|CP047121.1_2566
DSM20176|AZDF01000011.1_38	LMG07934|CP050262.1_2452
DSM20176|AZDF01000011.1_38	LH500|CP044119.1_2341
DSM20176|AZDF01000011.1_38	MGYG|ENA|CABKOL020000104|CABKOL020000104.1_18
DSM20176|AZDF01000012.1_8	DSM20176|AZDF01000012.1_8
DSM20176|AZDF01000012.1_8	FLUB|CP047121.1_1975
DSM20176|AZDF01000012.1_8	LH500|CP044119.1_1743
DSM20176|AZDF01000012.1_8	LMG07934|CP050262.1_1801
DSM20176|AZDF01000012.1_8	MGYG|ENA|CABKOL020000099|CABKOL020000099.1_60
DSM20176|AZDF01000012.1_40	DSM20176|AZDF01000012.1_40
DSM20176|AZDF01000012.1_40	FLUB|CP047121.1_2007
DSM20176|AZDF01000012.1_40	LH500|CP044119.1_1775
DSM20176|AZDF01000012.1_40	MGYG|ENA|CABKOL020000099|CABKOL020000099.1_27
DSM20176|AZDF01000012.1_40	LMG07934|CP050262.1_1833
FLUB|CP047121.1_2181	FLUB|CP047121.1_2181
FLUB|CP047121.1_2181	DSM20176|AZDF01000001.1_146
FLUB|CP047121.1_2181	LMG07934|CP050262.1_2003
FLUB|CP047121.1_2181	MGYG|ENA|CABKOL020000104|CABKOL020000104.1_404
FLUB|CP047121.1_2181	LH500|CP044119.1_2000
FLUB|CP047121.1_2341	FLUB|CP047121.1_2341
FLUB|CP047121.1_2341	MGYG|ENA|CABKOL020000104|CABKOL020000104.1_244
FLUB|CP047121.1_2341	LMG07934|CP050262.1_2150
FLUB|CP047121.1_2373	FLUB|CP047121.1_2373
FLUB|CP047121.1_2373	DSM20176|AZDF01000073.1_1
FLUB|CP047121.1_2373	LH500|CP044119.1_2082
FLUB|CP047121.1_2373	MGYG|ENA|CABKOL020000104|CABKOL020000104.1_212
FLUB|CP047121.1_2373	LMG07934|CP050262.1_2183
FLUB|CP047121.1_2405	FLUB|CP047121.1_2405
FLUB|CP047121.1_2405	LH500|CP044119.1_2118
FLUB|CP047121.1_2405	MGYG|ENA|CABKOL020000104|CABKOL020000104.1_179
FLUB|CP047121.1_2405	DSM20176|AZDF01000032.1_7
FLUB|CP047121.1_2405	LMG07934|CP050262.1_2216
FLUB|CP047121.1_2437	FLUB|CP047121.1_2437
FLUB|CP047121.1_2437	MGYG|ENA|CABKOL020000104|CABKOL020000104.1_146
FLUB|CP047121.1_2437	LH500|CP044119.1_2154
FLUB|CP047121.1_2437	DSM20176|AZDF01000020.1_11
FLUB|CP047121.1_2437	LMG07934|CP050262.1_2249
FLUB|CP047121.1_2469	FLUB|CP047121.1_2469
FLUB|CP047121.1_2469	LMG07934|CP050262.1_2283
FLUB|CP047121.1_2469	DSM20176|AZDF01000009.1_87
FLUB|CP047121.1_2469	MGYG|ENA|CABKOL020000104|CABKOL020000104.1_115
FLUB|CP047121.1_2469	LH500|CP044119.1_2190
FLUB|CP047121.1_2501	FLUB|CP047121.1_2501
FLUB|CP047121.1_2501	LMG07934|CP050262.1_2411
FLUB|CP047121.1_2501	LH500|CP044119.1_2300
FLUB|CP047121.1_2501	DSM20176|AZDF01000049.1_4
FLUB|CP047121.1_2501	MGYG|ENA|CABKOL020000104|CABKOL020000104.1_83
FLUB|CP047121.1_2661	FLUB|CP047121.1_2661
FLUB|CP047121.1_2693	FLUB|CP047121.1_2693
FLUB|CP047121.1_2693	MGYG|ENA|CABKOL020000106|CABKOL020000106.1_109
FLUB|CP047121.1_2757	FLUB|CP047121.1_2757
FLUB|CP047121.1_2757	LH500|CP044119.1_2485
FLUB|CP047121.1_2757	LMG07934|CP050262.1_2608
FLUB|CP047121.1_2757	DSM20176|AZDF01000022.1_25
FLUB|CP047121.1_2757	MGYG|ENA|CABKOL020000106|CABKOL020000106.1_170
FLUB|CP047121.1_2789	FLUB|CP047121.1_2789
FLUB|CP047121.1_2789	LH500|CP044119.1_2513
FLUB|CP047121.1_2789	LMG07934|CP050262.1_2637
FLUB|CP047121.1_2789	DSM20176|AZDF01000034.1_17
FLUB|CP047121.1_2789	MGYG|ENA|CABKOL020000106|CABKOL020000106.1_202
FLUB|CP047121.1_2821	FLUB|CP047121.1_2821
FLUB|CP047121.1_2821	LMG07934|CP050262.1_2671
FLUB|CP047121.1_2821	DSM20176|AZDF01000028.1_16
FLUB|CP047121.1_2821	LH500|CP044119.1_2543
FLUB|CP047121.1_2821	MGYG|ENA|CABKOL020000106|CABKOL020000106.1_234
FLUB|CP047121.1_2853	FLUB|CP047121.1_2853
FLUB|CP047121.1_2853	LH500|CP044119.1_2579
FLUB|CP047121.1_2853	LMG07934|CP050262.1_2705
FLUB|CP047121.1_2853	DSM20176|AZDF01000024.1_23
FLUB|CP047121.1_2853	MGYG|ENA|CABKOL020000106|CABKOL020000106.1_266
FLUB|CP047122.1_24	FLUB|CP047122.1_24
FLUB|CP047123.1_8	FLUB|CP047123.1_8
FLUB|CP047124.1_1	FLUB|CP047124.1_1
FLUB|CP047124.1_33	FLUB|CP047124.1_33
LMG07934|CP050262.1_14	LMG07934|CP050262.1_14
LMG07934|CP050262.1_14	DSM20176|AZDF01000006.1_91
LMG07934|CP050262.1_14	FLUB|CP047121.1_14
LMG07934|CP050262.1_14	LH500|CP044119.1_32
LMG07934|CP050262.1_14	MGYG|ENA|CABKOL020000106|CABKOL020000106.1_288
LMG07934|CP050262.1_238	LMG07934|CP050262.1_238
LMG07934|CP050262.1_302	LMG07934|CP050262.1_302
LMG07934|CP050262.1_302	MGYG|ENA|CABKOL020000106|CABKOL020000106.1_591
LMG07934|CP050262.1_302	DSM20176|AZDF01000036.1_16
LMG07934|CP050262.1_302	LH500|CP044119.1_327
LMG07934|CP050262.1_302	FLUB|CP047121.1_314
LMG07934|CP050262.1_366	LMG07934|CP050262.1_366
LMG07934|CP050262.1_366	LMG07934|CP050262.1_718
LMG07934|CP050262.1_366	LH500|CP044119.1_311
LMG07934|CP050262.1_366	DSM20176|AZDF01000097.1_2
LMG07934|CP050262.1_366	LH500|CP044119.1_123
LMG07934|CP050262.1_366	LMG07934|CP050262.1_1791
LMG07934|CP050262.1_366	LMG07934|CP050262.1_97
LMG07934|CP050262.1_366	LMG07934|CP050262.1_610
LMG07934|CP050262.1_366	LMG07934|CP050262.1_707
LMG07934|CP050262.1_366	LH500|CP044119.1_271
LMG07934|CP050262.1_398	LMG07934|CP050262.1_398
LMG07934|CP050262.1_430	LMG07934|CP050262.1_430
LMG07934|CP050262.1_430	FLUB|CP047121.1_468
LMG07934|CP050262.1_430	DSM20176|AZDF01000003.1_62
LMG07934|CP050262.1_430	LH500|CP044119.1_458
LMG07934|CP050262.1_430	MGYG|ENA|CABKOL020000106|CABKOL020000106.1_744
LMG07934|CP050262.1_462	LMG07934|CP050262.1_462
LMG07934|CP050262.1_462	FLUB|CP047121.1_497
LMG07934|CP050262.1_462	DSM20176|AZDF01000003.1_32
LMG07934|CP050262.1_462	LH500|CP044119.1_488
LMG07934|CP050262.1_462	MGYG|ENA|CABKOL020000106|CABKOL020000106.1_773
LMG07934|CP050262.1_494	LMG07934|CP050262.1_494
LMG07934|CP050262.1_494	FLUB|CP047121.1_530
LMG07934|CP050262.1_494	LH500|CP044119.1_520
LMG07934|CP050262.1_494	DSM20176|AZDF01000003.1_1
LMG07934|CP050262.1_494	MGYG|ENA|CABKOL020000106|CABKOL020000106.1_804
LMG07934|CP050262.1_590	LMG07934|CP050262.1_590
LMG07934|CP050262.1_590	LH500|CP044119.1_637
LMG07934|CP050262.1_590	DSM20176|AZDF01000044.1_11
LMG07934|CP050262.1_622	LMG07934|CP050262.1_622
LMG07934|CP050262.1_654	LMG07934|CP050262.1_654
LMG07934|CP050262.1_686	LMG07934|CP050262.1_686
LMG07934|CP050262.1_750	LMG07934|CP050262.1_750
LMG07934|CP050262.1_750	DSM20176|AZDF01000054.1_12
LMG07934|CP050262.1_750	LH500|CP044119.1_715
LMG07934|CP050262.1_782	LMG07934|CP050262.1_782
LMG07934|CP050262.1_782	LH500|CP044119.1_757
LMG07934|CP050262.1_782	MGYG|ENA|CABKOL020000106|CABKOL020000106.1_1175
LMG07934|CP050262.1_782	FLUB|CP047121.1_958
LMG07934|CP050262.1_782	DSM20176|AZDF01000031.1_9
LMG07934|CP050262.1_1006	LMG07934|CP050262.1_1006
LMG07934|CP050262.1_1006	LH500|CP044119.1_979
LMG07934|CP050262.1_1006	FLUB|CP047121.1_1197
LMG07934|CP050262.1_1006	MGYG|ENA|CABKOL020000095|CABKOL020000095.1_105
LMG07934|CP050262.1_1006	DSM20176|AZDF01000005.1_9
LMG07934|CP050262.1_1166	LMG07934|CP050262.1_1166
LMG07934|CP050262.1_1166	MGYG|ENA|CABKOL020000102|CABKOL020000102.1_154
LMG07934|CP050262.1_1166	LH500|CP044119.1_1144
LMG07934|CP050262.1_1166	DSM20176|AZDF01000002.1_70
LMG07934|CP050262.1_1166	FLUB|CP047121.1_1359
LMG07934|CP050262.1_1230	LMG07934|CP050262.1_1230
LMG07934|CP050262.1_1230	MGYG|ENA|CABKOL020000102|CABKOL020000102.1_220
LMG07934|CP050262.1_1230	LH500|CP044119.1_1208
LMG07934|CP050262.1_1230	DSM20176|AZDF01000002.1_7
LMG07934|CP050262.1_1230	FLUB|CP047121.1_1424
LMG07934|CP050262.1_1454	LMG07934|CP050262.1_1454
LMG07934|CP050262.1_2062	LMG07934|CP050262.1_2062
LMG07934|CP050262.1_2062	DSM20176|AZDF01000001.1_204
LMG07934|CP050262.1_2062	FLUB|CP047121.1_2244
LMG07934|CP050262.1_2062	LH500|CP044119.1_2059
LMG07934|CP050262.1_2062	MGYG|ENA|CABKOL020000104|CABKOL020000104.1_341
LMG07934|CP050262.1_2190	LMG07934|CP050262.1_2190
LMG07934|CP050262.1_2190	DSM20176|AZDF01000033.1_22
LMG07934|CP050262.1_2190	FLUB|CP047121.1_2380
LMG07934|CP050262.1_2190	MGYG|ENA|CABKOL020000104|CABKOL020000104.1_205
LMG07934|CP050262.1_2190	LH500|CP044119.1_2089
LMG07934|CP050262.1_2286	LMG07934|CP050262.1_2286
LMG07934|CP050262.1_2350	LMG07934|CP050262.1_2350
LMG07934|CP050262.1_2350	DSM20176|AZDF01000009.1_24
LMG07934|CP050262.1_2350	LH500|CP044119.1_2253
LMG07934|CP050262.1_1250	LMG07934|CP050262.1_1250
LMG07934|CP050262.1_1282	LMG07934|CP050262.1_1282
LMG07934|CP050262.1_1314	LMG07934|CP050262.1_1314
LMG07934|CP050262.1_2114	LMG07934|CP050262.1_2114
LMG07934|CP050262.1_2178	LMG07934|CP050262.1_2178
LMG07934|CP050262.1_2274	LMG07934|CP050262.1_2274
LMG07934|CP050262.1_2402	LMG07934|CP050262.1_2402
LMG07934|CP050262.1_2530	LMG07934|CP050262.1_2530
LMG07934|CP050262.1_2530	MGYG|ENA|CABKOL020000106|CABKOL020000106.1_67
LMG07934|CP050262.1_2530	FLUB|CP047121.1_2651
LH500|CP044119.1_297	LH500|CP044119.1_297
LH500|CP044119.1_297	DSM20176|AZDF01000019.1_25
LH500|CP044119.1_425	LH500|CP044119.1_425
LH500|CP044119.1_585	LH500|CP044119.1_585
LH500|CP044119.1_585	DSM20176|AZDF01000010.1_65
LH500|CP044119.1_649	LH500|CP044119.1_649
LH500|CP044119.1_649	DSM20176|AZDF01000050.1_8
LH500|CP044119.1_713	LH500|CP044119.1_713
LH500|CP044119.1_713	DSM20176|AZDF01000027.1_27
LH500|CP044119.1_1673	LH500|CP044119.1_1673
LH500|CP044119.1_1673	DSM20176|AZDF01000055.1_11
LH500|CP044119.1_1801	LH500|CP044119.1_1801
LH500|CP044119.1_1801	DSM20176|AZDF01000053.1_2
LH500|CP044119.1_1833	LH500|CP044119.1_1833
LH500|CP044119.1_1833	DSM20176|AZDF01000026.1_19
LH500|CP044119.1_2409	LH500|CP044119.1_2409
MGYG|ENA|CABKOL020000020|CABKOL020000020.1_1	MGYG|ENA|CABKOL020000020|CABKOL020000020.1_1
MGYG|ENA|CABKOL020000059|CABKOL020000059.1_1	MGYG|ENA|CABKOL020000059|CABKOL020000059.1_1
MGYG|ENA|CABKOL020000084|CABKOL020000084.1_1	MGYG|ENA|CABKOL020000084|CABKOL020000084.1_1
MGYG|ENA|CABKOL020000100|CABKOL020000100.1_18	MGYG|ENA|CABKOL020000100|CABKOL020000100.1_18
MGYG|ENA|CABKOL020000102|CABKOL020000102.1_206	MGYG|ENA|CABKOL020000102|CABKOL020000102.1_206
MGYG|ENA|CABKOL020000102|CABKOL020000102.1_334	MGYG|ENA|CABKOL020000102|CABKOL020000102.1_334
MGYG|ENA|CABKOL020000102|CABKOL020000102.1_334	FLUB|CP047121.1_1537
MGYG|ENA|CABKOL020000102|CABKOL020000102.1_366	MGYG|ENA|CABKOL020000102|CABKOL020000102.1_366
MGYG|ENA|CABKOL020000102|CABKOL020000102.1_366	FLUB|CP047121.1_1569
MGYG|ENA|CABKOL020000102|CABKOL020000102.1_366	LH500|CP044119.1_1368
MGYG|ENA|CABKOL020000102|CABKOL020000102.1_366	LMG07934|CP050262.1_1459
MGYG|ENA|CABKOL020000102|CABKOL020000102.1_366	DSM20176|AZDF01000008.1_58
MGYG|ENA|CABKOL020000102|CABKOL020000102.1_654	MGYG|ENA|CABKOL020000102|CABKOL020000102.1_654
MGYG|ENA|CABKOL020000103|CABKOL020000103.1_15	MGYG|ENA|CABKOL020000103|CABKOL020000103.1_15
MGYG|ENA|CABKOL020000104|CABKOL020000104.1_50	MGYG|ENA|CABKOL020000104|CABKOL020000104.1_50
MGYG|ENA|CABKOL020000104|CABKOL020000104.1_50	FLUB|CP047121.1_2534
MGYG|ENA|CABKOL020000104|CABKOL020000104.1_274	MGYG|ENA|CABKOL020000104|CABKOL020000104.1_274
MGYG|ENA|CABKOL020000104|CABKOL020000104.1_274	FLUB|CP047121.1_2311
MGYG|ENA|CABKOL020000104|CABKOL020000104.1_306	MGYG|ENA|CABKOL020000104|CABKOL020000104.1_306
MGYG|ENA|CABKOL020000104|CABKOL020000104.1_306	LMG07934|CP050262.1_2094
MGYG|ENA|CABKOL020000104|CABKOL020000104.1_306	FLUB|CP047121.1_2279
MGYG|ENA|CABKOL020000104|CABKOL020000104.1_402	MGYG|ENA|CABKOL020000104|CABKOL020000104.1_402
MGYG|ENA|CABKOL020000104|CABKOL020000104.1_402	FLUB|CP047121.1_2183
MGYG|ENA|CABKOL020000105|CABKOL020000105.1_12	MGYG|ENA|CABKOL020000105|CABKOL020000105.1_12
MGYG|ENA|CABKOL020000106|CABKOL020000106.1_643	MGYG|ENA|CABKOL020000106|CABKOL020000106.1_643
MGYG|ENA|CABKOL020000106|CABKOL020000106.1_643	FLUB|CP047121.1_366
MGYG|ENA|CABKOL020000106|CABKOL020000106.1_675	MGYG|ENA|CABKOL020000106|CABKOL020000106.1_675
MGYG|ENA|CABKOL020000106|CABKOL020000106.1_675	FLUB|CP047121.1_399
MGYG|ENA|CABKOL020000106|CABKOL020000106.1_899	MGYG|ENA|CABKOL020000106|CABKOL020000106.1_899
MGYG|ENA|CABKOL020000106|CABKOL020000106.1_899	FLUB|CP047121.1_688
MGYG|ENA|CABKOL020000106|CABKOL020000106.1_931	MGYG|ENA|CABKOL020000106|CABKOL020000106.1_931
MGYG|ENA|CABKOL020000106|CABKOL020000106.1_931	FLUB|CP047121.1_718
MGYG|ENA|CABKOL020000106|CABKOL020000106.1_963	MGYG|ENA|CABKOL020000106|CABKOL020000106.1_963
MGYG|ENA|CABKOL020000106|CABKOL020000106.1_963	DSM20176|AZDF01000039.1_16
MGYG|ENA|CABKOL020000106|CABKOL020000106.1_963	FLUB|CP047121.1_751
MGYG|ENA|CABKOL020000106|CABKOL020000106.1_1027	MGYG|ENA|CABKOL020000106|CABKOL020000106.1_1027
MGYG|ENA|CABKOL020000106|CABKOL020000106.1_1027	FLUB|CP047121.1_815
MGYG|ENA|CABKOL020000106|CABKOL020000106.1_1123	MGYG|ENA|CABKOL020000106|CABKOL020000106.1_1123
MGYG|ENA|CABKOL020000106|CABKOL020000106.1_1123	FLUB|CP047121.1_908
MGYG|ENA|CABKOL020000106|CABKOL020000106.1_1219	MGYG|ENA|CABKOL020000106|CABKOL020000106.1_1219
MGYG|ENA|CABKOL020000106|CABKOL020000106.1_1219	FLUB|CP047121.1_1002
DSM20176|AZDF01000102.1_1	DSM20176|AZDF01000102.1_1
DSM20176|AZDF01000113.1_1	DSM20176|AZDF01000113.1_1
DSM20176|AZDF01000113.1_1	LH500|CP044119.1_1661
DSM20176|AZDF01000026.1_25	DSM20176|AZDF01000026.1_25
DSM20176|AZDF01000026.1_25	LH500|CP044119.1_1827
DSM20176|AZDF01000003.1_66	DSM20176|AZDF01000003.1_66
DSM20176|AZDF01000003.1_66	LMG07934|CP050262.1_426
DSM20176|AZDF01000003.1_66	LH500|CP044119.1_454
DSM20176|AZDF01000032.1_4	DSM20176|AZDF01000032.1_4
DSM20176|AZDF01000032.1_4	LH500|CP044119.1_2115
DSM20176|AZDF01000034.1_12	DSM20176|AZDF01000034.1_12
DSM20176|AZDF01000034.1_12	MGYG|ENA|CABKOL020000106|CABKOL020000106.1_197
DSM20176|AZDF01000034.1_12	LH500|CP044119.1_2508
DSM20176|AZDF01000034.1_12	FLUB|CP047121.1_2784
DSM20176|AZDF01000034.1_12	LMG07934|CP050262.1_2633
DSM20176|AZDF01000039.1_6	DSM20176|AZDF01000039.1_6
DSM20176|AZDF01000039.1_6	LH500|CP044119.1_610
DSM20176|AZDF01000044.1_10	DSM20176|AZDF01000044.1_10
DSM20176|AZDF01000044.1_10	LH500|CP044119.1_636
DSM20176|AZDF01000058.1_1	DSM20176|AZDF01000058.1_1
DSM20176|AZDF01000062.1_5	DSM20176|AZDF01000062.1_5
DSM20176|AZDF01000062.1_5	LH500|CP044119.1_994
DSM20176|AZDF01000079.1_1	DSM20176|AZDF01000079.1_1
DSM20176|AZDF01000079.1_1	LH500|CP044119.1_2290
DSM20176|AZDF01000008.1_62	DSM20176|AZDF01000008.1_62
DSM20176|AZDF01000008.1_62	LH500|CP044119.1_1364
DSM20176|AZDF01000009.1_1	DSM20176|AZDF01000009.1_1
DSM20176|AZDF01000009.1_33	DSM20176|AZDF01000009.1_33
DSM20176|AZDF01000009.1_33	LH500|CP044119.1_2244
DSM20176|AZDF01000090.1_1	DSM20176|AZDF01000090.1_1
DSM20176|AZDF01000090.1_1	LH500|CP044119.1_624
FLUB|CP047121.1_58	FLUB|CP047121.1_58
FLUB|CP047121.1_58	MGYG|ENA|CABKOL020000106|CABKOL020000106.1_332
FLUB|CP047121.1_154	FLUB|CP047121.1_154
FLUB|CP047121.1_154	MGYG|ENA|CABKOL020000106|CABKOL020000106.1_428
FLUB|CP047121.1_218	FLUB|CP047121.1_218
FLUB|CP047121.1_218	MGYG|ENA|CABKOL020000106|CABKOL020000106.1_494
FLUB|CP047121.1_282	FLUB|CP047121.1_282
FLUB|CP047121.1_282	MGYG|ENA|CABKOL020000106|CABKOL020000106.1_558
FLUB|CP047121.1_378	FLUB|CP047121.1_378
FLUB|CP047121.1_378	MGYG|ENA|CABKOL020000106|CABKOL020000106.1_654
FLUB|CP047121.1_506	FLUB|CP047121.1_506
FLUB|CP047121.1_506	MGYG|ENA|CABKOL020000106|CABKOL020000106.1_781
FLUB|CP047121.1_506	LMG07934|CP050262.1_470
FLUB|CP047121.1_506	DSM20176|AZDF01000003.1_24
FLUB|CP047121.1_506	LH500|CP044119.1_496
FLUB|CP047121.1_570	FLUB|CP047121.1_570
FLUB|CP047121.1_602	FLUB|CP047121.1_602
FLUB|CP047121.1_634	FLUB|CP047121.1_634
FLUB|CP047121.1_634	MGYG|ENA|CABKOL020000106|CABKOL020000106.1_844
FLUB|CP047121.1_698	FLUB|CP047121.1_698
FLUB|CP047121.1_698	MGYG|ENA|CABKOL020000106|CABKOL020000106.1_908
FLUB|CP047121.1_730	FLUB|CP047121.1_730
FLUB|CP047121.1_730	MGYG|ENA|CABKOL020000106|CABKOL020000106.1_943
FLUB|CP047121.1_762	FLUB|CP047121.1_762
FLUB|CP047121.1_762	MGYG|ENA|CABKOL020000106|CABKOL020000106.1_974
FLUB|CP047121.1_794	FLUB|CP047121.1_794
FLUB|CP047121.1_794	MGYG|ENA|CABKOL020000106|CABKOL020000106.1_1005
FLUB|CP047121.1_826	FLUB|CP047121.1_826
FLUB|CP047121.1_826	MGYG|ENA|CABKOL020000106|CABKOL020000106.1_1039
FLUB|CP047121.1_858	FLUB|CP047121.1_858
FLUB|CP047121.1_858	MGYG|ENA|CABKOL020000106|CABKOL020000106.1_1072
FLUB|CP047121.1_890	FLUB|CP047121.1_890
FLUB|CP047121.1_890	MGYG|ENA|CABKOL020000106|CABKOL020000106.1_1105
FLUB|CP047121.1_922	FLUB|CP047121.1_922
FLUB|CP047121.1_922	MGYG|ENA|CABKOL020000106|CABKOL020000106.1_1137
FLUB|CP047121.1_1050	FLUB|CP047121.1_1050
FLUB|CP047121.1_1050	MGYG|ENA|CABKOL020000106|CABKOL020000106.1_1268
FLUB|CP047121.1_1114	FLUB|CP047121.1_1114
FLUB|CP047121.1_1114	MGYG|ENA|CABKOL020000095|CABKOL020000095.1_21
FLUB|CP047121.1_1562	FLUB|CP047121.1_1562
FLUB|CP047121.1_1562	LMG07934|CP050262.1_1451
FLUB|CP047121.1_1562	MGYG|ENA|CABKOL020000102|CABKOL020000102.1_359
FLUB|CP047121.1_1914	FLUB|CP047121.1_1914
FLUB|CP047121.1_1946	FLUB|CP047121.1_1946
FLUB|CP047121.1_2490	FLUB|CP047121.1_2490
FLUB|CP047121.1_2490	MGYG|ENA|CABKOL020000104|CABKOL020000104.1_94
FLUB|CP047121.1_2522	FLUB|CP047121.1_2522
FLUB|CP047121.1_2522	MGYG|ENA|CABKOL020000104|CABKOL020000104.1_62
FLUB|CP047121.1_2618	FLUB|CP047121.1_2618
FLUB|CP047121.1_2618	MGYG|ENA|CABKOL020000106|CABKOL020000106.1_34
FLUB|CP047121.1_2650	FLUB|CP047121.1_2650
FLUB|CP047121.1_2650	MGYG|ENA|CABKOL020000106|CABKOL020000106.1_66
FLUB|CP047121.1_2714	FLUB|CP047121.1_2714
FLUB|CP047121.1_2714	MGYG|ENA|CABKOL020000106|CABKOL020000106.1_128
FLUB|CP047122.1_13	FLUB|CP047122.1_13
FLUB|CP047122.1_13	DSM20176|AZDF01000061.1_4
FLUB|CP047122.1_45	FLUB|CP047122.1_45
FLUB|CP047123.1_29	FLUB|CP047123.1_29
FLUB|CP047124.1_22	FLUB|CP047124.1_22
LMG07934|CP050262.1_131	LMG07934|CP050262.1_131
LMG07934|CP050262.1_515	LMG07934|CP050262.1_515
LMG07934|CP050262.1_579	LMG07934|CP050262.1_579
LMG07934|CP050262.1_643	LMG07934|CP050262.1_643
LMG07934|CP050262.1_675	LMG07934|CP050262.1_675
LMG07934|CP050262.1_1251	LMG07934|CP050262.1_1251
LMG07934|CP050262.1_1283	LMG07934|CP050262.1_1283
LMG07934|CP050262.1_1443	LMG07934|CP050262.1_1443
LMG07934|CP050262.1_1443	DSM20176|AZDF01000008.1_73
LMG07934|CP050262.1_1443	LH500|CP044119.1_1353
LMG07934|CP050262.1_1443	FLUB|CP047121.1_1555
LMG07934|CP050262.1_1443	MGYG|ENA|CABKOL020000102|CABKOL020000102.1_352
LMG07934|CP050262.1_1763	LMG07934|CP050262.1_1763
LMG07934|CP050262.1_1763	MGYG|ENA|CABKOL020000102|CABKOL020000102.1_676
LMG07934|CP050262.1_1763	FLUB|CP047121.1_1879
LMG07934|CP050262.1_1763	LH500|CP044119.1_1706
LMG07934|CP050262.1_1763	DSM20176|AZDF01000014.1_23
LMG07934|CP050262.1_2083	LMG07934|CP050262.1_2083
LMG07934|CP050262.1_2275	LMG07934|CP050262.1_2275
LMG07934|CP050262.1_2339	LMG07934|CP050262.1_2339
LMG07934|CP050262.1_2531	LMG07934|CP050262.1_2531
LH500|CP044119.1_266	LH500|CP044119.1_266
LH500|CP044119.1_266	DSM20176|AZDF01000071.1_4
LH500|CP044119.1_394	LH500|CP044119.1_394
LH500|CP044119.1_394	DSM20176|AZDF01000003.1_125
LH500|CP044119.1_586	LH500|CP044119.1_586
LH500|CP044119.1_586	DSM20176|AZDF01000010.1_66
LH500|CP044119.1_746	LH500|CP044119.1_746
LH500|CP044119.1_746	DSM20176|AZDF01000069.1_3
LH500|CP044119.1_778	LH500|CP044119.1_778
LH500|CP044119.1_1802	LH500|CP044119.1_1802
LH500|CP044119.1_1802	DSM20176|AZDF01000053.1_3
LH500|CP044119.1_1834	LH500|CP044119.1_1834
LH500|CP044119.1_1834	DSM20176|AZDF01000026.1_18
LH500|CP044119.1_2186	LH500|CP044119.1_2186
LH500|CP044119.1_2186	DSM20176|AZDF01000009.1_91
LH500|CP044119.1_2410	LH500|CP044119.1_2410
LH500|CP044119.1_2410	DSM20176|AZDF01000058.1_2
LH500|CP044119.1_2410	LMG07934|CP050262.1_2532
LH500|CP044119.1_2410	MGYG|ENA|CABKOL020000106|CABKOL020000106.1_69
LH500|CP044119.1_2410	FLUB|CP047121.1_2653
MGYG|ENA|CABKOL020000021|CABKOL020000021.1_1	MGYG|ENA|CABKOL020000021|CABKOL020000021.1_1
MGYG|ENA|CABKOL020000060|CABKOL020000060.1_1	MGYG|ENA|CABKOL020000060|CABKOL020000060.1_1
MGYG|ENA|CABKOL020000084|CABKOL020000084.1_2	MGYG|ENA|CABKOL020000084|CABKOL020000084.1_2
MGYG|ENA|CABKOL020000100|CABKOL020000100.1_19	MGYG|ENA|CABKOL020000100|CABKOL020000100.1_19
MGYG|ENA|CABKOL020000102|CABKOL020000102.1_623	MGYG|ENA|CABKOL020000102|CABKOL020000102.1_623
MGYG|ENA|CABKOL020000103|CABKOL020000103.1_16	MGYG|ENA|CABKOL020000103|CABKOL020000103.1_16
MGYG|ENA|CABKOL020000104|CABKOL020000104.1_51	MGYG|ENA|CABKOL020000104|CABKOL020000104.1_51
MGYG|ENA|CABKOL020000104|CABKOL020000104.1_51	FLUB|CP047121.1_2533
MGYG|ENA|CABKOL020000104|CABKOL020000104.1_275	MGYG|ENA|CABKOL020000104|CABKOL020000104.1_275
MGYG|ENA|CABKOL020000104|CABKOL020000104.1_275	FLUB|CP047121.1_2310
MGYG|ENA|CABKOL020000104|CABKOL020000104.1_307	MGYG|ENA|CABKOL020000104|CABKOL020000104.1_307
MGYG|ENA|CABKOL020000104|CABKOL020000104.1_307	LMG07934|CP050262.1_2093
MGYG|ENA|CABKOL020000104|CABKOL020000104.1_307	FLUB|CP047121.1_2278
MGYG|ENA|CABKOL020000104|CABKOL020000104.1_403	MGYG|ENA|CABKOL020000104|CABKOL020000104.1_403
MGYG|ENA|CABKOL020000104|CABKOL020000104.1_403	FLUB|CP047121.1_2182
MGYG|ENA|CABKOL020000105|CABKOL020000105.1_13	MGYG|ENA|CABKOL020000105|CABKOL020000105.1_13
MGYG|ENA|CABKOL020000106|CABKOL020000106.1_420	MGYG|ENA|CABKOL020000106|CABKOL020000106.1_420
MGYG|ENA|CABKOL020000106|CABKOL020000106.1_420	FLUB|CP047121.1_146
MGYG|ENA|CABKOL020000106|CABKOL020000106.1_484	MGYG|ENA|CABKOL020000106|CABKOL020000106.1_484
MGYG|ENA|CABKOL020000106|CABKOL020000106.1_644	MGYG|ENA|CABKOL020000106|CABKOL020000106.1_644
MGYG|ENA|CABKOL020000106|CABKOL020000106.1_644	FLUB|CP047121.1_367
MGYG|ENA|CABKOL020000106|CABKOL020000106.1_676	MGYG|ENA|CABKOL020000106|CABKOL020000106.1_676
MGYG|ENA|CABKOL020000106|CABKOL020000106.1_676	FLUB|CP047121.1_400
MGYG|ENA|CABKOL020000106|CABKOL020000106.1_708	MGYG|ENA|CABKOL020000106|CABKOL020000106.1_708
MGYG|ENA|CABKOL020000106|CABKOL020000106.1_708	FLUB|CP047121.1_432
MGYG|ENA|CABKOL020000106|CABKOL020000106.1_740	MGYG|ENA|CABKOL020000106|CABKOL020000106.1_740
MGYG|ENA|CABKOL020000106|CABKOL020000106.1_740	FLUB|CP047121.1_464
MGYG|ENA|CABKOL020000106|CABKOL020000106.1_836	MGYG|ENA|CABKOL020000106|CABKOL020000106.1_836
MGYG|ENA|CABKOL020000106|CABKOL020000106.1_836	LMG07934|CP050262.1_525
MGYG|ENA|CABKOL020000106|CABKOL020000106.1_836	FLUB|CP047121.1_627
MGYG|ENA|CABKOL020000106|CABKOL020000106.1_900	MGYG|ENA|CABKOL020000106|CABKOL020000106.1_900
MGYG|ENA|CABKOL020000106|CABKOL020000106.1_900	FLUB|CP047121.1_689
MGYG|ENA|CABKOL020000106|CABKOL020000106.1_932	MGYG|ENA|CABKOL020000106|CABKOL020000106.1_932
MGYG|ENA|CABKOL020000106|CABKOL020000106.1_932	FLUB|CP047121.1_719
MGYG|ENA|CABKOL020000106|CABKOL020000106.1_964	MGYG|ENA|CABKOL020000106|CABKOL020000106.1_964
MGYG|ENA|CABKOL020000106|CABKOL020000106.1_964	FLUB|CP047121.1_752
MGYG|ENA|CABKOL020000106|CABKOL020000106.1_996	MGYG|ENA|CABKOL020000106|CABKOL020000106.1_996
MGYG|ENA|CABKOL020000106|CABKOL020000106.1_996	FLUB|CP047121.1_784
MGYG|ENA|CABKOL020000106|CABKOL020000106.1_1028	MGYG|ENA|CABKOL020000106|CABKOL020000106.1_1028
MGYG|ENA|CABKOL020000106|CABKOL020000106.1_1028	FLUB|CP047121.1_816
MGYG|ENA|CABKOL020000106|CABKOL020000106.1_1060	MGYG|ENA|CABKOL020000106|CABKOL020000106.1_1060
MGYG|ENA|CABKOL020000106|CABKOL020000106.1_1124	MGYG|ENA|CABKOL020000106|CABKOL020000106.1_1124
MGYG|ENA|CABKOL020000106|CABKOL020000106.1_1124	FLUB|CP047121.1_909
MGYG|ENA|CABKOL020000106|CABKOL020000106.1_1156	MGYG|ENA|CABKOL020000106|CABKOL020000106.1_1156
MGYG|ENA|CABKOL020000106|CABKOL020000106.1_1156	FLUB|CP047121.1_941
DSM20176|AZDF01000102.1_2	DSM20176|AZDF01000102.1_2
DSM20176|AZDF01000102.1_2	LH500|CP044119.1_1216
DSM20176|AZDF01000114.1_1	DSM20176|AZDF01000114.1_1
DSM20176|AZDF01000016.1_26	DSM20176|AZDF01000016.1_26
DSM20176|AZDF01000016.1_26	LMG07934|CP050262.1_826
DSM20176|AZDF01000016.1_26	LH500|CP044119.1_801
DSM20176|AZDF01000026.1_26	DSM20176|AZDF01000026.1_26
DSM20176|AZDF01000026.1_26	LH500|CP044119.1_1826
DSM20176|AZDF01000003.1_3	DSM20176|AZDF01000003.1_3
DSM20176|AZDF01000003.1_3	LH500|CP044119.1_518
DSM20176|AZDF01000037.1_13	DSM20176|AZDF01000037.1_13
DSM20176|AZDF01000037.1_13	LH500|CP044119.1_837
DSM20176|AZDF01000051.1_12	DSM20176|AZDF01000051.1_12
DSM20176|AZDF01000051.1_12	LH500|CP044119.1_663
DSM20176|AZDF01000006.1_80	DSM20176|AZDF01000006.1_80
DSM20176|AZDF01000006.1_80	MGYG|ENA|CABKOL020000106|CABKOL020000106.1_300
DSM20176|AZDF01000006.1_80	LMG07934|CP050262.1_25
DSM20176|AZDF01000006.1_80	FLUB|CP047121.1_26
DSM20176|AZDF01000006.1_80	LH500|CP044119.1_43
DSM20176|AZDF01000063.1_1	DSM20176|AZDF01000063.1_1
DSM20176|AZDF01000063.1_1	LH500|CP044119.1_599
DSM20176|AZDF01000007.1_1	DSM20176|AZDF01000007.1_1
DSM20176|AZDF01000007.1_1	LH500|CP044119.1_259
DSM20176|AZDF01000007.1_97	DSM20176|AZDF01000007.1_97
DSM20176|AZDF01000007.1_97	LMG07934|CP050262.1_142
DSM20176|AZDF01000007.1_97	LH500|CP044119.1_163
DSM20176|AZDF01000008.1_63	DSM20176|AZDF01000008.1_63
DSM20176|AZDF01000008.1_63	LH500|CP044119.1_1363
DSM20176|AZDF01000009.1_2	DSM20176|AZDF01000009.1_2
DSM20176|AZDF01000009.1_2	LH500|CP044119.1_2275
FLUB|CP047121.1_379	FLUB|CP047121.1_379
FLUB|CP047121.1_379	MGYG|ENA|CABKOL020000106|CABKOL020000106.1_655
FLUB|CP047121.1_571	FLUB|CP047121.1_571
FLUB|CP047121.1_603	FLUB|CP047121.1_603
FLUB|CP047121.1_635	FLUB|CP047121.1_635
FLUB|CP047121.1_635	MGYG|ENA|CABKOL020000106|CABKOL020000106.1_845
FLUB|CP047121.1_731	FLUB|CP047121.1_731
FLUB|CP047121.1_731	MGYG|ENA|CABKOL020000106|CABKOL020000106.1_944
FLUB|CP047121.1_827	FLUB|CP047121.1_827
FLUB|CP047121.1_827	MGYG|ENA|CABKOL020000106|CABKOL020000106.1_1040
FLUB|CP047121.1_923	FLUB|CP047121.1_923
FLUB|CP047121.1_923	MGYG|ENA|CABKOL020000106|CABKOL020000106.1_1138
FLUB|CP047121.1_955	FLUB|CP047121.1_955
FLUB|CP047121.1_955	MGYG|ENA|CABKOL020000106|CABKOL020000106.1_1172
FLUB|CP047121.1_1051	FLUB|CP047121.1_1051
FLUB|CP047121.1_1723	FLUB|CP047121.1_1723
FLUB|CP047121.1_1723	MGYG|ENA|CABKOL020000102|CABKOL020000102.1_520
FLUB|CP047121.1_1915	FLUB|CP047121.1_1915
FLUB|CP047121.1_1947	FLUB|CP047121.1_1947
FLUB|CP047121.1_2299	FLUB|CP047121.1_2299
FLUB|CP047121.1_2299	MGYG|ENA|CABKOL020000104|CABKOL020000104.1_286
FLUB|CP047121.1_2427	FLUB|CP047121.1_2427
FLUB|CP047121.1_2427	MGYG|ENA|CABKOL020000104|CABKOL020000104.1_156
FLUB|CP047121.1_2459	FLUB|CP047121.1_2459
FLUB|CP047121.1_2459	MGYG|ENA|CABKOL020000104|CABKOL020000104.1_125
FLUB|CP047121.1_2523	FLUB|CP047121.1_2523
FLUB|CP047121.1_2523	MGYG|ENA|CABKOL020000104|CABKOL020000104.1_61
FLUB|CP047121.1_2619	FLUB|CP047121.1_2619
FLUB|CP047121.1_2619	MGYG|ENA|CABKOL020000106|CABKOL020000106.1_35
FLUB|CP047121.1_2715	FLUB|CP047121.1_2715
FLUB|CP047121.1_2715	MGYG|ENA|CABKOL020000106|CABKOL020000106.1_129
FLUB|CP047121.1_2843	FLUB|CP047121.1_2843
FLUB|CP047121.1_2843	MGYG|ENA|CABKOL020000106|CABKOL020000106.1_256
FLUB|CP047122.1_14	FLUB|CP047122.1_14
FLUB|CP047123.1_30	FLUB|CP047123.1_30
FLUB|CP047124.1_23	FLUB|CP047124.1_23
LMG07934|CP050262.1_516	LMG07934|CP050262.1_516
LMG07934|CP050262.1_580	LMG07934|CP050262.1_580
LMG07934|CP050262.1_644	LMG07934|CP050262.1_644
LMG07934|CP050262.1_676	LMG07934|CP050262.1_676
LMG07934|CP050262.1_772	LMG07934|CP050262.1_772
LMG07934|CP050262.1_772	MGYG|ENA|CABKOL020000106|CABKOL020000106.1_1165
LMG07934|CP050262.1_772	FLUB|CP047121.1_949
LMG07934|CP050262.1_772	DSM20176|AZDF01000069.1_1
LMG07934|CP050262.1_772	LH500|CP044119.1_748
LMG07934|CP050262.1_1252	LMG07934|CP050262.1_1252
LMG07934|CP050262.1_1284	LMG07934|CP050262.1_1284
LMG07934|CP050262.1_2404	LMG07934|CP050262.1_2404
LMG07934|CP050262.1_2628	LMG07934|CP050262.1_2628
LH500|CP044119.1_107	LH500|CP044119.1_107
LH500|CP044119.1_107	DSM20176|AZDF01000006.1_16
LH500|CP044119.1_203	LH500|CP044119.1_203
LH500|CP044119.1_203	DSM20176|AZDF01000007.1_57
LH500|CP044119.1_587	LH500|CP044119.1_587
LH500|CP044119.1_587	DSM20176|AZDF01000010.1_67
LH500|CP044119.1_619	LH500|CP044119.1_619
LH500|CP044119.1_1035	LH500|CP044119.1_1035
LH500|CP044119.1_1035	DSM20176|AZDF01000002.1_179
LH500|CP044119.1_1803	LH500|CP044119.1_1803
LH500|CP044119.1_1803	DSM20176|AZDF01000053.1_4
LH500|CP044119.1_1835	LH500|CP044119.1_1835
LH500|CP044119.1_1835	DSM20176|AZDF01000026.1_17
LH500|CP044119.1_2187	LH500|CP044119.1_2187
LH500|CP044119.1_2187	DSM20176|AZDF01000009.1_90
LH500|CP044119.1_2411	LH500|CP044119.1_2411
LH500|CP044119.1_2411	DSM20176|AZDF01000058.1_3
LH500|CP044119.1_2411	LMG07934|CP050262.1_2533
LH500|CP044119.1_2411	MGYG|ENA|CABKOL020000106|CABKOL020000106.1_70
LH500|CP044119.1_2411	FLUB|CP047121.1_2654
MGYG|ENA|CABKOL020000023|CABKOL020000023.1_1	MGYG|ENA|CABKOL020000023|CABKOL020000023.1_1
MGYG|ENA|CABKOL020000084|CABKOL020000084.1_3	MGYG|ENA|CABKOL020000084|CABKOL020000084.1_3
MGYG|ENA|CABKOL020000100|CABKOL020000100.1_20	MGYG|ENA|CABKOL020000100|CABKOL020000100.1_20
MGYG|ENA|CABKOL020000102|CABKOL020000102.1_624	MGYG|ENA|CABKOL020000102|CABKOL020000102.1_624
MGYG|ENA|CABKOL020000103|CABKOL020000103.1_17	MGYG|ENA|CABKOL020000103|CABKOL020000103.1_17
MGYG|ENA|CABKOL020000104|CABKOL020000104.1_52	MGYG|ENA|CABKOL020000104|CABKOL020000104.1_52
MGYG|ENA|CABKOL020000104|CABKOL020000104.1_52	FLUB|CP047121.1_2532
MGYG|ENA|CABKOL020000104|CABKOL020000104.1_276	MGYG|ENA|CABKOL020000104|CABKOL020000104.1_276
MGYG|ENA|CABKOL020000104|CABKOL020000104.1_276	FLUB|CP047121.1_2309
MGYG|ENA|CABKOL020000104|CABKOL020000104.1_308	MGYG|ENA|CABKOL020000104|CABKOL020000104.1_308
MGYG|ENA|CABKOL020000104|CABKOL020000104.1_308	LMG07934|CP050262.1_2092
MGYG|ENA|CABKOL020000104|CABKOL020000104.1_308	FLUB|CP047121.1_2277
MGYG|ENA|CABKOL020000104|CABKOL020000104.1_372	MGYG|ENA|CABKOL020000104|CABKOL020000104.1_372
MGYG|ENA|CABKOL020000104|CABKOL020000104.1_372	FLUB|CP047121.1_2213
MGYG|ENA|CABKOL020000104|CABKOL020000104.1_372	DSM20176|AZDF01000001.1_177
MGYG|ENA|CABKOL020000104|CABKOL020000104.1_372	LMG07934|CP050262.1_2034
MGYG|ENA|CABKOL020000104|CABKOL020000104.1_372	LH500|CP044119.1_2031
MGYG|ENA|CABKOL020000105|CABKOL020000105.1_14	MGYG|ENA|CABKOL020000105|CABKOL020000105.1_14
MGYG|ENA|CABKOL020000106|CABKOL020000106.1_133	MGYG|ENA|CABKOL020000106|CABKOL020000106.1_133
MGYG|ENA|CABKOL020000106|CABKOL020000106.1_133	LMG07934|CP050262.1_2570
MGYG|ENA|CABKOL020000106|CABKOL020000106.1_133	FLUB|CP047121.1_2719
MGYG|ENA|CABKOL020000106|CABKOL020000106.1_165	MGYG|ENA|CABKOL020000106|CABKOL020000106.1_165
MGYG|ENA|CABKOL020000106|CABKOL020000106.1_165	LMG07934|CP050262.1_2603
MGYG|ENA|CABKOL020000106|CABKOL020000106.1_165	DSM20176|AZDF01000022.1_20
MGYG|ENA|CABKOL020000106|CABKOL020000106.1_165	FLUB|CP047121.1_2752
MGYG|ENA|CABKOL020000106|CABKOL020000106.1_165	LH500|CP044119.1_2480
MGYG|ENA|CABKOL020000106|CABKOL020000106.1_293	MGYG|ENA|CABKOL020000106|CABKOL020000106.1_293
MGYG|ENA|CABKOL020000106|CABKOL020000106.1_293	FLUB|CP047121.1_19
MGYG|ENA|CABKOL020000106|CABKOL020000106.1_293	DSM20176|AZDF01000006.1_86
MGYG|ENA|CABKOL020000106|CABKOL020000106.1_293	LMG07934|CP050262.1_19
MGYG|ENA|CABKOL020000106|CABKOL020000106.1_293	LH500|CP044119.1_37
MGYG|ENA|CABKOL020000106|CABKOL020000106.1_325	MGYG|ENA|CABKOL020000106|CABKOL020000106.1_325
MGYG|ENA|CABKOL020000106|CABKOL020000106.1_325	FLUB|CP047121.1_51
MGYG|ENA|CABKOL020000106|CABKOL020000106.1_421	MGYG|ENA|CABKOL020000106|CABKOL020000106.1_421
MGYG|ENA|CABKOL020000106|CABKOL020000106.1_421	FLUB|CP047121.1_147
MGYG|ENA|CABKOL020000106|CABKOL020000106.1_485	MGYG|ENA|CABKOL020000106|CABKOL020000106.1_485
MGYG|ENA|CABKOL020000106|CABKOL020000106.1_485	FLUB|CP047121.1_209
MGYG|ENA|CABKOL020000106|CABKOL020000106.1_645	MGYG|ENA|CABKOL020000106|CABKOL020000106.1_645
MGYG|ENA|CABKOL020000106|CABKOL020000106.1_805	MGYG|ENA|CABKOL020000106|CABKOL020000106.1_805
MGYG|ENA|CABKOL020000106|CABKOL020000106.1_901	MGYG|ENA|CABKOL020000106|CABKOL020000106.1_901
MGYG|ENA|CABKOL020000106|CABKOL020000106.1_901	FLUB|CP047121.1_690
MGYG|ENA|CABKOL020000106|CABKOL020000106.1_933	MGYG|ENA|CABKOL020000106|CABKOL020000106.1_933
MGYG|ENA|CABKOL020000106|CABKOL020000106.1_933	FLUB|CP047121.1_720
MGYG|ENA|CABKOL020000106|CABKOL020000106.1_965	MGYG|ENA|CABKOL020000106|CABKOL020000106.1_965
MGYG|ENA|CABKOL020000106|CABKOL020000106.1_965	FLUB|CP047121.1_753
MGYG|ENA|CABKOL020000106|CABKOL020000106.1_997	MGYG|ENA|CABKOL020000106|CABKOL020000106.1_997
MGYG|ENA|CABKOL020000106|CABKOL020000106.1_997	FLUB|CP047121.1_785
MGYG|ENA|CABKOL020000106|CABKOL020000106.1_1029	MGYG|ENA|CABKOL020000106|CABKOL020000106.1_1029
MGYG|ENA|CABKOL020000106|CABKOL020000106.1_1029	FLUB|CP047121.1_817
MGYG|ENA|CABKOL020000106|CABKOL020000106.1_1061	MGYG|ENA|CABKOL020000106|CABKOL020000106.1_1061
MGYG|ENA|CABKOL020000106|CABKOL020000106.1_1061	FLUB|CP047121.1_847
MGYG|ENA|CABKOL020000106|CABKOL020000106.1_1125	MGYG|ENA|CABKOL020000106|CABKOL020000106.1_1125
MGYG|ENA|CABKOL020000106|CABKOL020000106.1_1125	FLUB|CP047121.1_910
MGYG|ENA|CABKOL020000106|CABKOL020000106.1_1157	MGYG|ENA|CABKOL020000106|CABKOL020000106.1_1157
MGYG|ENA|CABKOL020000106|CABKOL020000106.1_1157	FLUB|CP047121.1_942
MGYG|ENA|CABKOL020000106|CABKOL020000106.1_1253	MGYG|ENA|CABKOL020000106|CABKOL020000106.1_1253
MGYG|ENA|CABKOL020000106|CABKOL020000106.1_1253	FLUB|CP047121.1_1035
MGYG|ENA|CABKOL020000106|CABKOL020000106.1_1285	MGYG|ENA|CABKOL020000106|CABKOL020000106.1_1285
MGYG|ENA|CABKOL020000106|CABKOL020000106.1_1285	LMG07934|CP050262.1_875
MGYG|ENA|CABKOL020000106|CABKOL020000106.1_1285	FLUB|CP047121.1_1065
DSM20176|AZDF01000116.1_1	DSM20176|AZDF01000116.1_1
DSM20176|AZDF01000022.1_1	DSM20176|AZDF01000022.1_1
DSM20176|AZDF01000022.1_1	LMG07934|CP050262.1_2582
DSM20176|AZDF01000022.1_1	LH500|CP044119.1_2461
DSM20176|AZDF01000022.1_1	FLUB|CP047121.1_2731
DSM20176|AZDF01000022.1_1	MGYG|ENA|CABKOL020000106|CABKOL020000106.1_145
DSM20176|AZDF01000025.1_26	DSM20176|AZDF01000025.1_26
DSM20176|AZDF01000025.1_26	LH500|CP044119.1_1618
DSM20176|AZDF01000026.1_27	DSM20176|AZDF01000026.1_27
DSM20176|AZDF01000026.1_27	LH500|CP044119.1_1825
DSM20176|AZDF01000027.1_20	DSM20176|AZDF01000027.1_20
DSM20176|AZDF01000027.1_20	LH500|CP044119.1_706
DSM20176|AZDF01000039.1_8	DSM20176|AZDF01000039.1_8
DSM20176|AZDF01000039.1_8	LH500|CP044119.1_612
DSM20176|AZDF01000042.1_1	DSM20176|AZDF01000042.1_1
DSM20176|AZDF01000042.1_1	LMG07934|CP050262.1_1856
DSM20176|AZDF01000042.1_1	LH500|CP044119.1_1799
DSM20176|AZDF01000044.1_12	DSM20176|AZDF01000044.1_12
DSM20176|AZDF01000044.1_12	LMG07934|CP050262.1_591
DSM20176|AZDF01000044.1_12	LH500|CP044119.1_638
DSM20176|AZDF01000055.1_1	DSM20176|AZDF01000055.1_1
DSM20176|AZDF01000055.1_1	LH500|CP044119.1_1663
DSM20176|AZDF01000006.1_17	DSM20176|AZDF01000006.1_17
DSM20176|AZDF01000006.1_17	LMG07934|CP050262.1_85
DSM20176|AZDF01000006.1_17	LH500|CP044119.1_106
DSM20176|AZDF01000063.1_2	DSM20176|AZDF01000063.1_2
DSM20176|AZDF01000063.1_2	LH500|CP044119.1_598
DSM20176|AZDF01000007.1_98	DSM20176|AZDF01000007.1_98
DSM20176|AZDF01000007.1_98	LMG07934|CP050262.1_141
DSM20176|AZDF01000007.1_98	LH500|CP044119.1_162
DSM20176|AZDF01000092.1_1	DSM20176|AZDF01000092.1_1
DSM20176|AZDF01000092.1_1	LH500|CP044119.1_667
FLUB|CP047121.1_60	FLUB|CP047121.1_60
FLUB|CP047121.1_60	MGYG|ENA|CABKOL020000106|CABKOL020000106.1_335
FLUB|CP047121.1_380	FLUB|CP047121.1_380
FLUB|CP047121.1_380	MGYG|ENA|CABKOL020000106|CABKOL020000106.1_656
FLUB|CP047121.1_572	FLUB|CP047121.1_572
FLUB|CP047121.1_604	FLUB|CP047121.1_604
FLUB|CP047121.1_636	FLUB|CP047121.1_636
FLUB|CP047121.1_636	MGYG|ENA|CABKOL020000106|CABKOL020000106.1_846
FLUB|CP047121.1_668	FLUB|CP047121.1_668
FLUB|CP047121.1_668	MGYG|ENA|CABKOL020000106|CABKOL020000106.1_879
FLUB|CP047121.1_700	FLUB|CP047121.1_700
FLUB|CP047121.1_700	MGYG|ENA|CABKOL020000106|CABKOL020000106.1_911
FLUB|CP047121.1_732	FLUB|CP047121.1_732
FLUB|CP047121.1_732	MGYG|ENA|CABKOL020000106|CABKOL020000106.1_945
FLUB|CP047121.1_796	FLUB|CP047121.1_796
FLUB|CP047121.1_796	MGYG|ENA|CABKOL020000106|CABKOL020000106.1_1007
FLUB|CP047121.1_828	FLUB|CP047121.1_828
FLUB|CP047121.1_828	MGYG|ENA|CABKOL020000106|CABKOL020000106.1_1041
FLUB|CP047121.1_924	FLUB|CP047121.1_924
FLUB|CP047121.1_924	MGYG|ENA|CABKOL020000106|CABKOL020000106.1_1139
FLUB|CP047121.1_1052	FLUB|CP047121.1_1052
FLUB|CP047121.1_1052	MGYG|ENA|CABKOL020000106|CABKOL020000106.1_1271
FLUB|CP047121.1_1244	FLUB|CP047121.1_1244
FLUB|CP047121.1_1244	MGYG|ENA|CABKOL020000102|CABKOL020000102.1_38
FLUB|CP047121.1_1372	FLUB|CP047121.1_1372
FLUB|CP047121.1_1372	MGYG|ENA|CABKOL020000102|CABKOL020000102.1_167
FLUB|CP047121.1_1788	FLUB|CP047121.1_1788
FLUB|CP047121.1_1788	MGYG|ENA|CABKOL020000102|CABKOL020000102.1_585
FLUB|CP047121.1_1916	FLUB|CP047121.1_1916
FLUB|CP047121.1_1948	FLUB|CP047121.1_1948
FLUB|CP047121.1_2364	FLUB|CP047121.1_2364
FLUB|CP047121.1_2364	MGYG|ENA|CABKOL020000104|CABKOL020000104.1_221
FLUB|CP047121.1_2428	FLUB|CP047121.1_2428
FLUB|CP047121.1_2428	MGYG|ENA|CABKOL020000104|CABKOL020000104.1_155
FLUB|CP047121.1_2620	FLUB|CP047121.1_2620
FLUB|CP047121.1_2620	MGYG|ENA|CABKOL020000106|CABKOL020000106.1_36
FLUB|CP047121.1_2652	FLUB|CP047121.1_2652
FLUB|CP047121.1_2652	MGYG|ENA|CABKOL020000106|CABKOL020000106.1_68
FLUB|CP047121.1_2716	FLUB|CP047121.1_2716
FLUB|CP047121.1_2716	MGYG|ENA|CABKOL020000106|CABKOL020000106.1_130
FLUB|CP047121.1_2844	FLUB|CP047121.1_2844
FLUB|CP047121.1_2844	MGYG|ENA|CABKOL020000106|CABKOL020000106.1_257
FLUB|CP047121.1_2844	DSM20176|AZDF01000024.1_13
FLUB|CP047121.1_2844	LH500|CP044119.1_2569
FLUB|CP047121.1_2844	LMG07934|CP050262.1_2696
FLUB|CP047122.1_15	FLUB|CP047122.1_15
FLUB|CP047122.1_47	FLUB|CP047122.1_47
FLUB|CP047122.1_47	MGYG|ENA|CABKOL020000101|CABKOL020000101.1_10
FLUB|CP047123.1_31	FLUB|CP047123.1_31
FLUB|CP047124.1_24	FLUB|CP047124.1_24
LMG07934|CP050262.1_133	LMG07934|CP050262.1_133
LMG07934|CP050262.1_357	LMG07934|CP050262.1_357
LMG07934|CP050262.1_581	LMG07934|CP050262.1_581
LMG07934|CP050262.1_613	LMG07934|CP050262.1_613
LMG07934|CP050262.1_645	LMG07934|CP050262.1_645
LMG07934|CP050262.1_677	LMG07934|CP050262.1_677
LMG07934|CP050262.1_1253	LMG07934|CP050262.1_1253
LMG07934|CP050262.1_1285	LMG07934|CP050262.1_1285
LMG07934|CP050262.1_1317	LMG07934|CP050262.1_1317
LMG07934|CP050262.1_1317	MGYG|ENA|CABKOL020000102|CABKOL020000102.1_227
LMG07934|CP050262.1_2213	LMG07934|CP050262.1_2213
LH500|CP044119.1_204	LH500|CP044119.1_204
LH500|CP044119.1_204	DSM20176|AZDF01000007.1_56
LH500|CP044119.1_396	LH500|CP044119.1_396
LH500|CP044119.1_396	DSM20176|AZDF01000003.1_123
LH500|CP044119.1_524	LH500|CP044119.1_524
LH500|CP044119.1_524	LMG07934|CP050262.1_498
LH500|CP044119.1_524	DSM20176|AZDF01000010.1_4
LH500|CP044119.1_556	LH500|CP044119.1_556
LH500|CP044119.1_556	DSM20176|AZDF01000010.1_36
LH500|CP044119.1_588	LH500|CP044119.1_588
LH500|CP044119.1_588	DSM20176|AZDF01000010.1_68
LH500|CP044119.1_620	LH500|CP044119.1_620
LH500|CP044119.1_652	LH500|CP044119.1_652
LH500|CP044119.1_652	DSM20176|AZDF01000051.1_1
LH500|CP044119.1_684	LH500|CP044119.1_684
LH500|CP044119.1_684	DSM20176|AZDF01000068.1_5
LH500|CP044119.1_1324	LH500|CP044119.1_1324
LH500|CP044119.1_1324	DSM20176|AZDF01000038.1_14
LH500|CP044119.1_1804	LH500|CP044119.1_1804
LH500|CP044119.1_1804	DSM20176|AZDF01000053.1_5
LH500|CP044119.1_1836	LH500|CP044119.1_1836
LH500|CP044119.1_1836	DSM20176|AZDF01000026.1_16
LH500|CP044119.1_2220	LH500|CP044119.1_2220
LH500|CP044119.1_2220	DSM20176|AZDF01000009.1_57
LH500|CP044119.1_2252	LH500|CP044119.1_2252
LH500|CP044119.1_2252	LMG07934|CP050262.1_2347
LH500|CP044119.1_2252	DSM20176|AZDF01000009.1_25
LH500|CP044119.1_2412	LH500|CP044119.1_2412
LH500|CP044119.1_2412	DSM20176|AZDF01000058.1_4
LH500|CP044119.1_2412	LMG07934|CP050262.1_2534
LH500|CP044119.1_2412	MGYG|ENA|CABKOL020000106|CABKOL020000106.1_71
LH500|CP044119.1_2412	FLUB|CP047121.1_2655
MGYG|ENA|CABKOL020000024|CABKOL020000024.1_1	MGYG|ENA|CABKOL020000024|CABKOL020000024.1_1
MGYG|ENA|CABKOL020000060|CABKOL020000060.1_3	MGYG|ENA|CABKOL020000060|CABKOL020000060.1_3
MGYG|ENA|CABKOL020000085|CABKOL020000085.1_1	MGYG|ENA|CABKOL020000085|CABKOL020000085.1_1
MGYG|ENA|CABKOL020000085|CABKOL020000085.1_1	FLUB|CP047121.1_368
MGYG|ENA|CABKOL020000100|CABKOL020000100.1_21	MGYG|ENA|CABKOL020000100|CABKOL020000100.1_21
MGYG|ENA|CABKOL020000102|CABKOL020000102.1_337	MGYG|ENA|CABKOL020000102|CABKOL020000102.1_337
MGYG|ENA|CABKOL020000102|CABKOL020000102.1_337	FLUB|CP047121.1_1540
MGYG|ENA|CABKOL020000102|CABKOL020000102.1_593	MGYG|ENA|CABKOL020000102|CABKOL020000102.1_593
MGYG|ENA|CABKOL020000102|CABKOL020000102.1_593	FLUB|CP047121.1_1796
MGYG|ENA|CABKOL020000103|CABKOL020000103.1_18	MGYG|ENA|CABKOL020000103|CABKOL020000103.1_18
MGYG|ENA|CABKOL020000104|CABKOL020000104.1_53	MGYG|ENA|CABKOL020000104|CABKOL020000104.1_53
MGYG|ENA|CABKOL020000104|CABKOL020000104.1_53	FLUB|CP047121.1_2531
MGYG|ENA|CABKOL020000104|CABKOL020000104.1_85	MGYG|ENA|CABKOL020000104|CABKOL020000104.1_85
MGYG|ENA|CABKOL020000104|CABKOL020000104.1_85	FLUB|CP047121.1_2499
MGYG|ENA|CABKOL020000104|CABKOL020000104.1_309	MGYG|ENA|CABKOL020000104|CABKOL020000104.1_309
MGYG|ENA|CABKOL020000104|CABKOL020000104.1_309	LMG07934|CP050262.1_2091
MGYG|ENA|CABKOL020000104|CABKOL020000104.1_309	FLUB|CP047121.1_2276
MGYG|ENA|CABKOL020000105|CABKOL020000105.1_15	MGYG|ENA|CABKOL020000105|CABKOL020000105.1_15
MGYG|ENA|CABKOL020000106|CABKOL020000106.1_166	MGYG|ENA|CABKOL020000106|CABKOL020000106.1_166
MGYG|ENA|CABKOL020000106|CABKOL020000106.1_166	FLUB|CP047121.1_2753
MGYG|ENA|CABKOL020000106|CABKOL020000106.1_326	MGYG|ENA|CABKOL020000106|CABKOL020000106.1_326
MGYG|ENA|CABKOL020000106|CABKOL020000106.1_326	FLUB|CP047121.1_52
MGYG|ENA|CABKOL020000106|CABKOL020000106.1_358	MGYG|ENA|CABKOL020000106|CABKOL020000106.1_358
MGYG|ENA|CABKOL020000106|CABKOL020000106.1_358	FLUB|CP047121.1_83
MGYG|ENA|CABKOL020000106|CABKOL020000106.1_422	MGYG|ENA|CABKOL020000106|CABKOL020000106.1_422
MGYG|ENA|CABKOL020000106|CABKOL020000106.1_422	FLUB|CP047121.1_148
MGYG|ENA|CABKOL020000106|CABKOL020000106.1_486	MGYG|ENA|CABKOL020000106|CABKOL020000106.1_486
MGYG|ENA|CABKOL020000106|CABKOL020000106.1_486	FLUB|CP047121.1_210
MGYG|ENA|CABKOL020000106|CABKOL020000106.1_582	MGYG|ENA|CABKOL020000106|CABKOL020000106.1_582
MGYG|ENA|CABKOL020000106|CABKOL020000106.1_582	FLUB|CP047121.1_305
MGYG|ENA|CABKOL020000106|CABKOL020000106.1_646	MGYG|ENA|CABKOL020000106|CABKOL020000106.1_646
MGYG|ENA|CABKOL020000106|CABKOL020000106.1_646	FLUB|CP047121.1_370
MGYG|ENA|CABKOL020000106|CABKOL020000106.1_806	MGYG|ENA|CABKOL020000106|CABKOL020000106.1_806
MGYG|ENA|CABKOL020000106|CABKOL020000106.1_806	FLUB|CP047121.1_531
MGYG|ENA|CABKOL020000106|CABKOL020000106.1_870	MGYG|ENA|CABKOL020000106|CABKOL020000106.1_870
MGYG|ENA|CABKOL020000106|CABKOL020000106.1_870	FLUB|CP047121.1_659
MGYG|ENA|CABKOL020000106|CABKOL020000106.1_902	MGYG|ENA|CABKOL020000106|CABKOL020000106.1_902
MGYG|ENA|CABKOL020000106|CABKOL020000106.1_902	FLUB|CP047121.1_691
MGYG|ENA|CABKOL020000106|CABKOL020000106.1_934	MGYG|ENA|CABKOL020000106|CABKOL020000106.1_934
MGYG|ENA|CABKOL020000106|CABKOL020000106.1_934	FLUB|CP047121.1_721
MGYG|ENA|CABKOL020000106|CABKOL020000106.1_966	MGYG|ENA|CABKOL020000106|CABKOL020000106.1_966
MGYG|ENA|CABKOL020000106|CABKOL020000106.1_966	FLUB|CP047121.1_754
MGYG|ENA|CABKOL020000106|CABKOL020000106.1_998	MGYG|ENA|CABKOL020000106|CABKOL020000106.1_998
MGYG|ENA|CABKOL020000106|CABKOL020000106.1_998	FLUB|CP047121.1_786
MGYG|ENA|CABKOL020000106|CABKOL020000106.1_1030	MGYG|ENA|CABKOL020000106|CABKOL020000106.1_1030
MGYG|ENA|CABKOL020000106|CABKOL020000106.1_1030	FLUB|CP047121.1_818
MGYG|ENA|CABKOL020000106|CABKOL020000106.1_1062	MGYG|ENA|CABKOL020000106|CABKOL020000106.1_1062
MGYG|ENA|CABKOL020000106|CABKOL020000106.1_1062	FLUB|CP047121.1_848
MGYG|ENA|CABKOL020000106|CABKOL020000106.1_1158	MGYG|ENA|CABKOL020000106|CABKOL020000106.1_1158
MGYG|ENA|CABKOL020000106|CABKOL020000106.1_1158	FLUB|CP047121.1_943
MGYG|ENA|CABKOL020000106|CABKOL020000106.1_1254	MGYG|ENA|CABKOL020000106|CABKOL020000106.1_1254
MGYG|ENA|CABKOL020000106|CABKOL020000106.1_1254	FLUB|CP047121.1_1036
MGYG|ENA|CABKOL020000106|CABKOL020000106.1_1286	MGYG|ENA|CABKOL020000106|CABKOL020000106.1_1286
MGYG|ENA|CABKOL020000106|CABKOL020000106.1_1286	FLUB|CP047121.1_1066
DSM20176|AZDF01000001.1_134	DSM20176|AZDF01000001.1_134
DSM20176|AZDF01000001.1_134	LH500|CP044119.1_1988
DSM20176|AZDF01000104.1_1	DSM20176|AZDF01000104.1_1
DSM20176|AZDF01000104.1_1	LH500|CP044119.1_1678
DSM20176|AZDF01000117.1_1	DSM20176|AZDF01000117.1_1
DSM20176|AZDF01000015.1_39	DSM20176|AZDF01000015.1_39
DSM20176|AZDF01000015.1_39	LMG07934|CP050262.1_2542
DSM20176|AZDF01000015.1_39	LH500|CP044119.1_2422
DSM20176|AZDF01000025.1_27	DSM20176|AZDF01000025.1_27
DSM20176|AZDF01000025.1_27	LH500|CP044119.1_1619
DSM20176|AZDF01000026.1_28	DSM20176|AZDF01000026.1_28
DSM20176|AZDF01000026.1_28	LH500|CP044119.1_1824
DSM20176|AZDF01000033.1_9	DSM20176|AZDF01000033.1_9
DSM20176|AZDF01000033.1_9	LH500|CP044119.1_2102
DSM20176|AZDF01000039.1_9	DSM20176|AZDF01000039.1_9
DSM20176|AZDF01000044.1_13	DSM20176|AZDF01000044.1_13
DSM20176|AZDF01000044.1_13	LMG07934|CP050262.1_592
DSM20176|AZDF01000044.1_13	LH500|CP044119.1_639
DSM20176|AZDF01000052.1_1	DSM20176|AZDF01000052.1_1
DSM20176|AZDF01000055.1_2	DSM20176|AZDF01000055.1_2
DSM20176|AZDF01000055.1_2	LH500|CP044119.1_1664
DSM20176|AZDF01000006.1_18	DSM20176|AZDF01000006.1_18
DSM20176|AZDF01000006.1_18	LMG07934|CP050262.1_84
DSM20176|AZDF01000006.1_18	LH500|CP044119.1_105
DSM20176|AZDF01000063.1_3	DSM20176|AZDF01000063.1_3
DSM20176|AZDF01000063.1_3	LH500|CP044119.1_597
DSM20176|AZDF01000009.1_68	DSM20176|AZDF01000009.1_68
DSM20176|AZDF01000009.1_68	LH500|CP044119.1_2209
FLUB|CP047121.1_61	FLUB|CP047121.1_61
FLUB|CP047121.1_61	MGYG|ENA|CABKOL020000106|CABKOL020000106.1_336
FLUB|CP047121.1_381	FLUB|CP047121.1_381
FLUB|CP047121.1_381	MGYG|ENA|CABKOL020000106|CABKOL020000106.1_657
FLUB|CP047121.1_445	FLUB|CP047121.1_445
FLUB|CP047121.1_445	MGYG|ENA|CABKOL020000106|CABKOL020000106.1_721
FLUB|CP047121.1_445	LH500|CP044119.1_436
FLUB|CP047121.1_445	DSM20176|AZDF01000003.1_84
FLUB|CP047121.1_445	LMG07934|CP050262.1_412
FLUB|CP047121.1_573	FLUB|CP047121.1_573
FLUB|CP047121.1_605	FLUB|CP047121.1_605
FLUB|CP047121.1_637	FLUB|CP047121.1_637
FLUB|CP047121.1_637	MGYG|ENA|CABKOL020000106|CABKOL020000106.1_847
FLUB|CP047121.1_669	FLUB|CP047121.1_669
FLUB|CP047121.1_669	MGYG|ENA|CABKOL020000106|CABKOL020000106.1_880
FLUB|CP047121.1_797	FLUB|CP047121.1_797
FLUB|CP047121.1_797	MGYG|ENA|CABKOL020000106|CABKOL020000106.1_1008
FLUB|CP047121.1_829	FLUB|CP047121.1_829
FLUB|CP047121.1_829	MGYG|ENA|CABKOL020000106|CABKOL020000106.1_1042
FLUB|CP047121.1_861	FLUB|CP047121.1_861
FLUB|CP047121.1_861	MGYG|ENA|CABKOL020000106|CABKOL020000106.1_1075
FLUB|CP047121.1_1021	FLUB|CP047121.1_1021
FLUB|CP047121.1_1021	MGYG|ENA|CABKOL020000106|CABKOL020000106.1_1239
FLUB|CP047121.1_1053	FLUB|CP047121.1_1053
FLUB|CP047121.1_1053	MGYG|ENA|CABKOL020000106|CABKOL020000106.1_1272
FLUB|CP047121.1_1245	FLUB|CP047121.1_1245
FLUB|CP047121.1_1245	MGYG|ENA|CABKOL020000102|CABKOL020000102.1_39
FLUB|CP047121.1_1565	FLUB|CP047121.1_1565
FLUB|CP047121.1_1565	MGYG|ENA|CABKOL020000102|CABKOL020000102.1_362
FLUB|CP047121.1_1917	FLUB|CP047121.1_1917
FLUB|CP047121.1_1949	FLUB|CP047121.1_1949
FLUB|CP047121.1_2237	FLUB|CP047121.1_2237
FLUB|CP047121.1_2237	MGYG|ENA|CABKOL020000104|CABKOL020000104.1_348
FLUB|CP047121.1_2333	FLUB|CP047121.1_2333
FLUB|CP047121.1_2333	MGYG|ENA|CABKOL020000104|CABKOL020000104.1_252
FLUB|CP047121.1_2365	FLUB|CP047121.1_2365
FLUB|CP047121.1_2365	MGYG|ENA|CABKOL020000104|CABKOL020000104.1_220
FLUB|CP047121.1_2461	FLUB|CP047121.1_2461
FLUB|CP047121.1_2461	MGYG|ENA|CABKOL020000104|CABKOL020000104.1_123
FLUB|CP047121.1_2493	FLUB|CP047121.1_2493
FLUB|CP047121.1_2493	MGYG|ENA|CABKOL020000104|CABKOL020000104.1_91
FLUB|CP047121.1_2525	FLUB|CP047121.1_2525
FLUB|CP047121.1_2525	MGYG|ENA|CABKOL020000104|CABKOL020000104.1_59
FLUB|CP047121.1_2717	FLUB|CP047121.1_2717
FLUB|CP047121.1_2717	MGYG|ENA|CABKOL020000106|CABKOL020000106.1_131
FLUB|CP047122.1_16	FLUB|CP047122.1_16
FLUB|CP047122.1_48	FLUB|CP047122.1_48
FLUB|CP047122.1_48	MGYG|ENA|CABKOL020000101|CABKOL020000101.1_11
FLUB|CP047123.1_32	FLUB|CP047123.1_32
FLUB|CP047124.1_25	FLUB|CP047124.1_25
LMG07934|CP050262.1_486	LMG07934|CP050262.1_486
LMG07934|CP050262.1_614	LMG07934|CP050262.1_614
LMG07934|CP050262.1_614	MGYG|ENA|CABKOL020000106|CABKOL020000106.1_992
LMG07934|CP050262.1_614	FLUB|CP047121.1_780
LMG07934|CP050262.1_646	LMG07934|CP050262.1_646
LMG07934|CP050262.1_678	LMG07934|CP050262.1_678
LMG07934|CP050262.1_710	LMG07934|CP050262.1_710
LMG07934|CP050262.1_710	LH500|CP044119.1_673
LMG07934|CP050262.1_710	DSM20176|AZDF01000056.1_6
LMG07934|CP050262.1_710	MGYG|ENA|CABKOL020000106|CABKOL020000106.1_1085
LMG07934|CP050262.1_710	FLUB|CP047121.1_870
LMG07934|CP050262.1_742	LMG07934|CP050262.1_742
LMG07934|CP050262.1_1254	LMG07934|CP050262.1_1254
LMG07934|CP050262.1_1286	LMG07934|CP050262.1_1286
LMG07934|CP050262.1_1414	LMG07934|CP050262.1_1414
LMG07934|CP050262.1_2118	LMG07934|CP050262.1_2118
LH500|CP044119.1_109	LH500|CP044119.1_109
LH500|CP044119.1_109	LMG07934|CP050262.1_89
LH500|CP044119.1_109	DSM20176|AZDF01000006.1_14
LH500|CP044119.1_237	LH500|CP044119.1_237
LH500|CP044119.1_237	DSM20176|AZDF01000007.1_23
LH500|CP044119.1_269	LH500|CP044119.1_269
LH500|CP044119.1_269	DSM20176|AZDF01000067.1_2
LH500|CP044119.1_397	LH500|CP044119.1_397
LH500|CP044119.1_397	DSM20176|AZDF01000003.1_122
LH500|CP044119.1_429	LH500|CP044119.1_429
LH500|CP044119.1_429	DSM20176|AZDF01000003.1_91
LH500|CP044119.1_621	LH500|CP044119.1_621
LH500|CP044119.1_621	DSM20176|AZDF01000039.1_17
LH500|CP044119.1_717	LH500|CP044119.1_717
LH500|CP044119.1_717	DSM20176|AZDF01000054.1_10
LH500|CP044119.1_1069	LH500|CP044119.1_1069
LH500|CP044119.1_1069	DSM20176|AZDF01000002.1_145
LH500|CP044119.1_1325	LH500|CP044119.1_1325
LH500|CP044119.1_1325	DSM20176|AZDF01000038.1_15
LH500|CP044119.1_1805	LH500|CP044119.1_1805
LH500|CP044119.1_1805	DSM20176|AZDF01000053.1_6
LH500|CP044119.1_1837	LH500|CP044119.1_1837
LH500|CP044119.1_1837	DSM20176|AZDF01000026.1_15
MGYG|ENA|CABKOL020000026|CABKOL020000026.1_1	MGYG|ENA|CABKOL020000026|CABKOL020000026.1_1
MGYG|ENA|CABKOL020000061|CABKOL020000061.1_1	MGYG|ENA|CABKOL020000061|CABKOL020000061.1_1
MGYG|ENA|CABKOL020000085|CABKOL020000085.1_2	MGYG|ENA|CABKOL020000085|CABKOL020000085.1_2
MGYG|ENA|CABKOL020000100|CABKOL020000100.1_22	MGYG|ENA|CABKOL020000100|CABKOL020000100.1_22
MGYG|ENA|CABKOL020000102|CABKOL020000102.1_338	MGYG|ENA|CABKOL020000102|CABKOL020000102.1_338
MGYG|ENA|CABKOL020000102|CABKOL020000102.1_338	FLUB|CP047121.1_1541
MGYG|ENA|CABKOL020000103|CABKOL020000103.1_19	MGYG|ENA|CABKOL020000103|CABKOL020000103.1_19
MGYG|ENA|CABKOL020000104|CABKOL020000104.1_54	MGYG|ENA|CABKOL020000104|CABKOL020000104.1_54
MGYG|ENA|CABKOL020000104|CABKOL020000104.1_54	FLUB|CP047121.1_2530
MGYG|ENA|CABKOL020000104|CABKOL020000104.1_86	MGYG|ENA|CABKOL020000104|CABKOL020000104.1_86
MGYG|ENA|CABKOL020000104|CABKOL020000104.1_86	FLUB|CP047121.1_2498
MGYG|ENA|CABKOL020000104|CABKOL020000104.1_182	MGYG|ENA|CABKOL020000104|CABKOL020000104.1_182
MGYG|ENA|CABKOL020000104|CABKOL020000104.1_182	FLUB|CP047121.1_2402
MGYG|ENA|CABKOL020000104|CABKOL020000104.1_310	MGYG|ENA|CABKOL020000104|CABKOL020000104.1_310
MGYG|ENA|CABKOL020000104|CABKOL020000104.1_310	LMG07934|CP050262.1_2090
MGYG|ENA|CABKOL020000104|CABKOL020000104.1_310	FLUB|CP047121.1_2275
MGYG|ENA|CABKOL020000104|CABKOL020000104.1_534	MGYG|ENA|CABKOL020000104|CABKOL020000104.1_534
MGYG|ENA|CABKOL020000104|CABKOL020000104.1_534	FLUB|CP047121.1_2051
MGYG|ENA|CABKOL020000105|CABKOL020000105.1_16	MGYG|ENA|CABKOL020000105|CABKOL020000105.1_16
MGYG|ENA|CABKOL020000106|CABKOL020000106.1_135	MGYG|ENA|CABKOL020000106|CABKOL020000106.1_135
MGYG|ENA|CABKOL020000106|CABKOL020000106.1_135	FLUB|CP047121.1_2721
MGYG|ENA|CABKOL020000106|CABKOL020000106.1_135	DSM20176|AZDF01000015.1_10
MGYG|ENA|CABKOL020000106|CABKOL020000106.1_135	LH500|CP044119.1_2450
MGYG|ENA|CABKOL020000106|CABKOL020000106.1_199	MGYG|ENA|CABKOL020000106|CABKOL020000106.1_199
MGYG|ENA|CABKOL020000106|CABKOL020000106.1_199	FLUB|CP047121.1_2786
MGYG|ENA|CABKOL020000106|CABKOL020000106.1_327	MGYG|ENA|CABKOL020000106|CABKOL020000106.1_327
MGYG|ENA|CABKOL020000106|CABKOL020000106.1_327	FLUB|CP047121.1_53
MGYG|ENA|CABKOL020000106|CABKOL020000106.1_423	MGYG|ENA|CABKOL020000106|CABKOL020000106.1_423
MGYG|ENA|CABKOL020000106|CABKOL020000106.1_423	FLUB|CP047121.1_149
MGYG|ENA|CABKOL020000106|CABKOL020000106.1_423	LMG07934|CP050262.1_136
MGYG|ENA|CABKOL020000106|CABKOL020000106.1_487	MGYG|ENA|CABKOL020000106|CABKOL020000106.1_487
MGYG|ENA|CABKOL020000106|CABKOL020000106.1_487	FLUB|CP047121.1_211
MGYG|ENA|CABKOL020000106|CABKOL020000106.1_583	MGYG|ENA|CABKOL020000106|CABKOL020000106.1_583
MGYG|ENA|CABKOL020000106|CABKOL020000106.1_583	FLUB|CP047121.1_306
MGYG|ENA|CABKOL020000106|CABKOL020000106.1_903	MGYG|ENA|CABKOL020000106|CABKOL020000106.1_903
MGYG|ENA|CABKOL020000106|CABKOL020000106.1_903	FLUB|CP047121.1_692
MGYG|ENA|CABKOL020000106|CABKOL020000106.1_935	MGYG|ENA|CABKOL020000106|CABKOL020000106.1_935
MGYG|ENA|CABKOL020000106|CABKOL020000106.1_935	FLUB|CP047121.1_722
MGYG|ENA|CABKOL020000106|CABKOL020000106.1_967	MGYG|ENA|CABKOL020000106|CABKOL020000106.1_967
MGYG|ENA|CABKOL020000106|CABKOL020000106.1_967	FLUB|CP047121.1_755
MGYG|ENA|CABKOL020000106|CABKOL020000106.1_999	MGYG|ENA|CABKOL020000106|CABKOL020000106.1_999
MGYG|ENA|CABKOL020000106|CABKOL020000106.1_999	FLUB|CP047121.1_788
MGYG|ENA|CABKOL020000106|CABKOL020000106.1_1031	MGYG|ENA|CABKOL020000106|CABKOL020000106.1_1031
MGYG|ENA|CABKOL020000106|CABKOL020000106.1_1031	FLUB|CP047121.1_819
MGYG|ENA|CABKOL020000106|CABKOL020000106.1_1127	MGYG|ENA|CABKOL020000106|CABKOL020000106.1_1127
MGYG|ENA|CABKOL020000106|CABKOL020000106.1_1127	FLUB|CP047121.1_912
MGYG|ENA|CABKOL020000106|CABKOL020000106.1_1159	MGYG|ENA|CABKOL020000106|CABKOL020000106.1_1159
MGYG|ENA|CABKOL020000106|CABKOL020000106.1_1159	FLUB|CP047121.1_944
DSM20176|AZDF01000107.1_1	DSM20176|AZDF01000107.1_1
DSM20176|AZDF01000119.1_1	DSM20176|AZDF01000119.1_1
DSM20176|AZDF01000119.1_1	LH500|CP044119.1_593
DSM20176|AZDF01000015.1_40	DSM20176|AZDF01000015.1_40
DSM20176|AZDF01000015.1_40	LH500|CP044119.1_2421
DSM20176|AZDF01000025.1_28	DSM20176|AZDF01000025.1_28
DSM20176|AZDF01000025.1_28	LH500|CP044119.1_1620
DSM20176|AZDF01000026.1_29	DSM20176|AZDF01000026.1_29
DSM20176|AZDF01000026.1_29	LH500|CP044119.1_1823
DSM20176|AZDF01000031.1_6	DSM20176|AZDF01000031.1_6
DSM20176|AZDF01000031.1_6	LMG07934|CP050262.1_779
DSM20176|AZDF01000031.1_6	LH500|CP044119.1_754
DSM20176|AZDF01000033.1_10	DSM20176|AZDF01000033.1_10
DSM20176|AZDF01000033.1_10	LH500|CP044119.1_2101
DSM20176|AZDF01000033.1_10	MGYG|ENA|CABKOL020000104|CABKOL020000104.1_194
DSM20176|AZDF01000033.1_10	LMG07934|CP050262.1_2202
DSM20176|AZDF01000033.1_10	FLUB|CP047121.1_2391
DSM20176|AZDF01000039.1_10	DSM20176|AZDF01000039.1_10
DSM20176|AZDF01000039.1_10	LH500|CP044119.1_614
DSM20176|AZDF01000044.1_14	DSM20176|AZDF01000044.1_14
DSM20176|AZDF01000044.1_14	LH500|CP044119.1_640
DSM20176|AZDF01000044.1_14	LMG07934|CP050262.1_593
DSM20176|AZDF01000047.1_9	DSM20176|AZDF01000047.1_9
DSM20176|AZDF01000047.1_9	LH500|CP044119.1_1342
DSM20176|AZDF01000052.1_2	DSM20176|AZDF01000052.1_2
DSM20176|AZDF01000055.1_3	DSM20176|AZDF01000055.1_3
DSM20176|AZDF01000055.1_3	LH500|CP044119.1_1665
DSM20176|AZDF01000006.1_19	DSM20176|AZDF01000006.1_19
DSM20176|AZDF01000006.1_19	LH500|CP044119.1_104
DSM20176|AZDF01000093.1_1	DSM20176|AZDF01000093.1_1
FLUB|CP047121.1_62	FLUB|CP047121.1_62
FLUB|CP047121.1_62	MGYG|ENA|CABKOL020000106|CABKOL020000106.1_337
FLUB|CP047121.1_286	FLUB|CP047121.1_286
FLUB|CP047121.1_286	MGYG|ENA|CABKOL020000106|CABKOL020000106.1_562
FLUB|CP047121.1_382	FLUB|CP047121.1_382
FLUB|CP047121.1_382	MGYG|ENA|CABKOL020000106|CABKOL020000106.1_658
FLUB|CP047121.1_542	FLUB|CP047121.1_542
FLUB|CP047121.1_542	MGYG|ENA|CABKOL020000106|CABKOL020000106.1_818
FLUB|CP047121.1_574	FLUB|CP047121.1_574
FLUB|CP047121.1_606	FLUB|CP047121.1_606
FLUB|CP047121.1_638	FLUB|CP047121.1_638
FLUB|CP047121.1_638	MGYG|ENA|CABKOL020000106|CABKOL020000106.1_848
FLUB|CP047121.1_638	LH500|CP044119.1_560
FLUB|CP047121.1_638	LMG07934|CP050262.1_536
FLUB|CP047121.1_638	DSM20176|AZDF01000010.1_40
FLUB|CP047121.1_670	FLUB|CP047121.1_670
FLUB|CP047121.1_670	MGYG|ENA|CABKOL020000106|CABKOL020000106.1_881
FLUB|CP047121.1_702	FLUB|CP047121.1_702
FLUB|CP047121.1_702	MGYG|ENA|CABKOL020000106|CABKOL020000106.1_913
FLUB|CP047121.1_734	FLUB|CP047121.1_734
FLUB|CP047121.1_734	MGYG|ENA|CABKOL020000106|CABKOL020000106.1_947
FLUB|CP047121.1_798	FLUB|CP047121.1_798
FLUB|CP047121.1_798	MGYG|ENA|CABKOL020000106|CABKOL020000106.1_1009
FLUB|CP047121.1_830	FLUB|CP047121.1_830
FLUB|CP047121.1_830	MGYG|ENA|CABKOL020000106|CABKOL020000106.1_1043
FLUB|CP047121.1_862	FLUB|CP047121.1_862
FLUB|CP047121.1_862	MGYG|ENA|CABKOL020000106|CABKOL020000106.1_1076
FLUB|CP047121.1_894	FLUB|CP047121.1_894
FLUB|CP047121.1_894	MGYG|ENA|CABKOL020000106|CABKOL020000106.1_1109
FLUB|CP047121.1_926	FLUB|CP047121.1_926
FLUB|CP047121.1_926	MGYG|ENA|CABKOL020000106|CABKOL020000106.1_1141
FLUB|CP047121.1_1630	FLUB|CP047121.1_1630
FLUB|CP047121.1_1630	MGYG|ENA|CABKOL020000102|CABKOL020000102.1_427
FLUB|CP047121.1_1758	FLUB|CP047121.1_1758
FLUB|CP047121.1_1758	MGYG|ENA|CABKOL020000102|CABKOL020000102.1_555
FLUB|CP047121.1_1822	FLUB|CP047121.1_1822
FLUB|CP047121.1_1822	LMG07934|CP050262.1_1707
FLUB|CP047121.1_1822	MGYG|ENA|CABKOL020000102|CABKOL020000102.1_619
FLUB|CP047121.1_1918	FLUB|CP047121.1_1918
FLUB|CP047121.1_1950	FLUB|CP047121.1_1950
FLUB|CP047121.1_2238	FLUB|CP047121.1_2238
FLUB|CP047121.1_2238	MGYG|ENA|CABKOL020000104|CABKOL020000104.1_347
FLUB|CP047121.1_2366	FLUB|CP047121.1_2366
FLUB|CP047121.1_2366	MGYG|ENA|CABKOL020000104|CABKOL020000104.1_219
FLUB|CP047121.1_2526	FLUB|CP047121.1_2526
FLUB|CP047121.1_2526	MGYG|ENA|CABKOL020000104|CABKOL020000104.1_58
FLUB|CP047122.1_17	FLUB|CP047122.1_17
FLUB|CP047123.1_1	FLUB|CP047123.1_1
FLUB|CP047123.1_33	FLUB|CP047123.1_33
FLUB|CP047124.1_26	FLUB|CP047124.1_26
LMG07934|CP050262.1_455	LMG07934|CP050262.1_455
LMG07934|CP050262.1_647	LMG07934|CP050262.1_647
LMG07934|CP050262.1_679	LMG07934|CP050262.1_679
LMG07934|CP050262.1_743	LMG07934|CP050262.1_743
LMG07934|CP050262.1_839	LMG07934|CP050262.1_839
LMG07934|CP050262.1_1255	LMG07934|CP050262.1_1255
LMG07934|CP050262.1_1287	LMG07934|CP050262.1_1287
LMG07934|CP050262.1_1447	LMG07934|CP050262.1_1447
LMG07934|CP050262.1_1991	LMG07934|CP050262.1_1991
LMG07934|CP050262.1_2119	LMG07934|CP050262.1_2119
LMG07934|CP050262.1_2375	LMG07934|CP050262.1_2375
LH500|CP044119.1_334	LH500|CP044119.1_334
LH500|CP044119.1_366	LH500|CP044119.1_366
LH500|CP044119.1_366	DSM20176|AZDF01000029.1_4
LH500|CP044119.1_622	LH500|CP044119.1_622
LH500|CP044119.1_622	DSM20176|AZDF01000039.1_18
LH500|CP044119.1_654	LH500|CP044119.1_654
LH500|CP044119.1_654	DSM20176|AZDF01000051.1_3
LH500|CP044119.1_718	LH500|CP044119.1_718
LH500|CP044119.1_718	DSM20176|AZDF01000054.1_9
LH500|CP044119.1_814	LH500|CP044119.1_814
LH500|CP044119.1_814	DSM20176|AZDF01000016.1_12
LH500|CP044119.1_814	LMG07934|CP050262.1_840
LH500|CP044119.1_1070	LH500|CP044119.1_1070
LH500|CP044119.1_1070	DSM20176|AZDF01000002.1_144
LH500|CP044119.1_1422	LH500|CP044119.1_1422
LH500|CP044119.1_1422	MGYG|ENA|CABKOL020000102|CABKOL020000102.1_424
LH500|CP044119.1_1422	FLUB|CP047121.1_1627
LH500|CP044119.1_1422	LMG07934|CP050262.1_1512
LH500|CP044119.1_1422	DSM20176|AZDF01000008.1_4
LH500|CP044119.1_1806	LH500|CP044119.1_1806
LH500|CP044119.1_1806	DSM20176|AZDF01000053.1_7
LH500|CP044119.1_1838	LH500|CP044119.1_1838
LH500|CP044119.1_1838	DSM20176|AZDF01000026.1_14
LH500|CP044119.1_2222	LH500|CP044119.1_2222
LH500|CP044119.1_2222	LMG07934|CP050262.1_2315
LH500|CP044119.1_2222	DSM20176|AZDF01000009.1_55
MGYG|ENA|CABKOL020000027|CABKOL020000027.1_1	MGYG|ENA|CABKOL020000027|CABKOL020000027.1_1
MGYG|ENA|CABKOL020000062|CABKOL020000062.1_1	MGYG|ENA|CABKOL020000062|CABKOL020000062.1_1
MGYG|ENA|CABKOL020000100|CABKOL020000100.1_23	MGYG|ENA|CABKOL020000100|CABKOL020000100.1_23
MGYG|ENA|CABKOL020000102|CABKOL020000102.1_371	MGYG|ENA|CABKOL020000102|CABKOL020000102.1_371
MGYG|ENA|CABKOL020000102|CABKOL020000102.1_371	FLUB|CP047121.1_1574
MGYG|ENA|CABKOL020000103|CABKOL020000103.1_20	MGYG|ENA|CABKOL020000103|CABKOL020000103.1_20
MGYG|ENA|CABKOL020000104|CABKOL020000104.1_55	MGYG|ENA|CABKOL020000104|CABKOL020000104.1_55
MGYG|ENA|CABKOL020000104|CABKOL020000104.1_55	FLUB|CP047121.1_2529
MGYG|ENA|CABKOL020000104|CABKOL020000104.1_279	MGYG|ENA|CABKOL020000104|CABKOL020000104.1_279
MGYG|ENA|CABKOL020000104|CABKOL020000104.1_279	FLUB|CP047121.1_2306
MGYG|ENA|CABKOL020000104|CABKOL020000104.1_311	MGYG|ENA|CABKOL020000104|CABKOL020000104.1_311
MGYG|ENA|CABKOL020000104|CABKOL020000104.1_311	FLUB|CP047121.1_2274
MGYG|ENA|CABKOL020000105|CABKOL020000105.1_17	MGYG|ENA|CABKOL020000105|CABKOL020000105.1_17
MGYG|ENA|CABKOL020000106|CABKOL020000106.1_40	MGYG|ENA|CABKOL020000106|CABKOL020000106.1_40
MGYG|ENA|CABKOL020000106|CABKOL020000106.1_40	FLUB|CP047121.1_2624
MGYG|ENA|CABKOL020000106|CABKOL020000106.1_40	LMG07934|CP050262.1_2505
MGYG|ENA|CABKOL020000106|CABKOL020000106.1_136	MGYG|ENA|CABKOL020000106|CABKOL020000106.1_136
MGYG|ENA|CABKOL020000106|CABKOL020000106.1_328	MGYG|ENA|CABKOL020000106|CABKOL020000106.1_328
MGYG|ENA|CABKOL020000106|CABKOL020000106.1_328	FLUB|CP047121.1_54
MGYG|ENA|CABKOL020000106|CABKOL020000106.1_488	MGYG|ENA|CABKOL020000106|CABKOL020000106.1_488
MGYG|ENA|CABKOL020000106|CABKOL020000106.1_488	FLUB|CP047121.1_212
MGYG|ENA|CABKOL020000106|CABKOL020000106.1_584	MGYG|ENA|CABKOL020000106|CABKOL020000106.1_584
MGYG|ENA|CABKOL020000106|CABKOL020000106.1_584	FLUB|CP047121.1_307
MGYG|ENA|CABKOL020000106|CABKOL020000106.1_680	MGYG|ENA|CABKOL020000106|CABKOL020000106.1_680
MGYG|ENA|CABKOL020000106|CABKOL020000106.1_872	MGYG|ENA|CABKOL020000106|CABKOL020000106.1_872
MGYG|ENA|CABKOL020000106|CABKOL020000106.1_872	FLUB|CP047121.1_661
MGYG|ENA|CABKOL020000106|CABKOL020000106.1_904	MGYG|ENA|CABKOL020000106|CABKOL020000106.1_904
MGYG|ENA|CABKOL020000106|CABKOL020000106.1_904	FLUB|CP047121.1_693
MGYG|ENA|CABKOL020000106|CABKOL020000106.1_936	MGYG|ENA|CABKOL020000106|CABKOL020000106.1_936
MGYG|ENA|CABKOL020000106|CABKOL020000106.1_936	FLUB|CP047121.1_723
MGYG|ENA|CABKOL020000106|CABKOL020000106.1_968	MGYG|ENA|CABKOL020000106|CABKOL020000106.1_968
MGYG|ENA|CABKOL020000106|CABKOL020000106.1_968	FLUB|CP047121.1_756
MGYG|ENA|CABKOL020000106|CABKOL020000106.1_1000	MGYG|ENA|CABKOL020000106|CABKOL020000106.1_1000
MGYG|ENA|CABKOL020000106|CABKOL020000106.1_1000	FLUB|CP047121.1_789
MGYG|ENA|CABKOL020000106|CABKOL020000106.1_1032	MGYG|ENA|CABKOL020000106|CABKOL020000106.1_1032
MGYG|ENA|CABKOL020000106|CABKOL020000106.1_1032	LMG07934|CP050262.1_655
MGYG|ENA|CABKOL020000106|CABKOL020000106.1_1032	FLUB|CP047121.1_820
MGYG|ENA|CABKOL020000106|CABKOL020000106.1_1064	MGYG|ENA|CABKOL020000106|CABKOL020000106.1_1064
MGYG|ENA|CABKOL020000106|CABKOL020000106.1_1064	FLUB|CP047121.1_850
MGYG|ENA|CABKOL020000106|CABKOL020000106.1_1160	MGYG|ENA|CABKOL020000106|CABKOL020000106.1_1160
MGYG|ENA|CABKOL020000106|CABKOL020000106.1_1288	MGYG|ENA|CABKOL020000106|CABKOL020000106.1_1288
MGYG|ENA|CABKOL020000106|CABKOL020000106.1_1288	LMG07934|CP050262.1_878
MGYG|ENA|CABKOL020000106|CABKOL020000106.1_1288	FLUB|CP047121.1_1068
DSM20176|AZDF01000108.1_1	DSM20176|AZDF01000108.1_1
DSM20176|AZDF01000013.1_40	DSM20176|AZDF01000013.1_40
DSM20176|AZDF01000013.1_40	LMG07934|CP050262.1_1396
DSM20176|AZDF01000015.1_41	DSM20176|AZDF01000015.1_41
DSM20176|AZDF01000015.1_41	LH500|CP044119.1_2420
DSM20176|AZDF01000022.1_36	DSM20176|AZDF01000022.1_36
DSM20176|AZDF01000022.1_36	LH500|CP044119.1_2496
DSM20176|AZDF01000026.1_30	DSM20176|AZDF01000026.1_30
DSM20176|AZDF01000026.1_30	LH500|CP044119.1_1822
DSM20176|AZDF01000030.1_5	DSM20176|AZDF01000030.1_5
DSM20176|AZDF01000030.1_5	LH500|CP044119.1_851
DSM20176|AZDF01000039.1_11	DSM20176|AZDF01000039.1_11
DSM20176|AZDF01000045.1_1	DSM20176|AZDF01000045.1_1
DSM20176|AZDF01000045.1_1	LH500|CP044119.1_736
DSM20176|AZDF01000047.1_10	DSM20176|AZDF01000047.1_10
DSM20176|AZDF01000047.1_10	LH500|CP044119.1_1343
DSM20176|AZDF01000052.1_3	DSM20176|AZDF01000052.1_3
DSM20176|AZDF01000052.1_3	FLUB|CP047123.1_23
DSM20176|AZDF01000055.1_4	DSM20176|AZDF01000055.1_4
DSM20176|AZDF01000055.1_4	LH500|CP044119.1_1666
DSM20176|AZDF01000006.1_20	DSM20176|AZDF01000006.1_20
DSM20176|AZDF01000006.1_20	LH500|CP044119.1_103
DSM20176|AZDF01000093.1_2	DSM20176|AZDF01000093.1_2
DSM20176|AZDF01000093.1_2	LH500|CP044119.1_1682
FLUB|CP047121.1_63	FLUB|CP047121.1_63
FLUB|CP047121.1_63	MGYG|ENA|CABKOL020000106|CABKOL020000106.1_338
FLUB|CP047121.1_255	FLUB|CP047121.1_255
FLUB|CP047121.1_255	MGYG|ENA|CABKOL020000106|CABKOL020000106.1_531
FLUB|CP047121.1_575	FLUB|CP047121.1_575
FLUB|CP047121.1_607	FLUB|CP047121.1_607
FLUB|CP047121.1_639	FLUB|CP047121.1_639
FLUB|CP047121.1_639	MGYG|ENA|CABKOL020000106|CABKOL020000106.1_850
FLUB|CP047121.1_671	FLUB|CP047121.1_671
FLUB|CP047121.1_671	MGYG|ENA|CABKOL020000106|CABKOL020000106.1_882
FLUB|CP047121.1_703	FLUB|CP047121.1_703
FLUB|CP047121.1_703	MGYG|ENA|CABKOL020000106|CABKOL020000106.1_914
FLUB|CP047121.1_799	FLUB|CP047121.1_799
FLUB|CP047121.1_799	MGYG|ENA|CABKOL020000106|CABKOL020000106.1_1010
FLUB|CP047121.1_831	FLUB|CP047121.1_831
FLUB|CP047121.1_831	MGYG|ENA|CABKOL020000106|CABKOL020000106.1_1044
FLUB|CP047121.1_863	FLUB|CP047121.1_863
FLUB|CP047121.1_863	MGYG|ENA|CABKOL020000106|CABKOL020000106.1_1077
FLUB|CP047121.1_895	FLUB|CP047121.1_895
FLUB|CP047121.1_895	MGYG|ENA|CABKOL020000106|CABKOL020000106.1_1110
FLUB|CP047121.1_1279	FLUB|CP047121.1_1279
FLUB|CP047121.1_1279	MGYG|ENA|CABKOL020000102|CABKOL020000102.1_73
FLUB|CP047121.1_1823	FLUB|CP047121.1_1823
FLUB|CP047121.1_1823	LMG07934|CP050262.1_1708
FLUB|CP047121.1_1823	MGYG|ENA|CABKOL020000102|CABKOL020000102.1_620
FLUB|CP047121.1_1919	FLUB|CP047121.1_1919
FLUB|CP047121.1_1951	FLUB|CP047121.1_1951
FLUB|CP047121.1_2239	FLUB|CP047121.1_2239
FLUB|CP047121.1_2239	MGYG|ENA|CABKOL020000104|CABKOL020000104.1_346
FLUB|CP047121.1_2271	FLUB|CP047121.1_2271
FLUB|CP047121.1_2271	MGYG|ENA|CABKOL020000104|CABKOL020000104.1_314
FLUB|CP047121.1_2303	FLUB|CP047121.1_2303
FLUB|CP047121.1_2303	MGYG|ENA|CABKOL020000104|CABKOL020000104.1_282
FLUB|CP047121.1_2367	FLUB|CP047121.1_2367
FLUB|CP047121.1_2367	MGYG|ENA|CABKOL020000104|CABKOL020000104.1_218
FLUB|CP047122.1_18	FLUB|CP047122.1_18
FLUB|CP047123.1_2	FLUB|CP047123.1_2
FLUB|CP047123.1_2	DSM20176|AZDF01000059.1_5
FLUB|CP047123.1_34	FLUB|CP047123.1_34
FLUB|CP047124.1_27	FLUB|CP047124.1_27
LMG07934|CP050262.1_232	LMG07934|CP050262.1_232
LMG07934|CP050262.1_296	LMG07934|CP050262.1_296
LMG07934|CP050262.1_296	DSM20176|AZDF01000041.1_8
LMG07934|CP050262.1_296	LH500|CP044119.1_320
LMG07934|CP050262.1_296	MGYG|ENA|CABKOL020000106|CABKOL020000106.1_585
LMG07934|CP050262.1_296	FLUB|CP047121.1_308
LMG07934|CP050262.1_584	LMG07934|CP050262.1_584
LMG07934|CP050262.1_648	LMG07934|CP050262.1_648
LMG07934|CP050262.1_680	LMG07934|CP050262.1_680
LMG07934|CP050262.1_1256	LMG07934|CP050262.1_1256
LMG07934|CP050262.1_1288	LMG07934|CP050262.1_1288
LMG07934|CP050262.1_1448	LMG07934|CP050262.1_1448
LMG07934|CP050262.1_1672	LMG07934|CP050262.1_1672
LMG07934|CP050262.1_2088	LMG07934|CP050262.1_2088
LMG07934|CP050262.1_2280	LMG07934|CP050262.1_2280
LMG07934|CP050262.1_2280	MGYG|ENA|CABKOL020000104|CABKOL020000104.1_118
LMG07934|CP050262.1_2280	FLUB|CP047121.1_2466
LMG07934|CP050262.1_2376	LMG07934|CP050262.1_2376
LMG07934|CP050262.1_2408	LMG07934|CP050262.1_2408
LH500|CP044119.1_15	LH500|CP044119.1_15
LH500|CP044119.1_15	DSM20176|AZDF01000006.1_107
LH500|CP044119.1_47	LH500|CP044119.1_47
LH500|CP044119.1_47	DSM20176|AZDF01000006.1_76
LH500|CP044119.1_303	LH500|CP044119.1_303
LH500|CP044119.1_303	LMG07934|CP050262.1_282
LH500|CP044119.1_303	DSM20176|AZDF01000019.1_31
LH500|CP044119.1_399	LH500|CP044119.1_399
LH500|CP044119.1_399	LMG07934|CP050262.1_373
LH500|CP044119.1_399	DSM20176|AZDF01000003.1_120
LH500|CP044119.1_559	LH500|CP044119.1_559
LH500|CP044119.1_559	LMG07934|CP050262.1_535
LH500|CP044119.1_559	DSM20176|AZDF01000010.1_39
LH500|CP044119.1_719	LH500|CP044119.1_719
LH500|CP044119.1_719	LMG07934|CP050262.1_753
LH500|CP044119.1_719	DSM20176|AZDF01000054.1_8
LH500|CP044119.1_1327	LH500|CP044119.1_1327
LH500|CP044119.1_1327	LMG07934|CP050262.1_1419
LH500|CP044119.1_1327	MGYG|ENA|CABKOL020000102|CABKOL020000102.1_328
LH500|CP044119.1_1327	DSM20176|AZDF01000038.1_17
LH500|CP044119.1_1327	FLUB|CP047121.1_1531
LH500|CP044119.1_1679	LH500|CP044119.1_1679
LH500|CP044119.1_1679	DSM20176|AZDF01000093.1_5
LH500|CP044119.1_1807	LH500|CP044119.1_1807
LH500|CP044119.1_1807	DSM20176|AZDF01000053.1_8
LH500|CP044119.1_1839	LH500|CP044119.1_1839
LH500|CP044119.1_1839	DSM20176|AZDF01000026.1_13
LH500|CP044119.1_2063	LH500|CP044119.1_2063
LH500|CP044119.1_2063	DSM20176|AZDF01000001.1_208
LH500|CP044119.1_2223	LH500|CP044119.1_2223
LH500|CP044119.1_2223	LMG07934|CP050262.1_2316
LH500|CP044119.1_2223	DSM20176|AZDF01000009.1_54
LH500|CP044119.1_2255	LH500|CP044119.1_2255
LH500|CP044119.1_2255	LMG07934|CP050262.1_2352
LH500|CP044119.1_2255	DSM20176|AZDF01000009.1_22
LH500|CP044119.1_2415	LH500|CP044119.1_2415
LH500|CP044119.1_2415	DSM20176|AZDF01000058.1_7
LH500|CP044119.1_2415	LMG07934|CP050262.1_2537
LH500|CP044119.1_2511	LH500|CP044119.1_2511
LH500|CP044119.1_2511	DSM20176|AZDF01000034.1_15
MGYG|ENA|CABKOL020000028|CABKOL020000028.1_1	MGYG|ENA|CABKOL020000028|CABKOL020000028.1_1
MGYG|ENA|CABKOL020000063|CABKOL020000063.1_1	MGYG|ENA|CABKOL020000063|CABKOL020000063.1_1
MGYG|ENA|CABKOL020000101|CABKOL020000101.1_1	MGYG|ENA|CABKOL020000101|CABKOL020000101.1_1
MGYG|ENA|CABKOL020000102|CABKOL020000102.1_52	MGYG|ENA|CABKOL020000102|CABKOL020000102.1_52
MGYG|ENA|CABKOL020000102|CABKOL020000102.1_52	FLUB|CP047121.1_1258
MGYG|ENA|CABKOL020000102|CABKOL020000102.1_372	MGYG|ENA|CABKOL020000102|CABKOL020000102.1_372
MGYG|ENA|CABKOL020000102|CABKOL020000102.1_372	FLUB|CP047121.1_1575
MGYG|ENA|CABKOL020000102|CABKOL020000102.1_692	MGYG|ENA|CABKOL020000102|CABKOL020000102.1_692
MGYG|ENA|CABKOL020000102|CABKOL020000102.1_692	FLUB|CP047121.1_1895
MGYG|ENA|CABKOL020000103|CABKOL020000103.1_21	MGYG|ENA|CABKOL020000103|CABKOL020000103.1_21
MGYG|ENA|CABKOL020000104|CABKOL020000104.1_312	MGYG|ENA|CABKOL020000104|CABKOL020000104.1_312
MGYG|ENA|CABKOL020000104|CABKOL020000104.1_312	FLUB|CP047121.1_2273
MGYG|ENA|CABKOL020000104|CABKOL020000104.1_376	MGYG|ENA|CABKOL020000104|CABKOL020000104.1_376
MGYG|ENA|CABKOL020000104|CABKOL020000104.1_376	FLUB|CP047121.1_2209
MGYG|ENA|CABKOL020000105|CABKOL020000105.1_18	MGYG|ENA|CABKOL020000105|CABKOL020000105.1_18
MGYG|ENA|CABKOL020000106|CABKOL020000106.1_41	MGYG|ENA|CABKOL020000106|CABKOL020000106.1_41
MGYG|ENA|CABKOL020000106|CABKOL020000106.1_41	FLUB|CP047121.1_2625
MGYG|ENA|CABKOL020000106|CABKOL020000106.1_73	MGYG|ENA|CABKOL020000106|CABKOL020000106.1_73
MGYG|ENA|CABKOL020000106|CABKOL020000106.1_73	FLUB|CP047121.1_2657
MGYG|ENA|CABKOL020000106|CABKOL020000106.1_105	MGYG|ENA|CABKOL020000106|CABKOL020000106.1_105
MGYG|ENA|CABKOL020000106|CABKOL020000106.1_105	FLUB|CP047121.1_2689
MGYG|ENA|CABKOL020000106|CABKOL020000106.1_201	MGYG|ENA|CABKOL020000106|CABKOL020000106.1_201
MGYG|ENA|CABKOL020000106|CABKOL020000106.1_201	LMG07934|CP050262.1_2636
MGYG|ENA|CABKOL020000106|CABKOL020000106.1_201	FLUB|CP047121.1_2788
MGYG|ENA|CABKOL020000106|CABKOL020000106.1_329	MGYG|ENA|CABKOL020000106|CABKOL020000106.1_329
MGYG|ENA|CABKOL020000106|CABKOL020000106.1_329	FLUB|CP047121.1_55
MGYG|ENA|CABKOL020000106|CABKOL020000106.1_489	MGYG|ENA|CABKOL020000106|CABKOL020000106.1_489
MGYG|ENA|CABKOL020000106|CABKOL020000106.1_489	FLUB|CP047121.1_213
MGYG|ENA|CABKOL020000106|CABKOL020000106.1_649	MGYG|ENA|CABKOL020000106|CABKOL020000106.1_649
MGYG|ENA|CABKOL020000106|CABKOL020000106.1_649	FLUB|CP047121.1_373
MGYG|ENA|CABKOL020000106|CABKOL020000106.1_713	MGYG|ENA|CABKOL020000106|CABKOL020000106.1_713
MGYG|ENA|CABKOL020000106|CABKOL020000106.1_713	FLUB|CP047121.1_437
MGYG|ENA|CABKOL020000106|CABKOL020000106.1_873	MGYG|ENA|CABKOL020000106|CABKOL020000106.1_873
MGYG|ENA|CABKOL020000106|CABKOL020000106.1_873	FLUB|CP047121.1_662
MGYG|ENA|CABKOL020000106|CABKOL020000106.1_905	MGYG|ENA|CABKOL020000106|CABKOL020000106.1_905
MGYG|ENA|CABKOL020000106|CABKOL020000106.1_905	FLUB|CP047121.1_694
MGYG|ENA|CABKOL020000106|CABKOL020000106.1_937	MGYG|ENA|CABKOL020000106|CABKOL020000106.1_937
MGYG|ENA|CABKOL020000106|CABKOL020000106.1_937	FLUB|CP047121.1_724
MGYG|ENA|CABKOL020000106|CABKOL020000106.1_1033	MGYG|ENA|CABKOL020000106|CABKOL020000106.1_1033
MGYG|ENA|CABKOL020000106|CABKOL020000106.1_1033	LMG07934|CP050262.1_656
MGYG|ENA|CABKOL020000106|CABKOL020000106.1_1033	FLUB|CP047121.1_821
MGYG|ENA|CABKOL020000106|CABKOL020000106.1_1065	MGYG|ENA|CABKOL020000106|CABKOL020000106.1_1065
MGYG|ENA|CABKOL020000106|CABKOL020000106.1_1065	FLUB|CP047121.1_851
MGYG|ENA|CABKOL020000106|CABKOL020000106.1_1161	MGYG|ENA|CABKOL020000106|CABKOL020000106.1_1161
MGYG|ENA|CABKOL020000106|CABKOL020000106.1_1193	MGYG|ENA|CABKOL020000106|CABKOL020000106.1_1193
MGYG|ENA|CABKOL020000106|CABKOL020000106.1_1193	FLUB|CP047121.1_976
DSM20176|AZDF01000015.1_42	DSM20176|AZDF01000015.1_42
DSM20176|AZDF01000015.1_42	LH500|CP044119.1_2419
DSM20176|AZDF01000002.1_156	DSM20176|AZDF01000002.1_156
DSM20176|AZDF01000002.1_156	LH500|CP044119.1_1058
DSM20176|AZDF01000002.1_156	LMG07934|CP050262.1_1079
DSM20176|AZDF01000023.1_33	DSM20176|AZDF01000023.1_33
DSM20176|AZDF01000023.1_33	LH500|CP044119.1_1658
DSM20176|AZDF01000026.1_31	DSM20176|AZDF01000026.1_31
DSM20176|AZDF01000026.1_31	LH500|CP044119.1_1821
DSM20176|AZDF01000039.1_12	DSM20176|AZDF01000039.1_12
DSM20176|AZDF01000039.1_12	LH500|CP044119.1_615
DSM20176|AZDF01000004.1_90	DSM20176|AZDF01000004.1_90
DSM20176|AZDF01000004.1_90	LH500|CP044119.1_1460
DSM20176|AZDF01000045.1_2	DSM20176|AZDF01000045.1_2
DSM20176|AZDF01000045.1_2	LH500|CP044119.1_735
DSM20176|AZDF01000047.1_11	DSM20176|AZDF01000047.1_11
DSM20176|AZDF01000052.1_4	DSM20176|AZDF01000052.1_4
DSM20176|AZDF01000055.1_5	DSM20176|AZDF01000055.1_5
DSM20176|AZDF01000055.1_5	LH500|CP044119.1_1667
DSM20176|AZDF01000006.1_53	DSM20176|AZDF01000006.1_53
DSM20176|AZDF01000006.1_53	LH500|CP044119.1_70
DSM20176|AZDF01000063.1_6	DSM20176|AZDF01000063.1_6
DSM20176|AZDF01000063.1_6	DSM20176|AZDF01000025.1_31
DSM20176|AZDF01000007.1_6	DSM20176|AZDF01000007.1_6
DSM20176|AZDF01000007.1_6	LH500|CP044119.1_254
DSM20176|AZDF01000007.1_6	LMG07934|CP050262.1_233
DSM20176|AZDF01000009.1_39	DSM20176|AZDF01000009.1_39
DSM20176|AZDF01000009.1_39	LH500|CP044119.1_2238
DSM20176|AZDF01000093.1_3	DSM20176|AZDF01000093.1_3
DSM20176|AZDF01000093.1_3	LH500|CP044119.1_1681
FLUB|CP047121.1_64	FLUB|CP047121.1_64
FLUB|CP047121.1_64	MGYG|ENA|CABKOL020000106|CABKOL020000106.1_339
FLUB|CP047121.1_256	FLUB|CP047121.1_256
FLUB|CP047121.1_256	MGYG|ENA|CABKOL020000106|CABKOL020000106.1_532
FLUB|CP047121.1_352	FLUB|CP047121.1_352
FLUB|CP047121.1_352	MGYG|ENA|CABKOL020000106|CABKOL020000106.1_629
FLUB|CP047121.1_576	FLUB|CP047121.1_576
FLUB|CP047121.1_576	LMG07934|CP050262.1_1262
FLUB|CP047121.1_608	FLUB|CP047121.1_608
FLUB|CP047121.1_672	FLUB|CP047121.1_672
FLUB|CP047121.1_672	MGYG|ENA|CABKOL020000106|CABKOL020000106.1_883
FLUB|CP047121.1_704	FLUB|CP047121.1_704
FLUB|CP047121.1_704	MGYG|ENA|CABKOL020000106|CABKOL020000106.1_915
FLUB|CP047121.1_736	FLUB|CP047121.1_736
FLUB|CP047121.1_736	MGYG|ENA|CABKOL020000106|CABKOL020000106.1_949
FLUB|CP047121.1_800	FLUB|CP047121.1_800
FLUB|CP047121.1_800	MGYG|ENA|CABKOL020000106|CABKOL020000106.1_1011
FLUB|CP047121.1_832	FLUB|CP047121.1_832
FLUB|CP047121.1_832	MGYG|ENA|CABKOL020000106|CABKOL020000106.1_1045
FLUB|CP047121.1_896	FLUB|CP047121.1_896
FLUB|CP047121.1_896	MGYG|ENA|CABKOL020000106|CABKOL020000106.1_1111
FLUB|CP047121.1_1024	FLUB|CP047121.1_1024
FLUB|CP047121.1_1024	MGYG|ENA|CABKOL020000106|CABKOL020000106.1_1242
FLUB|CP047121.1_1280	FLUB|CP047121.1_1280
FLUB|CP047121.1_1280	MGYG|ENA|CABKOL020000102|CABKOL020000102.1_74
FLUB|CP047121.1_1536	FLUB|CP047121.1_1536
FLUB|CP047121.1_1536	MGYG|ENA|CABKOL020000102|CABKOL020000102.1_333
FLUB|CP047121.1_1920	FLUB|CP047121.1_1920
FLUB|CP047121.1_1952	FLUB|CP047121.1_1952
FLUB|CP047121.1_2368	FLUB|CP047121.1_2368
FLUB|CP047121.1_2368	MGYG|ENA|CABKOL020000104|CABKOL020000104.1_217
FLUB|CP047121.1_2528	FLUB|CP047121.1_2528
FLUB|CP047121.1_2528	MGYG|ENA|CABKOL020000104|CABKOL020000104.1_56
FLUB|CP047121.1_2656	FLUB|CP047121.1_2656
FLUB|CP047121.1_2656	MGYG|ENA|CABKOL020000106|CABKOL020000106.1_72
FLUB|CP047122.1_19	FLUB|CP047122.1_19
FLUB|CP047123.1_3	FLUB|CP047123.1_3
FLUB|CP047123.1_3	DSM20176|AZDF01000059.1_6
FLUB|CP047123.1_35	FLUB|CP047123.1_35
FLUB|CP047124.1_28	FLUB|CP047124.1_28
LMG07934|CP050262.1_649	LMG07934|CP050262.1_649
LMG07934|CP050262.1_681	LMG07934|CP050262.1_681
LMG07934|CP050262.1_777	LMG07934|CP050262.1_777
LMG07934|CP050262.1_1193	LMG07934|CP050262.1_1193
LMG07934|CP050262.1_1257	LMG07934|CP050262.1_1257
LMG07934|CP050262.1_1289	LMG07934|CP050262.1_1289
LMG07934|CP050262.1_2089	LMG07934|CP050262.1_2089
LMG07934|CP050262.1_2121	LMG07934|CP050262.1_2121
LMG07934|CP050262.1_2313	LMG07934|CP050262.1_2313
LMG07934|CP050262.1_2377	LMG07934|CP050262.1_2377
LMG07934|CP050262.1_2409	LMG07934|CP050262.1_2409
LMG07934|CP050262.1_2569	LMG07934|CP050262.1_2569
LMG07934|CP050262.1_2569	DSM20176|AZDF01000015.1_13
LH500|CP044119.1_16	LH500|CP044119.1_16
LH500|CP044119.1_16	DSM20176|AZDF01000006.1_106
LH500|CP044119.1_48	LH500|CP044119.1_48
LH500|CP044119.1_48	DSM20176|AZDF01000006.1_75
LH500|CP044119.1_80	LH500|CP044119.1_80
LH500|CP044119.1_80	DSM20176|AZDF01000006.1_43
LH500|CP044119.1_816	LH500|CP044119.1_816
LH500|CP044119.1_816	LMG07934|CP050262.1_842
LH500|CP044119.1_816	DSM20176|AZDF01000016.1_10
LH500|CP044119.1_1136	LH500|CP044119.1_1136
LH500|CP044119.1_1136	DSM20176|AZDF01000002.1_78
LH500|CP044119.1_1136	FLUB|CP047121.1_1351
LH500|CP044119.1_1136	LMG07934|CP050262.1_1158
LH500|CP044119.1_1136	MGYG|ENA|CABKOL020000102|CABKOL020000102.1_146
LH500|CP044119.1_1360	LH500|CP044119.1_1360
LH500|CP044119.1_1360	DSM20176|AZDF01000008.1_66
LH500|CP044119.1_1584	LH500|CP044119.1_1584
LH500|CP044119.1_1584	DSM20176|AZDF01000017.1_8
LH500|CP044119.1_1584	LMG07934|CP050262.1_1673
LH500|CP044119.1_1808	LH500|CP044119.1_1808
LH500|CP044119.1_1808	DSM20176|AZDF01000053.1_9
LH500|CP044119.1_1840	LH500|CP044119.1_1840
LH500|CP044119.1_1840	DSM20176|AZDF01000026.1_12
LH500|CP044119.1_1904	LH500|CP044119.1_1904
LH500|CP044119.1_1904	FLUB|CP047121.1_2085
LH500|CP044119.1_1904	DSM20176|AZDF01000001.1_50
LH500|CP044119.1_1904	LMG07934|CP050262.1_1907
LH500|CP044119.1_1904	MGYG|ENA|CABKOL020000104|CABKOL020000104.1_500
LH500|CP044119.1_2064	LH500|CP044119.1_2064
LH500|CP044119.1_2064	DSM20176|AZDF01000001.1_209
LH500|CP044119.1_2192	LH500|CP044119.1_2192
LH500|CP044119.1_2192	DSM20176|AZDF01000009.1_85
LH500|CP044119.1_2224	LH500|CP044119.1_2224
LH500|CP044119.1_2224	LMG07934|CP050262.1_2317
LH500|CP044119.1_2224	DSM20176|AZDF01000009.1_53
LH500|CP044119.1_2256	LH500|CP044119.1_2256
LH500|CP044119.1_2256	LMG07934|CP050262.1_2353
LH500|CP044119.1_2256	DSM20176|AZDF01000009.1_21
LH500|CP044119.1_2416	LH500|CP044119.1_2416
LH500|CP044119.1_2448	LH500|CP044119.1_2448
LH500|CP044119.1_2448	DSM20176|AZDF01000015.1_12
LH500|CP044119.1_2512	LH500|CP044119.1_2512
LH500|CP044119.1_2512	DSM20176|AZDF01000034.1_16
MGYG|ENA|CABKOL020000029|CABKOL020000029.1_1	MGYG|ENA|CABKOL020000029|CABKOL020000029.1_1
MGYG|ENA|CABKOL020000064|CABKOL020000064.1_1	MGYG|ENA|CABKOL020000064|CABKOL020000064.1_1
MGYG|ENA|CABKOL020000064|CABKOL020000064.1_1	FLUB|CP047122.1_4
MGYG|ENA|CABKOL020000096|CABKOL020000096.1_2	MGYG|ENA|CABKOL020000096|CABKOL020000096.1_2
MGYG|ENA|CABKOL020000102|CABKOL020000102.1_373	MGYG|ENA|CABKOL020000102|CABKOL020000102.1_373
MGYG|ENA|CABKOL020000102|CABKOL020000102.1_373	FLUB|CP047121.1_1576
MGYG|ENA|CABKOL020000102|CABKOL020000102.1_565	MGYG|ENA|CABKOL020000102|CABKOL020000102.1_565
MGYG|ENA|CABKOL020000102|CABKOL020000102.1_565	FLUB|CP047121.1_1768
MGYG|ENA|CABKOL020000102|CABKOL020000102.1_693	MGYG|ENA|CABKOL020000102|CABKOL020000102.1_693
MGYG|ENA|CABKOL020000103|CABKOL020000103.1_22	MGYG|ENA|CABKOL020000103|CABKOL020000103.1_22
MGYG|ENA|CABKOL020000104|CABKOL020000104.1_57	MGYG|ENA|CABKOL020000104|CABKOL020000104.1_57
MGYG|ENA|CABKOL020000104|CABKOL020000104.1_57	FLUB|CP047121.1_2527
MGYG|ENA|CABKOL020000104|CABKOL020000104.1_153	MGYG|ENA|CABKOL020000104|CABKOL020000104.1_153
MGYG|ENA|CABKOL020000104|CABKOL020000104.1_153	LMG07934|CP050262.1_2241
MGYG|ENA|CABKOL020000104|CABKOL020000104.1_153	FLUB|CP047121.1_2430
MGYG|ENA|CABKOL020000104|CABKOL020000104.1_249	MGYG|ENA|CABKOL020000104|CABKOL020000104.1_249
MGYG|ENA|CABKOL020000104|CABKOL020000104.1_249	LMG07934|CP050262.1_2145
MGYG|ENA|CABKOL020000104|CABKOL020000104.1_249	FLUB|CP047121.1_2336
MGYG|ENA|CABKOL020000104|CABKOL020000104.1_281	MGYG|ENA|CABKOL020000104|CABKOL020000104.1_281
MGYG|ENA|CABKOL020000104|CABKOL020000104.1_281	LMG07934|CP050262.1_2120
MGYG|ENA|CABKOL020000104|CABKOL020000104.1_281	FLUB|CP047121.1_2304
MGYG|ENA|CABKOL020000104|CABKOL020000104.1_313	MGYG|ENA|CABKOL020000104|CABKOL020000104.1_313
MGYG|ENA|CABKOL020000104|CABKOL020000104.1_313	FLUB|CP047121.1_2272
MGYG|ENA|CABKOL020000104|CABKOL020000104.1_409	MGYG|ENA|CABKOL020000104|CABKOL020000104.1_409
MGYG|ENA|CABKOL020000104|CABKOL020000104.1_441	MGYG|ENA|CABKOL020000104|CABKOL020000104.1_441
MGYG|ENA|CABKOL020000105|CABKOL020000105.1_19	MGYG|ENA|CABKOL020000105|CABKOL020000105.1_19
MGYG|ENA|CABKOL020000106|CABKOL020000106.1_138	MGYG|ENA|CABKOL020000106|CABKOL020000106.1_138
MGYG|ENA|CABKOL020000106|CABKOL020000106.1_138	FLUB|CP047121.1_2724
MGYG|ENA|CABKOL020000106|CABKOL020000106.1_330	MGYG|ENA|CABKOL020000106|CABKOL020000106.1_330
MGYG|ENA|CABKOL020000106|CABKOL020000106.1_330	FLUB|CP047121.1_56
MGYG|ENA|CABKOL020000106|CABKOL020000106.1_362	MGYG|ENA|CABKOL020000106|CABKOL020000106.1_362
MGYG|ENA|CABKOL020000106|CABKOL020000106.1_362	FLUB|CP047121.1_87
MGYG|ENA|CABKOL020000106|CABKOL020000106.1_490	MGYG|ENA|CABKOL020000106|CABKOL020000106.1_490
MGYG|ENA|CABKOL020000106|CABKOL020000106.1_490	FLUB|CP047121.1_214
MGYG|ENA|CABKOL020000106|CABKOL020000106.1_650	MGYG|ENA|CABKOL020000106|CABKOL020000106.1_650
MGYG|ENA|CABKOL020000106|CABKOL020000106.1_650	FLUB|CP047121.1_374
MGYG|ENA|CABKOL020000106|CABKOL020000106.1_682	MGYG|ENA|CABKOL020000106|CABKOL020000106.1_682
MGYG|ENA|CABKOL020000106|CABKOL020000106.1_714	MGYG|ENA|CABKOL020000106|CABKOL020000106.1_714
MGYG|ENA|CABKOL020000106|CABKOL020000106.1_714	FLUB|CP047121.1_438
MGYG|ENA|CABKOL020000106|CABKOL020000106.1_810	MGYG|ENA|CABKOL020000106|CABKOL020000106.1_810
MGYG|ENA|CABKOL020000106|CABKOL020000106.1_810	FLUB|CP047121.1_535
MGYG|ENA|CABKOL020000106|CABKOL020000106.1_842	MGYG|ENA|CABKOL020000106|CABKOL020000106.1_842
MGYG|ENA|CABKOL020000106|CABKOL020000106.1_842	FLUB|CP047121.1_633
MGYG|ENA|CABKOL020000106|CABKOL020000106.1_874	MGYG|ENA|CABKOL020000106|CABKOL020000106.1_874
MGYG|ENA|CABKOL020000106|CABKOL020000106.1_874	FLUB|CP047121.1_663
MGYG|ENA|CABKOL020000106|CABKOL020000106.1_906	MGYG|ENA|CABKOL020000106|CABKOL020000106.1_906
MGYG|ENA|CABKOL020000106|CABKOL020000106.1_938	MGYG|ENA|CABKOL020000106|CABKOL020000106.1_938
MGYG|ENA|CABKOL020000106|CABKOL020000106.1_938	FLUB|CP047121.1_725
MGYG|ENA|CABKOL020000106|CABKOL020000106.1_1002	MGYG|ENA|CABKOL020000106|CABKOL020000106.1_1002
MGYG|ENA|CABKOL020000106|CABKOL020000106.1_1002	LMG07934|CP050262.1_630
MGYG|ENA|CABKOL020000106|CABKOL020000106.1_1002	FLUB|CP047121.1_791
MGYG|ENA|CABKOL020000106|CABKOL020000106.1_1034	MGYG|ENA|CABKOL020000106|CABKOL020000106.1_1034
MGYG|ENA|CABKOL020000106|CABKOL020000106.1_1034	FLUB|CP047121.1_822
MGYG|ENA|CABKOL020000106|CABKOL020000106.1_1066	MGYG|ENA|CABKOL020000106|CABKOL020000106.1_1066
MGYG|ENA|CABKOL020000106|CABKOL020000106.1_1066	FLUB|CP047121.1_852
MGYG|ENA|CABKOL020000106|CABKOL020000106.1_1098	MGYG|ENA|CABKOL020000106|CABKOL020000106.1_1098
MGYG|ENA|CABKOL020000106|CABKOL020000106.1_1098	FLUB|CP047121.1_883
MGYG|ENA|CABKOL020000106|CABKOL020000106.1_1162	MGYG|ENA|CABKOL020000106|CABKOL020000106.1_1162
MGYG|ENA|CABKOL020000106|CABKOL020000106.1_1162	FLUB|CP047121.1_946
DSM20176|AZDF01000019.1_3	DSM20176|AZDF01000019.1_3
DSM20176|AZDF01000023.1_34	DSM20176|AZDF01000023.1_34
DSM20176|AZDF01000023.1_34	LH500|CP044119.1_1659
DSM20176|AZDF01000026.1_32	DSM20176|AZDF01000026.1_32
DSM20176|AZDF01000026.1_32	LH500|CP044119.1_1820
DSM20176|AZDF01000004.1_2	DSM20176|AZDF01000004.1_2
DSM20176|AZDF01000004.1_2	MGYG|ENA|CABKOL020000102|CABKOL020000102.1_548
DSM20176|AZDF01000004.1_2	FLUB|CP047121.1_1751
DSM20176|AZDF01000004.1_2	LMG07934|CP050262.1_1636
DSM20176|AZDF01000004.1_2	LH500|CP044119.1_1548
DSM20176|AZDF01000004.1_34	DSM20176|AZDF01000004.1_34
DSM20176|AZDF01000004.1_34	MGYG|ENA|CABKOL020000102|CABKOL020000102.1_516
DSM20176|AZDF01000004.1_34	FLUB|CP047121.1_1719
DSM20176|AZDF01000004.1_34	LMG07934|CP050262.1_1604
DSM20176|AZDF01000004.1_34	LH500|CP044119.1_1516
DSM20176|AZDF01000004.1_98	DSM20176|AZDF01000004.1_98
DSM20176|AZDF01000004.1_98	MGYG|ENA|CABKOL020000102|CABKOL020000102.1_453
DSM20176|AZDF01000004.1_98	FLUB|CP047121.1_1656
DSM20176|AZDF01000004.1_98	LMG07934|CP050262.1_1541
DSM20176|AZDF01000004.1_98	LH500|CP044119.1_1452
DSM20176|AZDF01000043.1_3	DSM20176|AZDF01000043.1_3
DSM20176|AZDF01000043.1_3	LMG07934|CP050262.1_2519
DSM20176|AZDF01000043.1_3	MGYG|ENA|CABKOL020000106|CABKOL020000106.1_57
DSM20176|AZDF01000043.1_3	LH500|CP044119.1_2400
DSM20176|AZDF01000043.1_3	FLUB|CP047121.1_2641
DSM20176|AZDF01000050.1_2	DSM20176|AZDF01000050.1_2
DSM20176|AZDF01000050.1_2	FLUB|CP047121.1_778
DSM20176|AZDF01000050.1_2	LH500|CP044119.1_643
DSM20176|AZDF01000050.1_2	MGYG|ENA|CABKOL020000106|CABKOL020000106.1_990
DSM20176|AZDF01000050.1_2	LMG07934|CP050262.1_612
DSM20176|AZDF01000055.1_13	DSM20176|AZDF01000055.1_13
DSM20176|AZDF01000055.1_13	LMG07934|CP050262.1_1298
DSM20176|AZDF01000055.1_13	LH500|CP044119.1_1675
DSM20176|AZDF01000059.1_7	DSM20176|AZDF01000059.1_7
DSM20176|AZDF01000060.1_7	DSM20176|AZDF01000060.1_7
DSM20176|AZDF01000060.1_7	MGYG|ENA|CABKOL020000102|CABKOL020000102.1_6
DSM20176|AZDF01000060.1_7	LMG07934|CP050262.1_1021
DSM20176|AZDF01000060.1_7	LH500|CP044119.1_998
DSM20176|AZDF01000060.1_7	FLUB|CP047121.1_1212
DSM20176|AZDF01000071.1_3	DSM20176|AZDF01000071.1_3
DSM20176|AZDF01000071.1_3	FLUB|CP047121.1_265
DSM20176|AZDF01000071.1_3	MGYG|ENA|CABKOL020000106|CABKOL020000106.1_541
DSM20176|AZDF01000071.1_3	LH500|CP044119.1_265
DSM20176|AZDF01000008.1_12	DSM20176|AZDF01000008.1_12
DSM20176|AZDF01000008.1_12	MGYG|ENA|CABKOL020000102|CABKOL020000102.1_416
DSM20176|AZDF01000008.1_12	FLUB|CP047121.1_1619
DSM20176|AZDF01000008.1_12	LH500|CP044119.1_1414
DSM20176|AZDF01000008.1_12	LMG07934|CP050262.1_1504
DSM20176|AZDF01000009.1_15	DSM20176|AZDF01000009.1_15
DSM20176|AZDF01000009.1_15	LH500|CP044119.1_2262
DSM20176|AZDF01000009.1_79	DSM20176|AZDF01000009.1_79
DSM20176|AZDF01000009.1_79	LH500|CP044119.1_2198
FLUB|CP047121.1_8	FLUB|CP047121.1_8
FLUB|CP047121.1_8	MGYG|ENA|CABKOL020000106|CABKOL020000106.1_282
FLUB|CP047121.1_8	LH500|CP044119.1_9
FLUB|CP047121.1_8	DSM20176|AZDF01000006.1_113
FLUB|CP047121.1_8	LMG07934|CP050262.1_8
FLUB|CP047121.1_40	FLUB|CP047121.1_40
FLUB|CP047121.1_40	LH500|CP044119.1_58
FLUB|CP047121.1_40	DSM20176|AZDF01000006.1_65
FLUB|CP047121.1_40	MGYG|ENA|CABKOL020000106|CABKOL020000106.1_314
FLUB|CP047121.1_40	LMG07934|CP050262.1_40
FLUB|CP047121.1_72	FLUB|CP047121.1_72
FLUB|CP047121.1_72	LMG07934|CP050262.1_54
FLUB|CP047121.1_72	MGYG|ENA|CABKOL020000106|CABKOL020000106.1_347
FLUB|CP047121.1_72	LH500|CP044119.1_74
FLUB|CP047121.1_72	DSM20176|AZDF01000006.1_49
FLUB|CP047121.1_168	FLUB|CP047121.1_168
FLUB|CP047121.1_168	DSM20176|AZDF01000007.1_84
FLUB|CP047121.1_168	MGYG|ENA|CABKOL020000106|CABKOL020000106.1_442
FLUB|CP047121.1_168	LMG07934|CP050262.1_155
FLUB|CP047121.1_168	LH500|CP044119.1_176
FLUB|CP047121.1_200	FLUB|CP047121.1_200
FLUB|CP047121.1_200	MGYG|ENA|CABKOL020000106|CABKOL020000106.1_475
FLUB|CP047121.1_200	LMG07934|CP050262.1_188
FLUB|CP047121.1_232	FLUB|CP047121.1_232
FLUB|CP047121.1_232	LMG07934|CP050262.1_210
FLUB|CP047121.1_232	MGYG|ENA|CABKOL020000106|CABKOL020000106.1_508
FLUB|CP047121.1_232	LH500|CP044119.1_230
FLUB|CP047121.1_232	DSM20176|AZDF01000007.1_30
FLUB|CP047121.1_392	FLUB|CP047121.1_392
FLUB|CP047121.1_392	LH500|CP044119.1_381
FLUB|CP047121.1_392	MGYG|ENA|CABKOL020000106|CABKOL020000106.1_668
FLUB|CP047121.1_392	DSM20176|AZDF01000035.1_11
FLUB|CP047121.1_392	LMG07934|CP050262.1_352
FLUB|CP047121.1_424	FLUB|CP047121.1_424
FLUB|CP047121.1_424	LH500|CP044119.1_414
FLUB|CP047121.1_424	MGYG|ENA|CABKOL020000106|CABKOL020000106.1_700
FLUB|CP047121.1_424	LMG07934|CP050262.1_388
FLUB|CP047121.1_424	DSM20176|AZDF01000003.1_105
FLUB|CP047121.1_488	FLUB|CP047121.1_488
FLUB|CP047121.1_488	LH500|CP044119.1_479
FLUB|CP047121.1_488	MGYG|ENA|CABKOL020000106|CABKOL020000106.1_764
FLUB|CP047121.1_488	LMG07934|CP050262.1_452
FLUB|CP047121.1_488	DSM20176|AZDF01000003.1_41
FLUB|CP047121.1_552	FLUB|CP047121.1_552
FLUB|CP047121.1_584	FLUB|CP047121.1_584
FLUB|CP047121.1_904	FLUB|CP047121.1_904
FLUB|CP047121.1_904	LH500|CP044119.1_703
FLUB|CP047121.1_904	MGYG|ENA|CABKOL020000106|CABKOL020000106.1_1119
FLUB|CP047121.1_904	DSM20176|AZDF01000027.1_17
FLUB|CP047121.1_904	LMG07934|CP050262.1_739
FLUB|CP047121.1_968	FLUB|CP047121.1_968
FLUB|CP047121.1_968	DSM20176|AZDF01000031.1_20
FLUB|CP047121.1_968	LMG07934|CP050262.1_793
FLUB|CP047121.1_968	LH500|CP044119.1_768
FLUB|CP047121.1_968	MGYG|ENA|CABKOL020000106|CABKOL020000106.1_1185
FLUB|CP047121.1_1000	FLUB|CP047121.1_1000
FLUB|CP047121.1_1000	LMG07934|CP050262.1_825
FLUB|CP047121.1_1000	LH500|CP044119.1_800
FLUB|CP047121.1_1000	MGYG|ENA|CABKOL020000106|CABKOL020000106.1_1217
FLUB|CP047121.1_1000	DSM20176|AZDF01000016.1_27
FLUB|CP047121.1_1032	FLUB|CP047121.1_1032
FLUB|CP047121.1_1032	LH500|CP044119.1_829
FLUB|CP047121.1_1032	LMG07934|CP050262.1_856
FLUB|CP047121.1_1032	DSM20176|AZDF01000037.1_5
FLUB|CP047121.1_1032	MGYG|ENA|CABKOL020000106|CABKOL020000106.1_1250
FLUB|CP047121.1_1384	FLUB|CP047121.1_1384
FLUB|CP047121.1_1384	DSM20176|AZDF01000002.1_46
FLUB|CP047121.1_1384	MGYG|ENA|CABKOL020000102|CABKOL020000102.1_179
FLUB|CP047121.1_1384	LH500|CP044119.1_1168
FLUB|CP047121.1_1416	FLUB|CP047121.1_1416
FLUB|CP047121.1_1416	DSM20176|AZDF01000002.1_15
FLUB|CP047121.1_1416	LMG07934|CP050262.1_1222
FLUB|CP047121.1_1416	MGYG|ENA|CABKOL020000102|CABKOL020000102.1_212
FLUB|CP047121.1_1416	LH500|CP044119.1_1200
FLUB|CP047121.1_1544	FLUB|CP047121.1_1544
FLUB|CP047121.1_1544	LH500|CP044119.1_1339
FLUB|CP047121.1_1544	LMG07934|CP050262.1_1431
FLUB|CP047121.1_1544	DSM20176|AZDF01000047.1_6
FLUB|CP047121.1_1544	MGYG|ENA|CABKOL020000102|CABKOL020000102.1_341
FLUB|CP047121.1_1608	FLUB|CP047121.1_1608
FLUB|CP047121.1_1608	LH500|CP044119.1_1403
FLUB|CP047121.1_1608	LMG07934|CP050262.1_1493
FLUB|CP047121.1_1608	DSM20176|AZDF01000008.1_23
FLUB|CP047121.1_1608	MGYG|ENA|CABKOL020000102|CABKOL020000102.1_405
FLUB|CP047121.1_1640	FLUB|CP047121.1_1640
FLUB|CP047121.1_1640	LMG07934|CP050262.1_1525
FLUB|CP047121.1_1640	LH500|CP044119.1_1436
FLUB|CP047121.1_1640	DSM20176|AZDF01000004.1_114
FLUB|CP047121.1_1640	MGYG|ENA|CABKOL020000102|CABKOL020000102.1_437
FLUB|CP047121.1_1704	FLUB|CP047121.1_1704
FLUB|CP047121.1_1704	LMG07934|CP050262.1_1589
FLUB|CP047121.1_1704	LH500|CP044119.1_1501
FLUB|CP047121.1_1704	DSM20176|AZDF01000004.1_49
FLUB|CP047121.1_1704	MGYG|ENA|CABKOL020000102|CABKOL020000102.1_501
FLUB|CP047121.1_1736	FLUB|CP047121.1_1736
FLUB|CP047121.1_1736	LMG07934|CP050262.1_1622
FLUB|CP047121.1_1736	LH500|CP044119.1_1534
FLUB|CP047121.1_1736	DSM20176|AZDF01000004.1_16
FLUB|CP047121.1_1736	MGYG|ENA|CABKOL020000102|CABKOL020000102.1_533
FLUB|CP047121.1_1864	FLUB|CP047121.1_1864
FLUB|CP047121.1_1864	LMG07934|CP050262.1_1747
FLUB|CP047121.1_1864	LH500|CP044119.1_1690
FLUB|CP047121.1_1864	DSM20176|AZDF01000014.1_7
FLUB|CP047121.1_1864	MGYG|ENA|CABKOL020000102|CABKOL020000102.1_660
FLUB|CP047121.1_1896	FLUB|CP047121.1_1896
FLUB|CP047121.1_1928	FLUB|CP047121.1_1928
FLUB|CP047121.1_1960	FLUB|CP047121.1_1960
FLUB|CP047121.1_1992	FLUB|CP047121.1_1992
FLUB|CP047121.1_1992	MGYG|ENA|CABKOL020000099|CABKOL020000099.1_43
FLUB|CP047121.1_1992	LH500|CP044119.1_1760
FLUB|CP047121.1_1992	LMG07934|CP050262.1_1818
FLUB|CP047121.1_1992	DSM20176|AZDF01000012.1_25
FLUB|CP047121.1_2344	FLUB|CP047121.1_2344
FLUB|CP047121.1_2344	MGYG|ENA|CABKOL020000104|CABKOL020000104.1_241
FLUB|CP047121.1_2344	LMG07934|CP050262.1_2153
FLUB|CP047121.1_2408	FLUB|CP047121.1_2408
FLUB|CP047121.1_2408	LMG07934|CP050262.1_2219
FLUB|CP047121.1_2408	MGYG|ENA|CABKOL020000104|CABKOL020000104.1_176
FLUB|CP047121.1_2408	LH500|CP044119.1_2121
FLUB|CP047121.1_2408	DSM20176|AZDF01000032.1_10
FLUB|CP047121.1_2600	FLUB|CP047121.1_2600
FLUB|CP047121.1_2600	MGYG|ENA|CABKOL020000106|CABKOL020000106.1_16
FLUB|CP047121.1_2632	FLUB|CP047121.1_2632
FLUB|CP047121.1_2632	MGYG|ENA|CABKOL020000106|CABKOL020000106.1_48
FLUB|CP047121.1_2696	FLUB|CP047121.1_2696
FLUB|CP047121.1_2696	MGYG|ENA|CABKOL020000106|CABKOL020000106.1_112
FLUB|CP047122.1_27	FLUB|CP047122.1_27
FLUB|CP047123.1_11	FLUB|CP047123.1_11
FLUB|CP047124.1_4	FLUB|CP047124.1_4
LMG07934|CP050262.1_81	LMG07934|CP050262.1_81
LMG07934|CP050262.1_81	MGYG|ENA|CABKOL020000106|CABKOL020000106.1_371
LMG07934|CP050262.1_81	LH500|CP044119.1_101
LMG07934|CP050262.1_81	FLUB|CP047121.1_96
LMG07934|CP050262.1_81	DSM20176|AZDF01000006.1_22
LMG07934|CP050262.1_241	LMG07934|CP050262.1_241
LMG07934|CP050262.1_305	LMG07934|CP050262.1_305
LMG07934|CP050262.1_305	MGYG|ENA|CABKOL020000106|CABKOL020000106.1_594
LMG07934|CP050262.1_305	DSM20176|AZDF01000036.1_13
LMG07934|CP050262.1_305	LH500|CP044119.1_330
LMG07934|CP050262.1_305	FLUB|CP047121.1_317
LMG07934|CP050262.1_369	LMG07934|CP050262.1_369
LMG07934|CP050262.1_369	DSM20176|AZDF01000003.1_124
LMG07934|CP050262.1_369	FLUB|CP047121.1_405
LMG07934|CP050262.1_369	LH500|CP044119.1_395
LMG07934|CP050262.1_369	MGYG|ENA|CABKOL020000106|CABKOL020000106.1_681
LMG07934|CP050262.1_401	LMG07934|CP050262.1_401
LMG07934|CP050262.1_401	DSM20176|AZDF01000003.1_96
LMG07934|CP050262.1_401	LH500|CP044119.1_423
LMG07934|CP050262.1_401	MGYG|ENA|CABKOL020000106|CABKOL020000106.1_709
LMG07934|CP050262.1_401	FLUB|CP047121.1_433
LMG07934|CP050262.1_465	LMG07934|CP050262.1_465
LMG07934|CP050262.1_465	FLUB|CP047121.1_500
LMG07934|CP050262.1_465	DSM20176|AZDF01000003.1_29
LMG07934|CP050262.1_465	LH500|CP044119.1_491
LMG07934|CP050262.1_465	MGYG|ENA|CABKOL020000106|CABKOL020000106.1_776
LMG07934|CP050262.1_529	LMG07934|CP050262.1_529
LMG07934|CP050262.1_529	DSM20176|AZDF01000010.1_33
LMG07934|CP050262.1_529	FLUB|CP047121.1_630
LMG07934|CP050262.1_529	LH500|CP044119.1_553
LMG07934|CP050262.1_529	MGYG|ENA|CABKOL020000106|CABKOL020000106.1_839
LMG07934|CP050262.1_561	LMG07934|CP050262.1_561
LMG07934|CP050262.1_561	DSM20176|AZDF01000010.1_64
LMG07934|CP050262.1_561	LH500|CP044119.1_584
LMG07934|CP050262.1_625	LMG07934|CP050262.1_625
LMG07934|CP050262.1_625	FLUB|CP047121.1_783
LMG07934|CP050262.1_625	MGYG|ENA|CABKOL020000106|CABKOL020000106.1_995
LMG07934|CP050262.1_657	LMG07934|CP050262.1_657
LMG07934|CP050262.1_689	LMG07934|CP050262.1_689
LMG07934|CP050262.1_881	LMG07934|CP050262.1_881
LMG07934|CP050262.1_1265	LMG07934|CP050262.1_1265
LMG07934|CP050262.1_1297	LMG07934|CP050262.1_1297
LMG07934|CP050262.1_1425	LMG07934|CP050262.1_1425
LMG07934|CP050262.1_1681	LMG07934|CP050262.1_1681
LMG07934|CP050262.1_2129	LMG07934|CP050262.1_2129
LMG07934|CP050262.1_2545	LMG07934|CP050262.1_2545
LMG07934|CP050262.1_2545	LH500|CP044119.1_2424
LMG07934|CP050262.1_2545	DSM20176|AZDF01000015.1_37
LMG07934|CP050262.1_2641	LMG07934|CP050262.1_2641
LH500|CP044119.1_88	LH500|CP044119.1_88
LH500|CP044119.1_88	DSM20176|AZDF01000006.1_35
LH500|CP044119.1_88	FLUB|CP047121.1_85
LH500|CP044119.1_88	LMG07934|CP050262.1_67
LH500|CP044119.1_88	MGYG|ENA|CABKOL020000106|CABKOL020000106.1_360
LH500|CP044119.1_344	LH500|CP044119.1_344
LH500|CP044119.1_344	LMG07934|CP050262.1_602
LH500|CP044119.1_344	LH500|CP044119.1_1005
LH500|CP044119.1_344	LH500|CP044119.1_623
LH500|CP044119.1_440	LH500|CP044119.1_440
LH500|CP044119.1_440	DSM20176|AZDF01000003.1_80
LH500|CP044119.1_696	LH500|CP044119.1_696
LH500|CP044119.1_696	DSM20176|AZDF01000027.1_10
LH500|CP044119.1_696	LMG07934|CP050262.1_731
LH500|CP044119.1_888	LH500|CP044119.1_888
LH500|CP044119.1_888	LMG07934|CP050262.1_915
LH500|CP044119.1_888	FLUB|CP047121.1_1105
LH500|CP044119.1_888	MGYG|ENA|CABKOL020000095|CABKOL020000095.1_13
LH500|CP044119.1_888	DSM20176|AZDF01000005.1_100
LH500|CP044119.1_920	LH500|CP044119.1_920
LH500|CP044119.1_920	LMG07934|CP050262.1_947
LH500|CP044119.1_920	FLUB|CP047121.1_1138
LH500|CP044119.1_920	MGYG|ENA|CABKOL020000095|CABKOL020000095.1_45
LH500|CP044119.1_920	DSM20176|AZDF01000005.1_68
LH500|CP044119.1_952	LH500|CP044119.1_952
LH500|CP044119.1_952	LMG07934|CP050262.1_979
LH500|CP044119.1_952	FLUB|CP047121.1_1170
LH500|CP044119.1_952	DSM20176|AZDF01000005.1_36
LH500|CP044119.1_952	MGYG|ENA|CABKOL020000095|CABKOL020000095.1_78
LH500|CP044119.1_984	LH500|CP044119.1_984
LH500|CP044119.1_984	LMG07934|CP050262.1_1010
LH500|CP044119.1_984	FLUB|CP047121.1_1201
LH500|CP044119.1_984	MGYG|ENA|CABKOL020000095|CABKOL020000095.1_109
LH500|CP044119.1_984	DSM20176|AZDF01000005.1_5
LH500|CP044119.1_1336	LH500|CP044119.1_1336
LH500|CP044119.1_1336	LMG07934|CP050262.1_1428
LH500|CP044119.1_1336	DSM20176|AZDF01000047.1_3
LH500|CP044119.1_1592	LH500|CP044119.1_1592
LH500|CP044119.1_1592	LH500|CP044119.1_151
LH500|CP044119.1_1592	LH500|CP044119.1_3
LH500|CP044119.1_1592	LH500|CP044119.1_388
LH500|CP044119.1_1592	LH500|CP044119.1_1732
LH500|CP044119.1_1592	LH500|CP044119.1_262
LH500|CP044119.1_1592	DSM20176|AZDF01000078.1_1
LH500|CP044119.1_1624	LH500|CP044119.1_1624
LH500|CP044119.1_1752	LH500|CP044119.1_1752
LH500|CP044119.1_1752	LMG07934|CP050262.1_1810
LH500|CP044119.1_1752	DSM20176|AZDF01000012.1_17
LH500|CP044119.1_1752	MGYG|ENA|CABKOL020000099|CABKOL020000099.1_51
LH500|CP044119.1_1752	FLUB|CP047121.1_1984
LH500|CP044119.1_1784	LH500|CP044119.1_1784
LH500|CP044119.1_1784	LMG07934|CP050262.1_1842
LH500|CP044119.1_1784	DSM20176|AZDF01000012.1_49
LH500|CP044119.1_1784	MGYG|ENA|CABKOL020000099|CABKOL020000099.1_18
LH500|CP044119.1_1784	FLUB|CP047121.1_2016
LH500|CP044119.1_1816	LH500|CP044119.1_1816
LH500|CP044119.1_1816	DSM20176|AZDF01000026.1_36
LH500|CP044119.1_1848	LH500|CP044119.1_1848
LH500|CP044119.1_1848	DSM20176|AZDF01000026.1_4
LH500|CP044119.1_1880	LH500|CP044119.1_1880
LH500|CP044119.1_1880	FLUB|CP047121.1_2061
LH500|CP044119.1_1880	DSM20176|AZDF01000001.1_26
LH500|CP044119.1_1880	LMG07934|CP050262.1_1883
LH500|CP044119.1_1880	MGYG|ENA|CABKOL020000104|CABKOL020000104.1_524
LH500|CP044119.1_1912	LH500|CP044119.1_1912
LH500|CP044119.1_1912	FLUB|CP047121.1_2093
LH500|CP044119.1_1912	DSM20176|AZDF01000001.1_58
LH500|CP044119.1_1912	LMG07934|CP050262.1_1915
LH500|CP044119.1_1912	MGYG|ENA|CABKOL020000104|CABKOL020000104.1_492
LH500|CP044119.1_1944	LH500|CP044119.1_1944
LH500|CP044119.1_1944	FLUB|CP047121.1_2125
LH500|CP044119.1_1944	DSM20176|AZDF01000001.1_90
LH500|CP044119.1_1944	LMG07934|CP050262.1_1947
LH500|CP044119.1_1944	MGYG|ENA|CABKOL020000104|CABKOL020000104.1_460
LH500|CP044119.1_1976	LH500|CP044119.1_1976
LH500|CP044119.1_1976	FLUB|CP047121.1_2158
LH500|CP044119.1_1976	DSM20176|AZDF01000001.1_122
LH500|CP044119.1_1976	LMG07934|CP050262.1_1979
LH500|CP044119.1_1976	MGYG|ENA|CABKOL020000104|CABKOL020000104.1_427
LH500|CP044119.1_2008	LH500|CP044119.1_2008
LH500|CP044119.1_2008	FLUB|CP047121.1_2189
LH500|CP044119.1_2008	DSM20176|AZDF01000001.1_154
LH500|CP044119.1_2008	MGYG|ENA|CABKOL020000104|CABKOL020000104.1_396
LH500|CP044119.1_2040	LH500|CP044119.1_2040
LH500|CP044119.1_2040	FLUB|CP047121.1_2222
LH500|CP044119.1_2040	DSM20176|AZDF01000001.1_185
LH500|CP044119.1_2040	LMG07934|CP050262.1_2043
LH500|CP044119.1_2040	MGYG|ENA|CABKOL020000104|CABKOL020000104.1_363
LH500|CP044119.1_2072	LH500|CP044119.1_2072
LH500|CP044119.1_2072	DSM20176|AZDF01000001.1_217
LH500|CP044119.1_2072	FLUB|CP047121.1_2256
LH500|CP044119.1_2072	MGYG|ENA|CABKOL020000104|CABKOL020000104.1_329
LH500|CP044119.1_2072	LMG07934|CP050262.1_2074
LH500|CP044119.1_2104	LH500|CP044119.1_2104
LH500|CP044119.1_2168	LH500|CP044119.1_2168
LH500|CP044119.1_2168	MGYG|ENA|CABKOL020000104|CABKOL020000104.1_131
LH500|CP044119.1_2168	DSM20176|AZDF01000020.1_25
LH500|CP044119.1_2168	LMG07934|CP050262.1_2264
LH500|CP044119.1_2168	FLUB|CP047121.1_2452
LH500|CP044119.1_2296	LH500|CP044119.1_2296
LH500|CP044119.1_2296	DSM20176|AZDF01000049.1_8
LH500|CP044119.1_2296	LMG07934|CP050262.1_2406
LH500|CP044119.1_2296	FLUB|CP047121.1_2495
LH500|CP044119.1_2296	MGYG|ENA|CABKOL020000104|CABKOL020000104.1_89
LH500|CP044119.1_2360	LH500|CP044119.1_2360
LH500|CP044119.1_2360	MGYG|ENA|CABKOL020000106|CABKOL020000106.1_2
LH500|CP044119.1_2360	DSM20176|AZDF01000021.1_2
LH500|CP044119.1_2360	FLUB|CP047121.1_2586
LH500|CP044119.1_2360	LMG07934|CP050262.1_2472
LH500|CP044119.1_2520	LH500|CP044119.1_2520
LH500|CP044119.1_2520	DSM20176|AZDF01000034.1_24
LH500|CP044119.1_2552	LH500|CP044119.1_2552
LH500|CP044119.1_2552	MGYG|ENA|CABKOL020000106|CABKOL020000106.1_243
LH500|CP044119.1_2552	FLUB|CP047121.1_2830
LH500|CP044119.1_2552	LMG07934|CP050262.1_2680
LH500|CP044119.1_2552	DSM20176|AZDF01000028.1_25
MGYG|ENA|CABKOL020000038|CABKOL020000038.1_1	MGYG|ENA|CABKOL020000038|CABKOL020000038.1_1
MGYG|ENA|CABKOL020000072|CABKOL020000072.1_1	MGYG|ENA|CABKOL020000072|CABKOL020000072.1_1
MGYG|ENA|CABKOL020000092|CABKOL020000092.1_3	MGYG|ENA|CABKOL020000092|CABKOL020000092.1_3
MGYG|ENA|CABKOL020000095|CABKOL020000095.1_27	MGYG|ENA|CABKOL020000095|CABKOL020000095.1_27
MGYG|ENA|CABKOL020000095|CABKOL020000095.1_27	DSM20176|AZDF01000005.1_86
MGYG|ENA|CABKOL020000095|CABKOL020000095.1_27	LH500|CP044119.1_902
MGYG|ENA|CABKOL020000095|CABKOL020000095.1_27	LMG07934|CP050262.1_929
MGYG|ENA|CABKOL020000095|CABKOL020000095.1_27	FLUB|CP047121.1_1120
MGYG|ENA|CABKOL020000095|CABKOL020000095.1_59	MGYG|ENA|CABKOL020000095|CABKOL020000095.1_59
MGYG|ENA|CABKOL020000095|CABKOL020000095.1_59	DSM20176|AZDF01000005.1_54
MGYG|ENA|CABKOL020000095|CABKOL020000095.1_59	LH500|CP044119.1_934
MGYG|ENA|CABKOL020000095|CABKOL020000095.1_59	LMG07934|CP050262.1_961
MGYG|ENA|CABKOL020000095|CABKOL020000095.1_59	FLUB|CP047121.1_1152
MGYG|ENA|CABKOL020000095|CABKOL020000095.1_91	MGYG|ENA|CABKOL020000095|CABKOL020000095.1_91
MGYG|ENA|CABKOL020000095|CABKOL020000095.1_91	DSM20176|AZDF01000005.1_23
MGYG|ENA|CABKOL020000095|CABKOL020000095.1_91	LH500|CP044119.1_965
MGYG|ENA|CABKOL020000095|CABKOL020000095.1_91	LMG07934|CP050262.1_992
MGYG|ENA|CABKOL020000095|CABKOL020000095.1_91	FLUB|CP047121.1_1183
MGYG|ENA|CABKOL020000099|CABKOL020000099.1_4	MGYG|ENA|CABKOL020000099|CABKOL020000099.1_4
MGYG|ENA|CABKOL020000099|CABKOL020000099.1_4	FLUB|CP047121.1_2030
MGYG|ENA|CABKOL020000099|CABKOL020000099.1_4	LMG07934|CP050262.1_1855
MGYG|ENA|CABKOL020000099|CABKOL020000099.1_4	LH500|CP044119.1_1798
MGYG|ENA|CABKOL020000099|CABKOL020000099.1_4	DSM20176|AZDF01000042.1_2
MGYG|ENA|CABKOL020000099|CABKOL020000099.1_36	MGYG|ENA|CABKOL020000099|CABKOL020000099.1_36
MGYG|ENA|CABKOL020000099|CABKOL020000099.1_36	FLUB|CP047121.1_1999
MGYG|ENA|CABKOL020000099|CABKOL020000099.1_36	LH500|CP044119.1_1767
MGYG|ENA|CABKOL020000099|CABKOL020000099.1_36	LMG07934|CP050262.1_1825
MGYG|ENA|CABKOL020000099|CABKOL020000099.1_36	DSM20176|AZDF01000012.1_32
MGYG|ENA|CABKOL020000100|CABKOL020000100.1_1	MGYG|ENA|CABKOL020000100|CABKOL020000100.1_1
LMG07934|CP050262.1_1455	LMG07934|CP050262.1_1455
LMG07934|CP050262.1_1807	LMG07934|CP050262.1_1807
LMG07934|CP050262.1_1807	LH500|CP044119.1_1749
LMG07934|CP050262.1_1807	DSM20176|AZDF01000012.1_14
LMG07934|CP050262.1_1807	MGYG|ENA|CABKOL020000099|CABKOL020000099.1_54
LMG07934|CP050262.1_1807	FLUB|CP047121.1_1981
LMG07934|CP050262.1_2191	LMG07934|CP050262.1_2191
LMG07934|CP050262.1_2191	DSM20176|AZDF01000033.1_21
LMG07934|CP050262.1_2191	FLUB|CP047121.1_2381
LMG07934|CP050262.1_2191	MGYG|ENA|CABKOL020000104|CABKOL020000104.1_204
LMG07934|CP050262.1_2191	LH500|CP044119.1_2090
LMG07934|CP050262.1_2351	LMG07934|CP050262.1_2351
LMG07934|CP050262.1_2351	DSM20176|AZDF01000009.1_23
LMG07934|CP050262.1_2351	LH500|CP044119.1_2254
LMG07934|CP050262.1_2383	LMG07934|CP050262.1_2383
LMG07934|CP050262.1_2383	DSM20176|AZDF01000048.1_9
LMG07934|CP050262.1_2383	LH500|CP044119.1_2281
LMG07934|CP050262.1_2415	LMG07934|CP050262.1_2415
LMG07934|CP050262.1_2415	LH500|CP044119.1_2304
LMG07934|CP050262.1_2415	DSM20176|AZDF01000011.1_1
LMG07934|CP050262.1_2479	LMG07934|CP050262.1_2479
LMG07934|CP050262.1_2479	LH500|CP044119.1_2366
LMG07934|CP050262.1_2479	MGYG|ENA|CABKOL020000106|CABKOL020000106.1_8
LMG07934|CP050262.1_2479	DSM20176|AZDF01000021.1_8
LMG07934|CP050262.1_2479	FLUB|CP047121.1_2592
LMG07934|CP050262.1_2639	LMG07934|CP050262.1_2639
LH500|CP044119.1_118	LH500|CP044119.1_118
LH500|CP044119.1_118	FLUB|CP047121.1_108
LH500|CP044119.1_118	DSM20176|AZDF01000006.1_5
LH500|CP044119.1_118	MGYG|ENA|CABKOL020000106|CABKOL020000106.1_383
LH500|CP044119.1_118	LMG07934|CP050262.1_102
LH500|CP044119.1_150	LH500|CP044119.1_150
LH500|CP044119.1_150	FLUB|CP047121.1_136
LH500|CP044119.1_150	DSM20176|AZDF01000065.1_5
LH500|CP044119.1_150	MGYG|ENA|CABKOL020000106|CABKOL020000106.1_411
LH500|CP044119.1_150	LMG07934|CP050262.1_132
LH500|CP044119.1_182	LH500|CP044119.1_182
LH500|CP044119.1_182	DSM20176|AZDF01000007.1_78
LH500|CP044119.1_182	FLUB|CP047121.1_174
LH500|CP044119.1_182	MGYG|ENA|CABKOL020000106|CABKOL020000106.1_449
LH500|CP044119.1_182	LMG07934|CP050262.1_162
LH500|CP044119.1_214	LH500|CP044119.1_214
LH500|CP044119.1_214	DSM20176|AZDF01000007.1_46
LH500|CP044119.1_214	FLUB|CP047121.1_206
LH500|CP044119.1_214	MGYG|ENA|CABKOL020000106|CABKOL020000106.1_481
LH500|CP044119.1_214	LMG07934|CP050262.1_194
LH500|CP044119.1_342	LH500|CP044119.1_342
LH500|CP044119.1_342	FLUB|CP047121.1_334
LH500|CP044119.1_342	LMG07934|CP050262.1_316
LH500|CP044119.1_342	MGYG|ENA|CABKOL020000106|CABKOL020000106.1_611
LH500|CP044119.1_342	DSM20176|AZDF01000036.1_1
LH500|CP044119.1_406	LH500|CP044119.1_406
LH500|CP044119.1_406	DSM20176|AZDF01000003.1_113
LH500|CP044119.1_406	MGYG|ENA|CABKOL020000106|CABKOL020000106.1_692
LH500|CP044119.1_406	LMG07934|CP050262.1_380
LH500|CP044119.1_406	FLUB|CP047121.1_416
LH500|CP044119.1_438	LH500|CP044119.1_438
LH500|CP044119.1_438	MGYG|ENA|CABKOL020000106|CABKOL020000106.1_723
LH500|CP044119.1_438	DSM20176|AZDF01000003.1_82
LH500|CP044119.1_438	LMG07934|CP050262.1_414
LH500|CP044119.1_438	FLUB|CP047121.1_447
LH500|CP044119.1_502	LH500|CP044119.1_502
LH500|CP044119.1_662	LH500|CP044119.1_662
LH500|CP044119.1_662	MGYG|ENA|CABKOL020000106|CABKOL020000106.1_1073
LH500|CP044119.1_662	LMG07934|CP050262.1_701
LH500|CP044119.1_662	DSM20176|AZDF01000051.1_11
LH500|CP044119.1_662	FLUB|CP047121.1_859
LH500|CP044119.1_694	LH500|CP044119.1_694
LH500|CP044119.1_694	MGYG|ENA|CABKOL020000106|CABKOL020000106.1_1107
LH500|CP044119.1_694	DSM20176|AZDF01000027.1_8
LH500|CP044119.1_694	LMG07934|CP050262.1_729
LH500|CP044119.1_694	FLUB|CP047121.1_892
LH500|CP044119.1_854	LH500|CP044119.1_854
LH500|CP044119.1_854	DSM20176|AZDF01000030.1_8
LH500|CP044119.1_886	LH500|CP044119.1_886
LH500|CP044119.1_886	LMG07934|CP050262.1_913
LH500|CP044119.1_886	FLUB|CP047121.1_1103
LH500|CP044119.1_886	MGYG|ENA|CABKOL020000095|CABKOL020000095.1_11
LH500|CP044119.1_886	DSM20176|AZDF01000005.1_102
LH500|CP044119.1_918	LH500|CP044119.1_918
LH500|CP044119.1_918	LMG07934|CP050262.1_945
LH500|CP044119.1_918	FLUB|CP047121.1_1136
LH500|CP044119.1_918	MGYG|ENA|CABKOL020000095|CABKOL020000095.1_43
LH500|CP044119.1_918	DSM20176|AZDF01000005.1_70
LH500|CP044119.1_950	LH500|CP044119.1_950
LH500|CP044119.1_950	LMG07934|CP050262.1_977
LH500|CP044119.1_950	FLUB|CP047121.1_1168
LH500|CP044119.1_950	MGYG|ENA|CABKOL020000095|CABKOL020000095.1_76
LH500|CP044119.1_950	DSM20176|AZDF01000005.1_38
LH500|CP044119.1_982	LH500|CP044119.1_982
LH500|CP044119.1_982	LMG07934|CP050262.1_1008
LH500|CP044119.1_982	FLUB|CP047121.1_1199
LH500|CP044119.1_982	MGYG|ENA|CABKOL020000095|CABKOL020000095.1_107
LH500|CP044119.1_982	DSM20176|AZDF01000005.1_7
LH500|CP044119.1_1526	LH500|CP044119.1_1526
LH500|CP044119.1_1526	LMG07934|CP050262.1_1614
LH500|CP044119.1_1526	MGYG|ENA|CABKOL020000102|CABKOL020000102.1_525
LH500|CP044119.1_1526	DSM20176|AZDF01000004.1_24
LH500|CP044119.1_1526	FLUB|CP047121.1_1728
LH500|CP044119.1_1750	LH500|CP044119.1_1750
LH500|CP044119.1_1750	LMG07934|CP050262.1_1808
LH500|CP044119.1_1750	DSM20176|AZDF01000012.1_15
LH500|CP044119.1_1750	MGYG|ENA|CABKOL020000099|CABKOL020000099.1_53
LH500|CP044119.1_1750	FLUB|CP047121.1_1982
LH500|CP044119.1_1782	LH500|CP044119.1_1782
LH500|CP044119.1_1782	LMG07934|CP050262.1_1840
LH500|CP044119.1_1782	DSM20176|AZDF01000012.1_47
LH500|CP044119.1_1782	MGYG|ENA|CABKOL020000099|CABKOL020000099.1_20
LH500|CP044119.1_1782	FLUB|CP047121.1_2014
LH500|CP044119.1_1878	LH500|CP044119.1_1878
LH500|CP044119.1_1910	LH500|CP044119.1_1910
LH500|CP044119.1_1910	FLUB|CP047121.1_2091
LH500|CP044119.1_1910	DSM20176|AZDF01000001.1_56
LH500|CP044119.1_1910	LMG07934|CP050262.1_1913
LH500|CP044119.1_1910	MGYG|ENA|CABKOL020000104|CABKOL020000104.1_494
LH500|CP044119.1_1942	LH500|CP044119.1_1942
LH500|CP044119.1_1942	FLUB|CP047121.1_2123
LH500|CP044119.1_1942	DSM20176|AZDF01000001.1_88
LH500|CP044119.1_1942	LMG07934|CP050262.1_1945
LH500|CP044119.1_1942	MGYG|ENA|CABKOL020000104|CABKOL020000104.1_462
LH500|CP044119.1_1974	LH500|CP044119.1_1974
LH500|CP044119.1_1974	FLUB|CP047121.1_2156
LH500|CP044119.1_1974	DSM20176|AZDF01000001.1_120
LH500|CP044119.1_1974	LMG07934|CP050262.1_1977
LH500|CP044119.1_1974	MGYG|ENA|CABKOL020000104|CABKOL020000104.1_429
LH500|CP044119.1_2070	LH500|CP044119.1_2070
LH500|CP044119.1_2070	DSM20176|AZDF01000001.1_215
LH500|CP044119.1_2070	FLUB|CP047121.1_2254
LH500|CP044119.1_2070	LMG07934|CP050262.1_2072
LH500|CP044119.1_2070	MGYG|ENA|CABKOL020000104|CABKOL020000104.1_331
LH500|CP044119.1_2134	LH500|CP044119.1_2134
LH500|CP044119.1_2134	MGYG|ENA|CABKOL020000104|CABKOL020000104.1_162
LH500|CP044119.1_2134	DSM20176|AZDF01000032.1_23
LH500|CP044119.1_2134	LMG07934|CP050262.1_2232
LH500|CP044119.1_2134	FLUB|CP047121.1_2421
LH500|CP044119.1_2230	LH500|CP044119.1_2230
LH500|CP044119.1_2230	DSM20176|AZDF01000009.1_47
LH500|CP044119.1_2230	LMG07934|CP050262.1_2323
LH500|CP044119.1_2326	LH500|CP044119.1_2326
LH500|CP044119.1_2326	MGYG|ENA|CABKOL020000104|CABKOL020000104.1_33
LH500|CP044119.1_2326	DSM20176|AZDF01000011.1_23
LH500|CP044119.1_2326	FLUB|CP047121.1_2551
LH500|CP044119.1_2326	LMG07934|CP050262.1_2437
LH500|CP044119.1_2358	LH500|CP044119.1_2358
LH500|CP044119.1_2358	MGYG|ENA|CABKOL020000104|CABKOL020000104.1_1
LH500|CP044119.1_2358	DSM20176|AZDF01000011.1_55
LH500|CP044119.1_2358	FLUB|CP047121.1_2583
LH500|CP044119.1_2358	LMG07934|CP050262.1_2469
LH500|CP044119.1_2550	LH500|CP044119.1_2550
LH500|CP044119.1_2550	MGYG|ENA|CABKOL020000106|CABKOL020000106.1_241
LH500|CP044119.1_2550	FLUB|CP047121.1_2828
LH500|CP044119.1_2550	LMG07934|CP050262.1_2678
LH500|CP044119.1_2550	DSM20176|AZDF01000028.1_23
MGYG|ENA|CABKOL020000036|CABKOL020000036.1_1	MGYG|ENA|CABKOL020000036|CABKOL020000036.1_1
MGYG|ENA|CABKOL020000070|CABKOL020000070.1_1	MGYG|ENA|CABKOL020000070|CABKOL020000070.1_1
MGYG|ENA|CABKOL020000092|CABKOL020000092.1_1	MGYG|ENA|CABKOL020000092|CABKOL020000092.1_1
MGYG|ENA|CABKOL020000095|CABKOL020000095.1_25	MGYG|ENA|CABKOL020000095|CABKOL020000095.1_25
MGYG|ENA|CABKOL020000095|CABKOL020000095.1_25	DSM20176|AZDF01000005.1_88
MGYG|ENA|CABKOL020000095|CABKOL020000095.1_25	LH500|CP044119.1_900
MGYG|ENA|CABKOL020000095|CABKOL020000095.1_25	LMG07934|CP050262.1_927
MGYG|ENA|CABKOL020000095|CABKOL020000095.1_25	FLUB|CP047121.1_1118
MGYG|ENA|CABKOL020000095|CABKOL020000095.1_57	MGYG|ENA|CABKOL020000095|CABKOL020000095.1_57
MGYG|ENA|CABKOL020000095|CABKOL020000095.1_57	DSM20176|AZDF01000005.1_56
MGYG|ENA|CABKOL020000095|CABKOL020000095.1_57	LH500|CP044119.1_932
MGYG|ENA|CABKOL020000095|CABKOL020000095.1_57	LMG07934|CP050262.1_959
MGYG|ENA|CABKOL020000095|CABKOL020000095.1_57	FLUB|CP047121.1_1150
MGYG|ENA|CABKOL020000095|CABKOL020000095.1_89	MGYG|ENA|CABKOL020000095|CABKOL020000095.1_89
MGYG|ENA|CABKOL020000095|CABKOL020000095.1_89	DSM20176|AZDF01000005.1_25
MGYG|ENA|CABKOL020000095|CABKOL020000095.1_89	LH500|CP044119.1_963
MGYG|ENA|CABKOL020000095|CABKOL020000095.1_89	LMG07934|CP050262.1_990
MGYG|ENA|CABKOL020000095|CABKOL020000095.1_89	FLUB|CP047121.1_1181
MGYG|ENA|CABKOL020000099|CABKOL020000099.1_2	MGYG|ENA|CABKOL020000099|CABKOL020000099.1_2
MGYG|ENA|CABKOL020000099|CABKOL020000099.1_2	FLUB|CP047121.1_2032
MGYG|ENA|CABKOL020000099|CABKOL020000099.1_34	MGYG|ENA|CABKOL020000099|CABKOL020000099.1_34
MGYG|ENA|CABKOL020000099|CABKOL020000099.1_34	FLUB|CP047121.1_2000
MGYG|ENA|CABKOL020000099|CABKOL020000099.1_34	LH500|CP044119.1_1768
MGYG|ENA|CABKOL020000099|CABKOL020000099.1_34	LMG07934|CP050262.1_1826
MGYG|ENA|CABKOL020000099|CABKOL020000099.1_34	DSM20176|AZDF01000012.1_33
MGYG|ENA|CABKOL020000099|CABKOL020000099.1_66	MGYG|ENA|CABKOL020000099|CABKOL020000099.1_66
MGYG|ENA|CABKOL020000099|CABKOL020000099.1_66	FLUB|CP047121.1_1969
MGYG|ENA|CABKOL020000099|CABKOL020000099.1_66	LH500|CP044119.1_1737
MGYG|ENA|CABKOL020000099|CABKOL020000099.1_66	LMG07934|CP050262.1_1795
MGYG|ENA|CABKOL020000099|CABKOL020000099.1_66	DSM20176|AZDF01000012.1_2
MGYG|ENA|CABKOL020000101|CABKOL020000101.1_8	MGYG|ENA|CABKOL020000101|CABKOL020000101.1_8
MGYG|ENA|CABKOL020000102|CABKOL020000102.1_91	MGYG|ENA|CABKOL020000102|CABKOL020000102.1_91
MGYG|ENA|CABKOL020000102|CABKOL020000102.1_91	LMG07934|CP050262.1_1104
MGYG|ENA|CABKOL020000102|CABKOL020000102.1_91	DSM20176|AZDF01000002.1_133
MGYG|ENA|CABKOL020000102|CABKOL020000102.1_91	LH500|CP044119.1_1081
MGYG|ENA|CABKOL020000102|CABKOL020000102.1_91	FLUB|CP047121.1_1296
MGYG|ENA|CABKOL020000102|CABKOL020000102.1_187	MGYG|ENA|CABKOL020000102|CABKOL020000102.1_187
MGYG|ENA|CABKOL020000102|CABKOL020000102.1_187	LMG07934|CP050262.1_1198
MGYG|ENA|CABKOL020000102|CABKOL020000102.1_187	LH500|CP044119.1_1176
MGYG|ENA|CABKOL020000102|CABKOL020000102.1_187	DSM20176|AZDF01000002.1_39
MGYG|ENA|CABKOL020000102|CABKOL020000102.1_187	FLUB|CP047121.1_1392
MGYG|ENA|CABKOL020000102|CABKOL020000102.1_251	MGYG|ENA|CABKOL020000102|CABKOL020000102.1_251
MGYG|ENA|CABKOL020000102|CABKOL020000102.1_251	DSM20176|AZDF01000018.1_20
MGYG|ENA|CABKOL020000102|CABKOL020000102.1_251	FLUB|CP047121.1_1454
MGYG|ENA|CABKOL020000102|CABKOL020000102.1_251	LH500|CP044119.1_1248
MGYG|ENA|CABKOL020000102|CABKOL020000102.1_251	LMG07934|CP050262.1_1341
MGYG|ENA|CABKOL020000102|CABKOL020000102.1_283	MGYG|ENA|CABKOL020000102|CABKOL020000102.1_283
MGYG|ENA|CABKOL020000102|CABKOL020000102.1_283	DSM20176|AZDF01000013.1_17
MGYG|ENA|CABKOL020000102|CABKOL020000102.1_283	FLUB|CP047121.1_1486
MGYG|ENA|CABKOL020000102|CABKOL020000102.1_283	LH500|CP044119.1_1280
MGYG|ENA|CABKOL020000102|CABKOL020000102.1_283	LMG07934|CP050262.1_1373
MGYG|ENA|CABKOL020000102|CABKOL020000102.1_347	MGYG|ENA|CABKOL020000102|CABKOL020000102.1_347
MGYG|ENA|CABKOL020000102|CABKOL020000102.1_347	DSM20176|AZDF01000008.1_78
MGYG|ENA|CABKOL020000102|CABKOL020000102.1_347	FLUB|CP047121.1_1550
MGYG|ENA|CABKOL020000102|CABKOL020000102.1_347	LMG07934|CP050262.1_1437
MGYG|ENA|CABKOL020000102|CABKOL020000102.1_347	LH500|CP044119.1_1348
MGYG|ENA|CABKOL020000102|CABKOL020000102.1_379	MGYG|ENA|CABKOL020000102|CABKOL020000102.1_379
MGYG|ENA|CABKOL020000102|CABKOL020000102.1_379	DSM20176|AZDF01000008.1_50
MGYG|ENA|CABKOL020000102|CABKOL020000102.1_379	FLUB|CP047121.1_1582
MGYG|ENA|CABKOL020000102|CABKOL020000102.1_379	LH500|CP044119.1_1376
MGYG|ENA|CABKOL020000102|CABKOL020000102.1_379	LMG07934|CP050262.1_1467
MGYG|ENA|CABKOL020000102|CABKOL020000102.1_411	MGYG|ENA|CABKOL020000102|CABKOL020000102.1_411
MGYG|ENA|CABKOL020000102|CABKOL020000102.1_411	DSM20176|AZDF01000008.1_17
MGYG|ENA|CABKOL020000102|CABKOL020000102.1_411	FLUB|CP047121.1_1614
MGYG|ENA|CABKOL020000102|CABKOL020000102.1_411	LH500|CP044119.1_1409
MGYG|ENA|CABKOL020000102|CABKOL020000102.1_411	LMG07934|CP050262.1_1499
MGYG|ENA|CABKOL020000102|CABKOL020000102.1_443	MGYG|ENA|CABKOL020000102|CABKOL020000102.1_443
MGYG|ENA|CABKOL020000102|CABKOL020000102.1_443	FLUB|CP047121.1_1646
MGYG|ENA|CABKOL020000102|CABKOL020000102.1_443	DSM20176|AZDF01000004.1_108
MGYG|ENA|CABKOL020000102|CABKOL020000102.1_443	LMG07934|CP050262.1_1531
MGYG|ENA|CABKOL020000102|CABKOL020000102.1_443	LH500|CP044119.1_1442
MGYG|ENA|CABKOL020000102|CABKOL020000102.1_475	MGYG|ENA|CABKOL020000102|CABKOL020000102.1_475
MGYG|ENA|CABKOL020000102|CABKOL020000102.1_475	FLUB|CP047121.1_1678
MGYG|ENA|CABKOL020000102|CABKOL020000102.1_475	DSM20176|AZDF01000004.1_75
MGYG|ENA|CABKOL020000102|CABKOL020000102.1_475	LMG07934|CP050262.1_1563
MGYG|ENA|CABKOL020000102|CABKOL020000102.1_475	LH500|CP044119.1_1475
MGYG|ENA|CABKOL020000102|CABKOL020000102.1_507	MGYG|ENA|CABKOL020000102|CABKOL020000102.1_507
MGYG|ENA|CABKOL020000102|CABKOL020000102.1_507	FLUB|CP047121.1_1710
MGYG|ENA|CABKOL020000102|CABKOL020000102.1_507	DSM20176|AZDF01000004.1_43
MGYG|ENA|CABKOL020000102|CABKOL020000102.1_507	LMG07934|CP050262.1_1595
MGYG|ENA|CABKOL020000102|CABKOL020000102.1_507	LH500|CP044119.1_1507
MGYG|ENA|CABKOL020000102|CABKOL020000102.1_603	MGYG|ENA|CABKOL020000102|CABKOL020000102.1_603
MGYG|ENA|CABKOL020000102|CABKOL020000102.1_603	DSM20176|AZDF01000025.1_10
MGYG|ENA|CABKOL020000102|CABKOL020000102.1_603	FLUB|CP047121.1_1806
MGYG|ENA|CABKOL020000102|CABKOL020000102.1_603	LMG07934|CP050262.1_1691
MGYG|ENA|CABKOL020000102|CABKOL020000102.1_603	LH500|CP044119.1_1602
MGYG|ENA|CABKOL020000102|CABKOL020000102.1_635	MGYG|ENA|CABKOL020000102|CABKOL020000102.1_635
MGYG|ENA|CABKOL020000102|CABKOL020000102.1_635	DSM20176|AZDF01000023.1_11
MGYG|ENA|CABKOL020000102|CABKOL020000102.1_635	FLUB|CP047121.1_1839
MGYG|ENA|CABKOL020000102|CABKOL020000102.1_635	LMG07934|CP050262.1_1722
MGYG|ENA|CABKOL020000102|CABKOL020000102.1_635	LH500|CP044119.1_1636
MGYG|ENA|CABKOL020000102|CABKOL020000102.1_667	MGYG|ENA|CABKOL020000102|CABKOL020000102.1_667
MGYG|ENA|CABKOL020000102|CABKOL020000102.1_667	FLUB|CP047121.1_1870
MGYG|ENA|CABKOL020000102|CABKOL020000102.1_667	LMG07934|CP050262.1_1754
MGYG|ENA|CABKOL020000102|CABKOL020000102.1_667	LH500|CP044119.1_1697
MGYG|ENA|CABKOL020000102|CABKOL020000102.1_667	DSM20176|AZDF01000014.1_14
MGYG|ENA|CABKOL020000102|CABKOL020000102.1_699	MGYG|ENA|CABKOL020000102|CABKOL020000102.1_699
MGYG|ENA|CABKOL020000102|CABKOL020000102.1_699	FLUB|CP047121.1_1962
MGYG|ENA|CABKOL020000102|CABKOL020000102.1_699	LMG07934|CP050262.1_1786
MGYG|ENA|CABKOL020000102|CABKOL020000102.1_699	LH500|CP044119.1_1729
MGYG|ENA|CABKOL020000102|CABKOL020000102.1_699	DSM20176|AZDF01000014.1_46
MGYG|ENA|CABKOL020000104|CABKOL020000104.1_31	MGYG|ENA|CABKOL020000104|CABKOL020000104.1_31
MGYG|ENA|CABKOL020000104|CABKOL020000104.1_31	LH500|CP044119.1_2328
MGYG|ENA|CABKOL020000104|CABKOL020000104.1_31	DSM20176|AZDF01000011.1_25
MGYG|ENA|CABKOL020000104|CABKOL020000104.1_31	FLUB|CP047121.1_2553
MGYG|ENA|CABKOL020000104|CABKOL020000104.1_31	LMG07934|CP050262.1_2439
MGYG|ENA|CABKOL020000104|CABKOL020000104.1_127	MGYG|ENA|CABKOL020000104|CABKOL020000104.1_127
MGYG|ENA|CABKOL020000104|CABKOL020000104.1_127	LH500|CP044119.1_2172
MGYG|ENA|CABKOL020000104|CABKOL020000104.1_127	DSM20176|AZDF01000020.1_29
MGYG|ENA|CABKOL020000104|CABKOL020000104.1_127	LMG07934|CP050262.1_2268
MGYG|ENA|CABKOL020000104|CABKOL020000104.1_127	FLUB|CP047121.1_2456
MGYG|ENA|CABKOL020000104|CABKOL020000104.1_159	MGYG|ENA|CABKOL020000104|CABKOL020000104.1_159
MGYG|ENA|CABKOL020000104|CABKOL020000104.1_159	LH500|CP044119.1_2137
MGYG|ENA|CABKOL020000104|CABKOL020000104.1_159	DSM20176|AZDF01000032.1_26
MGYG|ENA|CABKOL020000104|CABKOL020000104.1_159	LMG07934|CP050262.1_2235
MGYG|ENA|CABKOL020000104|CABKOL020000104.1_159	FLUB|CP047121.1_2424
MGYG|ENA|CABKOL020000104|CABKOL020000104.1_191	MGYG|ENA|CABKOL020000104|CABKOL020000104.1_191
MGYG|ENA|CABKOL020000104|CABKOL020000104.1_191	LH500|CP044119.1_2106
MGYG|ENA|CABKOL020000104|CABKOL020000104.1_191	LMG07934|CP050262.1_2205
MGYG|ENA|CABKOL020000104|CABKOL020000104.1_191	DSM20176|AZDF01000033.1_6
MGYG|ENA|CABKOL020000104|CABKOL020000104.1_191	FLUB|CP047121.1_2394
MGYG|ENA|CABKOL020000104|CABKOL020000104.1_223	MGYG|ENA|CABKOL020000104|CABKOL020000104.1_223
MGYG|ENA|CABKOL020000104|CABKOL020000104.1_223	LMG07934|CP050262.1_2170
MGYG|ENA|CABKOL020000104|CABKOL020000104.1_223	FLUB|CP047121.1_2362
MGYG|ENA|CABKOL020000104|CABKOL020000104.1_255	MGYG|ENA|CABKOL020000104|CABKOL020000104.1_255
MGYG|ENA|CABKOL020000104|CABKOL020000104.1_255	LMG07934|CP050262.1_2138
MGYG|ENA|CABKOL020000104|CABKOL020000104.1_255	FLUB|CP047121.1_2330
MGYG|ENA|CABKOL020000104|CABKOL020000104.1_287	MGYG|ENA|CABKOL020000104|CABKOL020000104.1_287
MGYG|ENA|CABKOL020000104|CABKOL020000104.1_287	LMG07934|CP050262.1_2111
MGYG|ENA|CABKOL020000104|CABKOL020000104.1_287	FLUB|CP047121.1_2298
MGYG|ENA|CABKOL020000104|CABKOL020000104.1_319	MGYG|ENA|CABKOL020000104|CABKOL020000104.1_319
MGYG|ENA|CABKOL020000104|CABKOL020000104.1_319	LMG07934|CP050262.1_2082
MGYG|ENA|CABKOL020000104|CABKOL020000104.1_319	FLUB|CP047121.1_2266
MGYG|ENA|CABKOL020000104|CABKOL020000104.1_351	MGYG|ENA|CABKOL020000104|CABKOL020000104.1_351
MGYG|ENA|CABKOL020000104|CABKOL020000104.1_351	LH500|CP044119.1_2052
MGYG|ENA|CABKOL020000104|CABKOL020000104.1_351	FLUB|CP047121.1_2234
MGYG|ENA|CABKOL020000104|CABKOL020000104.1_351	DSM20176|AZDF01000001.1_197
MGYG|ENA|CABKOL020000104|CABKOL020000104.1_351	LMG07934|CP050262.1_2055
MGYG|ENA|CABKOL020000104|CABKOL020000104.1_383	MGYG|ENA|CABKOL020000104|CABKOL020000104.1_383
MGYG|ENA|CABKOL020000104|CABKOL020000104.1_383	LH500|CP044119.1_2021
MGYG|ENA|CABKOL020000104|CABKOL020000104.1_383	FLUB|CP047121.1_2202
MGYG|ENA|CABKOL020000104|CABKOL020000104.1_383	DSM20176|AZDF01000001.1_167
MGYG|ENA|CABKOL020000104|CABKOL020000104.1_383	LMG07934|CP050262.1_2024
MGYG|ENA|CABKOL020000104|CABKOL020000104.1_415	MGYG|ENA|CABKOL020000104|CABKOL020000104.1_415
MGYG|ENA|CABKOL020000104|CABKOL020000104.1_415	LH500|CP044119.1_1989
MGYG|ENA|CABKOL020000104|CABKOL020000104.1_415	FLUB|CP047121.1_2170
MGYG|ENA|CABKOL020000104|CABKOL020000104.1_415	DSM20176|AZDF01000001.1_135
MGYG|ENA|CABKOL020000104|CABKOL020000104.1_415	LMG07934|CP050262.1_1992
MGYG|ENA|CABKOL020000104|CABKOL020000104.1_447	MGYG|ENA|CABKOL020000104|CABKOL020000104.1_447
MGYG|ENA|CABKOL020000104|CABKOL020000104.1_447	LH500|CP044119.1_1957
MGYG|ENA|CABKOL020000104|CABKOL020000104.1_447	FLUB|CP047121.1_2138
MGYG|ENA|CABKOL020000104|CABKOL020000104.1_447	DSM20176|AZDF01000001.1_103
MGYG|ENA|CABKOL020000104|CABKOL020000104.1_447	LMG07934|CP050262.1_1960
MGYG|ENA|CABKOL020000104|CABKOL020000104.1_479	MGYG|ENA|CABKOL020000104|CABKOL020000104.1_479
MGYG|ENA|CABKOL020000104|CABKOL020000104.1_479	LH500|CP044119.1_1925
MGYG|ENA|CABKOL020000104|CABKOL020000104.1_479	FLUB|CP047121.1_2106
MGYG|ENA|CABKOL020000104|CABKOL020000104.1_479	DSM20176|AZDF01000001.1_71
MGYG|ENA|CABKOL020000104|CABKOL020000104.1_479	LMG07934|CP050262.1_1928
MGYG|ENA|CABKOL020000104|CABKOL020000104.1_511	MGYG|ENA|CABKOL020000104|CABKOL020000104.1_511
MGYG|ENA|CABKOL020000104|CABKOL020000104.1_511	LH500|CP044119.1_1893
MGYG|ENA|CABKOL020000104|CABKOL020000104.1_511	FLUB|CP047121.1_2074
MGYG|ENA|CABKOL020000104|CABKOL020000104.1_511	DSM20176|AZDF01000001.1_39
MGYG|ENA|CABKOL020000104|CABKOL020000104.1_511	LMG07934|CP050262.1_1896
MGYG|ENA|CABKOL020000104|CABKOL020000104.1_543	MGYG|ENA|CABKOL020000104|CABKOL020000104.1_543
MGYG|ENA|CABKOL020000104|CABKOL020000104.1_543	LH500|CP044119.1_1860
MGYG|ENA|CABKOL020000104|CABKOL020000104.1_543	FLUB|CP047121.1_2042
MGYG|ENA|CABKOL020000104|CABKOL020000104.1_543	DSM20176|AZDF01000001.1_8
MGYG|ENA|CABKOL020000104|CABKOL020000104.1_543	LMG07934|CP050262.1_1865
MGYG|ENA|CABKOL020000105|CABKOL020000105.1_25	MGYG|ENA|CABKOL020000105|CABKOL020000105.1_25
MGYG|ENA|CABKOL020000106|CABKOL020000106.1_144	MGYG|ENA|CABKOL020000106|CABKOL020000106.1_144
MGYG|ENA|CABKOL020000106|CABKOL020000106.1_144	FLUB|CP047121.1_2730
MGYG|ENA|CABKOL020000106|CABKOL020000106.1_144	LH500|CP044119.1_2458
MGYG|ENA|CABKOL020000106|CABKOL020000106.1_144	LMG07934|CP050262.1_2581
MGYG|ENA|CABKOL020000106|CABKOL020000106.1_144	DSM20176|AZDF01000015.1_2
MGYG|ENA|CABKOL020000106|CABKOL020000106.1_272	MGYG|ENA|CABKOL020000106|CABKOL020000106.1_272
MGYG|ENA|CABKOL020000106|CABKOL020000106.1_272	LH500|CP044119.1_2585
MGYG|ENA|CABKOL020000106|CABKOL020000106.1_272	FLUB|CP047121.1_2859
MGYG|ENA|CABKOL020000106|CABKOL020000106.1_272	LMG07934|CP050262.1_2711
MGYG|ENA|CABKOL020000106|CABKOL020000106.1_272	DSM20176|AZDF01000024.1_29
MGYG|ENA|CABKOL020000106|CABKOL020000106.1_304	MGYG|ENA|CABKOL020000106|CABKOL020000106.1_304
MGYG|ENA|CABKOL020000106|CABKOL020000106.1_304	LMG07934|CP050262.1_29
MGYG|ENA|CABKOL020000106|CABKOL020000106.1_304	FLUB|CP047121.1_30
MGYG|ENA|CABKOL020000106|CABKOL020000106.1_432	MGYG|ENA|CABKOL020000106|CABKOL020000106.1_432
MGYG|ENA|CABKOL020000106|CABKOL020000106.1_432	LMG07934|CP050262.1_146
MGYG|ENA|CABKOL020000106|CABKOL020000106.1_432	DSM20176|AZDF01000007.1_93
MGYG|ENA|CABKOL020000106|CABKOL020000106.1_432	LH500|CP044119.1_167
MGYG|ENA|CABKOL020000106|CABKOL020000106.1_432	FLUB|CP047121.1_158
MGYG|ENA|CABKOL020000106|CABKOL020000106.1_464	MGYG|ENA|CABKOL020000106|CABKOL020000106.1_464
MGYG|ENA|CABKOL020000106|CABKOL020000106.1_464	LMG07934|CP050262.1_177
MGYG|ENA|CABKOL020000106|CABKOL020000106.1_464	LH500|CP044119.1_197
MGYG|ENA|CABKOL020000106|CABKOL020000106.1_464	DSM20176|AZDF01000007.1_63
MGYG|ENA|CABKOL020000106|CABKOL020000106.1_464	FLUB|CP047121.1_189
MGYG|ENA|CABKOL020000106|CABKOL020000106.1_624	MGYG|ENA|CABKOL020000106|CABKOL020000106.1_624
MGYG|ENA|CABKOL020000106|CABKOL020000106.1_624	DSM20176|AZDF01000029.1_13
MGYG|ENA|CABKOL020000106|CABKOL020000106.1_624	LH500|CP044119.1_357
MGYG|ENA|CABKOL020000106|CABKOL020000106.1_624	FLUB|CP047121.1_347
MGYG|ENA|CABKOL020000106|CABKOL020000106.1_624	LMG07934|CP050262.1_329
MGYG|ENA|CABKOL020000106|CABKOL020000106.1_912	MGYG|ENA|CABKOL020000106|CABKOL020000106.1_912
MGYG|ENA|CABKOL020000106|CABKOL020000106.1_912	LMG07934|CP050262.1_575
MGYG|ENA|CABKOL020000106|CABKOL020000106.1_912	DSM20176|AZDF01000087.1_1
MGYG|ENA|CABKOL020000106|CABKOL020000106.1_912	FLUB|CP047121.1_701
MGYG|ENA|CABKOL020000106|CABKOL020000106.1_912	LH500|CP044119.1_591
MGYG|ENA|CABKOL020000106|CABKOL020000106.1_976	MGYG|ENA|CABKOL020000106|CABKOL020000106.1_976
MGYG|ENA|CABKOL020000106|CABKOL020000106.1_976	LMG07934|CP050262.1_587
MGYG|ENA|CABKOL020000106|CABKOL020000106.1_976	LH500|CP044119.1_633
MGYG|ENA|CABKOL020000106|CABKOL020000106.1_976	DSM20176|AZDF01000044.1_7
MGYG|ENA|CABKOL020000106|CABKOL020000106.1_976	FLUB|CP047121.1_764
MGYG|ENA|CABKOL020000106|CABKOL020000106.1_1168	MGYG|ENA|CABKOL020000106|CABKOL020000106.1_1168
MGYG|ENA|CABKOL020000106|CABKOL020000106.1_1200	MGYG|ENA|CABKOL020000106|CABKOL020000106.1_1200
MGYG|ENA|CABKOL020000106|CABKOL020000106.1_1200	DSM20176|AZDF01000016.1_43
MGYG|ENA|CABKOL020000106|CABKOL020000106.1_1200	FLUB|CP047121.1_983
MGYG|ENA|CABKOL020000106|CABKOL020000106.1_1200	LMG07934|CP050262.1_809
MGYG|ENA|CABKOL020000106|CABKOL020000106.1_1200	LH500|CP044119.1_784
MGYG|ENA|CABKOL020000106|CABKOL020000106.1_1296	MGYG|ENA|CABKOL020000106|CABKOL020000106.1_1296
MGYG|ENA|CABKOL020000106|CABKOL020000106.1_1296	DSM20176|AZDF01000030.1_13
MGYG|ENA|CABKOL020000106|CABKOL020000106.1_1296	LH500|CP044119.1_859
MGYG|ENA|CABKOL020000106|CABKOL020000106.1_1296	LMG07934|CP050262.1_886
MGYG|ENA|CABKOL020000106|CABKOL020000106.1_1296	FLUB|CP047121.1_1076
DSM20176|AZDF01000001.1_16	DSM20176|AZDF01000001.1_16
DSM20176|AZDF01000001.1_16	FLUB|CP047121.1_2050
DSM20176|AZDF01000001.1_16	LMG07934|CP050262.1_1873
DSM20176|AZDF01000001.1_16	LH500|CP044119.1_1868
DSM20176|AZDF01000001.1_16	MGYG|ENA|CABKOL020000104|CABKOL020000104.1_535
DSM20176|AZDF01000010.1_20	DSM20176|AZDF01000010.1_20
DSM20176|AZDF01000010.1_20	FLUB|CP047121.1_618
DSM20176|AZDF01000010.1_20	LH500|CP044119.1_540
DSM20176|AZDF01000010.1_20	MGYG|ENA|CABKOL020000106|CABKOL020000106.1_827
DSM20176|AZDF01000010.1_52	DSM20176|AZDF01000010.1_52
DSM20176|AZDF01000010.1_52	LH500|CP044119.1_572
DSM20176|AZDF01000010.1_52	LMG07934|CP050262.1_549
DSM20176|AZDF01000011.1_7	DSM20176|AZDF01000011.1_7
DSM20176|AZDF01000011.1_7	LMG07934|CP050262.1_2421
DSM20176|AZDF01000011.1_7	MGYG|ENA|CABKOL020000104|CABKOL020000104.1_72
DSM20176|AZDF01000011.1_7	FLUB|CP047121.1_2512
DSM20176|AZDF01000011.1_7	LH500|CP044119.1_2310
DSM20176|AZDF01000012.1_9	DSM20176|AZDF01000012.1_9
DSM20176|AZDF01000012.1_9	LMG07934|CP050262.1_1802
DSM20176|AZDF01000012.1_9	FLUB|CP047121.1_1976
DSM20176|AZDF01000012.1_9	MGYG|ENA|CABKOL020000099|CABKOL020000099.1_59
DSM20176|AZDF01000012.1_9	LH500|CP044119.1_1744
DSM20176|AZDF01000014.1_1	DSM20176|AZDF01000014.1_1
DSM20176|AZDF01000014.1_1	LH500|CP044119.1_1684
DSM20176|AZDF01000018.1_13	DSM20176|AZDF01000018.1_13
DSM20176|AZDF01000018.1_13	FLUB|CP047121.1_1447
DSM20176|AZDF01000018.1_13	LH500|CP044119.1_1241
DSM20176|AZDF01000018.1_13	LMG07934|CP050262.1_1334
DSM20176|AZDF01000018.1_13	MGYG|ENA|CABKOL020000102|CABKOL020000102.1_244
DSM20176|AZDF01000019.1_9	DSM20176|AZDF01000019.1_9
DSM20176|AZDF01000019.1_9	LH500|CP044119.1_280
DSM20176|AZDF01000019.1_9	FLUB|CP047121.1_276
DSM20176|AZDF01000019.1_9	LMG07934|CP050262.1_261
DSM20176|AZDF01000019.1_9	MGYG|ENA|CABKOL020000106|CABKOL020000106.1_552
DSM20176|AZDF01000002.1_3	DSM20176|AZDF01000002.1_3
DSM20176|AZDF01000002.1_3	LMG07934|CP050262.1_1234
DSM20176|AZDF01000002.1_3	MGYG|ENA|CABKOL020000102|CABKOL020000102.1_224
DSM20176|AZDF01000002.1_3	LH500|CP044119.1_1212
DSM20176|AZDF01000002.1_3	FLUB|CP047121.1_1428
FLUB|CP047121.1_1766	FLUB|CP047121.1_1766
FLUB|CP047121.1_1766	LMG07934|CP050262.1_1651
FLUB|CP047121.1_1766	LH500|CP044119.1_1563
FLUB|CP047121.1_1766	DSM20176|AZDF01000017.1_29
FLUB|CP047121.1_1766	MGYG|ENA|CABKOL020000102|CABKOL020000102.1_563
FLUB|CP047121.1_1830	FLUB|CP047121.1_1830
FLUB|CP047121.1_1830	LMG07934|CP050262.1_1713
FLUB|CP047121.1_1830	LH500|CP044119.1_1627
FLUB|CP047121.1_1830	MGYG|ENA|CABKOL020000102|CABKOL020000102.1_626
FLUB|CP047121.1_1830	DSM20176|AZDF01000023.1_2
FLUB|CP047121.1_1862	FLUB|CP047121.1_1862
FLUB|CP047121.1_1862	LMG07934|CP050262.1_1745
FLUB|CP047121.1_1862	LH500|CP044119.1_1688
FLUB|CP047121.1_1862	DSM20176|AZDF01000014.1_5
FLUB|CP047121.1_1862	MGYG|ENA|CABKOL020000102|CABKOL020000102.1_658
FLUB|CP047121.1_1894	FLUB|CP047121.1_1894
FLUB|CP047121.1_1894	LMG07934|CP050262.1_1778
FLUB|CP047121.1_1894	LH500|CP044119.1_1721
FLUB|CP047121.1_1894	DSM20176|AZDF01000014.1_38
FLUB|CP047121.1_1894	MGYG|ENA|CABKOL020000102|CABKOL020000102.1_691
FLUB|CP047121.1_1926	FLUB|CP047121.1_1926
FLUB|CP047121.1_1958	FLUB|CP047121.1_1958
FLUB|CP047121.1_1990	FLUB|CP047121.1_1990
FLUB|CP047121.1_1990	LH500|CP044119.1_1758
FLUB|CP047121.1_1990	LMG07934|CP050262.1_1816
FLUB|CP047121.1_1990	MGYG|ENA|CABKOL020000099|CABKOL020000099.1_45
FLUB|CP047121.1_1990	DSM20176|AZDF01000012.1_23
FLUB|CP047121.1_2054	FLUB|CP047121.1_2054
FLUB|CP047121.1_2054	DSM20176|AZDF01000001.1_20
FLUB|CP047121.1_2054	LMG07934|CP050262.1_1877
FLUB|CP047121.1_2054	MGYG|ENA|CABKOL020000104|CABKOL020000104.1_531
FLUB|CP047121.1_2054	LH500|CP044119.1_1872
FLUB|CP047121.1_2150	FLUB|CP047121.1_2150
FLUB|CP047121.1_2150	DSM20176|AZDF01000001.1_114
FLUB|CP047121.1_2150	LMG07934|CP050262.1_1971
FLUB|CP047121.1_2150	MGYG|ENA|CABKOL020000104|CABKOL020000104.1_435
FLUB|CP047121.1_2150	LH500|CP044119.1_1968
FLUB|CP047121.1_2214	FLUB|CP047121.1_2214
FLUB|CP047121.1_2214	DSM20176|AZDF01000001.1_178
FLUB|CP047121.1_2214	LMG07934|CP050262.1_2035
FLUB|CP047121.1_2214	MGYG|ENA|CABKOL020000104|CABKOL020000104.1_371
FLUB|CP047121.1_2214	LH500|CP044119.1_2032
FLUB|CP047121.1_2342	FLUB|CP047121.1_2342
FLUB|CP047121.1_2342	MGYG|ENA|CABKOL020000104|CABKOL020000104.1_243
FLUB|CP047121.1_2342	LMG07934|CP050262.1_2151
FLUB|CP047121.1_2374	FLUB|CP047121.1_2374
FLUB|CP047121.1_2374	DSM20176|AZDF01000073.1_2
FLUB|CP047121.1_2374	LH500|CP044119.1_2083
FLUB|CP047121.1_2374	MGYG|ENA|CABKOL020000104|CABKOL020000104.1_211
FLUB|CP047121.1_2374	LMG07934|CP050262.1_2184
FLUB|CP047121.1_2406	FLUB|CP047121.1_2406
FLUB|CP047121.1_2406	LH500|CP044119.1_2119
FLUB|CP047121.1_2406	MGYG|ENA|CABKOL020000104|CABKOL020000104.1_178
FLUB|CP047121.1_2406	DSM20176|AZDF01000032.1_8
FLUB|CP047121.1_2406	LMG07934|CP050262.1_2217
FLUB|CP047121.1_2662	FLUB|CP047121.1_2662
FLUB|CP047121.1_2662	MGYG|ENA|CABKOL020000106|CABKOL020000106.1_78
FLUB|CP047121.1_2694	FLUB|CP047121.1_2694
FLUB|CP047121.1_2694	MGYG|ENA|CABKOL020000106|CABKOL020000106.1_110
FLUB|CP047122.1_25	FLUB|CP047122.1_25
FLUB|CP047123.1_9	FLUB|CP047123.1_9
FLUB|CP047124.1_2	FLUB|CP047124.1_2
LMG07934|CP050262.1_239	LMG07934|CP050262.1_239
LMG07934|CP050262.1_303	LMG07934|CP050262.1_303
LMG07934|CP050262.1_303	MGYG|ENA|CABKOL020000106|CABKOL020000106.1_592
LMG07934|CP050262.1_303	DSM20176|AZDF01000036.1_15
LMG07934|CP050262.1_303	LH500|CP044119.1_328
LMG07934|CP050262.1_303	FLUB|CP047121.1_315
LMG07934|CP050262.1_367	LMG07934|CP050262.1_367
LMG07934|CP050262.1_367	LMG07934|CP050262.1_719
LMG07934|CP050262.1_367	DSM20176|AZDF01000097.1_1
LMG07934|CP050262.1_367	LH500|CP044119.1_312
LMG07934|CP050262.1_367	LH500|CP044119.1_124
LMG07934|CP050262.1_367	LMG07934|CP050262.1_96
LMG07934|CP050262.1_367	LMG07934|CP050262.1_1792
LMG07934|CP050262.1_367	LMG07934|CP050262.1_611
LMG07934|CP050262.1_367	LMG07934|CP050262.1_708
LMG07934|CP050262.1_367	LH500|CP044119.1_272
LMG07934|CP050262.1_399	LMG07934|CP050262.1_399
LMG07934|CP050262.1_431	LMG07934|CP050262.1_431
LMG07934|CP050262.1_431	DSM20176|AZDF01000003.1_61
LMG07934|CP050262.1_431	FLUB|CP047121.1_469
LMG07934|CP050262.1_431	LH500|CP044119.1_459
LMG07934|CP050262.1_431	MGYG|ENA|CABKOL020000106|CABKOL020000106.1_745
LMG07934|CP050262.1_463	LMG07934|CP050262.1_463
LMG07934|CP050262.1_463	FLUB|CP047121.1_498
LMG07934|CP050262.1_463	DSM20176|AZDF01000003.1_31
LMG07934|CP050262.1_463	LH500|CP044119.1_489
LMG07934|CP050262.1_463	MGYG|ENA|CABKOL020000106|CABKOL020000106.1_774
LMG07934|CP050262.1_495	LMG07934|CP050262.1_495
LMG07934|CP050262.1_495	DSM20176|AZDF01000010.1_1
LMG07934|CP050262.1_495	FLUB|CP047121.1_532
LMG07934|CP050262.1_495	LH500|CP044119.1_521
LMG07934|CP050262.1_495	MGYG|ENA|CABKOL020000106|CABKOL020000106.1_807
LMG07934|CP050262.1_527	LMG07934|CP050262.1_527
LMG07934|CP050262.1_623	LMG07934|CP050262.1_623
LMG07934|CP050262.1_687	LMG07934|CP050262.1_687
LMG07934|CP050262.1_847	LMG07934|CP050262.1_847
LMG07934|CP050262.1_1167	LMG07934|CP050262.1_1167
LMG07934|CP050262.1_1167	MGYG|ENA|CABKOL020000102|CABKOL020000102.1_155
LMG07934|CP050262.1_1167	DSM20176|AZDF01000002.1_69
LMG07934|CP050262.1_1167	LH500|CP044119.1_1145
LMG07934|CP050262.1_1167	FLUB|CP047121.1_1360
LMG07934|CP050262.1_1199	LMG07934|CP050262.1_1199
LMG07934|CP050262.1_1199	MGYG|ENA|CABKOL020000102|CABKOL020000102.1_188
LMG07934|CP050262.1_1199	LH500|CP044119.1_1177
LMG07934|CP050262.1_1199	DSM20176|AZDF01000002.1_38
LMG07934|CP050262.1_1199	FLUB|CP047121.1_1393
LMG07934|CP050262.1_1263	LMG07934|CP050262.1_1263
DSM20176|AZDF01000004.1_31	DSM20176|AZDF01000004.1_31
DSM20176|AZDF01000004.1_31	MGYG|ENA|CABKOL020000102|CABKOL020000102.1_519
DSM20176|AZDF01000004.1_31	FLUB|CP047121.1_1722
DSM20176|AZDF01000004.1_31	LMG07934|CP050262.1_1607
DSM20176|AZDF01000004.1_31	LH500|CP044119.1_1519
DSM20176|AZDF01000004.1_63	DSM20176|AZDF01000004.1_63
DSM20176|AZDF01000004.1_63	MGYG|ENA|CABKOL020000102|CABKOL020000102.1_487
DSM20176|AZDF01000004.1_63	FLUB|CP047121.1_1690
DSM20176|AZDF01000004.1_63	LMG07934|CP050262.1_1575
DSM20176|AZDF01000004.1_63	LH500|CP044119.1_1487
DSM20176|AZDF01000004.1_95	DSM20176|AZDF01000004.1_95
DSM20176|AZDF01000004.1_95	MGYG|ENA|CABKOL020000102|CABKOL020000102.1_456
DSM20176|AZDF01000004.1_95	FLUB|CP047121.1_1659
DSM20176|AZDF01000004.1_95	LMG07934|CP050262.1_1544
DSM20176|AZDF01000004.1_95	LH500|CP044119.1_1455
DSM20176|AZDF01000042.1_10	DSM20176|AZDF01000042.1_10
DSM20176|AZDF01000042.1_10	FLUB|CP047121.1_2022
DSM20176|AZDF01000042.1_10	LH500|CP044119.1_1790
DSM20176|AZDF01000042.1_10	LMG07934|CP050262.1_1848
DSM20176|AZDF01000042.1_10	MGYG|ENA|CABKOL020000099|CABKOL020000099.1_12
DSM20176|AZDF01000048.1_5	DSM20176|AZDF01000048.1_5
DSM20176|AZDF01000048.1_5	LMG07934|CP050262.1_2387
DSM20176|AZDF01000048.1_5	MGYG|ENA|CABKOL020000104|CABKOL020000104.1_100
DSM20176|AZDF01000048.1_5	FLUB|CP047121.1_2484
DSM20176|AZDF01000048.1_5	LH500|CP044119.1_2285
DSM20176|AZDF01000005.1_14	DSM20176|AZDF01000005.1_14
DSM20176|AZDF01000005.1_14	FLUB|CP047121.1_1192
DSM20176|AZDF01000005.1_14	MGYG|ENA|CABKOL020000095|CABKOL020000095.1_100
DSM20176|AZDF01000005.1_14	LH500|CP044119.1_974
DSM20176|AZDF01000005.1_14	LMG07934|CP050262.1_1001
DSM20176|AZDF01000005.1_46	DSM20176|AZDF01000005.1_46
DSM20176|AZDF01000005.1_46	FLUB|CP047121.1_1160
DSM20176|AZDF01000005.1_46	MGYG|ENA|CABKOL020000095|CABKOL020000095.1_68
DSM20176|AZDF01000005.1_46	LH500|CP044119.1_942
DSM20176|AZDF01000005.1_46	LMG07934|CP050262.1_969
DSM20176|AZDF01000005.1_78	DSM20176|AZDF01000005.1_78
DSM20176|AZDF01000005.1_78	FLUB|CP047121.1_1128
DSM20176|AZDF01000005.1_78	MGYG|ENA|CABKOL020000095|CABKOL020000095.1_35
DSM20176|AZDF01000005.1_78	LH500|CP044119.1_910
DSM20176|AZDF01000005.1_78	LMG07934|CP050262.1_937
DSM20176|AZDF01000005.1_110	DSM20176|AZDF01000005.1_110
DSM20176|AZDF01000005.1_110	FLUB|CP047121.1_1095
DSM20176|AZDF01000005.1_110	MGYG|ENA|CABKOL020000095|CABKOL020000095.1_3
DSM20176|AZDF01000005.1_110	LH500|CP044119.1_878
DSM20176|AZDF01000005.1_110	LMG07934|CP050262.1_905
DSM20176|AZDF01000055.1_10	DSM20176|AZDF01000055.1_10
DSM20176|AZDF01000055.1_10	LMG07934|CP050262.1_1301
DSM20176|AZDF01000055.1_10	LH500|CP044119.1_1672
DSM20176|AZDF01000059.1_4	DSM20176|AZDF01000059.1_4
DSM20176|AZDF01000006.1_26	DSM20176|AZDF01000006.1_26
DSM20176|AZDF01000006.1_26	LMG07934|CP050262.1_77
DSM20176|AZDF01000006.1_26	MGYG|ENA|CABKOL020000106|CABKOL020000106.1_367
DSM20176|AZDF01000006.1_26	LH500|CP044119.1_97
DSM20176|AZDF01000006.1_26	FLUB|CP047121.1_92
DSM20176|AZDF01000006.1_58	DSM20176|AZDF01000006.1_58
DSM20176|AZDF01000006.1_58	LMG07934|CP050262.1_46
DSM20176|AZDF01000006.1_58	LH500|CP044119.1_65
DSM20176|AZDF01000006.1_90	DSM20176|AZDF01000006.1_90
DSM20176|AZDF01000006.1_90	LMG07934|CP050262.1_15
DSM20176|AZDF01000006.1_90	FLUB|CP047121.1_15
DSM20176|AZDF01000006.1_90	LH500|CP044119.1_33
DSM20176|AZDF01000006.1_90	MGYG|ENA|CABKOL020000106|CABKOL020000106.1_289
DSM20176|AZDF01000060.1_4	DSM20176|AZDF01000060.1_4
DSM20176|AZDF01000060.1_4	MGYG|ENA|CABKOL020000102|CABKOL020000102.1_8
DSM20176|AZDF01000060.1_4	LMG07934|CP050262.1_1023
DSM20176|AZDF01000060.1_4	LH500|CP044119.1_1001
DSM20176|AZDF01000060.1_4	FLUB|CP047121.1_1214
DSM20176|AZDF01000064.1_5	DSM20176|AZDF01000064.1_5
DSM20176|AZDF01000064.1_5	MGYG|ENA|CABKOL020000106|CABKOL020000106.1_401
DSM20176|AZDF01000064.1_5	LMG07934|CP050262.1_114
DSM20176|AZDF01000064.1_5	LH500|CP044119.1_140
DSM20176|AZDF01000064.1_5	FLUB|CP047121.1_126
DSM20176|AZDF01000007.1_43	DSM20176|AZDF01000007.1_43
DSM20176|AZDF01000007.1_43	MGYG|ENA|CABKOL020000106|CABKOL020000106.1_495
DSM20176|AZDF01000007.1_43	LH500|CP044119.1_217
DSM20176|AZDF01000007.1_43	FLUB|CP047121.1_219
DSM20176|AZDF01000007.1_43	LMG07934|CP050262.1_197
DSM20176|AZDF01000007.1_75	DSM20176|AZDF01000007.1_75
DSM20176|AZDF01000007.1_75	LH500|CP044119.1_185
DSM20176|AZDF01000007.1_75	FLUB|CP047121.1_177
DSM20176|AZDF01000007.1_75	MGYG|ENA|CABKOL020000106|CABKOL020000106.1_452
DSM20176|AZDF01000007.1_75	LMG07934|CP050262.1_165
DSM20176|AZDF01000070.1_5	DSM20176|AZDF01000070.1_5
DSM20176|AZDF01000008.1_9	DSM20176|AZDF01000008.1_9
DSM20176|AZDF01000008.1_9	MGYG|ENA|CABKOL020000102|CABKOL020000102.1_419
DSM20176|AZDF01000008.1_9	FLUB|CP047121.1_1622
DSM20176|AZDF01000008.1_9	LH500|CP044119.1_1417
DSM20176|AZDF01000008.1_9	LMG07934|CP050262.1_1507
DSM20176|AZDF01000008.1_41	DSM20176|AZDF01000008.1_41
DSM20176|AZDF01000008.1_41	MGYG|ENA|CABKOL020000102|CABKOL020000102.1_387
DSM20176|AZDF01000008.1_41	FLUB|CP047121.1_1590
DSM20176|AZDF01000008.1_41	LH500|CP044119.1_1385
DSM20176|AZDF01000008.1_41	LMG07934|CP050262.1_1475
DSM20176|AZDF01000009.1_12	DSM20176|AZDF01000009.1_12
DSM20176|AZDF01000009.1_12	FLUB|CP047121.1_2470
DSM20176|AZDF01000009.1_12	LH500|CP044119.1_2265
DSM20176|AZDF01000009.1_12	LMG07934|CP050262.1_2364
DSM20176|AZDF01000009.1_12	MGYG|ENA|CABKOL020000104|CABKOL020000104.1_114
DSM20176|AZDF01000009.1_44	DSM20176|AZDF01000009.1_44
DSM20176|AZDF01000009.1_44	LH500|CP044119.1_2233
DSM20176|AZDF01000009.1_44	LMG07934|CP050262.1_2329
DSM20176|AZDF01000009.1_76	DSM20176|AZDF01000009.1_76
DSM20176|AZDF01000009.1_76	LH500|CP044119.1_2201
DSM20176|AZDF01000009.1_76	LMG07934|CP050262.1_2294
DSM20176|AZDF01000096.1_1	DSM20176|AZDF01000096.1_1
FLUB|CP047121.1_5	FLUB|CP047121.1_5
FLUB|CP047121.1_5	MGYG|ENA|CABKOL020000106|CABKOL020000106.1_279
FLUB|CP047121.1_5	LH500|CP044119.1_6
FLUB|CP047121.1_5	LMG07934|CP050262.1_5
FLUB|CP047121.1_5	DSM20176|AZDF01000006.1_116
FLUB|CP047121.1_37	FLUB|CP047121.1_37
FLUB|CP047121.1_37	LH500|CP044119.1_55
FLUB|CP047121.1_37	MGYG|ENA|CABKOL020000106|CABKOL020000106.1_311
FLUB|CP047121.1_37	DSM20176|AZDF01000006.1_68
FLUB|CP047121.1_37	LMG07934|CP050262.1_37
FLUB|CP047121.1_101	FLUB|CP047121.1_101
FLUB|CP047121.1_101	MGYG|ENA|CABKOL020000106|CABKOL020000106.1_376
FLUB|CP047121.1_101	LMG07934|CP050262.1_92
FLUB|CP047121.1_101	DSM20176|AZDF01000006.1_12
FLUB|CP047121.1_101	LH500|CP044119.1_111
FLUB|CP047121.1_165	FLUB|CP047121.1_165
FLUB|CP047121.1_165	MGYG|ENA|CABKOL020000106|CABKOL020000106.1_439
FLUB|CP047121.1_165	LMG07934|CP050262.1_152
FLUB|CP047121.1_165	DSM20176|AZDF01000007.1_87
FLUB|CP047121.1_165	LH500|CP044119.1_173
FLUB|CP047121.1_229	FLUB|CP047121.1_229
FLUB|CP047121.1_229	LMG07934|CP050262.1_207
FLUB|CP047121.1_229	MGYG|ENA|CABKOL020000106|CABKOL020000106.1_505
FLUB|CP047121.1_229	LH500|CP044119.1_227
FLUB|CP047121.1_229	DSM20176|AZDF01000007.1_33
FLUB|CP047121.1_261	FLUB|CP047121.1_261
FLUB|CP047121.1_261	LMG07934|CP050262.1_237
FLUB|CP047121.1_261	MGYG|ENA|CABKOL020000106|CABKOL020000106.1_537
FLUB|CP047121.1_261	LH500|CP044119.1_258
FLUB|CP047121.1_261	DSM20176|AZDF01000007.1_2
FLUB|CP047121.1_293	FLUB|CP047121.1_293
FLUB|CP047121.1_293	LMG07934|CP050262.1_277
FLUB|CP047121.1_293	MGYG|ENA|CABKOL020000106|CABKOL020000106.1_570
FLUB|CP047121.1_293	DSM20176|AZDF01000019.1_26
FLUB|CP047121.1_293	LH500|CP044119.1_298
FLUB|CP047121.1_389	FLUB|CP047121.1_389
FLUB|CP047121.1_389	MGYG|ENA|CABKOL020000091|CABKOL020000091.1_1
FLUB|CP047121.1_389	LH500|CP044119.1_378
FLUB|CP047121.1_389	DSM20176|AZDF01000035.1_8
FLUB|CP047121.1_389	LMG07934|CP050262.1_349
FLUB|CP047121.1_453	FLUB|CP047121.1_453
FLUB|CP047121.1_453	LH500|CP044119.1_447
FLUB|CP047121.1_453	MGYG|ENA|CABKOL020000106|CABKOL020000106.1_729
FLUB|CP047121.1_453	LMG07934|CP050262.1_419
FLUB|CP047121.1_453	DSM20176|AZDF01000003.1_73
FLUB|CP047121.1_549	FLUB|CP047121.1_549
FLUB|CP047121.1_581	FLUB|CP047121.1_581
FLUB|CP047121.1_613	FLUB|CP047121.1_613
FLUB|CP047121.1_773	FLUB|CP047121.1_773
FLUB|CP047121.1_773	MGYG|ENA|CABKOL020000106|CABKOL020000106.1_985
FLUB|CP047121.1_773	LMG07934|CP050262.1_605
FLUB|CP047121.1_965	FLUB|CP047121.1_965
FLUB|CP047121.1_965	DSM20176|AZDF01000031.1_17
FLUB|CP047121.1_965	LMG07934|CP050262.1_790
FLUB|CP047121.1_965	LH500|CP044119.1_765
FLUB|CP047121.1_965	MGYG|ENA|CABKOL020000106|CABKOL020000106.1_1182
FLUB|CP047121.1_997	FLUB|CP047121.1_997
FLUB|CP047121.1_997	LMG07934|CP050262.1_822
FLUB|CP047121.1_997	LH500|CP044119.1_797
FLUB|CP047121.1_997	MGYG|ENA|CABKOL020000106|CABKOL020000106.1_1214
FLUB|CP047121.1_997	DSM20176|AZDF01000016.1_30
FLUB|CP047121.1_1029	FLUB|CP047121.1_1029
FLUB|CP047121.1_1029	LH500|CP044119.1_826
FLUB|CP047121.1_1029	LMG07934|CP050262.1_853
FLUB|CP047121.1_1029	DSM20176|AZDF01000037.1_2
FLUB|CP047121.1_1029	MGYG|ENA|CABKOL020000106|CABKOL020000106.1_1247
FLUB|CP047121.1_1125	FLUB|CP047121.1_1125
FLUB|CP047121.1_1125	DSM20176|AZDF01000005.1_81
FLUB|CP047121.1_1125	MGYG|ENA|CABKOL020000095|CABKOL020000095.1_32
FLUB|CP047121.1_1125	LH500|CP044119.1_907
FLUB|CP047121.1_1125	LMG07934|CP050262.1_934
FLUB|CP047121.1_1157	FLUB|CP047121.1_1157
FLUB|CP047121.1_1157	DSM20176|AZDF01000005.1_49
FLUB|CP047121.1_1157	MGYG|ENA|CABKOL020000095|CABKOL020000095.1_65
FLUB|CP047121.1_1157	LH500|CP044119.1_939
FLUB|CP047121.1_1157	LMG07934|CP050262.1_966
FLUB|CP047121.1_1189	FLUB|CP047121.1_1189
FLUB|CP047121.1_1189	DSM20176|AZDF01000005.1_17
FLUB|CP047121.1_1189	MGYG|ENA|CABKOL020000095|CABKOL020000095.1_97
FLUB|CP047121.1_1189	LH500|CP044119.1_971
FLUB|CP047121.1_1189	LMG07934|CP050262.1_998
FLUB|CP047121.1_1253	FLUB|CP047121.1_1253
FLUB|CP047121.1_1253	DSM20176|AZDF01000002.1_174
FLUB|CP047121.1_1253	MGYG|ENA|CABKOL020000102|CABKOL020000102.1_47
FLUB|CP047121.1_1253	LMG07934|CP050262.1_1061
FLUB|CP047121.1_1253	LH500|CP044119.1_1040
FLUB|CP047121.1_1285	FLUB|CP047121.1_1285
FLUB|CP047121.1_1285	MGYG|ENA|CABKOL020000102|CABKOL020000102.1_80
FLUB|CP047121.1_1285	LMG07934|CP050262.1_1093
FLUB|CP047121.1_1317	FLUB|CP047121.1_1317
FLUB|CP047121.1_1317	DSM20176|AZDF01000002.1_112
FLUB|CP047121.1_1317	MGYG|ENA|CABKOL020000102|CABKOL020000102.1_112
FLUB|CP047121.1_1317	LMG07934|CP050262.1_1125
FLUB|CP047121.1_1317	LH500|CP044119.1_1102
FLUB|CP047121.1_1381	FLUB|CP047121.1_1381
FLUB|CP047121.1_1381	DSM20176|AZDF01000002.1_49
FLUB|CP047121.1_1381	LMG07934|CP050262.1_1187
FLUB|CP047121.1_1381	MGYG|ENA|CABKOL020000102|CABKOL020000102.1_176
FLUB|CP047121.1_1381	LH500|CP044119.1_1165
FLUB|CP047121.1_1413	FLUB|CP047121.1_1413
FLUB|CP047121.1_1413	DSM20176|AZDF01000002.1_18
FLUB|CP047121.1_1413	LMG07934|CP050262.1_1219
FLUB|CP047121.1_1413	MGYG|ENA|CABKOL020000102|CABKOL020000102.1_209
FLUB|CP047121.1_1413	LH500|CP044119.1_1197
FLUB|CP047121.1_1477	FLUB|CP047121.1_1477
FLUB|CP047121.1_1477	LH500|CP044119.1_1271
FLUB|CP047121.1_1477	LMG07934|CP050262.1_1364
FLUB|CP047121.1_1477	MGYG|ENA|CABKOL020000102|CABKOL020000102.1_274
FLUB|CP047121.1_1477	DSM20176|AZDF01000013.1_8
FLUB|CP047121.1_1573	FLUB|CP047121.1_1573
FLUB|CP047121.1_1573	LH500|CP044119.1_1372
FLUB|CP047121.1_1573	LMG07934|CP050262.1_1463
FLUB|CP047121.1_1573	DSM20176|AZDF01000008.1_54
FLUB|CP047121.1_1573	MGYG|ENA|CABKOL020000102|CABKOL020000102.1_370
FLUB|CP047121.1_1605	FLUB|CP047121.1_1605
FLUB|CP047121.1_1605	LH500|CP044119.1_1400
FLUB|CP047121.1_1605	LMG07934|CP050262.1_1490
FLUB|CP047121.1_1605	DSM20176|AZDF01000008.1_26
FLUB|CP047121.1_1605	MGYG|ENA|CABKOL020000102|CABKOL020000102.1_402
FLUB|CP047121.1_1637	FLUB|CP047121.1_1637
FLUB|CP047121.1_1637	LMG07934|CP050262.1_1522
FLUB|CP047121.1_1637	LH500|CP044119.1_1433
FLUB|CP047121.1_1637	DSM20176|AZDF01000004.1_117
FLUB|CP047121.1_1637	MGYG|ENA|CABKOL020000102|CABKOL020000102.1_434
FLUB|CP047121.1_1669	FLUB|CP047121.1_1669
FLUB|CP047121.1_1669	LMG07934|CP050262.1_1554
FLUB|CP047121.1_1669	LH500|CP044119.1_1466
FLUB|CP047121.1_1669	DSM20176|AZDF01000004.1_84
FLUB|CP047121.1_1669	MGYG|ENA|CABKOL020000102|CABKOL020000102.1_466
FLUB|CP047121.1_1701	FLUB|CP047121.1_1701
FLUB|CP047121.1_1701	LMG07934|CP050262.1_1586
FLUB|CP047121.1_1701	LH500|CP044119.1_1498
FLUB|CP047121.1_1701	DSM20176|AZDF01000004.1_52
FLUB|CP047121.1_1701	MGYG|ENA|CABKOL020000102|CABKOL020000102.1_498
FLUB|CP047121.1_1733	FLUB|CP047121.1_1733
FLUB|CP047121.1_1733	LMG07934|CP050262.1_1619
FLUB|CP047121.1_1733	LH500|CP044119.1_1531
FLUB|CP047121.1_1733	DSM20176|AZDF01000004.1_19
FLUB|CP047121.1_1733	MGYG|ENA|CABKOL020000102|CABKOL020000102.1_530
FLUB|CP047121.1_1765	FLUB|CP047121.1_1765
FLUB|CP047121.1_1765	LMG07934|CP050262.1_1650
FLUB|CP047121.1_1765	LH500|CP044119.1_1562
FLUB|CP047121.1_1765	DSM20176|AZDF01000017.1_30
FLUB|CP047121.1_1765	MGYG|ENA|CABKOL020000102|CABKOL020000102.1_562
FLUB|CP047121.1_1861	FLUB|CP047121.1_1861
FLUB|CP047121.1_1861	LMG07934|CP050262.1_1744
FLUB|CP047121.1_1861	LH500|CP044119.1_1687
FLUB|CP047121.1_1861	DSM20176|AZDF01000014.1_4
FLUB|CP047121.1_1861	MGYG|ENA|CABKOL020000102|CABKOL020000102.1_657
FLUB|CP047121.1_1893	FLUB|CP047121.1_1893
FLUB|CP047121.1_1893	LMG07934|CP050262.1_1777
FLUB|CP047121.1_1893	LH500|CP044119.1_1720
FLUB|CP047121.1_1893	DSM20176|AZDF01000014.1_37
FLUB|CP047121.1_1893	MGYG|ENA|CABKOL020000102|CABKOL020000102.1_690
FLUB|CP047121.1_1925	FLUB|CP047121.1_1925
FLUB|CP047121.1_1957	FLUB|CP047121.1_1957
FLUB|CP047121.1_1989	FLUB|CP047121.1_1989
FLUB|CP047121.1_1989	LH500|CP044119.1_1757
FLUB|CP047121.1_1989	LMG07934|CP050262.1_1815
FLUB|CP047121.1_1989	MGYG|ENA|CABKOL020000099|CABKOL020000099.1_46
FLUB|CP047121.1_1989	DSM20176|AZDF01000012.1_22
FLUB|CP047121.1_2021	FLUB|CP047121.1_2021
FLUB|CP047121.1_2021	LH500|CP044119.1_1789
FLUB|CP047121.1_2021	LMG07934|CP050262.1_1847
FLUB|CP047121.1_2021	DSM20176|AZDF01000012.1_54
FLUB|CP047121.1_2053	FLUB|CP047121.1_2053
FLUB|CP047121.1_2053	DSM20176|AZDF01000001.1_19
FLUB|CP047121.1_2053	LMG07934|CP050262.1_1876
FLUB|CP047121.1_2053	MGYG|ENA|CABKOL020000104|CABKOL020000104.1_532
FLUB|CP047121.1_2053	LH500|CP044119.1_1871
FLUB|CP047121.1_2117	FLUB|CP047121.1_2117
FLUB|CP047121.1_2117	DSM20176|AZDF01000001.1_82
FLUB|CP047121.1_2117	LMG07934|CP050262.1_1939
FLUB|CP047121.1_2117	MGYG|ENA|CABKOL020000104|CABKOL020000104.1_468
FLUB|CP047121.1_2117	LH500|CP044119.1_1936
FLUB|CP047121.1_2149	FLUB|CP047121.1_2149
FLUB|CP047121.1_2149	DSM20176|AZDF01000001.1_113
FLUB|CP047121.1_2149	LMG07934|CP050262.1_1970
FLUB|CP047121.1_2149	MGYG|ENA|CABKOL020000104|CABKOL020000104.1_436
FLUB|CP047121.1_2149	LH500|CP044119.1_1967
FLUB|CP047121.1_2705	FLUB|CP047121.1_2705
FLUB|CP047121.1_2705	MGYG|ENA|CABKOL020000106|CABKOL020000106.1_119
FLUB|CP047121.1_2737	FLUB|CP047121.1_2737
FLUB|CP047122.1_36	FLUB|CP047122.1_36
FLUB|CP047123.1_20	FLUB|CP047123.1_20
FLUB|CP047125.1_6	FLUB|CP047125.1_6
LMG07934|CP050262.1_26	LMG07934|CP050262.1_26
LMG07934|CP050262.1_90	LMG07934|CP050262.1_90
LMG07934|CP050262.1_122	LMG07934|CP050262.1_122
LMG07934|CP050262.1_250	LMG07934|CP050262.1_250
LMG07934|CP050262.1_570	LMG07934|CP050262.1_570
LMG07934|CP050262.1_666	LMG07934|CP050262.1_666
LMG07934|CP050262.1_858	LMG07934|CP050262.1_858
LMG07934|CP050262.1_1178	LMG07934|CP050262.1_1178
LMG07934|CP050262.1_1178	MGYG|ENA|CABKOL020000102|CABKOL020000102.1_166
LMG07934|CP050262.1_1178	LH500|CP044119.1_1156
LMG07934|CP050262.1_1178	FLUB|CP047121.1_1371
LMG07934|CP050262.1_1178	DSM20176|AZDF01000002.1_58
LMG07934|CP050262.1_1210	LMG07934|CP050262.1_1210
LMG07934|CP050262.1_1210	MGYG|ENA|CABKOL020000102|CABKOL020000102.1_199
LMG07934|CP050262.1_1210	LH500|CP044119.1_1188
LMG07934|CP050262.1_1210	FLUB|CP047121.1_1404
LMG07934|CP050262.1_1210	DSM20176|AZDF01000002.1_27
LMG07934|CP050262.1_1242	LMG07934|CP050262.1_1242
LMG07934|CP050262.1_1274	LMG07934|CP050262.1_1274
LMG07934|CP050262.1_1306	LMG07934|CP050262.1_1306
LMG07934|CP050262.1_2010	LMG07934|CP050262.1_2010
LMG07934|CP050262.1_2042	LMG07934|CP050262.1_2042
LMG07934|CP050262.1_2042	LH500|CP044119.1_2039
LMG07934|CP050262.1_2362	LMG07934|CP050262.1_2362
LMG07934|CP050262.1_2394	LMG07934|CP050262.1_2394
LMG07934|CP050262.1_2554	LMG07934|CP050262.1_2554
LMG07934|CP050262.1_2554	LH500|CP044119.1_2433
LMG07934|CP050262.1_2554	DSM20176|AZDF01000015.1_28
LMG07934|CP050262.1_2554	MGYG|ENA|CABKOL020000106|CABKOL020000106.1_95
LMG07934|CP050262.1_2554	FLUB|CP047121.1_2679
LH500|CP044119.1_289	LH500|CP044119.1_289
LH500|CP044119.1_289	LMG07934|CP050262.1_270
LH500|CP044119.1_289	DSM20176|AZDF01000019.1_18
LH500|CP044119.1_321	LH500|CP044119.1_321
LH500|CP044119.1_321	FLUB|CP047121.1_309
LH500|CP044119.1_321	DSM20176|AZDF01000041.1_9
LH500|CP044119.1_321	LMG07934|CP050262.1_297
LH500|CP044119.1_321	MGYG|ENA|CABKOL020000106|CABKOL020000106.1_586
LH500|CP044119.1_481	LH500|CP044119.1_481
LH500|CP044119.1_481	LMG07934|CP050262.1_454
LH500|CP044119.1_481	DSM20176|AZDF01000003.1_39
LH500|CP044119.1_481	MGYG|ENA|CABKOL020000106|CABKOL020000106.1_766
LH500|CP044119.1_481	FLUB|CP047121.1_490
LH500|CP044119.1_2113	LH500|CP044119.1_2113
LH500|CP044119.1_2113	DSM20176|AZDF01000032.1_2
LH500|CP044119.1_2113	LMG07934|CP050262.1_2211
LH500|CP044119.1_2113	MGYG|ENA|CABKOL020000104|CABKOL020000104.1_184
LH500|CP044119.1_2113	FLUB|CP047121.1_2400
LH500|CP044119.1_2241	LH500|CP044119.1_2241
LH500|CP044119.1_2241	LMG07934|CP050262.1_2336
LH500|CP044119.1_2241	DSM20176|AZDF01000009.1_36
LH500|CP044119.1_2273	LH500|CP044119.1_2273
LH500|CP044119.1_2273	LMG07934|CP050262.1_2373
LH500|CP044119.1_2273	DSM20176|AZDF01000009.1_4
MGYG|ENA|CABKOL020000009|CABKOL020000009.1_1	MGYG|ENA|CABKOL020000009|CABKOL020000009.1_1
MGYG|ENA|CABKOL020000048|CABKOL020000048.1_1	MGYG|ENA|CABKOL020000048|CABKOL020000048.1_1
MGYG|ENA|CABKOL020000099|CABKOL020000099.1_13	MGYG|ENA|CABKOL020000099|CABKOL020000099.1_13
MGYG|ENA|CABKOL020000100|CABKOL020000100.1_10	MGYG|ENA|CABKOL020000100|CABKOL020000100.1_10
MGYG|ENA|CABKOL020000102|CABKOL020000102.1_70	MGYG|ENA|CABKOL020000102|CABKOL020000102.1_70
MGYG|ENA|CABKOL020000102|CABKOL020000102.1_70	LMG07934|CP050262.1_1085
MGYG|ENA|CABKOL020000102|CABKOL020000102.1_70	LH500|CP044119.1_1064
MGYG|ENA|CABKOL020000102|CABKOL020000102.1_70	DSM20176|AZDF01000002.1_150
MGYG|ENA|CABKOL020000102|CABKOL020000102.1_70	FLUB|CP047121.1_1276
MGYG|ENA|CABKOL020000102|CABKOL020000102.1_102	MGYG|ENA|CABKOL020000102|CABKOL020000102.1_102
MGYG|ENA|CABKOL020000102|CABKOL020000102.1_102	LMG07934|CP050262.1_1115
MGYG|ENA|CABKOL020000102|CABKOL020000102.1_102	LH500|CP044119.1_1092
MGYG|ENA|CABKOL020000102|CABKOL020000102.1_102	FLUB|CP047121.1_1307
MGYG|ENA|CABKOL020000102|CABKOL020000102.1_102	DSM20176|AZDF01000002.1_122
MGYG|ENA|CABKOL020000102|CABKOL020000102.1_134	MGYG|ENA|CABKOL020000102|CABKOL020000102.1_134
MGYG|ENA|CABKOL020000102|CABKOL020000102.1_134	LH500|CP044119.1_1124
MGYG|ENA|CABKOL020000102|CABKOL020000102.1_134	FLUB|CP047121.1_1339
MGYG|ENA|CABKOL020000102|CABKOL020000102.1_134	DSM20176|AZDF01000002.1_90
MGYG|ENA|CABKOL020000102|CABKOL020000102.1_230	MGYG|ENA|CABKOL020000102|CABKOL020000102.1_230
MGYG|ENA|CABKOL020000102|CABKOL020000102.1_230	DSM20176|AZDF01000057.1_7
MGYG|ENA|CABKOL020000102|CABKOL020000102.1_230	FLUB|CP047121.1_1433
MGYG|ENA|CABKOL020000102|CABKOL020000102.1_230	LH500|CP044119.1_1226
MGYG|ENA|CABKOL020000102|CABKOL020000102.1_230	LMG07934|CP050262.1_1320
MGYG|ENA|CABKOL020000102|CABKOL020000102.1_262	MGYG|ENA|CABKOL020000102|CABKOL020000102.1_262
MGYG|ENA|CABKOL020000102|CABKOL020000102.1_262	DSM20176|AZDF01000018.1_31
MGYG|ENA|CABKOL020000102|CABKOL020000102.1_262	FLUB|CP047121.1_1465
MGYG|ENA|CABKOL020000102|CABKOL020000102.1_262	LH500|CP044119.1_1259
MGYG|ENA|CABKOL020000102|CABKOL020000102.1_262	LMG07934|CP050262.1_1352
MGYG|ENA|CABKOL020000102|CABKOL020000102.1_294	MGYG|ENA|CABKOL020000102|CABKOL020000102.1_294
MGYG|ENA|CABKOL020000102|CABKOL020000102.1_294	DSM20176|AZDF01000013.1_28
MGYG|ENA|CABKOL020000102|CABKOL020000102.1_294	FLUB|CP047121.1_1497
MGYG|ENA|CABKOL020000102|CABKOL020000102.1_294	LH500|CP044119.1_1291
MGYG|ENA|CABKOL020000102|CABKOL020000102.1_294	LMG07934|CP050262.1_1384
MGYG|ENA|CABKOL020000102|CABKOL020000102.1_326	MGYG|ENA|CABKOL020000102|CABKOL020000102.1_326
MGYG|ENA|CABKOL020000102|CABKOL020000102.1_326	FLUB|CP047121.1_1529
MGYG|ENA|CABKOL020000102|CABKOL020000102.1_326	LMG07934|CP050262.1_1417
MGYG|ENA|CABKOL020000102|CABKOL020000102.1_550	MGYG|ENA|CABKOL020000102|CABKOL020000102.1_550
MGYG|ENA|CABKOL020000102|CABKOL020000102.1_550	FLUB|CP047121.1_1753
MGYG|ENA|CABKOL020000102|CABKOL020000102.1_550	DSM20176|AZDF01000017.1_42
MGYG|ENA|CABKOL020000102|CABKOL020000102.1_550	LMG07934|CP050262.1_1638
MGYG|ENA|CABKOL020000102|CABKOL020000102.1_550	LH500|CP044119.1_1550
MGYG|ENA|CABKOL020000102|CABKOL020000102.1_582	MGYG|ENA|CABKOL020000102|CABKOL020000102.1_582
MGYG|ENA|CABKOL020000102|CABKOL020000102.1_582	FLUB|CP047121.1_1785
MGYG|ENA|CABKOL020000102|CABKOL020000102.1_582	DSM20176|AZDF01000017.1_11
MGYG|ENA|CABKOL020000102|CABKOL020000102.1_582	LMG07934|CP050262.1_1669
MGYG|ENA|CABKOL020000102|CABKOL020000102.1_582	LH500|CP044119.1_1581
MGYG|ENA|CABKOL020000102|CABKOL020000102.1_614	MGYG|ENA|CABKOL020000102|CABKOL020000102.1_614
MGYG|ENA|CABKOL020000102|CABKOL020000102.1_614	DSM20176|AZDF01000025.1_21
MGYG|ENA|CABKOL020000102|CABKOL020000102.1_614	FLUB|CP047121.1_1817
MGYG|ENA|CABKOL020000102|CABKOL020000102.1_614	LMG07934|CP050262.1_1702
MGYG|ENA|CABKOL020000102|CABKOL020000102.1_614	LH500|CP044119.1_1613
MGYG|ENA|CABKOL020000102|CABKOL020000102.1_646	MGYG|ENA|CABKOL020000102|CABKOL020000102.1_646
MGYG|ENA|CABKOL020000102|CABKOL020000102.1_646	DSM20176|AZDF01000023.1_22
MGYG|ENA|CABKOL020000102|CABKOL020000102.1_646	FLUB|CP047121.1_1850
MGYG|ENA|CABKOL020000102|CABKOL020000102.1_646	LMG07934|CP050262.1_1733
MGYG|ENA|CABKOL020000102|CABKOL020000102.1_646	LH500|CP044119.1_1647
MGYG|ENA|CABKOL020000102|CABKOL020000102.1_678	MGYG|ENA|CABKOL020000102|CABKOL020000102.1_678
MGYG|ENA|CABKOL020000102|CABKOL020000102.1_678	FLUB|CP047121.1_1881
MGYG|ENA|CABKOL020000102|CABKOL020000102.1_678	LMG07934|CP050262.1_1765
MGYG|ENA|CABKOL020000102|CABKOL020000102.1_678	LH500|CP044119.1_1708
MGYG|ENA|CABKOL020000102|CABKOL020000102.1_678	DSM20176|AZDF01000014.1_25
MGYG|ENA|CABKOL020000103|CABKOL020000103.1_7	MGYG|ENA|CABKOL020000103|CABKOL020000103.1_7
MGYG|ENA|CABKOL020000104|CABKOL020000104.1_106	MGYG|ENA|CABKOL020000104|CABKOL020000104.1_106
MGYG|ENA|CABKOL020000104|CABKOL020000104.1_106	FLUB|CP047121.1_2478
MGYG|ENA|CABKOL020000104|CABKOL020000104.1_234	MGYG|ENA|CABKOL020000104|CABKOL020000104.1_234
MGYG|ENA|CABKOL020000104|CABKOL020000104.1_234	LMG07934|CP050262.1_2158
MGYG|ENA|CABKOL020000104|CABKOL020000104.1_234	FLUB|CP047121.1_2351
MGYG|ENA|CABKOL020000104|CABKOL020000104.1_266	MGYG|ENA|CABKOL020000104|CABKOL020000104.1_266
MGYG|ENA|CABKOL020000104|CABKOL020000104.1_266	FLUB|CP047121.1_2319
MGYG|ENA|CABKOL020000104|CABKOL020000104.1_298	MGYG|ENA|CABKOL020000104|CABKOL020000104.1_298
MGYG|ENA|CABKOL020000104|CABKOL020000104.1_298	FLUB|CP047121.1_2287
MGYG|ENA|CABKOL020000104|CABKOL020000104.1_522	MGYG|ENA|CABKOL020000104|CABKOL020000104.1_522
MGYG|ENA|CABKOL020000104|CABKOL020000104.1_522	LH500|CP044119.1_1882
MGYG|ENA|CABKOL020000104|CABKOL020000104.1_522	FLUB|CP047121.1_2063
MGYG|ENA|CABKOL020000104|CABKOL020000104.1_522	DSM20176|AZDF01000001.1_28
MGYG|ENA|CABKOL020000104|CABKOL020000104.1_522	LMG07934|CP050262.1_1885
MGYG|ENA|CABKOL020000105|CABKOL020000105.1_4	MGYG|ENA|CABKOL020000105|CABKOL020000105.1_4
MGYG|ENA|CABKOL020000105|CABKOL020000105.1_36	MGYG|ENA|CABKOL020000105|CABKOL020000105.1_36
MGYG|ENA|CABKOL020000106|CABKOL020000106.1_635	MGYG|ENA|CABKOL020000106|CABKOL020000106.1_635
MGYG|ENA|CABKOL020000106|CABKOL020000106.1_635	FLUB|CP047121.1_358
MGYG|ENA|CABKOL020000106|CABKOL020000106.1_731	MGYG|ENA|CABKOL020000106|CABKOL020000106.1_731
MGYG|ENA|CABKOL020000106|CABKOL020000106.1_731	FLUB|CP047121.1_455
MGYG|ENA|CABKOL020000106|CABKOL020000106.1_859	MGYG|ENA|CABKOL020000106|CABKOL020000106.1_859
MGYG|ENA|CABKOL020000106|CABKOL020000106.1_859	FLUB|CP047121.1_648
MGYG|ENA|CABKOL020000106|CABKOL020000106.1_891	MGYG|ENA|CABKOL020000106|CABKOL020000106.1_891
MGYG|ENA|CABKOL020000106|CABKOL020000106.1_891	FLUB|CP047121.1_680
MGYG|ENA|CABKOL020000106|CABKOL020000106.1_923	MGYG|ENA|CABKOL020000106|CABKOL020000106.1_923
MGYG|ENA|CABKOL020000106|CABKOL020000106.1_955	MGYG|ENA|CABKOL020000106|CABKOL020000106.1_955
MGYG|ENA|CABKOL020000106|CABKOL020000106.1_955	FLUB|CP047121.1_743
MGYG|ENA|CABKOL020000106|CABKOL020000106.1_987	MGYG|ENA|CABKOL020000106|CABKOL020000106.1_987
MGYG|ENA|CABKOL020000106|CABKOL020000106.1_987	FLUB|CP047121.1_775
MGYG|ENA|CABKOL020000106|CABKOL020000106.1_1019	MGYG|ENA|CABKOL020000106|CABKOL020000106.1_1019
MGYG|ENA|CABKOL020000106|CABKOL020000106.1_1019	FLUB|CP047121.1_807
MGYG|ENA|CABKOL020000106|CABKOL020000106.1_1051	MGYG|ENA|CABKOL020000106|CABKOL020000106.1_1051
MGYG|ENA|CABKOL020000106|CABKOL020000106.1_1051	FLUB|CP047121.1_838
MGYG|ENA|CABKOL020000106|CABKOL020000106.1_1083	MGYG|ENA|CABKOL020000106|CABKOL020000106.1_1083
MGYG|ENA|CABKOL020000106|CABKOL020000106.1_1083	FLUB|CP047121.1_868
MGYG|ENA|CABKOL020000106|CABKOL020000106.1_1243	MGYG|ENA|CABKOL020000106|CABKOL020000106.1_1243
MGYG|ENA|CABKOL020000106|CABKOL020000106.1_1275	MGYG|ENA|CABKOL020000106|CABKOL020000106.1_1275
MGYG|ENA|CABKOL020000106|CABKOL020000106.1_1275	LH500|CP044119.1_841
MGYG|ENA|CABKOL020000106|CABKOL020000106.1_1275	LMG07934|CP050262.1_868
MGYG|ENA|CABKOL020000106|CABKOL020000106.1_1275	DSM20176|AZDF01000037.1_17
MGYG|ENA|CABKOL020000106|CABKOL020000106.1_1275	FLUB|CP047121.1_1056
MGYG|ENA|CABKOL020000106|CABKOL020000106.1_1307	MGYG|ENA|CABKOL020000106|CABKOL020000106.1_1307
MGYG|ENA|CABKOL020000106|CABKOL020000106.1_1307	DSM20176|AZDF01000030.1_24
MGYG|ENA|CABKOL020000106|CABKOL020000106.1_1307	LH500|CP044119.1_870
MGYG|ENA|CABKOL020000106|CABKOL020000106.1_1307	LMG07934|CP050262.1_897
MGYG|ENA|CABKOL020000106|CABKOL020000106.1_1307	FLUB|CP047121.1_1087
DSM20176|AZDF01000010.1_31	DSM20176|AZDF01000010.1_31
DSM20176|AZDF01000010.1_31	LMG07934|CP050262.1_526
DSM20176|AZDF01000010.1_31	FLUB|CP047121.1_628
DSM20176|AZDF01000010.1_31	LH500|CP044119.1_551
DSM20176|AZDF01000010.1_31	MGYG|ENA|CABKOL020000106|CABKOL020000106.1_837
DSM20176|AZDF01000016.1_17	DSM20176|AZDF01000016.1_17
DSM20176|AZDF01000016.1_17	MGYG|ENA|CABKOL020000106|CABKOL020000106.1_1228
DSM20176|AZDF01000016.1_17	FLUB|CP047121.1_1010
DSM20176|AZDF01000016.1_17	LMG07934|CP050262.1_835
DSM20176|AZDF01000016.1_17	LH500|CP044119.1_810
DSM20176|AZDF01000021.1_26	DSM20176|AZDF01000021.1_26
DSM20176|AZDF01000021.1_26	LMG07934|CP050262.1_2500
DSM20176|AZDF01000021.1_26	LH500|CP044119.1_2384
DSM20176|AZDF01000046.1_10	DSM20176|AZDF01000046.1_10
DSM20176|AZDF01000057.1_1	DSM20176|AZDF01000057.1_1
DSM20176|AZDF01000006.1_103	DSM20176|AZDF01000006.1_103
DSM20176|AZDF01000006.1_103	LH500|CP044119.1_19
DSM20176|AZDF01000061.1_8	DSM20176|AZDF01000061.1_8
DSM20176|AZDF01000074.1_2	DSM20176|AZDF01000074.1_2
DSM20176|AZDF01000083.1_1	DSM20176|AZDF01000083.1_1
FLUB|CP047121.1_562	FLUB|CP047121.1_562
FLUB|CP047121.1_594	FLUB|CP047121.1_594
FLUB|CP047121.1_882	FLUB|CP047121.1_882
FLUB|CP047121.1_882	LMG07934|CP050262.1_721
FLUB|CP047121.1_882	DSM20176|AZDF01000068.1_4
FLUB|CP047121.1_882	LH500|CP044119.1_683
FLUB|CP047121.1_882	MGYG|ENA|CABKOL020000106|CABKOL020000106.1_1097
FLUB|CP047121.1_914	FLUB|CP047121.1_914
FLUB|CP047121.1_914	LH500|CP044119.1_708
FLUB|CP047121.1_914	DSM20176|AZDF01000027.1_22
FLUB|CP047121.1_914	MGYG|ENA|CABKOL020000106|CABKOL020000106.1_1129
FLUB|CP047121.1_914	LMG07934|CP050262.1_745
FLUB|CP047121.1_1042	FLUB|CP047121.1_1042
FLUB|CP047121.1_1042	MGYG|ENA|CABKOL020000106|CABKOL020000106.1_1260
FLUB|CP047121.1_1074	FLUB|CP047121.1_1074
FLUB|CP047121.1_1074	MGYG|ENA|CABKOL020000106|CABKOL020000106.1_1294
FLUB|CP047121.1_1618	FLUB|CP047121.1_1618
FLUB|CP047121.1_1618	MGYG|ENA|CABKOL020000102|CABKOL020000102.1_415
FLUB|CP047121.1_1906	FLUB|CP047121.1_1906
FLUB|CP047121.1_1938	FLUB|CP047121.1_1938
FLUB|CP047121.1_2258	FLUB|CP047121.1_2258
FLUB|CP047121.1_2258	MGYG|ENA|CABKOL020000104|CABKOL020000104.1_327
FLUB|CP047121.1_2290	FLUB|CP047121.1_2290
FLUB|CP047121.1_2290	LMG07934|CP050262.1_2103
FLUB|CP047121.1_2290	MGYG|ENA|CABKOL020000104|CABKOL020000104.1_295
FLUB|CP047121.1_2322	FLUB|CP047121.1_2322
FLUB|CP047121.1_2322	MGYG|ENA|CABKOL020000104|CABKOL020000104.1_263
FLUB|CP047121.1_2354	FLUB|CP047121.1_2354
FLUB|CP047121.1_2354	LMG07934|CP050262.1_2161
FLUB|CP047121.1_2354	MGYG|ENA|CABKOL020000104|CABKOL020000104.1_231
FLUB|CP047121.1_2514	FLUB|CP047121.1_2514
FLUB|CP047121.1_2514	MGYG|ENA|CABKOL020000104|CABKOL020000104.1_70
FLUB|CP047121.1_2706	FLUB|CP047121.1_2706
FLUB|CP047121.1_2706	MGYG|ENA|CABKOL020000106|CABKOL020000106.1_120
FLUB|CP047122.1_5	FLUB|CP047122.1_5
FLUB|CP047122.1_37	FLUB|CP047122.1_37
FLUB|CP047123.1_21	FLUB|CP047123.1_21
FLUB|CP047125.1_7	FLUB|CP047125.1_7
LMG07934|CP050262.1_91	LMG07934|CP050262.1_91
LMG07934|CP050262.1_123	LMG07934|CP050262.1_123
LMG07934|CP050262.1_251	LMG07934|CP050262.1_251
LMG07934|CP050262.1_283	LMG07934|CP050262.1_283
LMG07934|CP050262.1_283	DSM20176|AZDF01000019.1_32
LMG07934|CP050262.1_283	LH500|CP044119.1_304
LMG07934|CP050262.1_571	LMG07934|CP050262.1_571
LMG07934|CP050262.1_667	LMG07934|CP050262.1_667
LMG07934|CP050262.1_827	LMG07934|CP050262.1_827
LMG07934|CP050262.1_827	LH500|CP044119.1_802
LMG07934|CP050262.1_827	DSM20176|AZDF01000016.1_25
LMG07934|CP050262.1_1147	LMG07934|CP050262.1_1147
LMG07934|CP050262.1_1147	MGYG|ENA|CABKOL020000102|CABKOL020000102.1_135
LMG07934|CP050262.1_1147	LH500|CP044119.1_1125
LMG07934|CP050262.1_1147	FLUB|CP047121.1_1340
LMG07934|CP050262.1_1147	DSM20176|AZDF01000002.1_89
LMG07934|CP050262.1_1179	LMG07934|CP050262.1_1179
LMG07934|CP050262.1_1179	LH500|CP044119.1_1157
LMG07934|CP050262.1_1179	DSM20176|AZDF01000002.1_57
LMG07934|CP050262.1_1211	LMG07934|CP050262.1_1211
LMG07934|CP050262.1_1211	MGYG|ENA|CABKOL020000102|CABKOL020000102.1_200
LMG07934|CP050262.1_1211	LH500|CP044119.1_1189
LMG07934|CP050262.1_1211	FLUB|CP047121.1_1405
LMG07934|CP050262.1_1211	DSM20176|AZDF01000002.1_26
LMG07934|CP050262.1_1243	LMG07934|CP050262.1_1243
LMG07934|CP050262.1_1307	LMG07934|CP050262.1_1307
LMG07934|CP050262.1_1435	LMG07934|CP050262.1_1435
LMG07934|CP050262.1_2011	LMG07934|CP050262.1_2011
LMG07934|CP050262.1_2075	LMG07934|CP050262.1_2075
LMG07934|CP050262.1_2395	LMG07934|CP050262.1_2395
LH500|CP044119.1_66	LH500|CP044119.1_66
LH500|CP044119.1_66	DSM20176|AZDF01000006.1_57
LH500|CP044119.1_578	LH500|CP044119.1_578
LH500|CP044119.1_578	DSM20176|AZDF01000010.1_58
LH500|CP044119.1_1346	LH500|CP044119.1_1346
LH500|CP044119.1_1346	DSM20176|AZDF01000008.1_80
LH500|CP044119.1_2210	LH500|CP044119.1_2210
LH500|CP044119.1_2210	LMG07934|CP050262.1_2303
LH500|CP044119.1_2210	DSM20176|AZDF01000009.1_67
LH500|CP044119.1_2274	LH500|CP044119.1_2274
LH500|CP044119.1_2274	DSM20176|AZDF01000009.1_3
LH500|CP044119.1_2274	LMG07934|CP050262.1_2374
MGYG|ENA|CABKOL020000010|CABKOL020000010.1_1	MGYG|ENA|CABKOL020000010|CABKOL020000010.1_1
MGYG|ENA|CABKOL020000049|CABKOL020000049.1_1	MGYG|ENA|CABKOL020000049|CABKOL020000049.1_1
MGYG|ENA|CABKOL020000099|CABKOL020000099.1_14	MGYG|ENA|CABKOL020000099|CABKOL020000099.1_14
MGYG|ENA|CABKOL020000099|CABKOL020000099.1_14	FLUB|CP047121.1_2020
MGYG|ENA|CABKOL020000099|CABKOL020000099.1_14	LH500|CP044119.1_1788
MGYG|ENA|CABKOL020000099|CABKOL020000099.1_14	LMG07934|CP050262.1_1846
MGYG|ENA|CABKOL020000099|CABKOL020000099.1_14	DSM20176|AZDF01000012.1_53
MGYG|ENA|CABKOL020000100|CABKOL020000100.1_11	MGYG|ENA|CABKOL020000100|CABKOL020000100.1_11
MGYG|ENA|CABKOL020000102|CABKOL020000102.1_7	MGYG|ENA|CABKOL020000102|CABKOL020000102.1_7
MGYG|ENA|CABKOL020000102|CABKOL020000102.1_7	LMG07934|CP050262.1_1022
MGYG|ENA|CABKOL020000102|CABKOL020000102.1_7	FLUB|CP047121.1_1213
MGYG|ENA|CABKOL020000102|CABKOL020000102.1_71	MGYG|ENA|CABKOL020000102|CABKOL020000102.1_71
MGYG|ENA|CABKOL020000102|CABKOL020000102.1_103	MGYG|ENA|CABKOL020000102|CABKOL020000102.1_103
MGYG|ENA|CABKOL020000102|CABKOL020000102.1_103	LMG07934|CP050262.1_1116
MGYG|ENA|CABKOL020000102|CABKOL020000102.1_103	LH500|CP044119.1_1093
MGYG|ENA|CABKOL020000102|CABKOL020000102.1_103	FLUB|CP047121.1_1308
MGYG|ENA|CABKOL020000102|CABKOL020000102.1_103	DSM20176|AZDF01000002.1_121
MGYG|ENA|CABKOL020000102|CABKOL020000102.1_231	MGYG|ENA|CABKOL020000102|CABKOL020000102.1_231
MGYG|ENA|CABKOL020000102|CABKOL020000102.1_231	DSM20176|AZDF01000057.1_8
MGYG|ENA|CABKOL020000102|CABKOL020000102.1_231	FLUB|CP047121.1_1434
MGYG|ENA|CABKOL020000102|CABKOL020000102.1_231	LH500|CP044119.1_1227
MGYG|ENA|CABKOL020000102|CABKOL020000102.1_231	LMG07934|CP050262.1_1321
MGYG|ENA|CABKOL020000102|CABKOL020000102.1_263	MGYG|ENA|CABKOL020000102|CABKOL020000102.1_263
MGYG|ENA|CABKOL020000102|CABKOL020000102.1_263	DSM20176|AZDF01000018.1_32
MGYG|ENA|CABKOL020000102|CABKOL020000102.1_263	FLUB|CP047121.1_1466
MGYG|ENA|CABKOL020000102|CABKOL020000102.1_263	LH500|CP044119.1_1260
MGYG|ENA|CABKOL020000102|CABKOL020000102.1_263	LMG07934|CP050262.1_1353
MGYG|ENA|CABKOL020000102|CABKOL020000102.1_295	MGYG|ENA|CABKOL020000102|CABKOL020000102.1_295
MGYG|ENA|CABKOL020000102|CABKOL020000102.1_295	DSM20176|AZDF01000013.1_29
MGYG|ENA|CABKOL020000102|CABKOL020000102.1_295	FLUB|CP047121.1_1498
MGYG|ENA|CABKOL020000102|CABKOL020000102.1_295	LH500|CP044119.1_1292
MGYG|ENA|CABKOL020000102|CABKOL020000102.1_295	LMG07934|CP050262.1_1385
MGYG|ENA|CABKOL020000102|CABKOL020000102.1_391	MGYG|ENA|CABKOL020000102|CABKOL020000102.1_391
MGYG|ENA|CABKOL020000102|CABKOL020000102.1_391	FLUB|CP047121.1_1594
MGYG|ENA|CABKOL020000102|CABKOL020000102.1_391	LH500|CP044119.1_1389
MGYG|ENA|CABKOL020000102|CABKOL020000102.1_391	LMG07934|CP050262.1_1479
MGYG|ENA|CABKOL020000102|CABKOL020000102.1_391	DSM20176|AZDF01000008.1_37
MGYG|ENA|CABKOL020000102|CABKOL020000102.1_423	MGYG|ENA|CABKOL020000102|CABKOL020000102.1_423
MGYG|ENA|CABKOL020000102|CABKOL020000102.1_423	FLUB|CP047121.1_1626
MGYG|ENA|CABKOL020000102|CABKOL020000102.1_423	LH500|CP044119.1_1421
MGYG|ENA|CABKOL020000102|CABKOL020000102.1_423	LMG07934|CP050262.1_1511
MGYG|ENA|CABKOL020000102|CABKOL020000102.1_423	DSM20176|AZDF01000008.1_5
MGYG|ENA|CABKOL020000102|CABKOL020000102.1_551	MGYG|ENA|CABKOL020000102|CABKOL020000102.1_551
MGYG|ENA|CABKOL020000102|CABKOL020000102.1_551	DSM20176|AZDF01000017.1_41
MGYG|ENA|CABKOL020000102|CABKOL020000102.1_551	FLUB|CP047121.1_1754
MGYG|ENA|CABKOL020000102|CABKOL020000102.1_551	LMG07934|CP050262.1_1639
MGYG|ENA|CABKOL020000102|CABKOL020000102.1_551	LH500|CP044119.1_1551
MGYG|ENA|CABKOL020000102|CABKOL020000102.1_583	MGYG|ENA|CABKOL020000102|CABKOL020000102.1_583
MGYG|ENA|CABKOL020000102|CABKOL020000102.1_583	DSM20176|AZDF01000017.1_10
MGYG|ENA|CABKOL020000102|CABKOL020000102.1_583	FLUB|CP047121.1_1786
MGYG|ENA|CABKOL020000102|CABKOL020000102.1_583	LMG07934|CP050262.1_1670
MGYG|ENA|CABKOL020000102|CABKOL020000102.1_583	LH500|CP044119.1_1582
MGYG|ENA|CABKOL020000102|CABKOL020000102.1_647	MGYG|ENA|CABKOL020000102|CABKOL020000102.1_647
MGYG|ENA|CABKOL020000102|CABKOL020000102.1_647	DSM20176|AZDF01000023.1_23
MGYG|ENA|CABKOL020000102|CABKOL020000102.1_647	FLUB|CP047121.1_1851
MGYG|ENA|CABKOL020000102|CABKOL020000102.1_647	LMG07934|CP050262.1_1734
MGYG|ENA|CABKOL020000102|CABKOL020000102.1_647	LH500|CP044119.1_1648
MGYG|ENA|CABKOL020000102|CABKOL020000102.1_679	MGYG|ENA|CABKOL020000102|CABKOL020000102.1_679
MGYG|ENA|CABKOL020000102|CABKOL020000102.1_679	FLUB|CP047121.1_1882
MGYG|ENA|CABKOL020000102|CABKOL020000102.1_679	LMG07934|CP050262.1_1766
MGYG|ENA|CABKOL020000102|CABKOL020000102.1_679	LH500|CP044119.1_1709
MGYG|ENA|CABKOL020000102|CABKOL020000102.1_679	DSM20176|AZDF01000014.1_26
MGYG|ENA|CABKOL020000103|CABKOL020000103.1_8	MGYG|ENA|CABKOL020000103|CABKOL020000103.1_8
MGYG|ENA|CABKOL020000104|CABKOL020000104.1_43	MGYG|ENA|CABKOL020000104|CABKOL020000104.1_43
MGYG|ENA|CABKOL020000104|CABKOL020000104.1_43	FLUB|CP047121.1_2541
MGYG|ENA|CABKOL020000104|CABKOL020000104.1_267	MGYG|ENA|CABKOL020000104|CABKOL020000104.1_267
MGYG|ENA|CABKOL020000104|CABKOL020000104.1_267	LMG07934|CP050262.1_2128
MGYG|ENA|CABKOL020000104|CABKOL020000104.1_267	FLUB|CP047121.1_2318
MGYG|ENA|CABKOL020000104|CABKOL020000104.1_299	MGYG|ENA|CABKOL020000104|CABKOL020000104.1_299
MGYG|ENA|CABKOL020000104|CABKOL020000104.1_299	FLUB|CP047121.1_2286
MGYG|ENA|CABKOL020000105|CABKOL020000105.1_5	MGYG|ENA|CABKOL020000105|CABKOL020000105.1_5
MGYG|ENA|CABKOL020000105|CABKOL020000105.1_37	MGYG|ENA|CABKOL020000105|CABKOL020000105.1_37
MGYG|ENA|CABKOL020000106|CABKOL020000106.1_412	MGYG|ENA|CABKOL020000106|CABKOL020000106.1_412
MGYG|ENA|CABKOL020000106|CABKOL020000106.1_412	FLUB|CP047121.1_137
MGYG|ENA|CABKOL020000106|CABKOL020000106.1_540	MGYG|ENA|CABKOL020000106|CABKOL020000106.1_540
MGYG|ENA|CABKOL020000106|CABKOL020000106.1_540	FLUB|CP047121.1_264
MGYG|ENA|CABKOL020000106|CABKOL020000106.1_604	MGYG|ENA|CABKOL020000106|CABKOL020000106.1_604
MGYG|ENA|CABKOL020000106|CABKOL020000106.1_604	FLUB|CP047121.1_327
MGYG|ENA|CABKOL020000106|CABKOL020000106.1_732	MGYG|ENA|CABKOL020000106|CABKOL020000106.1_732
MGYG|ENA|CABKOL020000106|CABKOL020000106.1_732	FLUB|CP047121.1_456
MGYG|ENA|CABKOL020000106|CABKOL020000106.1_892	MGYG|ENA|CABKOL020000106|CABKOL020000106.1_892
MGYG|ENA|CABKOL020000106|CABKOL020000106.1_892	FLUB|CP047121.1_681
MGYG|ENA|CABKOL020000106|CABKOL020000106.1_956	MGYG|ENA|CABKOL020000106|CABKOL020000106.1_956
MGYG|ENA|CABKOL020000106|CABKOL020000106.1_956	FLUB|CP047121.1_744
MGYG|ENA|CABKOL020000106|CABKOL020000106.1_988	MGYG|ENA|CABKOL020000106|CABKOL020000106.1_988
MGYG|ENA|CABKOL020000106|CABKOL020000106.1_988	FLUB|CP047121.1_776
MGYG|ENA|CABKOL020000106|CABKOL020000106.1_1020	MGYG|ENA|CABKOL020000106|CABKOL020000106.1_1020
MGYG|ENA|CABKOL020000106|CABKOL020000106.1_1020	FLUB|CP047121.1_808
MGYG|ENA|CABKOL020000106|CABKOL020000106.1_1052	MGYG|ENA|CABKOL020000106|CABKOL020000106.1_1052
MGYG|ENA|CABKOL020000106|CABKOL020000106.1_1052	FLUB|CP047121.1_839
MGYG|ENA|CABKOL020000106|CABKOL020000106.1_1084	MGYG|ENA|CABKOL020000106|CABKOL020000106.1_1084
MGYG|ENA|CABKOL020000106|CABKOL020000106.1_1084	FLUB|CP047121.1_869
MGYG|ENA|CABKOL020000106|CABKOL020000106.1_1116	MGYG|ENA|CABKOL020000106|CABKOL020000106.1_1116
MGYG|ENA|CABKOL020000106|CABKOL020000106.1_1116	FLUB|CP047121.1_901
MGYG|ENA|CABKOL020000106|CABKOL020000106.1_1148	MGYG|ENA|CABKOL020000106|CABKOL020000106.1_1148
MGYG|ENA|CABKOL020000106|CABKOL020000106.1_1148	FLUB|CP047121.1_933
MGYG|ENA|CABKOL020000106|CABKOL020000106.1_1308	MGYG|ENA|CABKOL020000106|CABKOL020000106.1_1308
MGYG|ENA|CABKOL020000106|CABKOL020000106.1_1308	DSM20176|AZDF01000030.1_25
MGYG|ENA|CABKOL020000106|CABKOL020000106.1_1308	LH500|CP044119.1_871
MGYG|ENA|CABKOL020000106|CABKOL020000106.1_1308	LMG07934|CP050262.1_898
MGYG|ENA|CABKOL020000106|CABKOL020000106.1_1308	FLUB|CP047121.1_1088
DSM20176|AZDF01000010.1_32	DSM20176|AZDF01000010.1_32
DSM20176|AZDF01000010.1_32	LMG07934|CP050262.1_528
DSM20176|AZDF01000010.1_32	FLUB|CP047121.1_629
DSM20176|AZDF01000010.1_32	LH500|CP044119.1_552
DSM20176|AZDF01000010.1_32	MGYG|ENA|CABKOL020000106|CABKOL020000106.1_838
DSM20176|AZDF01000027.1_11	DSM20176|AZDF01000027.1_11
DSM20176|AZDF01000034.1_5	DSM20176|AZDF01000034.1_5
DSM20176|AZDF01000034.1_5	LH500|CP044119.1_2501
DSM20176|AZDF01000034.1_5	MGYG|ENA|CABKOL020000106|CABKOL020000106.1_191
DSM20176|AZDF01000034.1_5	LMG07934|CP050262.1_2626
DSM20176|AZDF01000034.1_5	FLUB|CP047121.1_2778
DSM20176|AZDF01000046.1_11	DSM20176|AZDF01000046.1_11
DSM20176|AZDF01000006.1_104	DSM20176|AZDF01000006.1_104
DSM20176|AZDF01000006.1_104	LH500|CP044119.1_18
DSM20176|AZDF01000061.1_9	DSM20176|AZDF01000061.1_9
DSM20176|AZDF01000074.1_3	DSM20176|AZDF01000074.1_3
DSM20176|AZDF01000074.1_3	LH500|CP044119.1_602
DSM20176|AZDF01000009.1_58	DSM20176|AZDF01000009.1_58
DSM20176|AZDF01000009.1_58	LH500|CP044119.1_2219
DSM20176|AZDF01000009.1_58	LMG07934|CP050262.1_2312
FLUB|CP047121.1_403	FLUB|CP047121.1_403
FLUB|CP047121.1_403	DSM20176|AZDF01000003.1_126
FLUB|CP047121.1_403	LH500|CP044119.1_393
FLUB|CP047121.1_403	MGYG|ENA|CABKOL020000106|CABKOL020000106.1_679
FLUB|CP047121.1_563	FLUB|CP047121.1_563
FLUB|CP047121.1_595	FLUB|CP047121.1_595
FLUB|CP047121.1_787	FLUB|CP047121.1_787
FLUB|CP047121.1_915	FLUB|CP047121.1_915
FLUB|CP047121.1_915	LMG07934|CP050262.1_746
FLUB|CP047121.1_915	LH500|CP044119.1_709
FLUB|CP047121.1_915	DSM20176|AZDF01000027.1_23
FLUB|CP047121.1_915	MGYG|ENA|CABKOL020000106|CABKOL020000106.1_1130
FLUB|CP047121.1_947	FLUB|CP047121.1_947
FLUB|CP047121.1_947	MGYG|ENA|CABKOL020000106|CABKOL020000106.1_1163
FLUB|CP047121.1_1043	FLUB|CP047121.1_1043
FLUB|CP047121.1_1043	MGYG|ENA|CABKOL020000106|CABKOL020000106.1_1261
FLUB|CP047121.1_1747	FLUB|CP047121.1_1747
FLUB|CP047121.1_1747	MGYG|ENA|CABKOL020000102|CABKOL020000102.1_544
FLUB|CP047121.1_1907	FLUB|CP047121.1_1907
FLUB|CP047121.1_1939	FLUB|CP047121.1_1939
FLUB|CP047121.1_2259	FLUB|CP047121.1_2259
FLUB|CP047121.1_2259	MGYG|ENA|CABKOL020000104|CABKOL020000104.1_326
FLUB|CP047121.1_2323	FLUB|CP047121.1_2323
FLUB|CP047121.1_2323	LMG07934|CP050262.1_2131
FLUB|CP047121.1_2323	MGYG|ENA|CABKOL020000104|CABKOL020000104.1_262
FLUB|CP047121.1_2355	FLUB|CP047121.1_2355
FLUB|CP047121.1_2355	MGYG|ENA|CABKOL020000104|CABKOL020000104.1_230
FLUB|CP047121.1_2451	FLUB|CP047121.1_2451
FLUB|CP047121.1_2451	MGYG|ENA|CABKOL020000104|CABKOL020000104.1_132
FLUB|CP047121.1_2515	FLUB|CP047121.1_2515
FLUB|CP047121.1_2515	MGYG|ENA|CABKOL020000104|CABKOL020000104.1_69
FLUB|CP047121.1_2611	FLUB|CP047121.1_2611
FLUB|CP047121.1_2611	MGYG|ENA|CABKOL020000106|CABKOL020000106.1_27
FLUB|CP047121.1_2707	FLUB|CP047121.1_2707
FLUB|CP047121.1_2707	MGYG|ENA|CABKOL020000106|CABKOL020000106.1_121
FLUB|CP047121.1_2771	FLUB|CP047121.1_2771
FLUB|CP047121.1_2771	MGYG|ENA|CABKOL020000106|CABKOL020000106.1_184
FLUB|CP047122.1_6	FLUB|CP047122.1_6
FLUB|CP047122.1_38	FLUB|CP047122.1_38
FLUB|CP047123.1_22	FLUB|CP047123.1_22
FLUB|CP047124.1_15	FLUB|CP047124.1_15
FLUB|CP047124.1_15	FLUB|CP047124.1_36
FLUB|CP047125.1_8	FLUB|CP047125.1_8
LMG07934|CP050262.1_252	LMG07934|CP050262.1_252
LMG07934|CP050262.1_572	LMG07934|CP050262.1_572
LMG07934|CP050262.1_636	LMG07934|CP050262.1_636
LMG07934|CP050262.1_668	LMG07934|CP050262.1_668
LMG07934|CP050262.1_732	LMG07934|CP050262.1_732
LMG07934|CP050262.1_764	LMG07934|CP050262.1_764
LMG07934|CP050262.1_764	LH500|CP044119.1_730
LMG07934|CP050262.1_764	DSM20176|AZDF01000045.1_7
LMG07934|CP050262.1_764	MGYG|ENA|CABKOL020000106|CABKOL020000106.1_1150
LMG07934|CP050262.1_764	FLUB|CP047121.1_935
LMG07934|CP050262.1_1180	LMG07934|CP050262.1_1180
LMG07934|CP050262.1_1180	MGYG|ENA|CABKOL020000102|CABKOL020000102.1_168
LMG07934|CP050262.1_1180	LH500|CP044119.1_1158
LMG07934|CP050262.1_1180	DSM20176|AZDF01000002.1_56
LMG07934|CP050262.1_1180	FLUB|CP047121.1_1373
LMG07934|CP050262.1_1212	LMG07934|CP050262.1_1212
LMG07934|CP050262.1_1212	MGYG|ENA|CABKOL020000102|CABKOL020000102.1_201
LMG07934|CP050262.1_1212	LH500|CP044119.1_1190
LMG07934|CP050262.1_1212	DSM20176|AZDF01000002.1_25
LMG07934|CP050262.1_1212	FLUB|CP047121.1_1406
LMG07934|CP050262.1_1244	LMG07934|CP050262.1_1244
LMG07934|CP050262.1_1308	LMG07934|CP050262.1_1308
LMG07934|CP050262.1_1788	LMG07934|CP050262.1_1788
LMG07934|CP050262.1_1788	FLUB|CP047121.1_1964
LMG07934|CP050262.1_1788	MGYG|ENA|CABKOL020000102|CABKOL020000102.1_701
LMG07934|CP050262.1_2172	LMG07934|CP050262.1_2172
LMG07934|CP050262.1_2396	LMG07934|CP050262.1_2396
LMG07934|CP050262.1_2524	LMG07934|CP050262.1_2524
LMG07934|CP050262.1_2524	DSM20176|AZDF01000043.1_8
LMG07934|CP050262.1_2524	MGYG|ENA|CABKOL020000106|CABKOL020000106.1_62
LMG07934|CP050262.1_2524	LH500|CP044119.1_2405
LMG07934|CP050262.1_2524	FLUB|CP047121.1_2646
LMG07934|CP050262.1_2588	LMG07934|CP050262.1_2588
LMG07934|CP050262.1_2620	LMG07934|CP050262.1_2620
LH500|CP044119.1_291	LH500|CP044119.1_291
LH500|CP044119.1_291	MGYG|ENA|CABKOL020000106|CABKOL020000106.1_564
LH500|CP044119.1_579	LH500|CP044119.1_579
LH500|CP044119.1_579	DSM20176|AZDF01000010.1_59
LH500|CP044119.1_739	LH500|CP044119.1_739
LH500|CP044119.1_739	DSM20176|AZDF01000085.1_1
LH500|CP044119.1_835	LH500|CP044119.1_835
LH500|CP044119.1_835	LMG07934|CP050262.1_863
LH500|CP044119.1_835	DSM20176|AZDF01000037.1_11
LH500|CP044119.1_1347	LH500|CP044119.1_1347
LH500|CP044119.1_1347	DSM20176|AZDF01000008.1_79
LH500|CP044119.1_1859	LH500|CP044119.1_1859
LH500|CP044119.1_1859	DSM20176|AZDF01000001.1_7
LH500|CP044119.1_1859	LMG07934|CP050262.1_1864
LH500|CP044119.1_2147	LH500|CP044119.1_2147
LH500|CP044119.1_2147	DSM20176|AZDF01000020.1_4
LH500|CP044119.1_2147	LMG07934|CP050262.1_2242
LH500|CP044119.1_2147	FLUB|CP047121.1_2431
LH500|CP044119.1_2147	MGYG|ENA|CABKOL020000104|CABKOL020000104.1_152
LH500|CP044119.1_2179	LH500|CP044119.1_2179
LH500|CP044119.1_2179	DSM20176|AZDF01000020.1_36
LH500|CP044119.1_2211	LH500|CP044119.1_2211
LH500|CP044119.1_2211	LMG07934|CP050262.1_2304
LH500|CP044119.1_2211	DSM20176|AZDF01000009.1_66
LH500|CP044119.1_2243	LH500|CP044119.1_2243
LH500|CP044119.1_2243	LMG07934|CP050262.1_2338
LH500|CP044119.1_2243	DSM20176|AZDF01000009.1_34
MGYG|ENA|CABKOL020000080|CABKOL020000080.1_1	MGYG|ENA|CABKOL020000080|CABKOL020000080.1_1
MGYG|ENA|CABKOL020000080|CABKOL020000080.1_1	FLUB|CP047121.1_2722
MGYG|ENA|CABKOL020000100|CABKOL020000100.1_12	MGYG|ENA|CABKOL020000100|CABKOL020000100.1_12
MGYG|ENA|CABKOL020000102|CABKOL020000102.1_40	MGYG|ENA|CABKOL020000102|CABKOL020000102.1_40
MGYG|ENA|CABKOL020000102|CABKOL020000102.1_40	LMG07934|CP050262.1_1053
MGYG|ENA|CABKOL020000102|CABKOL020000102.1_40	LH500|CP044119.1_1032
MGYG|ENA|CABKOL020000102|CABKOL020000102.1_40	DSM20176|AZDF01000002.1_182
MGYG|ENA|CABKOL020000102|CABKOL020000102.1_40	FLUB|CP047121.1_1246
MGYG|ENA|CABKOL020000102|CABKOL020000102.1_72	MGYG|ENA|CABKOL020000102|CABKOL020000102.1_72
MGYG|ENA|CABKOL020000102|CABKOL020000102.1_72	LMG07934|CP050262.1_1086
MGYG|ENA|CABKOL020000102|CABKOL020000102.1_72	DSM20176|AZDF01000002.1_149
MGYG|ENA|CABKOL020000102|CABKOL020000102.1_72	LH500|CP044119.1_1065
MGYG|ENA|CABKOL020000102|CABKOL020000102.1_72	FLUB|CP047121.1_1278
MGYG|ENA|CABKOL020000102|CABKOL020000102.1_104	MGYG|ENA|CABKOL020000102|CABKOL020000102.1_104
MGYG|ENA|CABKOL020000102|CABKOL020000102.1_104	LMG07934|CP050262.1_1117
MGYG|ENA|CABKOL020000102|CABKOL020000102.1_104	LH500|CP044119.1_1094
MGYG|ENA|CABKOL020000102|CABKOL020000102.1_104	DSM20176|AZDF01000002.1_120
MGYG|ENA|CABKOL020000102|CABKOL020000102.1_104	FLUB|CP047121.1_1309
MGYG|ENA|CABKOL020000102|CABKOL020000102.1_136	MGYG|ENA|CABKOL020000102|CABKOL020000102.1_136
MGYG|ENA|CABKOL020000102|CABKOL020000102.1_136	LMG07934|CP050262.1_1148
MGYG|ENA|CABKOL020000102|CABKOL020000102.1_136	LH500|CP044119.1_1126
MGYG|ENA|CABKOL020000102|CABKOL020000102.1_136	DSM20176|AZDF01000002.1_88
MGYG|ENA|CABKOL020000102|CABKOL020000102.1_136	FLUB|CP047121.1_1341
MGYG|ENA|CABKOL020000102|CABKOL020000102.1_232	MGYG|ENA|CABKOL020000102|CABKOL020000102.1_232
MGYG|ENA|CABKOL020000102|CABKOL020000102.1_232	LMG07934|CP050262.1_1322
MGYG|ENA|CABKOL020000102|CABKOL020000102.1_232	DSM20176|AZDF01000018.1_1
MGYG|ENA|CABKOL020000102|CABKOL020000102.1_232	FLUB|CP047121.1_1435
MGYG|ENA|CABKOL020000102|CABKOL020000102.1_232	LH500|CP044119.1_1229
MGYG|ENA|CABKOL020000102|CABKOL020000102.1_392	MGYG|ENA|CABKOL020000102|CABKOL020000102.1_392
MGYG|ENA|CABKOL020000102|CABKOL020000102.1_392	FLUB|CP047121.1_1595
MGYG|ENA|CABKOL020000102|CABKOL020000102.1_392	LH500|CP044119.1_1390
MGYG|ENA|CABKOL020000102|CABKOL020000102.1_392	LMG07934|CP050262.1_1480
MGYG|ENA|CABKOL020000102|CABKOL020000102.1_392	DSM20176|AZDF01000008.1_36
MGYG|ENA|CABKOL020000102|CABKOL020000102.1_552	MGYG|ENA|CABKOL020000102|CABKOL020000102.1_552
MGYG|ENA|CABKOL020000102|CABKOL020000102.1_552	DSM20176|AZDF01000017.1_40
MGYG|ENA|CABKOL020000102|CABKOL020000102.1_552	FLUB|CP047121.1_1755
MGYG|ENA|CABKOL020000102|CABKOL020000102.1_552	LMG07934|CP050262.1_1640
MGYG|ENA|CABKOL020000102|CABKOL020000102.1_552	LH500|CP044119.1_1552
MGYG|ENA|CABKOL020000102|CABKOL020000102.1_584	MGYG|ENA|CABKOL020000102|CABKOL020000102.1_584
MGYG|ENA|CABKOL020000102|CABKOL020000102.1_584	DSM20176|AZDF01000017.1_9
MGYG|ENA|CABKOL020000102|CABKOL020000102.1_584	FLUB|CP047121.1_1787
MGYG|ENA|CABKOL020000102|CABKOL020000102.1_584	LMG07934|CP050262.1_1671
MGYG|ENA|CABKOL020000102|CABKOL020000102.1_584	LH500|CP044119.1_1583
MGYG|ENA|CABKOL020000102|CABKOL020000102.1_616	MGYG|ENA|CABKOL020000102|CABKOL020000102.1_616
MGYG|ENA|CABKOL020000102|CABKOL020000102.1_616	DSM20176|AZDF01000025.1_23
MGYG|ENA|CABKOL020000102|CABKOL020000102.1_616	FLUB|CP047121.1_1819
MGYG|ENA|CABKOL020000102|CABKOL020000102.1_616	LMG07934|CP050262.1_1704
MGYG|ENA|CABKOL020000102|CABKOL020000102.1_616	LH500|CP044119.1_1615
MGYG|ENA|CABKOL020000102|CABKOL020000102.1_680	MGYG|ENA|CABKOL020000102|CABKOL020000102.1_680
MGYG|ENA|CABKOL020000102|CABKOL020000102.1_680	FLUB|CP047121.1_1883
MGYG|ENA|CABKOL020000102|CABKOL020000102.1_680	LMG07934|CP050262.1_1767
MGYG|ENA|CABKOL020000102|CABKOL020000102.1_680	LH500|CP044119.1_1710
MGYG|ENA|CABKOL020000102|CABKOL020000102.1_680	DSM20176|AZDF01000014.1_27
MGYG|ENA|CABKOL020000103|CABKOL020000103.1_9	MGYG|ENA|CABKOL020000103|CABKOL020000103.1_9
MGYG|ENA|CABKOL020000104|CABKOL020000104.1_76	MGYG|ENA|CABKOL020000104|CABKOL020000104.1_76
MGYG|ENA|CABKOL020000104|CABKOL020000104.1_76	FLUB|CP047121.1_2508
MGYG|ENA|CABKOL020000104|CABKOL020000104.1_172	MGYG|ENA|CABKOL020000104|CABKOL020000104.1_172
MGYG|ENA|CABKOL020000104|CABKOL020000104.1_268	MGYG|ENA|CABKOL020000104|CABKOL020000104.1_268
MGYG|ENA|CABKOL020000104|CABKOL020000104.1_268	LMG07934|CP050262.1_2127
MGYG|ENA|CABKOL020000104|CABKOL020000104.1_268	FLUB|CP047121.1_2317
MGYG|ENA|CABKOL020000104|CABKOL020000104.1_300	MGYG|ENA|CABKOL020000104|CABKOL020000104.1_300
MGYG|ENA|CABKOL020000104|CABKOL020000104.1_300	LMG07934|CP050262.1_2100
MGYG|ENA|CABKOL020000104|CABKOL020000104.1_300	FLUB|CP047121.1_2285
MGYG|ENA|CABKOL020000104|CABKOL020000104.1_364	MGYG|ENA|CABKOL020000104|CABKOL020000104.1_364
MGYG|ENA|CABKOL020000104|CABKOL020000104.1_364	FLUB|CP047121.1_2221
MGYG|ENA|CABKOL020000105|CABKOL020000105.1_6	MGYG|ENA|CABKOL020000105|CABKOL020000105.1_6
MGYG|ENA|CABKOL020000105|CABKOL020000105.1_38	MGYG|ENA|CABKOL020000105|CABKOL020000105.1_38
MGYG|ENA|CABKOL020000106|CABKOL020000106.1_605	MGYG|ENA|CABKOL020000106|CABKOL020000106.1_605
MGYG|ENA|CABKOL020000106|CABKOL020000106.1_605	FLUB|CP047121.1_328
MGYG|ENA|CABKOL020000106|CABKOL020000106.1_733	MGYG|ENA|CABKOL020000106|CABKOL020000106.1_733
MGYG|ENA|CABKOL020000106|CABKOL020000106.1_733	FLUB|CP047121.1_457
MGYG|ENA|CABKOL020000106|CABKOL020000106.1_893	MGYG|ENA|CABKOL020000106|CABKOL020000106.1_893
MGYG|ENA|CABKOL020000106|CABKOL020000106.1_893	FLUB|CP047121.1_682
MGYG|ENA|CABKOL020000106|CABKOL020000106.1_957	MGYG|ENA|CABKOL020000106|CABKOL020000106.1_957
MGYG|ENA|CABKOL020000106|CABKOL020000106.1_957	FLUB|CP047121.1_745
MGYG|ENA|CABKOL020000106|CABKOL020000106.1_989	MGYG|ENA|CABKOL020000106|CABKOL020000106.1_989
MGYG|ENA|CABKOL020000106|CABKOL020000106.1_989	FLUB|CP047121.1_777
MGYG|ENA|CABKOL020000106|CABKOL020000106.1_1053	MGYG|ENA|CABKOL020000106|CABKOL020000106.1_1053
MGYG|ENA|CABKOL020000106|CABKOL020000106.1_1053	FLUB|CP047121.1_840
MGYG|ENA|CABKOL020000106|CABKOL020000106.1_1117	MGYG|ENA|CABKOL020000106|CABKOL020000106.1_1117
MGYG|ENA|CABKOL020000106|CABKOL020000106.1_1117	FLUB|CP047121.1_902
MGYG|ENA|CABKOL020000106|CABKOL020000106.1_1181	MGYG|ENA|CABKOL020000106|CABKOL020000106.1_1181
MGYG|ENA|CABKOL020000106|CABKOL020000106.1_1181	FLUB|CP047121.1_964
MGYG|ENA|CABKOL020000106|CABKOL020000106.1_1245	MGYG|ENA|CABKOL020000106|CABKOL020000106.1_1245
MGYG|ENA|CABKOL020000106|CABKOL020000106.1_1245	FLUB|CP047121.1_1027
MGYG|ENA|CABKOL020000106|CABKOL020000106.1_1277	MGYG|ENA|CABKOL020000106|CABKOL020000106.1_1277
MGYG|ENA|CABKOL020000106|CABKOL020000106.1_1277	FLUB|CP047121.1_1058
DSM20176|AZDF01000002.1_48	DSM20176|AZDF01000002.1_48
DSM20176|AZDF01000002.1_48	FLUB|CP047121.1_1382
DSM20176|AZDF01000002.1_48	LMG07934|CP050262.1_1188
DSM20176|AZDF01000002.1_48	MGYG|ENA|CABKOL020000102|CABKOL020000102.1_177
DSM20176|AZDF01000002.1_48	LH500|CP044119.1_1166
DSM20176|AZDF01000002.1_80	DSM20176|AZDF01000002.1_80
DSM20176|AZDF01000002.1_80	FLUB|CP047121.1_1349
DSM20176|AZDF01000002.1_80	LMG07934|CP050262.1_1156
DSM20176|AZDF01000002.1_80	MGYG|ENA|CABKOL020000102|CABKOL020000102.1_144
DSM20176|AZDF01000002.1_80	LH500|CP044119.1_1134
DSM20176|AZDF01000020.1_32	DSM20176|AZDF01000020.1_32
DSM20176|AZDF01000020.1_32	LH500|CP044119.1_2175
DSM20176|AZDF01000003.1_28	DSM20176|AZDF01000003.1_28
DSM20176|AZDF01000003.1_28	LMG07934|CP050262.1_466
DSM20176|AZDF01000003.1_28	FLUB|CP047121.1_501
DSM20176|AZDF01000003.1_28	LH500|CP044119.1_492
DSM20176|AZDF01000003.1_28	MGYG|ENA|CABKOL020000106|CABKOL020000106.1_777
DSM20176|AZDF01000003.1_60	DSM20176|AZDF01000003.1_60
DSM20176|AZDF01000003.1_60	LMG07934|CP050262.1_432
DSM20176|AZDF01000003.1_60	FLUB|CP047121.1_470
DSM20176|AZDF01000003.1_60	LH500|CP044119.1_460
DSM20176|AZDF01000003.1_60	MGYG|ENA|CABKOL020000106|CABKOL020000106.1_746
DSM20176|AZDF01000046.1_12	DSM20176|AZDF01000046.1_12
DSM20176|AZDF01000006.1_105	DSM20176|AZDF01000006.1_105
DSM20176|AZDF01000006.1_105	LH500|CP044119.1_17
DSM20176|AZDF01000061.1_10	DSM20176|AZDF01000061.1_10
DSM20176|AZDF01000075.1_1	DSM20176|AZDF01000075.1_1
DSM20176|AZDF01000009.1_27	DSM20176|AZDF01000009.1_27
DSM20176|AZDF01000009.1_27	LH500|CP044119.1_2250
DSM20176|AZDF01000009.1_27	LMG07934|CP050262.1_2345
DSM20176|AZDF01000009.1_59	DSM20176|AZDF01000009.1_59
DSM20176|AZDF01000009.1_59	LMG07934|CP050262.1_1281
DSM20176|AZDF01000009.1_59	LH500|CP044119.1_2218
DSM20176|AZDF01000009.1_59	LMG07934|CP050262.1_2311
FLUB|CP047121.1_404	FLUB|CP047121.1_404
FLUB|CP047121.1_564	FLUB|CP047121.1_564
FLUB|CP047121.1_596	FLUB|CP047121.1_596
FLUB|CP047121.1_948	FLUB|CP047121.1_948
FLUB|CP047121.1_948	MGYG|ENA|CABKOL020000106|CABKOL020000106.1_1164
FLUB|CP047121.1_980	FLUB|CP047121.1_980
FLUB|CP047121.1_980	MGYG|ENA|CABKOL020000106|CABKOL020000106.1_1197
FLUB|CP047121.1_1044	FLUB|CP047121.1_1044
FLUB|CP047121.1_1044	MGYG|ENA|CABKOL020000106|CABKOL020000106.1_1262
FLUB|CP047121.1_1588	FLUB|CP047121.1_1588
FLUB|CP047121.1_1588	MGYG|ENA|CABKOL020000102|CABKOL020000102.1_385
FLUB|CP047121.1_1908	FLUB|CP047121.1_1908
FLUB|CP047121.1_1940	FLUB|CP047121.1_1940
FLUB|CP047121.1_2260	FLUB|CP047121.1_2260
FLUB|CP047121.1_2260	MGYG|ENA|CABKOL020000104|CABKOL020000104.1_325
FLUB|CP047121.1_2324	FLUB|CP047121.1_2324
FLUB|CP047121.1_2324	LMG07934|CP050262.1_2132
FLUB|CP047121.1_2324	MGYG|ENA|CABKOL020000104|CABKOL020000104.1_261
FLUB|CP047121.1_2356	FLUB|CP047121.1_2356
FLUB|CP047121.1_2356	LMG07934|CP050262.1_2164
FLUB|CP047121.1_2356	MGYG|ENA|CABKOL020000104|CABKOL020000104.1_229
FLUB|CP047121.1_2516	FLUB|CP047121.1_2516
FLUB|CP047121.1_2516	MGYG|ENA|CABKOL020000104|CABKOL020000104.1_68
FLUB|CP047121.1_2612	FLUB|CP047121.1_2612
FLUB|CP047121.1_2612	MGYG|ENA|CABKOL020000106|CABKOL020000106.1_28
FLUB|CP047121.1_2708	FLUB|CP047121.1_2708
FLUB|CP047121.1_2708	MGYG|ENA|CABKOL020000106|CABKOL020000106.1_122
FLUB|CP047122.1_7	FLUB|CP047122.1_7
FLUB|CP047122.1_39	FLUB|CP047122.1_39
FLUB|CP047124.1_16	FLUB|CP047124.1_16
FLUB|CP047126.1_1	FLUB|CP047126.1_1
LMG07934|CP050262.1_253	LMG07934|CP050262.1_253
LMG07934|CP050262.1_573	LMG07934|CP050262.1_573
LMG07934|CP050262.1_637	LMG07934|CP050262.1_637
LMG07934|CP050262.1_669	LMG07934|CP050262.1_669
LMG07934|CP050262.1_765	LMG07934|CP050262.1_765
LMG07934|CP050262.1_861	LMG07934|CP050262.1_861
LMG07934|CP050262.1_1213	LMG07934|CP050262.1_1213
LMG07934|CP050262.1_1213	MGYG|ENA|CABKOL020000102|CABKOL020000102.1_202
LMG07934|CP050262.1_1213	LH500|CP044119.1_1191
LMG07934|CP050262.1_1213	DSM20176|AZDF01000002.1_24
LMG07934|CP050262.1_1213	FLUB|CP047121.1_1407
LMG07934|CP050262.1_1245	LMG07934|CP050262.1_1245
LMG07934|CP050262.1_1277	LMG07934|CP050262.1_1277
LMG07934|CP050262.1_1309	LMG07934|CP050262.1_1309
LMG07934|CP050262.1_1469	LMG07934|CP050262.1_1469
LMG07934|CP050262.1_1469	MGYG|ENA|CABKOL020000102|CABKOL020000102.1_381
LMG07934|CP050262.1_1469	DSM20176|AZDF01000008.1_48
LMG07934|CP050262.1_1469	FLUB|CP047121.1_1584
LMG07934|CP050262.1_1469	LH500|CP044119.1_1378
LMG07934|CP050262.1_1853	LMG07934|CP050262.1_1853
LMG07934|CP050262.1_2141	LMG07934|CP050262.1_2141
LMG07934|CP050262.1_2173	LMG07934|CP050262.1_2173
LMG07934|CP050262.1_2333	LMG07934|CP050262.1_2333
LMG07934|CP050262.1_2397	LMG07934|CP050262.1_2397
LMG07934|CP050262.1_2589	LMG07934|CP050262.1_2589
LH500|CP044119.1_644	LH500|CP044119.1_644
LH500|CP044119.1_644	DSM20176|AZDF01000050.1_3
LH500|CP044119.1_1668	LH500|CP044119.1_1668
LH500|CP044119.1_1668	DSM20176|AZDF01000055.1_6
LH500|CP044119.1_2148	LH500|CP044119.1_2148
LH500|CP044119.1_2148	DSM20176|AZDF01000020.1_5
LH500|CP044119.1_2148	LMG07934|CP050262.1_2243
LH500|CP044119.1_2148	MGYG|ENA|CABKOL020000104|CABKOL020000104.1_151
LH500|CP044119.1_2148	FLUB|CP047121.1_2432
LH500|CP044119.1_2212	LH500|CP044119.1_2212
LH500|CP044119.1_2212	LMG07934|CP050262.1_2305
LH500|CP044119.1_2212	DSM20176|AZDF01000009.1_65
LH500|CP044119.1_2276	LH500|CP044119.1_2276
LH500|CP044119.1_2500	LH500|CP044119.1_2500
LH500|CP044119.1_2500	DSM20176|AZDF01000034.1_4
LH500|CP044119.1_2500	LMG07934|CP050262.1_2623
MGYG|ENA|CABKOL020000013|CABKOL020000013.1_1	MGYG|ENA|CABKOL020000013|CABKOL020000013.1_1
MGYG|ENA|CABKOL020000053|CABKOL020000053.1_1	MGYG|ENA|CABKOL020000053|CABKOL020000053.1_1
MGYG|ENA|CABKOL020000053|CABKOL020000053.1_1	MGYG|ENA|CABKOL020000052|CABKOL020000052.1_1
MGYG|ENA|CABKOL020000081|CABKOL020000081.1_1	MGYG|ENA|CABKOL020000081|CABKOL020000081.1_1
MGYG|ENA|CABKOL020000100|CABKOL020000100.1_13	MGYG|ENA|CABKOL020000100|CABKOL020000100.1_13
MGYG|ENA|CABKOL020000102|CABKOL020000102.1_41	MGYG|ENA|CABKOL020000102|CABKOL020000102.1_41
MGYG|ENA|CABKOL020000102|CABKOL020000102.1_41	LMG07934|CP050262.1_1054
MGYG|ENA|CABKOL020000102|CABKOL020000102.1_41	DSM20176|AZDF01000002.1_181
MGYG|ENA|CABKOL020000102|CABKOL020000102.1_41	LH500|CP044119.1_1033
MGYG|ENA|CABKOL020000102|CABKOL020000102.1_41	FLUB|CP047121.1_1247
MGYG|ENA|CABKOL020000102|CABKOL020000102.1_105	MGYG|ENA|CABKOL020000102|CABKOL020000102.1_105
MGYG|ENA|CABKOL020000102|CABKOL020000102.1_105	LMG07934|CP050262.1_1118
MGYG|ENA|CABKOL020000102|CABKOL020000102.1_105	LH500|CP044119.1_1095
MGYG|ENA|CABKOL020000102|CABKOL020000102.1_105	DSM20176|AZDF01000002.1_119
MGYG|ENA|CABKOL020000102|CABKOL020000102.1_105	FLUB|CP047121.1_1310
MGYG|ENA|CABKOL020000102|CABKOL020000102.1_137	MGYG|ENA|CABKOL020000102|CABKOL020000102.1_137
MGYG|ENA|CABKOL020000102|CABKOL020000102.1_137	LMG07934|CP050262.1_1149
MGYG|ENA|CABKOL020000102|CABKOL020000102.1_137	LH500|CP044119.1_1127
MGYG|ENA|CABKOL020000102|CABKOL020000102.1_137	DSM20176|AZDF01000002.1_87
MGYG|ENA|CABKOL020000102|CABKOL020000102.1_137	FLUB|CP047121.1_1342
MGYG|ENA|CABKOL020000102|CABKOL020000102.1_169	MGYG|ENA|CABKOL020000102|CABKOL020000102.1_169
MGYG|ENA|CABKOL020000102|CABKOL020000102.1_233	MGYG|ENA|CABKOL020000102|CABKOL020000102.1_233
MGYG|ENA|CABKOL020000102|CABKOL020000102.1_233	LMG07934|CP050262.1_1323
MGYG|ENA|CABKOL020000102|CABKOL020000102.1_233	DSM20176|AZDF01000018.1_2
MGYG|ENA|CABKOL020000102|CABKOL020000102.1_233	FLUB|CP047121.1_1436
MGYG|ENA|CABKOL020000102|CABKOL020000102.1_233	LH500|CP044119.1_1230
MGYG|ENA|CABKOL020000102|CABKOL020000102.1_329	MGYG|ENA|CABKOL020000102|CABKOL020000102.1_329
MGYG|ENA|CABKOL020000102|CABKOL020000102.1_329	LH500|CP044119.1_1329
MGYG|ENA|CABKOL020000102|CABKOL020000102.1_329	DSM20176|AZDF01000072.1_4
MGYG|ENA|CABKOL020000102|CABKOL020000102.1_329	FLUB|CP047121.1_1532
MGYG|ENA|CABKOL020000102|CABKOL020000102.1_393	MGYG|ENA|CABKOL020000102|CABKOL020000102.1_393
MGYG|ENA|CABKOL020000102|CABKOL020000102.1_393	FLUB|CP047121.1_1596
MGYG|ENA|CABKOL020000102|CABKOL020000102.1_393	DSM20176|AZDF01000008.1_35
MGYG|ENA|CABKOL020000102|CABKOL020000102.1_393	LH500|CP044119.1_1391
MGYG|ENA|CABKOL020000102|CABKOL020000102.1_393	LMG07934|CP050262.1_1481
MGYG|ENA|CABKOL020000102|CABKOL020000102.1_425	MGYG|ENA|CABKOL020000102|CABKOL020000102.1_425
MGYG|ENA|CABKOL020000102|CABKOL020000102.1_425	FLUB|CP047121.1_1628
MGYG|ENA|CABKOL020000102|CABKOL020000102.1_425	DSM20176|AZDF01000008.1_3
MGYG|ENA|CABKOL020000102|CABKOL020000102.1_425	LH500|CP044119.1_1423
MGYG|ENA|CABKOL020000102|CABKOL020000102.1_425	LMG07934|CP050262.1_1513
MGYG|ENA|CABKOL020000102|CABKOL020000102.1_617	MGYG|ENA|CABKOL020000102|CABKOL020000102.1_617
MGYG|ENA|CABKOL020000102|CABKOL020000102.1_617	DSM20176|AZDF01000025.1_24
MGYG|ENA|CABKOL020000102|CABKOL020000102.1_617	FLUB|CP047121.1_1820
MGYG|ENA|CABKOL020000102|CABKOL020000102.1_617	LMG07934|CP050262.1_1705
MGYG|ENA|CABKOL020000102|CABKOL020000102.1_617	LH500|CP044119.1_1616
MGYG|ENA|CABKOL020000103|CABKOL020000103.1_10	MGYG|ENA|CABKOL020000103|CABKOL020000103.1_10
MGYG|ENA|CABKOL020000104|CABKOL020000104.1_13	MGYG|ENA|CABKOL020000104|CABKOL020000104.1_13
MGYG|ENA|CABKOL020000104|CABKOL020000104.1_13	FLUB|CP047121.1_2571
MGYG|ENA|CABKOL020000104|CABKOL020000104.1_45	MGYG|ENA|CABKOL020000104|CABKOL020000104.1_45
MGYG|ENA|CABKOL020000104|CABKOL020000104.1_45	FLUB|CP047121.1_2539
MGYG|ENA|CABKOL020000104|CABKOL020000104.1_237	MGYG|ENA|CABKOL020000104|CABKOL020000104.1_237
MGYG|ENA|CABKOL020000104|CABKOL020000104.1_237	LMG07934|CP050262.1_2155
MGYG|ENA|CABKOL020000104|CABKOL020000104.1_237	FLUB|CP047121.1_2348
MGYG|ENA|CABKOL020000104|CABKOL020000104.1_301	MGYG|ENA|CABKOL020000104|CABKOL020000104.1_301
MGYG|ENA|CABKOL020000104|CABKOL020000104.1_301	LMG07934|CP050262.1_2099
MGYG|ENA|CABKOL020000104|CABKOL020000104.1_301	FLUB|CP047121.1_2284
MGYG|ENA|CABKOL020000104|CABKOL020000104.1_365	MGYG|ENA|CABKOL020000104|CABKOL020000104.1_365
MGYG|ENA|CABKOL020000104|CABKOL020000104.1_365	FLUB|CP047121.1_2220
MGYG|ENA|CABKOL020000105|CABKOL020000105.1_7	MGYG|ENA|CABKOL020000105|CABKOL020000105.1_7
MGYG|ENA|CABKOL020000105|CABKOL020000105.1_39	MGYG|ENA|CABKOL020000105|CABKOL020000105.1_39
MGYG|ENA|CABKOL020000106|CABKOL020000106.1_94	MGYG|ENA|CABKOL020000106|CABKOL020000106.1_94
MGYG|ENA|CABKOL020000106|CABKOL020000106.1_94	MGYG|ENA|CABKOL020000106|CABKOL020000106.1_51
MGYG|ENA|CABKOL020000106|CABKOL020000106.1_318	MGYG|ENA|CABKOL020000106|CABKOL020000106.1_318
MGYG|ENA|CABKOL020000106|CABKOL020000106.1_318	FLUB|CP047121.1_44
MGYG|ENA|CABKOL020000106|CABKOL020000106.1_414	MGYG|ENA|CABKOL020000106|CABKOL020000106.1_414
MGYG|ENA|CABKOL020000106|CABKOL020000106.1_414	FLUB|CP047121.1_139
MGYG|ENA|CABKOL020000106|CABKOL020000106.1_446	MGYG|ENA|CABKOL020000106|CABKOL020000106.1_446
MGYG|ENA|CABKOL020000106|CABKOL020000106.1_574	MGYG|ENA|CABKOL020000106|CABKOL020000106.1_574
MGYG|ENA|CABKOL020000106|CABKOL020000106.1_574	FLUB|CP047121.1_297
MGYG|ENA|CABKOL020000106|CABKOL020000106.1_606	MGYG|ENA|CABKOL020000106|CABKOL020000106.1_606
MGYG|ENA|CABKOL020000106|CABKOL020000106.1_606	FLUB|CP047121.1_329
MGYG|ENA|CABKOL020000106|CABKOL020000106.1_894	MGYG|ENA|CABKOL020000106|CABKOL020000106.1_894
MGYG|ENA|CABKOL020000106|CABKOL020000106.1_894	FLUB|CP047121.1_683
MGYG|ENA|CABKOL020000106|CABKOL020000106.1_926	MGYG|ENA|CABKOL020000106|CABKOL020000106.1_926
MGYG|ENA|CABKOL020000106|CABKOL020000106.1_926	FLUB|CP047121.1_714
MGYG|ENA|CABKOL020000106|CABKOL020000106.1_958	MGYG|ENA|CABKOL020000106|CABKOL020000106.1_958
MGYG|ENA|CABKOL020000106|CABKOL020000106.1_958	FLUB|CP047121.1_746
MGYG|ENA|CABKOL020000106|CABKOL020000106.1_1022	MGYG|ENA|CABKOL020000106|CABKOL020000106.1_1022
MGYG|ENA|CABKOL020000106|CABKOL020000106.1_1054	MGYG|ENA|CABKOL020000106|CABKOL020000106.1_1054
MGYG|ENA|CABKOL020000106|CABKOL020000106.1_1054	FLUB|CP047121.1_841
MGYG|ENA|CABKOL020000106|CABKOL020000106.1_1086	MGYG|ENA|CABKOL020000106|CABKOL020000106.1_1086
MGYG|ENA|CABKOL020000106|CABKOL020000106.1_1086	FLUB|CP047121.1_871
MGYG|ENA|CABKOL020000106|CABKOL020000106.1_1246	MGYG|ENA|CABKOL020000106|CABKOL020000106.1_1246
MGYG|ENA|CABKOL020000106|CABKOL020000106.1_1246	FLUB|CP047121.1_1028
DSM20176|AZDF01000010.1_2	DSM20176|AZDF01000010.1_2
DSM20176|AZDF01000010.1_2	LMG07934|CP050262.1_496
DSM20176|AZDF01000010.1_2	FLUB|CP047121.1_533
DSM20176|AZDF01000010.1_2	LH500|CP044119.1_522
DSM20176|AZDF01000010.1_2	MGYG|ENA|CABKOL020000106|CABKOL020000106.1_808
DSM20176|AZDF01000121.1_1	DSM20176|AZDF01000121.1_1
DSM20176|AZDF01000002.1_81	DSM20176|AZDF01000002.1_81
DSM20176|AZDF01000002.1_81	FLUB|CP047121.1_1348
DSM20176|AZDF01000002.1_81	LMG07934|CP050262.1_1155
DSM20176|AZDF01000002.1_81	MGYG|ENA|CABKOL020000102|CABKOL020000102.1_143
DSM20176|AZDF01000002.1_81	LH500|CP044119.1_1133
DSM20176|AZDF01000028.1_18	DSM20176|AZDF01000028.1_18
DSM20176|AZDF01000028.1_18	LH500|CP044119.1_2545
DSM20176|AZDF01000039.1_1	DSM20176|AZDF01000039.1_1
DSM20176|AZDF01000004.1_15	DSM20176|AZDF01000004.1_15
DSM20176|AZDF01000004.1_15	LH500|CP044119.1_1535
DSM20176|AZDF01000046.1_13	DSM20176|AZDF01000046.1_13
DSM20176|AZDF01000061.1_11	DSM20176|AZDF01000061.1_11
DSM20176|AZDF01000075.1_2	DSM20176|AZDF01000075.1_2
DSM20176|AZDF01000085.1_2	DSM20176|AZDF01000085.1_2
DSM20176|AZDF01000085.1_2	LH500|CP044119.1_740
DSM20176|AZDF01000009.1_28	DSM20176|AZDF01000009.1_28
DSM20176|AZDF01000009.1_28	LH500|CP044119.1_2249
DSM20176|AZDF01000009.1_28	LMG07934|CP050262.1_2344
DSM20176|AZDF01000009.1_60	DSM20176|AZDF01000009.1_60
DSM20176|AZDF01000009.1_60	LH500|CP044119.1_2217
DSM20176|AZDF01000009.1_60	LMG07934|CP050262.1_2310
FLUB|CP047121.1_565	FLUB|CP047121.1_565
FLUB|CP047121.1_597	FLUB|CP047121.1_597
FLUB|CP047121.1_1013	FLUB|CP047121.1_1013
FLUB|CP047121.1_1013	MGYG|ENA|CABKOL020000106|CABKOL020000106.1_1231
FLUB|CP047121.1_1045	FLUB|CP047121.1_1045
FLUB|CP047121.1_1045	MGYG|ENA|CABKOL020000106|CABKOL020000106.1_1263
FLUB|CP047121.1_1909	FLUB|CP047121.1_1909
FLUB|CP047121.1_1941	FLUB|CP047121.1_1941
FLUB|CP047121.1_2261	FLUB|CP047121.1_2261
FLUB|CP047121.1_2261	MGYG|ENA|CABKOL020000104|CABKOL020000104.1_324
FLUB|CP047121.1_2517	FLUB|CP047121.1_2517
FLUB|CP047121.1_2517	MGYG|ENA|CABKOL020000104|CABKOL020000104.1_67
FLUB|CP047121.1_2613	FLUB|CP047121.1_2613
FLUB|CP047121.1_2613	MGYG|ENA|CABKOL020000106|CABKOL020000106.1_29
FLUB|CP047121.1_2645	FLUB|CP047121.1_2645
FLUB|CP047121.1_2645	MGYG|ENA|CABKOL020000106|CABKOL020000106.1_61
FLUB|CP047121.1_2709	FLUB|CP047121.1_2709
FLUB|CP047121.1_2709	MGYG|ENA|CABKOL020000106|CABKOL020000106.1_123
FLUB|CP047121.1_2773	FLUB|CP047121.1_2773
FLUB|CP047121.1_2773	MGYG|ENA|CABKOL020000106|CABKOL020000106.1_186
FLUB|CP047121.1_2805	FLUB|CP047121.1_2805
FLUB|CP047121.1_2805	MGYG|ENA|CABKOL020000106|CABKOL020000106.1_218
FLUB|CP047122.1_8	FLUB|CP047122.1_8
FLUB|CP047122.1_40	FLUB|CP047122.1_40
FLUB|CP047123.1_24	FLUB|CP047123.1_24
FLUB|CP047124.1_17	FLUB|CP047124.1_17
FLUB|CP047126.1_2	FLUB|CP047126.1_2
LMG07934|CP050262.1_30	LMG07934|CP050262.1_30
LMG07934|CP050262.1_158	LMG07934|CP050262.1_158
LMG07934|CP050262.1_574	LMG07934|CP050262.1_574
LMG07934|CP050262.1_606	LMG07934|CP050262.1_606
LMG07934|CP050262.1_670	LMG07934|CP050262.1_670
LMG07934|CP050262.1_702	LMG07934|CP050262.1_702
LMG07934|CP050262.1_702	LH500|CP044119.1_664
LMG07934|CP050262.1_702	DSM20176|AZDF01000051.1_13
LMG07934|CP050262.1_702	FLUB|CP047121.1_860
LMG07934|CP050262.1_702	MGYG|ENA|CABKOL020000106|CABKOL020000106.1_1074
LMG07934|CP050262.1_862	LMG07934|CP050262.1_862
LMG07934|CP050262.1_1182	LMG07934|CP050262.1_1182
LMG07934|CP050262.1_1182	MGYG|ENA|CABKOL020000102|CABKOL020000102.1_171
LMG07934|CP050262.1_1182	LH500|CP044119.1_1160
LMG07934|CP050262.1_1182	DSM20176|AZDF01000002.1_54
LMG07934|CP050262.1_1182	FLUB|CP047121.1_1376
LMG07934|CP050262.1_1214	LMG07934|CP050262.1_1214
LMG07934|CP050262.1_1214	MGYG|ENA|CABKOL020000102|CABKOL020000102.1_203
LMG07934|CP050262.1_1214	LH500|CP044119.1_1192
LMG07934|CP050262.1_1214	DSM20176|AZDF01000002.1_23
LMG07934|CP050262.1_1214	FLUB|CP047121.1_1408
LMG07934|CP050262.1_1246	LMG07934|CP050262.1_1246
LMG07934|CP050262.1_1278	LMG07934|CP050262.1_1278
LMG07934|CP050262.1_1310	LMG07934|CP050262.1_1310
LMG07934|CP050262.1_2142	LMG07934|CP050262.1_2142
LMG07934|CP050262.1_2174	LMG07934|CP050262.1_2174
LMG07934|CP050262.1_2302	LMG07934|CP050262.1_2302
LMG07934|CP050262.1_2398	LMG07934|CP050262.1_2398
LH500|CP044119.1_261	LH500|CP044119.1_261
LH500|CP044119.1_261	DSM20176|AZDF01000103.1_1
LH500|CP044119.1_389	LH500|CP044119.1_389
LH500|CP044119.1_389	DSM20176|AZDF01000003.1_130
LH500|CP044119.1_389	LMG07934|CP050262.1_360
LH500|CP044119.1_549	LH500|CP044119.1_549
LH500|CP044119.1_549	DSM20176|AZDF01000010.1_29
LH500|CP044119.1_613	LH500|CP044119.1_613
LH500|CP044119.1_1221	LH500|CP044119.1_1221
LH500|CP044119.1_1221	DSM20176|AZDF01000057.1_2
LH500|CP044119.1_1413	LH500|CP044119.1_1413
LH500|CP044119.1_1413	DSM20176|AZDF01000008.1_13
LH500|CP044119.1_1669	LH500|CP044119.1_1669
LH500|CP044119.1_1669	DSM20176|AZDF01000055.1_7
LH500|CP044119.1_1701	LH500|CP044119.1_1701
LH500|CP044119.1_1701	MGYG|ENA|CABKOL020000102|CABKOL020000102.1_671
LH500|CP044119.1_1701	FLUB|CP047121.1_1874
LH500|CP044119.1_1701	LMG07934|CP050262.1_1758
LH500|CP044119.1_1701	DSM20176|AZDF01000014.1_18
LH500|CP044119.1_2213	LH500|CP044119.1_2213
LH500|CP044119.1_2213	DSM20176|AZDF01000009.1_64
LH500|CP044119.1_2213	LMG07934|CP050262.1_2306
LH500|CP044119.1_2245	LH500|CP044119.1_2245
LH500|CP044119.1_2245	DSM20176|AZDF01000009.1_32
LH500|CP044119.1_2245	LMG07934|CP050262.1_2340
LH500|CP044119.1_2373	LH500|CP044119.1_2373
LH500|CP044119.1_2373	DSM20176|AZDF01000021.1_15
MGYG|ENA|CABKOL020000014|CABKOL020000014.1_1	MGYG|ENA|CABKOL020000014|CABKOL020000014.1_1
MGYG|ENA|CABKOL020000054|CABKOL020000054.1_1	MGYG|ENA|CABKOL020000054|CABKOL020000054.1_1
MGYG|ENA|CABKOL020000081|CABKOL020000081.1_2	MGYG|ENA|CABKOL020000081|CABKOL020000081.1_2
MGYG|ENA|CABKOL020000095|CABKOL020000095.1_8	MGYG|ENA|CABKOL020000095|CABKOL020000095.1_8
MGYG|ENA|CABKOL020000095|CABKOL020000095.1_8	FLUB|CP047121.1_1100
MGYG|ENA|CABKOL020000100|CABKOL020000100.1_14	MGYG|ENA|CABKOL020000100|CABKOL020000100.1_14
MGYG|ENA|CABKOL020000102|CABKOL020000102.1_42	MGYG|ENA|CABKOL020000102|CABKOL020000102.1_42
MGYG|ENA|CABKOL020000102|CABKOL020000102.1_42	LMG07934|CP050262.1_1055
MGYG|ENA|CABKOL020000102|CABKOL020000102.1_42	DSM20176|AZDF01000002.1_180
MGYG|ENA|CABKOL020000102|CABKOL020000102.1_42	LH500|CP044119.1_1034
MGYG|ENA|CABKOL020000102|CABKOL020000102.1_42	FLUB|CP047121.1_1248
MGYG|ENA|CABKOL020000102|CABKOL020000102.1_106	MGYG|ENA|CABKOL020000102|CABKOL020000102.1_106
MGYG|ENA|CABKOL020000102|CABKOL020000102.1_106	LMG07934|CP050262.1_1119
MGYG|ENA|CABKOL020000102|CABKOL020000102.1_106	LH500|CP044119.1_1096
MGYG|ENA|CABKOL020000102|CABKOL020000102.1_106	DSM20176|AZDF01000002.1_118
MGYG|ENA|CABKOL020000102|CABKOL020000102.1_106	FLUB|CP047121.1_1311
MGYG|ENA|CABKOL020000102|CABKOL020000102.1_138	MGYG|ENA|CABKOL020000102|CABKOL020000102.1_138
MGYG|ENA|CABKOL020000102|CABKOL020000102.1_138	LMG07934|CP050262.1_1150
MGYG|ENA|CABKOL020000102|CABKOL020000102.1_138	LH500|CP044119.1_1128
MGYG|ENA|CABKOL020000102|CABKOL020000102.1_138	DSM20176|AZDF01000002.1_86
MGYG|ENA|CABKOL020000102|CABKOL020000102.1_138	FLUB|CP047121.1_1343
MGYG|ENA|CABKOL020000102|CABKOL020000102.1_170	MGYG|ENA|CABKOL020000102|CABKOL020000102.1_170
MGYG|ENA|CABKOL020000102|CABKOL020000102.1_170	LMG07934|CP050262.1_1181
MGYG|ENA|CABKOL020000102|CABKOL020000102.1_170	LH500|CP044119.1_1159
MGYG|ENA|CABKOL020000102|CABKOL020000102.1_170	DSM20176|AZDF01000002.1_55
MGYG|ENA|CABKOL020000102|CABKOL020000102.1_170	FLUB|CP047121.1_1375
MGYG|ENA|CABKOL020000102|CABKOL020000102.1_234	MGYG|ENA|CABKOL020000102|CABKOL020000102.1_234
MGYG|ENA|CABKOL020000102|CABKOL020000102.1_234	LMG07934|CP050262.1_1324
MGYG|ENA|CABKOL020000102|CABKOL020000102.1_234	DSM20176|AZDF01000018.1_3
MGYG|ENA|CABKOL020000102|CABKOL020000102.1_234	FLUB|CP047121.1_1437
MGYG|ENA|CABKOL020000102|CABKOL020000102.1_234	LH500|CP044119.1_1231
MGYG|ENA|CABKOL020000103|CABKOL020000103.1_11	MGYG|ENA|CABKOL020000103|CABKOL020000103.1_11
MGYG|ENA|CABKOL020000104|CABKOL020000104.1_78	MGYG|ENA|CABKOL020000104|CABKOL020000104.1_78
MGYG|ENA|CABKOL020000104|CABKOL020000104.1_78	FLUB|CP047121.1_2506
MGYG|ENA|CABKOL020000104|CABKOL020000104.1_238	MGYG|ENA|CABKOL020000104|CABKOL020000104.1_238
MGYG|ENA|CABKOL020000104|CABKOL020000104.1_238	FLUB|CP047121.1_2347
MGYG|ENA|CABKOL020000104|CABKOL020000104.1_270	MGYG|ENA|CABKOL020000104|CABKOL020000104.1_270
MGYG|ENA|CABKOL020000104|CABKOL020000104.1_270	FLUB|CP047121.1_2315
MGYG|ENA|CABKOL020000104|CABKOL020000104.1_302	MGYG|ENA|CABKOL020000104|CABKOL020000104.1_302
MGYG|ENA|CABKOL020000104|CABKOL020000104.1_302	LMG07934|CP050262.1_2098
MGYG|ENA|CABKOL020000104|CABKOL020000104.1_302	FLUB|CP047121.1_2283
MGYG|ENA|CABKOL020000105|CABKOL020000105.1_8	MGYG|ENA|CABKOL020000105|CABKOL020000105.1_8
MGYG|ENA|CABKOL020000105|CABKOL020000105.1_40	MGYG|ENA|CABKOL020000105|CABKOL020000105.1_40
MGYG|ENA|CABKOL020000106|CABKOL020000106.1_319	MGYG|ENA|CABKOL020000106|CABKOL020000106.1_319
MGYG|ENA|CABKOL020000106|CABKOL020000106.1_319	FLUB|CP047121.1_45
MGYG|ENA|CABKOL020000106|CABKOL020000106.1_415	MGYG|ENA|CABKOL020000106|CABKOL020000106.1_415
MGYG|ENA|CABKOL020000106|CABKOL020000106.1_415	FLUB|CP047121.1_140
MGYG|ENA|CABKOL020000106|CABKOL020000106.1_543	MGYG|ENA|CABKOL020000106|CABKOL020000106.1_543
MGYG|ENA|CABKOL020000106|CABKOL020000106.1_543	FLUB|CP047121.1_267
MGYG|ENA|CABKOL020000106|CABKOL020000106.1_607	MGYG|ENA|CABKOL020000106|CABKOL020000106.1_607
MGYG|ENA|CABKOL020000106|CABKOL020000106.1_607	FLUB|CP047121.1_330
MGYG|ENA|CABKOL020000106|CABKOL020000106.1_639	MGYG|ENA|CABKOL020000106|CABKOL020000106.1_639
MGYG|ENA|CABKOL020000106|CABKOL020000106.1_639	FLUB|CP047121.1_362
MGYG|ENA|CABKOL020000106|CABKOL020000106.1_863	MGYG|ENA|CABKOL020000106|CABKOL020000106.1_863
MGYG|ENA|CABKOL020000106|CABKOL020000106.1_863	FLUB|CP047121.1_652
MGYG|ENA|CABKOL020000106|CABKOL020000106.1_895	MGYG|ENA|CABKOL020000106|CABKOL020000106.1_895
MGYG|ENA|CABKOL020000106|CABKOL020000106.1_895	FLUB|CP047121.1_684
MGYG|ENA|CABKOL020000106|CABKOL020000106.1_927	MGYG|ENA|CABKOL020000106|CABKOL020000106.1_927
MGYG|ENA|CABKOL020000106|CABKOL020000106.1_927	FLUB|CP047121.1_715
MGYG|ENA|CABKOL020000106|CABKOL020000106.1_959	MGYG|ENA|CABKOL020000106|CABKOL020000106.1_959
MGYG|ENA|CABKOL020000106|CABKOL020000106.1_959	FLUB|CP047121.1_747
MGYG|ENA|CABKOL020000106|CABKOL020000106.1_991	MGYG|ENA|CABKOL020000106|CABKOL020000106.1_991
MGYG|ENA|CABKOL020000106|CABKOL020000106.1_991	FLUB|CP047121.1_779
MGYG|ENA|CABKOL020000106|CABKOL020000106.1_1023	MGYG|ENA|CABKOL020000106|CABKOL020000106.1_1023
MGYG|ENA|CABKOL020000106|CABKOL020000106.1_1023	FLUB|CP047121.1_811
MGYG|ENA|CABKOL020000106|CABKOL020000106.1_1055	MGYG|ENA|CABKOL020000106|CABKOL020000106.1_1055
MGYG|ENA|CABKOL020000106|CABKOL020000106.1_1055	FLUB|CP047121.1_842
MGYG|ENA|CABKOL020000106|CABKOL020000106.1_1087	MGYG|ENA|CABKOL020000106|CABKOL020000106.1_1087
MGYG|ENA|CABKOL020000106|CABKOL020000106.1_1087	FLUB|CP047121.1_872
MGYG|ENA|CABKOL020000106|CABKOL020000106.1_1151	MGYG|ENA|CABKOL020000106|CABKOL020000106.1_1151
MGYG|ENA|CABKOL020000106|CABKOL020000106.1_1151	FLUB|CP047121.1_936
MGYG|ENA|CABKOL020000106|CABKOL020000106.1_1279	MGYG|ENA|CABKOL020000106|CABKOL020000106.1_1279
MGYG|ENA|CABKOL020000106|CABKOL020000106.1_1279	FLUB|CP047121.1_1060
DSM20176|AZDF01000010.1_3	DSM20176|AZDF01000010.1_3
DSM20176|AZDF01000010.1_3	LMG07934|CP050262.1_497
DSM20176|AZDF01000010.1_3	FLUB|CP047121.1_534
DSM20176|AZDF01000010.1_3	LH500|CP044119.1_523
DSM20176|AZDF01000010.1_3	MGYG|ENA|CABKOL020000106|CABKOL020000106.1_809
DSM20176|AZDF01000122.1_1	DSM20176|AZDF01000122.1_1
DSM20176|AZDF01000122.1_1	MGYG|ENA|CABKOL020000012|CABKOL020000012.1_1
DSM20176|AZDF01000020.1_2	DSM20176|AZDF01000020.1_2
DSM20176|AZDF01000020.1_2	LH500|CP044119.1_2145
DSM20176|AZDF01000020.1_34	DSM20176|AZDF01000020.1_34
DSM20176|AZDF01000020.1_34	LH500|CP044119.1_2177
DSM20176|AZDF01000031.1_30	DSM20176|AZDF01000031.1_30
DSM20176|AZDF01000034.1_8	DSM20176|AZDF01000034.1_8
DSM20176|AZDF01000034.1_8	MGYG|ENA|CABKOL020000106|CABKOL020000106.1_193
DSM20176|AZDF01000034.1_8	LH500|CP044119.1_2504
DSM20176|AZDF01000034.1_8	FLUB|CP047121.1_2780
DSM20176|AZDF01000034.1_8	LMG07934|CP050262.1_2629
DSM20176|AZDF01000039.1_2	DSM20176|AZDF01000039.1_2
DSM20176|AZDF01000039.1_2	LH500|CP044119.1_606
DSM20176|AZDF01000076.1_1	DSM20176|AZDF01000076.1_1
DSM20176|AZDF01000076.1_1	LH500|CP044119.1_2395
DSM20176|AZDF01000009.1_29	DSM20176|AZDF01000009.1_29
DSM20176|AZDF01000009.1_29	LH500|CP044119.1_2248
DSM20176|AZDF01000009.1_29	LMG07934|CP050262.1_2343
DSM20176|AZDF01000009.1_61	DSM20176|AZDF01000009.1_61
DSM20176|AZDF01000009.1_61	LH500|CP044119.1_2216
DSM20176|AZDF01000009.1_61	LMG07934|CP050262.1_2309
DSM20176|AZDF01000009.1_93	DSM20176|AZDF01000009.1_93
DSM20176|AZDF01000009.1_93	LH500|CP044119.1_2184
DSM20176|AZDF01000009.1_93	LMG07934|CP050262.1_2278
DSM20176|AZDF01000009.1_93	MGYG|ENA|CABKOL020000104|CABKOL020000104.1_120
DSM20176|AZDF01000009.1_93	FLUB|CP047121.1_2464
FLUB|CP047121.1_150	FLUB|CP047121.1_150
FLUB|CP047121.1_150	LH500|CP044119.1_158
FLUB|CP047121.1_150	MGYG|ENA|CABKOL020000106|CABKOL020000106.1_424
FLUB|CP047121.1_150	DSM20176|AZDF01000007.1_102
FLUB|CP047121.1_150	LMG07934|CP050262.1_137
FLUB|CP047121.1_406	FLUB|CP047121.1_406
FLUB|CP047121.1_566	FLUB|CP047121.1_566
FLUB|CP047121.1_598	FLUB|CP047121.1_598
FLUB|CP047121.1_726	FLUB|CP047121.1_726
FLUB|CP047121.1_726	MGYG|ENA|CABKOL020000106|CABKOL020000106.1_939
FLUB|CP047121.1_790	FLUB|CP047121.1_790
FLUB|CP047121.1_790	LMG07934|CP050262.1_629
FLUB|CP047121.1_790	MGYG|ENA|CABKOL020000106|CABKOL020000106.1_1001
FLUB|CP047121.1_854	FLUB|CP047121.1_854
FLUB|CP047121.1_854	MGYG|ENA|CABKOL020000106|CABKOL020000106.1_1068
FLUB|CP047121.1_1014	FLUB|CP047121.1_1014
FLUB|CP047121.1_1014	MGYG|ENA|CABKOL020000106|CABKOL020000106.1_1232
FLUB|CP047121.1_1046	FLUB|CP047121.1_1046
FLUB|CP047121.1_1046	MGYG|ENA|CABKOL020000106|CABKOL020000106.1_1264
FLUB|CP047121.1_1110	FLUB|CP047121.1_1110
FLUB|CP047121.1_1270	FLUB|CP047121.1_1270
FLUB|CP047121.1_1270	MGYG|ENA|CABKOL020000102|CABKOL020000102.1_64
FLUB|CP047121.1_1910	FLUB|CP047121.1_1910
FLUB|CP047121.1_1942	FLUB|CP047121.1_1942
FLUB|CP047121.1_2358	FLUB|CP047121.1_2358
FLUB|CP047121.1_2358	MGYG|ENA|CABKOL020000104|CABKOL020000104.1_227
FLUB|CP047121.1_2518	FLUB|CP047121.1_2518
FLUB|CP047121.1_2518	MGYG|ENA|CABKOL020000104|CABKOL020000104.1_66
FLUB|CP047121.1_2614	FLUB|CP047121.1_2614
FLUB|CP047121.1_2614	MGYG|ENA|CABKOL020000106|CABKOL020000106.1_30
FLUB|CP047121.1_2710	FLUB|CP047121.1_2710
FLUB|CP047121.1_2710	MGYG|ENA|CABKOL020000106|CABKOL020000106.1_124
FLUB|CP047121.1_2774	FLUB|CP047121.1_2774
FLUB|CP047121.1_2774	MGYG|ENA|CABKOL020000106|CABKOL020000106.1_187
FLUB|CP047122.1_9	FLUB|CP047122.1_9
FLUB|CP047122.1_41	FLUB|CP047122.1_41
FLUB|CP047123.1_25	FLUB|CP047123.1_25
FLUB|CP047126.1_3	FLUB|CP047126.1_3
LMG07934|CP050262.1_95	LMG07934|CP050262.1_95
LMG07934|CP050262.1_159	LMG07934|CP050262.1_159
LMG07934|CP050262.1_511	LMG07934|CP050262.1_511
LMG07934|CP050262.1_607	LMG07934|CP050262.1_607
LMG07934|CP050262.1_639	LMG07934|CP050262.1_639
LMG07934|CP050262.1_671	LMG07934|CP050262.1_671
LMG07934|CP050262.1_1247	LMG07934|CP050262.1_1247
LMG07934|CP050262.1_1279	LMG07934|CP050262.1_1279
LMG07934|CP050262.1_1311	LMG07934|CP050262.1_1311
LMG07934|CP050262.1_1439	LMG07934|CP050262.1_1439
LMG07934|CP050262.1_1503	LMG07934|CP050262.1_1503
LMG07934|CP050262.1_2079	LMG07934|CP050262.1_2079
LMG07934|CP050262.1_2079	LMG07934|CP050262.1_2648
LMG07934|CP050262.1_2175	LMG07934|CP050262.1_2175
LMG07934|CP050262.1_2271	LMG07934|CP050262.1_2271
LMG07934|CP050262.1_2399	LMG07934|CP050262.1_2399
LH500|CP044119.1_550	LH500|CP044119.1_550
LH500|CP044119.1_550	DSM20176|AZDF01000010.1_30
LH500|CP044119.1_838	LH500|CP044119.1_838
LH500|CP044119.1_838	DSM20176|AZDF01000037.1_14
LH500|CP044119.1_1382	LH500|CP044119.1_1382
LH500|CP044119.1_1382	DSM20176|AZDF01000008.1_44
LH500|CP044119.1_1670	LH500|CP044119.1_1670
LH500|CP044119.1_1670	DSM20176|AZDF01000055.1_8
LH500|CP044119.1_2022	LH500|CP044119.1_2022
LH500|CP044119.1_2022	MGYG|ENA|CABKOL020000104|CABKOL020000104.1_382
LH500|CP044119.1_2022	FLUB|CP047121.1_2203
LH500|CP044119.1_2022	DSM20176|AZDF01000001.1_168
LH500|CP044119.1_2022	LMG07934|CP050262.1_2025
LH500|CP044119.1_2214	LH500|CP044119.1_2214
LH500|CP044119.1_2214	DSM20176|AZDF01000009.1_63
LH500|CP044119.1_2214	LMG07934|CP050262.1_2307
LH500|CP044119.1_2246	LH500|CP044119.1_2246
LH500|CP044119.1_2246	DSM20176|AZDF01000009.1_31
LH500|CP044119.1_2246	LMG07934|CP050262.1_2341
LH500|CP044119.1_2278	LH500|CP044119.1_2278
LH500|CP044119.1_2278	DSM20176|AZDF01000048.1_12
MGYG|ENA|CABKOL020000015|CABKOL020000015.1_1	MGYG|ENA|CABKOL020000015|CABKOL020000015.1_1
MGYG|ENA|CABKOL020000056|CABKOL020000056.1_1	MGYG|ENA|CABKOL020000056|CABKOL020000056.1_1
MGYG|ENA|CABKOL020000056|CABKOL020000056.1_1	DSM20176|AZDF01000109.1_1
MGYG|ENA|CABKOL020000100|CABKOL020000100.1_15	MGYG|ENA|CABKOL020000100|CABKOL020000100.1_15
MGYG|ENA|CABKOL020000102|CABKOL020000102.1_75	MGYG|ENA|CABKOL020000102|CABKOL020000102.1_75
MGYG|ENA|CABKOL020000102|CABKOL020000102.1_107	MGYG|ENA|CABKOL020000102|CABKOL020000102.1_107
MGYG|ENA|CABKOL020000102|CABKOL020000102.1_107	LMG07934|CP050262.1_1120
MGYG|ENA|CABKOL020000102|CABKOL020000102.1_107	DSM20176|AZDF01000002.1_117
MGYG|ENA|CABKOL020000102|CABKOL020000102.1_107	LH500|CP044119.1_1097
MGYG|ENA|CABKOL020000102|CABKOL020000102.1_107	FLUB|CP047121.1_1312
MGYG|ENA|CABKOL020000102|CABKOL020000102.1_139	MGYG|ENA|CABKOL020000102|CABKOL020000102.1_139
MGYG|ENA|CABKOL020000102|CABKOL020000102.1_139	LMG07934|CP050262.1_1151
MGYG|ENA|CABKOL020000102|CABKOL020000102.1_139	DSM20176|AZDF01000002.1_85
MGYG|ENA|CABKOL020000102|CABKOL020000102.1_139	LH500|CP044119.1_1129
MGYG|ENA|CABKOL020000102|CABKOL020000102.1_139	FLUB|CP047121.1_1344
MGYG|ENA|CABKOL020000102|CABKOL020000102.1_331	MGYG|ENA|CABKOL020000102|CABKOL020000102.1_331
MGYG|ENA|CABKOL020000102|CABKOL020000102.1_331	LH500|CP044119.1_1331
MGYG|ENA|CABKOL020000102|CABKOL020000102.1_331	LMG07934|CP050262.1_1423
MGYG|ENA|CABKOL020000102|CABKOL020000102.1_331	DSM20176|AZDF01000072.1_2
MGYG|ENA|CABKOL020000102|CABKOL020000102.1_331	FLUB|CP047121.1_1534
MGYG|ENA|CABKOL020000103|CABKOL020000103.1_12	MGYG|ENA|CABKOL020000103|CABKOL020000103.1_12
MGYG|ENA|CABKOL020000104|CABKOL020000104.1_47	MGYG|ENA|CABKOL020000104|CABKOL020000104.1_47
MGYG|ENA|CABKOL020000104|CABKOL020000104.1_47	FLUB|CP047121.1_2537
MGYG|ENA|CABKOL020000104|CABKOL020000104.1_79	MGYG|ENA|CABKOL020000104|CABKOL020000104.1_79
MGYG|ENA|CABKOL020000104|CABKOL020000104.1_79	FLUB|CP047121.1_2505
MGYG|ENA|CABKOL020000104|CABKOL020000104.1_239	MGYG|ENA|CABKOL020000104|CABKOL020000104.1_239
MGYG|ENA|CABKOL020000104|CABKOL020000104.1_239	FLUB|CP047121.1_2346
MGYG|ENA|CABKOL020000104|CABKOL020000104.1_271	MGYG|ENA|CABKOL020000104|CABKOL020000104.1_271
MGYG|ENA|CABKOL020000104|CABKOL020000104.1_271	FLUB|CP047121.1_2314
MGYG|ENA|CABKOL020000104|CABKOL020000104.1_303	MGYG|ENA|CABKOL020000104|CABKOL020000104.1_303
MGYG|ENA|CABKOL020000104|CABKOL020000104.1_303	LMG07934|CP050262.1_2097
MGYG|ENA|CABKOL020000104|CABKOL020000104.1_303	FLUB|CP047121.1_2282
MGYG|ENA|CABKOL020000104|CABKOL020000104.1_527	MGYG|ENA|CABKOL020000104|CABKOL020000104.1_527
MGYG|ENA|CABKOL020000104|CABKOL020000104.1_527	FLUB|CP047121.1_2058
MGYG|ENA|CABKOL020000105|CABKOL020000105.1_9	MGYG|ENA|CABKOL020000105|CABKOL020000105.1_9
MGYG|ENA|CABKOL020000105|CABKOL020000105.1_41	MGYG|ENA|CABKOL020000105|CABKOL020000105.1_41
MGYG|ENA|CABKOL020000106|CABKOL020000106.1_192	MGYG|ENA|CABKOL020000106|CABKOL020000106.1_192
MGYG|ENA|CABKOL020000106|CABKOL020000106.1_192	DSM20176|AZDF01000034.1_6
MGYG|ENA|CABKOL020000106|CABKOL020000106.1_192	LH500|CP044119.1_2502
MGYG|ENA|CABKOL020000106|CABKOL020000106.1_192	LMG07934|CP050262.1_2627
MGYG|ENA|CABKOL020000106|CABKOL020000106.1_192	FLUB|CP047121.1_2779
MGYG|ENA|CABKOL020000106|CABKOL020000106.1_416	MGYG|ENA|CABKOL020000106|CABKOL020000106.1_416
MGYG|ENA|CABKOL020000106|CABKOL020000106.1_416	MGYG|ENA|CABKOL020000106|CABKOL020000106.1_953
MGYG|ENA|CABKOL020000106|CABKOL020000106.1_576	MGYG|ENA|CABKOL020000106|CABKOL020000106.1_576
MGYG|ENA|CABKOL020000106|CABKOL020000106.1_576	FLUB|CP047121.1_299
MGYG|ENA|CABKOL020000106|CABKOL020000106.1_576	DSM20176|AZDF01000019.1_38
MGYG|ENA|CABKOL020000106|CABKOL020000106.1_576	LH500|CP044119.1_310
MGYG|ENA|CABKOL020000106|CABKOL020000106.1_576	LMG07934|CP050262.1_289
MGYG|ENA|CABKOL020000106|CABKOL020000106.1_608	MGYG|ENA|CABKOL020000106|CABKOL020000106.1_608
MGYG|ENA|CABKOL020000106|CABKOL020000106.1_608	FLUB|CP047121.1_331
MGYG|ENA|CABKOL020000106|CABKOL020000106.1_640	MGYG|ENA|CABKOL020000106|CABKOL020000106.1_640
MGYG|ENA|CABKOL020000106|CABKOL020000106.1_640	FLUB|CP047121.1_363
MGYG|ENA|CABKOL020000106|CABKOL020000106.1_864	MGYG|ENA|CABKOL020000106|CABKOL020000106.1_864
MGYG|ENA|CABKOL020000106|CABKOL020000106.1_864	FLUB|CP047121.1_653
MGYG|ENA|CABKOL020000106|CABKOL020000106.1_896	MGYG|ENA|CABKOL020000106|CABKOL020000106.1_896
MGYG|ENA|CABKOL020000106|CABKOL020000106.1_896	FLUB|CP047121.1_685
MGYG|ENA|CABKOL020000106|CABKOL020000106.1_928	MGYG|ENA|CABKOL020000106|CABKOL020000106.1_928
MGYG|ENA|CABKOL020000106|CABKOL020000106.1_928	FLUB|CP047121.1_716
MGYG|ENA|CABKOL020000106|CABKOL020000106.1_960	MGYG|ENA|CABKOL020000106|CABKOL020000106.1_960
MGYG|ENA|CABKOL020000106|CABKOL020000106.1_960	FLUB|CP047121.1_748
MGYG|ENA|CABKOL020000106|CABKOL020000106.1_1024	MGYG|ENA|CABKOL020000106|CABKOL020000106.1_1024
MGYG|ENA|CABKOL020000106|CABKOL020000106.1_1024	FLUB|CP047121.1_812
MGYG|ENA|CABKOL020000106|CABKOL020000106.1_1056	MGYG|ENA|CABKOL020000106|CABKOL020000106.1_1056
MGYG|ENA|CABKOL020000106|CABKOL020000106.1_1056	LMG07934|CP050262.1_682
MGYG|ENA|CABKOL020000106|CABKOL020000106.1_1056	FLUB|CP047121.1_843
MGYG|ENA|CABKOL020000106|CABKOL020000106.1_1088	MGYG|ENA|CABKOL020000106|CABKOL020000106.1_1088
MGYG|ENA|CABKOL020000106|CABKOL020000106.1_1088	FLUB|CP047121.1_873
DSM20176|AZDF01000015.1_1	DSM20176|AZDF01000015.1_1
DSM20176|AZDF01000015.1_1	LH500|CP044119.1_2459
DSM20176|AZDF01000020.1_3	DSM20176|AZDF01000020.1_3
DSM20176|AZDF01000020.1_3	LH500|CP044119.1_2146
DSM20176|AZDF01000020.1_35	DSM20176|AZDF01000020.1_35
DSM20176|AZDF01000020.1_35	LH500|CP044119.1_2178
DSM20176|AZDF01000021.1_31	DSM20176|AZDF01000021.1_31
DSM20176|AZDF01000021.1_31	LH500|CP044119.1_2389
DSM20176|AZDF01000024.1_22	DSM20176|AZDF01000024.1_22
DSM20176|AZDF01000024.1_22	LH500|CP044119.1_2578
DSM20176|AZDF01000026.1_22	DSM20176|AZDF01000026.1_22
DSM20176|AZDF01000026.1_22	LH500|CP044119.1_1830
DSM20176|AZDF01000030.1_29	DSM20176|AZDF01000030.1_29
DSM20176|AZDF01000032.1_1	DSM20176|AZDF01000032.1_1
DSM20176|AZDF01000034.1_9	DSM20176|AZDF01000034.1_9
DSM20176|AZDF01000034.1_9	MGYG|ENA|CABKOL020000106|CABKOL020000106.1_194
DSM20176|AZDF01000034.1_9	LH500|CP044119.1_2505
DSM20176|AZDF01000034.1_9	FLUB|CP047121.1_2781
DSM20176|AZDF01000034.1_9	LMG07934|CP050262.1_2630
DSM20176|AZDF01000039.1_3	DSM20176|AZDF01000039.1_3
DSM20176|AZDF01000039.1_3	LH500|CP044119.1_607
DSM20176|AZDF01000004.1_81	DSM20176|AZDF01000004.1_81
DSM20176|AZDF01000004.1_81	LMG07934|CP050262.1_1557
DSM20176|AZDF01000004.1_81	LH500|CP044119.1_1469
DSM20176|AZDF01000004.1_81	MGYG|ENA|CABKOL020000102|CABKOL020000102.1_469
DSM20176|AZDF01000004.1_81	FLUB|CP047121.1_1672
DSM20176|AZDF01000049.1_10	DSM20176|AZDF01000049.1_10
DSM20176|AZDF01000049.1_10	LH500|CP044119.1_2294
DSM20176|AZDF01000062.1_2	DSM20176|AZDF01000062.1_2
DSM20176|AZDF01000062.1_2	LH500|CP044119.1_991
DSM20176|AZDF01000009.1_30	DSM20176|AZDF01000009.1_30
DSM20176|AZDF01000009.1_30	LH500|CP044119.1_2247
DSM20176|AZDF01000009.1_30	LMG07934|CP050262.1_2342
DSM20176|AZDF01000009.1_62	DSM20176|AZDF01000009.1_62
DSM20176|AZDF01000009.1_62	LH500|CP044119.1_2215
DSM20176|AZDF01000009.1_62	LMG07934|CP050262.1_2308
DSM20176|AZDF01000009.1_94	DSM20176|AZDF01000009.1_94
DSM20176|AZDF01000009.1_94	LH500|CP044119.1_2183
DSM20176|AZDF01000009.1_94	LMG07934|CP050262.1_2277
DSM20176|AZDF01000009.1_94	FLUB|CP047121.1_2463
DSM20176|AZDF01000009.1_94	MGYG|ENA|CABKOL020000104|CABKOL020000104.1_121
FLUB|CP047121.1_215	FLUB|CP047121.1_215
FLUB|CP047121.1_215	MGYG|ENA|CABKOL020000106|CABKOL020000106.1_491
FLUB|CP047121.1_375	FLUB|CP047121.1_375
FLUB|CP047121.1_375	MGYG|ENA|CABKOL020000106|CABKOL020000106.1_651
FLUB|CP047121.1_407	FLUB|CP047121.1_407
FLUB|CP047121.1_407	MGYG|ENA|CABKOL020000106|CABKOL020000106.1_683
FLUB|CP047121.1_439	FLUB|CP047121.1_439
FLUB|CP047121.1_439	MGYG|ENA|CABKOL020000106|CABKOL020000106.1_715
FLUB|CP047121.1_567	FLUB|CP047121.1_567
FLUB|CP047121.1_599	FLUB|CP047121.1_599
FLUB|CP047121.1_695	FLUB|CP047121.1_695
FLUB|CP047121.1_727	FLUB|CP047121.1_727
FLUB|CP047121.1_727	MGYG|ENA|CABKOL020000106|CABKOL020000106.1_940
FLUB|CP047121.1_823	FLUB|CP047121.1_823
FLUB|CP047121.1_919	FLUB|CP047121.1_919
FLUB|CP047121.1_919	MGYG|ENA|CABKOL020000106|CABKOL020000106.1_1134
FLUB|CP047121.1_1015	FLUB|CP047121.1_1015
FLUB|CP047121.1_1015	MGYG|ENA|CABKOL020000106|CABKOL020000106.1_1233
FLUB|CP047121.1_1047	FLUB|CP047121.1_1047
FLUB|CP047121.1_1047	MGYG|ENA|CABKOL020000106|CABKOL020000106.1_1265
FLUB|CP047121.1_1079	FLUB|CP047121.1_1079
FLUB|CP047121.1_1079	MGYG|ENA|CABKOL020000106|CABKOL020000106.1_1299
FLUB|CP047121.1_1079	DSM20176|AZDF01000030.1_16
FLUB|CP047121.1_1079	LH500|CP044119.1_862
FLUB|CP047121.1_1079	LMG07934|CP050262.1_889
FLUB|CP047121.1_1111	FLUB|CP047121.1_1111
FLUB|CP047121.1_1911	FLUB|CP047121.1_1911
FLUB|CP047121.1_1943	FLUB|CP047121.1_1943
FLUB|CP047121.1_2199	FLUB|CP047121.1_2199
FLUB|CP047121.1_2199	MGYG|ENA|CABKOL020000104|CABKOL020000104.1_386
FLUB|CP047121.1_2199	LH500|CP044119.1_2018
FLUB|CP047121.1_2199	DSM20176|AZDF01000001.1_164
FLUB|CP047121.1_2199	LMG07934|CP050262.1_2021
FLUB|CP047121.1_2359	FLUB|CP047121.1_2359
FLUB|CP047121.1_2359	MGYG|ENA|CABKOL020000104|CABKOL020000104.1_226
FLUB|CP047121.1_2519	FLUB|CP047121.1_2519
FLUB|CP047121.1_2519	MGYG|ENA|CABKOL020000104|CABKOL020000104.1_65
FLUB|CP047121.1_2615	FLUB|CP047121.1_2615
FLUB|CP047121.1_2615	MGYG|ENA|CABKOL020000106|CABKOL020000106.1_31
FLUB|CP047121.1_2711	FLUB|CP047121.1_2711
FLUB|CP047121.1_2711	MGYG|ENA|CABKOL020000106|CABKOL020000106.1_125
FLUB|CP047121.1_2775	FLUB|CP047121.1_2775
FLUB|CP047121.1_2775	MGYG|ENA|CABKOL020000106|CABKOL020000106.1_188
FLUB|CP047122.1_10	FLUB|CP047122.1_10
FLUB|CP047122.1_42	FLUB|CP047122.1_42
FLUB|CP047123.1_26	FLUB|CP047123.1_26
FLUB|CP047126.1_4	FLUB|CP047126.1_4
LMG07934|CP050262.1_416	LMG07934|CP050262.1_416
LMG07934|CP050262.1_448	LMG07934|CP050262.1_448
LMG07934|CP050262.1_512	LMG07934|CP050262.1_512
LMG07934|CP050262.1_544	LMG07934|CP050262.1_544
LMG07934|CP050262.1_608	LMG07934|CP050262.1_608
LMG07934|CP050262.1_640	LMG07934|CP050262.1_640
LMG07934|CP050262.1_672	LMG07934|CP050262.1_672
LMG07934|CP050262.1_704	LMG07934|CP050262.1_704
LMG07934|CP050262.1_736	LMG07934|CP050262.1_736
LMG07934|CP050262.1_736	MGYG|ENA|CABKOL020000106|CABKOL020000106.1_1115
LMG07934|CP050262.1_736	FLUB|CP047121.1_900
LMG07934|CP050262.1_736	DSM20176|AZDF01000027.1_15
LMG07934|CP050262.1_736	LH500|CP044119.1_701
LMG07934|CP050262.1_1056	LMG07934|CP050262.1_1056
LMG07934|CP050262.1_1248	LMG07934|CP050262.1_1248
LMG07934|CP050262.1_1280	LMG07934|CP050262.1_1280
LMG07934|CP050262.1_1312	LMG07934|CP050262.1_1312
LMG07934|CP050262.1_2176	LMG07934|CP050262.1_2176
LMG07934|CP050262.1_2240	LMG07934|CP050262.1_2240
LMG07934|CP050262.1_2368	LMG07934|CP050262.1_2368
LMG07934|CP050262.1_2528	LMG07934|CP050262.1_2528
LH500|CP044119.1_999	LH500|CP044119.1_999
LH500|CP044119.1_999	DSM20176|AZDF01000060.1_6
LH500|CP044119.1_1383	LH500|CP044119.1_1383
LH500|CP044119.1_1383	DSM20176|AZDF01000008.1_43
LH500|CP044119.1_1671	LH500|CP044119.1_1671
LH500|CP044119.1_1671	DSM20176|AZDF01000055.1_9
LH500|CP044119.1_1735	LH500|CP044119.1_1735
LH500|CP044119.1_1831	LH500|CP044119.1_1831
LH500|CP044119.1_1831	DSM20176|AZDF01000026.1_21
LH500|CP044119.1_2279	LH500|CP044119.1_2279
LH500|CP044119.1_2279	DSM20176|AZDF01000048.1_11
LH500|CP044119.1_2407	LH500|CP044119.1_2407
LH500|CP044119.1_2407	DSM20176|AZDF01000043.1_10
LH500|CP044119.1_2407	FLUB|CP047121.1_2648
LH500|CP044119.1_2407	LMG07934|CP050262.1_2526
LH500|CP044119.1_2407	MGYG|ENA|CABKOL020000106|CABKOL020000106.1_64
LH500|CP044119.1_2503	LH500|CP044119.1_2503
LH500|CP044119.1_2503	DSM20176|AZDF01000034.1_7
MGYG|ENA|CABKOL020000018|CABKOL020000018.1_1	MGYG|ENA|CABKOL020000018|CABKOL020000018.1_1
MGYG|ENA|CABKOL020000057|CABKOL020000057.1_1	MGYG|ENA|CABKOL020000057|CABKOL020000057.1_1
MGYG|ENA|CABKOL020000100|CABKOL020000100.1_16	MGYG|ENA|CABKOL020000100|CABKOL020000100.1_16
MGYG|ENA|CABKOL020000103|CABKOL020000103.1_13	MGYG|ENA|CABKOL020000103|CABKOL020000103.1_13
MGYG|ENA|CABKOL020000104|CABKOL020000104.1_48	MGYG|ENA|CABKOL020000104|CABKOL020000104.1_48
MGYG|ENA|CABKOL020000104|CABKOL020000104.1_48	FLUB|CP047121.1_2536
MGYG|ENA|CABKOL020000104|CABKOL020000104.1_272	MGYG|ENA|CABKOL020000104|CABKOL020000104.1_272
MGYG|ENA|CABKOL020000104|CABKOL020000104.1_272	FLUB|CP047121.1_2313
MGYG|ENA|CABKOL020000104|CABKOL020000104.1_304	MGYG|ENA|CABKOL020000104|CABKOL020000104.1_304
MGYG|ENA|CABKOL020000104|CABKOL020000104.1_304	LMG07934|CP050262.1_2096
MGYG|ENA|CABKOL020000104|CABKOL020000104.1_304	FLUB|CP047121.1_2281
MGYG|ENA|CABKOL020000105|CABKOL020000105.1_10	MGYG|ENA|CABKOL020000105|CABKOL020000105.1_10
MGYG|ENA|CABKOL020000106|CABKOL020000106.1_417	MGYG|ENA|CABKOL020000106|CABKOL020000106.1_417
MGYG|ENA|CABKOL020000106|CABKOL020000106.1_417	FLUB|CP047121.1_143
MGYG|ENA|CABKOL020000106|CABKOL020000106.1_513	MGYG|ENA|CABKOL020000106|CABKOL020000106.1_513
MGYG|ENA|CABKOL020000106|CABKOL020000106.1_513	LH500|CP044119.1_235
MGYG|ENA|CABKOL020000106|CABKOL020000106.1_513	FLUB|CP047121.1_237
MGYG|ENA|CABKOL020000106|CABKOL020000106.1_513	LMG07934|CP050262.1_215
MGYG|ENA|CABKOL020000106|CABKOL020000106.1_513	DSM20176|AZDF01000007.1_25
MGYG|ENA|CABKOL020000106|CABKOL020000106.1_737	MGYG|ENA|CABKOL020000106|CABKOL020000106.1_737
MGYG|ENA|CABKOL020000106|CABKOL020000106.1_737	FLUB|CP047121.1_461
MGYG|ENA|CABKOL020000106|CABKOL020000106.1_865	MGYG|ENA|CABKOL020000106|CABKOL020000106.1_865
MGYG|ENA|CABKOL020000106|CABKOL020000106.1_865	FLUB|CP047121.1_654
MGYG|ENA|CABKOL020000106|CABKOL020000106.1_865	DSM20176|AZDF01000010.1_53
MGYG|ENA|CABKOL020000106|CABKOL020000106.1_865	LH500|CP044119.1_573
MGYG|ENA|CABKOL020000106|CABKOL020000106.1_865	LMG07934|CP050262.1_550
MGYG|ENA|CABKOL020000106|CABKOL020000106.1_897	MGYG|ENA|CABKOL020000106|CABKOL020000106.1_897
MGYG|ENA|CABKOL020000106|CABKOL020000106.1_897	FLUB|CP047121.1_686
MGYG|ENA|CABKOL020000106|CABKOL020000106.1_929	MGYG|ENA|CABKOL020000106|CABKOL020000106.1_929
MGYG|ENA|CABKOL020000106|CABKOL020000106.1_961	MGYG|ENA|CABKOL020000106|CABKOL020000106.1_961
MGYG|ENA|CABKOL020000106|CABKOL020000106.1_961	FLUB|CP047121.1_749
MGYG|ENA|CABKOL020000106|CABKOL020000106.1_993	MGYG|ENA|CABKOL020000106|CABKOL020000106.1_993
MGYG|ENA|CABKOL020000106|CABKOL020000106.1_993	FLUB|CP047121.1_781
MGYG|ENA|CABKOL020000106|CABKOL020000106.1_1025	MGYG|ENA|CABKOL020000106|CABKOL020000106.1_1025
MGYG|ENA|CABKOL020000106|CABKOL020000106.1_1025	FLUB|CP047121.1_813
MGYG|ENA|CABKOL020000106|CABKOL020000106.1_1057	MGYG|ENA|CABKOL020000106|CABKOL020000106.1_1057
MGYG|ENA|CABKOL020000106|CABKOL020000106.1_1057	FLUB|CP047121.1_844
MGYG|ENA|CABKOL020000106|CABKOL020000106.1_1121	MGYG|ENA|CABKOL020000106|CABKOL020000106.1_1121
MGYG|ENA|CABKOL020000106|CABKOL020000106.1_1121	FLUB|CP047121.1_906
MGYG|ENA|CABKOL020000106|CABKOL020000106.1_1281	MGYG|ENA|CABKOL020000106|CABKOL020000106.1_1281
DSM20176|AZDF01000100.1_1	DSM20176|AZDF01000100.1_1
DSM20176|AZDF01000110.1_1	DSM20176|AZDF01000110.1_1
DSM20176|AZDF01000013.1_1	DSM20176|AZDF01000013.1_1
DSM20176|AZDF01000025.1_22	DSM20176|AZDF01000025.1_22
DSM20176|AZDF01000025.1_22	MGYG|ENA|CABKOL020000102|CABKOL020000102.1_615
DSM20176|AZDF01000025.1_22	FLUB|CP047121.1_1818
DSM20176|AZDF01000025.1_22	LMG07934|CP050262.1_1703
DSM20176|AZDF01000025.1_22	LH500|CP044119.1_1614
DSM20176|AZDF01000026.1_23	DSM20176|AZDF01000026.1_23
DSM20176|AZDF01000026.1_23	LH500|CP044119.1_1829
DSM20176|AZDF01000034.1_10	DSM20176|AZDF01000034.1_10
DSM20176|AZDF01000034.1_10	MGYG|ENA|CABKOL020000106|CABKOL020000106.1_195
DSM20176|AZDF01000034.1_10	LH500|CP044119.1_2506
DSM20176|AZDF01000034.1_10	FLUB|CP047121.1_2782
DSM20176|AZDF01000034.1_10	LMG07934|CP050262.1_2631
DSM20176|AZDF01000039.1_4	DSM20176|AZDF01000039.1_4
DSM20176|AZDF01000039.1_4	LH500|CP044119.1_608
DSM20176|AZDF01000044.1_8	DSM20176|AZDF01000044.1_8
DSM20176|AZDF01000044.1_8	LMG07934|CP050262.1_588
DSM20176|AZDF01000044.1_8	LH500|CP044119.1_634
DSM20176|AZDF01000062.1_3	DSM20176|AZDF01000062.1_3
DSM20176|AZDF01000062.1_3	LH500|CP044119.1_992
DSM20176|AZDF01000077.1_1	DSM20176|AZDF01000077.1_1
DSM20176|AZDF01000077.1_1	LH500|CP044119.1_1218
DSM20176|AZDF01000008.1_60	DSM20176|AZDF01000008.1_60
DSM20176|AZDF01000008.1_60	LH500|CP044119.1_1366
DSM20176|AZDF01000008.1_60	LMG07934|CP050262.1_1457
DSM20176|AZDF01000008.1_60	MGYG|ENA|CABKOL020000102|CABKOL020000102.1_364
DSM20176|AZDF01000008.1_60	FLUB|CP047121.1_1567
DSM20176|AZDF01000088.1_1	DSM20176|AZDF01000088.1_1
DSM20176|AZDF01000088.1_1	LH500|CP044119.1_743
FLUB|CP047121.1_24	FLUB|CP047121.1_24
FLUB|CP047121.1_24	LMG07934|CP050262.1_24
FLUB|CP047121.1_24	LH500|CP044119.1_42
FLUB|CP047121.1_24	DSM20176|AZDF01000006.1_81
FLUB|CP047121.1_24	MGYG|ENA|CABKOL020000106|CABKOL020000106.1_298
FLUB|CP047121.1_88	FLUB|CP047121.1_88
FLUB|CP047121.1_88	MGYG|ENA|CABKOL020000106|CABKOL020000106.1_363
FLUB|CP047121.1_216	FLUB|CP047121.1_216
FLUB|CP047121.1_216	MGYG|ENA|CABKOL020000106|CABKOL020000106.1_492
FLUB|CP047121.1_280	FLUB|CP047121.1_280
FLUB|CP047121.1_280	MGYG|ENA|CABKOL020000106|CABKOL020000106.1_556
FLUB|CP047121.1_376	FLUB|CP047121.1_376
FLUB|CP047121.1_376	MGYG|ENA|CABKOL020000106|CABKOL020000106.1_652
FLUB|CP047121.1_568	FLUB|CP047121.1_568
FLUB|CP047121.1_568	LH500|CP044119.1_2242
FLUB|CP047121.1_568	LMG07934|CP050262.1_2337
FLUB|CP047121.1_568	DSM20176|AZDF01000009.1_35
FLUB|CP047121.1_600	FLUB|CP047121.1_600
FLUB|CP047121.1_664	FLUB|CP047121.1_664
FLUB|CP047121.1_664	MGYG|ENA|CABKOL020000106|CABKOL020000106.1_875
FLUB|CP047121.1_728	FLUB|CP047121.1_728
FLUB|CP047121.1_728	MGYG|ENA|CABKOL020000106|CABKOL020000106.1_941
FLUB|CP047121.1_760	FLUB|CP047121.1_760
FLUB|CP047121.1_824	FLUB|CP047121.1_824
FLUB|CP047121.1_824	MGYG|ENA|CABKOL020000106|CABKOL020000106.1_1037
FLUB|CP047121.1_952	FLUB|CP047121.1_952
FLUB|CP047121.1_952	DSM20176|AZDF01000031.1_3
FLUB|CP047121.1_952	LMG07934|CP050262.1_775
FLUB|CP047121.1_952	LH500|CP044119.1_751
FLUB|CP047121.1_1048	FLUB|CP047121.1_1048
FLUB|CP047121.1_1912	FLUB|CP047121.1_1912
FLUB|CP047121.1_1944	FLUB|CP047121.1_1944
FLUB|CP047121.1_2360	FLUB|CP047121.1_2360
FLUB|CP047121.1_2360	MGYG|ENA|CABKOL020000104|CABKOL020000104.1_225
FLUB|CP047121.1_2488	FLUB|CP047121.1_2488
FLUB|CP047121.1_2488	MGYG|ENA|CABKOL020000104|CABKOL020000104.1_96
FLUB|CP047121.1_2520	FLUB|CP047121.1_2520
FLUB|CP047121.1_2520	MGYG|ENA|CABKOL020000104|CABKOL020000104.1_64
FLUB|CP047121.1_2616	FLUB|CP047121.1_2616
FLUB|CP047121.1_2616	MGYG|ENA|CABKOL020000106|CABKOL020000106.1_32
FLUB|CP047121.1_2712	FLUB|CP047121.1_2712
FLUB|CP047121.1_2712	MGYG|ENA|CABKOL020000106|CABKOL020000106.1_126
FLUB|CP047121.1_2776	FLUB|CP047121.1_2776
FLUB|CP047121.1_2776	MGYG|ENA|CABKOL020000106|CABKOL020000106.1_189
FLUB|CP047122.1_11	FLUB|CP047122.1_11
FLUB|CP047122.1_43	FLUB|CP047122.1_43
FLUB|CP047123.1_27	FLUB|CP047123.1_27
FLUB|CP047124.1_20	FLUB|CP047124.1_20
LMG07934|CP050262.1_417	LMG07934|CP050262.1_417
LMG07934|CP050262.1_449	LMG07934|CP050262.1_449
LMG07934|CP050262.1_641	LMG07934|CP050262.1_641
LMG07934|CP050262.1_673	LMG07934|CP050262.1_673
LMG07934|CP050262.1_705	LMG07934|CP050262.1_705
LMG07934|CP050262.1_801	LMG07934|CP050262.1_801
LMG07934|CP050262.1_1057	LMG07934|CP050262.1_1057
LMG07934|CP050262.1_1089	LMG07934|CP050262.1_1089
LMG07934|CP050262.1_1249	LMG07934|CP050262.1_1249
LMG07934|CP050262.1_1313	LMG07934|CP050262.1_1313
LMG07934|CP050262.1_1473	LMG07934|CP050262.1_1473
LMG07934|CP050262.1_2177	LMG07934|CP050262.1_2177
LMG07934|CP050262.1_2273	LMG07934|CP050262.1_2273
LMG07934|CP050262.1_2369	LMG07934|CP050262.1_2369
LMG07934|CP050262.1_2401	LMG07934|CP050262.1_2401
LMG07934|CP050262.1_2401	FLUB|CP047121.1_2492
LMG07934|CP050262.1_2401	MGYG|ENA|CABKOL020000104|CABKOL020000104.1_92
LMG07934|CP050262.1_2529	LMG07934|CP050262.1_2529
LMG07934|CP050262.1_2625	LMG07934|CP050262.1_2625
LH500|CP044119.1_264	LH500|CP044119.1_264
LH500|CP044119.1_264	DSM20176|AZDF01000071.1_2
LH500|CP044119.1_296	LH500|CP044119.1_296
LH500|CP044119.1_296	DSM20176|AZDF01000019.1_24
LH500|CP044119.1_296	FLUB|CP047121.1_292
LH500|CP044119.1_296	LMG07934|CP050262.1_276
LH500|CP044119.1_296	MGYG|ENA|CABKOL020000106|CABKOL020000106.1_569
LH500|CP044119.1_648	LH500|CP044119.1_648
LH500|CP044119.1_648	LMG07934|CP050262.1_618
LH500|CP044119.1_648	DSM20176|AZDF01000050.1_7
LH500|CP044119.1_680	LH500|CP044119.1_680
LH500|CP044119.1_680	LMG07934|CP050262.1_716
LH500|CP044119.1_680	FLUB|CP047121.1_879
LH500|CP044119.1_680	DSM20176|AZDF01000068.1_1
LH500|CP044119.1_680	MGYG|ENA|CABKOL020000106|CABKOL020000106.1_1094
LH500|CP044119.1_712	LH500|CP044119.1_712
LH500|CP044119.1_712	DSM20176|AZDF01000027.1_26
LH500|CP044119.1_776	LH500|CP044119.1_776
LH500|CP044119.1_776	DSM20176|AZDF01000031.1_28
LH500|CP044119.1_1000	LH500|CP044119.1_1000
LH500|CP044119.1_1000	DSM20176|AZDF01000060.1_5
LH500|CP044119.1_1736	LH500|CP044119.1_1736
LH500|CP044119.1_1800	LH500|CP044119.1_1800
LH500|CP044119.1_1800	DSM20176|AZDF01000053.1_1
LH500|CP044119.1_1832	LH500|CP044119.1_1832
LH500|CP044119.1_1832	DSM20176|AZDF01000026.1_20
LH500|CP044119.1_2024	LH500|CP044119.1_2024
LH500|CP044119.1_2024	LMG07934|CP050262.1_2027
LH500|CP044119.1_2024	MGYG|ENA|CABKOL020000104|CABKOL020000104.1_380
LH500|CP044119.1_2024	FLUB|CP047121.1_2205
LH500|CP044119.1_2024	DSM20176|AZDF01000001.1_170
LH500|CP044119.1_2152	LH500|CP044119.1_2152
LH500|CP044119.1_2152	DSM20176|AZDF01000020.1_9
LH500|CP044119.1_2152	LMG07934|CP050262.1_2247
LH500|CP044119.1_2280	LH500|CP044119.1_2280
LH500|CP044119.1_2280	LMG07934|CP050262.1_2382
LH500|CP044119.1_2280	DSM20176|AZDF01000048.1_10
MGYG|ENA|CABKOL020000019|CABKOL020000019.1_1	MGYG|ENA|CABKOL020000019|CABKOL020000019.1_1
MGYG|ENA|CABKOL020000058|CABKOL020000058.1_1	MGYG|ENA|CABKOL020000058|CABKOL020000058.1_1
MGYG|ENA|CABKOL020000083|CABKOL020000083.1_1	MGYG|ENA|CABKOL020000083|CABKOL020000083.1_1
MGYG|ENA|CABKOL020000095|CABKOL020000095.1_75	MGYG|ENA|CABKOL020000095|CABKOL020000095.1_75
MGYG|ENA|CABKOL020000095|CABKOL020000095.1_75	FLUB|CP047121.1_1167
MGYG|ENA|CABKOL020000095|CABKOL020000095.1_75	LMG07934|CP050262.1_976
MGYG|ENA|CABKOL020000095|CABKOL020000095.1_75	DSM20176|AZDF01000005.1_39
MGYG|ENA|CABKOL020000095|CABKOL020000095.1_75	LH500|CP044119.1_949
MGYG|ENA|CABKOL020000100|CABKOL020000100.1_17	MGYG|ENA|CABKOL020000100|CABKOL020000100.1_17
MGYG|ENA|CABKOL020000103|CABKOL020000103.1_14	MGYG|ENA|CABKOL020000103|CABKOL020000103.1_14
MGYG|ENA|CABKOL020000104|CABKOL020000104.1_49	MGYG|ENA|CABKOL020000104|CABKOL020000104.1_49
MGYG|ENA|CABKOL020000104|CABKOL020000104.1_49	FLUB|CP047121.1_2535
MGYG|ENA|CABKOL020000104|CABKOL020000104.1_273	MGYG|ENA|CABKOL020000104|CABKOL020000104.1_273
MGYG|ENA|CABKOL020000104|CABKOL020000104.1_273	FLUB|CP047121.1_2312
MGYG|ENA|CABKOL020000104|CABKOL020000104.1_305	MGYG|ENA|CABKOL020000104|CABKOL020000104.1_305
MGYG|ENA|CABKOL020000104|CABKOL020000104.1_305	LMG07934|CP050262.1_2095
MGYG|ENA|CABKOL020000104|CABKOL020000104.1_305	FLUB|CP047121.1_2280
MGYG|ENA|CABKOL020000105|CABKOL020000105.1_11	MGYG|ENA|CABKOL020000105|CABKOL020000105.1_11
MGYG|ENA|CABKOL020000106|CABKOL020000106.1_322	MGYG|ENA|CABKOL020000106|CABKOL020000106.1_322
MGYG|ENA|CABKOL020000106|CABKOL020000106.1_322	LMG07934|CP050262.1_50
MGYG|ENA|CABKOL020000106|CABKOL020000106.1_322	FLUB|CP047121.1_48
MGYG|ENA|CABKOL020000106|CABKOL020000106.1_418	MGYG|ENA|CABKOL020000106|CABKOL020000106.1_418
MGYG|ENA|CABKOL020000106|CABKOL020000106.1_418	FLUB|CP047121.1_144
MGYG|ENA|CABKOL020000106|CABKOL020000106.1_866	MGYG|ENA|CABKOL020000106|CABKOL020000106.1_866
MGYG|ENA|CABKOL020000106|CABKOL020000106.1_866	DSM20176|AZDF01000010.1_54
MGYG|ENA|CABKOL020000106|CABKOL020000106.1_866	LH500|CP044119.1_574
MGYG|ENA|CABKOL020000106|CABKOL020000106.1_866	FLUB|CP047121.1_655
MGYG|ENA|CABKOL020000106|CABKOL020000106.1_866	LMG07934|CP050262.1_551
MGYG|ENA|CABKOL020000106|CABKOL020000106.1_898	MGYG|ENA|CABKOL020000106|CABKOL020000106.1_898
MGYG|ENA|CABKOL020000106|CABKOL020000106.1_898	FLUB|CP047121.1_687
MGYG|ENA|CABKOL020000106|CABKOL020000106.1_930	MGYG|ENA|CABKOL020000106|CABKOL020000106.1_930
MGYG|ENA|CABKOL020000106|CABKOL020000106.1_930	FLUB|CP047121.1_717
MGYG|ENA|CABKOL020000106|CABKOL020000106.1_994	MGYG|ENA|CABKOL020000106|CABKOL020000106.1_994
MGYG|ENA|CABKOL020000106|CABKOL020000106.1_994	LMG07934|CP050262.1_624
MGYG|ENA|CABKOL020000106|CABKOL020000106.1_994	FLUB|CP047121.1_782
MGYG|ENA|CABKOL020000106|CABKOL020000106.1_1026	MGYG|ENA|CABKOL020000106|CABKOL020000106.1_1026
MGYG|ENA|CABKOL020000106|CABKOL020000106.1_1026	FLUB|CP047121.1_814
MGYG|ENA|CABKOL020000106|CABKOL020000106.1_1058	MGYG|ENA|CABKOL020000106|CABKOL020000106.1_1058
MGYG|ENA|CABKOL020000106|CABKOL020000106.1_1058	LMG07934|CP050262.1_684
MGYG|ENA|CABKOL020000106|CABKOL020000106.1_1058	FLUB|CP047121.1_845
MGYG|ENA|CABKOL020000106|CABKOL020000106.1_1122	MGYG|ENA|CABKOL020000106|CABKOL020000106.1_1122
MGYG|ENA|CABKOL020000106|CABKOL020000106.1_1122	FLUB|CP047121.1_907
MGYG|ENA|CABKOL020000106|CABKOL020000106.1_1218	MGYG|ENA|CABKOL020000106|CABKOL020000106.1_1218
MGYG|ENA|CABKOL020000106|CABKOL020000106.1_1218	FLUB|CP047121.1_1001
DSM20176|AZDF01000101.1_1	DSM20176|AZDF01000101.1_1
DSM20176|AZDF01000112.1_1	DSM20176|AZDF01000112.1_1
DSM20176|AZDF01000002.1_21	DSM20176|AZDF01000002.1_21
DSM20176|AZDF01000002.1_21	FLUB|CP047121.1_1410
DSM20176|AZDF01000002.1_21	LMG07934|CP050262.1_1216
DSM20176|AZDF01000002.1_21	MGYG|ENA|CABKOL020000102|CABKOL020000102.1_205
DSM20176|AZDF01000002.1_21	LH500|CP044119.1_1194
DSM20176|AZDF01000026.1_24	DSM20176|AZDF01000026.1_24
DSM20176|AZDF01000026.1_24	LH500|CP044119.1_1828
DSM20176|AZDF01000003.1_97	DSM20176|AZDF01000003.1_97
DSM20176|AZDF01000003.1_97	LH500|CP044119.1_422
DSM20176|AZDF01000003.1_129	DSM20176|AZDF01000003.1_129
DSM20176|AZDF01000003.1_129	LH500|CP044119.1_390
DSM20176|AZDF01000034.1_11	DSM20176|AZDF01000034.1_11
DSM20176|AZDF01000034.1_11	MGYG|ENA|CABKOL020000106|CABKOL020000106.1_196
DSM20176|AZDF01000034.1_11	LH500|CP044119.1_2507
DSM20176|AZDF01000034.1_11	FLUB|CP047121.1_2783
DSM20176|AZDF01000034.1_11	LMG07934|CP050262.1_2632
DSM20176|AZDF01000039.1_5	DSM20176|AZDF01000039.1_5
DSM20176|AZDF01000039.1_5	LH500|CP044119.1_609
DSM20176|AZDF01000044.1_9	DSM20176|AZDF01000044.1_9
DSM20176|AZDF01000044.1_9	LH500|CP044119.1_635
DSM20176|AZDF01000051.1_10	DSM20176|AZDF01000051.1_10
DSM20176|AZDF01000051.1_10	LH500|CP044119.1_661
DSM20176|AZDF01000051.1_10	LMG07934|CP050262.1_700
DSM20176|AZDF01000069.1_2	DSM20176|AZDF01000069.1_2
DSM20176|AZDF01000069.1_2	LMG07934|CP050262.1_771
DSM20176|AZDF01000069.1_2	LH500|CP044119.1_747
DSM20176|AZDF01000089.1_1	DSM20176|AZDF01000089.1_1
DSM20176|AZDF01000009.1_96	DSM20176|AZDF01000009.1_96
DSM20176|AZDF01000009.1_96	LH500|CP044119.1_2181
FLUB|CP047121.1_25	FLUB|CP047121.1_25
FLUB|CP047121.1_25	MGYG|ENA|CABKOL020000106|CABKOL020000106.1_299
FLUB|CP047121.1_57	FLUB|CP047121.1_57
FLUB|CP047121.1_57	MGYG|ENA|CABKOL020000106|CABKOL020000106.1_331
FLUB|CP047121.1_153	FLUB|CP047121.1_153
FLUB|CP047121.1_153	MGYG|ENA|CABKOL020000106|CABKOL020000106.1_427
FLUB|CP047121.1_217	FLUB|CP047121.1_217
FLUB|CP047121.1_217	MGYG|ENA|CABKOL020000106|CABKOL020000106.1_493
FLUB|CP047121.1_377	FLUB|CP047121.1_377
FLUB|CP047121.1_377	MGYG|ENA|CABKOL020000106|CABKOL020000106.1_653
FLUB|CP047121.1_409	FLUB|CP047121.1_409
FLUB|CP047121.1_409	MGYG|ENA|CABKOL020000106|CABKOL020000106.1_685
FLUB|CP047121.1_473	FLUB|CP047121.1_473
FLUB|CP047121.1_473	MGYG|ENA|CABKOL020000106|CABKOL020000106.1_749
FLUB|CP047121.1_505	FLUB|CP047121.1_505
FLUB|CP047121.1_569	FLUB|CP047121.1_569
FLUB|CP047121.1_601	FLUB|CP047121.1_601
FLUB|CP047121.1_665	FLUB|CP047121.1_665
FLUB|CP047121.1_665	MGYG|ENA|CABKOL020000106|CABKOL020000106.1_876
FLUB|CP047121.1_697	FLUB|CP047121.1_697
FLUB|CP047121.1_697	MGYG|ENA|CABKOL020000106|CABKOL020000106.1_909
FLUB|CP047121.1_729	FLUB|CP047121.1_729
FLUB|CP047121.1_729	MGYG|ENA|CABKOL020000106|CABKOL020000106.1_942
FLUB|CP047121.1_761	FLUB|CP047121.1_761
FLUB|CP047121.1_761	MGYG|ENA|CABKOL020000106|CABKOL020000106.1_973
FLUB|CP047121.1_825	FLUB|CP047121.1_825
FLUB|CP047121.1_825	MGYG|ENA|CABKOL020000106|CABKOL020000106.1_1038
FLUB|CP047121.1_857	FLUB|CP047121.1_857
FLUB|CP047121.1_857	MGYG|ENA|CABKOL020000106|CABKOL020000106.1_1071
FLUB|CP047121.1_921	FLUB|CP047121.1_921
FLUB|CP047121.1_921	MGYG|ENA|CABKOL020000106|CABKOL020000106.1_1136
FLUB|CP047121.1_985	FLUB|CP047121.1_985
FLUB|CP047121.1_985	MGYG|ENA|CABKOL020000106|CABKOL020000106.1_1202
FLUB|CP047121.1_1017	FLUB|CP047121.1_1017
FLUB|CP047121.1_1017	MGYG|ENA|CABKOL020000106|CABKOL020000106.1_1235
FLUB|CP047121.1_1049	FLUB|CP047121.1_1049
FLUB|CP047121.1_1049	MGYG|ENA|CABKOL020000106|CABKOL020000106.1_1267
FLUB|CP047121.1_1913	FLUB|CP047121.1_1913
FLUB|CP047121.1_1945	FLUB|CP047121.1_1945
FLUB|CP047121.1_2041	FLUB|CP047121.1_2041
FLUB|CP047121.1_2041	MGYG|ENA|CABKOL020000104|CABKOL020000104.1_544
FLUB|CP047121.1_2265	FLUB|CP047121.1_2265
FLUB|CP047121.1_2265	MGYG|ENA|CABKOL020000104|CABKOL020000104.1_320
FLUB|CP047121.1_2425	FLUB|CP047121.1_2425
FLUB|CP047121.1_2425	MGYG|ENA|CABKOL020000104|CABKOL020000104.1_158
FLUB|CP047121.1_2457	FLUB|CP047121.1_2457
FLUB|CP047121.1_2457	MGYG|ENA|CABKOL020000104|CABKOL020000104.1_126
FLUB|CP047121.1_2457	LH500|CP044119.1_2173
FLUB|CP047121.1_2457	DSM20176|AZDF01000020.1_30
FLUB|CP047121.1_2457	LMG07934|CP050262.1_2269
FLUB|CP047121.1_2489	FLUB|CP047121.1_2489
FLUB|CP047121.1_2489	LH500|CP044119.1_2417
FLUB|CP047121.1_2489	MGYG|ENA|CABKOL020000104|CABKOL020000104.1_95
FLUB|CP047121.1_2521	FLUB|CP047121.1_2521
FLUB|CP047121.1_2521	MGYG|ENA|CABKOL020000104|CABKOL020000104.1_63
FLUB|CP047121.1_2617	FLUB|CP047121.1_2617
FLUB|CP047121.1_2617	MGYG|ENA|CABKOL020000106|CABKOL020000106.1_33
FLUB|CP047121.1_2713	FLUB|CP047121.1_2713
FLUB|CP047121.1_2713	MGYG|ENA|CABKOL020000106|CABKOL020000106.1_127
FLUB|CP047121.1_2777	FLUB|CP047121.1_2777
FLUB|CP047121.1_2777	MGYG|ENA|CABKOL020000106|CABKOL020000106.1_190
FLUB|CP047122.1_12	FLUB|CP047122.1_12
FLUB|CP047122.1_44	FLUB|CP047122.1_44
FLUB|CP047123.1_28	FLUB|CP047123.1_28
FLUB|CP047124.1_21	FLUB|CP047124.1_21
LMG07934|CP050262.1_98	LMG07934|CP050262.1_98
LMG07934|CP050262.1_130	LMG07934|CP050262.1_130
LMG07934|CP050262.1_482	LMG07934|CP050262.1_482
LMG07934|CP050262.1_482	DSM20176|AZDF01000003.1_13
LMG07934|CP050262.1_482	FLUB|CP047121.1_517
LMG07934|CP050262.1_482	LH500|CP044119.1_508
LMG07934|CP050262.1_482	MGYG|ENA|CABKOL020000106|CABKOL020000106.1_792
LMG07934|CP050262.1_578	LMG07934|CP050262.1_578
LMG07934|CP050262.1_578	MGYG|ENA|CABKOL020000106|CABKOL020000106.1_925
LMG07934|CP050262.1_578	FLUB|CP047121.1_713
LMG07934|CP050262.1_578	DSM20176|AZDF01000063.1_4
LMG07934|CP050262.1_578	LH500|CP044119.1_596
LMG07934|CP050262.1_674	LMG07934|CP050262.1_674
LMG07934|CP050262.1_770	LMG07934|CP050262.1_770
DSM20176|AZDF01000037.1_19	DSM20176|AZDF01000037.1_19
DSM20176|AZDF01000037.1_19	LH500|CP044119.1_843
DSM20176|AZDF01000037.1_19	LMG07934|CP050262.1_870
DSM20176|AZDF01000037.1_19	FLUB|CP047121.1_1061
DSM20176|AZDF01000037.1_19	MGYG|ENA|CABKOL020000106|CABKOL020000106.1_1280
DSM20176|AZDF01000039.1_13	DSM20176|AZDF01000039.1_13
DSM20176|AZDF01000039.1_13	LH500|CP044119.1_616
DSM20176|AZDF01000004.1_91	DSM20176|AZDF01000004.1_91
DSM20176|AZDF01000004.1_91	LH500|CP044119.1_1459
DSM20176|AZDF01000048.1_1	DSM20176|AZDF01000048.1_1
DSM20176|AZDF01000052.1_5	DSM20176|AZDF01000052.1_5
DSM20176|AZDF01000058.1_8	DSM20176|AZDF01000058.1_8
DSM20176|AZDF01000070.1_1	DSM20176|AZDF01000070.1_1
DSM20176|AZDF01000070.1_1	LH500|CP044119.1_2080
DSM20176|AZDF01000009.1_8	DSM20176|AZDF01000009.1_8
DSM20176|AZDF01000009.1_8	LH500|CP044119.1_2269
DSM20176|AZDF01000009.1_8	MGYG|ENA|CABKOL020000104|CABKOL020000104.1_110
DSM20176|AZDF01000009.1_8	FLUB|CP047121.1_2474
DSM20176|AZDF01000009.1_40	DSM20176|AZDF01000009.1_40
DSM20176|AZDF01000009.1_40	LH500|CP044119.1_2237
DSM20176|AZDF01000093.1_4	DSM20176|AZDF01000093.1_4
DSM20176|AZDF01000093.1_4	LH500|CP044119.1_1680
DSM20176|AZDF01000019.1_11	DSM20176|AZDF01000019.1_11
DSM20176|AZDF01000019.1_11	LH500|CP044119.1_282
DSM20176|AZDF01000019.1_11	FLUB|CP047121.1_278
DSM20176|AZDF01000019.1_11	LMG07934|CP050262.1_263
DSM20176|AZDF01000019.1_11	MGYG|ENA|CABKOL020000106|CABKOL020000106.1_554
DSM20176|AZDF01000002.1_101	DSM20176|AZDF01000002.1_101
DSM20176|AZDF01000002.1_101	MGYG|ENA|CABKOL020000102|CABKOL020000102.1_123
DSM20176|AZDF01000002.1_101	LMG07934|CP050262.1_1136
DSM20176|AZDF01000002.1_101	LH500|CP044119.1_1113
DSM20176|AZDF01000002.1_101	FLUB|CP047121.1_1328
DSM20176|AZDF01000022.1_14	DSM20176|AZDF01000022.1_14
DSM20176|AZDF01000022.1_14	MGYG|ENA|CABKOL020000106|CABKOL020000106.1_159
DSM20176|AZDF01000022.1_14	FLUB|CP047121.1_2746
DSM20176|AZDF01000022.1_14	LH500|CP044119.1_2474
DSM20176|AZDF01000022.1_14	LMG07934|CP050262.1_2597
DSM20176|AZDF01000024.1_8	DSM20176|AZDF01000024.1_8
DSM20176|AZDF01000024.1_8	LH500|CP044119.1_2564
DSM20176|AZDF01000024.1_8	MGYG|ENA|CABKOL020000106|CABKOL020000106.1_254
DSM20176|AZDF01000024.1_8	FLUB|CP047121.1_2841
DSM20176|AZDF01000024.1_8	LMG07934|CP050262.1_2691
DSM20176|AZDF01000026.1_8	DSM20176|AZDF01000026.1_8
DSM20176|AZDF01000026.1_8	LH500|CP044119.1_1844
DSM20176|AZDF01000028.1_6	DSM20176|AZDF01000028.1_6
DSM20176|AZDF01000028.1_6	LH500|CP044119.1_2533
DSM20176|AZDF01000028.1_6	MGYG|ENA|CABKOL020000106|CABKOL020000106.1_224
DSM20176|AZDF01000028.1_6	FLUB|CP047121.1_2811
DSM20176|AZDF01000028.1_6	LMG07934|CP050262.1_2661
DSM20176|AZDF01000029.1_10	DSM20176|AZDF01000029.1_10
DSM20176|AZDF01000029.1_10	LMG07934|CP050262.1_332
DSM20176|AZDF01000029.1_10	MGYG|ENA|CABKOL020000106|CABKOL020000106.1_627
DSM20176|AZDF01000029.1_10	LH500|CP044119.1_360
DSM20176|AZDF01000029.1_10	FLUB|CP047121.1_350
DSM20176|AZDF01000034.1_27	DSM20176|AZDF01000034.1_27
DSM20176|AZDF01000034.1_27	LH500|CP044119.1_2523
DSM20176|AZDF01000034.1_27	MGYG|ENA|CABKOL020000106|CABKOL020000106.1_215
DSM20176|AZDF01000034.1_27	FLUB|CP047121.1_2802
DSM20176|AZDF01000034.1_27	LMG07934|CP050262.1_2652
DSM20176|AZDF01000036.1_12	DSM20176|AZDF01000036.1_12
DSM20176|AZDF01000036.1_12	LMG07934|CP050262.1_306
DSM20176|AZDF01000036.1_12	MGYG|ENA|CABKOL020000106|CABKOL020000106.1_595
DSM20176|AZDF01000036.1_12	LH500|CP044119.1_331
DSM20176|AZDF01000036.1_12	FLUB|CP047121.1_318
DSM20176|AZDF01000038.1_6	DSM20176|AZDF01000038.1_6
DSM20176|AZDF01000038.1_6	MGYG|ENA|CABKOL020000102|CABKOL020000102.1_318
DSM20176|AZDF01000038.1_6	FLUB|CP047121.1_1521
DSM20176|AZDF01000038.1_6	LH500|CP044119.1_1316
DSM20176|AZDF01000038.1_6	LMG07934|CP050262.1_1409
DSM20176|AZDF01000004.1_3	DSM20176|AZDF01000004.1_3
DSM20176|AZDF01000004.1_3	MGYG|ENA|CABKOL020000102|CABKOL020000102.1_547
DSM20176|AZDF01000004.1_3	FLUB|CP047121.1_1750
DSM20176|AZDF01000004.1_3	LMG07934|CP050262.1_1635
DSM20176|AZDF01000004.1_3	LH500|CP044119.1_1547
DSM20176|AZDF01000004.1_35	DSM20176|AZDF01000004.1_35
DSM20176|AZDF01000004.1_35	MGYG|ENA|CABKOL020000102|CABKOL020000102.1_515
DSM20176|AZDF01000004.1_35	FLUB|CP047121.1_1718
DSM20176|AZDF01000004.1_35	LMG07934|CP050262.1_1603
DSM20176|AZDF01000004.1_35	LH500|CP044119.1_1515
DSM20176|AZDF01000004.1_67	DSM20176|AZDF01000004.1_67
DSM20176|AZDF01000004.1_67	MGYG|ENA|CABKOL020000102|CABKOL020000102.1_483
DSM20176|AZDF01000004.1_67	FLUB|CP047121.1_1686
DSM20176|AZDF01000004.1_67	LMG07934|CP050262.1_1571
DSM20176|AZDF01000004.1_67	LH500|CP044119.1_1483
DSM20176|AZDF01000004.1_99	DSM20176|AZDF01000004.1_99
DSM20176|AZDF01000004.1_99	MGYG|ENA|CABKOL020000102|CABKOL020000102.1_452
DSM20176|AZDF01000004.1_99	FLUB|CP047121.1_1655
DSM20176|AZDF01000004.1_99	LMG07934|CP050262.1_1540
DSM20176|AZDF01000004.1_99	LH500|CP044119.1_1451
DSM20176|AZDF01000043.1_4	DSM20176|AZDF01000043.1_4
DSM20176|AZDF01000043.1_4	LMG07934|CP050262.1_2520
DSM20176|AZDF01000043.1_4	MGYG|ENA|CABKOL020000106|CABKOL020000106.1_58
DSM20176|AZDF01000043.1_4	LH500|CP044119.1_2401
DSM20176|AZDF01000043.1_4	FLUB|CP047121.1_2642
DSM20176|AZDF01000046.1_1	DSM20176|AZDF01000046.1_1
DSM20176|AZDF01000056.1_1	DSM20176|AZDF01000056.1_1
DSM20176|AZDF01000056.1_1	LMG07934|CP050262.1_715
DSM20176|AZDF01000056.1_1	FLUB|CP047121.1_878
DSM20176|AZDF01000056.1_1	LH500|CP044119.1_678
DSM20176|AZDF01000056.1_1	MGYG|ENA|CABKOL020000106|CABKOL020000106.1_1093
DSM20176|AZDF01000059.1_8	DSM20176|AZDF01000059.1_8
DSM20176|AZDF01000060.1_8	DSM20176|AZDF01000060.1_8
DSM20176|AZDF01000060.1_8	MGYG|ENA|CABKOL020000102|CABKOL020000102.1_5
DSM20176|AZDF01000060.1_8	LMG07934|CP050262.1_1020
DSM20176|AZDF01000060.1_8	LH500|CP044119.1_997
DSM20176|AZDF01000060.1_8	FLUB|CP047121.1_1211
DSM20176|AZDF01000008.1_45	DSM20176|AZDF01000008.1_45
DSM20176|AZDF01000008.1_45	MGYG|ENA|CABKOL020000102|CABKOL020000102.1_384
DSM20176|AZDF01000008.1_45	FLUB|CP047121.1_1587
DSM20176|AZDF01000008.1_45	LH500|CP044119.1_1381
DSM20176|AZDF01000008.1_45	LMG07934|CP050262.1_1472
DSM20176|AZDF01000009.1_80	DSM20176|AZDF01000009.1_80
DSM20176|AZDF01000009.1_80	LH500|CP044119.1_2197
FLUB|CP047121.1_9	FLUB|CP047121.1_9
FLUB|CP047121.1_9	MGYG|ENA|CABKOL020000106|CABKOL020000106.1_283
FLUB|CP047121.1_9	LH500|CP044119.1_10
FLUB|CP047121.1_9	DSM20176|AZDF01000006.1_112
FLUB|CP047121.1_9	LMG07934|CP050262.1_9
FLUB|CP047121.1_41	FLUB|CP047121.1_41
FLUB|CP047121.1_41	DSM20176|AZDF01000006.1_64
FLUB|CP047121.1_41	LH500|CP044119.1_59
FLUB|CP047121.1_41	MGYG|ENA|CABKOL020000106|CABKOL020000106.1_315
FLUB|CP047121.1_41	LMG07934|CP050262.1_41
FLUB|CP047121.1_73	FLUB|CP047121.1_73
FLUB|CP047121.1_73	LMG07934|CP050262.1_55
FLUB|CP047121.1_73	MGYG|ENA|CABKOL020000106|CABKOL020000106.1_348
FLUB|CP047121.1_73	DSM20176|AZDF01000006.1_48
FLUB|CP047121.1_73	LH500|CP044119.1_75
FLUB|CP047121.1_105	FLUB|CP047121.1_105
FLUB|CP047121.1_105	LH500|CP044119.1_115
FLUB|CP047121.1_105	MGYG|ENA|CABKOL020000106|CABKOL020000106.1_380
FLUB|CP047121.1_105	DSM20176|AZDF01000006.1_8
FLUB|CP047121.1_105	LMG07934|CP050262.1_99
FLUB|CP047121.1_201	FLUB|CP047121.1_201
FLUB|CP047121.1_201	MGYG|ENA|CABKOL020000106|CABKOL020000106.1_476
FLUB|CP047121.1_201	LMG07934|CP050262.1_189
FLUB|CP047121.1_233	FLUB|CP047121.1_233
FLUB|CP047121.1_233	LMG07934|CP050262.1_211
FLUB|CP047121.1_233	MGYG|ENA|CABKOL020000106|CABKOL020000106.1_509
FLUB|CP047121.1_233	DSM20176|AZDF01000007.1_29
FLUB|CP047121.1_233	LH500|CP044119.1_231
FLUB|CP047121.1_393	FLUB|CP047121.1_393
FLUB|CP047121.1_393	LH500|CP044119.1_382
FLUB|CP047121.1_393	MGYG|ENA|CABKOL020000106|CABKOL020000106.1_669
FLUB|CP047121.1_393	DSM20176|AZDF01000035.1_12
FLUB|CP047121.1_393	LMG07934|CP050262.1_353
FLUB|CP047121.1_425	FLUB|CP047121.1_425
FLUB|CP047121.1_425	LH500|CP044119.1_415
FLUB|CP047121.1_425	MGYG|ENA|CABKOL020000106|CABKOL020000106.1_701
FLUB|CP047121.1_425	LMG07934|CP050262.1_389
FLUB|CP047121.1_425	DSM20176|AZDF01000003.1_104
FLUB|CP047121.1_489	FLUB|CP047121.1_489
FLUB|CP047121.1_489	LH500|CP044119.1_480
FLUB|CP047121.1_489	MGYG|ENA|CABKOL020000106|CABKOL020000106.1_765
FLUB|CP047121.1_489	LMG07934|CP050262.1_453
FLUB|CP047121.1_489	DSM20176|AZDF01000003.1_40
FLUB|CP047121.1_521	FLUB|CP047121.1_521
FLUB|CP047121.1_521	LH500|CP044119.1_512
FLUB|CP047121.1_521	MGYG|ENA|CABKOL020000106|CABKOL020000106.1_796
FLUB|CP047121.1_521	DSM20176|AZDF01000003.1_9
FLUB|CP047121.1_553	FLUB|CP047121.1_553
FLUB|CP047121.1_585	FLUB|CP047121.1_585
FLUB|CP047121.1_809	FLUB|CP047121.1_809
FLUB|CP047121.1_809	MGYG|ENA|CABKOL020000106|CABKOL020000106.1_1021
FLUB|CP047121.1_809	LMG07934|CP050262.1_642
FLUB|CP047121.1_905	FLUB|CP047121.1_905
FLUB|CP047121.1_905	LH500|CP044119.1_704
FLUB|CP047121.1_905	MGYG|ENA|CABKOL020000106|CABKOL020000106.1_1120
FLUB|CP047121.1_905	DSM20176|AZDF01000027.1_18
FLUB|CP047121.1_905	LMG07934|CP050262.1_740
FLUB|CP047121.1_969	FLUB|CP047121.1_969
FLUB|CP047121.1_969	DSM20176|AZDF01000031.1_21
FLUB|CP047121.1_969	LMG07934|CP050262.1_794
FLUB|CP047121.1_969	LH500|CP044119.1_769
FLUB|CP047121.1_969	MGYG|ENA|CABKOL020000106|CABKOL020000106.1_1186
FLUB|CP047121.1_1033	FLUB|CP047121.1_1033
FLUB|CP047121.1_1033	LH500|CP044119.1_830
FLUB|CP047121.1_1033	LMG07934|CP050262.1_857
FLUB|CP047121.1_1033	DSM20176|AZDF01000037.1_6
FLUB|CP047121.1_1033	MGYG|ENA|CABKOL020000106|CABKOL020000106.1_1251
MGYG|ENA|CABKOL020000102|CABKOL020000102.1_221	MGYG|ENA|CABKOL020000102|CABKOL020000102.1_221
MGYG|ENA|CABKOL020000102|CABKOL020000102.1_221	LMG07934|CP050262.1_1231
MGYG|ENA|CABKOL020000102|CABKOL020000102.1_221	LH500|CP044119.1_1209
MGYG|ENA|CABKOL020000102|CABKOL020000102.1_221	DSM20176|AZDF01000002.1_6
MGYG|ENA|CABKOL020000102|CABKOL020000102.1_221	FLUB|CP047121.1_1425
MGYG|ENA|CABKOL020000102|CABKOL020000102.1_253	MGYG|ENA|CABKOL020000102|CABKOL020000102.1_253
MGYG|ENA|CABKOL020000102|CABKOL020000102.1_253	DSM20176|AZDF01000018.1_22
MGYG|ENA|CABKOL020000102|CABKOL020000102.1_253	FLUB|CP047121.1_1456
MGYG|ENA|CABKOL020000102|CABKOL020000102.1_253	LH500|CP044119.1_1250
MGYG|ENA|CABKOL020000102|CABKOL020000102.1_253	LMG07934|CP050262.1_1343
MGYG|ENA|CABKOL020000102|CABKOL020000102.1_285	MGYG|ENA|CABKOL020000102|CABKOL020000102.1_285
MGYG|ENA|CABKOL020000102|CABKOL020000102.1_285	DSM20176|AZDF01000013.1_19
MGYG|ENA|CABKOL020000102|CABKOL020000102.1_285	FLUB|CP047121.1_1488
MGYG|ENA|CABKOL020000102|CABKOL020000102.1_285	LH500|CP044119.1_1282
MGYG|ENA|CABKOL020000102|CABKOL020000102.1_285	LMG07934|CP050262.1_1375
MGYG|ENA|CABKOL020000102|CABKOL020000102.1_349	MGYG|ENA|CABKOL020000102|CABKOL020000102.1_349
MGYG|ENA|CABKOL020000102|CABKOL020000102.1_349	DSM20176|AZDF01000008.1_76
MGYG|ENA|CABKOL020000102|CABKOL020000102.1_349	FLUB|CP047121.1_1552
MGYG|ENA|CABKOL020000102|CABKOL020000102.1_349	LH500|CP044119.1_1350
MGYG|ENA|CABKOL020000102|CABKOL020000102.1_349	LMG07934|CP050262.1_1440
MGYG|ENA|CABKOL020000102|CABKOL020000102.1_413	MGYG|ENA|CABKOL020000102|CABKOL020000102.1_413
MGYG|ENA|CABKOL020000102|CABKOL020000102.1_413	DSM20176|AZDF01000008.1_15
MGYG|ENA|CABKOL020000102|CABKOL020000102.1_413	FLUB|CP047121.1_1616
MGYG|ENA|CABKOL020000102|CABKOL020000102.1_413	LH500|CP044119.1_1411
MGYG|ENA|CABKOL020000102|CABKOL020000102.1_413	LMG07934|CP050262.1_1501
MGYG|ENA|CABKOL020000102|CABKOL020000102.1_445	MGYG|ENA|CABKOL020000102|CABKOL020000102.1_445
MGYG|ENA|CABKOL020000102|CABKOL020000102.1_445	DSM20176|AZDF01000004.1_106
MGYG|ENA|CABKOL020000102|CABKOL020000102.1_445	FLUB|CP047121.1_1648
MGYG|ENA|CABKOL020000102|CABKOL020000102.1_445	LMG07934|CP050262.1_1533
MGYG|ENA|CABKOL020000102|CABKOL020000102.1_445	LH500|CP044119.1_1444
MGYG|ENA|CABKOL020000102|CABKOL020000102.1_477	MGYG|ENA|CABKOL020000102|CABKOL020000102.1_477
MGYG|ENA|CABKOL020000102|CABKOL020000102.1_477	DSM20176|AZDF01000004.1_73
MGYG|ENA|CABKOL020000102|CABKOL020000102.1_477	FLUB|CP047121.1_1680
MGYG|ENA|CABKOL020000102|CABKOL020000102.1_477	LMG07934|CP050262.1_1565
MGYG|ENA|CABKOL020000102|CABKOL020000102.1_477	LH500|CP044119.1_1477
MGYG|ENA|CABKOL020000102|CABKOL020000102.1_509	MGYG|ENA|CABKOL020000102|CABKOL020000102.1_509
MGYG|ENA|CABKOL020000102|CABKOL020000102.1_509	DSM20176|AZDF01000004.1_41
MGYG|ENA|CABKOL020000102|CABKOL020000102.1_509	FLUB|CP047121.1_1712
MGYG|ENA|CABKOL020000102|CABKOL020000102.1_509	LMG07934|CP050262.1_1597
MGYG|ENA|CABKOL020000102|CABKOL020000102.1_509	LH500|CP044119.1_1509
MGYG|ENA|CABKOL020000102|CABKOL020000102.1_541	MGYG|ENA|CABKOL020000102|CABKOL020000102.1_541
MGYG|ENA|CABKOL020000102|CABKOL020000102.1_541	DSM20176|AZDF01000004.1_9
MGYG|ENA|CABKOL020000102|CABKOL020000102.1_541	FLUB|CP047121.1_1744
MGYG|ENA|CABKOL020000102|CABKOL020000102.1_541	LMG07934|CP050262.1_1629
MGYG|ENA|CABKOL020000102|CABKOL020000102.1_541	LH500|CP044119.1_1541
MGYG|ENA|CABKOL020000102|CABKOL020000102.1_605	MGYG|ENA|CABKOL020000102|CABKOL020000102.1_605
MGYG|ENA|CABKOL020000102|CABKOL020000102.1_605	DSM20176|AZDF01000025.1_12
MGYG|ENA|CABKOL020000102|CABKOL020000102.1_605	FLUB|CP047121.1_1808
MGYG|ENA|CABKOL020000102|CABKOL020000102.1_605	LMG07934|CP050262.1_1693
MGYG|ENA|CABKOL020000102|CABKOL020000102.1_605	LH500|CP044119.1_1604
MGYG|ENA|CABKOL020000102|CABKOL020000102.1_637	MGYG|ENA|CABKOL020000102|CABKOL020000102.1_637
MGYG|ENA|CABKOL020000102|CABKOL020000102.1_637	DSM20176|AZDF01000023.1_13
MGYG|ENA|CABKOL020000102|CABKOL020000102.1_637	FLUB|CP047121.1_1841
MGYG|ENA|CABKOL020000102|CABKOL020000102.1_637	LMG07934|CP050262.1_1724
MGYG|ENA|CABKOL020000102|CABKOL020000102.1_637	LH500|CP044119.1_1638
MGYG|ENA|CABKOL020000102|CABKOL020000102.1_669	MGYG|ENA|CABKOL020000102|CABKOL020000102.1_669
MGYG|ENA|CABKOL020000102|CABKOL020000102.1_669	FLUB|CP047121.1_1872
MGYG|ENA|CABKOL020000102|CABKOL020000102.1_669	LMG07934|CP050262.1_1756
MGYG|ENA|CABKOL020000102|CABKOL020000102.1_669	LH500|CP044119.1_1699
MGYG|ENA|CABKOL020000102|CABKOL020000102.1_669	DSM20176|AZDF01000014.1_16
MGYG|ENA|CABKOL020000104|CABKOL020000104.1_129	MGYG|ENA|CABKOL020000104|CABKOL020000104.1_129
MGYG|ENA|CABKOL020000104|CABKOL020000104.1_129	LH500|CP044119.1_2170
MGYG|ENA|CABKOL020000104|CABKOL020000104.1_129	DSM20176|AZDF01000020.1_27
MGYG|ENA|CABKOL020000104|CABKOL020000104.1_129	LMG07934|CP050262.1_2266
MGYG|ENA|CABKOL020000104|CABKOL020000104.1_129	FLUB|CP047121.1_2454
MGYG|ENA|CABKOL020000104|CABKOL020000104.1_193	MGYG|ENA|CABKOL020000104|CABKOL020000104.1_193
MGYG|ENA|CABKOL020000104|CABKOL020000104.1_193	LMG07934|CP050262.1_2203
MGYG|ENA|CABKOL020000104|CABKOL020000104.1_193	FLUB|CP047121.1_2392
MGYG|ENA|CABKOL020000104|CABKOL020000104.1_193	DSM20176|AZDF01000033.1_8
MGYG|ENA|CABKOL020000104|CABKOL020000104.1_257	MGYG|ENA|CABKOL020000104|CABKOL020000104.1_257
MGYG|ENA|CABKOL020000104|CABKOL020000104.1_257	LMG07934|CP050262.1_2136
MGYG|ENA|CABKOL020000104|CABKOL020000104.1_257	FLUB|CP047121.1_2328
MGYG|ENA|CABKOL020000104|CABKOL020000104.1_289	MGYG|ENA|CABKOL020000104|CABKOL020000104.1_289
MGYG|ENA|CABKOL020000104|CABKOL020000104.1_289	LMG07934|CP050262.1_2109
MGYG|ENA|CABKOL020000104|CABKOL020000104.1_289	FLUB|CP047121.1_2296
MGYG|ENA|CABKOL020000104|CABKOL020000104.1_353	MGYG|ENA|CABKOL020000104|CABKOL020000104.1_353
MGYG|ENA|CABKOL020000104|CABKOL020000104.1_353	LH500|CP044119.1_2050
MGYG|ENA|CABKOL020000104|CABKOL020000104.1_353	FLUB|CP047121.1_2232
MGYG|ENA|CABKOL020000104|CABKOL020000104.1_353	DSM20176|AZDF01000001.1_195
MGYG|ENA|CABKOL020000104|CABKOL020000104.1_353	LMG07934|CP050262.1_2053
MGYG|ENA|CABKOL020000104|CABKOL020000104.1_385	MGYG|ENA|CABKOL020000104|CABKOL020000104.1_385
MGYG|ENA|CABKOL020000104|CABKOL020000104.1_385	LH500|CP044119.1_2019
MGYG|ENA|CABKOL020000104|CABKOL020000104.1_385	FLUB|CP047121.1_2200
MGYG|ENA|CABKOL020000104|CABKOL020000104.1_385	DSM20176|AZDF01000001.1_165
MGYG|ENA|CABKOL020000104|CABKOL020000104.1_385	LMG07934|CP050262.1_2022
MGYG|ENA|CABKOL020000104|CABKOL020000104.1_417	MGYG|ENA|CABKOL020000104|CABKOL020000104.1_417
MGYG|ENA|CABKOL020000104|CABKOL020000104.1_417	LH500|CP044119.1_1986
MGYG|ENA|CABKOL020000104|CABKOL020000104.1_417	FLUB|CP047121.1_2168
MGYG|ENA|CABKOL020000104|CABKOL020000104.1_417	DSM20176|AZDF01000001.1_132
MGYG|ENA|CABKOL020000104|CABKOL020000104.1_417	LMG07934|CP050262.1_1989
MGYG|ENA|CABKOL020000104|CABKOL020000104.1_449	MGYG|ENA|CABKOL020000104|CABKOL020000104.1_449
MGYG|ENA|CABKOL020000104|CABKOL020000104.1_449	LH500|CP044119.1_1955
MGYG|ENA|CABKOL020000104|CABKOL020000104.1_449	FLUB|CP047121.1_2136
MGYG|ENA|CABKOL020000104|CABKOL020000104.1_449	DSM20176|AZDF01000001.1_101
MGYG|ENA|CABKOL020000104|CABKOL020000104.1_449	LMG07934|CP050262.1_1958
MGYG|ENA|CABKOL020000104|CABKOL020000104.1_481	MGYG|ENA|CABKOL020000104|CABKOL020000104.1_481
MGYG|ENA|CABKOL020000104|CABKOL020000104.1_481	LH500|CP044119.1_1923
MGYG|ENA|CABKOL020000104|CABKOL020000104.1_481	FLUB|CP047121.1_2104
MGYG|ENA|CABKOL020000104|CABKOL020000104.1_481	DSM20176|AZDF01000001.1_69
MGYG|ENA|CABKOL020000104|CABKOL020000104.1_481	LMG07934|CP050262.1_1926
MGYG|ENA|CABKOL020000104|CABKOL020000104.1_513	MGYG|ENA|CABKOL020000104|CABKOL020000104.1_513
MGYG|ENA|CABKOL020000104|CABKOL020000104.1_513	LH500|CP044119.1_1891
MGYG|ENA|CABKOL020000104|CABKOL020000104.1_513	FLUB|CP047121.1_2072
MGYG|ENA|CABKOL020000104|CABKOL020000104.1_513	DSM20176|AZDF01000001.1_37
MGYG|ENA|CABKOL020000104|CABKOL020000104.1_513	LMG07934|CP050262.1_1894
MGYG|ENA|CABKOL020000104|CABKOL020000104.1_545	MGYG|ENA|CABKOL020000104|CABKOL020000104.1_545
MGYG|ENA|CABKOL020000104|CABKOL020000104.1_545	LH500|CP044119.1_1858
MGYG|ENA|CABKOL020000104|CABKOL020000104.1_545	FLUB|CP047121.1_2040
MGYG|ENA|CABKOL020000104|CABKOL020000104.1_545	DSM20176|AZDF01000001.1_6
MGYG|ENA|CABKOL020000104|CABKOL020000104.1_545	LMG07934|CP050262.1_1863
MGYG|ENA|CABKOL020000105|CABKOL020000105.1_27	MGYG|ENA|CABKOL020000105|CABKOL020000105.1_27
MGYG|ENA|CABKOL020000106|CABKOL020000106.1_18	MGYG|ENA|CABKOL020000106|CABKOL020000106.1_18
MGYG|ENA|CABKOL020000106|CABKOL020000106.1_18	DSM20176|AZDF01000021.1_18
MGYG|ENA|CABKOL020000106|CABKOL020000106.1_18	FLUB|CP047121.1_2602
MGYG|ENA|CABKOL020000106|CABKOL020000106.1_18	LMG07934|CP050262.1_2491
MGYG|ENA|CABKOL020000106|CABKOL020000106.1_18	LH500|CP044119.1_2376
MGYG|ENA|CABKOL020000106|CABKOL020000106.1_146	MGYG|ENA|CABKOL020000106|CABKOL020000106.1_146
MGYG|ENA|CABKOL020000106|CABKOL020000106.1_146	FLUB|CP047121.1_2732
MGYG|ENA|CABKOL020000106|CABKOL020000106.1_146	LMG07934|CP050262.1_2583
MGYG|ENA|CABKOL020000106|CABKOL020000106.1_146	LH500|CP044119.1_2462
MGYG|ENA|CABKOL020000106|CABKOL020000106.1_146	DSM20176|AZDF01000022.1_2
MGYG|ENA|CABKOL020000106|CABKOL020000106.1_178	MGYG|ENA|CABKOL020000106|CABKOL020000106.1_178
MGYG|ENA|CABKOL020000106|CABKOL020000106.1_178	FLUB|CP047121.1_2765
MGYG|ENA|CABKOL020000106|CABKOL020000106.1_178	LMG07934|CP050262.1_2615
MGYG|ENA|CABKOL020000106|CABKOL020000106.1_274	MGYG|ENA|CABKOL020000106|CABKOL020000106.1_274
MGYG|ENA|CABKOL020000106|CABKOL020000106.1_274	LH500|CP044119.1_2587
MGYG|ENA|CABKOL020000106|CABKOL020000106.1_274	FLUB|CP047121.1_2861
MGYG|ENA|CABKOL020000106|CABKOL020000106.1_274	LMG07934|CP050262.1_2713
MGYG|ENA|CABKOL020000106|CABKOL020000106.1_274	DSM20176|AZDF01000024.1_31
MGYG|ENA|CABKOL020000106|CABKOL020000106.1_434	MGYG|ENA|CABKOL020000106|CABKOL020000106.1_434
MGYG|ENA|CABKOL020000106|CABKOL020000106.1_434	LMG07934|CP050262.1_147
MGYG|ENA|CABKOL020000106|CABKOL020000106.1_434	DSM20176|AZDF01000007.1_92
MGYG|ENA|CABKOL020000106|CABKOL020000106.1_434	LH500|CP044119.1_168
MGYG|ENA|CABKOL020000106|CABKOL020000106.1_434	FLUB|CP047121.1_160
MGYG|ENA|CABKOL020000106|CABKOL020000106.1_466	MGYG|ENA|CABKOL020000106|CABKOL020000106.1_466
MGYG|ENA|CABKOL020000106|CABKOL020000106.1_466	LMG07934|CP050262.1_179
MGYG|ENA|CABKOL020000106|CABKOL020000106.1_466	DSM20176|AZDF01000007.1_61
MGYG|ENA|CABKOL020000106|CABKOL020000106.1_466	LH500|CP044119.1_199
MGYG|ENA|CABKOL020000106|CABKOL020000106.1_466	FLUB|CP047121.1_191
MGYG|ENA|CABKOL020000106|CABKOL020000106.1_626	MGYG|ENA|CABKOL020000106|CABKOL020000106.1_626
MGYG|ENA|CABKOL020000106|CABKOL020000106.1_626	LMG07934|CP050262.1_331
MGYG|ENA|CABKOL020000106|CABKOL020000106.1_626	DSM20176|AZDF01000029.1_11
MGYG|ENA|CABKOL020000106|CABKOL020000106.1_626	LH500|CP044119.1_359
MGYG|ENA|CABKOL020000106|CABKOL020000106.1_626	FLUB|CP047121.1_349
MGYG|ENA|CABKOL020000106|CABKOL020000106.1_754	MGYG|ENA|CABKOL020000106|CABKOL020000106.1_754
MGYG|ENA|CABKOL020000106|CABKOL020000106.1_754	LH500|CP044119.1_470
MGYG|ENA|CABKOL020000106|CABKOL020000106.1_754	DSM20176|AZDF01000003.1_50
MGYG|ENA|CABKOL020000106|CABKOL020000106.1_754	LMG07934|CP050262.1_440
MGYG|ENA|CABKOL020000106|CABKOL020000106.1_754	FLUB|CP047121.1_478
MGYG|ENA|CABKOL020000106|CABKOL020000106.1_786	MGYG|ENA|CABKOL020000106|CABKOL020000106.1_786
MGYG|ENA|CABKOL020000106|CABKOL020000106.1_786	DSM20176|AZDF01000003.1_19
MGYG|ENA|CABKOL020000106|CABKOL020000106.1_786	LMG07934|CP050262.1_476
MGYG|ENA|CABKOL020000106|CABKOL020000106.1_786	FLUB|CP047121.1_511
MGYG|ENA|CABKOL020000106|CABKOL020000106.1_946	MGYG|ENA|CABKOL020000106|CABKOL020000106.1_946
MGYG|ENA|CABKOL020000106|CABKOL020000106.1_946	FLUB|CP047121.1_733
MGYG|ENA|CABKOL020000106|CABKOL020000106.1_978	MGYG|ENA|CABKOL020000106|CABKOL020000106.1_978
MGYG|ENA|CABKOL020000106|CABKOL020000106.1_978	LMG07934|CP050262.1_597
MGYG|ENA|CABKOL020000106|CABKOL020000106.1_978	FLUB|CP047121.1_766
MGYG|ENA|CABKOL020000106|CABKOL020000106.1_1170	MGYG|ENA|CABKOL020000106|CABKOL020000106.1_1170
MGYG|ENA|CABKOL020000106|CABKOL020000106.1_1170	FLUB|CP047121.1_953
MGYG|ENA|CABKOL020000106|CABKOL020000106.1_1170	DSM20176|AZDF01000031.1_4
MGYG|ENA|CABKOL020000106|CABKOL020000106.1_1170	LMG07934|CP050262.1_776
MGYG|ENA|CABKOL020000106|CABKOL020000106.1_1170	LH500|CP044119.1_752
MGYG|ENA|CABKOL020000106|CABKOL020000106.1_1234	MGYG|ENA|CABKOL020000106|CABKOL020000106.1_1234
MGYG|ENA|CABKOL020000106|CABKOL020000106.1_1234	DSM20176|AZDF01000016.1_11
MGYG|ENA|CABKOL020000106|CABKOL020000106.1_1234	FLUB|CP047121.1_1016
MGYG|ENA|CABKOL020000106|CABKOL020000106.1_1234	LH500|CP044119.1_815
MGYG|ENA|CABKOL020000106|CABKOL020000106.1_1234	LMG07934|CP050262.1_841
MGYG|ENA|CABKOL020000106|CABKOL020000106.1_1266	MGYG|ENA|CABKOL020000106|CABKOL020000106.1_1266
MGYG|ENA|CABKOL020000106|CABKOL020000106.1_1298	MGYG|ENA|CABKOL020000106|CABKOL020000106.1_1298
MGYG|ENA|CABKOL020000106|CABKOL020000106.1_1298	DSM20176|AZDF01000030.1_15
MGYG|ENA|CABKOL020000106|CABKOL020000106.1_1298	LH500|CP044119.1_861
MGYG|ENA|CABKOL020000106|CABKOL020000106.1_1298	LMG07934|CP050262.1_888
MGYG|ENA|CABKOL020000106|CABKOL020000106.1_1298	FLUB|CP047121.1_1078
DSM20176|AZDF01000010.1_22	DSM20176|AZDF01000010.1_22
DSM20176|AZDF01000010.1_22	FLUB|CP047121.1_620
DSM20176|AZDF01000010.1_22	LH500|CP044119.1_542
DSM20176|AZDF01000010.1_22	MGYG|ENA|CABKOL020000106|CABKOL020000106.1_829
DSM20176|AZDF01000010.1_22	LMG07934|CP050262.1_518
DSM20176|AZDF01000011.1_41	DSM20176|AZDF01000011.1_41
DSM20176|AZDF01000011.1_41	FLUB|CP047121.1_2569
DSM20176|AZDF01000011.1_41	LMG07934|CP050262.1_2455
DSM20176|AZDF01000011.1_41	MGYG|ENA|CABKOL020000104|CABKOL020000104.1_15
DSM20176|AZDF01000011.1_41	LH500|CP044119.1_2344
DSM20176|AZDF01000014.1_3	DSM20176|AZDF01000014.1_3
DSM20176|AZDF01000014.1_3	LH500|CP044119.1_1686
DSM20176|AZDF01000015.1_19	DSM20176|AZDF01000015.1_19
DSM20176|AZDF01000015.1_19	LMG07934|CP050262.1_2563
DSM20176|AZDF01000015.1_19	LH500|CP044119.1_2442
DSM20176|AZDF01000015.1_19	MGYG|ENA|CABKOL020000106|CABKOL020000106.1_104
DSM20176|AZDF01000015.1_19	FLUB|CP047121.1_2688
FLUB|CP047121.1_71	FLUB|CP047121.1_71
FLUB|CP047121.1_71	LMG07934|CP050262.1_53
FLUB|CP047121.1_71	MGYG|ENA|CABKOL020000106|CABKOL020000106.1_346
FLUB|CP047121.1_71	LH500|CP044119.1_73
FLUB|CP047121.1_71	DSM20176|AZDF01000006.1_50
FLUB|CP047121.1_167	FLUB|CP047121.1_167
FLUB|CP047121.1_167	DSM20176|AZDF01000007.1_85
FLUB|CP047121.1_167	MGYG|ENA|CABKOL020000106|CABKOL020000106.1_441
FLUB|CP047121.1_167	LMG07934|CP050262.1_154
FLUB|CP047121.1_167	LH500|CP044119.1_175
FLUB|CP047121.1_199	FLUB|CP047121.1_199
FLUB|CP047121.1_199	DSM20176|AZDF01000007.1_52
FLUB|CP047121.1_199	MGYG|ENA|CABKOL020000106|CABKOL020000106.1_474
FLUB|CP047121.1_199	LMG07934|CP050262.1_187
FLUB|CP047121.1_199	LH500|CP044119.1_208
FLUB|CP047121.1_231	FLUB|CP047121.1_231
FLUB|CP047121.1_231	LMG07934|CP050262.1_209
FLUB|CP047121.1_231	MGYG|ENA|CABKOL020000106|CABKOL020000106.1_507
FLUB|CP047121.1_231	LH500|CP044119.1_229
FLUB|CP047121.1_231	DSM20176|AZDF01000007.1_31
FLUB|CP047121.1_391	FLUB|CP047121.1_391
FLUB|CP047121.1_391	LH500|CP044119.1_380
FLUB|CP047121.1_391	MGYG|ENA|CABKOL020000106|CABKOL020000106.1_667
FLUB|CP047121.1_391	DSM20176|AZDF01000035.1_10
FLUB|CP047121.1_391	LMG07934|CP050262.1_351
FLUB|CP047121.1_551	FLUB|CP047121.1_551
FLUB|CP047121.1_583	FLUB|CP047121.1_583
FLUB|CP047121.1_615	FLUB|CP047121.1_615
FLUB|CP047121.1_903	FLUB|CP047121.1_903
FLUB|CP047121.1_903	MGYG|ENA|CABKOL020000106|CABKOL020000106.1_1118
FLUB|CP047121.1_903	LMG07934|CP050262.1_738
FLUB|CP047121.1_967	FLUB|CP047121.1_967
FLUB|CP047121.1_967	DSM20176|AZDF01000031.1_19
FLUB|CP047121.1_967	LMG07934|CP050262.1_792
FLUB|CP047121.1_967	LH500|CP044119.1_767
FLUB|CP047121.1_967	MGYG|ENA|CABKOL020000106|CABKOL020000106.1_1184
FLUB|CP047121.1_999	FLUB|CP047121.1_999
FLUB|CP047121.1_999	LMG07934|CP050262.1_824
FLUB|CP047121.1_999	LH500|CP044119.1_799
FLUB|CP047121.1_999	MGYG|ENA|CABKOL020000106|CABKOL020000106.1_1216
FLUB|CP047121.1_999	DSM20176|AZDF01000016.1_28
FLUB|CP047121.1_1031	FLUB|CP047121.1_1031
FLUB|CP047121.1_1031	LH500|CP044119.1_828
FLUB|CP047121.1_1031	LMG07934|CP050262.1_855
FLUB|CP047121.1_1031	DSM20176|AZDF01000037.1_4
FLUB|CP047121.1_1031	MGYG|ENA|CABKOL020000106|CABKOL020000106.1_1249
FLUB|CP047121.1_1063	FLUB|CP047121.1_1063
FLUB|CP047121.1_1063	MGYG|ENA|CABKOL020000106|CABKOL020000106.1_1283
FLUB|CP047121.1_1063	DSM20176|AZDF01000030.1_1
FLUB|CP047121.1_1063	LH500|CP044119.1_847
FLUB|CP047121.1_1063	LMG07934|CP050262.1_873
FLUB|CP047121.1_1159	FLUB|CP047121.1_1159
FLUB|CP047121.1_1159	DSM20176|AZDF01000005.1_47
FLUB|CP047121.1_1159	MGYG|ENA|CABKOL020000095|CABKOL020000095.1_67
FLUB|CP047121.1_1159	LH500|CP044119.1_941
FLUB|CP047121.1_1159	LMG07934|CP050262.1_968
FLUB|CP047121.1_1287	FLUB|CP047121.1_1287
FLUB|CP047121.1_1287	DSM20176|AZDF01000002.1_142
FLUB|CP047121.1_1287	MGYG|ENA|CABKOL020000102|CABKOL020000102.1_82
FLUB|CP047121.1_1287	LMG07934|CP050262.1_1095
FLUB|CP047121.1_1287	LH500|CP044119.1_1072
FLUB|CP047121.1_1319	FLUB|CP047121.1_1319
FLUB|CP047121.1_1319	DSM20176|AZDF01000002.1_110
FLUB|CP047121.1_1319	MGYG|ENA|CABKOL020000102|CABKOL020000102.1_114
FLUB|CP047121.1_1319	LMG07934|CP050262.1_1127
FLUB|CP047121.1_1319	LH500|CP044119.1_1104
FLUB|CP047121.1_1383	FLUB|CP047121.1_1383
FLUB|CP047121.1_1383	DSM20176|AZDF01000002.1_47
FLUB|CP047121.1_1383	LMG07934|CP050262.1_1189
FLUB|CP047121.1_1383	MGYG|ENA|CABKOL020000102|CABKOL020000102.1_178
FLUB|CP047121.1_1383	LH500|CP044119.1_1167
FLUB|CP047121.1_1415	FLUB|CP047121.1_1415
FLUB|CP047121.1_1415	DSM20176|AZDF01000002.1_16
FLUB|CP047121.1_1415	LMG07934|CP050262.1_1221
FLUB|CP047121.1_1415	MGYG|ENA|CABKOL020000102|CABKOL020000102.1_211
FLUB|CP047121.1_1415	LH500|CP044119.1_1199
FLUB|CP047121.1_1479	FLUB|CP047121.1_1479
FLUB|CP047121.1_1479	LH500|CP044119.1_1273
FLUB|CP047121.1_1479	LMG07934|CP050262.1_1366
FLUB|CP047121.1_1479	MGYG|ENA|CABKOL020000102|CABKOL020000102.1_276
FLUB|CP047121.1_1479	DSM20176|AZDF01000013.1_10
FLUB|CP047121.1_1543	FLUB|CP047121.1_1543
FLUB|CP047121.1_1543	LH500|CP044119.1_1338
FLUB|CP047121.1_1543	LMG07934|CP050262.1_1430
FLUB|CP047121.1_1543	DSM20176|AZDF01000047.1_5
FLUB|CP047121.1_1543	MGYG|ENA|CABKOL020000102|CABKOL020000102.1_340
FLUB|CP047121.1_1607	FLUB|CP047121.1_1607
FLUB|CP047121.1_1607	LH500|CP044119.1_1402
FLUB|CP047121.1_1607	LMG07934|CP050262.1_1492
FLUB|CP047121.1_1607	DSM20176|AZDF01000008.1_24
FLUB|CP047121.1_1607	MGYG|ENA|CABKOL020000102|CABKOL020000102.1_404
FLUB|CP047121.1_1639	FLUB|CP047121.1_1639
FLUB|CP047121.1_1639	LMG07934|CP050262.1_1524
FLUB|CP047121.1_1639	LH500|CP044119.1_1435
FLUB|CP047121.1_1639	DSM20176|AZDF01000004.1_115
FLUB|CP047121.1_1639	MGYG|ENA|CABKOL020000102|CABKOL020000102.1_436
FLUB|CP047121.1_1671	FLUB|CP047121.1_1671
FLUB|CP047121.1_1671	LMG07934|CP050262.1_1556
FLUB|CP047121.1_1671	LH500|CP044119.1_1468
FLUB|CP047121.1_1671	DSM20176|AZDF01000004.1_82
FLUB|CP047121.1_1671	MGYG|ENA|CABKOL020000102|CABKOL020000102.1_468
FLUB|CP047121.1_1703	FLUB|CP047121.1_1703
FLUB|CP047121.1_1703	LMG07934|CP050262.1_1588
FLUB|CP047121.1_1703	LH500|CP044119.1_1500
FLUB|CP047121.1_1703	DSM20176|AZDF01000004.1_50
FLUB|CP047121.1_1703	MGYG|ENA|CABKOL020000102|CABKOL020000102.1_500
FLUB|CP047121.1_1735	FLUB|CP047121.1_1735
FLUB|CP047121.1_1735	LMG07934|CP050262.1_1621
FLUB|CP047121.1_1735	LH500|CP044119.1_1533
FLUB|CP047121.1_1735	DSM20176|AZDF01000004.1_17
FLUB|CP047121.1_1735	MGYG|ENA|CABKOL020000102|CABKOL020000102.1_532
FLUB|CP047121.1_1767	FLUB|CP047121.1_1767
FLUB|CP047121.1_1767	LMG07934|CP050262.1_1652
FLUB|CP047121.1_1767	DSM20176|AZDF01000017.1_28
FLUB|CP047121.1_1767	LH500|CP044119.1_1564
FLUB|CP047121.1_1767	MGYG|ENA|CABKOL020000102|CABKOL020000102.1_564
FLUB|CP047121.1_1863	FLUB|CP047121.1_1863
FLUB|CP047121.1_1863	LMG07934|CP050262.1_1746
FLUB|CP047121.1_1863	LH500|CP044119.1_1689
FLUB|CP047121.1_1863	DSM20176|AZDF01000014.1_6
FLUB|CP047121.1_1863	MGYG|ENA|CABKOL020000102|CABKOL020000102.1_659
FLUB|CP047121.1_1927	FLUB|CP047121.1_1927
FLUB|CP047121.1_1959	FLUB|CP047121.1_1959
FLUB|CP047121.1_1991	FLUB|CP047121.1_1991
FLUB|CP047121.1_1991	LH500|CP044119.1_1759
FLUB|CP047121.1_1991	LMG07934|CP050262.1_1817
FLUB|CP047121.1_1991	MGYG|ENA|CABKOL020000099|CABKOL020000099.1_44
FLUB|CP047121.1_1991	DSM20176|AZDF01000012.1_24
FLUB|CP047121.1_2055	FLUB|CP047121.1_2055
FLUB|CP047121.1_2055	DSM20176|AZDF01000001.1_21
FLUB|CP047121.1_2055	LMG07934|CP050262.1_1878
FLUB|CP047121.1_2055	MGYG|ENA|CABKOL020000104|CABKOL020000104.1_530
FLUB|CP047121.1_2343	FLUB|CP047121.1_2343
FLUB|CP047121.1_2343	MGYG|ENA|CABKOL020000104|CABKOL020000104.1_242
FLUB|CP047121.1_2343	LMG07934|CP050262.1_2152
FLUB|CP047121.1_2375	FLUB|CP047121.1_2375
FLUB|CP047121.1_2375	DSM20176|AZDF01000073.1_3
FLUB|CP047121.1_2375	LH500|CP044119.1_2084
FLUB|CP047121.1_2375	MGYG|ENA|CABKOL020000104|CABKOL020000104.1_210
FLUB|CP047121.1_2375	LMG07934|CP050262.1_2185
FLUB|CP047121.1_2567	FLUB|CP047121.1_2567
FLUB|CP047121.1_2567	DSM20176|AZDF01000011.1_39
FLUB|CP047121.1_2567	LMG07934|CP050262.1_2453
FLUB|CP047121.1_2567	LH500|CP044119.1_2342
FLUB|CP047121.1_2567	MGYG|ENA|CABKOL020000104|CABKOL020000104.1_17
FLUB|CP047121.1_2599	FLUB|CP047121.1_2599
FLUB|CP047121.1_2663	FLUB|CP047121.1_2663
FLUB|CP047121.1_2663	LMG07934|CP050262.1_2379
FLUB|CP047121.1_2663	MGYG|ENA|CABKOL020000106|CABKOL020000106.1_79
FLUB|CP047121.1_2695	FLUB|CP047121.1_2695
FLUB|CP047121.1_2695	MGYG|ENA|CABKOL020000106|CABKOL020000106.1_111
FLUB|CP047122.1_26	FLUB|CP047122.1_26
FLUB|CP047123.1_10	FLUB|CP047123.1_10
FLUB|CP047124.1_3	FLUB|CP047124.1_3
LMG07934|CP050262.1_240	LMG07934|CP050262.1_240
LMG07934|CP050262.1_304	LMG07934|CP050262.1_304
LMG07934|CP050262.1_304	MGYG|ENA|CABKOL020000106|CABKOL020000106.1_593
LMG07934|CP050262.1_304	DSM20176|AZDF01000036.1_14
LMG07934|CP050262.1_304	LH500|CP044119.1_329
LMG07934|CP050262.1_304	FLUB|CP047121.1_316
LMG07934|CP050262.1_368	LMG07934|CP050262.1_368
LMG07934|CP050262.1_400	LMG07934|CP050262.1_400
LMG07934|CP050262.1_464	LMG07934|CP050262.1_464
LMG07934|CP050262.1_464	FLUB|CP047121.1_499
LMG07934|CP050262.1_464	DSM20176|AZDF01000003.1_30
LMG07934|CP050262.1_464	LH500|CP044119.1_490
LMG07934|CP050262.1_464	MGYG|ENA|CABKOL020000106|CABKOL020000106.1_775
LMG07934|CP050262.1_560	LMG07934|CP050262.1_560
LMG07934|CP050262.1_560	DSM20176|AZDF01000010.1_63
LMG07934|CP050262.1_560	LH500|CP044119.1_583
LMG07934|CP050262.1_688	LMG07934|CP050262.1_688
LMG07934|CP050262.1_720	LMG07934|CP050262.1_720
LMG07934|CP050262.1_720	FLUB|CP047121.1_881
LMG07934|CP050262.1_720	DSM20176|AZDF01000068.1_3
LMG07934|CP050262.1_720	LH500|CP044119.1_682
LMG07934|CP050262.1_720	MGYG|ENA|CABKOL020000106|CABKOL020000106.1_1096
LMG07934|CP050262.1_752	LMG07934|CP050262.1_752
LMG07934|CP050262.1_848	LMG07934|CP050262.1_848
LMG07934|CP050262.1_1200	LMG07934|CP050262.1_1200
LMG07934|CP050262.1_1200	MGYG|ENA|CABKOL020000102|CABKOL020000102.1_189
LMG07934|CP050262.1_1200	DSM20176|AZDF01000002.1_37
LMG07934|CP050262.1_1200	LH500|CP044119.1_1178
LMG07934|CP050262.1_1200	FLUB|CP047121.1_1394
LMG07934|CP050262.1_1232	LMG07934|CP050262.1_1232
LMG07934|CP050262.1_1232	DSM20176|AZDF01000002.1_5
LMG07934|CP050262.1_1232	MGYG|ENA|CABKOL020000102|CABKOL020000102.1_222
LMG07934|CP050262.1_1232	LH500|CP044119.1_1210
LMG07934|CP050262.1_1232	FLUB|CP047121.1_1426
LMG07934|CP050262.1_1264	LMG07934|CP050262.1_1264
LMG07934|CP050262.1_1296	LMG07934|CP050262.1_1296
LMG07934|CP050262.1_1456	LMG07934|CP050262.1_1456
LMG07934|CP050262.1_1520	LMG07934|CP050262.1_1520
LMG07934|CP050262.1_1520	FLUB|CP047121.1_1635
LMG07934|CP050262.1_1520	LH500|CP044119.1_1431
LMG07934|CP050262.1_1520	MGYG|ENA|CABKOL020000102|CABKOL020000102.1_432
LMG07934|CP050262.1_1520	DSM20176|AZDF01000004.1_119
LMG07934|CP050262.1_1552	LMG07934|CP050262.1_1552
LMG07934|CP050262.1_1552	FLUB|CP047121.1_1667
LMG07934|CP050262.1_1552	LH500|CP044119.1_1464
LMG07934|CP050262.1_1552	MGYG|ENA|CABKOL020000102|CABKOL020000102.1_464
LMG07934|CP050262.1_1552	DSM20176|AZDF01000004.1_86
LMG07934|CP050262.1_1712	LMG07934|CP050262.1_1712
LMG07934|CP050262.1_1712	FLUB|CP047121.1_1829
LMG07934|CP050262.1_1712	LH500|CP044119.1_1626
LMG07934|CP050262.1_1712	MGYG|ENA|CABKOL020000102|CABKOL020000102.1_625
LMG07934|CP050262.1_1712	DSM20176|AZDF01000023.1_1
LMG07934|CP050262.1_2192	LMG07934|CP050262.1_2192
LMG07934|CP050262.1_2192	DSM20176|AZDF01000033.1_20
LMG07934|CP050262.1_2192	FLUB|CP047121.1_2382
LMG07934|CP050262.1_2192	MGYG|ENA|CABKOL020000104|CABKOL020000104.1_203
LMG07934|CP050262.1_2192	LH500|CP044119.1_2091
LMG07934|CP050262.1_2256	LMG07934|CP050262.1_2256
LMG07934|CP050262.1_2256	LH500|CP044119.1_2161
LMG07934|CP050262.1_2256	DSM20176|AZDF01000020.1_18
LMG07934|CP050262.1_2256	FLUB|CP047121.1_2444
LMG07934|CP050262.1_2256	MGYG|ENA|CABKOL020000104|CABKOL020000104.1_139
LMG07934|CP050262.1_2384	LMG07934|CP050262.1_2384
LMG07934|CP050262.1_2384	DSM20176|AZDF01000048.1_8
LMG07934|CP050262.1_2384	MGYG|ENA|CABKOL020000104|CABKOL020000104.1_103
LMG07934|CP050262.1_2384	FLUB|CP047121.1_2481
LMG07934|CP050262.1_2384	LH500|CP044119.1_2282
LMG07934|CP050262.1_2544	LMG07934|CP050262.1_2544
LMG07934|CP050262.1_2640	LMG07934|CP050262.1_2640
LH500|CP044119.1_87	LH500|CP044119.1_87
LH500|CP044119.1_87	DSM20176|AZDF01000006.1_36
LH500|CP044119.1_87	FLUB|CP047121.1_84
LH500|CP044119.1_87	LMG07934|CP050262.1_66
LH500|CP044119.1_87	MGYG|ENA|CABKOL020000106|CABKOL020000106.1_359
LH500|CP044119.1_119	LH500|CP044119.1_119
LH500|CP044119.1_119	FLUB|CP047121.1_109
LH500|CP044119.1_119	DSM20176|AZDF01000006.1_4
LH500|CP044119.1_119	MGYG|ENA|CABKOL020000106|CABKOL020000106.1_384
LH500|CP044119.1_439	LH500|CP044119.1_439
LH500|CP044119.1_439	DSM20176|AZDF01000003.1_81
LH500|CP044119.1_439	MGYG|ENA|CABKOL020000106|CABKOL020000106.1_724
LH500|CP044119.1_439	LMG07934|CP050262.1_415
LH500|CP044119.1_439	FLUB|CP047121.1_448
LH500|CP044119.1_471	LH500|CP044119.1_471
LH500|CP044119.1_471	DSM20176|AZDF01000003.1_49
LH500|CP044119.1_471	MGYG|ENA|CABKOL020000106|CABKOL020000106.1_755
LH500|CP044119.1_471	LMG07934|CP050262.1_441
LH500|CP044119.1_471	FLUB|CP047121.1_479
LH500|CP044119.1_503	LH500|CP044119.1_503
LH500|CP044119.1_503	MGYG|ENA|CABKOL020000106|CABKOL020000106.1_787
LH500|CP044119.1_503	DSM20176|AZDF01000003.1_18
LH500|CP044119.1_503	LMG07934|CP050262.1_477
LH500|CP044119.1_503	FLUB|CP047121.1_512
LH500|CP044119.1_631	LH500|CP044119.1_631
LH500|CP044119.1_631	LH500|CP044119.1_605
LH500|CP044119.1_631	DSM20176|AZDF01000044.1_5
LH500|CP044119.1_631	LMG07934|CP050262.1_585
LH500|CP044119.1_919	LH500|CP044119.1_919
LH500|CP044119.1_919	LMG07934|CP050262.1_946
LH500|CP044119.1_919	FLUB|CP047121.1_1137
LH500|CP044119.1_919	MGYG|ENA|CABKOL020000095|CABKOL020000095.1_44
LH500|CP044119.1_919	DSM20176|AZDF01000005.1_69
LH500|CP044119.1_951	LH500|CP044119.1_951
LH500|CP044119.1_951	LMG07934|CP050262.1_978
LH500|CP044119.1_951	FLUB|CP047121.1_1169
LH500|CP044119.1_951	MGYG|ENA|CABKOL020000095|CABKOL020000095.1_77
LH500|CP044119.1_951	DSM20176|AZDF01000005.1_37
LH500|CP044119.1_1303	LH500|CP044119.1_1303
LH500|CP044119.1_1303	FLUB|CP047121.1_1509
LH500|CP044119.1_1303	LMG07934|CP050262.1_1397
LH500|CP044119.1_1303	MGYG|ENA|CABKOL020000102|CABKOL020000102.1_306
LH500|CP044119.1_1303	DSM20176|AZDF01000013.1_41
LH500|CP044119.1_1623	LH500|CP044119.1_1623
LH500|CP044119.1_1751	LH500|CP044119.1_1751
LH500|CP044119.1_1751	LMG07934|CP050262.1_1809
LH500|CP044119.1_1751	DSM20176|AZDF01000012.1_16
LH500|CP044119.1_1751	MGYG|ENA|CABKOL020000099|CABKOL020000099.1_52
LH500|CP044119.1_1751	FLUB|CP047121.1_1983
LH500|CP044119.1_1783	LH500|CP044119.1_1783
LH500|CP044119.1_1783	LMG07934|CP050262.1_1841
LH500|CP044119.1_1783	DSM20176|AZDF01000012.1_48
LH500|CP044119.1_1783	MGYG|ENA|CABKOL020000099|CABKOL020000099.1_19
LH500|CP044119.1_1783	FLUB|CP047121.1_2015
LH500|CP044119.1_1815	LH500|CP044119.1_1815
LH500|CP044119.1_1815	DSM20176|AZDF01000026.1_37
LH500|CP044119.1_1847	LH500|CP044119.1_1847
LH500|CP044119.1_1847	DSM20176|AZDF01000026.1_5
LH500|CP044119.1_1879	LH500|CP044119.1_1879
LH500|CP044119.1_1911	LH500|CP044119.1_1911
LH500|CP044119.1_1911	FLUB|CP047121.1_2092
LH500|CP044119.1_1911	DSM20176|AZDF01000001.1_57
LH500|CP044119.1_1911	LMG07934|CP050262.1_1914
LH500|CP044119.1_1911	MGYG|ENA|CABKOL020000104|CABKOL020000104.1_493
LH500|CP044119.1_1943	LH500|CP044119.1_1943
LH500|CP044119.1_1943	FLUB|CP047121.1_2124
LH500|CP044119.1_1943	DSM20176|AZDF01000001.1_89
LH500|CP044119.1_1943	LMG07934|CP050262.1_1946
LH500|CP044119.1_1943	MGYG|ENA|CABKOL020000104|CABKOL020000104.1_461
LH500|CP044119.1_1975	LH500|CP044119.1_1975
LH500|CP044119.1_1975	FLUB|CP047121.1_2157
LH500|CP044119.1_1975	DSM20176|AZDF01000001.1_121
LH500|CP044119.1_1975	LMG07934|CP050262.1_1978
LH500|CP044119.1_1975	MGYG|ENA|CABKOL020000104|CABKOL020000104.1_428
LH500|CP044119.1_2007	LH500|CP044119.1_2007
LH500|CP044119.1_2007	FLUB|CP047121.1_2188
LH500|CP044119.1_2007	DSM20176|AZDF01000001.1_153
LH500|CP044119.1_2007	LMG07934|CP050262.1_2009
LH500|CP044119.1_2007	MGYG|ENA|CABKOL020000104|CABKOL020000104.1_397
LH500|CP044119.1_2071	LH500|CP044119.1_2071
LH500|CP044119.1_2071	DSM20176|AZDF01000001.1_216
LH500|CP044119.1_2071	FLUB|CP047121.1_2255
LH500|CP044119.1_2071	LMG07934|CP050262.1_2073
LH500|CP044119.1_2071	MGYG|ENA|CABKOL020000104|CABKOL020000104.1_330
LH500|CP044119.1_2103	LH500|CP044119.1_2103
LH500|CP044119.1_2135	LH500|CP044119.1_2135
LH500|CP044119.1_2135	MGYG|ENA|CABKOL020000104|CABKOL020000104.1_161
LH500|CP044119.1_2135	DSM20176|AZDF01000032.1_24
LH500|CP044119.1_2135	LMG07934|CP050262.1_2233
LH500|CP044119.1_2135	FLUB|CP047121.1_2422
LH500|CP044119.1_2263	LH500|CP044119.1_2263
LH500|CP044119.1_2263	DSM20176|AZDF01000009.1_14
LH500|CP044119.1_2295	LH500|CP044119.1_2295
LH500|CP044119.1_2295	MGYG|ENA|CABKOL020000104|CABKOL020000104.1_90
LH500|CP044119.1_2295	DSM20176|AZDF01000049.1_9
LH500|CP044119.1_2295	LMG07934|CP050262.1_2405
LH500|CP044119.1_2295	FLUB|CP047121.1_2494
LH500|CP044119.1_2327	LH500|CP044119.1_2327
LH500|CP044119.1_2327	MGYG|ENA|CABKOL020000104|CABKOL020000104.1_32
LH500|CP044119.1_2327	DSM20176|AZDF01000011.1_24
LH500|CP044119.1_2327	FLUB|CP047121.1_2552
LH500|CP044119.1_2327	LMG07934|CP050262.1_2438
