{
  "world_size": 2,
  "backend": "gloo",
  "Nx": 8,
  "Ny": 8,
  "p": 7,
  "feat": 32,
  "Ngid": 3249,
  "n_own_rank0": 1653,
  "n_halo_rank0": 0,
  "n_local_edges_rank0": 6440,
  "n_send_rank0": 0,
  "n_recv_rank0": 57,
  "iters": 100,
  "t_compute_ms_total": 18.389983102679253,
  "t_halo_ms_total": 66.32158160209656,
  "t_compute_per_iter_us": 183.89983102679253,
  "t_halo_per_iter_us": 663.2158160209656,
  "halo_compute_ratio": 3.606397093014953,
  "verify_max_abs_err": 4.76837158203125e-07,
  "verify_rel_l2_err": 2.159243006616407e-09,
  "verify_pass": true
}