{
  "world_size": 4,
  "backend": "gloo",
  "Nx": 8,
  "Ny": 4,
  "p": 5,
  "feat": 16,
  "Ngid": 861,
  "n_own_rank0": 231,
  "n_halo_rank0": 0,
  "n_local_edges_rank0": 860,
  "n_send_rank0": 0,
  "n_recv_rank0": 21,
  "iters": 200,
  "t_compute_ms_total": 7.760429754853249,
  "t_halo_ms_total": 152.5236777961254,
  "t_compute_per_iter_us": 38.80214877426624,
  "t_halo_per_iter_us": 762.6183889806271,
  "halo_compute_ratio": 19.654024662840296,
  "verify_max_abs_err": 2.384185791015625e-07,
  "verify_rel_l2_err": 5.407524206191283e-09,
  "verify_pass": true
}