{
  "world_size": 2,
  "backend": "gloo",
  "Nx": 4,
  "Ny": 4,
  "p": 5,
  "feat": 16,
  "Ngid": 441,
  "n_own_rank0": 231,
  "n_halo_rank0": 0,
  "n_local_edges_rank0": 860,
  "n_send_rank0": 0,
  "n_recv_rank0": 21,
  "iters": 200,
  "t_compute_ms_total": 8.432149887084961,
  "t_halo_ms_total": 125.06071850657463,
  "t_compute_per_iter_us": 42.160749435424805,
  "t_halo_per_iter_us": 625.3035925328732,
  "halo_compute_ratio": 14.831415496790793,
  "verify_max_abs_err": 2.384185791015625e-07,
  "verify_rel_l2_err": 4.2501553387808144e-09,
  "verify_pass": true
}