{
  "label": "3He",
  "with_coulomb": true,
  "E_final": -6.304971694946289,
  "E_err": 0.7856740951538086,
  "n_iters": 1200,
  "walkers": 2048,
  "wall_seconds": 132.4329981803894
}