{
  "label": "3H",
  "with_coulomb": false,
  "E_final": -7.514742374420166,
  "E_err": 0.9221906065940857,
  "n_iters": 1200,
  "walkers": 2048,
  "wall_seconds": 136.11503219604492
}