{
  "E_final": -2.2002243995666504,
  "SE": 0.0007261410937644541,
  "N_final": 655360,
  "iters": 1500,
  "walkers": 8192,
  "steps": 8,
  "device": "cuda",
  "wall_time_s": 22.779232501983643,
  "experiment_B": -2.2246,
  "minnesota_triplet_B_reference": -2.202
}