{
  "E_final": -24.133358001708984,
  "SE": 0.10194865614175797,
  "N_final": 163840,
  "iters": 2500,
  "walkers": 2048,
  "steps": 10,
  "device": "cuda",
  "wall_time_s": 104.1736090183258,
  "experiment_B": -28.296,
  "minnesota_central_alpha_ref": -29.94
}