{
  "correlation_per_step": [
    0.8602972151346561,
    0.8365622529998828,
    0.6033070049371639,
    0.4176670182259182,
    0.2578466778578448,
    0.16817316809595168,
    0.1229633419562885,
    0.19725934063069242,
    0.19876570658990464,
    0.21653285253081336,
    0.25030674256557206,
    0.3225356808654807,
    0.27484495197338926,
    0.22016177181866378,
    0.23296391178476308,
    0.23223619845035404,
    0.1550611286019688,
    0.10400342856877949,
    0.11827844166282057,
    0.15073043396355537,
    0.15438627832646457,
    0.04077121574429447,
    -0.061416697516421766,
    -0.027584980766489926,
    0.07147785069265804,
    0.11019908420885599,
    0.07243251654890384,
    0.08703339109299903,
    0.03996986238271619,
    0.15150965555439705,
    0.2778785206212021,
    0.21526064729723512,
    0.15322403243623192,
    0.13957911617837793,
    0.11741134958194069,
    -0.09691679610519037,
    -0.010012424071985989,
    0.11071526427559253,
    -0.06047682216579215,
    -0.07096628114140997,
    0.06685700041053959,
    0.048919694911889,
    0.05540891022328857,
    0.3312678404727527,
    0.22540891921042588,
    -0.09257258852664803,
    -0.41274541002813586,
    -0.4129226715342147,
    -0.1227058935388292,
    0.12207699692934246,
    0.12015467693286705,
    0.02765253905412669,
    -0.10791452461544221,
    0.0005565921452543777,
    0.21349070450905677,
    0.3047306108690348,
    0.30058230723660484,
    0.17559438545214487,
    -0.06558765762737538,
    -0.30718042794175976,
    -0.4267553650830649
  ],
  "corr_at_step_5": 0.16817316809595168,
  "corr_at_step_20": 0.15438627832646457,
  "corr_at_step_40": 0.06685700041053959,
  "n_steps_corr_above_0p9": 0,
  "n_steps_corr_above_0p5": 3,
  "spectrum_rmse": 0.09264415256473084,
  "wall_time_s": 830.4885678291321,
  "best_train_loss": 0.07058610767126083,
  "hparams": {
    "out": "results/kolmogorov",
    "data": "data/kolmogorov_traj.npz",
    "N_dns": 128,
    "N_coarse": 64,
    "Re": 1000.0,
    "kf": 4,
    "T": 800.0,
    "dt": 0.002,
    "sample_every": 256,
    "K": 12,
    "seg_len": 5,
    "n_traj": 24,
    "epochs_per_mu": 200,
    "lr": 0.001,
    "lr_q": 0.01,
    "device": "cuda"
  }
}