{
  "finetune": [
    {
      "path": "results_large/roberta-large_OSTI_binary/result.json",
      "task": "binary",
      "model": "results_large/dapt_roberta_large/final",
      "n_train": 23987,
      "n_test": 2999,
      "train_seconds": 428.35702991485596,
      "test": {
        "test_loss": 0.1609605848789215,
        "test_accuracy": 0.9433144381460487,
        "test_precision": 0.7375886524822695,
        "test_recall": 0.6842105263157895,
        "test_f1": 0.7098976109215016,
        "test_runtime": 3.1298,
        "test_samples_per_second": 958.221,
        "test_steps_per_second": 5.112,
        "epoch": 2.997
      },
      "val": {
        "eval_loss": 0.18059992790222168,
        "eval_accuracy": 0.9369579719813209,
        "eval_precision": 0.6928327645051194,
        "eval_recall": 0.6721854304635762,
        "eval_f1": 0.6823529411764706,
        "eval_runtime": 3.1156,
        "eval_samples_per_second": 962.264,
        "eval_steps_per_second": 5.135,
        "epoch": 2.997
      }
    },
    {
      "path": "results_large/roberta-large_OSTI_multiclass/result.json",
      "task": "multiclass",
      "model": "results_large/dapt_roberta_large/final",
      "n_train": 14337,
      "n_test": 1793,
      "train_seconds": 258.0396828651428,
      "test": {
        "test_loss": 0.536279022693634,
        "test_accuracy": 0.8237590630228667,
        "test_precision_weighted": 0.8198413738153106,
        "test_recall_weighted": 0.8237590630228667,
        "test_f1_weighted": 0.8197924093776275,
        "test_precision_macro": 0.822132700212609,
        "test_recall_macro": 0.8115353237422573,
        "test_f1_macro": 0.8142285508163255,
        "test_runtime": 2.0286,
        "test_samples_per_second": 883.852,
        "test_steps_per_second": 4.929,
        "epoch": 2.9949832775919734
      },
      "val": {
        "eval_loss": 0.5542254447937012,
        "eval_accuracy": 0.8175223214285714,
        "eval_precision_weighted": 0.8153799285447424,
        "eval_recall_weighted": 0.8175223214285714,
        "eval_f1_weighted": 0.8143122216569859,
        "eval_precision_macro": 0.8233318466280026,
        "eval_recall_macro": 0.8045661479490269,
        "eval_f1_macro": 0.811653527350259,
        "eval_runtime": 2.0507,
        "eval_samples_per_second": 873.848,
        "eval_steps_per_second": 4.876,
        "epoch": 2.9949832775919734
      }
    },
    {
      "path": "results_large/roberta-large_binary/result.json",
      "task": "binary",
      "model": "roberta-large",
      "n_train": 23987,
      "n_test": 2999,
      "train_seconds": 428.0351526737213,
      "test": {
        "test_loss": 0.15724587440490723,
        "test_accuracy": 0.9413137712570857,
        "test_precision": 0.7461538461538462,
        "test_recall": 0.6381578947368421,
        "test_f1": 0.6879432624113476,
        "test_runtime": 3.0588,
        "test_samples_per_second": 980.435,
        "test_steps_per_second": 5.231,
        "epoch": 2.997
      },
      "val": {
        "eval_loss": 0.18461710214614868,
        "eval_accuracy": 0.9359573048699132,
        "eval_precision": 0.7037037037037037,
        "eval_recall": 0.6291390728476821,
        "eval_f1": 0.6643356643356644,
        "eval_runtime": 3.081,
        "eval_samples_per_second": 973.055,
        "eval_steps_per_second": 5.193,
        "epoch": 2.997
      }
    },
    {
      "path": "results_large/roberta-large_multiclass/result.json",
      "task": "multiclass",
      "model": "roberta-large",
      "n_train": 14337,
      "n_test": 1793,
      "train_seconds": 259.64894819259644,
      "test": {
        "test_loss": 0.5609650611877441,
        "test_accuracy": 0.8131622978248745,
        "test_precision_weighted": 0.8085550140357896,
        "test_recall_weighted": 0.8131622978248745,
        "test_f1_weighted": 0.8094540158713732,
        "test_precision_macro": 0.8089567426018416,
        "test_recall_macro": 0.7992882233040308,
        "test_f1_macro": 0.8024454279770652,
        "test_runtime": 2.0326,
        "test_samples_per_second": 882.138,
        "test_steps_per_second": 4.92,
        "epoch": 2.9949832775919734
      },
      "val": {
        "eval_loss": 0.586909294128418,
        "eval_accuracy": 0.8102678571428571,
        "eval_precision_weighted": 0.8087660765874843,
        "eval_recall_weighted": 0.8102678571428571,
        "eval_f1_weighted": 0.8075490662517568,
        "eval_precision_macro": 0.8173880801563097,
        "eval_recall_macro": 0.7972628931493799,
        "eval_f1_macro": 0.8051362591412241,
        "eval_runtime": 2.0155,
        "eval_samples_per_second": 889.119,
        "eval_steps_per_second": 4.962,
        "epoch": 2.9949832775919734
      }
    }
  ],
  "dapt": [
    {
      "path": "results_large/dapt_roberta_large/dapt_result.json",
      "model": "roberta-large",
      "max_steps": 4000,
      "block_size": 512,
      "effective_batch": 264,
      "n_train_blocks": 222776,
      "n_val_blocks": 4735,
      "pre_eval_loss": 1.0379582643508911,
      "pre_ppl": 2.8234463941594323,
      "post_eval_loss": 0.64087975025177,
      "post_ppl": 1.8981500429519107,
      "train_seconds": 7414.010339260101
    }
  ]
}