{
  "T_thresh": 2525.0,
  "T_time": 0.001,
  "per_run": {
    "phi0.6_r1": {
      "phi": 0.6,
      "r": 1,
      "t_final": 0.0009998938923,
      "T_at_700us": 2558.685047324526,
      "T_at_1ms": NaN,
      "T_last": 2398.1059,
      "slope_late": -610815.9758481146,
      "P_max_global": 1114377.0,
      "status": "complete",
      "T_at_1ms_proj": 2396.967732062309,
      "extrap_method": "linear_late",
      "ignite": false
    },
    "phi0.6_r2": {
      "phi": 0.6,
      "r": 2,
      "t_final": 0.000998726772,
      "T_at_700us": 2557.028621773391,
      "T_at_1ms": NaN,
      "T_last": 2394.0236,
      "slope_late": -616871.8480057686,
      "P_max_global": 1114377.7,
      "status": "complete",
      "T_at_1ms_proj": 2392.631998697937,
      "extrap_method": "linear_late",
      "ignite": false
    },
    "phi0.6_r3": {
      "phi": 0.6,
      "r": 3,
      "t_final": 0.0009991671446,
      "T_at_700us": 2553.735033179552,
      "T_at_1ms": NaN,
      "T_last": 2388.9467,
      "slope_late": -624845.0143150788,
      "P_max_global": 1113715.1,
      "status": "complete",
      "T_at_1ms_proj": 2386.3963144132194,
      "extrap_method": "linear_late",
      "ignite": false
    },
    "phi0.6_r4": {
      "phi": 0.6,
      "r": 4,
      "t_final": 0.000999674174,
      "T_at_700us": 2550.5648926083027,
      "T_at_1ms": NaN,
      "T_last": 2382.6792,
      "slope_late": -634112.5624695377,
      "P_max_global": 1114679.6,
      "status": "complete",
      "T_at_1ms_proj": 2379.917501397718,
      "extrap_method": "linear_late",
      "ignite": false
    },
    "phi0.6_r5": {
      "phi": 0.6,
      "r": 5,
      "t_final": 0.0009986586457,
      "T_at_700us": 2548.137921774457,
      "T_at_1ms": NaN,
      "T_last": 2375.4828,
      "slope_late": -645050.6041650096,
      "P_max_global": 1113707.3,
      "status": "complete",
      "T_at_1ms_proj": 2373.0094161416946,
      "extrap_method": "linear_late",
      "ignite": false
    },
    "phi0.8_r1": {
      "phi": 0.8,
      "r": 1,
      "t_final": 0.0009994579531,
      "T_at_700us": 2606.563818816463,
      "T_at_1ms": NaN,
      "T_last": 2479.0846,
      "slope_late": -508307.5086638753,
      "P_max_global": 1135629.3,
      "status": "complete",
      "T_at_1ms_proj": 2475.968985191142,
      "extrap_method": "linear_late",
      "ignite": false
    },
    "phi0.8_r2": {
      "phi": 0.8,
      "r": 2,
      "t_final": 0.0009997765746,
      "T_at_700us": 2605.1397770394783,
      "T_at_1ms": NaN,
      "T_last": 2477.364,
      "slope_late": -511747.4884725313,
      "P_max_global": 1135558.4,
      "status": "complete",
      "T_at_1ms_proj": 2474.401295008555,
      "extrap_method": "linear_late",
      "ignite": false
    },
    "phi0.8_r3": {
      "phi": 0.8,
      "r": 3,
      "t_final": 0.0009985956768,
      "T_at_700us": 2604.5093051889617,
      "T_at_1ms": NaN,
      "T_last": 2474.9053,
      "slope_late": -515566.1437099721,
      "P_max_global": 1134755.3,
      "status": "complete",
      "T_at_1ms_proj": 2471.725316600151,
      "extrap_method": "linear_late",
      "ignite": false
    },
    "phi0.8_r4": {
      "phi": 0.8,
      "r": 4,
      "t_final": 0.0009989812361,
      "T_at_700us": 2602.943835780824,
      "T_at_1ms": NaN,
      "T_last": 2471.008,
      "slope_late": -520949.24798026367,
      "P_max_global": 1135911.1,
      "status": "complete",
      "T_at_1ms_proj": 2467.7474339830683,
      "extrap_method": "linear_late",
      "ignite": false
    },
    "phi0.8_r5": {
      "phi": 0.8,
      "r": 5,
      "t_final": 0.0009994559763,
      "T_at_700us": 2601.296428118814,
      "T_at_1ms": NaN,
      "T_last": 2467.2318,
      "slope_late": -527800.5220449693,
      "P_max_global": 1134710.7,
      "status": "complete",
      "T_at_1ms_proj": 2462.883769874518,
      "extrap_method": "linear_late",
      "ignite": false
    },
    "phi1.0_r1": {
      "phi": 1.0,
      "r": 1,
      "t_final": 0.0009989917548,
      "T_at_700us": 2653.7051193869324,
      "T_at_1ms": NaN,
      "T_last": 2554.5628,
      "slope_late": -421135.77199591725,
      "P_max_global": 1150668.6,
      "status": "complete",
      "T_at_1ms_proj": 2548.2463146123373,
      "extrap_method": "linear_late",
      "ignite": true
    },
    "phi1.0_r2": {
      "phi": 1.0,
      "r": 2,
      "t_final": 0.0009992694817,
      "T_at_700us": 2652.4131693335935,
      "T_at_1ms": NaN,
      "T_last": 2554.0178,
      "slope_late": -422858.52627159475,
      "P_max_global": 1150627.0,
      "status": "complete",
      "T_at_1ms_proj": 2547.7996110036147,
      "extrap_method": "linear_late",
      "ignite": true
    },
    "phi1.0_r3": {
      "phi": 1.0,
      "r": 3,
      "t_final": 0.0009996361261,
      "T_at_700us": 2650.5956837102185,
      "T_at_1ms": NaN,
      "T_last": 2551.7868,
      "slope_late": -424988.1244768462,
      "P_max_global": 1149717.2,
      "status": "complete",
      "T_at_1ms_proj": 2546.3976229686773,
      "extrap_method": "linear_late",
      "ignite": true
    },
    "phi1.0_r4": {
      "phi": 1.0,
      "r": 4,
      "t_final": 0.0009999441615,
      "T_at_700us": 2650.5197099406405,
      "T_at_1ms": NaN,
      "T_last": 2549.8958,
      "slope_late": -427423.916008069,
      "P_max_global": 1151044.5,
      "status": "complete",
      "T_at_1ms_proj": 2544.7727650174156,
      "extrap_method": "linear_late",
      "ignite": true
    },
    "phi1.0_r5": {
      "phi": 1.0,
      "r": 5,
      "t_final": 0.0009988544392,
      "T_at_700us": 2648.8887581498448,
      "T_at_1ms": NaN,
      "T_last": 2547.0697,
      "slope_late": -431389.08573301294,
      "P_max_global": 1149596.0,
      "status": "complete",
      "T_at_1ms_proj": 2541.760630714967,
      "extrap_method": "linear_late",
      "ignite": true
    },
    "phi1.2_r1": {
      "phi": 1.2,
      "r": 1,
      "t_final": 0.0009995321403,
      "T_at_700us": 2697.2763690793613,
      "T_at_1ms": NaN,
      "T_last": 2613.6424,
      "slope_late": -352554.87905455776,
      "P_max_global": 1162695.8,
      "status": "complete",
      "T_at_1ms_proj": 2610.239430476563,
      "extrap_method": "linear_late",
      "ignite": true
    },
    "phi1.2_r2": {
      "phi": 1.2,
      "r": 2,
      "t_final": 0.0002729039257,
      "T_at_700us": NaN,
      "T_at_1ms": NaN,
      "T_last": 2970.6881,
      "slope_late": NaN,
      "P_max_global": 1162866.9,
      "status": "partial",
      "T_at_1ms_proj": 2611.9438346551283,
      "extrap_method": "template",
      "ignite": true
    },
    "phi1.2_r3": {
      "phi": 1.2,
      "r": 3,
      "t_final": 0.0002503669914,
      "T_at_700us": NaN,
      "T_at_1ms": NaN,
      "T_last": 2996.7364,
      "slope_late": NaN,
      "P_max_global": 1161251.5,
      "status": "partial",
      "T_at_1ms_proj": 2612.579983546143,
      "extrap_method": "template",
      "ignite": true
    },
    "phi1.2_r4": {
      "phi": 1.2,
      "r": 4,
      "t_final": 0.000998822274,
      "T_at_700us": 2694.642605640313,
      "T_at_1ms": NaN,
      "T_last": 2611.8504,
      "slope_late": -360618.2462456903,
      "P_max_global": 1163476.3,
      "status": "complete",
      "T_at_1ms_proj": 2606.167199111302,
      "extrap_method": "linear_late",
      "ignite": true
    },
    "phi1.2_r5": {
      "phi": 1.2,
      "r": 5,
      "t_final": 0.0006252328262,
      "T_at_700us": NaN,
      "T_at_1ms": NaN,
      "T_last": 2723.5156,
      "slope_late": -527942.9095760767,
      "P_max_global": 1161275.1,
      "status": "partial",
      "T_at_1ms_proj": 2609.655717430196,
      "extrap_method": "template",
      "ignite": true
    }
  },
  "per_phi": {
    "0.6": {
      "n_realizations": 5,
      "n_complete": 5,
      "n_ignite": 0,
      "ignition_prop": 0.0,
      "ignition_prop_cc": 0.0,
      "T_at_1ms_mean": 2385.784592542576,
      "T_at_1ms_std": 8.601763479624688,
      "slope_late_mean": -626339.2009607019
    },
    "0.8": {
      "n_realizations": 5,