{
  "phi0.6_r1": {
    "status": "complete",
    "t_final": 0.0009998938923,
    "n_rows": 1397,
    "Temp_max_global": 3345.1672,
    "Temp_late_max": 2706.4413,
    "Temp_late_mean": 2536.819061111111,
    "T_at_1ms": 2398.1059,
    "T_at_500us": 2707.1421,
    "fuel_prod_final": 0.0,
    "mass0": 0.006170561753,
    "ignite_Tlate_1500": true
  },
  "phi0.6_r2": {
    "status": "complete",
    "t_final": 0.0009995007359,
    "n_rows": 1396,
    "Temp_max_global": 3345.1201,
    "Temp_late_max": 2704.7656,
    "Temp_late_mean": 2534.653432932331,
    "T_at_1ms": 2393.7239,
    "T_at_500us": 2705.646,
    "fuel_prod_final": 0.0,
    "mass0": 0.006170561751,
    "ignite_Tlate_1500": true
  },
  "phi0.6_r3": {
    "status": "complete",
    "t_final": 0.0009999419947,
    "n_rows": 1396,
    "Temp_max_global": 3344.8809,
    "Temp_late_max": 2704.8356,
    "Temp_late_mean": 2531.6923102255637,
    "T_at_1ms": 2388.6797,
    "T_at_500us": 2705.2792,
    "fuel_prod_final": 0.0,
    "mass0": 0.006170561751,
    "ignite_Tlate_1500": true
  },
  "phi0.6_r4": {
    "status": "complete",
    "t_final": 0.000999674174,
    "n_rows": 1395,
    "Temp_max_global": 3345.2141,
    "Temp_late_max": 2704.3098,
    "Temp_late_mean": 2528.4191406626505,
    "T_at_1ms": 2382.6792,
    "T_at_500us": 2704.8431,
    "fuel_prod_final": 0.0,
    "mass0": 0.006170561751,
    "ignite_Tlate_1500": true
  },
  "phi0.6_r5": {
    "status": "complete",
    "t_final": 0.0009994361672,
    "n_rows": 1394,
    "Temp_max_global": 3344.772,
    "Temp_late_max": 2702.3637,
    "Temp_late_mean": 2524.898839668175,
    "T_at_1ms": 2375.2812,
    "T_at_500us": 2703.2759,
    "fuel_prod_final": 0.0,
    "mass0": 0.006170561753,
    "ignite_Tlate_1500": true
  },
  "phi0.8_r1": {
    "status": "complete",
    "t_final": 0.0009994579531,
    "n_rows": 1407,
    "Temp_max_global": 3358.2801,
    "Temp_late_max": 2732.2228,
    "Temp_late_mean": 2590.5346114413073,
    "T_at_1ms": 2479.0846,
    "T_at_500us": 2732.6011,
    "fuel_prod_final": 0.0,
    "mass0": 0.006140428081,
    "ignite_Tlate_1500": true
  },
  "phi0.8_r2": {
    "status": "complete",
    "t_final": 0.0009997765746,
    "n_rows": 1407,
    "Temp_max_global": 3358.4336,
    "Temp_late_max": 2732.8497,
    "Temp_late_mean": 2589.0132625557208,
    "T_at_1ms": 2477.364,
    "T_at_500us": 2733.2098,
    "fuel_prod_final": 0.0,
    "mass0": 0.006140428079,
    "ignite_Tlate_1500": true
  },
  "phi0.8_r3": {
    "status": "complete",
    "t_final": 0.000999360123,
    "n_rows": 1406,
    "Temp_max_global": 3357.3533,
    "Temp_late_max": 2733.6394,
    "Temp_late_mean": 2587.7003,
    "T_at_1ms": 2474.7831,
    "T_at_500us": 2734.0639,
    "fuel_prod_final": 0.0,
    "mass0": 0.006140428079,
    "ignite_Tlate_1500": true
  },
  "phi0.8_r4": {
    "status": "complete",
    "t_final": 0.0009997472063,
    "n_rows": 1406,
    "Temp_max_global": 3358.7225,
    "Temp_late_max": 2732.8844,
    "Temp_late_mean": 2585.5929646359587,
    "T_at_1ms": 2470.9516,
    "T_at_500us": 2733.5833,
    "fuel_prod_final": 0.0,
    "mass0": 0.006140428079,
    "ignite_Tlate_1500": true
  },
  "phi0.8_r5": {
    "status": "complete",
    "t_final": 0.0009994559763,
    "n_rows": 1405,
    "Temp_max_global": 3357.6059,
    "Temp_late_max": 2730.9748,
    "Temp_late_mean": 2583.013163392857,
    "T_at_1ms": 2467.2318,
    "T_at_500us": 2731.2736,
    "fuel_prod_final": 0.0,
    "mass0": 0.006140428081,
    "ignite_Tlate_1500": true
  },
  "phi1.0_r1": {
    "status": "complete",
    "t_final": 0.0009997471454,
    "n_rows": 1418,
    "Temp_max_global": 3370.5545,
    "Temp_late_max": 2763.1026,
    "Temp_late_mean": 2640.772690175953,
    "T_at_1ms": 2554.4798,
    "T_at_500us": 2763.5033,
    "fuel_prod_final": 0.0,
    "mass0": 0.006111439595,
    "ignite_Tlate_1500": true
  },
  "phi1.0_r2": {
    "status": "complete",
    "t_final": 0.001,
    "n_rows": 1418,
    "Temp_max_global": 3370.7077,
    "Temp_late_max": 2762.3644,
    "Temp_late_mean": 2639.8831835777123,
    "T_at_1ms": 2553.8922,
    "T_at_500us": 2763.0186,
    "fuel_prod_final": 0.0,
    "mass0": 0.006111439594,
    "ignite_Tlate_1500": true
  },
  "phi1.0_r3": {
    "status": "complete",
    "t_final": 0.0009996361261,
    "n_rows": 1417,
    "Temp_max_global": 3369.5533,
    "Temp_late_max": 2760.2497,
    "Temp_late_mean": 2638.521078267254,
    "T_at_1ms": 2551.7868,
    "T_at_500us": 2760.7,
    "fuel_prod_final": 0.0,
    "mass0": 0.006111439593,
    "ignite_Tlate_1500": true
  },
  "phi1.0_r4": {
    "status": "complete",
    "t_final": 0.0009999441615,
    "n_rows": 1417,
    "Temp_max_global": 3371.0693,
    "Temp_late_max": 2760.6433,
    "Temp_late_mean": 2637.4038656387665,
    "T_at_1ms": 2549.8958,
    "T_at_500us": 2760.8772,
    "fuel_prod_final": 0.0,
    "mass0": 0.006111439594,
    "ignite_Tlate_1500": true
  },
  "phi1.0_r5": {
    "status": "complete",
    "t_final": 0.000999613647,
    "n_rows": 1416,
    "Temp_max_global": 3369.7494,
    "Temp_late_max": 2760.64,
    "Temp_late_mean": 2635.6437210294116,
    "T_at_1ms": 2546.9527,
    "T_at_500us": 2760.9926,
    "fuel_prod_final": 0.0,
    "mass0": 0.006111439595,
    "ignite_Tlate_1500": true
  },
  "phi1.2_r1": {
    "status": "complete",
    "t_final": 0.0009995321403,
    "n_rows": 1429,
    "Temp_max_global": 3380.0746,
    "Temp_late_max": 2789.9553,
    "Temp_late_mean": 2686.9321686956523,
    "T_at_1ms": 2613.6424,
    "T_at_500us": 2790.4433,
    "fuel_prod_final": 0.0,
    "mass0": 0.006083532231,
    "ignite_Tlate_1500": true
  },
  "phi1.2_r2": {
    "status": "partial",
    "t_final": 0.0002729039257,
    "n_rows": 414,
    "Temp_max_global": 3380.2502,
    "Temp_late_max": 0.0,
    "Temp_late_mean": 0.0,
    "T_at_1ms": 2970.6881,
    "T_at_500us": 2970.6881,
    "fuel_prod_final": 0.0,
    "mass0": 0.006083532229,
    "ignite_Tlate_1500": false
  },
  "phi1.2_r3": {
    "status": "partial",
    "t_final": 0.0002503669914,
    "n_rows": 381,
    "Temp_max_global": 3378.9867,
    "Temp_late_max": 0.0,
    "Temp_late_mean": 0.0,
    "T_at_1ms": 2996.7364,
    "T_at_500us": 2996.7364,
    "fuel_prod_final": 0.0,
    "mass0": 0.006083532229,
    "ignite_Tlate_1500": false
  },
  "phi1.2_r4": {
    "status": "complete",
    "t_final": 0.0009995667339,
    "n_rows": 1428,
    "Temp_max_global": 3380.6503,
    "Temp_late_max": 2790.8596,
    "Temp_late_mean": 2684.3567482608696,
    "T_at_1ms": 2611.7595,
    "T_at_500us": 2791.2221,
    "fuel_prod_final": 0.0,
    "mass0": 0.006083532229,
    "ignite_Tlate_1500": true
  },
  "phi1.2_r5": {
    "status": "partial",
    "t_final": 0.0006252328262,
    "n_rows": 914,
    "Temp_max_global": 3379.1165,
    "Temp_late_max": 2789.3768,
    "Temp_late_mean": 2755.7066857954546,
    "T_at_1ms": 2723.5156,
    "T_at_500us": 2790.0288,
    "fuel_prod_final": 0.0,
    "mass0": 0.006083532231,
    "ignite_Tlate_1500": true
  }
}