{
  "0.6": {
    "T_peak": 1672.5343,
    "t_peak_us": 0.0,
    "T_100us": 1639.5260047465504,
    "T_500us": 1523.9363928737464,
    "T_1ms": 543.82086,
    "frac_hot_late": 0.0
  },
  "0.8": {
    "T_peak": 1672.5343,
    "t_peak_us": 0.0,
    "T_100us": 1640.1957900796444,
    "T_500us": 1526.6982245450072,
    "T_1ms": 544.90105,
    "frac_hot_late": 0.0
  },
  "1.0": {
    "T_peak": 1672.5343,
    "t_peak_us": 0.0,
    "T_100us": 1640.8205669737692,
    "T_500us": 1529.2720681020155,
    "T_1ms": 545.77569,
    "frac_hot_late": 0.0
  },
  "1.2": {
    "T_peak": 1672.5343,
    "t_peak_us": 0.0,
    "T_100us": 1641.4035919782955,
    "T_500us": 1531.6814457675832,
    "T_1ms": 546.58417,
    "frac_hot_late": 0.0
  }
}