{
  "task": "multiclass",
  "model": "results_large/dapt_roberta_large/final",
  "args": {
    "data_dir": "data/processed_paper/multiclass",
    "task": "multiclass",
    "model": "results_large/dapt_roberta_large/final",
    "out": "results_large/roberta-large_OSTI_multiclass",
    "epochs": 3.0,
    "batch": 64,
    "per_device_batch": 8,
    "grad_accum": 3,
    "eval_batch": 64,
    "lr": 1e-05,
    "max_len": 512,
    "warmup": 0.06,
    "weight_decay": 0.01,
    "fp16": false,
    "bf16": true,
    "seed": 42
  },
  "n_train": 14337,
  "n_val": 1792,
  "n_test": 1793,
  "num_labels": 10,
  "train_seconds": 258.0396828651428,
  "val": {
    "eval_loss": 0.5542254447937012,
    "eval_accuracy": 0.8175223214285714,
    "eval_precision_weighted": 0.8153799285447424,
    "eval_recall_weighted": 0.8175223214285714,
    "eval_f1_weighted": 0.8143122216569859,
    "eval_precision_macro": 0.8233318466280026,
    "eval_recall_macro": 0.8045661479490269,
    "eval_f1_macro": 0.811653527350259,
    "eval_runtime": 2.0507,
    "eval_samples_per_second": 873.848,
    "eval_steps_per_second": 4.876,
    "epoch": 2.9949832775919734
  },
  "test": {
    "test_loss": 0.536279022693634,
    "test_accuracy": 0.8237590630228667,
    "test_precision_weighted": 0.8198413738153106,
    "test_recall_weighted": 0.8237590630228667,
    "test_f1_weighted": 0.8197924093776275,
    "test_precision_macro": 0.822132700212609,
    "test_recall_macro": 0.8115353237422573,
    "test_f1_macro": 0.8142285508163255,
    "test_runtime": 2.0286,
    "test_samples_per_second": 883.852,
    "test_steps_per_second": 4.929,
    "epoch": 2.9949832775919734
  },
  "classification_report": {
    "0": {
      "precision": 0.7579185520361991,
      "recall": 0.8292079207920792,
      "f1-score": 0.7919621749408983,
      "support": 404.0
    },
    "1": {
      "precision": 0.8924302788844621,
      "recall": 0.9256198347107438,
      "f1-score": 0.9087221095334685,
      "support": 242.0
    },
    "2": {
      "precision": 0.7699115044247787,
      "recall": 0.6744186046511628,
      "f1-score": 0.71900826446281,
      "support": 258.0
    },
    "3": {
      "precision": 0.8604651162790697,
      "recall": 0.9024390243902439,
      "f1-score": 0.8809523809523809,
      "support": 205.0
    },
    "4": {
      "precision": 0.8922155688622755,
      "recall": 0.9490445859872612,
      "f1-score": 0.9197530864197532,
      "support": 157.0
    },
    "5": {
      "precision": 0.9172932330827067,
      "recall": 0.8652482269503546,
      "f1-score": 0.8905109489051095,
      "support": 141.0
    },
    "6": {
      "precision": 0.8,
      "recall": 0.7706422018348624,
      "f1-score": 0.7850467289719626,
      "support": 109.0
    },
    "7": {
      "precision": 0.8952380952380953,
      "recall": 0.912621359223301,
      "f1-score": 0.903846153846154,
      "support": 103.0
    },
    "8": {
      "precision": 0.8390804597701149,
      "recall": 0.8795180722891566,
      "f1-score": 0.8588235294117647,
      "support": 83.0
    },
    "9": {
      "precision": 0.5967741935483871,
      "recall": 0.4065934065934066,
      "f1-score": 0.48366013071895425,
      "support": 91.0
    },
    "accuracy": 0.8237590630228667,
    "macro avg": {
      "precision": 0.822132700212609,
      "recall": 0.8115353237422573,
      "f1-score": 0.8142285508163255,
      "support": 1793.0
    },
    "weighted avg": {
      "precision": 0.8198413738153106,
      "recall": 0.8237590630228667,
      "f1-score": 0.8197924093776275,
      "support": 1793.0
    }
  }
}