{
  "participation_ratios": {
    "p_MS": 0.0004927821636630103,
    "p_SA": 0.00023565231381744015,
    "p_MA": 4.941800298745188e-05,
    "p_substrate": 0.9185100758012051,
    "C_fF_per_um": 7638.043333056114
  },
  "paper_table3": {
    "p_MS": 0.26,
    "p_SA": 0.13,
    "p_MA": 0.008,
    "p_sub": 89,
    "C": 0.147
  },
  "grid": {
    "nx": 535,
    "ny": 521,
    "min_dx": 0.004999999999999893,
    "min_dy": 0.004999999999999893
  }
}