{
  "impedance": {
    "Z0": 48.32428833451412,
    "eps_eff": 6.224866312616735
  },
  "participation_ratios": {
    "p_MS": 0.0028757927461690873,
    "p_SA": 0.001786762170285961,
    "p_MA": 0.00017607026718488965,
    "p_substrate": 0.9077772125125749,
    "C_fF_per_um": 0.1669689682245032
  },
  "paper_table3": {
    "p_MS": 0.26,
    "p_SA": 0.13,
    "p_MA": 0.008,
    "p_sub": 89,
    "C_fF_per_um": 0.147
  }
}