rank	wave	tier	priority_score	status	doi	title	year	venue	citationCount	themes	sources	replication_folder	pdf_or_url	verdict_or_plan	abstract_or_notes
32	Wave 1	A	20	candidate	10.1371/journal.pcbi.0030155	Image-Based Modeling Reveals Dynamic Redistribution of DNA Damage into Nuclear Sub-Domains	2007	PLoS Comput. Biol.	108	DNA repair / DDR; radiation quality / RBE; computational model / simulation	dropbox_pdf		/Users/stevens/Dropbox/XFER/LUCID-replication-targets/562673694980c38e3d8d259f7bdc174125865bbe.pdf	TODO: replication brief + artifact/data/code harvest	Several proteins involved in the response to DNA double strand breaks (DSB) form microscopically visible nuclear domains, or foci, after exposure to ionizing radiation. Radiation-induced foci (RIF) are believed to be located where DNA damage occurs. To test this assumption, we analyzed the spatial distribution of 53BP1, phosphorylated ATM, and γH2AX RIF in cells irradiated with high linear energy transfer (LET) radiation and low LET. Since energy is randomly deposited along high-LET particle paths, RIF along these paths should also be randomly distributed. The probability to induce DSB can be derived from DNA fragment data measured experimentally by pulsed-field gel electrophoresis. We used this probability in Monte Carlo simulations to predict DSB locations in synthetic nuclei geometrically described by a complete set of human chromosomes, taking into account microscope optics from real
33	Wave 1	A	20	candidate	10.1186/s40168-017-0325-z	Space-type radiation induces multimodal responses in the mouse gut microbiome and metabolome	2017	Microbiome	93	dose-rate / low-dose response; radiation quality / RBE; omics / biomarkers / signatures; immune / inflammation / senescence	semantic_scholar		https://doi.org/10.1186/s40168-017-0325-z	TODO: replication brief + artifact/data/code harvest	Space travel is associated with continuous low dose rate exposure to high linear energy transfer (LET) radiation. Pathophysiological manifestations after low dose radiation exposure are strongly influenced by non-cytocidal radiation effects, including changes in the microbiome and host gene expression. Although the importance of the gut microbiome in the maintenance of human health is well established, little is known about the role of radiation in altering the microbiome during deep-space travel. Using a mouse model for exposure to high LET radiation, we observed substantial changes in the composition and functional potential of the gut microbiome. These were accompanied by changes in the abundance of multiple metabolites, which were related to the enzymatic activity of the predicted metagenome by means of metabolic network modeling. There was a complex dynamic in microbial and metaboli
34	Wave 1	A	20	candidate	10.1038/s41598-019-54941-1	Stochastic multicellular modeling of x-ray irradiation, DNA damage induction, DNA free-end misrejoining and cell death	2019	Scientific Reports	16	DNA repair / DDR; radiation quality / RBE; computational model / simulation	dropbox_pdf		/Users/stevens/Dropbox/XFER/LUCID-replication-targets/29892663dbd799e5eed06076d44cc4c56dcea1d7.pdf	TODO: replication brief + artifact/data/code harvest	The repair or misrepair of DNA double-strand breaks (DSBs) largely determines whether a cell will survive radiation insult or die. A new computational model of multicellular, track structure-based and pO2-dependent radiation-induced cell death was developed and used to investigate the contribution to cell killing by the mechanism of DNA free-end misrejoining for low-LET radiation. A simulated tumor of 1224 squamous cells was irradiated with 6 MV x-rays using the Monte Carlo toolkit Geant4 with low-energy Geant4-DNA physics and chemistry modules up to a uniform dose of 1 Gy. DNA damage including DSBs were simulated from ionizations, excitations and hydroxyl radical interactions along track segments through cell nuclei, with a higher cellular pO2 enhancing the conversion of DNA radicals to strand breaks. DNA free-ends produced by complex DSBs (cDSBs) were able to misrejoin and produce exch
35	Wave 1	A	20	candidate	10.1016/j.envres.2020.109930	Epigenetic, transcriptional and phenotypic responses in Daphnia magna exposed to low-level ionizing radiation.	2020	Environmental Research	15	DNA repair / DDR; dose-rate / low-dose response; omics / biomarkers / signatures; immune / inflammation / senescence	semantic_scholar		https://doi.org/10.1016/j.envres.2020.109930	TODO: replication brief + artifact/data/code harvest	Ionizing radiation is known to induce oxidative stress and DNA damage as well as epigenetic effects in aquatic organisms. Epigenetic changes can be part of the adaptive responses to protect organisms from radiation-induced damage, or act as drivers of toxicity pathways leading to adverse effects. To investigate the potential roles of epigenetic mechanisms in low-dose ionizing radiation-induced stress responses, an ecologically relevant crustacean, adult Daphnia magna were chronically exposed to low and medium level external 60Co gamma radiation ranging from 0.4, 1, 4, 10, and 40 mGy/h for seven days. Biological effects at the molecular (global DNA methylation, histone modification, gene expression), cellular (reactive oxygen species formation), tissue/organ (ovary, gut and epidermal histology) and organismal (fecundity) levels were investigated using a suite of effect assessment tools. T
36	Wave 1	A	20	candidate	10.1038/s41598-022-26976-4	Investigating the effects of chronic low-dose radiation exposure in the liver of a hypothermic zebrafish model	2023	Scientific Reports	8	DNA repair / DDR; dose-rate / low-dose response; radiation quality / RBE; omics / biomarkers / signatures	semantic_scholar		https://www.nature.com/articles/s41598-022-26976-4.pdf	TODO: replication brief + artifact/data/code harvest	Mankind’s quest for a manned mission to Mars is placing increased emphasis on the development of innovative radio-protective countermeasures for long-term space travel. Hibernation confers radio-protective effects in hibernating animals, and this has led to the investigation of synthetic torpor to mitigate the deleterious effects of chronic low-dose-rate radiation exposure. Here we describe an induced torpor model we developed using the zebrafish. We explored the effects of radiation exposure on this model with a focus on the liver. Transcriptomic and behavioural analyses were performed. Radiation exposure resulted in transcriptomic perturbations in lipid metabolism and absorption, wound healing, immune response, and fibrogenic pathways. Induced torpor reduced metabolism and increased pro-survival, anti-apoptotic, and DNA repair pathways. Coupled with radiation exposure, induced torpor l
37	Wave 1	A	20	candidate	10.1128/msystems.00718-22	Global Transcriptional Response of Escherichia coli Exposed In Situ to Different Low-Dose Ionizing Radiation Sources	2023	mSystems	4	dose-rate / low-dose response; radiation quality / RBE; omics / biomarkers / signatures; immune / inflammation / senescence	semantic_scholar		https://doi.org/10.1128/msystems.00718-22	TODO: replication brief + artifact/data/code harvest	Escherichia coli strain DH10β, a well-characterized model bacterium, was subjected to short-term (1-day) and long-term (15-day) exposures to three different in situ radiation sources comprised of radionuclides relevant to nuclear activities to induce a measurable and identifiable genetic response. We found E. coli had both common and unique responses to the three exposures studied, suggesting both dose rate- and radionuclide-specific effects. ABSTRACT Characterization of biological and chemical responses to ionizing radiation by various organisms is essential for potential applications in bioremediation, alternative modes of detecting nuclear material, and national security. Escherichia coli DH10β is an optimal system to study the microbial response to low-dose ionizing radiation at the transcriptional level because it is a well-characterized model bacterium and its responses to other en
38	Wave 1	A	20	candidate	10.1007/s00411-020-00854-x	The IRI-DICE hypothesis: ionizing radiation-induced DSBs may have a functional role for non-deterministic responses at low doses	2020	Radiation and Environmental Biophysics	3	DNA repair / DDR; dose-rate / low-dose response; radiation quality / RBE; omics / biomarkers / signatures	semantic_scholar		https://link.springer.com/content/pdf/10.1007/s00411-020-00854-x.pdf	TODO: replication brief + artifact/data/code harvest	Low-dose ionizing radiation (IR) responses remain an unresolved issue in radiation biology and risk assessment. Accurate knowledge of low-dose responses is important for estimation of normal tissue risk in cancer radiotherapy or health risks from occupational or hazard exposure. Cellular responses to low-dose IR appear diverse and stochastic in nature and to date no model has been proposed to explain the underlying mechanisms. Here, we propose a hypothesis on IR-induced double-strand break (DSB)-induced cis effects (IRI-DICE) and introduce DNA sequence functionality as a submicron-scale target site with functional outcome on gene expression: DSB induction in a certain genetic target site such as promotor, regulatory element, or gene core would lead to changes in transcript expression, which may range from suppression to overexpression depending on which functional element was damaged. Th
39	Wave 1	A	20	candidate	10.1371/journal.pone.0187274	Epigenetic Mechanisms of Human Adaptation to				DNA repair / DDR; dose-rate / low-dose response; omics / biomarkers / signatures; immune / inflammation / senescence	dropbox_pdf		/Users/stevens/Dropbox/Epigenetic Mechanisms of Human Adaptation to High-Background Radiation.pdf	TODO: replication brief + artifact/data/code harvest	Epigenetic Mechanisms of Human Adaptation to High-Background Radiation Introduction Epigenetics plays a significant role in enabling humans to biologically adapt to environments with elevated background radiation. In certain regions of the world – such as Kerala (India), Ramsar (Iran), and Yangjiang (China) – natural radiation levels far exceed normal background, yet local populations do not show corresponding increases in radiation-induced illnesses or genetic damage. This paradox suggests that adaptive responses have developed, allowing human cells to tolerate chronic low-dose ionizing radiation. Crucially, this adaptation appears to occur not through new DNA mutations, but through changes in gene regulation. Epigenetic mechanisms (heritable changes in gene expression that do not involve alterations in the DNA sequence) are central to this process 1 2 . By modulating how genes involved
40	Wave 1	A	20	candidate	10.1186/s40168-020-00927-5	Investigating Chronic Low-Dose Radiation				DNA repair / DDR; dose-rate / low-dose response; omics / biomarkers / signatures; microbial / extremophile	dropbox_pdf;lucid_reference		/Users/stevens/Dropbox/Investigating Chronic Low-Dose Radiation Mechanisms via Microbial Models.pdf	TODO: replication brief + artifact/data/code harvest	Investigating Chronic Low-Dose Radiation Mechanisms via Microbial Models Introduction Chronic low-dose ionizing radiation (IR) exposure poses a unique challenge to human health research. Unlike acute high-dose exposures, small sustained doses can quietly induce DNA lesions, oxidative stress, and subtle regulatory changes over long periods 1 2 . Yet ethical and practical constraints limit direct human or animal experimentation under chronic low-dose conditions. Microorganisms – including bacteria and fungi – offer powerful model systems to bridge this knowledge gap. Many fundamental radiation response mechanisms are conserved or paralleled across life, from DNA repair pathways to oxidative stress defenses. Microbes are fast-growing, genetically tractable, and amenable to high-throughput experimentation, making them ideal “living test tubes” for probing how sustained IR affects biological 
41	Wave 1	A	20	candidate	10.1038/s41598-018-34159-3	Modelling of Cellular Survival Following Radiation-Induced DNA Double-Strand Breaks	2018	Scientific Reports		DNA repair / DDR; radiation quality / RBE; computational model / simulation	dropbox_pdf		/Users/stevens/Dropbox/XFER/LUCID-replication-targets/1d5ad1b1274b89f661610a9863c4ff81784e0f1c.pdf	TODO: replication brief + artifact/data/code harvest	A mechanistic model of cellular survival following radiation-induced DNA double-strand breaks (DSBs) was proposed in this study. DSBs were assumed as the initial lesions in the DNA of the cell nucleus induced by ionizing radiation. The non-homologous end-joining (NHEJ) pathway was considered as the domain pathway of DSB repair in mammalian cells. The model was proposed to predict the relationship between radiation-induced DSBs in nucleus and probability of cell survival, which was quantitatively described by two input parameters and six fitting parameters. One input parameter was the average number of primary particles which caused DSB, the other input parameter was the average number of DSBs yielded by each primary particle that caused DSB. The fitting parameters were used to describe the biological characteristics of the irradiated cells. By determining the fitting parameters of the mo
42	Wave 2	A	19	candidate	10.1016/j.jcmgh.2018.09.014	Maltodextrin, Modern Stressor of the Intestinal Environment	2018	Cellular and Molecular Gastroenterology and Hepatology	34	DNA repair / DDR; dose-rate / low-dose response; radiation quality / RBE; omics / biomarkers / signatures	semantic_scholar		http://www.cmghjournal.org/article/S2352345X1830136X/pdf	TODO: replication brief + artifact/data/code harvest	critically important new study by Laudisi et al Ashows that consumption of the food additive maltodextrin, incorporated into many processed foods, leads to the promotion of intestinal inflammation. These findings suggest that this broadly used food additive could be a risk factor for chronic inflammatory diseases. Maltodextrin is a polysaccharide derived from starch hydrolysis and used as a thickener and filler in processed food. Maltodextrin is regarded as inert and generally is regarded as safe by the US Food and Drug Administration. However, multiple recent studies have shown detrimental roles played by maltodextrin in the intestinal environment, suggesting that this broadly used food additive may play a role in the rapid increased incidence of chronic inflammatory disorders, such as inflammatory bowel disease and metabolic syndrome. In this issue of Cellular and Molecular Gastroenter
43	Wave 2	A	19	candidate	10.1038/s41598-019-45960-z	Intensity Modulated Radiation Fields Induce Protective Effects and Reduce Importance of Dose-Rate Effects	2019	Scientific Reports	18	dose-rate / low-dose response; radiation quality / RBE; computational model / simulation	dropbox_pdf		/Users/stevens/Dropbox/XFER/LUCID-replication-targets/5f5b0d9df89a74d8abbe7143e9a2c9c1fb5e9cd3.pdf	TODO: replication brief + artifact/data/code harvest	In advanced radiotherapy, intensity modulated radiation fields and complex dose-delivery are utilized to prescribe higher doses to tumours. Here, we investigated the impact of modulated radiation fields on radio-sensitivity and cell recovery during dose delivery. We generated experimental survival data after single-dose, split-dose and fractionated irradiation in normal human skin fibroblast cells (AGO1522) and human prostate cancer cells (DU145). The dose was delivered to either 50% of the area of a T25 flask containing the cells (half-field) or 100% of the flask (uniform-field). We also modelled the impact of dose-rate effects and intercellular signalling on cell-killing. Applying the model to the survival data, it is found that (i) in-field cell survival under half-field exposure is higher than uniform-field exposure for the same delivered dose; (ii) the importance of sub-lethal damag
44	Wave 2	A	19	candidate	10.3892/ijmm.2024.5380	Predictive DNA damage signaling for low-dose ionizing radiation	2024	International Journal of Molecular Medicine	4	DNA repair / DDR; dose-rate / low-dose response; radiation quality / RBE; computational model / simulation	lucid_reference;semantic_scholar		https://www.ncbi.nlm.nih.gov/pmc/articles/PMC11093554	TODO: replication brief + artifact/data/code harvest	Numerous studies have attempted to develop biological markers for the response to radiation for broad and straightforward application in the field of radiation. Based on a public database, the present study selected several molecules involved in the DNA damage repair response, cell cycle regulation and cytokine signaling as promising candidates for low-dose radiation-sensitive markers. The HuT 78 and IM-9 cell lines were irradiated in a concentration-dependent manner, and the expression of these molecules was analyzed using western blot analysis. Notably, the activation of ataxia telangiectasia mutated (ATM), checkpoint kinase 2 (CHK2), p53 and H2A histone family member X (H2AX) significantly increased in a concentration-dependent manner, which was also observed in human peripheral blood mononuclear cells. To determine the radioprotective effects of cinobufagin, as an ATM and CHK2 activa
45	Wave 2	A	18	candidate	10.1016/j.mrgentox.2013.06.004	Biochemical DSB-repair model for mammalian cells in G1 and early S phases of the cell cycle.	2013	Mutation research	89	DNA repair / DDR; radiation quality / RBE; computational model / simulation	dropbox_pdf		/Users/stevens/Dropbox/REPLICATE-PROJECT/LUCID-replications/lucid-slow-fast-nhej/artifacts/mdpi-supplement/extracted/cancers-1190122-supplementary.pdf	TODO: replication brief + artifact/data/code harvest	1 2 3 Figure S1. Comparison of the recruitment kinetics of 8 types of irradiationapplied on the normal tissue cellssimulated in Models A, and B.Figure A1(a)-(d)are results for photons with 0.5, 1.3, 2and 4Gy doses; (e)-(h) are results for protons with 0.5, 2and3Gydoses. 4 5 Figure S2. The recruitment kinetics of Arteims-deficient and XLF-deficient cell system corresponding to the repair kinetics in Figure 7. Figure S3. Recruitment kinetics of proteins when irradiated with laser and 4Gy proton(7.5MeV).Each DSB is scored as occurring within heterochromatin or euchromatin. The exact proportion of the genome comprising of either form of chromatin compaction varies within the literature. 6 Figure S4.The recruitment kinetics of “Parallel” pathway assigned with 25% and 48% heterochromatin (forced to recruit DNA-PKcs only, and euchromatin is forced to recruit CtIP) under 2Gy photon/1Gy 1.7keV/um
46	Wave 2	A	18	candidate	10.3390/cancers14153793	Revealing the Increased Stress Response Behavior through Transcriptomic Analysis of Adult Zebrafish Brain after Chronic Low to Moderate Dose Rates of Ionizing Radiation	2022	Cancers	6	dose-rate / low-dose response; radiation quality / RBE; omics / biomarkers / signatures; immune / inflammation / senescence	semantic_scholar		https://www.mdpi.com/2072-6694/14/15/3793/pdf?version=1659601979	TODO: replication brief + artifact/data/code harvest	Simple Summary The increasing use of radiopharmaceuticals for medical diagnostics and radiotherapy raises concerns regarding health risks for both humans and the environment. Additionally, in the context of major nuclear accidents like in Chernobyl and Fukushima, very little is known about the effects of chronic exposure to low and moderate dose rates of ionizing radiation (IR). Many studies demonstrated the sensibility of the developmental brain, but little data exists for IR at low dose rates and their impact on adults. In this study, we characterized the molecular mechanisms that orchestrate stress behavior caused by chronic exposure to low to moderate dose rates of IR using the adult zebrafish model. We observed the establishment of a congruent stress response at both the molecular and individual levels. Abstract High levels of ionizing radiation (IR) are known to induce neurogenesis
47	Wave 2	A	18	candidate	10.1038/s41392-025-02271-2	Dual ENPP1/ATM depletion blunts DNA damage repair boosting radioimmune efficacy to abrogate triple-negative breast cancer	2025	Signal Transduction and Targeted Therapy	2	DNA repair / DDR; radiation quality / RBE; omics / biomarkers / signatures; immune / inflammation / senescence	semantic_scholar		https://www.semanticscholar.org/paper/34af6ea74bf5effdace3557bda27f7680f31a271	TODO: replication brief + artifact/data/code harvest	The ATP-hydrolytic ectoenzyme ENPP1 has been implicated in the metastasis and recurrence in triple-negative breast cancer (TNBC), primarily by contributing to tumor cell survival and treatment resistance. However, the precise mechanisms remain unclear. In a model of local recurrence (LR), circulating tumor cells (CTC) engrafting in the post-resection tumor bed developed a radioresistant phenotype linked to an ENPP1+-gene signature which was also identified in TNBC patients, suggesting ENPP1´s role in genome integrity. Blockade of ENPP1 using a permeable ENPP1 inhibitor (AVA-NP-695) reduced radioresistance, mechanistically attributed to decreased homologous recombination (HR) resulting in persistent DNA damage, as evidenced by enhanced tail moment and sustained γH2AX formation. This impaired DNA damage repair (DDR) sensitized tumor cells to ionizing radiation (IR). Notably, several DDR in
48	Wave 2	A	18	candidate	10.1101/2021.07.07.451516	Differential effects of high versus low linear energy transfer (LET) radiation on type-I interferon (IFNβ) and TREX1 responses	2021	bioRxiv	0	DNA repair / DDR; radiation quality / RBE; immune / inflammation / senescence; computational model / simulation	semantic_scholar		https://doi.org/10.1101/2021.07.07.451516	TODO: replication brief + artifact/data/code harvest	Purpose Cancer cells produce innate immune signals following radiation damage, with STING pathway signaling as a critical mediator. High linear energy transfer (LET) radiations create larger numbers of DNA double-strand breaks (DSBs) per unit dose than low-LET radiations and may therefore be more immunogenic. We studied the dose response characteristics of pro-immunogenic type-I interferon, interferon-beta (IFNβ), and its reported suppressor signal, three-prime repair exonuclease 1 (TREX1), in vitro with low-LET x-rays and high-LET fast neutrons. Methods Merkel cell carcinoma cells (MCC) were irradiated by graded doses of x-rays (1-24 Gy) or fast neutrons (1-8 Gy). IFNβ was measured as a function of dose via ELISA assay, and exonuclease TREX1 expression via immunofluorescence microscopy. The Monte Carlo damage simulation (MCDS) was used to model fast neutron relative biological effective
49	Wave 2	A	18	candidate	10.3390/ijms262411869	Impact of Low-Dose CT Radiation on Gene Expression and DNA Integrity	2025	International Journal of Molecular Sciences	0	DNA repair / DDR; dose-rate / low-dose response; omics / biomarkers / signatures; computational model / simulation	semantic_scholar		https://www.semanticscholar.org/paper/777198d56e701c8e5a1063025818bedf0498c984	TODO: replication brief + artifact/data/code harvest	Computed tomography (CT) is a major source of low-dose ionizing radiation exposure in medical imaging. Risk assessment at this dose level is difficult and relies on the hypothetical linear no-threshold model. To address the response to such low doses in patients undergoing CT scans, we examined radiation-induced alterations at the transcriptomic and DNA damage levels in peripheral blood cells. Peripheral whole blood of 60 patients was collected before and after CT. Post-CT samples were obtained 4–6 h after scan (n = 28, in vivo incubation) or alternatively immediately after the CT scan, followed by ex vivo incubation (n = 32). The gene expression of known radiation-responsive genes (n = 9) was quantified using qRT-PCR. DNA double-strand breaks (DSB) were assessed in 12 patients through microscopic γ-H2AX + 53BP1 DSB focus staining. The mean dose–length product (DLP) across all scans was 
50	Wave 2	A	18	candidate	10.1073/pnas.210171597	Supporting Information – S1 Text				DNA repair / DDR; omics / biomarkers / signatures; computational model / simulation	dropbox_pdf		/Users/stevens/Dropbox/REPLICATE-PROJECT/LUCID-replications/lucid-p53-repair/source-Hat2016-S1.pdf	TODO: replication brief + artifact/data/code harvest	Supporting Information – S1 Text (with Tables A, B, C) featuring the article Feedbacks, Bifurcations, and Cell Fate Decision-Making in the p53 System by Beata Hat, Marek Kochańczyk, Marta N. Bogdał, and Tomasz Lipniacki PLOS Computational Biology 2016 Overview of mathematical models of the p53 system Generation of oscillations Bar-Or et al. [S1] found that oscillations arise due to the existence of the negative feedback loop coupling p53 with its inhibitor Mdm2 and proposed a three-component model with a hypothetical intermediate which introduces time delay between accumulation of p53 and accumulation of its inhibitor Mdm2, explaining the observed damped oscillations. Later, when Lahav et al. [S2] and Geva-Zatorski et al. [S3] demonstrated experimentally that single cells can exhibit undamped oscillations of p53 and Mdm2 levels, Ma et al. [S4] attributed time delays to the processes of M
51	Wave 2	A	16	candidate	10.1371/journal.pone.0079541	Use of the γ-H2AX Assay to Investigate DNA Repair Dynamics Following Multiple Radiation Exposures	2013	PLoS ONE	176	DNA repair / DDR; computational model / simulation	dropbox_pdf		/Users/stevens/Dropbox/XFER/LUCID-replication-targets/c716b571dcc2a9dc124bc81c581721d7ae697990.pdf	TODO: replication brief + artifact/data/code harvest	Radiation therapy is one of the most common and effective strategies used to treat cancer. The irradiation is usually performed with a fractionated scheme, where the dose required to kill tumour cells is given in several sessions, spaced by specific time intervals, to allow healthy tissue recovery. In this work, we examined the DNA repair dynamics of cells exposed to radiation delivered in fractions, by assessing the response of histone-2AX (H2AX) phosphorylation (γ-H2AX), a marker of DNA double strand breaks. γ-H2AX foci induction and disappearance were monitored following split dose irradiation experiments in which time interval between exposure and dose were varied. Experimental data have been coupled to an analytical theoretical model, in order to quantify key parameters involved in the foci induction process. Induction of γ-H2AX foci was found to be affected by the initial radiation
52	Wave 3	A	16	candidate	10.1667/rr15531.1	Cellular Response to Proton Irradiation: A Simulation Study with TOPAS-nBio	2020	Radiation Research	47	DNA repair / DDR; radiation quality / RBE; computational model / simulation	semantic_scholar		https://bioone.org/journals/radiation-research/volume-194/issue-1/RR15531.1/Cellular-Response-to-Proton-Irradiation--A-Simulation-Study-with/10.1667/RR15531.1.pdf	TODO: replication brief + artifact/data/code harvest	The cellular response to ionizing radiation continues to be of significant research interest in cancer radiotherapy, and DNA is recognized as the critical target for most of the biologic effects of radiation. Incident particles can cause initial DNA damages through physical and chemical interactions within a short time scale. Initial DNA damages can undergo repair via different pathways available at different stages of the cell cycle. The misrepair of DNA damage results in genomic rearrangement and causes mutations and chromosome aberrations, which are drivers of cell death. This work presents an integrated study of simulating cell response after proton irradiation with energies of 0.5–500 MeV (LET of 60–0.2 keV/µm). A model of a whole nucleus with fractal DNA geometry was implemented in TOPAS-nBio for initial DNA damage simulations. The default physics and chemistry models in TOPAS-nBio
53	Wave 3	A	16	candidate	10.1016/j.gene.2019.144008	Gene regulation for the extreme resistance to ionizing radiation of Deinococcus radiodurans.	2019	Gene	23	DNA repair / DDR; omics / biomarkers / signatures; immune / inflammation / senescence; microbial / extremophile	semantic_scholar		https://www.semanticscholar.org/paper/1a3c14d86e054b0ccd31a7a1e7f72fdf34f7890a	TODO: replication brief + artifact/data/code harvest	Deinococcus radiodurans is a model microorganism used for studies on DNA repair and antioxidation due to its extraordinary tolerance to ionizing radiation and other DNA-damaging agents. Various transcriptome analyses have revealed that hundreds of genes are induced and that many other genes are repressed during recovery of D. radiodurans following irradiation, suggesting that gene regulation is of great importance for the extreme resistance of this microorganism to ionizing radiation. In this article, we focus on some reported strategies that are employed by D. radiodurans to regulate the genes implicated in its extreme tolerance to ionizing radiation for a comprehensive understanding of the reasons this bacterium can survive such extraordinary stress. We expect this review to shed light on potential radioprotective agents and applications for use in a range of fields.
54	Wave 3	A	16	candidate	10.1177/15593258221105695	Dose-Response Effects of Low-Dose Ionizing Radiation on Blood Parameters in Industrial Irradiation Workers	2022	Dose-Response	17	DNA repair / DDR; dose-rate / low-dose response; radiation quality / RBE; computational model / simulation	semantic_scholar		https://doi.org/10.1177/15593258221105695	TODO: replication brief + artifact/data/code harvest	While previous studies have focused on the health effects of occupational exposure of radiations on medical radiation workers, few have analyzed the dose-response relationship between low radiation doses and changes in blood parameters. Even fewer studies have been conducted on industrial worker populations. Using a prospective cohort study design, this study collected health examination reports and personal dose monitoring data from 705 industrial irradiation workers who underwent regular physical examinations at Dongguan Sixth People’s Hospital. The dose-response effects of low-dose ionizing radiation on blood parameters were assessed using a generalized linear model and restricted cubic spline model. Red blood cell counts decreased then increased, before decreasing again with increasing ionizing radiation. This was in contrast to the curve of the total platelet count after irradiation
55	Wave 3	A	16	candidate	10.1002/cbin.11900	RPRM deletion preserves hematopoietic regeneration by promoting EGFR‐dependent DNA repair and hematopoietic stem cell proliferation post ionizing radiation	2022	Cell Biology International	8	DNA repair / DDR; radiation quality / RBE; computational model / simulation	semantic_scholar		https://onlinelibrary.wiley.com/doi/pdfdirect/10.1002/cbin.11900	TODO: replication brief + artifact/data/code harvest	Reprimo (RPRM), a target gene of p53, is a known tumor suppressor. DNA damage induces RPRM, which triggers p53‐dependent G2 arrest by inhibiting cyclin B1/Cdc2 complex activation and promotes DNA damage‐induced apoptosis. RPRM negatively regulates ataxia‐telangiectasia mutated by promoting its nuclear‐cytoplasmic translocation and degradation, thus inhibiting DNA damage. Therefore, RPRM plays a crucial role in DNA damage response. Moreover, the loss of RPRM confers radioresistance in mice, which enables longer survival and less severe intestinal injury after radiation exposure. However, the role of RPRM in radiation‐induced hematopoietic system injury remains unknown. Herein, utilizing a RPRM‐knockout mouse model, we found that RPRM deletion did not affect steady‐state hematopoiesis in mice. However, RPRM knockout significantly alleviated radiation‐induced hematopoietic system injury and
56	Wave 3	A	16	candidate	10.3390/cimb45090465	Dose-Dependent Shift in Relative Contribution of Homologous Recombination to DNA Repair after Low-LET Ionizing Radiation Exposure: Empirical Evidence and Numerical Simulation	2023	Current Issues in Molecular Biology	7	DNA repair / DDR; radiation quality / RBE; computational model / simulation	semantic_scholar		https://www.mdpi.com/1467-3045/45/9/465/pdf?version=1694421799	TODO: replication brief + artifact/data/code harvest	Understanding the relative contributions of different repair pathways to radiation-induced DNA damage responses remains a challenging issue in terms of studying the radiation injury endpoints. The comparative manifestation of homologous recombination (HR) after irradiation with different doses greatly determines the overall effectiveness of recovery in a dividing cell after irradiation, since HR is an error-free mechanism intended to perform the repair of DNA double-strand breaks (DSB) during S/G2 phases of the cell cycle. In this article, we present experimentally observed evidence of dose-dependent shifts in the relative contributions of HR in human fibroblasts after X-ray exposure at doses in the range 20–1000 mGy, which is also supported by quantitative modeling of DNA DSB repair. Our findings indicate that the increase in the radiation dose leads to a dose-dependent decrease in the 
57	Wave 3	A	16	candidate	10.1016/j.bbrc.2024.149539	Exploring DNA repair deficient CHO cell response to low dose rate radiation.	2024	Biochemical and Biophysical Research Communications - BBRC	3	DNA repair / DDR; dose-rate / low-dose response; computational model / simulation	semantic_scholar		https://www.semanticscholar.org/paper/67e1c64886cc9add2c3c9d70e228cf0b974832be	TODO: replication brief + artifact/data/code harvest	"INTRODUCTION
DNA double-strand breaks (DSBs) induced by ionizing radiation pose a significant threat to genome integrity, necessitating robust repair mechanisms. This study explores the responses of repair-deficient cells to low dose rate (LDR) radiation. Non-homologous end joining (NHEJ) and homologous recombination (HR) repair pathways play pivotal roles in maintaining genomic stability. The hypothesis posits distinct cellular outcomes under LDR exposure compared to acute radiation, impacting DNA repair mechanisms and cell survival.


MATERIALS AND METHODS
Chinese hamster ovary (CHO) cells, featuring deficiencies in NHEJ, HR, Fanconi Anemia, and PARP pathways, were systematically studied. Clonogenic assays for acute and LDR gamma-ray exposures, cell growth inhibition analyses, and γ-H2AX foci assays were conducted, encompassing varied dose rates to comprehensively assess cellular respo"
58	Wave 3	A	16	candidate	10.9734/arrb/2026/v41i52391	An Ingestion-based Chronic Internal Radiation Model in Caenorhabditis elegans Using Americium Trichloride Reveals Tissue-specific Oxidative Stress and Reproductive Toxicity	2026	Annual Research &amp; Review in Biology	0	dose-rate / low-dose response; radiation quality / RBE; microbial / extremophile; computational model / simulation	semantic_scholar		https://www.semanticscholar.org/paper/a47c3250f9a9ef0e9db6190d7a72c9adcf53266a	TODO: replication brief + artifact/data/code harvest	"Background: Long-term internal exposure to trace environmental radionuclides poses significant health risks. This is especially true for those emitting high linear energy transfer (LET) alpha particles. Traditional radiotoxicology assessments rely heavily on in vitrocultures, mammalian models, or external irradiation systems. A critical research gap exists for chronic internal exposure models of low-penetrating alpha radiation. Such models must use biological uptake pathways to ensure accurate microdosimetry. 
Aims: We aimed to evaluate the biological effects of chronic internal exposure to alpha radiation. To achieve this, we established a chronic ingestion and injury model in Caenorhabditis elegans (C. elegans). We used americium trichloride (AmCl3) as the radiation source. 
Methodology: We created an ingestion pathway using a liquid exposure system with inactivated Escherichia coli (E"
59	Wave 3	A	16	candidate	10.3390/genes17020191	Genetic Determinants of Radiosensitivity: Evidence of Radioresistance-Associated SNP Enrichment in Occupational Workers Chronically Exposed to Low-Dose Radiation.	2026	Genes	0	DNA repair / DDR; dose-rate / low-dose response; computational model / simulation	semantic_scholar		https://www.semanticscholar.org/paper/1afc8aed4f421d8ba4355608a96c762827f1753b	TODO: replication brief + artifact/data/code harvest	Background: Interindividual radiosensitivity is largely driven by genetic regulation of DNA damage recognition, repair, and cell-cycle control. TP53 and CDKN1A (p21) are key genomic markers associated with differential responses to ionizing radiation. Methods: This study investigated eight functional SNP markers across several key genes involved in DNA damage responses and cellular stress regulation, including TP53, CDKN1A/p21, APC, VEGF, XPD, and RAD51, in occupational groups exposed to chronic low-dose ionizing radiation at the Stepnogorsk Mining Chemical Combine and the Balkashinskoye uranium deposit. Genotyping was performed using PCR-based assays followed by restriction fragment length polymorphism (RFLP) analysis. Allele and genotype frequencies were compared between radiation-exposed workers and matched controls within Kazakh and Russian ethnic subgroups. Statistical differences w
60	Wave 3	A	16	candidate	10.1667/rade-25-00194	Influence of LET on Low-dose Radiation Responses: Signatures of Hyper-radiosensitivity after High-LET Irradiation.	2026	Radiation Research	0	dose-rate / low-dose response; radiation quality / RBE; omics / biomarkers / signatures; computational model / simulation	semantic_scholar		https://www.semanticscholar.org/paper/28610cd00f128032da371369cc75beab3ac69276	TODO: replication brief + artifact/data/code harvest	Hyper-radiosensitivity refers to increased cellular sensitivity at low doses of ionizing radiation and is not accurately captured by classical radiobiological models. Although predominantly studied in the context of low-LET radiation, such as photons, its behavior under high-LET conditions remains less well characterized. In this work, we introduce an analytical formulation of the minimum mutation load (MML) model. This model explains hyper-radiosensitivity and induced radioresistance as a self-protective tissue strategy that minimizes long-term mutational burden by selectively eliminating heavily damaged cells. Overall cell survival can then be modeled as the product of two independent mechanisms: conventional radiation-induced cell killing, described by the linear-quadratic (LQ) model, and programmed cell death, governed by mutation load minimization, as captured by the MML framework. 
61	Wave 3	A	16	candidate	10.1126/sciadv.abf1771	Novel Mechanistic Insights in Radiation Biology				DNA repair / DDR; radiation quality / RBE; immune / inflammation / senescence; computational model / simulation	dropbox_pdf;lucid_reference		/Users/stevens/Dropbox/Novel Mechanistic Insights in Radiation Biology (2019–2024).pdf	TODO: replication brief + artifact/data/code harvest	Novel Mechanistic Insights in Radiation Biology (2019–2024) Radiation biology has witnessed a surge of discoveries in the past five years, revealing new molecular mechanisms that govern cellular responses to ionizing radiation. DNA double-strand breaks (DSBs) remain the most lethal lesions induced by radiation, and their repair involves intricate networks of proteins and signaling pathways 1 . Beyond the classical DNA repair proteins, recent studies highlight novel protein– protein interactions, regulatory complexes, and cellular processes that modulate DNA repair efficacy, oxidative stress responses, and cell fate after radiation exposure. Here, we review 20 of the most interesting and novel mechanistic ideas in radiation biology research (2019–2024), with an emphasis on human biology (while drawing insights from other organisms where relevant). These findings span newly discovered DNA 
62	Wave 4	A	16	candidate	10.1088/1742-6596/3109/1/012098	Proteomic Profiling of Deinococcus radiodurans Reveals Irradiation-Induced Proteins and Their Associated Functional Pathways	2025	Journal of Physics: Conference Series	0	DNA repair / DDR; microbial / extremophile; computational model / simulation	semantic_scholar		https://www.semanticscholar.org/paper/41862ed103d92488c21c7544e6be0f80bc7e4827	TODO: replication brief + artifact/data/code harvest	Deinococcus radiodurans is an extremophilic microorganism renowned for its extraordinary resistance to ionizing radiation. Its unique DNA repair capacity and robust protein protection mechanisms make it an important model organism for studying cellular responses to radiation stress. Although multiple radiation-resistance mechanisms have been elucidated, proteomic-level insights—particularly regarding proteins specifically expressed after irradiation—remain limited. In this study, we employed high-resolution liquid chromatography-tandem mass spectrometry (LC-MS/MS) combined with bioinformatic analysis to systematically investigate the proteomic profiles of D. radiodurans at 0, 1, and 3 hours following exposure to 6 kGy of γ-radiation. Unlike traditional differential expression analysis, this study focused on proteins exclusively identified in the irradiated group, from which a total of 62
63	Wave 4	A	15	candidate	10.1289/ehp.98106s1301	DNA-dependent protein kinase does not play a role in adaptive survival responses to ionizing radiation.	1998	Environmental Health Perspectives	16	DNA repair / DDR; dose-rate / low-dose response; omics / biomarkers / signatures; computational model / simulation	semantic_scholar		https://europepmc.org/articles/pmc1533273?pdf=render	TODO: replication brief + artifact/data/code harvest	We previously demonstrated that exposure of certain human tumor cells to very low chronic doses of ionizing radiation led to their enhanced survival following exposure to subsequent high doses of radiation. Survival enhancement due to these adaptive survival responses (ASRs) ranged from 1.5-fold to 2.2-fold in many human tumor cells. Furthermore, we showed that ASRs result from altered G1 checkpoint regulation, possibly mediated by overexpression of cyclin D1, proliferating cell nuclear antigen (PCNA), and the X-ray induction of cyclin A. Because cyclin D1 and PCNA proteins are components of many DNA synthetic and repair processes in the cell, we tested the hypothesis that preexposure of cells to low doses of ionizing radiation enabled activation of the DNA repair machinery needed for survival recovery after high-dose radiation. We examined the role of DNA break repair in ASRs using muri
64	Wave 4	A	15	candidate	10.1667/rr2877.1	Mechanistic Analysis of the Contributions of DNA and Protein Damage to Radiation-Induced Cell Death	2012	Radiation Research	10	DNA repair / DDR; radiation quality / RBE; microbial / extremophile; computational model / simulation	semantic_scholar		https://europepmc.org/articles/pmc3580191?pdf=render	TODO: replication brief + artifact/data/code harvest	Protein oxidation can contribute to radiation-induced cell death by two mechanisms: (1) by reducing the fidelity of DNA repair, and (2) by decreasing cell viability directly. Previously, we explored the first mechanism by developing a mathematical model and applying it to data on Deinococcus radiodurans. Here we extend the model to both mechanisms, and analyze a recently published data set of protein carbonylation and cell survival in D. radiodurans and Escherichia coli exposed to gamma and ultraviolet radiation. Our results suggest that similar cell survival curves can be produced by very different mechanisms. For example, wild-type E. coli and DNA double-strand break (DSB) repair-deficient recA- D. radiodurans succumb to radiation doses of similar magnitude, but for different reasons: wild-type E. coli proteins are easily oxidized, causing cell death even at low levels of DNA damage, w
65	Wave 4	A	15	candidate	10.1002/mp.16764	Most DNA repair defects do not modify the relationship between relative biological effectiveness and linear energy transfer in CRISPR-edited cells.	2023	Medical Physics (Lancaster)	8	DNA repair / DDR; radiation quality / RBE; immune / inflammation / senescence; computational model / simulation	semantic_scholar		https://onlinelibrary.wiley.com/doi/pdfdirect/10.1002/mp.16764	TODO: replication brief + artifact/data/code harvest	"BACKGROUND
Cancer is a highly heterogeneous disease, driven by frequent genetic alterations which have significant effects on radiosensitivity. However, radiotherapy for a given cancer type is typically given with a standard dose determined from population-level trials. As a result, a proportion of patients are under- or over-dosed, reducing the clinical benefit of radiotherapy. Biological optimization would not only allow individual dose prescription but also a more efficient allocation of limited resources, such as proton and carbon ion therapy. Proton and ion radiotherapy offer an advantage over photons due to their elevated Relative Biological Effectiveness (RBE) resulting from their elevated Linear Energy Transfer (LET). Despite significant interest in optimizing LET by tailoring radiotherapy plans, RBE's genetic dependence remains unclear.


PURPOSE
The aim of this study is to bett"
66	Wave 4	A	15	candidate	10.1088/1361-6560/ae6d6d	Efficient cell-by-cell simulation of DNA double strand breaks, chromosome aberrations, and cell survival for low- and high-LET radiation particles using TOPAS-nBio and MEDRAS	2026	Physics in Medicine &amp; Biology	0	DNA repair / DDR; dose-rate / low-dose response; radiation quality / RBE; computational model / simulation	semantic_scholar		https://www.semanticscholar.org/paper/4d922b0409895212b0422eadec019d97311e2745	TODO: replication brief + artifact/data/code harvest	The increasing sophistication of Monte Carlo (MC)-based simulations, such as TOPAS-nBio for radiation track structure and DNA damage, and MEDRAS-MC for subsequent DNA repair and cell survival, has ushered in an era of in-silico single-cell radiobiology. However, these simulations remain computationally prohibitive. In this study, we introduce a novel method that significantly accelerates the integrated simulation process for in-silico single-cell radiobiology. Our approach centers on pre-calculating and constructing a single-particle-track (SPT) standard DNA damage (SDD) data library using TOPAS-nBio. Each SPT-SDD data entry in this library records the positions of various DNA damage types (e.g. base damage, single-strand breaks, and double-strand breaks) produced by a single particle track. The comprehensive library contains a large number of SPT-SDD data entries, covering a broad range
67	Wave 4	A	14	candidate	10.1016/j.ijrobp.2020.12.048	Deciphering time-dependent DNA damage complexity, repair and oxygen tension: a mechanistic model for FLASH-dose-rate radiotherapy.	2021	International Journal of Radiation Oncology, Biology, Physics	29	dose-rate / low-dose response; radiation quality / RBE; computational model / simulation	semantic_scholar		https://www.semanticscholar.org/paper/466304b083d8613875c0926653a6126f29e82e13	TODO: replication brief + artifact/data/code harvest	"PURPOSE
Irradiation with ultra-high dose-rates (FLASH) has reemerged as a promising radiotherapy approach to effectively lower potential damage burden on normal tissue without sacrificing tumor control; however, the large number of recent FLASH studies are conducted under vastly different experimental conditions and circumstances i.e. investigated biological endpoint, radiation quality and environmental oxygen level, with unverified biological mechanisms of action and unexplored interplay effect of the main dependencies. To facilitate radiobiological investigation of FLASH phenomena and assessment of clinical applicability, we present an extension of the mechanistic radiobiological model ""XXX"" († MODELX).


MATERIALS AND METHODS
The dynamic (time-dependent) extension of MODELX is developed here incorporating fundamental temporal mechanisms necessary for dose-rate effect prediction, i.e. "
68	Wave 4	A	14	candidate	10.2967/jnumed.118.210252	Radiation Dose Does Matter: Mechanistic Insights into DNA Damage and Repair Support the Linear No-Threshold Model of Low-Dose Radiation Health Risks	2018	Journal of Nuclear Medicine	29	DNA repair / DDR; dose-rate / low-dose response; radiation quality / RBE; computational model / simulation	semantic_scholar		https://doi.org/10.2967/jnumed.118.210252	TODO: replication brief + artifact/data/code harvest	The Siegel et al. commentary (1) calls for reassessing the risks of low-dose exposure to ionizing radiation. It contends that when the National Academy of Sciences committee prepared its Biologic Effects of Ionizing Radiation (BEIR VII) report (2), they ‘‘erred in the interpretation of their selected literature.’’ This commentary is the most recent in a series of articles (3,4) that challenge the BEIR VII committee’s conclusion ‘‘that the linear no-threshold model (LNT) provided the most reasonable description of the relation between low-dose exposure to ionizing radiation and the incidence of solid cancers that are induced by ionizing radiation.’’ More specifically, this most recent commentary asserts that the BEIR VII report placed undue emphasis on a single in vitro study of radiogenic chromosomal damage (5). The commentary reexamines data from that study and suggests that chromosomal
69	Wave 4	A	14	candidate	10.1093/eep/dvw025	Fractionated low-dose exposure to ionizing radiation leads to DNA damage, epigenetic dysregulation, and behavioral impairment	2016	Environmental epigenetics	24	dose-rate / low-dose response; omics / biomarkers / signatures; computational model / simulation	semantic_scholar		https://doi.org/10.1093/eep/dvw025	TODO: replication brief + artifact/data/code harvest	Studies of Fractionated Exposure to Low Doses of Ionizing Radiation (FELDIR) has become of increasing importance to clinical interventions. Its consequences on DNA damage, physical, and mental health have been insufficiently investigated, however. The goal of this study was to determine the effects of FELDIR on the brain using a mouse model. We addressed the levels of DNA damage, global genomic methylation, and DNA methylation machinery in cerebellum, frontal lobe, olfactory bulb and hippocampal tissues, as well as behavioral changes linked to FELDIR exposure. The results reveal increased levels of DNA damage, as reflected by increased occurrence of DNA Strand Breaks (SBs) and dysregulation of stress-response kinase p38. FELDIR also resulted in initial loss of global genomic methylation and altered expression of methyltransferases DNMT1 (down-regulation) and DNMT3a (up-regulation), as we
70	Wave 4	A	14	candidate	10.1098/rsif.2015.0679	DNA double-strand break repair: a theoretical framework and its application	2016	Journal of the Royal Society Interface	12	DNA repair / DDR; computational model / simulation	semantic_scholar		https://royalsocietypublishing.org/doi/pdf/10.1098/rsif.2015.0679	TODO: replication brief + artifact/data/code harvest	DNA double-strand breaks (DSBs) are formed as a result of genotoxic insults, such as exogenous ionizing radiation, and are among the most serious types of DNA damage. One of the earliest molecular responses following DSB formation is the phosphorylation of the histone H2AX, giving rise to γH2AX. Many copies of γH2AX are generated at DSBs and can be detected in vitro as foci using well-established immuno-histochemical methods. It has previously been shown that anti-γH2AX antibodies, modified by the addition of the cell-penetrating peptide TAT and a fluorescent or radionuclide label, can be used to visualize and quantify DSBs in vivo. Moreover, when labelled with a high amount of the short-range, Auger electron-emitting radioisotope, 111In, the amount of DNA damage within a cell can be increased, leading to cell death. In this report, we develop a mathematical model that describes how mole
71	Wave 4	A	14	candidate	10.1080/09553002.2023.2211142	Low-dose-rate ionizing radiation affects innate immunity protein IFITM3 in a mouse model of Alzheimer’s disease	2023	International Journal of Radiation Biology	8	dose-rate / low-dose response; immune / inflammation / senescence; computational model / simulation	semantic_scholar		https://doi.org/10.1080/09553002.2023.2211142	TODO: replication brief + artifact/data/code harvest	Abstract Purpose Although the adverse health risks associated with low-dose radiation (LDR) are highly debated, relevant data on neuronal function following chronic LDR exposure are still lacking. Materials and Methods To confirm the effect of chronic LDR on the progression of Alzheimer’s disease (AD), we investigated changes in behavior and neuroinflammation after radiation exposure in wild-type (WT) and 5xFAD (TG) mice, an animal model of AD. WT and TG mice, classified by genotyping, were exposed to low-dose-rate radiation for 112 days, with cumulative doses of 0, 0.1, and 0.3 Gy, then evaluated using the open-field and Y-maze behavioral function tests. Changes in the levels of APP processing- and neuroinflammation-related genes were also investigated. Results No apparent change was evident in either non-spatial memory function or locomotor activity, as examined by the Y-maze and open 
72	Wave 5	A	14	candidate	10.1016/j.archoralbio.2023.105874	Photobiomodulation effects on fibroblasts and keratinocytes after ionizing radiation and bacterial stimulus.	2023	Archives of Oral Biology	6	DNA repair / DDR; omics / biomarkers / signatures; immune / inflammation / senescence; microbial / extremophile	semantic_scholar		https://www.semanticscholar.org/paper/794bd6f8b048c31170b88ef530182f82a09d0b8c	TODO: replication brief + artifact/data/code harvest	"OBJECTIVE
Photobiomodulation therapy (PBMT) has proven to reduce inflammation and pain and increase wound healing. Thus, the aim of this study was to analyze the effects of PBMT parameters on migration, proliferation, and gene expression after ionizing radiation and bacterial-induced stress in an in vitro study.


DESIGN
Keratinocytes (HaCaT) and Fibroblasts (HGFs) were grown in DMEM with 10 % fetal bovine serum until stressful condition induction with lipopolysaccharide (LPS) of Escherichia coli (1 µg/mL), Porphyromonas gingivalis protein extract (5 µg/mL) and ionizing radiation (8 Gy). Low-laser irradiation (660 nm, 30 mW) was carried out in four sessions, with 6 h intervals, and energy density of 2, 3, 4, and 5 J/cm². Scratch assays, immunofluorescence, and RT-qPCR were performed.


RESULTS
Treated fibroblasts and keratinocytes showed significant response in proliferation and migratio"
73	Wave 5	A	14	candidate	10.1080/09553002.2023.2241897	Candidate Biomarkers and Persistent Transcriptional responses after Low and High Dose Ionizing Radiation at High Dose Rate	2023	International Journal of Radiation Biology	4	dose-rate / low-dose response; omics / biomarkers / signatures; computational model / simulation	semantic_scholar		https://www.tandfonline.com/doi/pdf/10.1080/09553002.2023.2241897?needAccess=true&role=button	TODO: replication brief + artifact/data/code harvest	Abstract Purpose Development of an integrated time and dose model to explore the dynamics of gene expression alterations and identify biomarkers for biodosimetry following low- and high-dose irradiations at high dose rate. Material and methods We utilized multiple transcriptome datasets (GSE8917, GSE43151, and GSE23515) from Gene Expression Omnibus (GEO) for identifying candidate biological dosimeters. A linear mixed-effects model with random intercept was used to explore the dose-time dynamics of transcriptional responses and to functionally characterize the time- and dose-dependent changes in gene expression. Results We identified genes that are correlated with dose and time and discovered two clusters of genes that are either positively or negatively correlated with both dose and time based on the parameters of the model. Genes in these two clusters may have persistent transcriptional
74	Wave 5	A	14	candidate		A multiscale radiation biophysical stochastic model describing the cell survival response at ultra-high dose rate	2024		0	DNA repair / DDR; dose-rate / low-dose response; computational model / simulation	semantic_scholar		https://www.semanticscholar.org/paper/e5c1ab5e67dbdb35bc6c0aea222926d1f6de0653	TODO: replication brief + artifact/data/code harvest	Ultra-high dose-rate (UHDR) radiotherapy, characterized by an extremely high radiation delivery rate, represents one of the most recent and promising frontier in radiotherapy. UHDR radiotherapy, addressed in the field as FLASH radiotherapy, is a disruptive treatment modality with several benefits, including significantly shorter treatment times, unchanged effectiveness in treating tumors, and clear reductions in side effects on normal tissues. While the benefits of UHDR irradiation have been well highlighted experimentally, the biological mechanism underlying the FLASH effect is still unclear and highly debated. Nonetheless, to effectively use UHDR radiotherapy in clinics, understanding the driving biological mechanism is paramount. Since the concurrent involvement of multiple scales of radiation damage has been suggested, we developed the MultiScale Generalized Stochastic Microdosimetri
75	Wave 5	A	14	candidate	10.1016/j.mrrev.2026.108585	Biological effects and potential genetic/epigenetic adaptive responses to chronic natural background radiation.	2026	Mutation research. Reviews in mutation research	0	DNA repair / DDR; dose-rate / low-dose response; omics / biomarkers / signatures; computational model / simulation	semantic_scholar		https://www.semanticscholar.org/paper/ee4f9965c5a7842297644a5428a4244754a51f8f	TODO: replication brief + artifact/data/code harvest	Natural background radiation (NBR) delivers chronic low-dose-rate ionizing radiation worldwide, with a global average annual effective dose of ∼2.4 mSv. In certain high-background radiation areas (HBRAs), annual doses range from 10 to > 200 mSv. While the linear no-threshold (LNT) model assumes any radiation dose carries some cancer risk, epidemiological studies in HBRAs (Kerala-India, Ramsar-Iran, Yangjiang-China, Guarapari-Brazil) have consistently failed to detect the predicted cancer excess. Some cytogenetic and molecular investigations suggest enhanced DNA repair proficiency or lower-than-expected chromosomal damage in chronically exposed residents. This narrative review critically synthesizes epidemiological, cytogenetic, and limited molecular evidence from HBRAs, evaluates the ability of current dose-response models (LNT versus non-linear alternatives) to explain these observation
76	Wave 5	A	14	candidate	10.1093/occmed/kqae023.1211	O-316 THE POTENTIAL APPLICATION OF GENE EXPRESSION PROFILES TO PREDICT BIOLOGICAL EFFECTS OF LOW DOSE IONIZING RADIATION EXPOSURE: ARE BIOMARKERS IN HUMAN BLOOD CELLS RELIABLE FOR THE CARCINOGENIC RISK ASSESSMENT?	2024	Occupational Medicine	0	dose-rate / low-dose response; omics / biomarkers / signatures; computational model / simulation	semantic_scholar		https://www.semanticscholar.org/paper/b115b18f54783186efb33b0b76cd6cda44fda702	TODO: replication brief + artifact/data/code harvest	"
 
 
 Low dose ionizing radiation (LDIR, dose<100mGy) could increase the risk of occurrence of stochastic effects (e.g., cancer induction) in irradiated cells, but also in nearby or distant cells not directly irradiated (bystander effect). The probability of LDIR harmful effects is currently evaluated using the linear no-threshold model for preventive radiation protection purposes. Potential biological dosimeters include several classes of biomarkers: cytogenetic, gene mutation related, nucleotide pool and DNA damage related, and transcriptional and translational changes related.
 
 
 
 Since LDIR can trigger biological mechanisms which alter genome, epigenome, transcriptome and/or proteome before modifying cell differentiation and phenotype, the study of gene expression profiles can improve biodosimetry-based assessment.
 
 
 
 The ideal biomarker for occupational radioprotection should"
77	Wave 5	A	14	candidate	10.1093/jrr/rrs119	Particle irradiation data ensemble (PIDE). Friedrich T, Scholz M.				radiation quality / RBE; computational model / simulation	dropbox_pdf		/Users/stevens/Dropbox/REPLICATE-PROJECT/LUCID-replications/lucid-medras-mc/artifacts/pide_hunt/https_three.jsc.nasa.gov_articles_PIDE.pdf	TODO: replication brief + artifact/data/code harvest	Particle irradiation data ensemble (PIDE). Friedrich T, Scholz M. https://three-jsc.nasa.gov/articles/PIDE.pdf. Date posted: 03-06-2013. Particle Irradiation Data Ensemble Thomas Friedrich, Michael Scholz GSI Helmholtzzentrum für Schwerionenforschung, Planckstraße 1, 64291 Darmstadt, Germany This contribution to THREE is a brief overview of the PIDE project. PIDE is the Particle Irradiation Data Ensemble provided by the Gesellschaft für Schwerionenforschung (GSI) in Darmstadt, Germany. Content 1. 2. 3. 4. 5. What is PIDE? Structure of PIDE Possible issues and ambiguities Dos and don’ts when working with PIDE Updates 1. What is PIDE? PIDE is a radiobiological data base compiling more than 800 pairs of in-vitro cell survival experiments after photon and ion irradiation, which were found in about 75 publications. The experiments comprise investigations with both normal and tumor cell lines 
78	Wave 5	A	14	candidate	10.3390/ijms27062525	Radiobiological Effects of Low-Dose Radiation in Normal Fibroblasts of Patients with Head and Neck Cancer Treated with Induction Chemotherapy Combined with Low-Dose Fractionated Radiation	2026	International Journal of Molecular Sciences	0	DNA repair / DDR; dose-rate / low-dose response; computational model / simulation	semantic_scholar		https://www.semanticscholar.org/paper/55e143c31a194d51096af7a4f3c89c9bab46181e	TODO: replication brief + artifact/data/code harvest	The aim of the study was to define radiobiological effects of single and fractionated low doses in normal fibroblasts in 40 patients with squamous cell carcinoma of the head and neck (HNSCC) treated with induction chemotherapy combined with low-dose fractionated radiation (LDFR) and to answer the question regarding the role of low-dose hyper-radiosensitivity (HRS) in these effects. HRS status was determined using flow cytometry-based clonogenic survival assay (cells were irradiated with doses 0.1–4 Gy of 6 MV X-rays). Radiobiological effects (cell kill, kinetics of DSB recognition and repair, chemopotentiation) of LDFR 4x0.5 Gy and a single dose of 2, 0.5 and 0.2 Gy were estimated by clonogenic, pATM and γH2AX foci assays. HRS response was demonstrated for normal fibroblasts in 6 of the 40 HNSCC patients. For all assessed biological parameters, significant interindividual differences wer
79	Wave 5	A	14	candidate	10.51699/eaedxq67	REVISITING LOW DOSE RADIOBIOLOGY: MECHANISTIC INSIGHTS AND FUTURE DIRECTIONS	2026	Innovative: International Multidisciplinary Journal of Applied Technology (2995-486X)	0	dose-rate / low-dose response; radiation quality / RBE; omics / biomarkers / signatures; immune / inflammation / senescence	semantic_scholar		https://www.semanticscholar.org/paper/754abb72c5db035254300bf4a0b0c37fd98ab790	TODO: replication brief + artifact/data/code harvest	Low-dose radiobiology focuses on the biological effects of ionizing radiation at absorbed doses that are less than about 100 mGy or low dose rates (less than 10 mGy/h -1). These exposures are common, and they include the diagnostic imaging, nuclear medicine, radiotherapy scatter, occupational and environmental exposures, radon exposures and space travel. Although widespread, the biological effects of low dose radiation (LDR) have not been fully defined and they persistently troubles the current radiation risk assessment systems. Linear no-threshold (LNT) radiation protection has been the basis upon which radiation protection has depended over decades, wherein a proportional relationship exists between dose and stochastic risk and there exists no safe dose. Despite the fact that LNT has offered a conservative and practical regulatory foundation, increasing experimental and mechanistic inf
80	Wave 5	B	13	candidate	10.3390/ijms20215350	The Impact of Dose Rate on DNA Double-Strand Break Formation and Repair in Human Lymphocytes Exposed to Fast Neutron Irradiation	2019	International Journal of Molecular Sciences	26	DNA repair / DDR; dose-rate / low-dose response; radiation quality / RBE; computational model / simulation	semantic_scholar		https://www.mdpi.com/1422-0067/20/21/5350/pdf?version=1572246374	TODO: replication brief + artifact/data/code harvest	The lack of information on how biological systems respond to low-dose and low dose-rate exposures makes it difficult to accurately assess the carcinogenic risks. This is of critical importance to space radiation, which remains a serious concern for long-term manned space exploration. In this study, the γ-H2AX foci assay was used to follow DNA double-strand break (DSB) induction and repair following exposure to neutron irradiation, which is produced as secondary radiation in the space environment. Human lymphocytes were exposed to high dose-rate (HDR: 0.400 Gy/min) and low dose-rate (LDR: 0.015 Gy/min) p(66)/Be(40) neutrons. DNA DSB induction was investigated 30 min post exposure to neutron doses ranging from 0.125 to 2 Gy. Repair kinetics was studied at different time points after a 1 Gy neutron dose. Our results indicated that γ-H2AX foci formation was 40% higher at HDR exposure compare
81	Wave 5	B	13	candidate	10.1038/s41598-021-91335-8	A small RNA regulates pprM, a modulator of pleiotropic proteins promoting DNA repair, in Deinococcus radiodurans under ionizing radiation	2021	Scientific Reports	25	DNA repair / DDR; omics / biomarkers / signatures; immune / inflammation / senescence; microbial / extremophile	semantic_scholar		https://www.nature.com/articles/s41598-021-91335-8.pdf	TODO: replication brief + artifact/data/code harvest	Networks of transcriptional and post-transcriptional regulators are critical for bacterial survival and adaptation to environmental stressors. While transcriptional regulators provide rapid activation and/or repression of a wide-network of genes, post-transcriptional regulators, such as small RNAs (sRNAs), are also important to fine-tune gene expression. However, the mechanisms of sRNAs remain poorly understood, especially in less-studied bacteria. Deinococcus radiodurans is a gram-positive bacterium resistant to extreme levels of ionizing radiation (IR). Although multiple unique regulatory systems (e.g., the Radiation and Desiccation Response (RDR)) have been identified in this organism, the role of post-transcriptional regulators has not been characterized within the IR response. In this study, we have characterized an sRNA, PprS (formerly Dsr2), as a post-transcriptional coordinator o
82	Wave 6	B	13	candidate	10.1186/1746-6148-4-18	Identification of immune genes and proteins involved in the response of bovine mammary tissue to Staphylococcus aureus infection	2008	BMC Veterinary Research	23	DNA repair / DDR; dose-rate / low-dose response; omics / biomarkers / signatures; immune / inflammation / senescence	semantic_scholar		https://bmcvetres.biomedcentral.com/counter/pdf/10.1186/1746-6148-4-18	TODO: replication brief + artifact/data/code harvest	BackgroundMastitis in dairy cattle results from infection of mammary tissue by a range of micro-organisms but principally coliform bacteria and Gram positive bacteria such as Staphylococcus aureus. The former species are often acquired by environmental contamination while S. aureus is particularly problematic due to its resistance to antibiotic treatments and ability to reside within mammary tissue in a chronic, subclinical state. The transcriptional responses within bovine mammary epithelial tissue subjected to intramammary challenge with S. aureus are poorly characterised, particularly at the earliest stages of infection. Moreover, the effect of infection on the presence of bioactive innate immune proteins in milk is also unclear. The nature of these responses may determine the susceptibility of the tissue and its ability to resolve the infection.ResultsTranscriptional profiling was em
83	Wave 6	B	13	candidate	10.1016/j.cub.2024.03.019	The tardigrade Hypsibius exemplaris dramatically upregulates DNA repair pathway genes in response to ionizing radiation	2024	Current Biology	22	DNA repair / DDR; radiation quality / RBE; omics / biomarkers / signatures; microbial / extremophile	semantic_scholar		https://www.semanticscholar.org/paper/bf0bb1ca9299167f0874629ab93948036e3ad920	TODO: replication brief + artifact/data/code harvest	SUMMARY Tardigrades can survive remarkable doses of ionizing radiation, up to about 1000 times the lethal dose for humans. How they do so is incompletely understood. We found that the tardigrade Hypsibius exemplaris suffers DNA damage upon gamma irradiation, but damage is repaired. We show that this species has a specific and robust response to ionizing radiation: irradiation induces a rapid upregulation of many DNA repair genes. This upregulation is unexpectedly extreme – making some DNA repair transcripts among the most abundant transcripts in the animal. By expressing tardigrade genes in bacteria, we validate that increased expression of some repair genes can suffice to increase radiation tolerance. We show that at least one such gene is important in vivo for tardigrade radiation tolerance. We hypothesize that tardigrades’ ability to sense ionizing radiation and massively upregulate s
84	Wave 6	B	13	candidate	10.3390/ijms242015238	Effect of Long-Term Low-Dose Arsenic Exposure on DNA Methylation and Gene Expression in Human Liver Cells	2023	International Journal of Molecular Sciences	17	DNA repair / DDR; dose-rate / low-dose response; omics / biomarkers / signatures; immune / inflammation / senescence	semantic_scholar		https://www.mdpi.com/1422-0067/24/20/15238/pdf?version=1697523990	TODO: replication brief + artifact/data/code harvest	Millions of people around the world are exposed to elevated levels of arsenic through food or drinking water. Epidemiological studies have linked chronic arsenic exposure to an increased risk of several cancers, cardiovascular disease, central nervous system neuropathies, and genotoxic as well as immunotoxic effects. In addition to the induction of oxidative stress and inhibition of DNA repair processes, epigenetic effects, including altered DNA methylation patterns resulting in aberrant gene expression, may contribute to carcinogenicity. However, the underlying mechanisms by which chronic micromolar concentrations of arsenite affect the methylation status of DNA are not fully understood. In this study, human HepG2 hepatocarcinoma cells were treated with 0.5–10 μM sodium arsenite for 24 h, 10, or 20 days. During these periods, the effects on global DNA methylation, cell cycle phase distr
85	Wave 6	B	13	candidate	10.1140/epjd/e2019-90263-5	Renormalization of radiobiological response functions by energy loss fluctuations and complexities in chromosome aberration induction: deactivation theory for proton therapy from cells to tumor control	2019	European Physical Journal D : Atomic, Molecular and Optical Physics	13	DNA repair / DDR; radiation quality / RBE; immune / inflammation / senescence; computational model / simulation	semantic_scholar		https://link.springer.com/content/pdf/10.1140/epjd/e2019-90263-5.pdf	TODO: replication brief + artifact/data/code harvest	We employ a multi-scale mechanistic approach built upon our recent phenomenological/computational methodologies [R. Abolfath et al., Sci. Rep. 7, 8340 (2017)] to investigate radiation induced cell toxicities and deactivation mechanisms as a function of linear energy transfer in hadron therapy. Our theoretical model consists of a system of Markov chains in microscopic and macroscopic spatio-temporal landscapes, i.e., stochastic birth-death processes of cells in millimeter-scale colonies that incorporates a coarse-grained driving force to account for microscopic radiation induced damage. The coupling, hence the driving force in this process, stems from a nano-meter scale radiation induced DNA damage that incorporates the enzymatic end-joining repair and mis-repair mechanisms. We use this model for global fitting of the high-throughput and high accuracy clonogenic cell-survival data acquire
86	Wave 6	B	13	candidate	10.1016/j.bbi.2023.09.015	Low-dose ionizing radiation promotes motor recovery and brain rewiring by resolving inflammatory response after brain injury and stroke.	2023	Brain, behavior, and immunity	12	DNA repair / DDR; dose-rate / low-dose response; radiation quality / RBE; omics / biomarkers / signatures	semantic_scholar		https://www.semanticscholar.org/paper/20be9770f4eee47ce907fb12ff3a8cd7e47b3c7d	TODO: replication brief + artifact/data/code harvest	Traumatic brain injury (TBI) and stroke share a common pathophysiology that worsens over time due to secondary tissue injury caused by sustained inflammatory response. However, studies on pharmacological interventions targeting the complex secondary injury cascade have failed to show efficacy. Here, we demonstrated that low-dose ionizing radiation (LDIR) reduced lesion size and reversed motor deficits after TBI and photothrombotic stroke. Magnetic resonance imaging demonstrated significant reduction of infarct volume in LDIR-treated mice after stroke. Systems-level transcriptomic analysis showed that genes upregulated in LDIR-treated stoke mice were enriched in pathways associated with inflammatory and immune response involving microglia. LDIR induced upregulation of anti-inflammatory- and phagocytosis-related genes, and downregulation of key pro-inflammatory cytokine production. These f
87	Wave 6	B	13	candidate	10.3389/fonc.2021.768493	High-LET Carbon and Iron Ions Elicit a Prolonged and Amplified p53 Signaling and Inflammatory Response Compared to low-LET X-Rays in Human Peripheral Blood Mononuclear Cells	2021	Frontiers in Oncology	11	DNA repair / DDR; radiation quality / RBE; omics / biomarkers / signatures; immune / inflammation / senescence	semantic_scholar		https://www.frontiersin.org/articles/10.3389/fonc.2021.768493/pdf	TODO: replication brief + artifact/data/code harvest	Understanding the differences in biological response to photon and particle radiation is important for optimal exploitation of particle therapy for cancer patients, as well as for the adequate application of radiation protection measures for astronauts. To address this need, we compared the transcriptional profiles of isolated peripheral blood mononuclear cells 8 h after exposure to 1 Gy of X-rays, carbon ions or iron ions with those of non-irradiated cells using microarray technology. All genes that were found differentially expressed in response to either radiation type were up-regulated and predominantly controlled by p53. Quantitative PCR of selected genes revealed a significantly higher up-regulation 24 h after exposure to heavy ions as compared to X-rays, indicating their prolonged activation. This coincided with increased residual DNA damage as evidenced by quantitative γH2AX foci
88	Wave 6	B	13	candidate	10.1186/s40658-023-00567-2	Estimation of relative biological effectiveness of 225Ac compared to 177Lu during [225Ac]Ac-PSMA and [177Lu]Lu-PSMA radiopharmaceutical therapy using TOPAS/TOPAS-nBio/MEDRAS	2023	EJNMMI Physics	10	DNA repair / DDR; radiation quality / RBE; computational model / simulation	semantic_scholar		https://ejnmmiphys.springeropen.com/counter/pdf/10.1186/s40658-023-00567-2	TODO: replication brief + artifact/data/code harvest	Aim Over recent years, [^225Ac]Ac-PSMA and [^177Lu]Lu-PSMA radiopharmaceutical therapy have evolved as a promising treatment option for advanced prostate cancer. Especially for alpha particle emitter treatments, there is still a need for improving dosimetry, which requires accurate values of relative biological effectiveness (RBE). To achieve that, consideration of DNA damages in the cell nucleus and knowledge of the energy deposition in the location of the DNA at the nanometer scale are required. Monte Carlo particle track structure simulations provide access to interactions at this level. The aim of this study was to estimate the RBE of ^225Ac compared to ^177Lu. The initial damage distribution after radionuclide decay and the residual damage after DNA repair were considered. Methods This study employed the TOol for PArtcile Simulation (TOPAS) based on the Geant4 simulation toolkit. Si
89	Wave 6	B	13	candidate	10.2203/dose-response.10-039.scott	Modeling DNA Double-Strand Break Repair Kinetics as an Epiregulated Cell-Community-Wide (Epicellcom) Response to Radiation Stress	2011	Dose-Response	8	DNA repair / DDR; omics / biomarkers / signatures; computational model / simulation	semantic_scholar		https://journals.sagepub.com/doi/pdf/10.2203/dose-response.10-039.Scott	TODO: replication brief + artifact/data/code harvest	The multicellular signaling model (MULTISIG1) was recently introduced to simulate the kinetics of repair of DNA double-strand breaks (DSBs) that were induced in confluent (non-dividing) cultured cells by a very low radiation dose where at most a single induced DSB would be expected in a given cell nucleus. The repair kinetics was modeled as representing what is now called an epigenetically-regulated (epiregulated) cell-community-wide (epicellcom) response to radiation stress. DSB repair initiation is assumed to require a threshold number of cells with DSBs participating in intercellular stress-response signaling. The MULTISIG1 model is extended in this study to apply to moderate doses where several DSBs can occur on the same DNA molecule. The repair of multiple breaks on the same molecule is treated as sequential stochastic events. For cells of differing genetic characteristics and epige
90	Wave 6	B	13	candidate	10.3389/fmicb.2024.1410024	Comparative genomics of Deinococcus radiodurans: unveiling genetic discrepancies between ATCC 13939K and BAA-816 strains	2024	Frontiers in Microbiology	7	DNA repair / DDR; radiation quality / RBE; omics / biomarkers / signatures; microbial / extremophile	semantic_scholar		https://www.frontiersin.org/journals/microbiology/articles/10.3389/fmicb.2024.1410024/pdf	TODO: replication brief + artifact/data/code harvest	The Deinococcus genus is renowned for its remarkable resilience against environmental stresses, including ionizing radiation, desiccation, and oxidative damage. This resilience is attributed to its sophisticated DNA repair mechanisms and robust defense systems, enabling it to recover from extensive damage and thrive under extreme conditions. Central to Deinococcus research, the D. radiodurans strains ATCC BAA-816 and ATCC 13939 facilitate extensive studies into this remarkably resilient genus. This study focused on delineating genetic discrepancies between these strains by sequencing our laboratory’s ATCC 13939 specimen (ATCC 13939K) and juxtaposing it with ATCC BAA-816. We uncovered 436 DNA sequence differences within ATCC 13939K, including 100 single nucleotide variations, 278 insertions, and 58 deletions, which could induce frameshifts altering protein-coding genes. Gene annotation re
91	Wave 6	B	13	candidate	10.1667/rade-24-00164.1	Contribution of Nuclear Fragmentation to Dose and RBE in Carbon-Ion Radiotherapy	2025	Radiation Research	7	DNA repair / DDR; radiation quality / RBE; computational model / simulation	semantic_scholar		https://www.semanticscholar.org/paper/f69a78d56494cd251b57e808f14a13a9aa5139fb	TODO: replication brief + artifact/data/code harvest	Variable relative biological effectiveness (RBE) of carbon radiotherapy may be calculated using several models, including the microdosimetric kinetic model (MKM), stochastic MKM (SMKM), repair-misrepair-fixation (RMF) model, and local effect model I (LEM), which have not been thoroughly compared. In this work, we compared how these four models handle carbon beam fragmentation, providing insight into where model differences arise. Monoenergetic and spread-out Bragg peak carbon beams incident on a water phantom were simulated using Monte Carlo. Using these beams, input parameters for each model (microdosimetric spectra, DNA double-strand break yield, kinetic energy spectra, physical dose fragment contributions) were calculated for each contributing carbon beam fragment (hydrogen, helium, lithium, beryllium, boron, secondary carbon, primary carbon, electrons, and other). Scored input parame
92	Wave 7	B	13	candidate	10.3389/fpubh.2024.1387330	Low-dose-rate induces more severe cognitive impairment than high-dose-rate in rats exposed to chronic low-dose γ-radiation	2024	Frontiers in Public Health	7	dose-rate / low-dose response; omics / biomarkers / signatures; immune / inflammation / senescence; computational model / simulation	semantic_scholar		https://www.frontiersin.org/journals/public-health/articles/10.3389/fpubh.2024.1387330/pdf	TODO: replication brief + artifact/data/code harvest	Background Owing to the long penetration depth of gamma (γ)-rays, individuals working in ionizing radiation environments are chronically exposed to low-dose γ-radiation, resulting in cognitive changes. Dose rate significantly affects radiation-induced biological effects; however, its role in chronic low-dose γ-irradiation-induced cognitive impairment remains unclear. We aimed to investigate whether chronic low-dose γ-irradiation at low-dose-rate (LDR) could induce cognitive impairment and to compare the cognitive alteration caused by chronic low-dose γ-irradiation at LDR and high-dose-rate (HDR). Methods The rats were exposed to γ-irradiation at a LDR of 6 mGy/h and a HDR of 20 mGy/h for 30 days (5 h/day). Functional imaging was performed to assess the brain inflammation and blood–brain barrier (BBB) destruction of rats. Histological and immunofluorescence analyses were used to reveal th
93	Wave 7	B	13	candidate	10.31083/j.fbl2811296	Oxidative Stress Levels and DNA Repair Kinetics in Senescent Primary Human Fibroblasts Exposed to Chronic Low Dose Rate of Ionizing Radiation.	2023	Frontiers in Bioscience	6	DNA repair / DDR; dose-rate / low-dose response; immune / inflammation / senescence; computational model / simulation	semantic_scholar		https://www.imrpress.com/journal/FBL/28/11/10.31083/j.fbl2811296/pdf	TODO: replication brief + artifact/data/code harvest	"BACKGROUND
Exposure to low dose rate (LDR) radiation may accelerate aging processes. Previously, we identified numerous LDR-induced pathways involved in oxidative stress (OS) and antioxidant systems, suggesting that these pathways protect against premature senescence (PS). This study aimed to investigate if there are differences between young replicative senescent (RS) and PS cells considering DNA repair kinetics, OS, and DNA damage localized in the telomeres.


METHODS
We established PS cells by culturing and passaging young primary fibroblasts exposed to LDR. Then, RS cells were established by culturing and passaging young fibroblasts until they stopped proliferating. Senescence was characterized by analyzing telomere length and senescence-associated β-galactosidase (SA-β-gal) staining. DNA damage and repair were evaluated with γH2AX foci formation; telomere identification was carried "
94	Wave 7	B	13	candidate		Human-Induced Radioresistance as a Possible Mechanism for Producing Biological Weapons: A Feasible Bridge between Radiore-sistance and Resistance to Antibiotics and Genotoxic Agents	2014	Iranian Journal of Public Health	4	DNA repair / DDR; radiation quality / RBE; omics / biomarkers / signatures; microbial / extremophile	semantic_scholar		https://www.semanticscholar.org/paper/24fe5eafbbd1b45cf686cf820bc30fd2ceac314e	TODO: replication brief + artifact/data/code harvest	Dear Editor-in-ChiefDeliberate release of harmful biological agents such as bacteria and viruses which cause disease or death in humans, animals, or plants, an action that is usually referred to as a bioterrorism attack, is a global concern. Bacteria and viruses used in bioterrorism are typically found in our natural en- vironment, but possibly the ability of these agents to cause illness, their resistance to current drugs, their ability for spreading into the environment (air, water and food) could be significantly in- creased by mutations. According to WHO, re- sistance of microorganisms to antimicrobial agents can lead to prolonged illness, greater risk of death and higher costs. Over the past years, investigators have generated extremely radioresistant bacterial species by directed evolution in Escherichia coli, a relatively radiosensitive bacterium (1). Radiore- sistance, a property
95	Wave 7	B	13	candidate	10.1080/09553002.2022.1998712	Responses of genes of DNA repair, alternative oxidase, and pro-/antioxidant state in Arabidopsis thaliana with altered expression of AOX1a to gamma irradiation	2021	International Journal of Radiation Biology	4	DNA repair / DDR; dose-rate / low-dose response; radiation quality / RBE; omics / biomarkers / signatures	semantic_scholar		https://www.semanticscholar.org/paper/abc50bc14be63a20ecd1532747b4e22e40d26b41	TODO: replication brief + artifact/data/code harvest	Abstract Purpose High doses of gamma (γ) irradiation cause oxidative stress and DNA damage. Alternative oxidase (AOX) catalyzes the energy-dissipating cyanide-resistant alternative pathway in plant mitochondria and is an important part of the cellular defense network under stress conditions. In this study, Arabidopsis thaliana plants with an altered expression of the AOX1a gene were exposed by high dose-rate ionizing radiation to assess the expression of genes of DNA repair and pro-/antioxidant states to elucidate the functional significance of AOX in plant stress response. Materials and methods Five-week-old A. thaliana plants, either with basal AOX1a gene expression (wild-type Colombia-0 (Col-0)), antisense silencing of AOX1a (AS-12), and overexpression of the gene (XX-2), were γ-irradiated at a dose of 200 Gy. Gene expression and biochemical analyses were performed 12 h after irradiat
96	Wave 7	B	13	candidate	10.1007/s13246-025-01605-2	Modelling single cell dosimetry and DNA damage of targeted alpha therapy using Monte-Carlo techniques	2025	Physical and Engineering Sciences in Medicine	3	DNA repair / DDR; radiation quality / RBE; computational model / simulation	semantic_scholar		https://www.semanticscholar.org/paper/4132b5f54db295eac77fdde67183a8e4a658c611	TODO: replication brief + artifact/data/code harvest	Targeted alpha therapy (TαT) employs alpha particle-emitting radioisotopes conjugated to tumour-specific carriers to precisely irradiate tumour cells. Monte-carlo techniques have been used to accurately simulate absorbed dose and DNA damage for the four promising TαT radionuclides, Actinium-225 (225Ac), Radium-223, (223Ra), Lead-212 (212Pb) and Astatine-211, (211At). TOPAS and TOPAS-nBio, based on the Geant4 and Geant4-DNA monte-carlo codes respectively, were used to model the radioactive decay and alpha particle transport within a simplified spherical cell model. Four different sites within the cell model were used for the initial radionuclide distributions: the cell membrane layer, within the cytoplasm volume, on the nucleus surface, and within the nucleus volume. Results indicate higher absorbed doses to the nucleus per decay when radionuclides are initially located on the nucleus wal
97	Wave 7	B	13	candidate	10.3390/cimb46120828	The Dose Rate of Corpuscular Ionizing Radiation Strongly Influences the Severity of DNA Damage, Cell Cycle Progression and Cellular Senescence in Human Epidermoid Carcinoma Cells	2024	Current Issues in Molecular Biology	3	dose-rate / low-dose response; radiation quality / RBE; immune / inflammation / senescence; computational model / simulation	semantic_scholar		https://doi.org/10.3390/cimb46120828	TODO: replication brief + artifact/data/code harvest	Modern radiotherapy utilizes a broad range of sources of ionizing radiation, both low-dose-rate (LDR) and high-dose-rate (HDR). However, the mechanisms underlying specific dose-rate effects remain unclear, especially for corpuscular radiation. To address this issue, we have irradiated human epidermoid carcinoma A431 cells under LDR and HDR regimes. Reducing the dose rate has lower lethality at equal doses with HDR irradiation. The half-lethal dose after HDR irradiation was three times less than after LDR irradiation. The study of mechanisms showed that under HDR irradiation, the radiation-induced halt of mitosis with the accompanying emergence of giant cells was recorded. No such changes were recorded after LDR irradiation. The level of DNA damage is significantly greater after HDR irradiation, which may be the main reason for the different mechanisms of action of HDR and LDR irradiation
98	Wave 7	B	13	candidate	10.1002/mp.17446	Assessing the biological effects of boron neutron capture therapy through cellular DNA damage repair model.	2024	Medical Physics (Lancaster)	2	DNA repair / DDR; radiation quality / RBE; computational model / simulation	semantic_scholar		https://www.semanticscholar.org/paper/d1897e4083bde652b4a4f949b3be0b908669649c	TODO: replication brief + artifact/data/code harvest	"BACKGROUND
Boron neutron capture therapy (BNCT) is a targeted radiotherapy that relies on the 10B (n, α) 7Li reaction, which produces secondary particles with high linear energy transfer (LET), leading to a high relative biological effectiveness (RBE) in tumors. The biological effectiveness of BNCT is influenced by factors such as boron distribution and concentration, necessitating improved methods for assessing its radiobiological effects and clarifying the sensitivity of the differences in different factors to the biological effects.


PURPOSE
This paper introduces a method to evaluate the biological effects of BNCT using the cellular repair model. This method aims to overcome some of the limitations of current evaluation approaches. The primary goal is to provide guidance for clinical treatments and the development of boron drugs, as well as to investigate the impact of the synergisti"
99	Wave 7	B	13	candidate	10.1016/j.dnarep.2025.103875	DNA damage response of U2OS cells to low doses of gamma radiation delivered at very low dose rate.	2025	DNA Repair	0	DNA repair / DDR; dose-rate / low-dose response; omics / biomarkers / signatures; computational model / simulation	semantic_scholar		https://www.semanticscholar.org/paper/d5b38e1fdda659c53f1daa0c96c5f5d3e6c34c38	TODO: replication brief + artifact/data/code harvest	The DNA damage response (DDR) of cells to low dose and low dose rate ionizing radiation is weak and remains a matter of controversy. The response can be studied by exposing cells to a low adapting dose (AD) and, subsequently to a high challenging dose (CD), where the response is strong. The aim of the present investigation was to analyse the DDR in cells exposed to very low dose rate AD and a high dose rate CD, with special focus on the role of the ATM kinase. U2OS cells (with wild type p53) were exposed to gamma radiation AD of 5.9 mGy at 31 µGy/h and of 10.5 mGy at 55 µGy/h. ATM was inhibited by addition of KU-55933. Adapted cells were exposed to a CD of 1 Gy photon radiation at 1 Gy/min. The studied endpoints included kinetics of 53BP1 foci formation and decay, cell cycle progression and gene expression. In some experiments, ATM was inhibited by KU-55933. AD alone led to a significant
100	Wave 7	B	13	candidate	10.1088/1361-6560/ae117e	Extending the Microdosimetry Gamma Model (MGM) to estimate induced DNA damage and its complexity at macroscopic scale by protons and helium ions	2025	Physics in Medicine and Biology	0	DNA repair / DDR; radiation quality / RBE; computational model / simulation	semantic_scholar		https://www.semanticscholar.org/paper/68c1b4620767e212a1aa3f3c6c2043e8b54355b6	TODO: replication brief + artifact/data/code harvest	Objective. DNA damage, particularly double-strand break (DSB), is the primary mechanism for cell death in radiation therapy. High-linear energy transfer particles, like protons and helium ions, induce more complex DSB than photons, increasing their biological effectiveness. Simulating particle transport at the DNA level with Monte Carlo (MC) codes is computationally intensive, often limiting studies to single cells. This study presents an efficient method using the microdosimetric gamma model (MGM) to estimate DSB numbers and complexity in macroscopic setups. Approach. The MGM analytically predicts the number of DSBs and their complexity induced by protons or α-particles. We integrated it into the TOPAS MC toolkit (TOPAS-MGM), enabling the calculation of DNA damage at macroscale scenarios. We have calculated DNA damage distributions in in-vitro-like geometries and water phantoms with pro
		B	13	candidate	10.3389/fonc.2025.1703503	Improving radiation therapy efficacy considering DNA repair, TP53 mutations, microscopic heterogeneity, and low- and high-dose apoptosis	2026	Frontiers in Oncology	0	DNA repair / DDR; dose-rate / low-dose response; radiation quality / RBE; immune / inflammation / senescence	semantic_scholar		https://www.semanticscholar.org/paper/e4fbd2fc9e07347531b2c1f39f9eabd348f91a23	TODO: replication brief + artifact/data/code harvest	All radiation types produce δ -rays of about a ≈1 keV or less that can impart MGy doses to 10-nm-size volumes of DNA. These events can produce severe dual double-strand breaks (DDSB) at the periphery of nucleosomes in single events particularly in heterochromatic DNA. These DDSBs are the most common multiply damaged sites, and their probabilities generally determine the biological effectiveness and therapeutic responses. The recent understanding that most normal tissues with intact TP53 genes generally are low-dose hypersensitive (LDHS) and low-dose apoptotic (LDA) implies that the well-known universal clinical fractionation window at ≈2 Gy/Fr defines the optimal tolerance level of most organs at risk and not the optimal tumor dose per fraction at least when using intensity-modulated radiation therapy (IMRT). Interestingly, practically all cancer cells are linked to genomic instability i
		B	13	candidate	10.1088/1361-6560/ae36e1	In silico neutron relative biological effectiveness estimations for Pre-DNA repair and post-DNA repair endpoints	2025	bioRxiv	0	DNA repair / DDR; radiation quality / RBE; computational model / simulation	semantic_scholar		https://www.semanticscholar.org/paper/692d5f6f923174e764cd0dfa548ac35642268509	TODO: replication brief + artifact/data/code harvest	A comprehensive understanding of the energy-dependent stochastic risks associated with neutron exposure is crucial to develop robust radioprotection systems. However, the scarcity of experimental data presents significant challenges in this domain. Track-structure Monte Carlo (TSMC) simulations with DNA models have demonstrated their potential to further our fundamental understanding of neutron-induced stochastic risks. To date, most TSMC studies on the relative biological effectiveness (RBE) of neutrons have focused on various types of DNA damage clusters defined using base pair distances. In this study, we extend these methodologies by incorporating the simulation of non-homologous end joining DNA repair in order to evaluate the RBE of neutrons for misrepairs. To achieve this, we adapted our previously published Monte Carlo DNA damage simulation pipeline, which combines condensed-histo
		B	13	candidate	10.29011/2574-7754.101625	New Radiation Oncology Optimization Principles Based On In-Vivo Predictive Assay and Recent Developments in Molecular Radiation Biology	2024	Annals of Case Reports	0	DNA repair / DDR; dose-rate / low-dose response; radiation quality / RBE; immune / inflammation / senescence	semantic_scholar		https://www.gavinpublishers.com/assets/articles_pdf/New-Radiation-Oncology-Optimization-Principles--Based-On-In-Vivo-Predictive-Assay-and-Recent-Developments-in-Molecular-Radiation-Biology.pdf	TODO: replication brief + artifact/data/code harvest	The recent understanding that most TP53-intact normal tissues are Low-Dose Hypersensitive (LDHS) and Low-Dose Apoptotic (LDA) implies that the well-known fractionation window at ≈ 2 Gy/Fr defines the optimal tolerance level for most organs at risk and not at all the tumor dose as still is customary today when using IMRT. This necessitates new approaches to biologically optimized radiation therapy, requiring that the maximum dose to organs at risk should be ≤2.3 Gy/Fr, and especially that it should be of low ionization density and LET . Today we know that the fractionation window is due to a low-dose initiation of full DNA repair capability in normal tissues first after ≈½ Gy, and we should use this acquired repair advantage to its full extent up to ≈2.3 Gy where the High Dose Apoptosis (HDA) may set in. Thus biologically optimized treatments should be focused on the application of a low 
		B	13	candidate	10.33266/1024-6177-2024-69-1-15-19	Post-Radiation Changes in The Number of Phosphorylated H2ax and Atm Protein Foci in Low Dose X-Ray Irradiated Human Mesenchymal Stem Cells	2024	Medical Radiology and radiation safety	0	DNA repair / DDR; dose-rate / low-dose response; computational model / simulation	semantic_scholar		https://medradiol.fmbafmbc.ru/journal_medradiol/abstracts/2024/1/15-19.pdf	TODO: replication brief + artifact/data/code harvest	Aim: To study the patterns of changes in the number of foci of phosphorylated DNA double-strand break repair proteins H2AX (γH2AX) and ATM (pATM) in cultured human mesenchymal stem cells (MSCs) 1‒48 hours after exposure to X-ray radiation at doses of 40, 80, 160 and 250 mGy. Material and methods: We used the primary culture of human MSCs, obtained from the collection of LLC “BioloT” (Russia). Cells were irradiated using a RUB RUST-M1 X-ray biological unit (Diagnostika-M LLC, Moscow, Russia) equipped with two X-ray emitters at a dose rate of 40 mGy/min (voltage of 100 kV, an anode current of 8 mA, and a 1.5 mm Al filter) and 4 °C temperature. To quantify the yield of γH2AX and pATM foci immunocytochemical staining was carried out with the use of γH2AX and pATM antibody respectively. Statistical analysis of the obtained data was carried out using the statistical software package Statistica
		B	13	candidate	10.1089/cmb.2012.0283	Project Title: LUCID: Low-dose Understanding, Cellular Insights, and Molecular Discoveries				dose-rate / low-dose response; computational model / simulation	dropbox_pdf;lucid_reference		/Users/stevens/Dropbox/LUCID_ Review Responses - 15 Oct 2023[53].pdf	TODO: replication brief + artifact/data/code harvest	Project Title: LUCID: Low-dose Understanding, Cellular Insights, and Molecular Discoveries Lead Institution: Argonne National Laboratory Principal Investigator (PI): Rick Stevens Project Summary: High doses of ionizing radiation (above 50-100 mGy) are established carcinogens. However, at doses of less than 10 mGy, the risks of carcinogenesis are difficult to ascertain due to uncertainties arising from limitations in our understanding of the molecular and cellular mechanisms involved, lack of high-quality datasets connecting exposure to outcomes, and challenges in modeling the multiscale processes that connect radiation damage to tissue level responses. Low-dose (LD) exposures are common and unavoidable, arising from natural and medical sources, but their relationship to cancer risk remains an open question in radiobiology and public health. LUCID proposes an integrated experimental, comp
		B	13	candidate	10.1080/09553002.2025.2607004	Promoter methylation in key DNA damage response genes shows a positive correlation with cumulative dose in chronically low-dose radiation-exposed individuals	2026	International Journal of Radiation Biology	0	DNA repair / DDR; dose-rate / low-dose response; omics / biomarkers / signatures; immune / inflammation / senescence	semantic_scholar		https://www.semanticscholar.org/paper/023c93c40297179275ffaa64052490986cbb612d	TODO: replication brief + artifact/data/code harvest	Abstract Purpose This pilot study investigated promoter DNA methylation in key DNA damage response (DDR) genes in individuals chronically exposed to low-dose ionizing radiation (LDIR) in Kerala, India. Materials and methods 26 healthy male residents of Kerala’s high level natural radiation areas (HLNRA) were selected and stratified based on lifetime cumulative radiation dose (<100 mSv, n = 10; >100 mSv, n = 16). Promoter methylation of 16 DDR-related genes was assessed using Methylation Sensitive High resolution Melting (MS-HRM), with LINE-1 as a surrogate for global methylation. Gene expression of selected targets was measured by RT-qPCR. Results Global DNA methylation showed no significant difference across exposure groups. In contrast, promoters of RAD23B, DNMT3A, MRE11A, and BRCA1 were significantly hypermethylated in individuals with cumulative dose >100 mSv, with RAD23B showing the
		B	13	candidate	10.1088/1361-6560/ae62c6	Ultra-high dose rate dependent modeling of plasmid DNA damage with TOPAS-nBio	2026	Physics in Medicine &amp; Biology	0	DNA repair / DDR; dose-rate / low-dose response; computational model / simulation	semantic_scholar		https://www.semanticscholar.org/paper/f80d42262dbdca0dc0447ec0cf09ac51e1d664ed	TODO: replication brief + artifact/data/code harvest	Objective. FLASH radiotherapy (FLASH-RT) delivers radiation at ultra-high dose rates (UHDR) and has been shown to spare normal tissue while maintaining tumor control (FLASH effect). This could be due to a reduction in radiation-induced DNA damage in normal tissue. Consequently, plasmid assays have been proposed as a way to evaluate these potential differences. However, experimental results have been varied. Track-structure Monte Carlo (MC) simulations may offer a way to disentangle these differences. In this work, we propose a MC model of plasmid DNA damage at UHDR using TOPAS-nBio. Approach. The radiolysis of plasmids (pUC19, 50 μg ml−1) in an oxygenated (21%) aqueous solution containing DMSO (0.01–100 mM) were modeled in-silico using TOPAS-nBio. 100 Gy was deposited in the solution by 225 kVp x-rays, delivered in a single pulse at conventional (CONV) dose rates (0.1 Gy s−1) or UHDR (2 
		B	13	candidate	10.1186/s13014-019-1439-1	Updated Radiation Quality Factors and Biological				radiation quality / RBE; computational model / simulation	dropbox_pdf		/Users/stevens/Dropbox/Updated Radiation Quality Factors and Biological Endpoints_ A Synthesis (2014–2024).pdf	TODO: replication brief + artifact/data/code harvest	Updated Radiation Quality Factors and Biological Endpoints: A Synthesis (2014–2024) Introduction Radiation quality – the type and energy of ionizing radiation – has a profound influence on biological effectiveness. The relative biological effectiveness (RBE) is a key metric comparing different radiations’ potency against a reference (typically 𝛾-rays or X-rays). Over the past decade (2014–2024), numerous studies have updated RBE values for various radiation types and explored endpoints ranging from clonogenic cell survival to normal tissue toxicity, tumor control, and carcinogenesis. These efforts have refined “radiation quality factors,” which in radiological protection are encapsulated in radiation weighting factors (w<sub>R</sub>) or quality factors (Q) for stochastic risk 1 . This reference document provides an in-depth, up-to-date synthesis of RBE data and mechanistic insights for P
		B	12	candidate	10.1093/narcan/zcab046	Quantification of radiation-induced DNA double strand break repair foci to evaluate and predict biological responses to ionizing radiation.	2021	NAR Cancer	72	DNA repair / DDR; omics / biomarkers / signatures; computational model / simulation	semantic_scholar		https://academic.oup.com/narcancer/article-pdf/3/4/zcab046/41879949/zcab046.pdf	TODO: replication brief + artifact/data/code harvest	Radiation-induced foci (RIF) are nuclear puncta visualized by immunostaining of proteins that regulate DNA double-strand break (DSB) repair after exposure to ionizing radiation. RIF are a standard metric for measuring DSB formation and repair in clinical, environmental and space radiobiology. The time course and dose dependence of their formation has great potential to predict in vivo responses to ionizing radiation, predisposition to cancer and probability of adverse reactions to radiotherapy. However, increasing complexity of experimentally and therapeutically setups (charged particle, FLASH …) is associated with several confounding factors that must be taken into account when interpreting RIF values. In this review, we discuss the spatiotemporal characteristics of RIF development after irradiation, addressing the common confounding factors, including cell proliferation and foci mergin
		B	12	candidate	10.1080/09553002.2021.1962572	Low dose ionizing radiation and the immune response: what is the role of non-targeted effects?	2021	International Journal of Radiation Biology	23	dose-rate / low-dose response; radiation quality / RBE; immune / inflammation / senescence; computational model / simulation	semantic_scholar		https://www.tandfonline.com/doi/pdf/10.1080/09553002.2021.1962572?needAccess=true	TODO: replication brief + artifact/data/code harvest	Abstract Objectives This review aims to trace the historical narrative surrounding the low dose effects of radiation on the immune system and how our understanding has changed from the beginning of the 20th century to now. The particular focus is on the non-targeted effects (NTEs) of low dose ionizing radiation (LDIR) which are effects that occur when irradiated cells emit signals that cause effects in the nearby or distant non-irradiated cells known as radiation induced bystander effect (RIBE). Moreover, radiation induced genomic instability (RIGI) and abscopal effect (AE) also regarded as NTE. This was prompted by our recent discovery that ultraviolet A (UVA) photons are emitted by the irradiated cells and that these photons can trigger NTE such as the RIBE in unirradiated recipients of these photons. Given the well-known association between UV radiation and the immune response, where 
		B	12	candidate	10.3390/cells13010039	Dose-Dependent Effects of Radiation on Mitochondrial Morphology and Clonogenic Cell Survival in Human Microvascular Endothelial Cells	2023	Cells	14	DNA repair / DDR; dose-rate / low-dose response; immune / inflammation / senescence	semantic_scholar		https://www.mdpi.com/2073-4409/13/1/39/pdf?version=1703326083	TODO: replication brief + artifact/data/code harvest	To better understand radiation-induced organ dysfunction at both high and low doses, it is critical to understand how endothelial cells (ECs) respond to radiation. The impact of irradiation (IR) on ECs varies depending on the dose administered. High doses can directly damage ECs, leading to EC impairment. In contrast, the effects of low doses on ECs are subtle but more complex. Low doses in this study refer to radiation exposure levels that are below those that cause immediate and necrotic damage. Mitochondria are the primary cellular components affected by IR, and this study explored their role in determining the effect of radiation on microvascular endothelial cells. Human dermal microvascular ECs (HMEC-1) were exposed to varying IR doses ranging from 0.1 Gy to 8 Gy (~0.4 Gy/min) in the AFRRI 60-Cobalt facility. Results indicated that high doses led to a dose-dependent reduction in cel
		B	12	candidate	10.3390/ijms26052269	Low-Dose Ionizing Radiation and Male Reproductive Immunity: Elucidating Subtle Modulations and Long-Term Health Implications	2025	International Journal of Molecular Sciences	8	DNA repair / DDR; dose-rate / low-dose response; omics / biomarkers / signatures; immune / inflammation / senescence	semantic_scholar		https://doi.org/10.3390/ijms26052269	TODO: replication brief + artifact/data/code harvest	Low-dose ionizing radiation (LDIR) is a prevalent environmental factor with profound impacts on male reproductive health, particularly on the testicular immune microenvironment. This review examines the multifaceted effects of LDIR, emphasizing its ability to induce genotoxic stress, oxidative damage, and epigenetic modifications in reproductive cells. These alterations compromise DNA repair, disrupt chromatin structure, and induce immune dysregulation. Immune cells such as macrophages, T cells, natural killer cells, and dendritic cells exhibit significant functional changes under LDIR exposure, destabilizing the immune privilege critical for normal spermatogenesis. The long-term health implications of LDIR include impaired sperm quality, reduced fertility, and transgenerational risks through heritable genomic instability. This review underscores the importance of exploring the mechanism
		B	12	candidate	10.3390/epigenomes9020017	Epigenetic DNA Methylation Under the Influence of Low-Dose Ionizing Radiation, and Supplementation with Vitamin B12 and Folic Acid: Harmful or Beneficial for Professionals?	2025	Epigenomes	5	dose-rate / low-dose response; omics / biomarkers / signatures; immune / inflammation / senescence; computational model / simulation	semantic_scholar		https://www.semanticscholar.org/paper/a3c8866ddfa60043cad178850bdf09221e3fae10	TODO: replication brief + artifact/data/code harvest	This review paper highlights the importance of educating current and future professionals about epigenetic mechanisms and recognizing epigenetics as a crucial model for protection against ionizing radiation. Two basic models for radiation-induced DNA damage are currently in use. The association between mutations and chromosomal aberrations provides a framework for analyzing risks at low radiation doses and exposure to small doses. However, there is no monitoring of epigenetic changes in professionals exposed to low doses of ionizing radiation. Epigenetic events regulate gene activity and expression not only during cell development and differentiation but also in response to environmental stimuli, such as ionizing radiation. Furthermore, the potential occurrence of malignant and hereditary diseases at low doses of ionizing radiation is linearly correlated and is considered a scientificall
		B	12	candidate	10.3390/life14070830	Low-Dose Ionizing Radiation Exposure on Human Male Gametes: Damage or Benefit	2024	Life	4	dose-rate / low-dose response; computational model / simulation	semantic_scholar		https://www.mdpi.com/2075-1729/14/7/830/pdf?version=1721037160	TODO: replication brief + artifact/data/code harvest	With the improvement of medical devices for diagnosis and radiotherapy, concerns about the effects of low doses of ionizing radiation are also growing. There is no consensus among scientists on whether they might have beneficial effects on humans in certain cases or pose more risks, making the exposure unreasonable. While the damaging consequences of high-dose radiation have been known since the discovery of radioactivity, low-dose effects present a much bigger investigative challenge. They are highly specific and include radio-adaptive responses, bystander effects, and genomic instability. Current data regarding the consequences of exposure to low-dose radiation on the quality of male gametes and fertility potential are contradictory. The reports suggest two directions: indirect impact on male gametes—through spermatogenesis—or direct effects at low doses on already mature spermatozoa. 
		B	12	candidate	10.3390/biomedinformatics3010011	Mechanistic Modelling of DNA Damage Repair by the Radiation Adaptive Response Mechanism and Its Significance	2023	BioMedInformatics	4	dose-rate / low-dose response; computational model / simulation	semantic_scholar		https://www.mdpi.com/2673-7426/3/1/11/pdf?version=1676879623	TODO: replication brief + artifact/data/code harvest	The radiation adaptive response effect is a biophysical phenomenon responsible for the enhancement of repair processes in irradiated cells. This can be observed in dedicated radiobiological experiments, e.g., where the small priming dose of ionising radiation is given before the high challenging one (the so-called Raper–Yonezawa effect). The situation is more complicated when the whole complex system (the organism) is taken into consideration; many other mechanisms make the adaptive response weaker and—in some cases—practically insignificant. The recently published simplified Monte Carlo model of human lymphocytes irradiation by X-rays allows for the calculation of the level of repair enhancement by the adaptive response when every other cellular biological mechanism is implemented. The qualitative results show that the adaptive response phenomenon, observed with some probability on a ba
		B	11	candidate	10.1073/pnas.0501352102	A plausible model for the digital response of p53 to DNA damage.	2005	Proceedings of the National Academy of Sciences of the United States of America	363	DNA repair / DDR; computational model / simulation	semantic_scholar		https://www.pnas.org/doi/pdf/10.1073/pnas.0501352102	TODO: replication brief + artifact/data/code harvest	
		B	11	candidate	10.1038/srep33290	Mechanistic Modelling of DNA Repair and Cellular Survival Following Radiation-Induced DNA Damage	2016	Scientific Reports	119	DNA repair / DDR; computational model / simulation	semantic_scholar		https://www.nature.com/articles/srep33290.pdf	TODO: replication brief + artifact/data/code harvest	Characterising and predicting the effects of ionising radiation on cells remains challenging, with the lack of robust models of the underlying mechanism of radiation responses providing a significant limitation to the development of personalised radiotherapy. In this paper we present a mechanistic model of cellular response to radiation that incorporates the kinetics of different DNA repair processes, the spatial distribution of double strand breaks and the resulting probability and severity of misrepair. This model enables predictions to be made of a range of key biological endpoints (DNA repair kinetics, chromosome aberration and mutation formation, survival) across a range of cell types based on a set of 11 mechanistic fitting parameters that are common across all cells. Applying this model to cellular survival showed its capacity to stratify the radiosensitivity of cells based on asp
		B	11	candidate	10.1667/rr2964.1	Modeling Cell Survival after Photon Irradiation Based on Double-Strand Break Clustering in Megabase Pair Chromatin Loops	2012	Radiation Research	105	DNA repair / DDR; computational model / simulation	semantic_scholar		https://www.semanticscholar.org/paper/cb3a9d3893c9bfe276ed5b985d39f396c1febffb	TODO: replication brief + artifact/data/code harvest	
		B	11	candidate	10.1667/rr1965.1	Stochastic Simulation of DNA Double-Strand Break Repair by Non-homologous End Joining Based on Track Structure Calculations	2010	Radiation Research	80	DNA repair / DDR; computational model / simulation	semantic_scholar		https://www.semanticscholar.org/paper/86d0bfeb277454227c8b70e8de5ac8c11fcccff9	TODO: replication brief + artifact/data/code harvest	
		B	11	candidate	10.3390/ijms21186602	Comparison of High- and Low-LET Radiation-Induced DNA Double-Strand Break Processing in Living Cells	2020	International Journal of Molecular Sciences	75	DNA repair / DDR; radiation quality / RBE; immune / inflammation / senescence	semantic_scholar		https://www.mdpi.com/1422-0067/21/18/6602/pdf?version=1599786931	TODO: replication brief + artifact/data/code harvest	High-linear-energy-transfer (LET) radiation is more lethal than similar doses of low-LET radiation types, probably a result of the condensed energy deposition pattern of high-LET radiation. Here, we compare high-LET α-particle to low-LET X-ray irradiation and monitor double-strand break (DSB) processing. Live-cell microscopy was used to monitor DNA double-strand breaks (DSBs), marked by p53-binding protein 1 (53BP1). In addition, the accumulation of the endogenous 53BP1 and replication protein A (RPA) DSB processing proteins was analyzed by immunofluorescence. In contrast to α-particle-induced 53BP1 foci, X-ray-induced foci were resolved quickly and more dynamically as they showed an increase in 53BP1 protein accumulation and size. In addition, the number of individual 53BP1 and RPA foci was higher after X-ray irradiation, while focus intensity was higher after α-particle irradiation. In
		B	11	candidate	10.1007/s00411-007-0150-z	Systems biological and mechanistic modelling of radiation-induced cancer	2007	Radiation and Environmental Biophysics	52	DNA repair / DDR; computational model / simulation	semantic_scholar		https://link.springer.com/content/pdf/10.1007/s00411-007-0150-z.pdf	TODO: replication brief + artifact/data/code harvest	This paper summarises the five presentations at the First International Workshop on Systems Radiation Biology that were concerned with mechanistic models for carcinogenesis. The mathematical description of various hypotheses about the carcinogenic process, and its comparison with available data is an example of systems biology. It promises better understanding of effects at the whole body level based on properties of cells and signalling mechanisms between them. Of these five presentations, three dealt with multistage carcinogenesis within the framework of stochastic multistage clonal expansion models, another presented a deterministic multistage model incorporating chromosomal aberrations and neoplastic transformation, and the last presented a model of DNA double-strand break repair pathways for second breast cancers following radiation therapy.
		B	11	candidate	10.1016/j.jtbi.2014.09.024	A quantitative model of the major pathways for radiation-induced DNA double-strand break repair.	2015	Journal of Theoretical Biology	47	DNA repair / DDR; computational model / simulation	semantic_scholar		https://publications.jinr.ru/record/152491/files/039%28E19-2014-39%29.pdf	TODO: replication brief + artifact/data/code harvest	
		B	11	candidate	10.3109/09553002.2011.611404	Stochastic modelling of DSB repair after photon and ion irradiation	2012	International Journal of Radiation Biology	42	DNA repair / DDR; computational model / simulation	semantic_scholar		https://www.semanticscholar.org/paper/7ac00fb3cbf56de1d282fe247c5bf9fa6c86e241	TODO: replication brief + artifact/data/code harvest	
		B	11	candidate	10.3390/genes11010058	Biodosimetry of Low Dose Ionizing Radiation Using DNA Repair Foci in Human Lymphocytes	2020	Genes	34	DNA repair / DDR; dose-rate / low-dose response; computational model / simulation	semantic_scholar		https://www.mdpi.com/2073-4425/11/1/58/pdf?version=1578126386	TODO: replication brief + artifact/data/code harvest	Purpose: Ionizing radiation induced foci (IRIF) known also as DNA repair foci represent most sensitive endpoint for assessing DNA double strand breaks (DSB). IRIF are usually visualized and enumerated with the aid of fluorescence microscopy using antibodies to γH2AX and 53BP1. This study analyzed effect of low dose ionizing radiation on residual IRIF in human lymphocytes to the aim of potential biodosimetry and possible extrapolation of high-dose γH2AX/53BP1 effects to low doses and compared kinetics of DSB and IRIF. We also analyzed whether DNaseI, which is used for reducing of clumps, affects the IRIF level. Materials and Methods: The cryopreserved human lymphocytes from umbilical cord blood (UCB) were thawed with/without DNaseI, γ-irradiated at doses of 0, 5, 10, and 50 cGy and γH2AX/53BP1 foci were analyzed 30 min, 2 h, and 22 h post-irradiation using appropriate antibodies. We also 
		B	11	candidate	10.1269/jrr.43.s7	Studies about space radiation promote new fields in radiation biology.	2002	Journal of Radiation Research	31	DNA repair / DDR; dose-rate / low-dose response; radiation quality / RBE	semantic_scholar		https://academic.oup.com/jrr/article-pdf/43/Suppl/S7/3867292/jrr-43-S7.pdf	TODO: replication brief + artifact/data/code harvest	Astronauts are constantly exposed to space radiation of various types of energy with a low dose-rate during long-term stays in space. Therefore, it is important to determine correctly the biological effects of space radiation on human health. Studies about biological the effects at a low dose and a low dose-rate include various aspects of microbeams, bystander effects, radioadaptive responses and hormesis which are important fields in radiation biology. In addition, space radiations contain high linear energy transfer (LET) particles. In particular, neutrons may cause reverse effectiveness at a low dose-rate in comparison to ionizing radiation. We are also interested in p53-centered signal transduction pathways involved in the cell cycle, DNA repair and apoptosis induced by space radiations. We must also study whether the relative biological effectiveness (RBE) of space radiation is affe
		B	11	candidate	10.1016/j.radonc.2024.110197	Dose and dose rate dependence of the tissue sparing effect at ultra-high dose rate studied for proton and electron beams using the zebrafish embryo model.	2024	Radiotherapy and Oncology	25	dose-rate / low-dose response; radiation quality / RBE; computational model / simulation	semantic_scholar		http://www.thegreenjournal.com/article/S0167814024001191/pdf	TODO: replication brief + artifact/data/code harvest	"PURPOSE
A better characterization of the dependence of the tissue sparing effect at ultra-high dose rate (UHDR) on physical beam parameters (dose, dose rate, radiation quality) would be helpful towards a mechanistic understanding of the FLASH effect and for its broader clinical translation. To address this, a comprehensive study on the normal tissue sparing at UHDR using the zebrafish embryo (ZFE) model was conducted.


METHODS
One-day-old ZFE were irradiated over a wide dose range (15-95 Gy) in three different beams (proton entrance channel, proton spread out Bragg peak and 30 MeV electrons) at UHDR and reference dose rate. After irradiation the ZFE were incubated for 4 days and then analyzed for four different biological endpoints (pericardial edema, curved spine, embryo length and eye diameter).


RESULTS
Dose-effect curves were obtained and a sparing effect at UHDR was observed for a"
		B	11	candidate	10.1016/j.xgen.2024.100499	Quantitative and qualitative mutational impact of ionizing radiation on normal cells	2024	Cell Genomics	25	dose-rate / low-dose response; radiation quality / RBE; computational model / simulation	semantic_scholar		https://doi.org/10.1016/j.xgen.2024.100499	TODO: replication brief + artifact/data/code harvest	Summary The comprehensive genomic impact of ionizing radiation (IR), a carcinogen, on healthy somatic cells remains unclear. Using large-scale whole-genome sequencing (WGS) of clones expanded from irradiated murine and human single cells, we revealed that IR induces a characteristic spectrum of short insertions or deletions (indels) and structural variations (SVs), including balanced inversions, translocations, composite SVs (deletion-insertion, deletion-inversion, and deletion-translocation composites), and complex genomic rearrangements (CGRs), including chromoplexy, chromothripsis, and SV by breakage-fusion-bridge cycles. Our findings suggest that 1 Gy IR exposure causes an average of 2.33 mutational events per Gb genome, comprising 2.15 indels, 0.17 SVs, and 0.01 CGRs, despite a high level of inter-cellular stochasticity. The mutational burden was dependent on total irradiation dose,
		B	11	candidate	10.1016/j.ijrobp.2021.09.048	Combined DNA Damage Repair Interference and Ion Beam Therapy: Development, Benchmark and Clinical Implications of a Mechanistic Biological Model.	2021	International Journal of Radiation Oncology, Biology, Physics	14	DNA repair / DDR; radiation quality / RBE; computational model / simulation	semantic_scholar		https://www.semanticscholar.org/paper/5f6116450c9b3963b0b768e3ed4f96d42491ddba	TODO: replication brief + artifact/data/code harvest	"PURPOSE
To develop a mechanistic model which describes and predicts radiation response after combined DNA damage repair (DDR) interference and particle radiotherapy.


METHODS
The heterogeneous dose distributions of protons and 4He ions are implemented into the ""XXX"" (MODELX). Predictions for monoenergetic and mixed fields over clinically relevant dose and linear energy transfer (LET) range are compared to experimental in vitro survival data as well as the data available in the literature, including different cell lines and DDR interferences. Ultimately, MODELX predictions were investigated in a patient plan.


RESULTS
MODELX accurately predicts survival of cell lines with and without DDR interference (DDRi) in clinical settings of ion beam therapy based only on 3 parameters derived from photon data. With increasing dose or LET the radiosensitizing effect of DDRi reduces, resulting in di"
		B	11	candidate	10.1155/2016/6429853	p53-Dependent Senescence in Mesenchymal Stem Cells under Chronic Normoxia Is Potentiated by Low-Dose γ-Irradiation	2015	Stem Cells International	12	DNA repair / DDR; dose-rate / low-dose response; immune / inflammation / senescence	semantic_scholar		https://downloads.hindawi.com/journals/sci/2016/6429853.pdf	TODO: replication brief + artifact/data/code harvest	Mesenchymal stem cells (MSCs) are a source of adult multipotent cells important in tissue regeneration. Murine MSCs are known to proliferate poorly in vitro under normoxia. The aim of this study is to analyze the interaction of nonphysiological high oxygen and low-dose γ-irradiation onto growth, senescence, and DNA damage. Tri-potent bone marrow-derived MSCs from p53 wildtype and p53−/− mice were cultured under either 21% or 2% O2. Long-term observations revealed a decreasing ability of wildtype mMSCs to proliferate and form colonies under extended culture in normoxia. This was accompanied by increased senescence under normoxia but not associated with telomere shortening. After low-dose γ-irradiation, the normoxic wildtype cells further increased the level of senescence. The number of radiation-induced γH2AX DNA repair foci was higher in mMSCs kept under normoxia but not in p53−/− cells.
		B	11	candidate	10.1016/j.ejmp.2024.103422	"""dsbandrepair"" - An updated Geant4-DNA simulation tool for evaluating the radiation-induced DNA damage and its repair."	2024	Physica medica (Testo stampato)	10	DNA repair / DDR; computational model / simulation	semantic_scholar		https://www.semanticscholar.org/paper/4e436b6757a560d1c9ad459bd4d0a6131e3bdf53	TODO: replication brief + artifact/data/code harvest	"PURPOSE
Interdisciplinary scientific communities have shown large interest to achieve a mechanistic description of radiation-induced biological damage, aiming to predict biological results produced by different radiation quality exposures. Monte Carlo track-structure simulations are suitable and reliable for the study of early DNA damage induction used as input for assessing DNA damage. This study presents the most recent improvements of a Geant4-DNA simulation tool named ""dsbandrepair"".


METHODS
""dsbandrepair"" is a Monte Carlo simulation tool based on a previous code (FullSim) that estimates the induction of early DNA single-strand breaks (SSBs) and double-strand breaks (DSBs). It uses DNA geometries generated by the DNAFabric computational tool for simulating the induction of early single-strand breaks (SSBs) and double-strand breaks (DSBs). Moreover, the new tool includes some publis"
		B	11	candidate	10.1038/s41419-025-07363-z	Overexpression of miR-124 enhances the therapeutic benefit of TMZ treatment in the orthotopic GBM mice model by inhibition of DNA damage repair	2025	Cell Death and Disease	10	DNA repair / DDR; omics / biomarkers / signatures; computational model / simulation	semantic_scholar		https://www.semanticscholar.org/paper/38b7368f55e4309318b083965b34e3beaa30419c	TODO: replication brief + artifact/data/code harvest	Glioblastoma (GBM) is the most common malignant primary brain cancer with poor prognosis due to the resistant to current treatments, including the first-line drug temozolomide (TMZ). Accordingly, it is urgent to clarify the mechanism of chemotherapeutic resistance to improve the survival rate of patients. In the present study, by integrating comprehensive non-coding RNA-seq data from multiple cohorts of GBM patients, we identified that a series of miRNAs are frequently downregulated in GBM patients compared with the control samples. Among them, a high level of miR-124 is closely associated with a favorable survival rate in the clinical patients. In the phenotype experiment, we demonstrated that miR-124 overexpression increases responsiveness of GBM cells to TMZ-induced cell death, and vice versa. In the mechanistic study, we for the first time identified that RAD51, a key functional mole
		B	11	candidate	10.1016/j.jprot.2022.104697	Proteomic profiling of Deinococcus radiodurans with response to thioredoxin reductase inhibitor and ionizing radiation treatment.	2022	Journal of Proteomics	9	DNA repair / DDR; omics / biomarkers / signatures; microbial / extremophile	semantic_scholar		https://www.semanticscholar.org/paper/c22e17dd3a44245a826084e2a61928fb62f07565	TODO: replication brief + artifact/data/code harvest	This study explains the importance of cellular redox system in preserving the proteome of the radioresistant Deinococcus radiodurans. The thioredoxin reductase (TrxR) redox system was inhibited by ebselen (10 μM), and then the bacterium was exposed to 4 kGy of ionizing radiation. The differentially expressed proteins were analyzed using label-free quantitative (LFQ) proteomics. The 4 kGy radiation treatment increases the expression of stress response proteins like osmotically inducible protein OsmC, catalase, and metallophosphoesterase compared to control. Ebselen plus radiation treatment augments oxidoreductases proteins in D. radiodurans. Further, the proteins involved in glycolysis, tricarboxylic acetic acid (TCA) and proteins like proteases, peptidase, and peptide transporters were significantly decreased in the ebselen plus radiation group compared to radiation treated group. Furthe
		B	11	candidate	10.3390/ijms23020878	High-Accuracy Relative Biological Effectiveness Values Following Low-Dose Thermal Neutron Exposures Support Bimodal Quality Factor Response with Neutron Energy	2022	International Journal of Molecular Sciences	8	DNA repair / DDR; dose-rate / low-dose response; radiation quality / RBE	semantic_scholar		https://www.mdpi.com/1422-0067/23/2/878/pdf?version=1642559586	TODO: replication brief + artifact/data/code harvest	Theoretical evaluations indicate the radiation weighting factor for thermal neutrons differs from the current International Commission on Radiological Protection (ICRP) recommended value of 2.5, which has radiation protection implications for high-energy radiotherapy, inside spacecraft, on the lunar or Martian surface, and in nuclear reactor workplaces. We examined the relative biological effectiveness (RBE) of DNA damage generated by thermal neutrons compared to gamma radiation. Whole blood was irradiated by 64 meV thermal neutrons from the National Research Universal reactor. DNA damage and erroneous DNA double-strand break repair was evaluated by dicentric chromosome assay (DCA) and cytokinesis-block micronucleus (CBMN) assay with low doses ranging 6–85 mGy. Linear dose responses were observed. Significant DNA aberration clustering was found indicative of high ionizing density radiati
		B	11	candidate	10.1371/journal.pone.0250160	Changes in ionizing radiation dose rate affect cell cycle progression in adipose derived stem cells	2021	PLoS ONE	7	DNA repair / DDR; dose-rate / low-dose response; computational model / simulation	semantic_scholar		https://doi.org/10.1371/journal.pone.0250160	TODO: replication brief + artifact/data/code harvest	Biomedical use of radiation is utilized in effective diagnostic and treatment tools, yet can introduce risks to healthy tissues. High energy photons used for diagnostic purposes have high penetration depth and can discriminate multiple tissues based on attenuation properties of different materials. Likewise, the ability to deposit energy at various targets within tumors make the use of photons effective treatment for cancer. Radiation focused on a tumor will deposit energy when it interacts with a biological structure (e.g. DNA), which will result in cell kill should repair capacity of the tissue be overwhelmed. Likewise, damage to normal, non-cancerous tissues is a consequence of radiation that can lead to acute or late, chronic toxicity profiles. Adipose derived stem cells (ADSCs) are mesenchymal stem cells that have been proven to have similar characteristics to bone marrow derived st
		B	11	candidate	10.3390/ijms25158253	Early and Late Effects of Low-Dose X-ray Exposure in Human Fibroblasts: DNA Repair Foci, Proliferation, Autophagy, and Senescence	2024	International Journal of Molecular Sciences	7	DNA repair / DDR; dose-rate / low-dose response; immune / inflammation / senescence	semantic_scholar		https://www.mdpi.com/1422-0067/25/15/8253/pdf?version=1722165962	TODO: replication brief + artifact/data/code harvest	The effects of low-dose radiation exposure remain a controversial topic in radiation biology. This study compares early (0.5, 4, 24, 48, and 72 h) and late (5, 10, and 15 cell passages) post-irradiation changes in γH2AX, 53BP1, pATM, and p-p53 (Ser-15) foci, proliferation, autophagy, and senescence in primary fibroblasts exposed to 100 and 2000 mGy X-ray radiation. The results show that exposure to 100 mGy significantly increased γH2AX, 53BP1, and pATM foci only at 0.5 and 4 h post irradiation. There were no changes in p-p53 (Ser-15) foci, proliferation, autophagy, or senescence up to 15 passages post irradiation at the low dose.
		B	11	candidate	10.1128/spectrum.02219-23	Transcriptomic and genomic effects of gamma-radiation exposure on strains of the black yeast Exophiala dermatitidis evolved to display increased ionizing radiation resistance	2023	Microbiology spectrum	6	DNA repair / DDR; omics / biomarkers / signatures; microbial / extremophile	semantic_scholar		https://doi.org/10.1128/spectrum.02219-23	TODO: replication brief + artifact/data/code harvest	ABSTRACT Melanized fungi thrive in extreme environments, including those with high levels of ionizing radiation. To understand the role that melanin may play in ionizing radiation resistance, we previously performed an adaptive laboratory evolution experiment in which we used melanized and non-melanized strains of the yeast Exophiala dermatitidis to develop evolved lines that exhibit increased ionizing radiation resistance. In this study, we further characterized these evolved lines by analyzing their response to ionizing radiation at the transcriptomic and genomic levels. RNA sequencing showed that the response to gamma irradiation in both unevolved and evolved strains involved the induction of DNA repair genes. However, in the melanized lines evolved to exhibit increased ionizing radiation resistance, DNA-associated genes were constitutively expressed, compared to their expression leve
		B	11	candidate	10.1371/journal.pone.0205691	Chondrocytes differentiated from human induced pluripotent stem cells: Response to ionizing radiation	2018	PLoS ONE	5	DNA repair / DDR; immune / inflammation / senescence; computational model / simulation	semantic_scholar		https://journals.plos.org/plosone/article/file?id=10.1371/journal.pone.0205691&type=printable	TODO: replication brief + artifact/data/code harvest	Purpose Data on the response of chondrocytes differentiated from hiPSCs (hiPSC-DCHs) to ionizing radiation (IR) are lacking. The aim of present study was to assess DNA damage response (DDR) mechanisms of IR-treated hiPSC-DCHs. Methods and materials The following IR-response characteristics in irradiated hiPSC-DCHs were assessed: 1) the kinetics of DNA DSB formation; 2) activation of major DNA repair mechanisms; 3) cell cycle changes and 4) reactive oxygen species (ROS), level of key markers of apoptosis and senescence. Results DNA DSBs were observed in 30% of the hiPSC-DCHs overall, and in 60% after high-dose (> 2 Gy) IR. Nevertheless, these cells displayed efficient DNA repair mechanisms, which reduced the DSBs over time until it reached 30% by activating key genes involved in homologous recombination and non-homologous end joining mechanisms. As similar to mature chondrocytes, irradiat
		B	11	candidate	10.1016/j.mrfmmm.2022.111797	Evaluation of natural chronic low dose radiation exposure on telomere length and transcriptional response of shelterin complex in individuals residing in Kerala coast, India.	2022	Mutation research	5	DNA repair / DDR; dose-rate / low-dose response; omics / biomarkers / signatures; immune / inflammation / senescence	semantic_scholar		https://www.semanticscholar.org/paper/e018fed949fb010717f8138db55f31d4534897ab	TODO: replication brief + artifact/data/code harvest	The high level natural radiation areas (HLNRA) of Kerala coast provide unique opportunity to study the biological effect of chronic low dose ionizing radiation (LDIR) on human population below 100 mSv. The radiation level in this area varies from < 1.0-45 mGy /year due to patchy distribution of monazite in the sand, which contains 232Th (8-10%), 238U (0.3%), and their decay products. Telomere length attrition has been correlated to DNA damage due to genotoxic agents. The objective of the present study is to evaluate the effect of natural chronic LDIR exposure on telomere length and transcriptional response of telomere specific and DNA damage repair genes in peripheral blood mononuclear cells (PBMCs) of individuals from normal level natural radiation areas (NLNRA) and HLNRA of Kerala coast, southwest India. Blood samples were collected from 71 random male donors (24-80 years) from NLNRA (
		B	11	candidate	10.3390/antiox12020241	Transcriptomic Profiling and Pathway Analysis of Mesenchymal Stem Cells Following Low Dose-Rate Radiation Exposure	2023	Antioxidants	4	DNA repair / DDR; dose-rate / low-dose response; omics / biomarkers / signatures; immune / inflammation / senescence	semantic_scholar		https://www.mdpi.com/2076-3921/12/2/241/pdf?version=1675418048	TODO: replication brief + artifact/data/code harvest	Low dose-rate radiation exposure can occur in medical imaging, as background from environmental or industrial radiation, and is a hazard of space travel. In contrast with high dose-rate radiation exposure that can induce acute life-threatening syndromes, chronic low-dose radiation is associated with Chronic Radiation Syndrome (CRS), which can alter environmental sensitivity. Secondary effects of chronic low dose-rate radiation exposure include circulatory, digestive, cardiovascular, and neurological diseases, as well as cancer. Here, we investigated 1–2 Gy, 0.66 cGy/h, 60Co radiation effects on primary human mesenchymal stem cells (hMSC). There was no significant induction of apoptosis or DNA damage, and cells continued to proliferate. Gene ontology (GO) analysis of transcriptome changes revealed alterations in pathways related to cellular metabolism (cholesterol, fatty acid, and glucose
		B	11	candidate	10.1038/s41514-023-00123-3	Spontaneous p53 activation in middle-aged C57BL/6 mice mitigates the lifespan-extending adaptive response induced by low-dose ionizing radiation	2023	npj Aging	3	DNA repair / DDR; dose-rate / low-dose response; immune / inflammation / senescence	semantic_scholar		https://www.nature.com/articles/s41514-023-00123-3.pdf	TODO: replication brief + artifact/data/code harvest	Understanding the biological effects of low-dose (<100 mGy) ionizing radiation (LDR) is technically challenging. We investigated age-dependent LDR effects using adaptive response experiments in young (7-to 12-week-old) and middle-aged (40-to 62-week-old) C57BL/6 mice. Compared with 3 Gy irradiation, 0.02 Gy preirradiation followed by 3 Gy irradiation prolonged life in young mice but not middle-aged mice. Preirradiation also suppressed irradiation-induced 53BP1 repair foci in the small intestines, splenic apoptosis, and p53 activity in young mice but not middle-aged mice. Young p53^+/− C57BL/6 mice did not show these adaptive responses, indicating that insufficient p53 function in young mice mitigated the adaptive responses. Interestingly, p53 activation in middle-aged mice spontaneously became approximately 4.5-fold greater than that in young mice, possibly masking LDR stresses. Furtherm
		B	11	candidate	10.1177/15593258241276120	Characterizing Hematological Changes Following Repeated Exposure to Non-Targeted Low-Dose Ionizing Radiation in Prostate Cancer Patients	2024	Dose-Response	1	DNA repair / DDR; dose-rate / low-dose response; radiation quality / RBE; omics / biomarkers / signatures	semantic_scholar		https://doi.org/10.1177/15593258241276120	TODO: replication brief + artifact/data/code harvest	The duration and magnitude of haematological changes following non-targeted low-dose radiation have not been well explored. We previously reported that low-dose radiation (150 mGy 2x/week for 5 consecutive weeks) was well tolerated by participants (n = 15) with minimal toxicities and no changes in quality of life. Leukocytes, platelets and erythrocytes decreased from baseline measurement 12 months following treatment, however changes were not clinically significant. T-cells, NK-cells, B-cells and neutrophils were found to decrease during treatment and return to baseline levels by 3 months. The monocyte activation marker CD64 (FcγRI) was lower in participants whose cancer did not progress during the 12 month study follow up period, potentially giving insights into a biomarker of treatment success. Herein, we provide one of the most detailed descriptions of hematologic changes during low d
		B	11	candidate	10.1093/jrr/rrab091	Transcriptomic profiling reveals gene expression in human peripheral blood after exposure to low-dose ionizing radiation	2021	Journal of Radiation Research	1	DNA repair / DDR; dose-rate / low-dose response; omics / biomarkers / signatures; immune / inflammation / senescence	semantic_scholar		https://academic.oup.com/jrr/article-pdf/63/1/8/42245365/rrab091.pdf	TODO: replication brief + artifact/data/code harvest	Abstract Although the health effects of exposure to low-dose ionizing radiation have been the focus of many studies, the affected biological functions and underlying regulatory mechanisms are not well-understood. In particular, the influence of radiation exposure at doses of less than 200 mGy on the regulation of genes and pathways remains unclear. To investigate the molecular alterations induced by varying doses of low-dose radiation (LDR), transcriptomic analysis was conducted based on ribonucleic acid (RNA) sequencing following exposure to 50 and 150 mGy doses. Human peripheral blood was collected, and the samples were divided into three groups, including two treatments and one control (no radiation). A total of 876 (318 upregulated and 558 downregulated) and 486 (202 upregulated and 284 downregulated) differentially expressed genes (DEGs) were identified after exposure to 50 mGy and 
		B	11	candidate	10.3390/cells14030173	Alterations in Blood and Hippocampal mRNA and miRNA Expression, Along with Fat Deposition in Female B6C3F1 Mice Continuously Exposed to Prenatal Low-Dose-Rate Radiation and Their Comparison with Male Mice	2025	Cells	0	dose-rate / low-dose response; omics / biomarkers / signatures; computational model / simulation	semantic_scholar		https://www.semanticscholar.org/paper/19f17f7b6907f1e8cd75fee68bf6a052222a3b38	TODO: replication brief + artifact/data/code harvest	Our recent study revealed that continuous prenatal low-dose-rate irradiation did not induce cellular changes in the dentate gyrus of the hippocampus in male B6C3F1 mice exposed to gamma rays during prenatal development. However, changes in body weight, body mass index (BMI), locomotor ability, and mRNA and miRNA expressions in the hippocampus and blood were observed. To investigate potential sex differences in the effects of prenatal gamma irradiation, we conducted a parallel study on female B6C3F1 mice. The results showed significant reductions in the weight of the lungs and left kidney in prenatally irradiated female offspring, accompanied by significantly increased fat deposits in the mesentery, retroperitoneal, and left perigonadal areas. Despite these systemic changes, no cellular alterations were observed in the subgranular zone (immature neurons) or the hilus of the dentate gyrus 
		B	11	candidate	10.4049/jimmunol.210.supp.239.23	Characterizing the Immune Cell Transcriptomic Response To Low-Dose Ionizing Radiation	2023	Journal of Immunology	0	dose-rate / low-dose response; radiation quality / RBE; omics / biomarkers / signatures; immune / inflammation / senescence	semantic_scholar		https://journals.aai.org/jimmunol/article-pdf/210/1_Supplement/239.23/1631798/239_23.pdf	TODO: replication brief + artifact/data/code harvest	"
 Low-dose exposure to ionizing radiation is increasingly common in medical, industrial, and public settings worldwide. Previous studies examining the impacts of low-dose radiation (LDR) exposure on genetic material, cellular responses, and health have been inconclusive and conflicting. The National Academy of Science, Engineering and Medicine has outlined that future LDR research should utilize single-cell omics technologies and computational workflows to define the molecular signatures of LDR exposure. In partnership with the Canadian Nuclear Laboratories (CNL), we have used single-cell RNA sequencing (scRNA-seq) to characterize the in-vivo immune cell response to chronic LDR. Mature adult (18 weeks-old) C57BL/6 female mice were whole-body-exposed to 60Co gamma radiation for 7 days, at dose rates of 0.06 mGy/h or 0.6 mGy/h, to achieve cumulative absorbed doses of 10 mGy (n=6) or 100 mG"
		B	11	candidate	10.3389/fimmu.2026.1642012	Limited immune perturbations in mice exposed to sustained low-dose ionizing radiation	2026	Frontiers in Immunology	0	dose-rate / low-dose response; radiation quality / RBE; omics / biomarkers / signatures; immune / inflammation / senescence	semantic_scholar		https://www.semanticscholar.org/paper/7d3486f8d2626ffc7773313e3fc9037ea9d7bcd9	TODO: replication brief + artifact/data/code harvest	The effects of high-dose ionizing radiation (HDIR) exposure on the immune system are largely understood with consensus, yet there remains a fragmented understanding of the impact of low-dose ionizing radiation (LDIR) on immune homeostasis, especially in sustained exposure conditions. This study investigates the effects of continuous LDIR exposure on the murine immune system, focusing on transcriptomic responses and cellular perturbations following low-dose-rate whole-body y-radiation. Female 18-week-old C57BL/6 mice were continuously exposed to low-dose-rate 60Co radiation over a period of 7 days, resulting in cumulative absorbed doses of 10 mGy and 100 mGy. Our findings indicate that the LDIR exposure induced, at most, only minimal transcriptomic perturbations to the immune system in C57BL/6 mice. These results suggest a preservation of immune cell homeostasis under the sustained low-do
		B	11	candidate	10.1149/ma2024-01412349mtgabs	Long-Term, Non-Invasive Detection of Low-Dose Ionizing Radiation Exposure	2024	ECS Meeting Abstracts	0	DNA repair / DDR; dose-rate / low-dose response; omics / biomarkers / signatures; immune / inflammation / senescence	semantic_scholar		https://www.semanticscholar.org/paper/4e73c02428ca2d3d10a4e8e7f099cd0cd12883c2	TODO: replication brief + artifact/data/code harvest	Ionizing radiation induces complex changes in cells and tissues. The conventional approach to biological dosimetry has been to integrate physical and clinical measurements to optimize dose assessment. Molecular biodosimetry is an effective strategy to monitor radiation exposure and hematologic, cytogenetic, protein and transcript-based approaches have been developed to increase dose estimation accuracy. However, these approaches are invasive, time-consuming, have limited effectiveness over time, and importantly do not accurately inform on low dose radiation exposures. Therefore, novel, non-invasive, biomarkers are required that can overcome these limitations. We developed a pipeline that employs Fourier transform infrared (FTIR) spectroscopy in the mid-infrared spectrum to identify a signature of low dose ionizing radiation exposure in mouse ear pinnae over time. Two cohorts of C57BL/6J 
		B	11	candidate	10.1128/mbio.01639-25	Structural switches: intracellular G-quadruplexes modulate DNA repair and genome maintenance in Deinococcus radiodurans	2025	mBio	0	DNA repair / DDR; omics / biomarkers / signatures; microbial / extremophile	semantic_scholar		https://www.semanticscholar.org/paper/c1a18e321742198ffe63625b20778b7010d50310	TODO: replication brief + artifact/data/code harvest	ABSTRACT Guanine quadruplex (G4) structures are secondary structures formed in nucleic acids containing guanine-rich stretches. The regulatory role of G4s in various cellular processes has been studied in both eukaryotes and prokaryotes. Deinococcus radiodurans, an extremophile, shows increased sensitivity to ionizing radiation in the presence of G4-binding ligands during the post-irradiation recovery (PIR) period. Here, for the first time, a detailed study is reported on the intracellular formation and resolution of G4 structures in this organism. The potential G-quadruplex-forming sequences, positioned at different locations within the genes, folded into different topologies in vitro. The divalent cation Mn²+, which plays a crucial role in radioresistance, destabilized G4 structures, whereas Mg²+ supported the G4 formation. Depending on their location at the 5′ or 3′ end of the gene, t
		B	11	candidate	10.3390/iecc2021-09211	USP9X Inhibition Enhances Radiosensitisation of Head and Neck Cancer Cells in Response to High-LET Radiation by Destabilising Centrosome Proteins	2021	Medical Sciences Forum	0	DNA repair / DDR; radiation quality / RBE; immune / inflammation / senescence	semantic_scholar		https://www.mdpi.com/2673-9992/3/1/2/pdf?version=1629010428	TODO: replication brief + artifact/data/code harvest	Ionising radiation (IR) is widely used in cancer treatment as it induces vast DNA damage, ultimately leading to tumour cell death. The mechanisms involved in X-ray-induced cell death have been deeply studied, while little is known about the impact of IR of higher linear energy transfer (LET) on cell biology and the critical enzymes and mechanisms that are responsive to this. We recently performed a focused small interfering RNA (siRNA) screen to identify proteins involved in cell survival in response to high-LET α-particles and protons, versus low-LET X-rays and protons. From this screening, we validated that depletion of the ubiquitin-specific protease 9X (USP9X) in HeLa and oropharyngeal squamous cell carcinoma (UMSCC74A) cells using siRNA leads to a significantly decreased survival of cells after exposure to high-LET radiation, whilst no effect was observed after low-LET radiation (pr
		B	10	candidate	10.1080/09553002.2021.2004329	Impact of medical imaging on the epigenome – low-dose exposure in the course of computed tomography does not induce detectable changes of DNA-methylation profiles in peripheral blood cells	2021	International Journal of Radiation Biology	5	dose-rate / low-dose response; omics / biomarkers / signatures	semantic_scholar		https://www.tandfonline.com/doi/pdf/10.1080/09553002.2021.2004329?needAccess=true	TODO: replication brief + artifact/data/code harvest	Abstract Background Computed tomography (CT) is a main contributor to artificial low-dose exposure. Understanding the biological effects induced by CT exposure and their dependency on the characteristics of photon spectra is essential for knowledge-driven risk assessment. In a previous gene expression study, we have identified upregulation of AEN, BAX, DDB2, EDA2R and FDXR after ex vivo exposure with single-energy CT and dual-energy CT (DECT). In this study, we focused on CT-induced changes of DNA methylation. This epigenetic modification of DNA is a central regulator of gene expression and instrumental in preserving genome integrity. Previous studies reported focal hypermethylation and global hypomethylation after exposure with doses above 100 mSv, however, the effect of low dose exposure on DNA methylation is hardly explored. Materials and methods DNA was isolated from peripheral blood
		B	9	candidate	10.1269/jrr.45.521	No induction of p53 phosphorylation and few focus formation of phosphorylated H2AX suggest efficient repair of DNA damage during chronic low-dose-rate irradiation in human cells.	2004	Journal of Radiation Research	59	DNA repair / DDR; dose-rate / low-dose response	semantic_scholar		https://academic.oup.com/jrr/article-pdf/45/4/521/2709804/jrr-45-521.pdf	TODO: replication brief + artifact/data/code harvest	Human fibroblast cells obtained from a normal individual and immortalized by introduction of the hTERT gene were irradiated with 0 to 5 Gy of acute high-dose-rate radiation (1.8 Gy/min) or chronic low-dose-rate radiation (0.3 mGy/min) in the G0 phase, and p53 activation was studied. After high-dose-rate irradiation, a dose-dependent induction of Ser15 phosphorylation was observed, whereas after low-dose-rate irradiation almost none was observed. Then we analyzed the focus formation of phosphorylated histone H2AX protein, which is closely correlated with the induction of double-strand breaks. High-dose-rate radiation induced a significant number of foci in a dose-dependent manner, whereas, low-dose-rate radiation could induce only a few foci even at the highest dose. These results strongly suggest that DNA damage induced by low-dose-rate radiation such as a double-strand break is efficien
		B	9	candidate	10.1093/jrr/rrab032	DNA damage response in vascular endothelial senescence: Implication for radiation-induced cardiovascular diseases	2021	Journal of Radiation Research	44	DNA repair / DDR; dose-rate / low-dose response; immune / inflammation / senescence	semantic_scholar		https://academic.oup.com/jrr/article-pdf/62/4/564/38894516/rrab032.pdf	TODO: replication brief + artifact/data/code harvest	Abstract A post-exposure cohort study in Hiroshima and Nagasaki reported that low-dose exposure to radiation heightened the risk of cardiovascular diseases (CVD), such as stroke and myocardial infarction, by 14–18% per Gy. Moreover, the risk of atherosclerosis in the coronary arteries reportedly increases with radiation therapy of the chest, including breast and lung cancer treatment. Cellular senescence of vascular endothelial cells (ECs) is believed to play an important role in radiation-induced CVDs. The molecular mechanism of age-related cellular senescence is believed to involve genomic instability and DNA damage response (DDR); the chronic inflammation associated with senescence causes cardiovascular damage. Therefore, vascular endothelial cell senescence is believed to induce the pathogenesis of CVDs after radiation exposure. The findings of several prior studies have revealed tha
		B	9	candidate	10.1269/jrr.08036	Role of DNA double-strand break repair genes in cell proliferation under low dose-rate irradiation conditions.	2008	Journal of Radiation Research	29	DNA repair / DDR; dose-rate / low-dose response	semantic_scholar		https://academic.oup.com/jrr/article-pdf/49/5/557/6289830/jrr-49-557.pdf	TODO: replication brief + artifact/data/code harvest	Radiation-induced DNA double-stand breaks (DSBs) lead to numerous biological effects. To elucidate the molecular mechanisms involved in cellular responses to low dose and low dose-rate radiation, it is informative to clarify the roles of DSB repair related genes. In higher vertebrate cells, there are at least two major DSB repair pathways, namely non-homologous end-joining (NHEJ) and homologous recombination (HR). Here, it is shown that in chicken DT40 cells irradiated with gamma-rays at a low dose-rate (2.4 cGy/day), the growth delay in NHEJ-related KU70- and PRKDC (encoding DNA-PKcs)-defective cells were remarkably higher than in cells defective for the HR-related RAD51B and RAD54 genes. DNA-PKcs- defective human M059J cells also showed an obvious growth delay when compared to control M059K cells. RAD54(-/-)KU70(-/-) cells demonstrated their highest degree of growth delay after an X-ir
		B	9	candidate	10.1016/0027-5107(91)90152-e	DNA strand breaks and DNA repair response in lymphocytes after chronic in vivo exposure to very low doses of ionizing radiation in mice.	1991	Mutation research	28	DNA repair / DDR; dose-rate / low-dose response	semantic_scholar		https://www.semanticscholar.org/paper/c4582bb0cf4b9bae62a1376b7503fe48403f987b	TODO: replication brief + artifact/data/code harvest	
		B	9	candidate	10.1371/journal.pone.0190516	Targeting DNA repair with PNKP inhibition sensitizes radioresistant prostate cancer cells to high LET radiation	2018	PLoS ONE	23	DNA repair / DDR; radiation quality / RBE	semantic_scholar		https://journals.plos.org/plosone/article/file?id=10.1371/journal.pone.0190516&type=printable	TODO: replication brief + artifact/data/code harvest	High linear energy transfer (LET) radiation or heavy ion such as carbon ion radiation is used as a method for advanced radiotherapy in the treatment of cancer. It has many advantages over the conventional photon based radiotherapy using Co-60 gamma or high energy X-rays from a Linear Accelerator. However, charged particle therapy is very costly. One way to reduce the cost as well as irradiation effects on normal cells is to reduce the dose of radiation by enhancing the radiation sensitivity through the use of a radiomodulator. PNKP (polynucleotide kinase/phosphatase) is an enzyme which plays important role in the non-homologous end joining (NHEJ) DNA repair pathway. It is expected that inhibition of PNKP activity may enhance the efficacy of the charged particle irradiation in the radioresistant prostate cancer cell line PC-3. To test this hypothesis, we investigated cellular radiosensiti
		B	9	candidate		Gamma-H2AX expression pattern in non-irradiated neonatal mouse germ cells and after low-dose gamma-radiation: relationships between chromatid breaks and DNA double-strand breaks.	2004	Biology of Reproduction	21	DNA repair / DDR; dose-rate / low-dose response	semantic_scholar		https://www.semanticscholar.org/paper/929b09dc8a4590096270db6c80273bec0d9a1eee	TODO: replication brief + artifact/data/code harvest	
		B	9	candidate	10.1038/s41598-023-42139-5	Effects of low-dose ionizing radiation on genomic instability in interventional radiology workers	2023	Scientific Reports	20	DNA repair / DDR; dose-rate / low-dose response	semantic_scholar		https://www.nature.com/articles/s41598-023-42139-5.pdf	TODO: replication brief + artifact/data/code harvest	Interventional radiologists are chronically exposed to low-dose ionizing radiation (IR), which may represent a health risk. The aim of the present study was to evaluate genomic instability by analyzing chromosomal aberrations, micronuclei, and 53BP1 DNA repair foci in peripheral blood lymphocytes of radiologists. Based on the IAEA guidelines on biodosimetry using dicentrics, the average protracted whole-body dose in radiologists were estimated. Since preleukemic fusion genes (PFG) are the primary events leading to leukemia, we also studied their presence by RT-qPCR and FISH. No significant difference in 53BP1 foci and incidence of PFG (MLL-AF4, MLL-AF9, AML1-ETO, BCR-ABL p190) was found in cells of interventional radiologists in comparison to controls. However, our results showed an increased frequency of micronuclei and various types of chromosomal aberrations including dicentrics in in
		B	9	candidate	10.1007/s13246-024-01424-x	A mechanistic simulation of induced DNA damage in a bacterial cell by X- and gamma rays: a parameter study	2024	Physical and Engineering Sciences in Medicine	8	microbial / extremophile; computational model / simulation	semantic_scholar		https://www.semanticscholar.org/paper/50530f074b2db5b91ac66c7eff913fd2defdb5e5	TODO: replication brief + artifact/data/code harvest	
		B	9	candidate	10.1038/s41598-024-56491-7	Long-term, non-invasive FTIR detection of low-dose ionizing radiation exposure	2024	Scientific Reports	7	dose-rate / low-dose response; omics / biomarkers / signatures; immune / inflammation / senescence	semantic_scholar		https://www.nature.com/articles/s41598-024-56491-7.pdf	TODO: replication brief + artifact/data/code harvest	Non-invasive methods of detecting radiation exposure show promise to improve upon current approaches to biological dosimetry in ease, speed, and accuracy. Here we developed a pipeline that employs Fourier transform infrared (FTIR) spectroscopy in the mid-infrared spectrum to identify a signature of low dose ionizing radiation exposure in mouse ear pinnae over time. Mice exposed to 0.1 to 2 Gy total body irradiation were repeatedly measured by FTIR at the stratum corneum of the ear pinnae. We found significant discriminative power for all doses and time-points out to 90 days after exposure. Classification accuracy was maximized when testing 14 days after exposure (specificity > 0.9 with a sensitivity threshold of 0.9) and dropped by roughly 30% sensitivity at 90 days. Infrared frequencies point towards biological changes in DNA conformation, lipid oxidation and accumulation and shifts in 
		B	9	candidate	10.1128/aem.01948-23	Natural transformation-specific DprA coordinate DNA double-strand break repair pathways in heavily irradiated D. radiodurans	2024	Applied and Environmental Microbiology	5	DNA repair / DDR; microbial / extremophile	semantic_scholar		https://www.ncbi.nlm.nih.gov/pmc/articles/PMC10880594	TODO: replication brief + artifact/data/code harvest	ABSTRACT Deinococcus radiodurans exhibits remarkable survival under extreme conditions, including ionizing radiation, desiccation, and various DNA-damaging agents. It employs unique repair mechanisms, such as single-strand annealing (SSA) and extended synthesis-dependent strand annealing (ESDSA), to efficiently restore damaged genome. In this study, we investigate the role of the natural transformation-specific protein DprA in DNA repair pathways following acute gamma radiation exposure. Our findings demonstrate that the absence of DprA leads to rapid repair of gamma radiation-induced DNA double-strand breaks primarily occur through SSA repair pathway. Additionally, our findings suggest that the DprA protein may hinder both the SSA and ESDSA repair pathways, albeit in distinct manners. Overall, our results highlight the crucial function of DprA in the selection between SSA and ESDSA path
		B	9	candidate	10.3390/antiox14020120	Single Low-Dose Ionizing Radiation Transiently Enhances Rat RIN-m5F Cell Function via the ROS/p38 MAPK Pathway Without Inducing Cell Damage	2025	Antioxidants	5	DNA repair / DDR; dose-rate / low-dose response	semantic_scholar		https://doi.org/10.3390/antiox14020120	TODO: replication brief + artifact/data/code harvest	High doses of ionizing radiation (HDIR) are known to induce cellular damage, whereas low-dose ionizing radiation (LDIR) may trigger protective biological responses. Recent studies have explored the potential benefits of LDIR in treating diabetes and its complications. However, the direct effects of LDIR on pancreatic β-cells and the underlying mechanisms remain to be elucidated. This study aimed to evaluate the effects of LDIR on pancreatic β-cell functionality and elucidate the underlying molecular mechanisms involved. Rat RIN-m5F cells were exposed to LDIR (25 mGy) or HDIR (2.5 Gy) to examine changes in insulin mRNA expression, secretion, DNA damage, and apoptosis. The roles of reactive oxygen species (ROS) and the p38 mitogen-activated protein kinase (MAPK) pathway were assessed via the use of antioxidants and pathway inhibitors. The findings indicated that LDIR transiently increased 
		B	9	candidate	10.1016/j.mrgentox.2022.503528	DNA double-strand break repair and adaptive responses of low-dose radiation in normal and tumor lung cell lines.	2022	Mutation Research. Genetic Toxicology and Environmental Mutagenesis	4	DNA repair / DDR; dose-rate / low-dose response	semantic_scholar		https://www.semanticscholar.org/paper/72dbacff535fe739955f8bee59ac0bffc17a5225	TODO: replication brief + artifact/data/code harvest	The adaptive response (AR), which can be induced by low-dose ionizing radiation (LD), may influence the therapeutic ratio of cancer treatment. We investigated the AR and the DNA double-strand break (DSB) repair pathway in human lung tumor cells and normal cells. We measured viability and proliferation of normal lung cells (MRC-5) and lung cancer cells (QU-DB) using the MTT and colony formation assays. Flow cytometric analysis of γ-H2AX was used to measure DNA-DSBs induction, repair, and residual damages. AR was seen in the normal cells but not in the cancer cells. Our findings suggest that LD stimulates DSB repair and that this may contribute to distinctive AR in normal vs. cancer cells.
		B	9	candidate	10.1097/hp.0000000000001709	Evaluation of Low-dose Radiation-induced DNA Damage and Repair in 3D Printed Human Cellular Constructs	2023	Health Physics	4	DNA repair / DDR; dose-rate / low-dose response	semantic_scholar		https://www.semanticscholar.org/paper/18cb20074f857e968ebab97263f923145326ddc4	TODO: replication brief + artifact/data/code harvest	Abstract DNA double-strand breaks (DSBs) induced by ionizing radiation (IR) are considered to be the most critical lesion that when unrepaired or misrepaired leads to genomic instability or cell death depending on the radiation exposure dose. The potential health risks associated with exposures of low-dose radiation are of concern since they are being increasingly used in diverse medical and non-medical applications. Here, we have used a novel human tissue-like 3-dimensional bioprint to evaluate low-dose radiation-induced DNA damage response. For the generation of 3-dimensional tissue-like constructs, human hTERT immortalized foreskin fibroblast BJ1 cells were extrusion printed and further enzymatically gelled in a gellan microgel-based support bath. Low-dose radiation-induced DSBs and repair were analyzed in the tissue-like bioprints by indirect immunofluorescence using a well-known DSB
		B	9	candidate	10.3390/cells13201705	Chronic Low-Dose-Rate Radiation-Induced Persistent DNA Damage and miRNA/mRNA Expression Changes in Mouse Hippocampus and Blood	2024	Cells	2	DNA repair / DDR; dose-rate / low-dose response; immune / inflammation / senescence	semantic_scholar		https://www.semanticscholar.org/paper/dc14f8611ea9eac11c7f3021df033d38c8254d01	TODO: replication brief + artifact/data/code harvest	Our previous study demonstrated that the acute high-dose-rate (3.3 Gy/min) γ-ray irradiation (γ-irradiation) of postnatal day-3 (P3) mice with 5 Gy induced depression and drastic neuropathological changes in the dentate gyrus of the hippocampus of adult mice. The present study investigated the effects of chronic low-dose-rate (1.2 mGy/h) γ-irradiation from P3 to P180 with a cumulative dose of 5 Gy on animal behaviour, hippocampal cellular change, and miRNA and mRNA expression in the hippocampus and blood in female mice. The radiation exposure did not significantly affect the animal’s body weight, and neuropsychiatric changes such as anxiety and depression were examined by neurobehavioural tests, including open field, light-dark box, elevated plus maze, tail suspension, and forced swim tests. Immunohistochemical staining did not detect any obvious loss of mature and immature neurons (NeuN
		B	9	candidate	10.1080/09553002.2024.2324470	Distinguish response of low-dose radiation with different dose-rate on gene expression of human coronary artery endothelial cells: a bioinformatic study based on transcriptomic sequencing	2024	International Journal of Radiation Biology	2	dose-rate / low-dose response; omics / biomarkers / signatures; immune / inflammation / senescence	semantic_scholar		https://www.semanticscholar.org/paper/8c7e034b7289b0c55a5c97772aa018fa43ee5d2b	TODO: replication brief + artifact/data/code harvest	Abstract Purpose People are exposed to low-dose radiation in medical diagnosis, occupational, or life circumstances, but the effect of low-dose radiation on human health is still controversial. The biological effects of radiation below 100 mGy are still unproven. In this study, we observed the effects of low-dose radiation (100 mGy) on gene expression in human coronary artery endothelial cells (HCAECs) and its effect on molecular signaling. Materials and methods HCAECs were exposed to 100 mGy ionizing radiation at 6 mGy/h (low-dose-rate) or 288 mGy/h (high-dose-rate). After 72 h, total RNA was extracted from sham or irradiated cells for Quant-Seq 3'mRNA-Seq, and bioinformatic analyses were performed using Metascape. Gene profiling was validated using qPCR. Results Compared to the non-irradiated control group, 100 mGy of ionizing radiation at 6 mGy/h altered the expression of 194 genes in
		B	9	candidate	10.31083/fbl47070	Inter-laboratory Evaluation of γH2AX/53BP1 DNA Double-strand Break Foci Assays in Human Lymphocytes Under Low-dose Irradiation: Implications for Calyculin A.	2026	Frontiers in Bioscience	1	DNA repair / DDR; dose-rate / low-dose response	semantic_scholar		https://www.semanticscholar.org/paper/3248f02a87a6914263d1d5405eccfbc7e969a3d0	TODO: replication brief + artifact/data/code harvest	"BACKGROUND
Accurate biodosimetry is essential for effective radiological triage, precise clinical monitoring, and assessment of risks from diagnostic exposures. Immunofluorescent detection of phosphorylated histone H2AX (γH2AX) and p53-binding protein 1 (53BP1) DNA double-strand break repair foci provides high sensitivity for radiation dose assessment within the first hours after exposure. However, inter-laboratory reproducibility of γH2AX/53BP1-based biodosimetry remains limited, and the contribution of pharmacological modifiers is unresolved.


METHODS
Here, we conducted an inter-laboratory comparison of in vitro radiation dose-response relationships of foci yields measured in cryopreserved umbilical cord blood lymphocytes (UCBLs) and freshly isolated peripheral blood lymphocytes (PBLs) from healthy donors using fluorescent microscopy with emphasis on workflow harmonization and reprodu"
		B	9	candidate	10.15244/pjoes/110042	"Using an Escherichia Coli K-12/recA-gfpmut2
Microbial Biosensor to Assess the Impact
of Cyclophosphamide and L-ascorbic Acid
Residues on Living Bacteria Cells"	2020		1	dose-rate / low-dose response; omics / biomarkers / signatures; microbial / extremophile	semantic_scholar		https://doi.org/10.15244/pjoes/110042	TODO: replication brief + artifact/data/code harvest	Pharmaceutical residues and their transformation products (TPs) have been found in wastewaters and aquatic environments, and they cause adverse effects in aquatic organisms, especially upon chronic exposure and even at very low doses. Cyclophosphamide (CP) is a common alkylating agent that is effective against a wide variety of tumors. L-ascorbic acid is a known water-soluble vitamin that has antioxidant properties. The pharmaceutical residues of both drugs are detected in the environment, and as biologically active molecules they have the ability to affect organisms. In this work we presented the use of a microbiological biosensor E. coli K-12/recA-gfpmut2 in the assessment of the effects of residues of cyclophosphamide and vitamin C and their mixtures on living cells. In our studies, we have shown that mixtures of CP and vitamin C in the highest CP concentrations are more toxic to E. c
		B	9	candidate		Barcode technology in yeast: application to pharmacogenomics				omics / biomarkers / signatures; microbial / extremophile; computational model / simulation	lucid_reference		https://academic.oup.com/femsyr/article/10/8/1083/635178	TODO: replication brief + artifact/data/code harvest	
		B	9	candidate	10.64898/2026.05.19.726427	Does Low Dose Radiation Induced Adaptive Response Influence Initial DNA-DSB formation? Evidence from γH2AX foci Analysis in Human Lymphocytes	2026	bioRxiv	0	DNA repair / DDR; dose-rate / low-dose response	semantic_scholar		https://www.semanticscholar.org/paper/4edce8f5ee45480d911f1e48150c9500c0309d3c	TODO: replication brief + artifact/data/code harvest	
		B	9	candidate	10.17226/11340	Radiation Protection				DNA repair / DDR; radiation quality / RBE	dropbox_pdf		/Users/stevens/Dropbox/INLRPT-25-85463_Reevaluation-of-Radiation-Protection-Standards R0-Final.pdf	TODO: replication brief + artifact/data/code harvest	Reevaluation of Radiation Protection Standards for Workers and the Public Based on Current Scientific Evidence JULY 2025 John C. Wagner, Ph.D. Seth J Kanter, CHP Rebecca Case, CHP Patrick B. Bragg, CHP Brian J. Crawford, CHP Patrick Rielly, CHP Idaho National Laboratory INL/RPT-25-85463 Revision 0 DISCLAIMER This information was prepared as an account of work sponsored by an agency of the U.S. Government. Neither the U.S. Government nor any agency thereof, nor any of their employees, makes any warranty, expressed or implied, or assumes any legal liability or responsibility for the accuracy, completeness, or usefulness, of any information, apparatus, product, or process disclosed, or represents that its use would not infringe privately owned rights. References herein to any specific commercial product, process, or service by trade name, trade mark, manufacturer, or otherwise, does not nec
		C	8	candidate	10.1074/mcp.m111.011734	Gamma Radiation-induced Proteome of Deinococcus radiodurans Primarily Targets DNA Repair and Oxidative Stress Alleviation*	2011	Molecular & Cellular Proteomics	102	DNA repair / DDR; microbial / extremophile; computational model / simulation	semantic_scholar		http://www.mcponline.org/article/S1535947620305545/pdf	TODO: replication brief + artifact/data/code harvest	The extraordinary radioresistance of Deinococcus radiodurans primarily originates from its efficient DNA repair ability. The kinetics of proteomic changes induced by a 6-kGy dose of gamma irradiation was mapped during the post-irradiation growth arrest phase by two-dimensional protein electrophoresis coupled with mass spectrometry. The results revealed that at least 37 proteins displayed either enhanced or de novo expression in the first 1 h of post-irradiation recovery. All of the radiation-responsive proteins were identified, and they belonged to the major functional categories of DNA repair, oxidative stress alleviation, and protein translation/folding. The dynamics of radiation-responsive protein levels throughout the growth arrest phase demonstrated (i) sequential up-regulation and processing of DNA repair proteins such as single-stranded DNA-binding protein (Ssb), DNA damage respon
		C	8	candidate	10.1186/s13148-024-01630-0	Identification of DNA methylation biomarkers for evaluating cardiovascular disease risk from epigenome profiles altered by low-dose ionizing radiation	2024	Clinical Epigenetics	7	dose-rate / low-dose response; omics / biomarkers / signatures	lucid_reference;semantic_scholar		https://clinicalepigeneticsjournal.biomedcentral.com/counter/pdf/10.1186/s13148-024-01630-0	TODO: replication brief + artifact/data/code harvest	Environmental exposure, medical diagnostic and therapeutic applications, and industrial utilization of radionuclides have prompted a growing focus on the risks associated with low-dose radiation (< 100 mGy). Current evidence suggests that such radiation can induce epigenetic changes. Nevertheless, whether exposure to low-dose radiation can disrupt endothelial cell function at the molecular level is unclear. Because endothelial cells play crucial roles in cardiovascular health and disease, we aimed to investigate whether low-dose radiation could lead to differential DNA methylation patterns at the genomic level in endothelial cell (EC) lines. We screened for changes in DNA methylation patterns in primary human aortic (HAECs) and coronary artery endothelial cells following exposure to low-dose ionizing radiation. Using a subset of genes altered via DNA methylation by low-dose irradiation, 
		C	8	candidate	10.1667/rade-24-00050.1	Occupational Exposure to Low Dose Ionizing Radiation and the Incidence of Surgically Removed Cataracts and Glaucoma in a Cohort of Ontario Nuclear Power Plant Workers	2025	Radiation Research	3	dose-rate / low-dose response	semantic_scholar		https://www.semanticscholar.org/paper/5dbe970add8d658927df65e1d7d744ed8804cee4	TODO: replication brief + artifact/data/code harvest	Ionizing radiation is a human carcinogen and has been shown to increase the risk of non-cancerous ocular disorders. Specifically, findings from epidemiological studies suggest that ionizing radiation leads to the development of cataracts and to a lesser extent glaucoma, however, there are uncertainties of these risks at lower exposures. We analyzed data from a cohort of 60,874 Ontario Nuclear Power Plant (NPP) workers within the Canadian National Dose Registry (NDR). These workers were monitored for whole-body exposure to ionizing radiation using dosimeters, with exposure estimates derived for each year of employment. Incident cases of surgically removed cataracts and glaucoma were identified through the record linkage of occupational histories to administrative health data for Ontario between 1991 and 2022. We compared the incidence of surgically removed cataracts and glaucoma in the co
		C	7	candidate	10.1016/j.mrfmmm.2003.12.016	Methylation changes in muscle and liver tissues of male and female mice exposed to acute and chronic low-dose X-ray-irradiation.	2004	Mutation research	144	dose-rate / low-dose response; omics / biomarkers / signatures	semantic_scholar		https://www.semanticscholar.org/paper/89ee266c80f6ca52427dc5f8e1cd64771a86687f	TODO: replication brief + artifact/data/code harvest	
		C	7	candidate	10.1002/pmic.201200463	Quantitative proteomic analysis reveals induction of premature senescence in human umbilical vein endothelial cells exposed to chronic low‐dose rate gamma radiation	2013	Proteomics	116	dose-rate / low-dose response; immune / inflammation / senescence	semantic_scholar		https://www.semanticscholar.org/paper/1277a8d404c4808791bb3672190bca0b39c21ff3	TODO: replication brief + artifact/data/code harvest	
		C	7	candidate	10.1016/j.mrfmmm.2011.04.004	Mutagenic adaptive response to high-LET radiation in human lymphoblastoid cells exposed to low doses of heavy-ion radiation.	2011		112	dose-rate / low-dose response; radiation quality / RBE	semantic_scholar		https://www.semanticscholar.org/paper/457c5fc7e20d8231cd759c7bcb5cbd6aec33b7ac	TODO: replication brief + artifact/data/code harvest	
		C	7	candidate	10.1038/s41418-025-01457-z	STING directly interacts with PAR to promote apoptosis upon acute ionizing radiation-mediated DNA damage	2025	Cell Death and Differentiation	25	dose-rate / low-dose response; immune / inflammation / senescence	semantic_scholar		https://doi.org/10.1038/s41418-025-01457-z	TODO: replication brief + artifact/data/code harvest	Acute ionizing radiation (IR) causes severe DNA damage, leading to cell cycle arrest, cell death, and activation of the innate immune system. The role and signaling pathway of stimulator of interferon genes (STING) in IR-induced tissue damage and cell death are not well understood. This study revealed that STING is crucial for promoting apoptosis in response to DNA damage caused by acute IR both in vitro and in vivo. STING binds to poly (ADP‒ribose) (PAR) produced by activated poly (ADP‒ribose) polymerase-1 (PARP1) upon IR. Compared with that in WT cells, apoptosis was suppressed in Stinggt-/gt- cells. Excessive PAR production by PARP1 due to DNA damage enhances STING phosphorylation, and inhibiting PARP1 reduces cell apoptosis after IR. In vivo, IR-induced crypt cell death was significantly lower in Stinggt-/gt- mice or with low-dose PARP1 inhibitor, PJ34, resulting in substantial resis
		C	7	candidate	10.14218/erhm.2021.00020	The Role of DNA Damage Induced by Low/High Dose Ionizing Radiation in Cell Carcinogenesis	2021	Exploratory Research and Hypothesis in Medicine	22	DNA repair / DDR; dose-rate / low-dose response; radiation quality / RBE	semantic_scholar		https://doi.org/10.14218/erhm.2021.00020	TODO: replication brief + artifact/data/code harvest	Cell damage caused by ionizing radiation is very complex, and has generalities and specificities regarding different ionizing radiation types, characters and radiating methods. These specificities have a complicated molecular mechanism and result in various radiobiological responses; however, the details remain unclear. Ionizing radiation can impair biological macromolecules in cells, such as DNA, RNA, signal proteins. Moreover, different radiation doses, as well as linear energy transfer (LET), cause various effects. Cells show a certain adaptive response to low-dose ionizing radiation (LDIR) when they receive a secondary larger dose of radiation. By contrast, high-dose or LET ionizing radiation can lead a much more serious attack on macromolecules, especially to the molecules involved in gene mutations, DNA single strand breaks (SSBs), DNA double strand breaks (DSBs) and DNA damage rep
		C	7	candidate	10.1186/s12645-021-00099-3	Multi-scale Monte Carlo simulations of gold nanoparticle-induced DNA damages for kilovoltage X-ray irradiation in a xenograft mouse model using TOPAS-nBio	2021	Cancer nanotechnology	20	computational model / simulation	semantic_scholar		https://cancer-nano.biomedcentral.com/track/pdf/10.1186/s12645-021-00099-3	TODO: replication brief + artifact/data/code harvest	Background Gold nanoparticles (AuNPs) are considered as promising agents to increase the radiosensitivity of tumor cells. However, the biological mechanisms of radiation enhancement effects of AuNPs are still not well understood. We present a multi-scale Monte Carlo simulation framework within TOPAS-nBio to investigate the increase of DNA damage due to the presence of AuNPs in mouse tumor models. Methods A tumor was placed inside a voxel mouse model and irradiated with either 100-kVp or 200-kVp X-ray beams. Phase spaces were employed to transfer particles from the macroscopic (voxel) scale to the microscopic scale, which consists of a cell geometry including a detailed mouse DNA model. Radiosensitizing effects were calculated in the presence and absence of hybrid nanoparticles with a $$\text{Fe}_2\text{O}_3$$ Fe 2 O 3 core surrounded by a gold layer (AuFeNPs). To simulate DNA damage even
		C	7	candidate	10.1667/rr13303.1	Generalized Time-Dependent Model of Radiation-Induced Chromosomal Aberrations in Normal and Repair-Deficient Human Cells	2014	Radiation Research	15	computational model / simulation	semantic_scholar		https://www.semanticscholar.org/paper/6a31cb031f8c5108aa06dacbe9b16da5ba92f6e4	TODO: replication brief + artifact/data/code harvest	
		C	7	candidate	10.3389/fimmu.2023.1235936	Cellular RNA and DNA sensing pathways are essential for the dose-dependent response of human monocytes to ionizing radiation	2023	Frontiers in Immunology	9	omics / biomarkers / signatures; immune / inflammation / senescence	semantic_scholar		https://www.frontiersin.org/articles/10.3389/fimmu.2023.1235936/pdf?isPublishedV2=False	TODO: replication brief + artifact/data/code harvest	Circulating monocytes are important players of the inflammatory response to ionizing radiation (IR). These IR-resistant immune cells migrate to radiation-damaged tissues and differentiate into macrophages that phagocytize dying cells, but also facilitate inflammation. Besides the effect of damage-associated molecular patterns, released from irradiated tissues, the inflammatory activation of monocytes and macrophages is largely dependent on IR-induced DNA damage and aberrant transcriptional activity, which may facilitate expression of type I interferons (IFN-I) and numerous inflammation-related genes. We analyzed the accumulation of dsRNA, dsDNA fragments, and RNA:DNA hybrids in the context of induction of RNA-triggered MAVS-mediated and DNA-triggered STING-mediated signaling pathways, in primary human monocytes and a monocytic cell line, THP1, in response to various doses of gamma IR. We
		C	7	candidate	10.3390/biology10121270	Evaluation of Global DNA Methylation and Gene Expression of Izumo1 and Izumo1r in Gonads after High- and Low-Dose Radiation in Neonatal Mice	2021	Biology	9	dose-rate / low-dose response; omics / biomarkers / signatures	semantic_scholar		https://www.mdpi.com/2079-7737/10/12/1270/pdf?version=1638768122	TODO: replication brief + artifact/data/code harvest	Simple Summary Other than DNA damage, it has become clear that ionizing radiation can also induce epigenetic effects. Thus, intergenerational effects from chronic low-dose exposures are possible concerns. It is important to elucidate the effects of radiation on germ cell maturation, fertilization and embryonic development. We analyzed global DNA methylation patterns in the testes and expression of Izumo1 in the testes and Izumo1r (Izumo1 receptor) in the ovaries of mice after neonatal acute high-dose radiation (HDR) and chronic low-dose radiation (LDR). The results of global DNA methylation patterns in the testis showed that the LDR group maintained its DNA methylation level, while the HDR group showed decreased DNA methylation levels with age. The expression level of Izumo1 in the testis recovered after the end of irradiation in the LDR group, while it remained low regardless of age in 
		C	7	candidate	10.3389/fonc.2021.671431	USP9X Is Required to Maintain Cell Survival in Response to High-LET Radiation	2021	Frontiers in Oncology	9	radiation quality / RBE; immune / inflammation / senescence	semantic_scholar		https://www.frontiersin.org/articles/10.3389/fonc.2021.671431/pdf	TODO: replication brief + artifact/data/code harvest	Ionizing radiation (IR) principally acts through induction of DNA damage that promotes cell death, although the biological effects of IR are more broad ranging. In fact, the impact of IR of higher-linear energy transfer (LET) on cell biology is generally not well understood. Critically, therefore, the cellular enzymes and mechanisms responsible for enhancing cell survival following high-LET IR are unclear. To this effect, we have recently performed siRNA screening to identify deubiquitylating enzymes that control cell survival specifically in response to high-LET α-particles and protons, in comparison to low-LET X-rays and protons. From this screening, we have now thoroughly validated that depletion of the ubiquitin-specific protease 9X (USP9X) in HeLa and oropharyngeal squamous cell carcinoma (UMSCC74A) cells using small interfering RNA (siRNA), leads to significantly decreased survival
		C	7	candidate	10.1080/09553007514551091	Suppression and recovery of the immune response and CFU potential of mice during and after chronic low-dose-rate gamma-irradiation.	1975	International Journal of Radiation Biology and Related Studies in Physics Chemistry and Medicine	4	dose-rate / low-dose response; immune / inflammation / senescence	semantic_scholar		https://www.semanticscholar.org/paper/edc802e002afff55a32c5d3a35cf7860954dcc96	TODO: replication brief + artifact/data/code harvest	
		C	7	candidate	10.1007/s00411-025-01111-9	Evaluating the biological impact of shelters on astronaut health during different solar particle events: a Geant4-DNA simulation study	2025	Radiation and Environmental Biophysics	3	computational model / simulation	semantic_scholar		https://www.semanticscholar.org/paper/79354f6dcbace82aaefb56ae62cce6eab1d543a7	TODO: replication brief + artifact/data/code harvest	
		C	7	candidate		. That’s the scientific consensus and the mechanistic underpinning that gives carbon ion therapy its unique therapeutic edge.				radiation quality / RBE; computational model / simulation	lucid_reference		https://	TODO: replication brief + artifact/data/code harvest	
		C	7	candidate	10.69739/jlsph.v2i1.1361	Biological Dosimetry and Individual Susceptibility in Chronic Low-Dose Occupational Ionizing Radiation Exposure: Implications for Worker Health Surveillance	2026	Journal of Life Science and Public Health	0	DNA repair / DDR; dose-rate / low-dose response; omics / biomarkers / signatures	semantic_scholar		https://www.semanticscholar.org/paper/a1193c904185d10f833b7c4f6ff117fb5dfe7193	TODO: replication brief + artifact/data/code harvest	The global number of workers who are exposed to ionizing radiation through occupation is 2.3 million in the healthcare, nuclear energy, and industrial fields. In spite of regulatory annual dose limits of 20 mSv, cellular and molecular damage are measurable at lower doses than these, with chronic low-dose exposures causing damage. Current occupational surveillance relies predominantly on physical dosimetry, which does not capture individual biological susceptibility or cumulative cellular damage. This is a synthesis of peer-reviewed sources dating from 2000 to 2025 on biological damages in occupationally exposed workers. The DNA damage indicators, such as sustained gamma-H2AX foci, micronuclei, and chromosomal anomalies, report 2-7-fold increases in health workers in the field of medicine and industrial radiography below regulatory limits. The biomarkers of oxidative stress demonstrate a 
		C	7	candidate	10.1364/laop.2022.m2b.4	Bone as a biomarker for detecting low dose of ionizing radiation: a pilot study	2022	Latin America Optics and Photonics (LAOP) Conference 2022	0	dose-rate / low-dose response; omics / biomarkers / signatures	semantic_scholar		https://www.semanticscholar.org/paper/eadbf8cccbe01b6d5d13cac595ef5a39183f1cc6	TODO: replication brief + artifact/data/code harvest	FTIR spectroscopy was able to discriminate bone samples receiving low-dose ionizing radiation doses (0.002 kGy, 0.004 kGy, 0.007 kGy), offering valuable insights in view of the understanding of radiation dose response in biological systems.
		C	7	candidate		cascade, with caspase-9 and caspase-3 as key effectors. That’s the scientific consensus and the mechanistic underpinning that gives carbon ion therapy its unique therapeutic edge.				radiation quality / RBE; computational model / simulation	lucid_reference		https://github.com/rick-stevens-ai/Wisteria	TODO: replication brief + artifact/data/code harvest	
		C	7	candidate		Cytokine Gene Expression in Bone Marrow of Chronic Low Dose Rate Gamma-Ray Irradiated Mice	2001		0	dose-rate / low-dose response; omics / biomarkers / signatures	semantic_scholar		https://www.semanticscholar.org/paper/a4881da202eb7ce39ad30d155cf1af545d7a0602	TODO: replication brief + artifact/data/code harvest	
		C	7	candidate		DdrC, a unique DNA repair factor from D. radiodurans, senses and ...				DNA repair / DDR; microbial / extremophile	lucid_reference		https://academic.oup.com/nar/article/52/15/9282/7717837	TODO: replication brief + artifact/data/code harvest	
		C	7	candidate		Induction of Clustered DNA Damage in Human Cells and Ex Vivo Epidermis by Low Doses of Low Dose Rate Simulated Solar Particle Event Protons	2011		0	dose-rate / low-dose response; radiation quality / RBE	semantic_scholar		https://www.semanticscholar.org/paper/b8744cceeb7921075f0a6d0f57c2b68b98e3591b	TODO: replication brief + artifact/data/code harvest	
		C	6	candidate	10.1016/j.bbrc.2012.11.040	ATM-deficient human fibroblast cells are resistant to low levels of DNA double-strand break induced apoptosis and subsequently undergo drug-induced premature senescence.	2013	Biochemical and Biophysical Research Communications - BBRC	20	DNA repair / DDR; immune / inflammation / senescence	semantic_scholar		https://www.semanticscholar.org/paper/1333baa9a4e7d869c1501c0b6e83179adaf13a12	TODO: replication brief + artifact/data/code harvest	
		C	6	candidate	10.1007/s10522-019-09842-1	The role of DNA repair genes in radiation-induced adaptive response in Drosophila melanogaster is differential and conditional	2019	Biogerontology (Dordrecht)	19	DNA repair / DDR; dose-rate / low-dose response	semantic_scholar		https://www.semanticscholar.org/paper/d6d4929a2626952dac16dd5269c6d06cb3636500	TODO: replication brief + artifact/data/code harvest	
		C	6	candidate	10.1186/s12934-024-02508-9	Impeding microbial biofilm formation and Pseudomonas aeruginosa virulence genes using biologically synthesized silver Carthamus nanoparticles	2024	Microbial Cell Factories	13	DNA repair / DDR; omics / biomarkers / signatures; microbial / extremophile	semantic_scholar		https://doi.org/10.1186/s12934-024-02508-9	TODO: replication brief + artifact/data/code harvest	Long-term antibiotic treatment results in the increasing resistance of bacteria to antimicrobials drugs, so it is necessary to search for effective alternatives to prevent and treat pathogens that cause diseases. This study is aimed for biological synthesis of silver Carthamus nanoparticles (Ag-Carth-NPs) to combat microbial biofilm formation and Pseudomonas aeruginosa virulence genes. Ag-Carth-NPs are synthesized using Carthamus tenuis aqueous extract as environmentally friendly method has no harmful effect on environment. General factorial design is used to optimize Ag-Carth-NPs synthesis using three variables in three levels are Carthamus extract concentration, silver nitrate concentration and gamma radiation doses. Analysis of response data indicates gamma radiation has a significant effect on Ag-Carth-NPs production. Ag-Carth-NPs have sharp peak at λ max 425 nm, small and spherical 
		C	6	candidate	10.1080/09553009014552661	Prediction of cell survival curves from DNA double-strand break repair data for low- and high-LET radiation.	1990	International Journal of Radiation Biology	9	DNA repair / DDR; radiation quality / RBE	semantic_scholar		https://www.semanticscholar.org/paper/8d162c2736d6e25e29ddaec47897d25b19db6b7b	TODO: replication brief + artifact/data/code harvest	
		C	6	candidate	10.1002/jat.4769	Prolonged Low‐Dose Chromium (VI) Exposure Induces Oxidative Stress, Apoptotic Genes and Epigenetic Modification of DNA Repair Genes in the Brain and Kidney of Swiss Albino Mice	2025	Journal of Applied Toxicology	8	DNA repair / DDR; omics / biomarkers / signatures	semantic_scholar		https://www.semanticscholar.org/paper/cc038dbf1ba6b312440f1bc75017da47c7cbab1f	TODO: replication brief + artifact/data/code harvest	
		C	6	candidate	10.3389/fimmu.2021.705361/full	Immunogenic Cell Death Induction by Ionizing Radiation - Frontiers				immune / inflammation / senescence	lucid_reference		https://www.frontiersin.org/journals/immunology/articles/10.3389/fimmu.2021.705361/full	TODO: replication brief + artifact/data/code harvest	
		C	6	candidate		The Effects of Ionizing Radiation on Gut Microbiota - MDPI				immune / inflammation / senescence	lucid_reference		https://www.mdpi.com/1467-3045/45/5/249	TODO: replication brief + artifact/data/code harvest	
		C	6	candidate	10.1093/jrr/rrag005	Time-dependent 53BP1 foci kinetics in X-irradiated human hair follicle dermal papilla cells	2026	Journal of Radiation Research	0	DNA repair / DDR; computational model / simulation	semantic_scholar		https://www.semanticscholar.org/paper/165f0be0719f4d65e91277675b1de918269f72e5	TODO: replication brief + artifact/data/code harvest	ABSTRACT We investigated the feasibility of a biological dosimetry method using human hair follicle dermal papilla cells (HFDPCs). Cultured HFDPCs were X-irradiated at doses of 50–20 000 mGy, and 53BP1 foci were analyzed up to 96 h post-irradiation to assess DNA double-strand break repair kinetics and dose–response relationships. Up to 5 h post-irradiation, 53BP1 foci increased in a significant dose-dependent manner from 50 to 1000 mGy. By 24 h, the foci count at 50 mGy returned to background levels, whereas dose dependence persisted at higher doses. Notably, analysis of the focus size revealed that the proportion of large foci (diameter ≥ 1 μm) significantly increased at doses ≥ 3000 mGy at 24 h. At 96 h post-irradiation, while total focus counts showed limited discrimination, large-foci assessment maintained significant sensitivity for doses as low as 500 mGy). These findings demonstra
		C	5	candidate	10.1080/09553000310001610961	Gene expression changes in mouse brain after exposure to low‐dose ionizing radiation	2003	International Journal of Radiation Biology	187	omics / biomarkers / signatures	semantic_scholar		https://www.semanticscholar.org/paper/3f65de0b0986561bf42198f228e423a98a25ef74	TODO: replication brief + artifact/data/code harvest	
		C	5	candidate	10.1093/mutage/10.2.95	Induction of a cytogenetic adaptive response in germ cells of irradiated mice with very low-dose rate of chronic gamma-irradiation and its biological influence on radiation-induced DNA or chromosomal damage and cell killing in their male offspring.	1995	Mutagenesis	61	dose-rate / low-dose response	semantic_scholar		https://www.semanticscholar.org/paper/afed18e83d4a494282c2caa200714001aa2550a0	TODO: replication brief + artifact/data/code harvest	
		C	5	candidate	10.3390/curroncol30060416	High-LET-Radiation-Induced Persistent DNA Damage Response Signaling and Gastrointestinal Cancer Development	2023	Current Oncology	32	dose-rate / low-dose response; radiation quality / RBE; immune / inflammation / senescence	semantic_scholar		https://www.mdpi.com/1718-7729/30/6/416/pdf?version=1686116951	TODO: replication brief + artifact/data/code harvest	Ionizing radiation (IR) dose, dose rate, and linear energy transfer (LET) determine cellular DNA damage quality and quantity. High-LET heavy ions are prevalent in the deep space environment and can deposit a much greater fraction of total energy in a shorter distance within a cell, causing extensive DNA damage relative to the same dose of low-LET photon radiation. Based on the DNA damage tolerance of a cell, cellular responses are initiated for recovery, cell death, senescence, or proliferation, which are determined through a concerted action of signaling networks classified as DNA damage response (DDR) signaling. The IR-induced DDR initiates cell cycle arrest to repair damaged DNA. When DNA damage is beyond the cellular repair capacity, the DDR for cell death is initiated. An alternative DDR-associated anti-proliferative pathway is the onset of cellular senescence with persistent cell c
		C	5	candidate	10.1007/s00411-005-0269-8	Low-dose ionizing radiation: induction of differential intracellular signalling possibly affecting intercellular communication	2005	Radiation and Environmental Biophysics	32	dose-rate / low-dose response	semantic_scholar		https://www.semanticscholar.org/paper/364bf73283b71b78fbddbd51dc14244d4e03e74f	TODO: replication brief + artifact/data/code harvest	
		C	5	candidate	10.1016/j.scitotenv.2024.170178	Interplay of immune modulation, adaptive response and hormesis: Suggestive of threshold for clinical manifestation of effects of ionizing radiation at low doses?	2024	Science of the Total Environment	11	dose-rate / low-dose response; radiation quality / RBE; immune / inflammation / senescence	semantic_scholar		https://www.semanticscholar.org/paper/cf27404111e78d25d3788d5644c8a90b1599d35c	TODO: replication brief + artifact/data/code harvest	"The health impacts of low-dose ionizing radiation exposures have been a subject of debate over the last three to four decades. While there has been enough evidence of ""no adverse observable"" health effects at low doses and low dose rates, the hypothesis of ""Linear No Threshold"" continues to rule and govern the principles of radiation protection and the formulation of regulations and public policies. In adopting this conservative approach, the role of the biological processes underway in the human body is kept at abeyance. This review consolidates the available studies that discuss all related biological pathways and repair mechanisms that inhibit the progression of deleterious effects at low doses and low dose rates of ionizing radiation. It is pertinent that, taking cognizance of these processes, there is a need to have a relook at policies of radiation protection, which as of now are t"
		C	5	candidate	10.1016/j.mrfmmm.2015.07.008	Studies of adaptive response and mutation induction in MCF-10A cells following exposure to chronic or acute ionizing radiation.	2015	Mutation research	9	dose-rate / low-dose response	semantic_scholar		https://www.semanticscholar.org/paper/b0a75f86e8bebf6b48684b5a61db4d16e9c13fb5	TODO: replication brief + artifact/data/code harvest	
		C	5	candidate	10.1177/15593258221081373	Analysis of Red Blood Cells and their Components in Medical Workers with Occupational Exposure to Low-Dose Ionizing Radiation	2022	Dose-Response	8	dose-rate / low-dose response	semantic_scholar		https://journals.sagepub.com/doi/pdf/10.1177/15593258221081373	TODO: replication brief + artifact/data/code harvest	Plenty of reports focus on the effects of low-dose radiation (LDR) on peripheral blood lymphocytes in radiation workers. However, studies on red blood cells (RBCs) in radiation workers are rarely reported. Many studies focused on investigate the hemogram of radiation staffs without detecting other components of RBCs. To explore the potential effect of LDR on RBCs, we detected the level of RBC count, hemoglobin, 2,3-disphosphoglycerate (2,3-DPG), and glutathione (GSH), and then analyzed the factors on these indices in 106 medical radiation workers. As a result, RBC count was affected by sex, age, type of work, length of service (only for females), and annual effective dose (only for males). Hemoglobin status was affected by sex, type of work, and annual effective dose (only for males). Sex, age, and type of work had no effects on the concentration of 2,3-DPG and GSH. Length of service aff
		C	5	candidate		Re: Involvement of ubiquitination and sumoylation in bladder lesions induced by persistent long-term low dose ionizing radiation in humans and Re: DNA damage repair in bladder urothelium after the Chernobyl accident in Ukraine.	2007	Journal of Urology	7	dose-rate / low-dose response	semantic_scholar		https://www.semanticscholar.org/paper/ad5f3e9e7886c6ff39799ead3d3366c143e48002	TODO: replication brief + artifact/data/code harvest	
		C	5	candidate	10.1142/s0219720017500068	Effects of low dose ionizing radiation on DNA damage-caused pathways by reverse-phase protein array and Bayesian networks	2017	J. Bioinform. Comput. Biol.	6	dose-rate / low-dose response	semantic_scholar		https://www.semanticscholar.org/paper/a3074ed454b3b55d3142787b2090d20e6b8d7b03	TODO: replication brief + artifact/data/code harvest	
		C	5	candidate		Effects of chronic low-dose-rate gamma irradiation on the antitumor activity and chemokine system in mice	2015		4	dose-rate / low-dose response	semantic_scholar		https://www.semanticscholar.org/paper/061484f62a4629858d121607aed2a98a042844b5	TODO: replication brief + artifact/data/code harvest	
		C	5	candidate	10.1016/j.isci.2024.109596	Radiotolerance of N-cycle bacteria and their transcriptomic response to low-dose space-analogue ionizing irradiation	2024	iScience	2	dose-rate / low-dose response; omics / biomarkers / signatures; microbial / extremophile	semantic_scholar		http://www.cell.com/article/S2589004224008186/pdf	TODO: replication brief + artifact/data/code harvest	Summary The advancement of regenerative life support systems (RLSS) is crucial to allow long-distance space travel. Within the Micro-Ecological Life Support System Alternative (MELiSSA), efficient nitrogen recovery from urine and other waste streams is vital to produce liquid fertilizer to feed food and oxygen production in subsequent photoautotrophic processes. This study explores the effects of ionizing radiation on nitrogen cycle bacteria that transform urea to nitrate. In particular, we assess the radiotolerance of Comamonas testosteroni, Nitrosomonas europaea, and Nitrobacter winogradskyi after exposure to acute γ-irradiation. Moreover, a comprehensive whole transcriptome analysis elucidates the effects of spaceflight-analogue low-dose ionizing radiation on the individual axenic strains and on their synthetic community o. This research sheds light on how the spaceflight environment 
		C	5	candidate	10.1038/s41416-025-03128-9	Unraveling cellular dynamic changes in tumor evolution induced by long-term low dose-rate radiation	2025	British Journal of Cancer	1	dose-rate / low-dose response	semantic_scholar		https://www.semanticscholar.org/paper/43797c7834d20e5589904d0168347625fb0cad6e	TODO: replication brief + artifact/data/code harvest	
		C	5	candidate		53BP1—DNA repair enters a new liquid phase - PMC				DNA repair / DDR	lucid_reference		https://pmc.ncbi.nlm.nih.gov/articles/PMC6694213/	TODO: replication brief + artifact/data/code harvest	
		C	5	candidate		Biomarkers of Radiotherapy-Induced Immunogenic Cell Death - PMC				omics / biomarkers / signatures; immune / inflammation / senescence	lucid_reference		https://pmc.ncbi.nlm.nih.gov/articles/PMC8073519/	TODO: replication brief + artifact/data/code harvest	
		C	5	candidate	10.1007/978-94-007-1939-2_8	Bystander Effects and Adaptive Responses Modulate In Vitro and In Vivo Biological Responses to Low Dose Ionizing Radiation	2012		0	dose-rate / low-dose response	semantic_scholar		https://www.semanticscholar.org/paper/b697c4773a2e63735526388ae8fed0be27720d72	TODO: replication brief + artifact/data/code harvest	
		C	5	candidate		Clustered DNA double-strand break formation and the repair ...				DNA repair / DDR	lucid_reference		https://academic.oup.com/jrr/article/60/1/69/5196526	TODO: replication brief + artifact/data/code harvest	
		C	5	candidate		DNA-PK inhibition sustains the antitumor innate immune response ...				DNA repair / DDR; immune / inflammation / senescence	lucid_reference		https://www.sciencedirect.com/science/article/pii/S2589004225002032	TODO: replication brief + artifact/data/code harvest	
		C	5	candidate		Double-Strand Breaks by Melting DNA Ends - PubMed				DNA repair / DDR	lucid_reference		https://pubmed.ncbi.nlm.nih.gov/33406426/	TODO: replication brief + artifact/data/code harvest	
		C	5	candidate	10.20381/ruor-24646	Effects of Low Dose Ionizing Radiation on DNA Damage and Repair Response in Proliferating Muscle Stem Cells	2020		0	dose-rate / low-dose response	semantic_scholar		https://www.semanticscholar.org/paper/ae27af2a06008334b0159e80b7a8b1ffcaa72814	TODO: replication brief + artifact/data/code harvest	
		C	5	candidate		FUS-dependent liquid-liquid phase separation is important for DNA repair initiation - PubMed				DNA repair / DDR	lucid_reference		https://pubmed.ncbi.nlm.nih.gov/33704371/	TODO: replication brief + artifact/data/code harvest	
		C	5	candidate		Immunogenic cell death after combined treatment with radiation and ...				DNA repair / DDR; immune / inflammation / senescence	lucid_reference		https://pubmed.ncbi.nlm.nih.gov/37346039/	TODO: replication brief + artifact/data/code harvest	
		C	5	candidate	10.25298/2221-8785-2026-24-1-13-23	LONG-TERM CONSEQUENCES OF LOW-DOSE RADIATION EXPOSURE	2026	Journal of the Grodno State Medical University	0	dose-rate / low-dose response; radiation quality / RBE; omics / biomarkers / signatures	semantic_scholar		https://www.semanticscholar.org/paper/1cb1d28653f19c6f4a16578148a862c6e616169a	TODO: replication brief + artifact/data/code harvest	This review examines current evidence on the long-term consequences of low-dose ionizing radiation exposure, with particular emphasis on transgenerational effects and alterations in the germline. Key phenomena discussed include radiation-induced genomic instability, the bystander effect, and epigenetic mechanisms of transmitting damage across generations. Although experimental studies in animals provide strong evidence of transgenerational effects, large-scale epidemiological investigations in humans generally do not demonstrate significant increases in de novo mutation rates or hereditary diseases in the offspring of exposed parents. Nevertheless, subtle molecular signatures and clustered mutations detected by whole-genome sequencing techniques do not allow complete exclusion of such effects under conditions of chronic low-dose exposure. The review highlights a significant lack of data 
		C	5	candidate		Mediation of radiation-induced bystander effect and epigenetic ...				dose-rate / low-dose response; omics / biomarkers / signatures	lucid_reference		https://www.sciencedirect.com/science/article/pii/S2405844024104914	TODO: replication brief + artifact/data/code harvest	
		C	5	candidate		Microbial cells can cooperate to resist high-level chronic ionizing ...				dose-rate / low-dose response; microbial / extremophile	lucid_reference		https://pubmed.ncbi.nlm.nih.gov/29261697/	TODO: replication brief + artifact/data/code harvest	
		C	5	candidate		Polθ is phosphorylated by PLK1 to repair double-strand breaks in mitosis | Nature				DNA repair / DDR	lucid_reference		https://www.nature.com/articles/s41586-023-06506-6?error=cookies_not_supported&code=2a0701e7-e673-45d2-b580bb7f64ab89b2	TODO: replication brief + artifact/data/code harvest	
		C	5	candidate		Polθ reverse transcribes RNA and promotes RNA-templated DNA repair - PMC				DNA repair / DDR	lucid_reference		https://pmc.ncbi.nlm.nih.gov/articles/PMC8195485/	TODO: replication brief + artifact/data/code harvest	
		C	5	candidate		Risk of Low Dose/Low Dose Rate Ionizing Radiation to Humans Symposium Annual Meeting of the Environmental Mutagen Society: Agenda and Abstracts	2009		0	dose-rate / low-dose response	semantic_scholar		https://www.semanticscholar.org/paper/b7260db083b3ded9511afbe94454c214743fda7d	TODO: replication brief + artifact/data/code harvest	
		C	5	candidate		Risk of Low Dose/Low Dose Rate Ionizing Radiation to Humans Symposium at the EMS 2009 Annual Meeting - September 2006	2009		0	dose-rate / low-dose response	semantic_scholar		https://www.semanticscholar.org/paper/a9122dd39cd382e2f1ebc033476f6decc3554961	TODO: replication brief + artifact/data/code harvest	
		C	4	candidate	10.1073/pnas.0830918100	Evidence for a lack of DNA double-strand break repair in human cells exposed to very low x-ray doses	2003	Proceedings of the National Academy of Sciences of the United States of America	1723	DNA repair / DDR	semantic_scholar		https://doi.org/10.1073/pnas.0830918100	TODO: replication brief + artifact/data/code harvest	
		C	4	candidate	10.1080/09553009114551211	Radiation-induced DNA double-strand break frequencies in human squamous cell carcinoma cell lines of different radiation sensitivities.	1991	International Journal of Radiation Biology	65	DNA repair / DDR	semantic_scholar		https://www.semanticscholar.org/paper/f7bd27dbbd2eea1c8108ebcab9f2fe2ba6cd72a5	TODO: replication brief + artifact/data/code harvest	
		C	4	candidate	10.1002/em.21832	High LET 56Fe ion irradiation induces tissue‐specific changes in DNA methylation in the mouse	2014	Environmental and Molecular Mutagenesis	50	radiation quality / RBE; omics / biomarkers / signatures	semantic_scholar		https://www.semanticscholar.org/paper/2e43a1e2ece1bb8db6f81dfca29aa2fa0986b8cf	TODO: replication brief + artifact/data/code harvest	
		C	4	candidate	10.1080/095530098141122	Repair of radiation-induced DNA double-strand breaks in human fibroblasts is consistent with a continuous spectrum of repair probability.	1998	International Journal of Radiation Biology	43	DNA repair / DDR	semantic_scholar		https://www.semanticscholar.org/paper/5144daa80c19fae825ad08ebad21415225328f95	TODO: replication brief + artifact/data/code harvest	
		C	4	candidate	10.1371/journal.pone.0108234	Opposite Roles for p38MAPK-Driven Responses and Reactive Oxygen Species in the Persistence and Resolution of Radiation-Induced Genomic Instability	2014	PLoS ONE	24	radiation quality / RBE; immune / inflammation / senescence	semantic_scholar		https://journals.plos.org/plosone/article/file?id=10.1371/journal.pone.0108234&type=printable	TODO: replication brief + artifact/data/code harvest	We report the functional and temporal relationship between cellular phenotypes such as oxidative stress, p38MAPK-dependent responses and genomic instability persisting in the progeny of cells exposed to sparsely ionizing low-Linear Energy Transfer (LET) radiation such as X-rays or high-charge and high-energy (HZE) particle high-LET radiation such as 56Fe ions. We found that exposure to low and high-LET radiation increased reactive oxygen species (ROS) levels as a threshold-like response induced independently of radiation quality and dose. This response was sustained for two weeks, which is the period of time when genomic instability is evidenced by increased micronucleus formation frequency and DNA damage associated foci. Indicators for another persisting response sharing phenotypes with stress-induced senescence, including beta galactosidase induction, increased nuclear size, p38MAPK ac
		C	4	candidate	10.1089/thy.2008.0195	H2AX Phosphorylation and Kinetics of Radiation-Induced DNA Double Strand Break Repair in Human Primary Thyrocytes	2009	Thyroid	14	DNA repair / DDR; computational model / simulation	semantic_scholar		https://www.semanticscholar.org/paper/76113b3d191061289e19d35bd3e18d78bcc3f137	TODO: replication brief + artifact/data/code harvest	
		C	4	candidate	10.1007/s00411-019-00797-y	Impact of dimethyl sulfoxide on irradiation-related DNA double-strand-break induction, -repair and cell survival	2019	Radiation and Environmental Biophysics	13	DNA repair / DDR	semantic_scholar		https://www.semanticscholar.org/paper/a04d9c1479ca93a8cbd417bd8044a3a5f4445cd1	TODO: replication brief + artifact/data/code harvest	
		C	4	candidate		Cloning of a 3-methyladenine-DNA glycposylase from Arabidopsis thaliana ( DNA repair )			0	DNA repair / DDR	semantic_scholar		https://www.semanticscholar.org/paper/163a0ca05d3b87761d3bd2ba25a87834fb4318e6	TODO: replication brief + artifact/data/code harvest	
		C	4	candidate		Ionizing radiation triggers mitophagy to enhance DNA damage in cancer cells | Cell Death					lucid_reference		https://www.nature.com/articles/s41420-023-01573-0?error=cookies_not_supported&code=42448f11-c0d3-486d-bb6aa20b7dbeaa7d	TODO: replication brief + artifact/data/code harvest	
		C	4	candidate		Quantitative and qualitative mutational impact of ionizing radiation ...					lucid_reference		https://pmc.ncbi.nlm.nih.gov/articles/PMC10879144/	TODO: replication brief + artifact/data/code harvest	
		C	3	candidate	10.1002/1878-0261.12851	Targeting immunogenic cell death in cancer	2020	Molecular Oncology	762	immune / inflammation / senescence; computational model / simulation	lucid_reference		https://onlinelibrary.wiley.com/doi/pdfdirect/10.1002/1878-0261.12851	TODO: replication brief + artifact/data/code harvest	Immunogenic cell death (ICD) is a type of cancer cell death triggered by certain chemotherapeutic drugs, oncolytic viruses, physicochemical therapies, photodynamic therapy, and radiotherapy. It involves the activation of the immune system against cancer in immunocompetent hosts. ICD comprises the release of damage‐associated molecular patterns (DAMPs) from dying tumor cells that result in the activation of tumor‐specific immune responses, thus eliciting long‐term efficacy of anticancer drugs by combining direct cancer cell killing and antitumor immunity. Remarkably, subcutaneous injection of dying tumor cells undergoing ICD has been shown to provoke anticancer vaccine effects in vivo. DAMPs include the cell surface exposure of calreticulin (CRT) and heat‐shock proteins (HSP70 and HSP90), extracellular release of adenosine triphosphate (ATP), high‐mobility group box‐1 (HMGB1), type I IFNs
		C	3	candidate	10.1016/j.envint.2020.106212	Low dose ionizing radiation effects on the immune system	2020	Environment International	201	dose-rate / low-dose response; immune / inflammation / senescence	semantic_scholar		https://doi.org/10.1016/j.envint.2020.106212	TODO: replication brief + artifact/data/code harvest	Ionizing radiation interacts with the immune system in many ways with a multiplicity that mirrors the complexity of the immune system itself: namely the need to maintain a delicate balance between different compartments, cells and soluble factors that work collectively to protect, maintain, and restore tissue function in the face of severe challenges including radiation damage. The cytotoxic effects of high dose radiation are less relevant after low dose exposure, where subtle quantitative and functional effects predominate that may go unnoticed until late after exposure or after a second challenge reveals or exacerbates the effects. For example, low doses may permanently alter immune fitness and therefore accelerate immune senescence and pave the way for a wide spectrum of possible pathophysiological events, including early-onset of age-related degenerative disorders and cancer. By cont
		C	3	candidate	10.1080/09553002.2023.2241895	Antioxidant defense of Deinococcus radiodurans: how does it contribute to extreme radiation resistance?	2023	International Journal of Radiation Biology	20	dose-rate / low-dose response; microbial / extremophile	semantic_scholar		https://www.semanticscholar.org/paper/24ffc9404e96e944c396f20169aeb487f4d708e3	TODO: replication brief + artifact/data/code harvest	Abstract Purpose Deinococcus radiodurans is an extremely radioresistant bacterium characterized by D10 of 10 kGy, and able to grow luxuriantly under chronic ionizing radiation of 60 Gy/h. The aim of this article is to review the antioxidant system of D. radiodurans and its possible role in the unusual resistance of this bacterium to ionizing radiation. Conclusions The unusual radiation resistance of D. radiodurans has apparently evolved as a side effect of the adaptation of this extremophile to other damaging environmental factors, especially desiccation. The antioxidant proteins and low-molecular antioxidants (especially low-molecular weight Mn2+ complexes and carotenoids, in particular, deinoxanthin), as well as protein and non-protein regulators, are important for the antioxidant defense of this species. Antioxidant protection of proteins from radiation inactivation enables the repair
		C	3	candidate		Cellular senescence: mechanisms and relevance to cancer and aging				immune / inflammation / senescence	lucid_reference		https://academic.oup.com/jb/article/177/3/163/7902990	TODO: replication brief + artifact/data/code harvest	
		C	3	candidate		Detection of immunogenic cell death and its relevance for cancer ...				immune / inflammation / senescence	lucid_reference		https://www.nature.com/articles/s41419-020-03221-2	TODO: replication brief + artifact/data/code harvest	
		C	3	candidate		Di- and tri-methylation of histone H3K36 play distinct roles in DNA ...				omics / biomarkers / signatures	lucid_reference		https://pubmed.ncbi.nlm.nih.gov/38842635/	TODO: replication brief + artifact/data/code harvest	
		C	3	candidate		DNA-Dependent Protein Kinase Catalytic Subunit (DNA-PKcs)				DNA repair / DDR	lucid_reference		https://pmc.ncbi.nlm.nih.gov/articles/PMC10086554/	TODO: replication brief + artifact/data/code harvest	
		C	3	candidate		Genome-wide association study of treatment-related toxicity two ...				DNA repair / DDR	lucid_reference		https://www.sciencedirect.com/science/article/pii/S0167814023003444	TODO: replication brief + artifact/data/code harvest	
		C	3	candidate		Genome-wide CRISPR screen reveals the synthetic lethality ...				radiation quality / RBE	lucid_reference		https://pmc.ncbi.nlm.nih.gov/articles/PMC10844523/	TODO: replication brief + artifact/data/code harvest	
		C	3	candidate		Investigating the origins of the mutational signatures in cancer				omics / biomarkers / signatures	lucid_reference		https://academic.oup.com/nar/article/53/1/gkae1303/7945387	TODO: replication brief + artifact/data/code harvest	
		C	3	candidate		Micronucleus is not a potent inducer of the cGAS/STING pathway				immune / inflammation / senescence	lucid_reference		https://www.life-science-alliance.org/content/7/4/e202302424	TODO: replication brief + artifact/data/code harvest	
		C	3	candidate		Multivalent binding of the tardigrade Dsup protein to chromatin ...				DNA repair / DDR	lucid_reference		https://pmc.ncbi.nlm.nih.gov/articles/PMC10402244/	TODO: replication brief + artifact/data/code harvest	
		C	3	candidate		Mutational signatures in tumours induced by high and low energy ...				omics / biomarkers / signatures	lucid_reference		https://www.nature.com/articles/s41467-019-14261-4	TODO: replication brief + artifact/data/code harvest	
		C	3	candidate		NRF2 preserves genomic integrity by facilitating ATR activation and ...				DNA repair / DDR	lucid_reference		https://pubmed.ncbi.nlm.nih.gov/32729622/	TODO: replication brief + artifact/data/code harvest	
		C	3	candidate		Nuclear Fragility in Radiation-Induced Senescence: Blebs and ...				immune / inflammation / senescence	lucid_reference		https://www.mdpi.com/2073-4409/11/2/273	TODO: replication brief + artifact/data/code harvest	
		C	3	candidate		Polyextremotolerant, opportunistic, and melanin-driven resilient ...				microbial / extremophile	lucid_reference		https://www.nature.com/articles/s41598-025-88595-z	TODO: replication brief + artifact/data/code harvest	
		C	3	candidate		Radiation-Induced Bystander Effect is Mediated by Mitochondrial ...				dose-rate / low-dose response	lucid_reference		https://www.nature.com/articles/s41598-019-45669-z	TODO: replication brief + artifact/data/code harvest	
		C	3	candidate		Radiation-Induced Bystander Effect Mediated by Exosomes Involves ...				dose-rate / low-dose response	lucid_reference		https://www.mdpi.com/1422-0067/23/8/4169	TODO: replication brief + artifact/data/code harvest	
		C	3	candidate		Radiogenomics Consortium Genome-Wide Association Study Meta ...				omics / biomarkers / signatures	lucid_reference		https://pubmed.ncbi.nlm.nih.gov/31095341/	TODO: replication brief + artifact/data/code harvest	
		C	3	candidate		The Footprint of Exosomes in the Radiation-Induced Bystander Effects				dose-rate / low-dose response	lucid_reference		https://pmc.ncbi.nlm.nih.gov/articles/PMC9220715/	TODO: replication brief + artifact/data/code harvest	
		C	2	candidate	10.4161/epi.25498	Radiation-induced epigenetic DNA methylation modification of radiation-response pathways	2013	Epigenetics	121	omics / biomarkers / signatures	semantic_scholar		https://www.tandfonline.com/doi/pdf/10.4161/epi.25498?needAccess=true	TODO: replication brief + artifact/data/code harvest	
		C	2	candidate	10.1016/j.ijrobp.2009.04.088	ATM-dependent hyper-radiosensitivity in mammalian cells irradiated by heavy ions.	2009	International Journal of Radiation Oncology, Biology, Physics	49	DNA repair / DDR	semantic_scholar		https://www.semanticscholar.org/paper/dc77088304a1d8cd7c3a0a047af19d57b5eec5bf	TODO: replication brief + artifact/data/code harvest	
		C	2	candidate	10.1089/wound.2013.0468	Radiation-Induced Bystander Response: Mechanism and Clinical Implications	2014	Advances in wound care	30	dose-rate / low-dose response	semantic_scholar		https://europepmc.org/articles/pmc3899946?pdf=render	TODO: replication brief + artifact/data/code harvest	
		C	2	candidate	10.1016/j.bbapap.2017.06.014	Proteome dynamics during post-desiccation recovery reveal convergence of desiccation and gamma radiation stress response pathways in Deinococcus radiodurans.	2017	Biochimica et Biophysica Acta - Proteins and Proteomics	27	microbial / extremophile	semantic_scholar		https://www.semanticscholar.org/paper/0e818edd64cc13b4f90c8fd1a68ff791d4addb3d	TODO: replication brief + artifact/data/code harvest	
		C	2	candidate	10.1016/b978-012374212-4.50007-9	3 – Radiation Hormesis	2008		0	dose-rate / low-dose response	semantic_scholar		https://www.semanticscholar.org/paper/c567de9ee4b63bf17a66ad7843007c6d29318d86	TODO: replication brief + artifact/data/code harvest	
		C	2	candidate	10.64898/2026.05.25.726409	Colchicine Directly Targets Aldehyde Dehydrogenase 2 (ALDH2) to Suppress Radiation-Induced Senescence and Atherosclerosis	2026	bioRxiv	0	immune / inflammation / senescence	semantic_scholar		https://www.semanticscholar.org/paper/bcf79c7e2dc4cb8421aa359cf521884e0881e394	TODO: replication brief + artifact/data/code harvest	
		C	2	candidate		ECM Forum Summer Conference 2018 Poster Book play a key role in host-pathogen interaction and antimicrobial resistance in critical pathogen Pseudomonas			0	microbial / extremophile	semantic_scholar		https://www.semanticscholar.org/paper/db2045d17c19484ba796900cad48ab7254b5a9a5	TODO: replication brief + artifact/data/code harvest	
		C	2	candidate	10.2172/965273	Genetic Control or Repair and Adaptive Response to Low-Level DNA Damage	2009		0	dose-rate / low-dose response	semantic_scholar		https://digital.library.unt.edu/ark:/67531/metadc934825/m2/1/high_res_d/965273.pdf	TODO: replication brief + artifact/data/code harvest	
		C	2	candidate	10.1101/2025.05.27.656347	In vivo guanine quadruplex structure dynamics and role in genome maintenance in Deinococcus radiodurans	2025	bioRxiv	0	microbial / extremophile	semantic_scholar		https://www.semanticscholar.org/paper/818a125f74f34d1eae53b9d769f4c38e62475f7b	TODO: replication brief + artifact/data/code harvest	
		C	2	candidate	10.1007/s10482-025-02125-5	The DR2416/DR2415 two-component system is responsible for the radioresistance of Deinococcus radiodurans	2025	Antonie van Leeuwenhoek	0	microbial / extremophile	semantic_scholar		https://www.semanticscholar.org/paper/e6fd243ddd5a9b8eb4a4ae53c428d643ffa8daa0	TODO: replication brief + artifact/data/code harvest	
		C	1	candidate	10.1093/jncimonographs/lgaa010	Epidemiological Studies of Low-Dose Ionizing Radiation and Cancer: Summary Bias Assessment and Meta-Analysis.	2020	Journal of the National Cancer Institute. Monographs	145	dose-rate / low-dose response	semantic_scholar		https://academic.oup.com/jncimono/article-pdf/2020/56/188/33483000/lgaa010.pdf	TODO: replication brief + artifact/data/code harvest	"BACKGROUND
Ionizing radiation is an established carcinogen, but risks from low-dose exposures are controversial. Since the Biological Effects of Ionizing Radiation VII review of the epidemiological data in 2006, many subsequent publications have reported excess cancer risks from low-dose exposures. Our aim was to systematically review these studies to assess the magnitude of the risk and whether the positive findings could be explained by biases.


METHODS
Eligible studies had mean cumulative doses of less than 100 mGy, individualized dose estimates, risk estimates, and confidence intervals (CI) for the dose-response and were published in 2006-2017. We summarized the evidence for bias (dose error, confounding, outcome ascertainment) and its likely direction for each study. We tested whether the median excess relative risk (ERR) per unit dose equals zero and assessed the impact of excludi"
		C	1	candidate		A new wave of innovations within the DNA damage response | Signal Transduction and Targeted					lucid_reference		https://www.nature.com/articles/s41392-023-01548-8?error=cookies_not_supported&code=574fa607-80a3-487f-84aabc2651c73258	TODO: replication brief + artifact/data/code harvest	
		C	1	candidate		A small RNA regulates pprM, a modulator of pleiotropic proteins ...					lucid_reference		https://www.nature.com/articles/s41598-021-91335-8	TODO: replication brief + artifact/data/code harvest	
		C	1	candidate		cancer patients identifies a susceptibility locus associated with mucositis | British Journal of Cancer					lucid_reference		https://www.nature.com/articles/s41416-021-01670-w	TODO: replication brief + artifact/data/code harvest	
		C	1	candidate		Chromothripsis-like chromosomal rearrangements induced by ...					lucid_reference		https://www.oncotarget.com/article/7186/text/	TODO: replication brief + artifact/data/code harvest	
		C	1	candidate		Chromothripsis—Explosion in Genetic Science - PMC					lucid_reference		https://pmc.ncbi.nlm.nih.gov/articles/PMC8147837/	TODO: replication brief + artifact/data/code harvest	
		C	1	candidate		Computational Methods Summarizing Mutational Patterns in Cancer					lucid_reference		https://pmc.ncbi.nlm.nih.gov/articles/PMC10093138/	TODO: replication brief + artifact/data/code harvest	
		C	1	candidate		dermatitidis to Ionizing Particle Exposure - PMC					lucid_reference		https://pmc.ncbi.nlm.nih.gov/articles/PMC7835796/	TODO: replication brief + artifact/data/code harvest	
		C	1	candidate		Fibre, microbes and radiotherapy: unravelling the gut's impact on ...					lucid_reference		https://www.esmogastro.org/article/S2949-8198(25)00043-3/fulltext	TODO: replication brief + artifact/data/code harvest	
		C	1	candidate		Genes with the largest contribution to radiation resistance after five...					lucid_reference		https://www.researchgate.net/figure/Genes-with-the-largest-contribution-to-radiation-resistance-after-fivepassagesa_tbl1_264126186	TODO: replication brief + artifact/data/code harvest	
		C	1	candidate		Genome-Scale CRISPR-Cas9 Knockout Screening in ...					lucid_reference		https://www.sciencedirect.com/science/article/abs/pii/S0360301621020058	TODO: replication brief + artifact/data/code harvest	
		C	1	candidate		Genome-wide CRISPR/Cas9 screening identifies CARHSP1 ...					lucid_reference		https://www.nature.com/articles/s41419-021-04000-3	TODO: replication brief + artifact/data/code harvest	
		C	1	candidate		Irradiated hTERT-RPE-1 cells exhibit typical markers of cellular... | Download Scientific Diagram					lucid_reference		https://www.researchgate.net/figure/rradiated-hTERT-RPE-1-cells-exhibit-typical-markers-of-cellular-senescence-accompaniedby_fig1_356973842	TODO: replication brief + artifact/data/code harvest	
		C	1	candidate		Meta-GWAS identifies the heritability of acute radiation-induced ...					lucid_reference		https://www.sciencedirect.com/science/article/pii/S0167814022044863	TODO: replication brief + artifact/data/code harvest	
		C	1	candidate		Newly discovered protein stops DNA damage - Phys.org					lucid_reference		https://phys.org/news/2024-08-newly-protein-dna.html	TODO: replication brief + artifact/data/code harvest	
		C	1	candidate		NRF2 Mediates Cellular Resistance to Transformation, Radiation ...					lucid_reference		https://www.mdpi.com/2076-3921/11/9/1649	TODO: replication brief + artifact/data/code harvest	
		C	1	candidate		Papers to Structured Data for Computation					lucid_reference		https://github.com/rick-stevens-ai/EOM	TODO: replication brief + artifact/data/code harvest	
		C	1	candidate		Polymerase theta – a promising radiosensitiser for the clinic? - ESTRO					lucid_reference		https://www.estro.org/About/Newsroom/Newsletter/Biology/Polymerase-theta-%E2%80%93-a-promising-radiosensitiser-for	TODO: replication brief + artifact/data/code harvest	
		C	1	candidate		Publications < Glazer Lab					lucid_reference		https://medicine.yale.edu/lab/glazer/pubs/	TODO: replication brief + artifact/data/code harvest	
		C	1	candidate		Radioadapted Wangiella dermatitidis senses radiation in its ...					lucid_reference		https://www.sciencedirect.com/science/article/abs/pii/S187861461930159X	TODO: replication brief + artifact/data/code harvest	
		C	1	candidate		Role of Oxidative Stress Signaling, Nrf2, on Survival and Stemness ...					lucid_reference		https://pmc.ncbi.nlm.nih.gov/articles/PMC11429097/	TODO: replication brief + artifact/data/code harvest	
		C	1	candidate		Small Molecules Targeting DNA Polymerase Theta (POLθ) as ...					lucid_reference		https://pmc.ncbi.nlm.nih.gov/articles/PMC10226047/	TODO: replication brief + artifact/data/code harvest	
		C	1	candidate		Structural and functional characterization of DdrC, a novel DNA ...					lucid_reference		https://pmc.ncbi.nlm.nih.gov/articles/PMC9303277/	TODO: replication brief + artifact/data/code harvest	
		C	1	candidate		Structural study of the intrinsically disordered tardigrade damage ...					lucid_reference		https://www.nature.com/articles/s41598-024-74335-2	TODO: replication brief + artifact/data/code harvest	
		C	1	candidate		The Dsup coordinates grain development and abiotic stress in rice					lucid_reference		https://www.sciencedirect.com/science/article/abs/pii/S0981942823006952	TODO: replication brief + artifact/data/code harvest	
		C	1	candidate		The role of RNA and RNA-related proteins in the regulation of DNA ...					lucid_reference		https://www.sciencedirect.com/science/article/abs/pii/S1568786419302150	TODO: replication brief + artifact/data/code harvest	
		C	1	candidate		The tardigrade damage suppressor protein binds to nucleosomes ...					lucid_reference		https://elifesciences.org/articles/47682	TODO: replication brief + artifact/data/code harvest	
		C	1	candidate		The Tardigrade Damage Suppressor Protein Modulates ...					lucid_reference		https://pmc.ncbi.nlm.nih.gov/articles/PMC8533384/	TODO: replication brief + artifact/data/code harvest	
		C	1	candidate		The tardigrade Dsup protein enhances radioresistance ... - Cell Press					lucid_reference		https://www.cell.com/iscience/fulltext/S2589-0042(23)01075-1	TODO: replication brief + artifact/data/code harvest	
		C	1	candidate		Their Relevance to Radiation Protection					lucid_reference		https://www.mdpi.com/1422-0067/21/17/5993	TODO: replication brief + artifact/data/code harvest	
		C	1	candidate		Translocating RNA polymerase generates R-loops at DNA double ...					lucid_reference		https://academic.oup.com/nar/article/51/18/9838/7252667	TODO: replication brief + artifact/data/code harvest	
		C	0	candidate	10.1016/j.icrp.2005.11.002	Contents, preface, executive summary, chapters 1 and 2	2005		208		semantic_scholar		https://www.semanticscholar.org/paper/ac725209a19a745c1ed3a5d2c51fc9dae926797b	TODO: replication brief + artifact/data/code harvest	
		C	0	candidate	10.1016/j.ijrobp.2012.08.006	Targeted radiosensitization by the Chk1 inhibitor SAR-020106.	2013	International Journal of Radiation Oncology, Biology, Physics	54		semantic_scholar		https://www.semanticscholar.org/paper/a736bb8db7fba9ff68ca9558c10e40a2b8a3fa51	TODO: replication brief + artifact/data/code harvest	
		C	0	candidate	10.1016/j.dnarep.2007.01.008	A defect in DNA double strand break processing in cells from unaffected parents of retinoblastoma patients and other apparently normal humans.	2007	DNA Repair	34		semantic_scholar		https://www.semanticscholar.org/paper/3016a8a7c3397d1f29ba03ef757460ba0945b522	TODO: replication brief + artifact/data/code harvest	
		C	0	candidate	10.1002/em.21853	Modification of radiation‐induced DNA double strand break repair pathways by chemicals extracted from Podophyllum hexandrum: An in vitro study in human blood leukocytes	2014	Environmental and Molecular Mutagenesis	26		semantic_scholar		https://www.semanticscholar.org/paper/c03006d3fab651edee0371c3272f7e268b8b952f	TODO: replication brief + artifact/data/code harvest	
		C	0	candidate		Comparisons between bio-radiation effects of X-rays and carbon-ion irradiation on glioma stem cells	2017		4		semantic_scholar		https://www.semanticscholar.org/paper/9ffbe26a67c42999a6ec119bb461f2353591b645	TODO: replication brief + artifact/data/code harvest	
		C	0	candidate		The harmful genetic effects of radiation.	1962	Journal of the National Medical Association	2		semantic_scholar		https://www.semanticscholar.org/paper/d41776e393de46796c591731a74484b35c987e31	TODO: replication brief + artifact/data/code harvest	
		C	0	candidate		Fundamental Toxicological Sciences	2022		0		semantic_scholar		https://www.semanticscholar.org/paper/41f4e2e92f8769252669b21759bec5f0f6557a86	TODO: replication brief + artifact/data/code harvest	
		C	0	candidate	10.1007/978-3-030-46744-9_3	Radiation in Space: The Biology	2020		0		semantic_scholar		https://www.semanticscholar.org/paper/886955bcf568b38a13e3aacc42713dfa60aa0401	TODO: replication brief + artifact/data/code harvest	
