rank	wave	tier	priority_score	status	doi	title	year	venue	citationCount	themes	sources	replication_folder	pdf_or_url	verdict_or_plan	abstract_or_notes
1	Completed/triaged	A	18	completed_or_triaged	10.1007/s00259-022-05821-w	Ruigrok EAM, Tamborino G, de Blois E, Roobol SJ, Verkaik N, De Saint-Hubert M,				Existing LUCID replication	prior_lucid_workspace	/Users/stevens/Dropbox/REPLICATE-PROJECT/LUCID-replications/lucid-actinium-lutetium-dose-effect		REPLICATED	
2	Completed/triaged	A	18	completed_or_triaged	10.1038/s41598-018-35660-5	Lengert N, Mirsch J, Weimer RN, Schumann E, Haub P, Drossel B, Löbrich M.				Existing LUCID replication	prior_lucid_workspace	/Users/stevens/Dropbox/REPLICATE-PROJECT/LUCID-replications/lucid-autofoci-detection		REPLICATED	
3	Completed/triaged	A	18	completed_or_triaged	10.2147/jhc.s383959	Bnct Radioresistant Hcc				Existing LUCID replication	prior_lucid_workspace	/Users/stevens/Dropbox/REPLICATE-PROJECT/LUCID-replications/lucid-bnct-radioresistant-hcc		replicated	
4	Completed/triaged	A	18	completed_or_triaged	10.3389/fmed.2023.1253746	"REPORT — Replication of Carrasco-Hernandez et al. 2023, ""Cellular lethal damage of 64Cu"""				Existing LUCID replication	prior_lucid_workspace	/Users/stevens/Dropbox/REPLICATE-PROJECT/LUCID-replications/lucid-cu64-topas-nbio-lethal-damage		Replicated	
5	Completed/triaged	A	14	completed_or_triaged	10.3390/ijms23116268	REPORT — Independent replication of:				Existing LUCID replication	prior_lucid_workspace	/Users/stevens/Dropbox/REPLICATE-PROJECT/LUCID-replications/lucid-dna-repair-kinetics-doserate-rbe		PARTIAL	
6	Completed/triaged	C	5	completed_or_triaged	10.3390/ijms20215339	Triage Report — Berthel et al. 2019 (DSB Repair History Review)				Existing LUCID replication	prior_lucid_workspace	/Users/stevens/Dropbox/REPLICATE-PROJECT/LUCID-replications/lucid-dsb-repair-history-review-triage		NO-GO	
7	Completed/triaged	A	14	completed_or_triaged	10.3892/or.2011.1604	"N.A.P. Franken et al., ""Relative biological effectiveness"				Existing LUCID replication	prior_lucid_workspace	/Users/stevens/Dropbox/REPLICATE-PROJECT/LUCID-replications/lucid-franken-alpha-gamma-rbe		partial	
8	Completed/triaged	A	14	completed_or_triaged	10.1038/s41598-022-05172-4	REPORT — Replication of Fukui et al. 2022 (Sci Rep) IMK model of radioresistance				Existing LUCID replication	prior_lucid_workspace	/Users/stevens/Dropbox/REPLICATE-PROJECT/LUCID-replications/lucid-fukui-saga-lq-sldr-aldh		PARTIAL	
9	Completed/triaged	A	14	completed_or_triaged	10.1371/journal.pone.0083923	Globle Photon Cell Killing				Existing LUCID replication	prior_lucid_workspace	/Users/stevens/Dropbox/REPLICATE-PROJECT/LUCID-replications/lucid-globle-photon-cell-killing		PARTIAL	
10	Completed/triaged	A	14	completed_or_triaged	10.1186/s10020-022-00520-6	"Grandt CL, Brackmann LK, Poplawski A, et al. ""Radiation-response in primary fibroblasts of long-term survivors of childhood cancer with and without second primary neoplasms: the KiKme study."" Molecular Medicine 28:105 (2022). DOI 10.1186/s1"				Existing LUCID replication	prior_lucid_workspace	/Users/stevens/Dropbox/REPLICATE-PROJECT/LUCID-replications/lucid-grandt-fibroblast-rnaseq		partial	
11	Completed/triaged	C	5	completed_or_triaged	10.1007/s13148-011-0044-4	H2Ax Phosphorylation Review Triage				Existing LUCID replication	prior_lucid_workspace	/Users/stevens/Dropbox/REPLICATE-PROJECT/LUCID-replications/lucid-h2ax-phosphorylation-review-triage		NO-GO / triaged unsuitable	
12	Completed/triaged	A	18	completed_or_triaged	10.3390/cancers13236046	"REPORT — Sakata et al. 2021, ""Performance Evaluation for Repair of HSGc-C5 Carcinoma Cell Using Geant4-DNA"""				Existing LUCID replication	prior_lucid_workspace	/Users/stevens/Dropbox/REPLICATE-PROJECT/LUCID-replications/lucid-hsgc-c5-repair-performance		replicated	
13	Completed/triaged	A	14	completed_or_triaged	10.1038/s43856-024-00442-w	Cogno N., Bauer R., Durante M. Mechanistic model of				Existing LUCID replication	prior_lucid_workspace	/Users/stevens/Dropbox/REPLICATE-PROJECT/LUCID-replications/lucid-lung-fibrosis-abm		partial	
14	Completed/triaged	A	18	completed_or_triaged	10.1371/journal.pone.0079541.s00	Mariotti L.G., Pirovano G., Savage K.I., Ghita M., Ottolenghi A.,				Existing LUCID replication	prior_lucid_workspace	/Users/stevens/Dropbox/REPLICATE-PROJECT/LUCID-replications/lucid-mariotti-split-dose-gamma-h2ax		REPLICATED	
15	Completed/triaged	A	14	completed_or_triaged	10.1038/s41598-018-23202-y	Matsuya Y, Sasaki K, Yoshii Y, Okuyama G, Date H. (2018).				Existing LUCID replication	prior_lucid_workspace	/Users/stevens/Dropbox/REPLICATE-PROJECT/LUCID-replications/lucid-matsuya-nte-integrated		PARTIAL	
16	Completed/triaged	C	5	completed_or_triaged	10.3389/fonc.2021.689112	McMahon SJ, Prise KM. A Mechanistic DNA Repair and Survival				Existing LUCID replication	prior_lucid_workspace	/Users/stevens/Dropbox/REPLICATE-PROJECT/LUCID-replications/lucid-medras-mc		open-code replication successful for all mechanistic claims that	
17	Completed/triaged	C	5	completed_or_triaged	10.1093/nar/16.22.10607	NO-GO Report — Mullenders et al. 1988, NAR 16(22):10607–10622				Existing LUCID replication	prior_lucid_workspace	/Users/stevens/Dropbox/REPLICATE-PROJECT/LUCID-replications/lucid-nuclear-matrix-uv-repair-triage		NO-GO	
18	Completed/triaged	A	14	completed_or_triaged	10.3390/ijms231911323	Hu A., Zhou W., Wu Z., Zhang H., Li J., Qiu R. (2022),				Existing LUCID replication	prior_lucid_workspace	/Users/stevens/Dropbox/REPLICATE-PROJECT/LUCID-replications/lucid-p53-repair		PARTIAL	
19	Completed/triaged	A	18	completed_or_triaged	10.1667/rade-20-00122.1	Pariset E, Penninckx S, Degorre Kerbaul C, Guiet E, Lopez Macha A,				Existing LUCID replication	prior_lucid_workspace	/Users/stevens/Dropbox/REPLICATE-PROJECT/LUCID-replications/lucid-pariset-53bp1-mouse-strains		replicated	
20	Completed/triaged	A	14	completed_or_triaged	10.3390/cancers11020205	Partrac Analytical Formulas				Existing LUCID replication	prior_lucid_workspace	/Users/stevens/Dropbox/REPLICATE-PROJECT/LUCID-replications/lucid-partrac-analytical-formulas		PARTIAL	
21	Completed/triaged	C	5	completed_or_triaged	10.3857/roj.2021.00689	Patra A, Nag A, Chakraborty A, Bhattacharyya N. PA1 cells containing a truncated DNA polymerase β protein are more sensitive to gamma radiation. Radiat Oncol J 2022;40(1):66-78. DOI 10.3857/roj.2021.00689.				Existing LUCID replication	prior_lucid_workspace	/Users/stevens/Dropbox/REPLICATE-PROJECT/LUCID-replications/lucid-patra-polbeta-radiosensitivity		spot-check	
22	Completed/triaged	A	14	completed_or_triaged	10.1038/s42003-022-03585-5	Pyfoci Miscounting				Existing LUCID replication	prior_lucid_workspace	/Users/stevens/Dropbox/REPLICATE-PROJECT/LUCID-replications/lucid-pyfoci-miscounting		PARTIAL	
23	Completed/triaged	C	5	completed_or_triaged	10.3389/fimmu.2017.00082	Acheva A, Schettino G, Prise KM. Pro-inflammatory signaling in a 3D organotypic				Existing LUCID replication	prior_lucid_workspace	/Users/stevens/Dropbox/REPLICATE-PROJECT/LUCID-replications/lucid-skin-inflammation-nfkb-cox2		SPOT-CHECK	
24	Completed/triaged	A	14	completed_or_triaged	10.3390/cancers13092202	Qi et al., Cancers 13:2202 (2021), doi:10.3390/cancers13092202				Existing LUCID replication	prior_lucid_workspace	/Users/stevens/Dropbox/REPLICATE-PROJECT/LUCID-replications/lucid-slow-fast-nhej		PARTIAL	
25	Completed/triaged	A	18	completed_or_triaged	10.1371/journal.pone.0057953	Tobias F, Löb D, Lengert N, Durante M, Drossel B, Taucher-Scholz G, Jakob B (2013). Spatiotemporal Dynamics of Early DNA Damage Response Proteins on Complex DNA Lesions. PLOS ONE 8(2): e57953.				Existing LUCID replication	prior_lucid_workspace	/Users/stevens/Dropbox/REPLICATE-PROJECT/LUCID-replications/lucid-spatiotemporal-early-dna-damage		replicated	
26	Completed/triaged	A	18	completed_or_triaged	10.1186/2041-9414-3-8	Staaf E, Brehwens K, Haghdoost S, Czub J, Wojcik A.				Existing LUCID replication	prior_lucid_workspace	/Users/stevens/Dropbox/REPLICATE-PROJECT/LUCID-replications/lucid-staaf-mixed-beam-gamma-h2ax		replicated	
27	Completed/triaged	A	18	completed_or_triaged	10.3390/e25091322	Francesco Giuseppe Cordoni, On the Emergence of the Deviation				Existing LUCID replication	prior_lucid_workspace	/Users/stevens/Dropbox/REPLICATE-PROJECT/LUCID-replications/lucid-stochastic-poisson-dna-damage		REPLICATED	
28	Completed/triaged	A	14	completed_or_triaged	10.1371/journal.pone.0044293	Li Y, Qian H, Wang Y, Cucinotta FA (2012) A Stochastic Model of DNA Fragments Rejoining. PLoS ONE 7(9): e44293. doi:10.1371/journal.pone.0044293				Existing LUCID replication	prior_lucid_workspace	/Users/stevens/Dropbox/REPLICATE-PROJECT/LUCID-replications/lucid-stochastic-rejoining		PARTIAL	
29	Completed/triaged	A	14	completed_or_triaged	10.1186/s12860-019-0195-2	Turner HC, Lee Y, Weber W, Melo D, Kowell A, Ghandhi SA,				Existing LUCID replication	prior_lucid_workspace	/Users/stevens/Dropbox/REPLICATE-PROJECT/LUCID-replications/lucid-turner-gamma-h2ax-biodosimetry		PARTIAL	
30	Completed/triaged	A	18	completed_or_triaged	10.3390/ijms20112645	Ulyanenko Gammah2Ax Patm Msc				Existing LUCID replication	prior_lucid_workspace	/Users/stevens/Dropbox/REPLICATE-PROJECT/LUCID-replications/lucid-ulyanenko-gammah2ax-patm-msc		REPLICATED	
31	Completed/triaged	A	14	completed_or_triaged	10.3390/ijms23116268	Universe Repair Doserate Rbe				Existing LUCID replication	prior_lucid_workspace	/Users/stevens/Dropbox/REPLICATE-PROJECT/LUCID-replications/lucid-universe-repair-doserate-rbe		PARTIAL	
32	Wave 1	A	20	candidate	10.1371/journal.pcbi.0030155	Image-Based Modeling Reveals Dynamic Redistribution of DNA Damage into Nuclear Sub-Domains	2007	PLoS Comput. Biol.	108	DNA repair / DDR; radiation quality / RBE; computational model / simulation	dropbox_pdf		/Users/stevens/Dropbox/XFER/LUCID-replication-targets/562673694980c38e3d8d259f7bdc174125865bbe.pdf	TODO: replication brief + artifact/data/code harvest	Several proteins involved in the response to DNA double strand breaks (DSB) form microscopically visible nuclear domains, or foci, after exposure to ionizing radiation. Radiation-induced foci (RIF) are believed to be located where DNA damage occurs. To test this assumption, we analyzed the spatial distribution of 53BP1, phosphorylated ATM, and γH2AX RIF in cells irradiated with high linear energy transfer (LET) radiation and low LET. Since energy is randomly deposited along high-LET particle paths, RIF along these paths should also be randomly distributed. The probability to induce DSB can be derived from DNA fragment data measured experimentally by pulsed-field gel electrophoresis. We used this probability in Monte Carlo simulations to predict DSB locations in synthetic nuclei geometrically described by a complete set of human chromosomes, taking into account microscope optics from real
33	Wave 1	A	20	candidate	10.1186/s40168-017-0325-z	Space-type radiation induces multimodal responses in the mouse gut microbiome and metabolome	2017	Microbiome	93	dose-rate / low-dose response; radiation quality / RBE; omics / biomarkers / signatures; immune / inflammation / senescence	semantic_scholar		https://doi.org/10.1186/s40168-017-0325-z	TODO: replication brief + artifact/data/code harvest	Space travel is associated with continuous low dose rate exposure to high linear energy transfer (LET) radiation. Pathophysiological manifestations after low dose radiation exposure are strongly influenced by non-cytocidal radiation effects, including changes in the microbiome and host gene expression. Although the importance of the gut microbiome in the maintenance of human health is well established, little is known about the role of radiation in altering the microbiome during deep-space travel. Using a mouse model for exposure to high LET radiation, we observed substantial changes in the composition and functional potential of the gut microbiome. These were accompanied by changes in the abundance of multiple metabolites, which were related to the enzymatic activity of the predicted metagenome by means of metabolic network modeling. There was a complex dynamic in microbial and metaboli
34	Wave 1	A	20	candidate	10.1038/s41598-019-54941-1	Stochastic multicellular modeling of x-ray irradiation, DNA damage induction, DNA free-end misrejoining and cell death	2019	Scientific Reports	16	DNA repair / DDR; radiation quality / RBE; computational model / simulation	dropbox_pdf		/Users/stevens/Dropbox/XFER/LUCID-replication-targets/29892663dbd799e5eed06076d44cc4c56dcea1d7.pdf	TODO: replication brief + artifact/data/code harvest	The repair or misrepair of DNA double-strand breaks (DSBs) largely determines whether a cell will survive radiation insult or die. A new computational model of multicellular, track structure-based and pO2-dependent radiation-induced cell death was developed and used to investigate the contribution to cell killing by the mechanism of DNA free-end misrejoining for low-LET radiation. A simulated tumor of 1224 squamous cells was irradiated with 6 MV x-rays using the Monte Carlo toolkit Geant4 with low-energy Geant4-DNA physics and chemistry modules up to a uniform dose of 1 Gy. DNA damage including DSBs were simulated from ionizations, excitations and hydroxyl radical interactions along track segments through cell nuclei, with a higher cellular pO2 enhancing the conversion of DNA radicals to strand breaks. DNA free-ends produced by complex DSBs (cDSBs) were able to misrejoin and produce exch
35	Wave 1	A	20	candidate	10.1016/j.envres.2020.109930	Epigenetic, transcriptional and phenotypic responses in Daphnia magna exposed to low-level ionizing radiation.	2020	Environmental Research	15	DNA repair / DDR; dose-rate / low-dose response; omics / biomarkers / signatures; immune / inflammation / senescence	semantic_scholar		https://doi.org/10.1016/j.envres.2020.109930	TODO: replication brief + artifact/data/code harvest	Ionizing radiation is known to induce oxidative stress and DNA damage as well as epigenetic effects in aquatic organisms. Epigenetic changes can be part of the adaptive responses to protect organisms from radiation-induced damage, or act as drivers of toxicity pathways leading to adverse effects. To investigate the potential roles of epigenetic mechanisms in low-dose ionizing radiation-induced stress responses, an ecologically relevant crustacean, adult Daphnia magna were chronically exposed to low and medium level external 60Co gamma radiation ranging from 0.4, 1, 4, 10, and 40 mGy/h for seven days. Biological effects at the molecular (global DNA methylation, histone modification, gene expression), cellular (reactive oxygen species formation), tissue/organ (ovary, gut and epidermal histology) and organismal (fecundity) levels were investigated using a suite of effect assessment tools. T
36	Wave 1	A	20	candidate	10.1038/s41598-022-26976-4	Investigating the effects of chronic low-dose radiation exposure in the liver of a hypothermic zebrafish model	2023	Scientific Reports	8	DNA repair / DDR; dose-rate / low-dose response; radiation quality / RBE; omics / biomarkers / signatures	semantic_scholar		https://www.nature.com/articles/s41598-022-26976-4.pdf	TODO: replication brief + artifact/data/code harvest	Mankind’s quest for a manned mission to Mars is placing increased emphasis on the development of innovative radio-protective countermeasures for long-term space travel. Hibernation confers radio-protective effects in hibernating animals, and this has led to the investigation of synthetic torpor to mitigate the deleterious effects of chronic low-dose-rate radiation exposure. Here we describe an induced torpor model we developed using the zebrafish. We explored the effects of radiation exposure on this model with a focus on the liver. Transcriptomic and behavioural analyses were performed. Radiation exposure resulted in transcriptomic perturbations in lipid metabolism and absorption, wound healing, immune response, and fibrogenic pathways. Induced torpor reduced metabolism and increased pro-survival, anti-apoptotic, and DNA repair pathways. Coupled with radiation exposure, induced torpor l
37	Wave 1	A	20	candidate	10.1128/msystems.00718-22	Global Transcriptional Response of Escherichia coli Exposed In Situ to Different Low-Dose Ionizing Radiation Sources	2023	mSystems	4	dose-rate / low-dose response; radiation quality / RBE; omics / biomarkers / signatures; immune / inflammation / senescence	semantic_scholar		https://doi.org/10.1128/msystems.00718-22	TODO: replication brief + artifact/data/code harvest	Escherichia coli strain DH10β, a well-characterized model bacterium, was subjected to short-term (1-day) and long-term (15-day) exposures to three different in situ radiation sources comprised of radionuclides relevant to nuclear activities to induce a measurable and identifiable genetic response. We found E. coli had both common and unique responses to the three exposures studied, suggesting both dose rate- and radionuclide-specific effects. ABSTRACT Characterization of biological and chemical responses to ionizing radiation by various organisms is essential for potential applications in bioremediation, alternative modes of detecting nuclear material, and national security. Escherichia coli DH10β is an optimal system to study the microbial response to low-dose ionizing radiation at the transcriptional level because it is a well-characterized model bacterium and its responses to other en
38	Wave 1	A	20	candidate	10.1007/s00411-020-00854-x	The IRI-DICE hypothesis: ionizing radiation-induced DSBs may have a functional role for non-deterministic responses at low doses	2020	Radiation and Environmental Biophysics	3	DNA repair / DDR; dose-rate / low-dose response; radiation quality / RBE; omics / biomarkers / signatures	semantic_scholar		https://link.springer.com/content/pdf/10.1007/s00411-020-00854-x.pdf	TODO: replication brief + artifact/data/code harvest	Low-dose ionizing radiation (IR) responses remain an unresolved issue in radiation biology and risk assessment. Accurate knowledge of low-dose responses is important for estimation of normal tissue risk in cancer radiotherapy or health risks from occupational or hazard exposure. Cellular responses to low-dose IR appear diverse and stochastic in nature and to date no model has been proposed to explain the underlying mechanisms. Here, we propose a hypothesis on IR-induced double-strand break (DSB)-induced cis effects (IRI-DICE) and introduce DNA sequence functionality as a submicron-scale target site with functional outcome on gene expression: DSB induction in a certain genetic target site such as promotor, regulatory element, or gene core would lead to changes in transcript expression, which may range from suppression to overexpression depending on which functional element was damaged. Th
39	Wave 1	A	20	candidate	10.1371/journal.pone.0187274	Epigenetic Mechanisms of Human Adaptation to				DNA repair / DDR; dose-rate / low-dose response; omics / biomarkers / signatures; immune / inflammation / senescence	dropbox_pdf		/Users/stevens/Dropbox/Epigenetic Mechanisms of Human Adaptation to High-Background Radiation.pdf	TODO: replication brief + artifact/data/code harvest	Epigenetic Mechanisms of Human Adaptation to High-Background Radiation Introduction Epigenetics plays a significant role in enabling humans to biologically adapt to environments with elevated background radiation. In certain regions of the world – such as Kerala (India), Ramsar (Iran), and Yangjiang (China) – natural radiation levels far exceed normal background, yet local populations do not show corresponding increases in radiation-induced illnesses or genetic damage. This paradox suggests that adaptive responses have developed, allowing human cells to tolerate chronic low-dose ionizing radiation. Crucially, this adaptation appears to occur not through new DNA mutations, but through changes in gene regulation. Epigenetic mechanisms (heritable changes in gene expression that do not involve alterations in the DNA sequence) are central to this process 1 2 . By modulating how genes involved
40	Wave 1	A	20	candidate	10.1186/s40168-020-00927-5	Investigating Chronic Low-Dose Radiation				DNA repair / DDR; dose-rate / low-dose response; omics / biomarkers / signatures; microbial / extremophile	dropbox_pdf;lucid_reference		/Users/stevens/Dropbox/Investigating Chronic Low-Dose Radiation Mechanisms via Microbial Models.pdf	TODO: replication brief + artifact/data/code harvest	Investigating Chronic Low-Dose Radiation Mechanisms via Microbial Models Introduction Chronic low-dose ionizing radiation (IR) exposure poses a unique challenge to human health research. Unlike acute high-dose exposures, small sustained doses can quietly induce DNA lesions, oxidative stress, and subtle regulatory changes over long periods 1 2 . Yet ethical and practical constraints limit direct human or animal experimentation under chronic low-dose conditions. Microorganisms – including bacteria and fungi – offer powerful model systems to bridge this knowledge gap. Many fundamental radiation response mechanisms are conserved or paralleled across life, from DNA repair pathways to oxidative stress defenses. Microbes are fast-growing, genetically tractable, and amenable to high-throughput experimentation, making them ideal “living test tubes” for probing how sustained IR affects biological 
41	Wave 1	A	20	candidate	10.1038/s41598-018-34159-3	Modelling of Cellular Survival Following Radiation-Induced DNA Double-Strand Breaks	2018	Scientific Reports		DNA repair / DDR; radiation quality / RBE; computational model / simulation	dropbox_pdf		/Users/stevens/Dropbox/XFER/LUCID-replication-targets/1d5ad1b1274b89f661610a9863c4ff81784e0f1c.pdf	TODO: replication brief + artifact/data/code harvest	A mechanistic model of cellular survival following radiation-induced DNA double-strand breaks (DSBs) was proposed in this study. DSBs were assumed as the initial lesions in the DNA of the cell nucleus induced by ionizing radiation. The non-homologous end-joining (NHEJ) pathway was considered as the domain pathway of DSB repair in mammalian cells. The model was proposed to predict the relationship between radiation-induced DSBs in nucleus and probability of cell survival, which was quantitatively described by two input parameters and six fitting parameters. One input parameter was the average number of primary particles which caused DSB, the other input parameter was the average number of DSBs yielded by each primary particle that caused DSB. The fitting parameters were used to describe the biological characteristics of the irradiated cells. By determining the fitting parameters of the mo
42	Wave 2	A	19	candidate	10.1016/j.jcmgh.2018.09.014	Maltodextrin, Modern Stressor of the Intestinal Environment	2018	Cellular and Molecular Gastroenterology and Hepatology	34	DNA repair / DDR; dose-rate / low-dose response; radiation quality / RBE; omics / biomarkers / signatures	semantic_scholar		http://www.cmghjournal.org/article/S2352345X1830136X/pdf	TODO: replication brief + artifact/data/code harvest	critically important new study by Laudisi et al Ashows that consumption of the food additive maltodextrin, incorporated into many processed foods, leads to the promotion of intestinal inflammation. These findings suggest that this broadly used food additive could be a risk factor for chronic inflammatory diseases. Maltodextrin is a polysaccharide derived from starch hydrolysis and used as a thickener and filler in processed food. Maltodextrin is regarded as inert and generally is regarded as safe by the US Food and Drug Administration. However, multiple recent studies have shown detrimental roles played by maltodextrin in the intestinal environment, suggesting that this broadly used food additive may play a role in the rapid increased incidence of chronic inflammatory disorders, such as inflammatory bowel disease and metabolic syndrome. In this issue of Cellular and Molecular Gastroenter
43	Wave 2	A	19	candidate	10.1038/s41598-019-45960-z	Intensity Modulated Radiation Fields Induce Protective Effects and Reduce Importance of Dose-Rate Effects	2019	Scientific Reports	18	dose-rate / low-dose response; radiation quality / RBE; computational model / simulation	dropbox_pdf		/Users/stevens/Dropbox/XFER/LUCID-replication-targets/5f5b0d9df89a74d8abbe7143e9a2c9c1fb5e9cd3.pdf	TODO: replication brief + artifact/data/code harvest	In advanced radiotherapy, intensity modulated radiation fields and complex dose-delivery are utilized to prescribe higher doses to tumours. Here, we investigated the impact of modulated radiation fields on radio-sensitivity and cell recovery during dose delivery. We generated experimental survival data after single-dose, split-dose and fractionated irradiation in normal human skin fibroblast cells (AGO1522) and human prostate cancer cells (DU145). The dose was delivered to either 50% of the area of a T25 flask containing the cells (half-field) or 100% of the flask (uniform-field). We also modelled the impact of dose-rate effects and intercellular signalling on cell-killing. Applying the model to the survival data, it is found that (i) in-field cell survival under half-field exposure is higher than uniform-field exposure for the same delivered dose; (ii) the importance of sub-lethal damag
44	Wave 2	A	19	candidate	10.3892/ijmm.2024.5380	Predictive DNA damage signaling for low-dose ionizing radiation	2024	International Journal of Molecular Medicine	4	DNA repair / DDR; dose-rate / low-dose response; radiation quality / RBE; computational model / simulation	lucid_reference;semantic_scholar		https://www.ncbi.nlm.nih.gov/pmc/articles/PMC11093554	TODO: replication brief + artifact/data/code harvest	Numerous studies have attempted to develop biological markers for the response to radiation for broad and straightforward application in the field of radiation. Based on a public database, the present study selected several molecules involved in the DNA damage repair response, cell cycle regulation and cytokine signaling as promising candidates for low-dose radiation-sensitive markers. The HuT 78 and IM-9 cell lines were irradiated in a concentration-dependent manner, and the expression of these molecules was analyzed using western blot analysis. Notably, the activation of ataxia telangiectasia mutated (ATM), checkpoint kinase 2 (CHK2), p53 and H2A histone family member X (H2AX) significantly increased in a concentration-dependent manner, which was also observed in human peripheral blood mononuclear cells. To determine the radioprotective effects of cinobufagin, as an ATM and CHK2 activa
45	Wave 2	A	18	candidate	10.1016/j.mrgentox.2013.06.004	Biochemical DSB-repair model for mammalian cells in G1 and early S phases of the cell cycle.	2013	Mutation research	89	DNA repair / DDR; radiation quality / RBE; computational model / simulation	dropbox_pdf		/Users/stevens/Dropbox/REPLICATE-PROJECT/LUCID-replications/lucid-slow-fast-nhej/artifacts/mdpi-supplement/extracted/cancers-1190122-supplementary.pdf	TODO: replication brief + artifact/data/code harvest	1 2 3 Figure S1. Comparison of the recruitment kinetics of 8 types of irradiationapplied on the normal tissue cellssimulated in Models A, and B.Figure A1(a)-(d)are results for photons with 0.5, 1.3, 2and 4Gy doses; (e)-(h) are results for protons with 0.5, 2and3Gydoses. 4 5 Figure S2. The recruitment kinetics of Arteims-deficient and XLF-deficient cell system corresponding to the repair kinetics in Figure 7. Figure S3. Recruitment kinetics of proteins when irradiated with laser and 4Gy proton(7.5MeV).Each DSB is scored as occurring within heterochromatin or euchromatin. The exact proportion of the genome comprising of either form of chromatin compaction varies within the literature. 6 Figure S4.The recruitment kinetics of “Parallel” pathway assigned with 25% and 48% heterochromatin (forced to recruit DNA-PKcs only, and euchromatin is forced to recruit CtIP) under 2Gy photon/1Gy 1.7keV/um
46	Wave 2	A	18	candidate	10.3390/cancers14153793	Revealing the Increased Stress Response Behavior through Transcriptomic Analysis of Adult Zebrafish Brain after Chronic Low to Moderate Dose Rates of Ionizing Radiation	2022	Cancers	6	dose-rate / low-dose response; radiation quality / RBE; omics / biomarkers / signatures; immune / inflammation / senescence	semantic_scholar		https://www.mdpi.com/2072-6694/14/15/3793/pdf?version=1659601979	TODO: replication brief + artifact/data/code harvest	Simple Summary The increasing use of radiopharmaceuticals for medical diagnostics and radiotherapy raises concerns regarding health risks for both humans and the environment. Additionally, in the context of major nuclear accidents like in Chernobyl and Fukushima, very little is known about the effects of chronic exposure to low and moderate dose rates of ionizing radiation (IR). Many studies demonstrated the sensibility of the developmental brain, but little data exists for IR at low dose rates and their impact on adults. In this study, we characterized the molecular mechanisms that orchestrate stress behavior caused by chronic exposure to low to moderate dose rates of IR using the adult zebrafish model. We observed the establishment of a congruent stress response at both the molecular and individual levels. Abstract High levels of ionizing radiation (IR) are known to induce neurogenesis
47	Wave 2	A	18	candidate	10.1038/s41392-025-02271-2	Dual ENPP1/ATM depletion blunts DNA damage repair boosting radioimmune efficacy to abrogate triple-negative breast cancer	2025	Signal Transduction and Targeted Therapy	2	DNA repair / DDR; radiation quality / RBE; omics / biomarkers / signatures; immune / inflammation / senescence	semantic_scholar		https://www.semanticscholar.org/paper/34af6ea74bf5effdace3557bda27f7680f31a271	TODO: replication brief + artifact/data/code harvest	The ATP-hydrolytic ectoenzyme ENPP1 has been implicated in the metastasis and recurrence in triple-negative breast cancer (TNBC), primarily by contributing to tumor cell survival and treatment resistance. However, the precise mechanisms remain unclear. In a model of local recurrence (LR), circulating tumor cells (CTC) engrafting in the post-resection tumor bed developed a radioresistant phenotype linked to an ENPP1+-gene signature which was also identified in TNBC patients, suggesting ENPP1´s role in genome integrity. Blockade of ENPP1 using a permeable ENPP1 inhibitor (AVA-NP-695) reduced radioresistance, mechanistically attributed to decreased homologous recombination (HR) resulting in persistent DNA damage, as evidenced by enhanced tail moment and sustained γH2AX formation. This impaired DNA damage repair (DDR) sensitized tumor cells to ionizing radiation (IR). Notably, several DDR in
48	Wave 2	A	18	candidate	10.1101/2021.07.07.451516	Differential effects of high versus low linear energy transfer (LET) radiation on type-I interferon (IFNβ) and TREX1 responses	2021	bioRxiv	0	DNA repair / DDR; radiation quality / RBE; immune / inflammation / senescence; computational model / simulation	semantic_scholar		https://doi.org/10.1101/2021.07.07.451516	TODO: replication brief + artifact/data/code harvest	Purpose Cancer cells produce innate immune signals following radiation damage, with STING pathway signaling as a critical mediator. High linear energy transfer (LET) radiations create larger numbers of DNA double-strand breaks (DSBs) per unit dose than low-LET radiations and may therefore be more immunogenic. We studied the dose response characteristics of pro-immunogenic type-I interferon, interferon-beta (IFNβ), and its reported suppressor signal, three-prime repair exonuclease 1 (TREX1), in vitro with low-LET x-rays and high-LET fast neutrons. Methods Merkel cell carcinoma cells (MCC) were irradiated by graded doses of x-rays (1-24 Gy) or fast neutrons (1-8 Gy). IFNβ was measured as a function of dose via ELISA assay, and exonuclease TREX1 expression via immunofluorescence microscopy. The Monte Carlo damage simulation (MCDS) was used to model fast neutron relative biological effective
49	Wave 2	A	18	candidate	10.3390/ijms262411869	Impact of Low-Dose CT Radiation on Gene Expression and DNA Integrity	2025	International Journal of Molecular Sciences	0	DNA repair / DDR; dose-rate / low-dose response; omics / biomarkers / signatures; computational model / simulation	semantic_scholar		https://www.semanticscholar.org/paper/777198d56e701c8e5a1063025818bedf0498c984	TODO: replication brief + artifact/data/code harvest	Computed tomography (CT) is a major source of low-dose ionizing radiation exposure in medical imaging. Risk assessment at this dose level is difficult and relies on the hypothetical linear no-threshold model. To address the response to such low doses in patients undergoing CT scans, we examined radiation-induced alterations at the transcriptomic and DNA damage levels in peripheral blood cells. Peripheral whole blood of 60 patients was collected before and after CT. Post-CT samples were obtained 4–6 h after scan (n = 28, in vivo incubation) or alternatively immediately after the CT scan, followed by ex vivo incubation (n = 32). The gene expression of known radiation-responsive genes (n = 9) was quantified using qRT-PCR. DNA double-strand breaks (DSB) were assessed in 12 patients through microscopic γ-H2AX + 53BP1 DSB focus staining. The mean dose–length product (DLP) across all scans was 
50	Wave 2	A	18	candidate	10.1073/pnas.210171597	Supporting Information – S1 Text				DNA repair / DDR; omics / biomarkers / signatures; computational model / simulation	dropbox_pdf		/Users/stevens/Dropbox/REPLICATE-PROJECT/LUCID-replications/lucid-p53-repair/source-Hat2016-S1.pdf	TODO: replication brief + artifact/data/code harvest	Supporting Information – S1 Text (with Tables A, B, C) featuring the article Feedbacks, Bifurcations, and Cell Fate Decision-Making in the p53 System by Beata Hat, Marek Kochańczyk, Marta N. Bogdał, and Tomasz Lipniacki PLOS Computational Biology 2016 Overview of mathematical models of the p53 system Generation of oscillations Bar-Or et al. [S1] found that oscillations arise due to the existence of the negative feedback loop coupling p53 with its inhibitor Mdm2 and proposed a three-component model with a hypothetical intermediate which introduces time delay between accumulation of p53 and accumulation of its inhibitor Mdm2, explaining the observed damped oscillations. Later, when Lahav et al. [S2] and Geva-Zatorski et al. [S3] demonstrated experimentally that single cells can exhibit undamped oscillations of p53 and Mdm2 levels, Ma et al. [S4] attributed time delays to the processes of M
51	Wave 2	A	16	candidate	10.1371/journal.pone.0079541	Use of the γ-H2AX Assay to Investigate DNA Repair Dynamics Following Multiple Radiation Exposures	2013	PLoS ONE	176	DNA repair / DDR; computational model / simulation	dropbox_pdf		/Users/stevens/Dropbox/XFER/LUCID-replication-targets/c716b571dcc2a9dc124bc81c581721d7ae697990.pdf	TODO: replication brief + artifact/data/code harvest	Radiation therapy is one of the most common and effective strategies used to treat cancer. The irradiation is usually performed with a fractionated scheme, where the dose required to kill tumour cells is given in several sessions, spaced by specific time intervals, to allow healthy tissue recovery. In this work, we examined the DNA repair dynamics of cells exposed to radiation delivered in fractions, by assessing the response of histone-2AX (H2AX) phosphorylation (γ-H2AX), a marker of DNA double strand breaks. γ-H2AX foci induction and disappearance were monitored following split dose irradiation experiments in which time interval between exposure and dose were varied. Experimental data have been coupled to an analytical theoretical model, in order to quantify key parameters involved in the foci induction process. Induction of γ-H2AX foci was found to be affected by the initial radiation
52	Wave 3	A	16	candidate	10.1667/rr15531.1	Cellular Response to Proton Irradiation: A Simulation Study with TOPAS-nBio	2020	Radiation Research	47	DNA repair / DDR; radiation quality / RBE; computational model / simulation	semantic_scholar		https://bioone.org/journals/radiation-research/volume-194/issue-1/RR15531.1/Cellular-Response-to-Proton-Irradiation--A-Simulation-Study-with/10.1667/RR15531.1.pdf	TODO: replication brief + artifact/data/code harvest	The cellular response to ionizing radiation continues to be of significant research interest in cancer radiotherapy, and DNA is recognized as the critical target for most of the biologic effects of radiation. Incident particles can cause initial DNA damages through physical and chemical interactions within a short time scale. Initial DNA damages can undergo repair via different pathways available at different stages of the cell cycle. The misrepair of DNA damage results in genomic rearrangement and causes mutations and chromosome aberrations, which are drivers of cell death. This work presents an integrated study of simulating cell response after proton irradiation with energies of 0.5–500 MeV (LET of 60–0.2 keV/µm). A model of a whole nucleus with fractal DNA geometry was implemented in TOPAS-nBio for initial DNA damage simulations. The default physics and chemistry models in TOPAS-nBio
53	Wave 3	A	16	candidate	10.1016/j.gene.2019.144008	Gene regulation for the extreme resistance to ionizing radiation of Deinococcus radiodurans.	2019	Gene	23	DNA repair / DDR; omics / biomarkers / signatures; immune / inflammation / senescence; microbial / extremophile	semantic_scholar		https://www.semanticscholar.org/paper/1a3c14d86e054b0ccd31a7a1e7f72fdf34f7890a	TODO: replication brief + artifact/data/code harvest	Deinococcus radiodurans is a model microorganism used for studies on DNA repair and antioxidation due to its extraordinary tolerance to ionizing radiation and other DNA-damaging agents. Various transcriptome analyses have revealed that hundreds of genes are induced and that many other genes are repressed during recovery of D. radiodurans following irradiation, suggesting that gene regulation is of great importance for the extreme resistance of this microorganism to ionizing radiation. In this article, we focus on some reported strategies that are employed by D. radiodurans to regulate the genes implicated in its extreme tolerance to ionizing radiation for a comprehensive understanding of the reasons this bacterium can survive such extraordinary stress. We expect this review to shed light on potential radioprotective agents and applications for use in a range of fields.
54	Wave 3	A	16	candidate	10.1177/15593258221105695	Dose-Response Effects of Low-Dose Ionizing Radiation on Blood Parameters in Industrial Irradiation Workers	2022	Dose-Response	17	DNA repair / DDR; dose-rate / low-dose response; radiation quality / RBE; computational model / simulation	semantic_scholar		https://doi.org/10.1177/15593258221105695	TODO: replication brief + artifact/data/code harvest	While previous studies have focused on the health effects of occupational exposure of radiations on medical radiation workers, few have analyzed the dose-response relationship between low radiation doses and changes in blood parameters. Even fewer studies have been conducted on industrial worker populations. Using a prospective cohort study design, this study collected health examination reports and personal dose monitoring data from 705 industrial irradiation workers who underwent regular physical examinations at Dongguan Sixth People’s Hospital. The dose-response effects of low-dose ionizing radiation on blood parameters were assessed using a generalized linear model and restricted cubic spline model. Red blood cell counts decreased then increased, before decreasing again with increasing ionizing radiation. This was in contrast to the curve of the total platelet count after irradiation
55	Wave 3	A	16	candidate	10.1002/cbin.11900	RPRM deletion preserves hematopoietic regeneration by promoting EGFR‐dependent DNA repair and hematopoietic stem cell proliferation post ionizing radiation	2022	Cell Biology International	8	DNA repair / DDR; radiation quality / RBE; computational model / simulation	semantic_scholar		https://onlinelibrary.wiley.com/doi/pdfdirect/10.1002/cbin.11900	TODO: replication brief + artifact/data/code harvest	Reprimo (RPRM), a target gene of p53, is a known tumor suppressor. DNA damage induces RPRM, which triggers p53‐dependent G2 arrest by inhibiting cyclin B1/Cdc2 complex activation and promotes DNA damage‐induced apoptosis. RPRM negatively regulates ataxia‐telangiectasia mutated by promoting its nuclear‐cytoplasmic translocation and degradation, thus inhibiting DNA damage. Therefore, RPRM plays a crucial role in DNA damage response. Moreover, the loss of RPRM confers radioresistance in mice, which enables longer survival and less severe intestinal injury after radiation exposure. However, the role of RPRM in radiation‐induced hematopoietic system injury remains unknown. Herein, utilizing a RPRM‐knockout mouse model, we found that RPRM deletion did not affect steady‐state hematopoiesis in mice. However, RPRM knockout significantly alleviated radiation‐induced hematopoietic system injury and
56	Wave 3	A	16	candidate	10.3390/cimb45090465	Dose-Dependent Shift in Relative Contribution of Homologous Recombination to DNA Repair after Low-LET Ionizing Radiation Exposure: Empirical Evidence and Numerical Simulation	2023	Current Issues in Molecular Biology	7	DNA repair / DDR; radiation quality / RBE; computational model / simulation	semantic_scholar		https://www.mdpi.com/1467-3045/45/9/465/pdf?version=1694421799	TODO: replication brief + artifact/data/code harvest	Understanding the relative contributions of different repair pathways to radiation-induced DNA damage responses remains a challenging issue in terms of studying the radiation injury endpoints. The comparative manifestation of homologous recombination (HR) after irradiation with different doses greatly determines the overall effectiveness of recovery in a dividing cell after irradiation, since HR is an error-free mechanism intended to perform the repair of DNA double-strand breaks (DSB) during S/G2 phases of the cell cycle. In this article, we present experimentally observed evidence of dose-dependent shifts in the relative contributions of HR in human fibroblasts after X-ray exposure at doses in the range 20–1000 mGy, which is also supported by quantitative modeling of DNA DSB repair. Our findings indicate that the increase in the radiation dose leads to a dose-dependent decrease in the 
57	Wave 3	A	16	candidate	10.1016/j.bbrc.2024.149539	Exploring DNA repair deficient CHO cell response to low dose rate radiation.	2024	Biochemical and Biophysical Research Communications - BBRC	3	DNA repair / DDR; dose-rate / low-dose response; computational model / simulation	semantic_scholar		https://www.semanticscholar.org/paper/67e1c64886cc9add2c3c9d70e228cf0b974832be	TODO: replication brief + artifact/data/code harvest	"INTRODUCTION
DNA double-strand breaks (DSBs) induced by ionizing radiation pose a significant threat to genome integrity, necessitating robust repair mechanisms. This study explores the responses of repair-deficient cells to low dose rate (LDR) radiation. Non-homologous end joining (NHEJ) and homologous recombination (HR) repair pathways play pivotal roles in maintaining genomic stability. The hypothesis posits distinct cellular outcomes under LDR exposure compared to acute radiation, impacting DNA repair mechanisms and cell survival.


MATERIALS AND METHODS
Chinese hamster ovary (CHO) cells, featuring deficiencies in NHEJ, HR, Fanconi Anemia, and PARP pathways, were systematically studied. Clonogenic assays for acute and LDR gamma-ray exposures, cell growth inhibition analyses, and γ-H2AX foci assays were conducted, encompassing varied dose rates to comprehensively assess cellular respo"
58	Wave 3	A	16	candidate	10.9734/arrb/2026/v41i52391	An Ingestion-based Chronic Internal Radiation Model in Caenorhabditis elegans Using Americium Trichloride Reveals Tissue-specific Oxidative Stress and Reproductive Toxicity	2026	Annual Research &amp; Review in Biology	0	dose-rate / low-dose response; radiation quality / RBE; microbial / extremophile; computational model / simulation	semantic_scholar		https://www.semanticscholar.org/paper/a47c3250f9a9ef0e9db6190d7a72c9adcf53266a	TODO: replication brief + artifact/data/code harvest	"Background: Long-term internal exposure to trace environmental radionuclides poses significant health risks. This is especially true for those emitting high linear energy transfer (LET) alpha particles. Traditional radiotoxicology assessments rely heavily on in vitrocultures, mammalian models, or external irradiation systems. A critical research gap exists for chronic internal exposure models of low-penetrating alpha radiation. Such models must use biological uptake pathways to ensure accurate microdosimetry. 
Aims: We aimed to evaluate the biological effects of chronic internal exposure to alpha radiation. To achieve this, we established a chronic ingestion and injury model in Caenorhabditis elegans (C. elegans). We used americium trichloride (AmCl3) as the radiation source. 
Methodology: We created an ingestion pathway using a liquid exposure system with inactivated Escherichia coli (E"
59	Wave 3	A	16	candidate	10.3390/genes17020191	Genetic Determinants of Radiosensitivity: Evidence of Radioresistance-Associated SNP Enrichment in Occupational Workers Chronically Exposed to Low-Dose Radiation.	2026	Genes	0	DNA repair / DDR; dose-rate / low-dose response; computational model / simulation	semantic_scholar		https://www.semanticscholar.org/paper/1afc8aed4f421d8ba4355608a96c762827f1753b	TODO: replication brief + artifact/data/code harvest	Background: Interindividual radiosensitivity is largely driven by genetic regulation of DNA damage recognition, repair, and cell-cycle control. TP53 and CDKN1A (p21) are key genomic markers associated with differential responses to ionizing radiation. Methods: This study investigated eight functional SNP markers across several key genes involved in DNA damage responses and cellular stress regulation, including TP53, CDKN1A/p21, APC, VEGF, XPD, and RAD51, in occupational groups exposed to chronic low-dose ionizing radiation at the Stepnogorsk Mining Chemical Combine and the Balkashinskoye uranium deposit. Genotyping was performed using PCR-based assays followed by restriction fragment length polymorphism (RFLP) analysis. Allele and genotype frequencies were compared between radiation-exposed workers and matched controls within Kazakh and Russian ethnic subgroups. Statistical differences w
60	Wave 3	A	16	candidate	10.1667/rade-25-00194	Influence of LET on Low-dose Radiation Responses: Signatures of Hyper-radiosensitivity after High-LET Irradiation.	2026	Radiation Research	0	dose-rate / low-dose response; radiation quality / RBE; omics / biomarkers / signatures; computational model / simulation	semantic_scholar		https://www.semanticscholar.org/paper/28610cd00f128032da371369cc75beab3ac69276	TODO: replication brief + artifact/data/code harvest	Hyper-radiosensitivity refers to increased cellular sensitivity at low doses of ionizing radiation and is not accurately captured by classical radiobiological models. Although predominantly studied in the context of low-LET radiation, such as photons, its behavior under high-LET conditions remains less well characterized. In this work, we introduce an analytical formulation of the minimum mutation load (MML) model. This model explains hyper-radiosensitivity and induced radioresistance as a self-protective tissue strategy that minimizes long-term mutational burden by selectively eliminating heavily damaged cells. Overall cell survival can then be modeled as the product of two independent mechanisms: conventional radiation-induced cell killing, described by the linear-quadratic (LQ) model, and programmed cell death, governed by mutation load minimization, as captured by the MML framework. 
61	Wave 3	A	16	candidate	10.1126/sciadv.abf1771	Novel Mechanistic Insights in Radiation Biology				DNA repair / DDR; radiation quality / RBE; immune / inflammation / senescence; computational model / simulation	dropbox_pdf;lucid_reference		/Users/stevens/Dropbox/Novel Mechanistic Insights in Radiation Biology (2019–2024).pdf	TODO: replication brief + artifact/data/code harvest	Novel Mechanistic Insights in Radiation Biology (2019–2024) Radiation biology has witnessed a surge of discoveries in the past five years, revealing new molecular mechanisms that govern cellular responses to ionizing radiation. DNA double-strand breaks (DSBs) remain the most lethal lesions induced by radiation, and their repair involves intricate networks of proteins and signaling pathways 1 . Beyond the classical DNA repair proteins, recent studies highlight novel protein– protein interactions, regulatory complexes, and cellular processes that modulate DNA repair efficacy, oxidative stress responses, and cell fate after radiation exposure. Here, we review 20 of the most interesting and novel mechanistic ideas in radiation biology research (2019–2024), with an emphasis on human biology (while drawing insights from other organisms where relevant). These findings span newly discovered DNA 
62	Wave 4	A	16	candidate	10.1088/1742-6596/3109/1/012098	Proteomic Profiling of Deinococcus radiodurans Reveals Irradiation-Induced Proteins and Their Associated Functional Pathways	2025	Journal of Physics: Conference Series	0	DNA repair / DDR; microbial / extremophile; computational model / simulation	semantic_scholar		https://www.semanticscholar.org/paper/41862ed103d92488c21c7544e6be0f80bc7e4827	TODO: replication brief + artifact/data/code harvest	Deinococcus radiodurans is an extremophilic microorganism renowned for its extraordinary resistance to ionizing radiation. Its unique DNA repair capacity and robust protein protection mechanisms make it an important model organism for studying cellular responses to radiation stress. Although multiple radiation-resistance mechanisms have been elucidated, proteomic-level insights—particularly regarding proteins specifically expressed after irradiation—remain limited. In this study, we employed high-resolution liquid chromatography-tandem mass spectrometry (LC-MS/MS) combined with bioinformatic analysis to systematically investigate the proteomic profiles of D. radiodurans at 0, 1, and 3 hours following exposure to 6 kGy of γ-radiation. Unlike traditional differential expression analysis, this study focused on proteins exclusively identified in the irradiated group, from which a total of 62
63	Wave 4	A	15	candidate	10.1289/ehp.98106s1301	DNA-dependent protein kinase does not play a role in adaptive survival responses to ionizing radiation.	1998	Environmental Health Perspectives	16	DNA repair / DDR; dose-rate / low-dose response; omics / biomarkers / signatures; computational model / simulation	semantic_scholar		https://europepmc.org/articles/pmc1533273?pdf=render	TODO: replication brief + artifact/data/code harvest	We previously demonstrated that exposure of certain human tumor cells to very low chronic doses of ionizing radiation led to their enhanced survival following exposure to subsequent high doses of radiation. Survival enhancement due to these adaptive survival responses (ASRs) ranged from 1.5-fold to 2.2-fold in many human tumor cells. Furthermore, we showed that ASRs result from altered G1 checkpoint regulation, possibly mediated by overexpression of cyclin D1, proliferating cell nuclear antigen (PCNA), and the X-ray induction of cyclin A. Because cyclin D1 and PCNA proteins are components of many DNA synthetic and repair processes in the cell, we tested the hypothesis that preexposure of cells to low doses of ionizing radiation enabled activation of the DNA repair machinery needed for survival recovery after high-dose radiation. We examined the role of DNA break repair in ASRs using muri
64	Wave 4	A	15	candidate	10.1667/rr2877.1	Mechanistic Analysis of the Contributions of DNA and Protein Damage to Radiation-Induced Cell Death	2012	Radiation Research	10	DNA repair / DDR; radiation quality / RBE; microbial / extremophile; computational model / simulation	semantic_scholar		https://europepmc.org/articles/pmc3580191?pdf=render	TODO: replication brief + artifact/data/code harvest	Protein oxidation can contribute to radiation-induced cell death by two mechanisms: (1) by reducing the fidelity of DNA repair, and (2) by decreasing cell viability directly. Previously, we explored the first mechanism by developing a mathematical model and applying it to data on Deinococcus radiodurans. Here we extend the model to both mechanisms, and analyze a recently published data set of protein carbonylation and cell survival in D. radiodurans and Escherichia coli exposed to gamma and ultraviolet radiation. Our results suggest that similar cell survival curves can be produced by very different mechanisms. For example, wild-type E. coli and DNA double-strand break (DSB) repair-deficient recA- D. radiodurans succumb to radiation doses of similar magnitude, but for different reasons: wild-type E. coli proteins are easily oxidized, causing cell death even at low levels of DNA damage, w
65	Wave 4	A	15	candidate	10.1002/mp.16764	Most DNA repair defects do not modify the relationship between relative biological effectiveness and linear energy transfer in CRISPR-edited cells.	2023	Medical Physics (Lancaster)	8	DNA repair / DDR; radiation quality / RBE; immune / inflammation / senescence; computational model / simulation	semantic_scholar		https://onlinelibrary.wiley.com/doi/pdfdirect/10.1002/mp.16764	TODO: replication brief + artifact/data/code harvest	"BACKGROUND
Cancer is a highly heterogeneous disease, driven by frequent genetic alterations which have significant effects on radiosensitivity. However, radiotherapy for a given cancer type is typically given with a standard dose determined from population-level trials. As a result, a proportion of patients are under- or over-dosed, reducing the clinical benefit of radiotherapy. Biological optimization would not only allow individual dose prescription but also a more efficient allocation of limited resources, such as proton and carbon ion therapy. Proton and ion radiotherapy offer an advantage over photons due to their elevated Relative Biological Effectiveness (RBE) resulting from their elevated Linear Energy Transfer (LET). Despite significant interest in optimizing LET by tailoring radiotherapy plans, RBE's genetic dependence remains unclear.


PURPOSE
The aim of this study is to bett"
66	Wave 4	A	15	candidate	10.1088/1361-6560/ae6d6d	Efficient cell-by-cell simulation of DNA double strand breaks, chromosome aberrations, and cell survival for low- and high-LET radiation particles using TOPAS-nBio and MEDRAS	2026	Physics in Medicine &amp; Biology	0	DNA repair / DDR; dose-rate / low-dose response; radiation quality / RBE; computational model / simulation	semantic_scholar		https://www.semanticscholar.org/paper/4d922b0409895212b0422eadec019d97311e2745	TODO: replication brief + artifact/data/code harvest	The increasing sophistication of Monte Carlo (MC)-based simulations, such as TOPAS-nBio for radiation track structure and DNA damage, and MEDRAS-MC for subsequent DNA repair and cell survival, has ushered in an era of in-silico single-cell radiobiology. However, these simulations remain computationally prohibitive. In this study, we introduce a novel method that significantly accelerates the integrated simulation process for in-silico single-cell radiobiology. Our approach centers on pre-calculating and constructing a single-particle-track (SPT) standard DNA damage (SDD) data library using TOPAS-nBio. Each SPT-SDD data entry in this library records the positions of various DNA damage types (e.g. base damage, single-strand breaks, and double-strand breaks) produced by a single particle track. The comprehensive library contains a large number of SPT-SDD data entries, covering a broad range
67	Wave 4	A	14	candidate	10.1016/j.ijrobp.2020.12.048	Deciphering time-dependent DNA damage complexity, repair and oxygen tension: a mechanistic model for FLASH-dose-rate radiotherapy.	2021	International Journal of Radiation Oncology, Biology, Physics	29	dose-rate / low-dose response; radiation quality / RBE; computational model / simulation	semantic_scholar		https://www.semanticscholar.org/paper/466304b083d8613875c0926653a6126f29e82e13	TODO: replication brief + artifact/data/code harvest	"PURPOSE
Irradiation with ultra-high dose-rates (FLASH) has reemerged as a promising radiotherapy approach to effectively lower potential damage burden on normal tissue without sacrificing tumor control; however, the large number of recent FLASH studies are conducted under vastly different experimental conditions and circumstances i.e. investigated biological endpoint, radiation quality and environmental oxygen level, with unverified biological mechanisms of action and unexplored interplay effect of the main dependencies. To facilitate radiobiological investigation of FLASH phenomena and assessment of clinical applicability, we present an extension of the mechanistic radiobiological model ""XXX"" († MODELX).


MATERIALS AND METHODS
The dynamic (time-dependent) extension of MODELX is developed here incorporating fundamental temporal mechanisms necessary for dose-rate effect prediction, i.e. "
68	Wave 4	A	14	candidate	10.2967/jnumed.118.210252	Radiation Dose Does Matter: Mechanistic Insights into DNA Damage and Repair Support the Linear No-Threshold Model of Low-Dose Radiation Health Risks	2018	Journal of Nuclear Medicine	29	DNA repair / DDR; dose-rate / low-dose response; radiation quality / RBE; computational model / simulation	semantic_scholar		https://doi.org/10.2967/jnumed.118.210252	TODO: replication brief + artifact/data/code harvest	The Siegel et al. commentary (1) calls for reassessing the risks of low-dose exposure to ionizing radiation. It contends that when the National Academy of Sciences committee prepared its Biologic Effects of Ionizing Radiation (BEIR VII) report (2), they ‘‘erred in the interpretation of their selected literature.’’ This commentary is the most recent in a series of articles (3,4) that challenge the BEIR VII committee’s conclusion ‘‘that the linear no-threshold model (LNT) provided the most reasonable description of the relation between low-dose exposure to ionizing radiation and the incidence of solid cancers that are induced by ionizing radiation.’’ More specifically, this most recent commentary asserts that the BEIR VII report placed undue emphasis on a single in vitro study of radiogenic chromosomal damage (5). The commentary reexamines data from that study and suggests that chromosomal
69	Wave 4	A	14	candidate	10.1093/eep/dvw025	Fractionated low-dose exposure to ionizing radiation leads to DNA damage, epigenetic dysregulation, and behavioral impairment	2016	Environmental epigenetics	24	dose-rate / low-dose response; omics / biomarkers / signatures; computational model / simulation	semantic_scholar		https://doi.org/10.1093/eep/dvw025	TODO: replication brief + artifact/data/code harvest	Studies of Fractionated Exposure to Low Doses of Ionizing Radiation (FELDIR) has become of increasing importance to clinical interventions. Its consequences on DNA damage, physical, and mental health have been insufficiently investigated, however. The goal of this study was to determine the effects of FELDIR on the brain using a mouse model. We addressed the levels of DNA damage, global genomic methylation, and DNA methylation machinery in cerebellum, frontal lobe, olfactory bulb and hippocampal tissues, as well as behavioral changes linked to FELDIR exposure. The results reveal increased levels of DNA damage, as reflected by increased occurrence of DNA Strand Breaks (SBs) and dysregulation of stress-response kinase p38. FELDIR also resulted in initial loss of global genomic methylation and altered expression of methyltransferases DNMT1 (down-regulation) and DNMT3a (up-regulation), as we
70	Wave 4	A	14	candidate	10.1098/rsif.2015.0679	DNA double-strand break repair: a theoretical framework and its application	2016	Journal of the Royal Society Interface	12	DNA repair / DDR; computational model / simulation	semantic_scholar		https://royalsocietypublishing.org/doi/pdf/10.1098/rsif.2015.0679	TODO: replication brief + artifact/data/code harvest	DNA double-strand breaks (DSBs) are formed as a result of genotoxic insults, such as exogenous ionizing radiation, and are among the most serious types of DNA damage. One of the earliest molecular responses following DSB formation is the phosphorylation of the histone H2AX, giving rise to γH2AX. Many copies of γH2AX are generated at DSBs and can be detected in vitro as foci using well-established immuno-histochemical methods. It has previously been shown that anti-γH2AX antibodies, modified by the addition of the cell-penetrating peptide TAT and a fluorescent or radionuclide label, can be used to visualize and quantify DSBs in vivo. Moreover, when labelled with a high amount of the short-range, Auger electron-emitting radioisotope, 111In, the amount of DNA damage within a cell can be increased, leading to cell death. In this report, we develop a mathematical model that describes how mole
71	Wave 4	A	14	candidate	10.1080/09553002.2023.2211142	Low-dose-rate ionizing radiation affects innate immunity protein IFITM3 in a mouse model of Alzheimer’s disease	2023	International Journal of Radiation Biology	8	dose-rate / low-dose response; immune / inflammation / senescence; computational model / simulation	semantic_scholar		https://doi.org/10.1080/09553002.2023.2211142	TODO: replication brief + artifact/data/code harvest	Abstract Purpose Although the adverse health risks associated with low-dose radiation (LDR) are highly debated, relevant data on neuronal function following chronic LDR exposure are still lacking. Materials and Methods To confirm the effect of chronic LDR on the progression of Alzheimer’s disease (AD), we investigated changes in behavior and neuroinflammation after radiation exposure in wild-type (WT) and 5xFAD (TG) mice, an animal model of AD. WT and TG mice, classified by genotyping, were exposed to low-dose-rate radiation for 112 days, with cumulative doses of 0, 0.1, and 0.3 Gy, then evaluated using the open-field and Y-maze behavioral function tests. Changes in the levels of APP processing- and neuroinflammation-related genes were also investigated. Results No apparent change was evident in either non-spatial memory function or locomotor activity, as examined by the Y-maze and open 
72	Wave 5	A	14	candidate	10.1016/j.archoralbio.2023.105874	Photobiomodulation effects on fibroblasts and keratinocytes after ionizing radiation and bacterial stimulus.	2023	Archives of Oral Biology	6	DNA repair / DDR; omics / biomarkers / signatures; immune / inflammation / senescence; microbial / extremophile	semantic_scholar		https://www.semanticscholar.org/paper/794bd6f8b048c31170b88ef530182f82a09d0b8c	TODO: replication brief + artifact/data/code harvest	"OBJECTIVE
Photobiomodulation therapy (PBMT) has proven to reduce inflammation and pain and increase wound healing. Thus, the aim of this study was to analyze the effects of PBMT parameters on migration, proliferation, and gene expression after ionizing radiation and bacterial-induced stress in an in vitro study.


DESIGN
Keratinocytes (HaCaT) and Fibroblasts (HGFs) were grown in DMEM with 10 % fetal bovine serum until stressful condition induction with lipopolysaccharide (LPS) of Escherichia coli (1 µg/mL), Porphyromonas gingivalis protein extract (5 µg/mL) and ionizing radiation (8 Gy). Low-laser irradiation (660 nm, 30 mW) was carried out in four sessions, with 6 h intervals, and energy density of 2, 3, 4, and 5 J/cm². Scratch assays, immunofluorescence, and RT-qPCR were performed.


RESULTS
Treated fibroblasts and keratinocytes showed significant response in proliferation and migratio"
73	Wave 5	A	14	candidate	10.1080/09553002.2023.2241897	Candidate Biomarkers and Persistent Transcriptional responses after Low and High Dose Ionizing Radiation at High Dose Rate	2023	International Journal of Radiation Biology	4	dose-rate / low-dose response; omics / biomarkers / signatures; computational model / simulation	semantic_scholar		https://www.tandfonline.com/doi/pdf/10.1080/09553002.2023.2241897?needAccess=true&role=button	TODO: replication brief + artifact/data/code harvest	Abstract Purpose Development of an integrated time and dose model to explore the dynamics of gene expression alterations and identify biomarkers for biodosimetry following low- and high-dose irradiations at high dose rate. Material and methods We utilized multiple transcriptome datasets (GSE8917, GSE43151, and GSE23515) from Gene Expression Omnibus (GEO) for identifying candidate biological dosimeters. A linear mixed-effects model with random intercept was used to explore the dose-time dynamics of transcriptional responses and to functionally characterize the time- and dose-dependent changes in gene expression. Results We identified genes that are correlated with dose and time and discovered two clusters of genes that are either positively or negatively correlated with both dose and time based on the parameters of the model. Genes in these two clusters may have persistent transcriptional
74	Wave 5	A	14	candidate		A multiscale radiation biophysical stochastic model describing the cell survival response at ultra-high dose rate	2024		0	DNA repair / DDR; dose-rate / low-dose response; computational model / simulation	semantic_scholar		https://www.semanticscholar.org/paper/e5c1ab5e67dbdb35bc6c0aea222926d1f6de0653	TODO: replication brief + artifact/data/code harvest	Ultra-high dose-rate (UHDR) radiotherapy, characterized by an extremely high radiation delivery rate, represents one of the most recent and promising frontier in radiotherapy. UHDR radiotherapy, addressed in the field as FLASH radiotherapy, is a disruptive treatment modality with several benefits, including significantly shorter treatment times, unchanged effectiveness in treating tumors, and clear reductions in side effects on normal tissues. While the benefits of UHDR irradiation have been well highlighted experimentally, the biological mechanism underlying the FLASH effect is still unclear and highly debated. Nonetheless, to effectively use UHDR radiotherapy in clinics, understanding the driving biological mechanism is paramount. Since the concurrent involvement of multiple scales of radiation damage has been suggested, we developed the MultiScale Generalized Stochastic Microdosimetri
75	Wave 5	A	14	candidate	10.1016/j.mrrev.2026.108585	Biological effects and potential genetic/epigenetic adaptive responses to chronic natural background radiation.	2026	Mutation research. Reviews in mutation research	0	DNA repair / DDR; dose-rate / low-dose response; omics / biomarkers / signatures; computational model / simulation	semantic_scholar		https://www.semanticscholar.org/paper/ee4f9965c5a7842297644a5428a4244754a51f8f	TODO: replication brief + artifact/data/code harvest	Natural background radiation (NBR) delivers chronic low-dose-rate ionizing radiation worldwide, with a global average annual effective dose of ∼2.4 mSv. In certain high-background radiation areas (HBRAs), annual doses range from 10 to > 200 mSv. While the linear no-threshold (LNT) model assumes any radiation dose carries some cancer risk, epidemiological studies in HBRAs (Kerala-India, Ramsar-Iran, Yangjiang-China, Guarapari-Brazil) have consistently failed to detect the predicted cancer excess. Some cytogenetic and molecular investigations suggest enhanced DNA repair proficiency or lower-than-expected chromosomal damage in chronically exposed residents. This narrative review critically synthesizes epidemiological, cytogenetic, and limited molecular evidence from HBRAs, evaluates the ability of current dose-response models (LNT versus non-linear alternatives) to explain these observation
76	Wave 5	A	14	candidate	10.1093/occmed/kqae023.1211	O-316 THE POTENTIAL APPLICATION OF GENE EXPRESSION PROFILES TO PREDICT BIOLOGICAL EFFECTS OF LOW DOSE IONIZING RADIATION EXPOSURE: ARE BIOMARKERS IN HUMAN BLOOD CELLS RELIABLE FOR THE CARCINOGENIC RISK ASSESSMENT?	2024	Occupational Medicine	0	dose-rate / low-dose response; omics / biomarkers / signatures; computational model / simulation	semantic_scholar		https://www.semanticscholar.org/paper/b115b18f54783186efb33b0b76cd6cda44fda702	TODO: replication brief + artifact/data/code harvest	"
 
 
 Low dose ionizing radiation (LDIR, dose<100mGy) could increase the risk of occurrence of stochastic effects (e.g., cancer induction) in irradiated cells, but also in nearby or distant cells not directly irradiated (bystander effect). The probability of LDIR harmful effects is currently evaluated using the linear no-threshold model for preventive radiation protection purposes. Potential biological dosimeters include several classes of biomarkers: cytogenetic, gene mutation related, nucleotide pool and DNA damage related, and transcriptional and translational changes related.
 
 
 
 Since LDIR can trigger biological mechanisms which alter genome, epigenome, transcriptome and/or proteome before modifying cell differentiation and phenotype, the study of gene expression profiles can improve biodosimetry-based assessment.
 
 
 
 The ideal biomarker for occupational radioprotection should"
77	Wave 5	A	14	candidate	10.1093/jrr/rrs119	Particle irradiation data ensemble (PIDE). Friedrich T, Scholz M.				radiation quality / RBE; computational model / simulation	dropbox_pdf		/Users/stevens/Dropbox/REPLICATE-PROJECT/LUCID-replications/lucid-medras-mc/artifacts/pide_hunt/https_three.jsc.nasa.gov_articles_PIDE.pdf	TODO: replication brief + artifact/data/code harvest	Particle irradiation data ensemble (PIDE). Friedrich T, Scholz M. https://three-jsc.nasa.gov/articles/PIDE.pdf. Date posted: 03-06-2013. Particle Irradiation Data Ensemble Thomas Friedrich, Michael Scholz GSI Helmholtzzentrum für Schwerionenforschung, Planckstraße 1, 64291 Darmstadt, Germany This contribution to THREE is a brief overview of the PIDE project. PIDE is the Particle Irradiation Data Ensemble provided by the Gesellschaft für Schwerionenforschung (GSI) in Darmstadt, Germany. Content 1. 2. 3. 4. 5. What is PIDE? Structure of PIDE Possible issues and ambiguities Dos and don’ts when working with PIDE Updates 1. What is PIDE? PIDE is a radiobiological data base compiling more than 800 pairs of in-vitro cell survival experiments after photon and ion irradiation, which were found in about 75 publications. The experiments comprise investigations with both normal and tumor cell lines 
78	Wave 5	A	14	candidate	10.3390/ijms27062525	Radiobiological Effects of Low-Dose Radiation in Normal Fibroblasts of Patients with Head and Neck Cancer Treated with Induction Chemotherapy Combined with Low-Dose Fractionated Radiation	2026	International Journal of Molecular Sciences	0	DNA repair / DDR; dose-rate / low-dose response; computational model / simulation	semantic_scholar		https://www.semanticscholar.org/paper/55e143c31a194d51096af7a4f3c89c9bab46181e	TODO: replication brief + artifact/data/code harvest	The aim of the study was to define radiobiological effects of single and fractionated low doses in normal fibroblasts in 40 patients with squamous cell carcinoma of the head and neck (HNSCC) treated with induction chemotherapy combined with low-dose fractionated radiation (LDFR) and to answer the question regarding the role of low-dose hyper-radiosensitivity (HRS) in these effects. HRS status was determined using flow cytometry-based clonogenic survival assay (cells were irradiated with doses 0.1–4 Gy of 6 MV X-rays). Radiobiological effects (cell kill, kinetics of DSB recognition and repair, chemopotentiation) of LDFR 4x0.5 Gy and a single dose of 2, 0.5 and 0.2 Gy were estimated by clonogenic, pATM and γH2AX foci assays. HRS response was demonstrated for normal fibroblasts in 6 of the 40 HNSCC patients. For all assessed biological parameters, significant interindividual differences wer
79	Wave 5	A	14	candidate	10.51699/eaedxq67	REVISITING LOW DOSE RADIOBIOLOGY: MECHANISTIC INSIGHTS AND FUTURE DIRECTIONS	2026	Innovative: International Multidisciplinary Journal of Applied Technology (2995-486X)	0	dose-rate / low-dose response; radiation quality / RBE; omics / biomarkers / signatures; immune / inflammation / senescence	semantic_scholar		https://www.semanticscholar.org/paper/754abb72c5db035254300bf4a0b0c37fd98ab790	TODO: replication brief + artifact/data/code harvest	Low-dose radiobiology focuses on the biological effects of ionizing radiation at absorbed doses that are less than about 100 mGy or low dose rates (less than 10 mGy/h -1). These exposures are common, and they include the diagnostic imaging, nuclear medicine, radiotherapy scatter, occupational and environmental exposures, radon exposures and space travel. Although widespread, the biological effects of low dose radiation (LDR) have not been fully defined and they persistently troubles the current radiation risk assessment systems. Linear no-threshold (LNT) radiation protection has been the basis upon which radiation protection has depended over decades, wherein a proportional relationship exists between dose and stochastic risk and there exists no safe dose. Despite the fact that LNT has offered a conservative and practical regulatory foundation, increasing experimental and mechanistic inf
80	Wave 5	B	13	candidate	10.3390/ijms20215350	The Impact of Dose Rate on DNA Double-Strand Break Formation and Repair in Human Lymphocytes Exposed to Fast Neutron Irradiation	2019	International Journal of Molecular Sciences	26	DNA repair / DDR; dose-rate / low-dose response; radiation quality / RBE; computational model / simulation	semantic_scholar		https://www.mdpi.com/1422-0067/20/21/5350/pdf?version=1572246374	TODO: replication brief + artifact/data/code harvest	The lack of information on how biological systems respond to low-dose and low dose-rate exposures makes it difficult to accurately assess the carcinogenic risks. This is of critical importance to space radiation, which remains a serious concern for long-term manned space exploration. In this study, the γ-H2AX foci assay was used to follow DNA double-strand break (DSB) induction and repair following exposure to neutron irradiation, which is produced as secondary radiation in the space environment. Human lymphocytes were exposed to high dose-rate (HDR: 0.400 Gy/min) and low dose-rate (LDR: 0.015 Gy/min) p(66)/Be(40) neutrons. DNA DSB induction was investigated 30 min post exposure to neutron doses ranging from 0.125 to 2 Gy. Repair kinetics was studied at different time points after a 1 Gy neutron dose. Our results indicated that γ-H2AX foci formation was 40% higher at HDR exposure compare
81	Wave 5	B	13	candidate	10.1038/s41598-021-91335-8	A small RNA regulates pprM, a modulator of pleiotropic proteins promoting DNA repair, in Deinococcus radiodurans under ionizing radiation	2021	Scientific Reports	25	DNA repair / DDR; omics / biomarkers / signatures; immune / inflammation / senescence; microbial / extremophile	semantic_scholar		https://www.nature.com/articles/s41598-021-91335-8.pdf	TODO: replication brief + artifact/data/code harvest	Networks of transcriptional and post-transcriptional regulators are critical for bacterial survival and adaptation to environmental stressors. While transcriptional regulators provide rapid activation and/or repression of a wide-network of genes, post-transcriptional regulators, such as small RNAs (sRNAs), are also important to fine-tune gene expression. However, the mechanisms of sRNAs remain poorly understood, especially in less-studied bacteria. Deinococcus radiodurans is a gram-positive bacterium resistant to extreme levels of ionizing radiation (IR). Although multiple unique regulatory systems (e.g., the Radiation and Desiccation Response (RDR)) have been identified in this organism, the role of post-transcriptional regulators has not been characterized within the IR response. In this study, we have characterized an sRNA, PprS (formerly Dsr2), as a post-transcriptional coordinator o
82	Wave 6	B	13	candidate	10.1186/1746-6148-4-18	Identification of immune genes and proteins involved in the response of bovine mammary tissue to Staphylococcus aureus infection	2008	BMC Veterinary Research	23	DNA repair / DDR; dose-rate / low-dose response; omics / biomarkers / signatures; immune / inflammation / senescence	semantic_scholar		https://bmcvetres.biomedcentral.com/counter/pdf/10.1186/1746-6148-4-18	TODO: replication brief + artifact/data/code harvest	BackgroundMastitis in dairy cattle results from infection of mammary tissue by a range of micro-organisms but principally coliform bacteria and Gram positive bacteria such as Staphylococcus aureus. The former species are often acquired by environmental contamination while S. aureus is particularly problematic due to its resistance to antibiotic treatments and ability to reside within mammary tissue in a chronic, subclinical state. The transcriptional responses within bovine mammary epithelial tissue subjected to intramammary challenge with S. aureus are poorly characterised, particularly at the earliest stages of infection. Moreover, the effect of infection on the presence of bioactive innate immune proteins in milk is also unclear. The nature of these responses may determine the susceptibility of the tissue and its ability to resolve the infection.ResultsTranscriptional profiling was em
83	Wave 6	B	13	candidate	10.1016/j.cub.2024.03.019	The tardigrade Hypsibius exemplaris dramatically upregulates DNA repair pathway genes in response to ionizing radiation	2024	Current Biology	22	DNA repair / DDR; radiation quality / RBE; omics / biomarkers / signatures; microbial / extremophile	semantic_scholar		https://www.semanticscholar.org/paper/bf0bb1ca9299167f0874629ab93948036e3ad920	TODO: replication brief + artifact/data/code harvest	SUMMARY Tardigrades can survive remarkable doses of ionizing radiation, up to about 1000 times the lethal dose for humans. How they do so is incompletely understood. We found that the tardigrade Hypsibius exemplaris suffers DNA damage upon gamma irradiation, but damage is repaired. We show that this species has a specific and robust response to ionizing radiation: irradiation induces a rapid upregulation of many DNA repair genes. This upregulation is unexpectedly extreme – making some DNA repair transcripts among the most abundant transcripts in the animal. By expressing tardigrade genes in bacteria, we validate that increased expression of some repair genes can suffice to increase radiation tolerance. We show that at least one such gene is important in vivo for tardigrade radiation tolerance. We hypothesize that tardigrades’ ability to sense ionizing radiation and massively upregulate s
84	Wave 6	B	13	candidate	10.3390/ijms242015238	Effect of Long-Term Low-Dose Arsenic Exposure on DNA Methylation and Gene Expression in Human Liver Cells	2023	International Journal of Molecular Sciences	17	DNA repair / DDR; dose-rate / low-dose response; omics / biomarkers / signatures; immune / inflammation / senescence	semantic_scholar		https://www.mdpi.com/1422-0067/24/20/15238/pdf?version=1697523990	TODO: replication brief + artifact/data/code harvest	Millions of people around the world are exposed to elevated levels of arsenic through food or drinking water. Epidemiological studies have linked chronic arsenic exposure to an increased risk of several cancers, cardiovascular disease, central nervous system neuropathies, and genotoxic as well as immunotoxic effects. In addition to the induction of oxidative stress and inhibition of DNA repair processes, epigenetic effects, including altered DNA methylation patterns resulting in aberrant gene expression, may contribute to carcinogenicity. However, the underlying mechanisms by which chronic micromolar concentrations of arsenite affect the methylation status of DNA are not fully understood. In this study, human HepG2 hepatocarcinoma cells were treated with 0.5–10 μM sodium arsenite for 24 h, 10, or 20 days. During these periods, the effects on global DNA methylation, cell cycle phase distr
85	Wave 6	B	13	candidate	10.1140/epjd/e2019-90263-5	Renormalization of radiobiological response functions by energy loss fluctuations and complexities in chromosome aberration induction: deactivation theory for proton therapy from cells to tumor control	2019	European Physical Journal D : Atomic, Molecular and Optical Physics	13	DNA repair / DDR; radiation quality / RBE; immune / inflammation / senescence; computational model / simulation	semantic_scholar		https://link.springer.com/content/pdf/10.1140/epjd/e2019-90263-5.pdf	TODO: replication brief + artifact/data/code harvest	We employ a multi-scale mechanistic approach built upon our recent phenomenological/computational methodologies [R. Abolfath et al., Sci. Rep. 7, 8340 (2017)] to investigate radiation induced cell toxicities and deactivation mechanisms as a function of linear energy transfer in hadron therapy. Our theoretical model consists of a system of Markov chains in microscopic and macroscopic spatio-temporal landscapes, i.e., stochastic birth-death processes of cells in millimeter-scale colonies that incorporates a coarse-grained driving force to account for microscopic radiation induced damage. The coupling, hence the driving force in this process, stems from a nano-meter scale radiation induced DNA damage that incorporates the enzymatic end-joining repair and mis-repair mechanisms. We use this model for global fitting of the high-throughput and high accuracy clonogenic cell-survival data acquire
86	Wave 6	B	13	candidate	10.1016/j.bbi.2023.09.015	Low-dose ionizing radiation promotes motor recovery and brain rewiring by resolving inflammatory response after brain injury and stroke.	2023	Brain, behavior, and immunity	12	DNA repair / DDR; dose-rate / low-dose response; radiation quality / RBE; omics / biomarkers / signatures	semantic_scholar		https://www.semanticscholar.org/paper/20be9770f4eee47ce907fb12ff3a8cd7e47b3c7d	TODO: replication brief + artifact/data/code harvest	Traumatic brain injury (TBI) and stroke share a common pathophysiology that worsens over time due to secondary tissue injury caused by sustained inflammatory response. However, studies on pharmacological interventions targeting the complex secondary injury cascade have failed to show efficacy. Here, we demonstrated that low-dose ionizing radiation (LDIR) reduced lesion size and reversed motor deficits after TBI and photothrombotic stroke. Magnetic resonance imaging demonstrated significant reduction of infarct volume in LDIR-treated mice after stroke. Systems-level transcriptomic analysis showed that genes upregulated in LDIR-treated stoke mice were enriched in pathways associated with inflammatory and immune response involving microglia. LDIR induced upregulation of anti-inflammatory- and phagocytosis-related genes, and downregulation of key pro-inflammatory cytokine production. These f
87	Wave 6	B	13	candidate	10.3389/fonc.2021.768493	High-LET Carbon and Iron Ions Elicit a Prolonged and Amplified p53 Signaling and Inflammatory Response Compared to low-LET X-Rays in Human Peripheral Blood Mononuclear Cells	2021	Frontiers in Oncology	11	DNA repair / DDR; radiation quality / RBE; omics / biomarkers / signatures; immune / inflammation / senescence	semantic_scholar		https://www.frontiersin.org/articles/10.3389/fonc.2021.768493/pdf	TODO: replication brief + artifact/data/code harvest	Understanding the differences in biological response to photon and particle radiation is important for optimal exploitation of particle therapy for cancer patients, as well as for the adequate application of radiation protection measures for astronauts. To address this need, we compared the transcriptional profiles of isolated peripheral blood mononuclear cells 8 h after exposure to 1 Gy of X-rays, carbon ions or iron ions with those of non-irradiated cells using microarray technology. All genes that were found differentially expressed in response to either radiation type were up-regulated and predominantly controlled by p53. Quantitative PCR of selected genes revealed a significantly higher up-regulation 24 h after exposure to heavy ions as compared to X-rays, indicating their prolonged activation. This coincided with increased residual DNA damage as evidenced by quantitative γH2AX foci
88	Wave 6	B	13	candidate	10.1186/s40658-023-00567-2	Estimation of relative biological effectiveness of 225Ac compared to 177Lu during [225Ac]Ac-PSMA and [177Lu]Lu-PSMA radiopharmaceutical therapy using TOPAS/TOPAS-nBio/MEDRAS	2023	EJNMMI Physics	10	DNA repair / DDR; radiation quality / RBE; computational model / simulation	semantic_scholar		https://ejnmmiphys.springeropen.com/counter/pdf/10.1186/s40658-023-00567-2	TODO: replication brief + artifact/data/code harvest	Aim Over recent years, [^225Ac]Ac-PSMA and [^177Lu]Lu-PSMA radiopharmaceutical therapy have evolved as a promising treatment option for advanced prostate cancer. Especially for alpha particle emitter treatments, there is still a need for improving dosimetry, which requires accurate values of relative biological effectiveness (RBE). To achieve that, consideration of DNA damages in the cell nucleus and knowledge of the energy deposition in the location of the DNA at the nanometer scale are required. Monte Carlo particle track structure simulations provide access to interactions at this level. The aim of this study was to estimate the RBE of ^225Ac compared to ^177Lu. The initial damage distribution after radionuclide decay and the residual damage after DNA repair were considered. Methods This study employed the TOol for PArtcile Simulation (TOPAS) based on the Geant4 simulation toolkit. Si
89	Wave 6	B	13	candidate	10.2203/dose-response.10-039.scott	Modeling DNA Double-Strand Break Repair Kinetics as an Epiregulated Cell-Community-Wide (Epicellcom) Response to Radiation Stress	2011	Dose-Response	8	DNA repair / DDR; omics / biomarkers / signatures; computational model / simulation	semantic_scholar		https://journals.sagepub.com/doi/pdf/10.2203/dose-response.10-039.Scott	TODO: replication brief + artifact/data/code harvest	The multicellular signaling model (MULTISIG1) was recently introduced to simulate the kinetics of repair of DNA double-strand breaks (DSBs) that were induced in confluent (non-dividing) cultured cells by a very low radiation dose where at most a single induced DSB would be expected in a given cell nucleus. The repair kinetics was modeled as representing what is now called an epigenetically-regulated (epiregulated) cell-community-wide (epicellcom) response to radiation stress. DSB repair initiation is assumed to require a threshold number of cells with DSBs participating in intercellular stress-response signaling. The MULTISIG1 model is extended in this study to apply to moderate doses where several DSBs can occur on the same DNA molecule. The repair of multiple breaks on the same molecule is treated as sequential stochastic events. For cells of differing genetic characteristics and epige
90	Wave 6	B	13	candidate	10.3389/fmicb.2024.1410024	Comparative genomics of Deinococcus radiodurans: unveiling genetic discrepancies between ATCC 13939K and BAA-816 strains	2024	Frontiers in Microbiology	7	DNA repair / DDR; radiation quality / RBE; omics / biomarkers / signatures; microbial / extremophile	semantic_scholar		https://www.frontiersin.org/journals/microbiology/articles/10.3389/fmicb.2024.1410024/pdf	TODO: replication brief + artifact/data/code harvest	The Deinococcus genus is renowned for its remarkable resilience against environmental stresses, including ionizing radiation, desiccation, and oxidative damage. This resilience is attributed to its sophisticated DNA repair mechanisms and robust defense systems, enabling it to recover from extensive damage and thrive under extreme conditions. Central to Deinococcus research, the D. radiodurans strains ATCC BAA-816 and ATCC 13939 facilitate extensive studies into this remarkably resilient genus. This study focused on delineating genetic discrepancies between these strains by sequencing our laboratory’s ATCC 13939 specimen (ATCC 13939K) and juxtaposing it with ATCC BAA-816. We uncovered 436 DNA sequence differences within ATCC 13939K, including 100 single nucleotide variations, 278 insertions, and 58 deletions, which could induce frameshifts altering protein-coding genes. Gene annotation re
91	Wave 6	B	13	candidate	10.1667/rade-24-00164.1	Contribution of Nuclear Fragmentation to Dose and RBE in Carbon-Ion Radiotherapy	2025	Radiation Research	7	DNA repair / DDR; radiation quality / RBE; computational model / simulation	semantic_scholar		https://www.semanticscholar.org/paper/f69a78d56494cd251b57e808f14a13a9aa5139fb	TODO: replication brief + artifact/data/code harvest	Variable relative biological effectiveness (RBE) of carbon radiotherapy may be calculated using several models, including the microdosimetric kinetic model (MKM), stochastic MKM (SMKM), repair-misrepair-fixation (RMF) model, and local effect model I (LEM), which have not been thoroughly compared. In this work, we compared how these four models handle carbon beam fragmentation, providing insight into where model differences arise. Monoenergetic and spread-out Bragg peak carbon beams incident on a water phantom were simulated using Monte Carlo. Using these beams, input parameters for each model (microdosimetric spectra, DNA double-strand break yield, kinetic energy spectra, physical dose fragment contributions) were calculated for each contributing carbon beam fragment (hydrogen, helium, lithium, beryllium, boron, secondary carbon, primary carbon, electrons, and other). Scored input parame
92	Wave 7	B	13	candidate	10.3389/fpubh.2024.1387330	Low-dose-rate induces more severe cognitive impairment than high-dose-rate in rats exposed to chronic low-dose γ-radiation	2024	Frontiers in Public Health	7	dose-rate / low-dose response; omics / biomarkers / signatures; immune / inflammation / senescence; computational model / simulation	semantic_scholar		https://www.frontiersin.org/journals/public-health/articles/10.3389/fpubh.2024.1387330/pdf	TODO: replication brief + artifact/data/code harvest	Background Owing to the long penetration depth of gamma (γ)-rays, individuals working in ionizing radiation environments are chronically exposed to low-dose γ-radiation, resulting in cognitive changes. Dose rate significantly affects radiation-induced biological effects; however, its role in chronic low-dose γ-irradiation-induced cognitive impairment remains unclear. We aimed to investigate whether chronic low-dose γ-irradiation at low-dose-rate (LDR) could induce cognitive impairment and to compare the cognitive alteration caused by chronic low-dose γ-irradiation at LDR and high-dose-rate (HDR). Methods The rats were exposed to γ-irradiation at a LDR of 6 mGy/h and a HDR of 20 mGy/h for 30 days (5 h/day). Functional imaging was performed to assess the brain inflammation and blood–brain barrier (BBB) destruction of rats. Histological and immunofluorescence analyses were used to reveal th
93	Wave 7	B	13	candidate	10.31083/j.fbl2811296	Oxidative Stress Levels and DNA Repair Kinetics in Senescent Primary Human Fibroblasts Exposed to Chronic Low Dose Rate of Ionizing Radiation.	2023	Frontiers in Bioscience	6	DNA repair / DDR; dose-rate / low-dose response; immune / inflammation / senescence; computational model / simulation	semantic_scholar		https://www.imrpress.com/journal/FBL/28/11/10.31083/j.fbl2811296/pdf	TODO: replication brief + artifact/data/code harvest	"BACKGROUND
Exposure to low dose rate (LDR) radiation may accelerate aging processes. Previously, we identified numerous LDR-induced pathways involved in oxidative stress (OS) and antioxidant systems, suggesting that these pathways protect against premature senescence (PS). This study aimed to investigate if there are differences between young replicative senescent (RS) and PS cells considering DNA repair kinetics, OS, and DNA damage localized in the telomeres.


METHODS
We established PS cells by culturing and passaging young primary fibroblasts exposed to LDR. Then, RS cells were established by culturing and passaging young fibroblasts until they stopped proliferating. Senescence was characterized by analyzing telomere length and senescence-associated β-galactosidase (SA-β-gal) staining. DNA damage and repair were evaluated with γH2AX foci formation; telomere identification was carried "
94	Wave 7	B	13	candidate		Human-Induced Radioresistance as a Possible Mechanism for Producing Biological Weapons: A Feasible Bridge between Radiore-sistance and Resistance to Antibiotics and Genotoxic Agents	2014	Iranian Journal of Public Health	4	DNA repair / DDR; radiation quality / RBE; omics / biomarkers / signatures; microbial / extremophile	semantic_scholar		https://www.semanticscholar.org/paper/24fe5eafbbd1b45cf686cf820bc30fd2ceac314e	TODO: replication brief + artifact/data/code harvest	Dear Editor-in-ChiefDeliberate release of harmful biological agents such as bacteria and viruses which cause disease or death in humans, animals, or plants, an action that is usually referred to as a bioterrorism attack, is a global concern. Bacteria and viruses used in bioterrorism are typically found in our natural en- vironment, but possibly the ability of these agents to cause illness, their resistance to current drugs, their ability for spreading into the environment (air, water and food) could be significantly in- creased by mutations. According to WHO, re- sistance of microorganisms to antimicrobial agents can lead to prolonged illness, greater risk of death and higher costs. Over the past years, investigators have generated extremely radioresistant bacterial species by directed evolution in Escherichia coli, a relatively radiosensitive bacterium (1). Radiore- sistance, a property
95	Wave 7	B	13	candidate	10.1080/09553002.2022.1998712	Responses of genes of DNA repair, alternative oxidase, and pro-/antioxidant state in Arabidopsis thaliana with altered expression of AOX1a to gamma irradiation	2021	International Journal of Radiation Biology	4	DNA repair / DDR; dose-rate / low-dose response; radiation quality / RBE; omics / biomarkers / signatures	semantic_scholar		https://www.semanticscholar.org/paper/abc50bc14be63a20ecd1532747b4e22e40d26b41	TODO: replication brief + artifact/data/code harvest	Abstract Purpose High doses of gamma (γ) irradiation cause oxidative stress and DNA damage. Alternative oxidase (AOX) catalyzes the energy-dissipating cyanide-resistant alternative pathway in plant mitochondria and is an important part of the cellular defense network under stress conditions. In this study, Arabidopsis thaliana plants with an altered expression of the AOX1a gene were exposed by high dose-rate ionizing radiation to assess the expression of genes of DNA repair and pro-/antioxidant states to elucidate the functional significance of AOX in plant stress response. Materials and methods Five-week-old A. thaliana plants, either with basal AOX1a gene expression (wild-type Colombia-0 (Col-0)), antisense silencing of AOX1a (AS-12), and overexpression of the gene (XX-2), were γ-irradiated at a dose of 200 Gy. Gene expression and biochemical analyses were performed 12 h after irradiat
96	Wave 7	B	13	candidate	10.1007/s13246-025-01605-2	Modelling single cell dosimetry and DNA damage of targeted alpha therapy using Monte-Carlo techniques	2025	Physical and Engineering Sciences in Medicine	3	DNA repair / DDR; radiation quality / RBE; computational model / simulation	semantic_scholar		https://www.semanticscholar.org/paper/4132b5f54db295eac77fdde67183a8e4a658c611	TODO: replication brief + artifact/data/code harvest	Targeted alpha therapy (TαT) employs alpha particle-emitting radioisotopes conjugated to tumour-specific carriers to precisely irradiate tumour cells. Monte-carlo techniques have been used to accurately simulate absorbed dose and DNA damage for the four promising TαT radionuclides, Actinium-225 (225Ac), Radium-223, (223Ra), Lead-212 (212Pb) and Astatine-211, (211At). TOPAS and TOPAS-nBio, based on the Geant4 and Geant4-DNA monte-carlo codes respectively, were used to model the radioactive decay and alpha particle transport within a simplified spherical cell model. Four different sites within the cell model were used for the initial radionuclide distributions: the cell membrane layer, within the cytoplasm volume, on the nucleus surface, and within the nucleus volume. Results indicate higher absorbed doses to the nucleus per decay when radionuclides are initially located on the nucleus wal
97	Wave 7	B	13	candidate	10.3390/cimb46120828	The Dose Rate of Corpuscular Ionizing Radiation Strongly Influences the Severity of DNA Damage, Cell Cycle Progression and Cellular Senescence in Human Epidermoid Carcinoma Cells	2024	Current Issues in Molecular Biology	3	dose-rate / low-dose response; radiation quality / RBE; immune / inflammation / senescence; computational model / simulation	semantic_scholar		https://doi.org/10.3390/cimb46120828	TODO: replication brief + artifact/data/code harvest	Modern radiotherapy utilizes a broad range of sources of ionizing radiation, both low-dose-rate (LDR) and high-dose-rate (HDR). However, the mechanisms underlying specific dose-rate effects remain unclear, especially for corpuscular radiation. To address this issue, we have irradiated human epidermoid carcinoma A431 cells under LDR and HDR regimes. Reducing the dose rate has lower lethality at equal doses with HDR irradiation. The half-lethal dose after HDR irradiation was three times less than after LDR irradiation. The study of mechanisms showed that under HDR irradiation, the radiation-induced halt of mitosis with the accompanying emergence of giant cells was recorded. No such changes were recorded after LDR irradiation. The level of DNA damage is significantly greater after HDR irradiation, which may be the main reason for the different mechanisms of action of HDR and LDR irradiation
98	Wave 7	B	13	candidate	10.1002/mp.17446	Assessing the biological effects of boron neutron capture therapy through cellular DNA damage repair model.	2024	Medical Physics (Lancaster)	2	DNA repair / DDR; radiation quality / RBE; computational model / simulation	semantic_scholar		https://www.semanticscholar.org/paper/d1897e4083bde652b4a4f949b3be0b908669649c	TODO: replication brief + artifact/data/code harvest	"BACKGROUND
Boron neutron capture therapy (BNCT) is a targeted radiotherapy that relies on the 10B (n, α) 7Li reaction, which produces secondary particles with high linear energy transfer (LET), leading to a high relative biological effectiveness (RBE) in tumors. The biological effectiveness of BNCT is influenced by factors such as boron distribution and concentration, necessitating improved methods for assessing its radiobiological effects and clarifying the sensitivity of the differences in different factors to the biological effects.


PURPOSE
This paper introduces a method to evaluate the biological effects of BNCT using the cellular repair model. This method aims to overcome some of the limitations of current evaluation approaches. The primary goal is to provide guidance for clinical treatments and the development of boron drugs, as well as to investigate the impact of the synergisti"
99	Wave 7	B	13	candidate	10.1016/j.dnarep.2025.103875	DNA damage response of U2OS cells to low doses of gamma radiation delivered at very low dose rate.	2025	DNA Repair	0	DNA repair / DDR; dose-rate / low-dose response; omics / biomarkers / signatures; computational model / simulation	semantic_scholar		https://www.semanticscholar.org/paper/d5b38e1fdda659c53f1daa0c96c5f5d3e6c34c38	TODO: replication brief + artifact/data/code harvest	The DNA damage response (DDR) of cells to low dose and low dose rate ionizing radiation is weak and remains a matter of controversy. The response can be studied by exposing cells to a low adapting dose (AD) and, subsequently to a high challenging dose (CD), where the response is strong. The aim of the present investigation was to analyse the DDR in cells exposed to very low dose rate AD and a high dose rate CD, with special focus on the role of the ATM kinase. U2OS cells (with wild type p53) were exposed to gamma radiation AD of 5.9 mGy at 31 µGy/h and of 10.5 mGy at 55 µGy/h. ATM was inhibited by addition of KU-55933. Adapted cells were exposed to a CD of 1 Gy photon radiation at 1 Gy/min. The studied endpoints included kinetics of 53BP1 foci formation and decay, cell cycle progression and gene expression. In some experiments, ATM was inhibited by KU-55933. AD alone led to a significant
100	Wave 7	B	13	candidate	10.1088/1361-6560/ae117e	Extending the Microdosimetry Gamma Model (MGM) to estimate induced DNA damage and its complexity at macroscopic scale by protons and helium ions	2025	Physics in Medicine and Biology	0	DNA repair / DDR; radiation quality / RBE; computational model / simulation	semantic_scholar		https://www.semanticscholar.org/paper/68c1b4620767e212a1aa3f3c6c2043e8b54355b6	TODO: replication brief + artifact/data/code harvest	Objective. DNA damage, particularly double-strand break (DSB), is the primary mechanism for cell death in radiation therapy. High-linear energy transfer particles, like protons and helium ions, induce more complex DSB than photons, increasing their biological effectiveness. Simulating particle transport at the DNA level with Monte Carlo (MC) codes is computationally intensive, often limiting studies to single cells. This study presents an efficient method using the microdosimetric gamma model (MGM) to estimate DSB numbers and complexity in macroscopic setups. Approach. The MGM analytically predicts the number of DSBs and their complexity induced by protons or α-particles. We integrated it into the TOPAS MC toolkit (TOPAS-MGM), enabling the calculation of DNA damage at macroscale scenarios. We have calculated DNA damage distributions in in-vitro-like geometries and water phantoms with pro
