{
  "E[u]_relL2": 13.573469560023776,
  "Var[u]_relL2": 18.037640474928388,
  "A_pred": [
    -23.64344024658203,
    18.889812469482422
  ],
  "A_exact": [
    2.6586807763582714,
    4.4311346272637895
  ],
  "total_training_time": 2702.298733472824
}