{
  "E[u]_relL2": 14.085045011235668,
  "Var[u]_relL2": 20.059815608997468,
  "A_pred": [
    20.001117706298828,
    -20.820274353027344
  ],
  "A_exact": [
    2.6586807763582714,
    4.4311346272637895
  ],
  "total_training_time": 2772.0972492694855
}