collection	size_bytes	path
BVBRC	1287445	BVBRC-02-Ralstonia-Fluit2021/paper/paper.pdf
BVBRC	1843436	BVBRC-04-Variovorax-trehalose-Shrestha2022/paper/shrestha2022.pdf
BVBRC	3510423	BVBRC-05-Trueperella-pyogenes-Thakur2022/paper/thakur2022.pdf
BVBRC	1587503	BVBRC-06-Smaltophilia-iron-Kalidasan2018/paper/Kalidasan2018.pdf
BVBRC	1656596	BVBRC-07-Sherry-AMR-workflow-2023/paper/supplementary.pdf
BVBRC	1215843	BVBRC-08-Lplantarum-DJF10-Kandasamy2022/paper/paper.pdf
BVBRC	2480601	BVBRC-11-VREfm-LatAm-Rios2020/paper/rios2020.pdf
BVBRC	3421081	BVBRC-11-VREfm-LatAm-Rios2020/paper/supp_info.pdf
BVBRC	12995	BVBRC-14-HybridAssembly-Ecoli-Kpneu-Khezri2021/analysis/KP5_illumina/quast/basic_stats/GC_content_plot.pdf
BVBRC	13735	BVBRC-14-HybridAssembly-Ecoli-Kpneu-Khezri2021/analysis/KP5_illumina/quast/basic_stats/Nx_plot.pdf
BVBRC	14886	BVBRC-14-HybridAssembly-Ecoli-Kpneu-Khezri2021/analysis/KP5_illumina/quast/basic_stats/coverage_histogram.pdf
BVBRC	13725	BVBRC-14-HybridAssembly-Ecoli-Kpneu-Khezri2021/analysis/KP5_illumina/quast/basic_stats/cumulative_plot.pdf
BVBRC	12792	BVBRC-14-HybridAssembly-Ecoli-Kpneu-Khezri2021/analysis/KP5_illumina/quast/basic_stats/scaffolds_GC_content_plot.pdf
BVBRC	14920	BVBRC-14-HybridAssembly-Ecoli-Kpneu-Khezri2021/analysis/KP5_illumina/quast/basic_stats/scaffolds_coverage_histogram.pdf
BVBRC	5029262	BVBRC-19-Propionibacterium-pangenome-metabolic/data/PMC7650540/genes-11-01115.pdf
BVBRC	4726291	BVBRC-19-Propionibacterium-pangenome-metabolic/data/mccubbin2020.pdf
LUCID-100	2484754	LUCID-replications/_LUCID100_ADMIN/pdf_hunt/browser_harvest_20260622/4e73c0_escholarship.pdf
LUCID-100	5430722	LUCID-replications/_LUCID100_ADMIN/pdf_hunt/browser_harvest_20260622/rank_13_PMC10858213.pdf
LUCID-100	4279355	LUCID-replications/_LUCID100_ADMIN/pdf_hunt/browser_harvest_20260622/rank_24_PMC8124137.pdf
LUCID-100	1364436	LUCID-replications/_LUCID100_ADMIN/pdf_hunt/browser_harvest_20260622/rank_29_PMC6540459.pdf
LUCID-100	6404951	LUCID-replications/_LUCID100_ADMIN/pdf_hunt/browser_harvest_20260622/rank_31_PMC9181644.pdf
LUCID-100	7941827	LUCID-replications/_LUCID100_ADMIN/pdf_hunt/browser_harvest_20260622/rank_36_envres.pdf
LUCID-100	2888980	LUCID-replications/_LUCID100_ADMIN/pdf_hunt/browser_harvest_20260622/rank_38_PMC10134817.pdf
LUCID-100	1475562	LUCID-replications/_LUCID100_ADMIN/pdf_hunt/browser_harvest_20260622/rank_45_biorxiv_451516.pdf
LUCID-100	2482910	LUCID-replications/_LUCID100_ADMIN/pdf_hunt/browser_harvest_20260622/rank_46_PMC12732518.pdf
LUCID-100	720394	LUCID-replications/_LUCID100_ADMIN/pdf_hunt/browser_harvest_20260622/rank_48_PMC9174562.pdf
LUCID-100	4338340	LUCID-replications/_LUCID100_ADMIN/pdf_hunt/browser_harvest_20260622/rank_49_PMC9804513.pdf
LUCID-100	3053662	LUCID-replications/_LUCID100_ADMIN/pdf_hunt/browser_harvest_20260622/rank_50_PMC10528584.pdf
LUCID-100	521243	LUCID-replications/_LUCID100_ADMIN/pdf_hunt/browser_harvest_20260622/rank_51_arrb_2391.pdf
LUCID-100	2472458	LUCID-replications/_LUCID100_ADMIN/pdf_hunt/browser_harvest_20260622/rank_53_iop_012098.pdf
LUCID-100	1910610	LUCID-replications/_LUCID100_ADMIN/pdf_hunt/browser_harvest_20260622/rank_54_PMC3580191.pdf
LUCID-100	2653515	LUCID-replications/_LUCID100_ADMIN/pdf_hunt/browser_harvest_20260622/rank_56_iop_ae6d6d.pdf
LUCID-100	1068490	LUCID-replications/_LUCID100_ADMIN/pdf_hunt/browser_harvest_20260622/rank_57_PMC12940297.pdf
LUCID-100	1019348	LUCID-replications/_LUCID100_ADMIN/pdf_hunt/browser_harvest_20260622/rank_59_PMC5804539.pdf
LUCID-100	1007751	LUCID-replications/_LUCID100_ADMIN/pdf_hunt/browser_harvest_20260622/rank_60_PMC1533273.pdf
LUCID-100	4126679	LUCID-replications/_LUCID100_ADMIN/pdf_hunt/browser_harvest_20260622/rank_65_arxiv_2412.16322.pdf
LUCID-100	2092179	LUCID-replications/_LUCID100_ADMIN/pdf_hunt/browser_harvest_20260622/rank_6_PMC6862552.pdf
LUCID-100	102985	LUCID-replications/_LUCID100_ADMIN/pdf_hunt/downloads/rank_003_10.2147_jhc.s383959/candidate_2.pdf
LUCID-100	230947	LUCID-replications/_LUCID100_ADMIN/pdf_hunt/downloads/rank_003_10.2147_jhc.s383959/candidate_3.pdf
LUCID-100	10168081	LUCID-replications/_LUCID100_ADMIN/pdf_hunt/downloads/rank_003_10.2147_jhc.s383959/paper.pdf
LUCID-100	10168081	LUCID-replications/_LUCID100_ADMIN/pdf_hunt/downloads/rank_003_10.2147_jhc.s383959/retry_1.pdf
LUCID-100	233558	LUCID-replications/_LUCID100_ADMIN/pdf_hunt/downloads/rank_006_10.3390_ijms20215339/candidate_3.pdf
LUCID-100	233558	LUCID-replications/_LUCID100_ADMIN/pdf_hunt/downloads/rank_006_10.3390_ijms20215339/retry_4.pdf
LUCID-100	1393551	LUCID-replications/_LUCID100_ADMIN/pdf_hunt/downloads/rank_009_10.1371_journal.pone.0083923/candidate_1.pdf
LUCID-100	1393551	LUCID-replications/_LUCID100_ADMIN/pdf_hunt/downloads/rank_009_10.1371_journal.pone.0083923/paper.pdf
LUCID-100	1437363	LUCID-replications/_LUCID100_ADMIN/pdf_hunt/downloads/rank_020_10.3390_cancers11020205/candidate_2.pdf
LUCID-100	1437363	LUCID-replications/_LUCID100_ADMIN/pdf_hunt/downloads/rank_020_10.3390_cancers11020205/paper.pdf
LUCID-100	3245273	LUCID-replications/_LUCID100_ADMIN/pdf_hunt/downloads/rank_022_10.1038_s42003-022-03585-5/candidate_1.pdf
LUCID-100	3245273	LUCID-replications/_LUCID100_ADMIN/pdf_hunt/downloads/rank_022_10.1038_s42003-022-03585-5/paper.pdf
LUCID-100	425667	LUCID-replications/_LUCID100_ADMIN/pdf_hunt/downloads/rank_027_10.3390_e25091322/candidate_2.pdf
LUCID-100	425667	LUCID-replications/_LUCID100_ADMIN/pdf_hunt/downloads/rank_027_10.3390_e25091322/paper.pdf
LUCID-100	578310	LUCID-replications/_LUCID100_ADMIN/pdf_hunt/downloads/rank_028_10.1371_journal.pone.0044293/candidate_1.pdf
LUCID-100	578310	LUCID-replications/_LUCID100_ADMIN/pdf_hunt/downloads/rank_028_10.1371_journal.pone.0044293/paper.pdf
LUCID-100	298481	LUCID-replications/_LUCID100_ADMIN/pdf_hunt/downloads/rank_031_10.3390_ijms23116268/candidate_3.pdf
LUCID-100	298481	LUCID-replications/_LUCID100_ADMIN/pdf_hunt/downloads/rank_031_10.3390_ijms23116268/retry_4.pdf
LUCID-100	938200	LUCID-replications/_LUCID100_ADMIN/pdf_hunt/downloads/rank_032_10.1371_journal.pcbi.0030155/candidate_1.pdf
LUCID-100	938200	LUCID-replications/_LUCID100_ADMIN/pdf_hunt/downloads/rank_032_10.1371_journal.pcbi.0030155/paper.pdf
LUCID-100	615763	LUCID-replications/_LUCID100_ADMIN/pdf_hunt/downloads/rank_033_10.1186_s40168-017-0325-z/candidate_1.pdf
LUCID-100	68603	LUCID-replications/_LUCID100_ADMIN/pdf_hunt/downloads/rank_033_10.1186_s40168-017-0325-z/candidate_2.pdf
LUCID-100	283064	LUCID-replications/_LUCID100_ADMIN/pdf_hunt/downloads/rank_033_10.1186_s40168-017-0325-z/candidate_3.pdf
LUCID-100	3428693	LUCID-replications/_LUCID100_ADMIN/pdf_hunt/downloads/rank_033_10.1186_s40168-017-0325-z/paper.pdf
LUCID-100	3428693	LUCID-replications/_LUCID100_ADMIN/pdf_hunt/downloads/rank_033_10.1186_s40168-017-0325-z/retry_1.pdf
LUCID-100	3813294	LUCID-replications/_LUCID100_ADMIN/pdf_hunt/downloads/rank_034_10.1038_s41598-019-45960-z/candidate_1.pdf
LUCID-100	3813294	LUCID-replications/_LUCID100_ADMIN/pdf_hunt/downloads/rank_034_10.1038_s41598-019-45960-z/paper.pdf
LUCID-100	4584041	LUCID-replications/_LUCID100_ADMIN/pdf_hunt/downloads/rank_035_10.1038_s41598-019-54941-1/candidate_1.pdf
LUCID-100	4584041	LUCID-replications/_LUCID100_ADMIN/pdf_hunt/downloads/rank_035_10.1038_s41598-019-54941-1/paper.pdf
LUCID-100	461471	LUCID-replications/_LUCID100_ADMIN/pdf_hunt/downloads/rank_036_10.1016_j.envres.2020.109930/candidate_2.pdf
LUCID-100	3039022	LUCID-replications/_LUCID100_ADMIN/pdf_hunt/downloads/rank_037_10.1038_s41598-022-26976-4/candidate_1.pdf
LUCID-100	3039022	LUCID-replications/_LUCID100_ADMIN/pdf_hunt/downloads/rank_037_10.1038_s41598-022-26976-4/paper.pdf
LUCID-100	353382	LUCID-replications/_LUCID100_ADMIN/pdf_hunt/downloads/rank_038_10.1128_msystems.00718-22/candidate_1.pdf
LUCID-100	66013	LUCID-replications/_LUCID100_ADMIN/pdf_hunt/downloads/rank_038_10.1128_msystems.00718-22/candidate_3.pdf
LUCID-100	44629	LUCID-replications/_LUCID100_ADMIN/pdf_hunt/downloads/rank_038_10.1128_msystems.00718-22/retry_1.pdf
LUCID-100	44629	LUCID-replications/_LUCID100_ADMIN/pdf_hunt/downloads/rank_038_10.1128_msystems.00718-22/retry_2.pdf
LUCID-100	44629	LUCID-replications/_LUCID100_ADMIN/pdf_hunt/downloads/rank_038_10.1128_msystems.00718-22/retry_4.pdf
LUCID-100	44629	LUCID-replications/_LUCID100_ADMIN/pdf_hunt/downloads/rank_038_10.1128_msystems.00718-22/retry_6.pdf
LUCID-100	44629	LUCID-replications/_LUCID100_ADMIN/pdf_hunt/downloads/rank_038_10.1128_msystems.00718-22/retry_7.pdf
LUCID-100	66013	LUCID-replications/_LUCID100_ADMIN/pdf_hunt/downloads/rank_038_10.1128_msystems.00718-22/retry_9.pdf
LUCID-100	645590	LUCID-replications/_LUCID100_ADMIN/pdf_hunt/downloads/rank_039_10.1007_s00411-020-00854-x/candidate_1.pdf
LUCID-100	645590	LUCID-replications/_LUCID100_ADMIN/pdf_hunt/downloads/rank_039_10.1007_s00411-020-00854-x/paper.pdf
LUCID-100	3058878	LUCID-replications/_LUCID100_ADMIN/pdf_hunt/downloads/rank_040_10.1038_s41598-018-34159-3/candidate_1.pdf
LUCID-100	3058878	LUCID-replications/_LUCID100_ADMIN/pdf_hunt/downloads/rank_040_10.1038_s41598-018-34159-3/paper.pdf
LUCID-100	12573	LUCID-replications/_LUCID100_ADMIN/pdf_hunt/downloads/rank_042_10.3390_cancers14153793/candidate_2.pdf
LUCID-100	159135	LUCID-replications/_LUCID100_ADMIN/pdf_hunt/downloads/rank_042_10.3390_cancers14153793/candidate_3.pdf
LUCID-100	324090	LUCID-replications/_LUCID100_ADMIN/pdf_hunt/downloads/rank_042_10.3390_cancers14153793/candidate_5.pdf
LUCID-100	1640548	LUCID-replications/_LUCID100_ADMIN/pdf_hunt/downloads/rank_042_10.3390_cancers14153793/paper.pdf
LUCID-100	164682	LUCID-replications/_LUCID100_ADMIN/pdf_hunt/downloads/rank_042_10.3390_cancers14153793/retry_1.pdf
LUCID-100	1640548	LUCID-replications/_LUCID100_ADMIN/pdf_hunt/downloads/rank_042_10.3390_cancers14153793/retry_2.pdf
LUCID-100	7983088	LUCID-replications/_LUCID100_ADMIN/pdf_hunt/downloads/rank_043_10.3892_ijmm.2024.5380/candidate_1.pdf
LUCID-100	7983088	LUCID-replications/_LUCID100_ADMIN/pdf_hunt/downloads/rank_043_10.3892_ijmm.2024.5380/paper.pdf
LUCID-100	7496714	LUCID-replications/_LUCID100_ADMIN/pdf_hunt/downloads/rank_044_10.1038_s41392-025-02271-2/candidate_1.pdf
LUCID-100	7496714	LUCID-replications/_LUCID100_ADMIN/pdf_hunt/downloads/rank_044_10.1038_s41392-025-02271-2/paper.pdf
LUCID-100	311590	LUCID-replications/_LUCID100_ADMIN/pdf_hunt/downloads/rank_046_10.3390_ijms262411869/candidate_3.pdf
LUCID-100	311590	LUCID-replications/_LUCID100_ADMIN/pdf_hunt/downloads/rank_046_10.3390_ijms262411869/retry_4.pdf
LUCID-100	3553608	LUCID-replications/_LUCID100_ADMIN/pdf_hunt/downloads/rank_047_10.1667_rr15531.1/candidate_2.pdf
LUCID-100	3553608	LUCID-replications/_LUCID100_ADMIN/pdf_hunt/downloads/rank_047_10.1667_rr15531.1/paper.pdf
LUCID-100	62960	LUCID-replications/_LUCID100_ADMIN/pdf_hunt/downloads/rank_048_10.1177_15593258221105695/candidate_2.pdf
LUCID-100	216892	LUCID-replications/_LUCID100_ADMIN/pdf_hunt/downloads/rank_048_10.1177_15593258221105695/candidate_3.pdf
LUCID-100	62960	LUCID-replications/_LUCID100_ADMIN/pdf_hunt/downloads/rank_048_10.1177_15593258221105695/retry_3.pdf
LUCID-100	216892	LUCID-replications/_LUCID100_ADMIN/pdf_hunt/downloads/rank_048_10.1177_15593258221105695/retry_4.pdf
LUCID-100	59981	LUCID-replications/_LUCID100_ADMIN/pdf_hunt/downloads/rank_049_10.1002_cbin.11900/candidate_1.pdf
LUCID-100	228478	LUCID-replications/_LUCID100_ADMIN/pdf_hunt/downloads/rank_049_10.1002_cbin.11900/candidate_2.pdf
LUCID-100	20381	LUCID-replications/_LUCID100_ADMIN/pdf_hunt/downloads/rank_049_10.1002_cbin.11900/retry_8.pdf
LUCID-100	66779	LUCID-replications/_LUCID100_ADMIN/pdf_hunt/downloads/rank_050_10.3390_cimb45090465/candidate_3.pdf
LUCID-100	20448	LUCID-replications/_LUCID100_ADMIN/pdf_hunt/downloads/rank_050_10.3390_cimb45090465/retry_2.pdf
LUCID-100	66779	LUCID-replications/_LUCID100_ADMIN/pdf_hunt/downloads/rank_050_10.3390_cimb45090465/retry_3.pdf
LUCID-100	14371	LUCID-replications/_LUCID100_ADMIN/pdf_hunt/downloads/rank_053_10.1088_1742-6596_3109_1_012098/candidate_1.pdf
LUCID-100	14371	LUCID-replications/_LUCID100_ADMIN/pdf_hunt/downloads/rank_053_10.1088_1742-6596_3109_1_012098/retry_1.pdf
LUCID-100	168957	LUCID-replications/_LUCID100_ADMIN/pdf_hunt/downloads/rank_054_10.1667_rr2877.1/candidate_1.pdf
LUCID-100	168957	LUCID-replications/_LUCID100_ADMIN/pdf_hunt/downloads/rank_054_10.1667_rr2877.1/retry_2.pdf
LUCID-100	14371	LUCID-replications/_LUCID100_ADMIN/pdf_hunt/downloads/rank_056_10.1088_1361-6560_ae6d6d/candidate_1.pdf
LUCID-100	14371	LUCID-replications/_LUCID100_ADMIN/pdf_hunt/downloads/rank_056_10.1088_1361-6560_ae6d6d/retry_1.pdf
LUCID-100	253986	LUCID-replications/_LUCID100_ADMIN/pdf_hunt/downloads/rank_057_10.3390_genes17020191/candidate_2.pdf
LUCID-100	253986	LUCID-replications/_LUCID100_ADMIN/pdf_hunt/downloads/rank_057_10.3390_genes17020191/retry_4.pdf
LUCID-100	99331	LUCID-replications/_LUCID100_ADMIN/pdf_hunt/downloads/rank_060_10.1289_ehp.98106s1301/candidate_1.pdf
LUCID-100	93218	LUCID-replications/_LUCID100_ADMIN/pdf_hunt/downloads/rank_060_10.1289_ehp.98106s1301/retry_1.pdf
LUCID-100	91452	LUCID-replications/_LUCID100_ADMIN/pdf_hunt/downloads/rank_061_10.1098_rsif.2015.0679/candidate_2.pdf
LUCID-100	67835	LUCID-replications/_LUCID100_ADMIN/pdf_hunt/downloads/rank_061_10.1098_rsif.2015.0679/candidate_3.pdf
LUCID-100	181324	LUCID-replications/_LUCID100_ADMIN/pdf_hunt/downloads/rank_061_10.1098_rsif.2015.0679/candidate_4.pdf
LUCID-100	598506	LUCID-replications/_LUCID100_ADMIN/pdf_hunt/downloads/rank_061_10.1098_rsif.2015.0679/paper.pdf
LUCID-100	598506	LUCID-replications/_LUCID100_ADMIN/pdf_hunt/downloads/rank_061_10.1098_rsif.2015.0679/retry_2.pdf
LUCID-100	59981	LUCID-replications/_LUCID100_ADMIN/pdf_hunt/downloads/rank_063_10.1002_mp.16764/candidate_1.pdf
LUCID-100	68685	LUCID-replications/_LUCID100_ADMIN/pdf_hunt/downloads/rank_063_10.1002_mp.16764/candidate_2.pdf
LUCID-100	865818	LUCID-replications/_LUCID100_ADMIN/pdf_hunt/downloads/rank_063_10.1002_mp.16764/candidate_3.pdf
LUCID-100	865818	LUCID-replications/_LUCID100_ADMIN/pdf_hunt/downloads/rank_063_10.1002_mp.16764/paper.pdf
LUCID-100	2848991	LUCID-replications/_LUCID100_ADMIN/pdf_hunt/downloads/rank_064_10.1080_09553002.2023.2241897/candidate_1.pdf
LUCID-100	2848991	LUCID-replications/_LUCID100_ADMIN/pdf_hunt/downloads/rank_064_10.1080_09553002.2023.2241897/paper.pdf
LUCID-100	1925472	LUCID-replications/_LUCID100_ADMIN/pdf_hunt/downloads/rank_066_10.1038_s41598-021-91335-8/candidate_1.pdf
LUCID-100	1925472	LUCID-replications/_LUCID100_ADMIN/pdf_hunt/downloads/rank_066_10.1038_s41598-021-91335-8/paper.pdf
LUCID-100	374876	LUCID-replications/_LUCID100_ADMIN/pdf_hunt/downloads/rank_067_10.1140_epjd_e2019-90263-5/candidate_1.pdf
LUCID-100	9698814	LUCID-replications/_LUCID100_ADMIN/pdf_hunt/downloads/rank_067_10.1140_epjd_e2019-90263-5/candidate_2.pdf
LUCID-100	9698814	LUCID-replications/_LUCID100_ADMIN/pdf_hunt/downloads/rank_067_10.1140_epjd_e2019-90263-5/paper.pdf
LUCID-100	7941804	LUCID-replications/_LUCID100_WAVE1_LAUNCH_QA/lucid100-epigenetic-transcriptional-and-phenotypic-responses-in-daphnia-magna-expos/artifacts/thaulow2020_envres.pdf
LUCID-100	2888980	LUCID-replications/_LUCID100_WAVE1_LAUNCH_QA/lucid100-global-transcriptional-response-of-escherichia-coli-exposed-in-situ-to-dif/artifacts/msystems_00718_22.pdf
LUCID-100	938200	LUCID-replications/_LUCID100_WAVE1_LAUNCH_QA/lucid100-image-based-modeling-reveals-dynamic-redistribution-of-dna-damage-into-nuc/artifacts/paper.pdf
LUCID-100	3813294	LUCID-replications/_LUCID100_WAVE1_LAUNCH_QA/lucid100-intensity-modulated-radiation-fields-induce-protective-effects-and-reduce-/paper.pdf
LUCID-100	1667233	LUCID-replications/_LUCID100_WAVE1_LAUNCH_QA/lucid100-intensity-modulated-radiation-fields-induce-protective-effects-and-reduce-/supplement/41598_2019_45960_MOESM1_ESM.pdf
LUCID-100	3039022	LUCID-replications/_LUCID100_WAVE1_LAUNCH_QA/lucid100-investigating-the-effects-of-chronic-low-dose-radiation-exposure-in-the-li/artifacts/cameron2023_scirep.pdf
LUCID-100	3058878	LUCID-replications/_LUCID100_WAVE1_LAUNCH_QA/lucid100-modelling-of-cellular-survival-following-radiation-induced-dna-double-stra/artifacts/paper.pdf
LUCID-100	3428693	LUCID-replications/_LUCID100_WAVE1_LAUNCH_QA/lucid100-space-type-radiation-induces-multimodal-responses-in-the-mouse-gut-microbi/harvest/article.pdf
LUCID-100	15349341	LUCID-replications/_LUCID100_WAVE1_LAUNCH_QA/lucid100-space-type-radiation-induces-multimodal-responses-in-the-mouse-gut-microbi/supplements/40168_2017_325_MOESM4_ESM.pdf
LUCID-100	138919	LUCID-replications/_LUCID100_WAVE1_LAUNCH_QA/lucid100-stochastic-multicellular-modeling-of-x-ray-irradiation-dna-damage-inductio/supplementary_methods.pdf
LUCID-100	645590	LUCID-replications/_LUCID100_WAVE1_LAUNCH_QA/lucid100-the-iri-dice-hypothesis-ionizing-radiation-induced-dsbs-may-have-a-functio/artifacts/paper.pdf
LUCID-100	21360	LUCID-replications/_missing_data_hunt/cancers-13-02202-s001.pdf
LUCID-100	21353	LUCID-replications/_missing_data_hunt/ijms-23-11323-s001.pdf
LUCID-100	4279358	LUCID-replications/_missing_data_hunt/nhej_semantic_scholar.pdf
LUCID-100	2758529	LUCID-replications/lucid-actinium-lutetium-dose-effect/paper.pdf
LUCID-100	411996	LUCID-replications/lucid-autofoci-detection/repo/AutoFoci/Guidance_to_count_foci_using_AutoFoci.pdf
LUCID-100	276050	LUCID-replications/lucid-autofoci-detection/repo/ImageJ/Guidance_to_process_images_using_Cellect.pdf
LUCID-100	10168081	LUCID-replications/lucid-bnct-radioresistant-hcc/artifacts/paper.pdf
LUCID-100	4693885	LUCID-replications/lucid-brahme-radiobio-optimization-review/paper.pdf
LUCID-100	3728469	LUCID-replications/lucid-cu64-topas-nbio-lethal-damage/paper.pdf
LUCID-100	871606	LUCID-replications/lucid-ddr-interference-ion-beam-mechanistic-slot69/source/liew2019_ddr_hypoxia_photon.pdf
LUCID-100	1657235	LUCID-replications/lucid-ddr-interference-ion-beam-mechanistic-slot69/source/liew2020_hypoxia_direct_indirect.pdf
LUCID-100	2223356	LUCID-replications/lucid-ddr-interference-ion-beam-mechanistic-slot69/source/liew2022_universe_flash.pdf
LUCID-100	6404951	LUCID-replications/lucid-ddr-interference-ion-beam-mechanistic-slot69/source/liew2022_universe_repair.pdf
LUCID-100	4046287	LUCID-replications/lucid-ddr-interference-ion-beam-mechanistic-slot69/source/mein2019_universe_rbe.pdf
LUCID-100	1774881	LUCID-replications/lucid-ddr-interference-ion-beam-mechanistic-slot69/source/scholz2020_lemiv_part1.pdf
LUCID-100	6404951	LUCID-replications/lucid-dna-repair-kinetics-doserate-rbe/paper.pdf
LUCID-100	2092179	LUCID-replications/lucid-dsb-repair-history-review-triage/artifacts/paper.pdf
LUCID-100	1477610	LUCID-replications/lucid-franken-alpha-gamma-rbe/franken_2012.pdf
LUCID-100	2948462	LUCID-replications/lucid-friedland-stochastic-nhej-track-slot64/source/henthorn2018_nhej.pdf
LUCID-100	2447899	LUCID-replications/lucid-friedland-stochastic-nhej-track-slot64/source/kundrat2021_coupling.pdf
LUCID-100	874620	LUCID-replications/lucid-friedland-stochastic-nhej-track-slot64/source/li2014_nhej_complexity.pdf
LUCID-100	2320902	LUCID-replications/lucid-fukui-saga-lq-sldr-aldh/data/source-paper.pdf
LUCID-100	1393551	LUCID-replications/lucid-globle-photon-cell-killing/artifacts/paper.pdf
LUCID-100	3415983	LUCID-replications/lucid-grandt-fibroblast-rnaseq/data/AF2.pdf
LUCID-100	4037212	LUCID-replications/lucid-grandt-fibroblast-rnaseq/data/paper.pdf
LUCID-100	19876	LUCID-replications/lucid-grandt-fibroblast-rnaseq/figures/fig1_deg_counts.pdf
LUCID-100	270548	LUCID-replications/lucid-grandt-fibroblast-rnaseq/figures/fig2_volcano.pdf
LUCID-100	19415	LUCID-replications/lucid-grandt-fibroblast-rnaseq/figures/fig3_p53_enrichment.pdf
LUCID-100	388428	LUCID-replications/lucid-h2ax-phosphorylation-review-triage/source.pdf
LUCID-100	737445	LUCID-replications/lucid-hsgc-c5-repair-performance/data/paper.pdf
LUCID-100	5430722	LUCID-replications/lucid-lung-fibrosis-abm/artifacts/paper.pdf
LUCID-100	5430722	LUCID-replications/lucid-lung-fibrosis-abm/data/paper.pdf
LUCID-100	3628586	LUCID-replications/lucid-lung-fibrosis-abm/data/supplementary_nature/https_static-content.springer.com_esm_art_3A10.1038_2Fs43856-024-00442-w_MediaObjects_43856_2024_442_MOESM1_ESM.pdf
LUCID-100	869695	LUCID-replications/lucid-lung-fibrosis-abm/data/supplementary_nature/https_static-content.springer.com_esm_art_3A10.1038_2Fs43856-024-00442-w_MediaObjects_43856_2024_442_MOESM2_ESM.pdf
LUCID-100	118133	LUCID-replications/lucid-lung-fibrosis-abm/data/supplementary_nature/https_static-content.springer.com_esm_art_3A10.1038_2Fs43856-024-00442-w_MediaObjects_43856_2024_442_MOESM3_ESM.pdf
LUCID-100	1669010	LUCID-replications/lucid-lung-fibrosis-abm/data/supplementary_nature/https_static-content.springer.com_esm_art_3A10.1038_2Fs43856-024-00442-w_MediaObjects_43856_2024_442_MOESM9_ESM.pdf
LUCID-100	1730932	LUCID-replications/lucid-mariotti-split-dose-gamma-h2ax/data/paper.pdf
LUCID-100	788700	LUCID-replications/lucid-matsuya-nte-integrated/artifacts/MOESM1.pdf
LUCID-100	2226084	LUCID-replications/lucid-matsuya-nte-integrated/paper.pdf
LUCID-100	3058878	LUCID-replications/lucid-mcmahon-2016-medras-original/artifacts/paper.pdf
LUCID-100	1335397	LUCID-replications/lucid-mcmahon-2016-medras-original/artifacts/srep33290.pdf
LUCID-100	768472	LUCID-replications/lucid-mcmahon-2016-medras-original/artifacts/supplementary_methods.pdf
LUCID-100	773660	LUCID-replications/lucid-medras-mc/artifacts/pide_hunt/https_three.jsc.nasa.gov_articles_PIDE.pdf
LUCID-100	1975642	LUCID-replications/lucid-medras-mc/mcmahon_prise_2021.pdf
LUCID-100	1473618	LUCID-replications/lucid-nuclear-matrix-uv-repair-triage/source.pdf
LUCID-100	208246	LUCID-replications/lucid-p53-repair/artifacts/mdpi-supplement/extracted/ijms-1905291-supplementary.pdf
LUCID-100	448728	LUCID-replications/lucid-p53-repair/source-Hat2016-S1.pdf
LUCID-100	4334482	LUCID-replications/lucid-p53-repair/source-LUCID-paper.pdf
LUCID-100	12191635	LUCID-replications/lucid-pariset-53bp1-mouse-strains/data/paper.pdf
LUCID-100	1437363	LUCID-replications/lucid-partrac-analytical-formulas/artifacts/paper.pdf
LUCID-100	1832011	LUCID-replications/lucid-patra-polbeta-radiosensitivity/data/paper.pdf
LUCID-100	71359	LUCID-replications/lucid-patra-polbeta-radiosensitivity/data/suppl1.pdf
LUCID-100	287289	LUCID-replications/lucid-patra-polbeta-radiosensitivity/data/suppl2.pdf
LUCID-100	250358	LUCID-replications/lucid-patra-polbeta-radiosensitivity/data/suppl3.pdf
LUCID-100	31773	LUCID-replications/lucid-patra-polbeta-radiosensitivity/data/suppl4.pdf
LUCID-100	3245273	LUCID-replications/lucid-pyfoci-miscounting/artifacts/paper.pdf
LUCID-100	378192	LUCID-replications/lucid-sachs-systems-bio-radiation-cancer-slot65/artifacts/paper.pdf
LUCID-100	2060168	LUCID-replications/lucid-skin-inflammation-nfkb-cox2/source.pdf
LUCID-100	4397169	LUCID-replications/lucid-slow-fast-nhej/artifacts/mdpi-supplement/extracted/cancers-1190122-supplementary.pdf
LUCID-100	4279358	LUCID-replications/lucid-slow-fast-nhej/artifacts/nhej_semantic_scholar.pdf
LUCID-100	4279355	LUCID-replications/lucid-slow-fast-nhej/artifacts/paper.pdf
LUCID-100	1904416	LUCID-replications/lucid-spatiotemporal-early-dna-damage/source.pdf
LUCID-100	645590	LUCID-replications/lucid-staaf-mixed-beam-gamma-h2ax/artifacts/paper.pdf
LUCID-100	893902	LUCID-replications/lucid-staaf-mixed-beam-gamma-h2ax/staaf2012.pdf
LUCID-100	425667	LUCID-replications/lucid-stochastic-poisson-dna-damage/artifacts/paper.pdf
LUCID-100	578310	LUCID-replications/lucid-stochastic-rejoining/artifacts/paper.pdf
LUCID-100	1364436	LUCID-replications/lucid-turner-gamma-h2ax-biodosimetry/artifacts/paper.pdf
LUCID-100	11956	LUCID-replications/lucid-turner-gamma-h2ax-biodosimetry/data/Additional_file_1.pdf
LUCID-100	74085	LUCID-replications/lucid-turner-gamma-h2ax-biodosimetry/data/Additional_file_2.pdf
LUCID-100	143726	LUCID-replications/lucid-turner-gamma-h2ax-biodosimetry/data/Additional_file_3.pdf
LUCID-100	5044	LUCID-replications/lucid-turner-gamma-h2ax-biodosimetry/data/Additional_file_4.pdf
LUCID-100	5610	LUCID-replications/lucid-turner-gamma-h2ax-biodosimetry/data/Additional_file_5.pdf
LUCID-100	1364436	LUCID-replications/lucid-turner-gamma-h2ax-biodosimetry/paper.pdf
LUCID-100	1205633	LUCID-replications/lucid-ulyanenko-gammah2ax-patm-msc/source.pdf
LUCID-100	6404951	LUCID-replications/lucid-universe-repair-doserate-rbe/artifacts/paper.pdf
LUCID-100	3874329	LUCID-replications/lucid100-ac225-lu177-psma-topas-medras-rbe/artifacts/paper.pdf
LUCID-100	9170352	LUCID-replications/lucid100-adaptive-response-ddr-model/artifacts/paper.pdf
LUCID-100	703666	LUCID-replications/lucid100-belov-dsb-repair-pathways-slot66/artifacts/belov2015_inis_iaea.pdf
LUCID-100	703666	LUCID-replications/lucid100-biochemical-dsb-repair-g1-s/evidence/companion-papers/belov2015_inis_iaea_E19-2014-39.pdf
LUCID-100	3134803	LUCID-replications/lucid100-bnct-dna-damage-repair-model/refs/paper.pdf
LUCID-100	2848991	LUCID-replications/lucid100-candidate-biomarkers-persistent-transcriptional-response/artifacts/paper.pdf
LUCID-100	597681	LUCID-replications/lucid100-celegans-americium-ingestion-model/source/paper.pdf
LUCID-100	3058878	LUCID-replications/lucid100-cell-survival-dsb-model-2018/paper.pdf
LUCID-100	5556	LUCID-replications/lucid100-cho-low-dose-rate-dna-repair-deficient/artifacts/buglewicz_cas15972_carbon.pdf
LUCID-100	2150462	LUCID-replications/lucid100-cho-low-dose-rate-dna-repair-deficient/artifacts/buglewicz_cas15972_carbon_PMC.pdf
LUCID-100	2562295	LUCID-replications/lucid100-cho-low-dose-rate-dna-repair-deficient/artifacts/kato_2019_42600_carbon.pdf
LUCID-100	5220587	LUCID-replications/lucid100-chromosomal-aberration-timedep-model-2014/sources/dsb_repair_let_2025.pdf
LUCID-100	10982371	LUCID-replications/lucid100-chromosomal-aberration-timedep-model-2014/sources/geom_nucleus_intermingling_2022.pdf
LUCID-100	419257	LUCID-replications/lucid100-chromosomal-aberration-timedep-model-2014/sources/hematopoietic_translocations_2023.pdf
LUCID-100	1975642	LUCID-replications/lucid100-chromosomal-aberration-timedep-model-2014/sources/medras2021_oa.pdf
LUCID-100	6001636	LUCID-replications/lucid100-chromosomal-aberration-timedep-model-2014/sources/polymer_nucleus_2026.pdf
LUCID-100	215963	LUCID-replications/lucid100-corpuscular-doserate-dna-damage-senescence/artifacts/cimb-3305746-supplementary.pdf
LUCID-100	4029422	LUCID-replications/lucid100-corpuscular-doserate-dna-damage-senescence/artifacts/paper.pdf
LUCID-100	4029422	LUCID-replications/lucid100-corpuscular-doserate-dna-damage-senescence/artifacts/pmc_package/PMC11726848/cimb-46-00828.pdf
LUCID-100	938200	LUCID-replications/lucid100-costes-2007-nuclear-subdomain-dna-damage/paper/costes2007.pdf
LUCID-100	1500406	LUCID-replications/lucid100-deactivation-theory-proton-rbe/artifacts/external/guan_2015_srep09850.pdf
LUCID-100	9698814	LUCID-replications/lucid100-deactivation-theory-proton-rbe/artifacts/paper.pdf
LUCID-100	9698814	LUCID-replications/lucid100-deactivation-theory-proton-rbe/artifacts/paper_unpaywall_s2_acquired.pdf
LUCID-100	2668672	LUCID-replications/lucid100-deinococcus-comparative-genomics-strains/artifacts/paper.pdf
LUCID-100	2472457	LUCID-replications/lucid100-deinococcus-proteomics-irradiation/artifacts/paper.pdf
LUCID-100	1007751	LUCID-replications/lucid100-dnapk-adaptive-survival-responses/paper/main.pdf
LUCID-100	1780172	LUCID-replications/lucid100-doserate-cellcycle-adsc-2021/paper.pdf
LUCID-100	1393551	LUCID-replications/lucid100-dsb-clustering-photon-survival-2012/sources/herr2014_globle.pdf
LUCID-100	649193	LUCID-replications/lucid100-dsb-repair-theoretical-framework/artifacts/paper.pdf
LUCID-100	598506	LUCID-replications/lucid100-dsb-repair-theoretical-framework/artifacts/paper_unpaywall_s2_acquired.pdf
LUCID-100	7496714	LUCID-replications/lucid100-enpp1-atm-radioimmune-tnbc/artifacts/paper.pdf
LUCID-100	7496714	LUCID-replications/lucid100-enpp1-atm-radioimmune-tnbc/artifacts/paper_unpaywall_s2_acquired.pdf
LUCID-100	7702399	LUCID-replications/lucid100-enpp1-atm-radioimmune-tnbc/artifacts/supp_MOESM2_ESM.pdf
LUCID-100	2209036	LUCID-replications/lucid100-epicellcom-dsb-repair-kinetics/data/scott2011_epicellcom.pdf
LUCID-100	1305683	LUCID-replications/lucid100-fast-neutron-lymphocyte-dsbs-doserate/artifacts/paper.pdf
LUCID-100	4584041	LUCID-replications/lucid100-fast-neutron-lymphocyte-dsbs-doserate/artifacts/paper_unpaywall_s2_acquired.pdf
LUCID-100	1019348	LUCID-replications/lucid100-fractionated-lowdose-epigenetic-behavior/artifacts/europepmc_PMC5804539.pdf
LUCID-100	7909496	LUCID-replications/lucid100-highlet-pbmc-p53-inflammation/artifacts/fonc-11-768493.pdf
LUCID-100	3053662	LUCID-replications/lucid100-hr-shift-low-let-dna-repair/paper/paper_pmc.pdf
LUCID-100	720394	LUCID-replications/lucid100-industrial-workers-blood-dose-response/paper.pdf
LUCID-100	4362921	LUCID-replications/lucid100-ipsc-chondrocyte-ir-response-2018/paper.pdf
LUCID-100	645590	LUCID-replications/lucid100-iri-dice-hypothesis-2020/paper.pdf
LUCID-100	152887	LUCID-replications/lucid100-let-hyperradiosensitivity-high-let/data/study_and_dataset_description_v1.pdf
LUCID-100	148119	LUCID-replications/lucid100-let-hyperradiosensitivity-high-let/data/study_and_dataset_description_v2.pdf
LUCID-100	1475562	LUCID-replications/lucid100-let-ifnb-trex1/artifacts/paper.pdf
LUCID-100	2482910	LUCID-replications/lucid100-low-dose-ct-gene-expression-dna-integrity/artifacts/europepmc_PMC12732518.pdf
LUCID-100	5824533	LUCID-replications/lucid100-low-dose-rate-cognitive-impairment-rat-gamma/artifacts/paper.pdf
LUCID-100	1673367	LUCID-replications/lucid100-lowdose-fractionated-hnc-fibroblasts/artifacts/europepmc_PMC13027110.pdf
LUCID-100	4792840	LUCID-replications/lucid100-mgm-dna-damage-protons-helium/artifacts/mgm2023.pdf
LUCID-100	1716301	LUCID-replications/lucid100-mgm-dna-damage-protons-helium/artifacts/paper.pdf
LUCID-100	4126679	LUCID-replications/lucid100-multiscale-uhdr-survival-model/refs/arxiv-2412.16322.pdf
LUCID-100	13378	LUCID-replications/lucid100-multiscale-uhdr-survival-model/refs/arxiv-src/C280.pdf
LUCID-100	9257	LUCID-replications/lucid100-multiscale-uhdr-survival-model/refs/arxiv-src/HeOpt12abr4D8_no1_new.pdf
LUCID-100	13397	LUCID-replications/lucid100-multiscale-uhdr-survival-model/refs/arxiv-src/eAdrian2020D18_bp.pdf
LUCID-100	1410812	LUCID-replications/lucid100-neutron-rbe-pre-post-dna-repair/artifacts/paper.pdf
LUCID-100	1925472	LUCID-replications/lucid100-pprm-small-rna-deinococcus/artifacts/paper.pdf
LUCID-100	1925472	LUCID-replications/lucid100-pprm-small-rna-deinococcus/artifacts/paper_unpaywall_s2_acquired.pdf
LUCID-100	8145694	LUCID-replications/lucid100-pprm-small-rna-deinococcus/artifacts/supplement2.pdf
LUCID-100	5912648	LUCID-replications/lucid100-predictive-dna-damage-signaling-low-dose/artifacts/europepmc_PMC11093554.pdf
LUCID-100	7983088	LUCID-replications/lucid100-predictive-dna-damage-signaling-low-dose/artifacts/paper.pdf
LUCID-100	865818	LUCID-replications/lucid100-rbe-let-crispr-dna-repair-defects/artifacts/paper.pdf
LUCID-100	865818	LUCID-replications/lucid100-rbe-let-crispr-dna-repair-defects/artifacts/paper_birmingham_submitted.pdf
LUCID-100	4338340	LUCID-replications/lucid100-rprm-egfr-hsc-irradiation/source/cbin.11900.pdf
LUCID-100	540152	LUCID-replications/lucid100-rprm-egfr-hsc-irradiation/source/supplementary/CBIN-46-2158-s001.pdf
LUCID-100	1108651	LUCID-replications/lucid100-rprm-egfr-hsc-irradiation/source/supplementary/CBIN-46-2158-s003.pdf
LUCID-100	1853441	LUCID-replications/lucid100-rprm-egfr-hsc-irradiation/source/supplementary/CBIN-46-2158-s004.pdf
LUCID-100	599818	LUCID-replications/lucid100-rprm-egfr-hsc-irradiation/source/supplementary/CBIN-46-2158-s005.pdf
LUCID-100	608352	LUCID-replications/lucid100-rprm-egfr-hsc-irradiation/source/supplementary/CBIN-46-2158-s006.pdf
LUCID-100	29832075	LUCID-replications/lucid100-rt-dna-repair-tp53-apoptosis-model/artifacts/brahme2025_frontiers.pdf
LUCID-100	6996942	LUCID-replications/lucid100-senescent-fibroblasts-oxidative-stress-dna-repair-ldrate/data/fbl2811296.pdf
LUCID-100	251154	LUCID-replications/lucid100-senescent-fibroblasts-oxidative-stress-dna-repair-ldrate/data/supplement_attachment.pdf
LUCID-100	3917792	LUCID-replications/lucid100-snp-occupational-radiosensitivity/paper-landing.pdf
LUCID-100	3428693	LUCID-replications/lucid100-space-radiation-gut-microbiome-2017/paper.pdf
LUCID-100	2009150	LUCID-replications/lucid100-tardigrade-ir-dna-repair-upregulation/artifacts/paper.pdf
LUCID-100	2433760	LUCID-replications/lucid100-targeted-alpha-single-cell-monte-carlo-dna-damage/artifacts/paper.pdf
LUCID-100	3166458	LUCID-replications/lucid100-topas-medras-cellbycell/artifacts/paper.pdf
LUCID-100	3553608	LUCID-replications/lucid100-topas-proton-cellular-response/artifacts/paper.pdf
LUCID-100	3553609	LUCID-replications/lucid100-topas-proton-cellular-response/paper.pdf
LUCID-100	2013894	LUCID-replications/lucid100-uhdr-plasmid-dna-topas-nbio/artifacts/paper.pdf
LUCID-100	1640548	LUCID-replications/lucid100-zebrafish-brain-chronic-low-dose-transcriptomics/artifacts/paper.pdf
LUCID-100	3402668	LUCID-replications/lucid100-zebrafish-flash-uhdr-proton-electron-slot68/artifacts/flash_meta.pdf
LUCID-100	2039811	LUCID-replications/lucid100-zebrafish-flash-uhdr-proton-electron-slot68/artifacts/frontiers_phys_sobp_2023.pdf
LUCID-100	2014117	LUCID-replications/lucid100-zebrafish-flash-uhdr-proton-electron-slot68/artifacts/horst2024.pdf
LUCID-100	609395	LUCID-replications/slot61_mscs_yH2AX_pATM_lowdose_2024/artifacts/paper.pdf
OSTI-OTHER	762351	1379592-Mathematical-Foundations-of-the-GraphBLAS/1379592.pdf
OSTI-OTHER	643148	1412756-Chiral-Spin-Order-in-Kondo-Heisenberg-systems/1412756.pdf
OSTI-OTHER	19175	1412756-Chiral-Spin-Order-in-Kondo-Heisenberg-systems/replication/figures/fig1_energy_functional.pdf
OSTI-OTHER	16508	1412756-Chiral-Spin-Order-in-Kondo-Heisenberg-systems/replication/figures/fig2_alpha_vs_JH.pdf
OSTI-OTHER	18378	1412756-Chiral-Spin-Order-in-Kondo-Heisenberg-systems/replication/figures/fig3_sinalpha_vs_T.pdf
OSTI-OTHER	19221	1412756-Chiral-Spin-Order-in-Kondo-Heisenberg-systems/replication/figures/fig4_phase_diagram.pdf
OSTI-OTHER	19113	1412756-Chiral-Spin-Order-in-Kondo-Heisenberg-systems/replication/figures/fig5_chirality_vs_T.pdf
OSTI-OTHER	19032	1412756-Chiral-Spin-Order-in-Kondo-Heisenberg-systems/replication/figures/fig6_csl_dome.pdf
OSTI-OTHER	2043373	1427646-Deep-Learning-of-Atomically-Resolved-Scanning/1427646.pdf
OSTI-OTHER	887992	1461824-APPROXIMATING-PHOTO-Z-PDFS-FOR-LARGE-SURVEYS/1461824.pdf
OSTI-OTHER	3533580	1475143-FDTD-solving-1+1D-delay-PDE-in/1475143.pdf
OSTI-OTHER	1412339	1523841-Quantitative-relationship-between-polarization-differences-a/1523841.pdf
OSTI-OTHER	20185	1523841-Quantitative-relationship-between-polarization-differences-a/replication/figures/bands.pdf
OSTI-OTHER	27244	1523841-Quantitative-relationship-between-polarization-differences-a/replication/figures/fig1b_rice_mele.pdf
OSTI-OTHER	20841	1523841-Quantitative-relationship-between-polarization-differences-a/replication/figures/identity_check.pdf
OSTI-OTHER	22743	1523841-Quantitative-relationship-between-polarization-differences-a/results/repass/repass_2d.pdf
OSTI-OTHER	22779	1523841-Quantitative-relationship-between-polarization-differences-a/results/repass/repass_sigma_zzz.pdf
OSTI-OTHER	24711	1523841-Quantitative-relationship-between-polarization-differences-a/results/repass/repass_three_band_fig2.pdf
OSTI-OTHER	22444	1523841-Quantitative-relationship-between-polarization-differences-a/results/repass/repass_three_band_fig3a.pdf
OSTI-OTHER	23889	1559043-ignition-kernel-turbulent/replication-pelec/analysis/ensemble_3Dscatter.pdf
OSTI-OTHER	20121	1559043-ignition-kernel-turbulent/replication-pelec/analysis/ensemble_IP_curve.pdf
OSTI-OTHER	22576	1559043-ignition-kernel-turbulent/replication-pelec/analysis/ensemble_T1ms_perRun.pdf
OSTI-OTHER	67577	1559043-ignition-kernel-turbulent/replication-pelec/analysis/ensemble_Tmax_vs_t.pdf
OSTI-OTHER	22192	1559043-ignition-kernel-turbulent/replication-pelec/analysis/ensemble_slope_vs_phi.pdf
OSTI-OTHER	30289	1559043-ignition-kernel-turbulent/replication-pelec/analysis/fig_cooling.pdf
OSTI-OTHER	21978	1559043-ignition-kernel-turbulent/replication-pelec/analysis/fig_earlytime.pdf
OSTI-OTHER	20401	1559043-ignition-kernel-turbulent/replication-pelec/analysis/fig_propensity.pdf
OSTI-OTHER	23842	1559043-ignition-kernel-turbulent/replication-pelec/uicgpu_ensemble_v5/figures/ip_vs_phi.pdf
OSTI-OTHER	65141	1559043-ignition-kernel-turbulent/replication-pelec/uicgpu_ensemble_v5/figures/tmax_timeseries_phi_all.pdf
OSTI-OTHER	269129	1559043-ignition-kernel-turbulent/report/1559043_replication_report_v6.pdf
OSTI-OTHER	999531	1565592-Markov-state-models-from-short-non-equilibrium/1565592.pdf
OSTI-OTHER	1074538	1578031-Joint-emulation-of-Earth-System-Model/1578031.pdf
OSTI-OTHER	9652618	1606674-Common-Mode-Voltage-Reduction-of-Single-Phase/1606674.pdf
OSTI-OTHER	4915912	1609039-Deformation-behavior-of-annealed-Cu64Zr36-metallic/1609039.pdf
OSTI-OTHER	1388288	1624105-Clustering-huge-protein-sequence-sets-in/1624105.pdf
OSTI-OTHER	14982	1624105-Clustering-huge-protein-sequence-sets-in/replication/results/quality.pdf
OSTI-OTHER	19792	1624105-Clustering-huge-protein-sequence-sets-in/replication/results/scaling.pdf
OSTI-OTHER	520637	1842593-MOTION-TOMOGRAPHY-VIA-OCCUPATION-KERNELS/1842593.pdf
OSTI-OTHER	440876	1861801-NukeLM-Pre-Trained-and-Fine-Tuned-Language-Models/1861801.pdf
OSTI-OTHER	488139	1864334-Variational-Monte-Carlo-calculations-of-A/1864334.pdf
OSTI-OTHER	75468	1864334-Variational-Monte-Carlo-calculations-of-A/replication/report/figs/deuteron_convergence.pdf
OSTI-OTHER	20243	1864334-Variational-Monte-Carlo-calculations-of-A/replication/report/figs/deuteron_local_energy_hist.pdf
OSTI-OTHER	108819	1864334-Variational-Monte-Carlo-calculations-of-A/replication/report/figs/he4_convergence.pdf
OSTI-OTHER	21411	1864334-Variational-Monte-Carlo-calculations-of-A/replication/report/figs/he4_local_energy_hist.pdf
OSTI-OTHER	3291169	1868518-Graph-RL-Distribution-Restoration/paper.pdf
OSTI-OTHER	1630163	1981773-Effect-of-Single-Atom-Platinum-Pt/1981773.pdf
OSTI-OTHER	30053	1981773-Effect-of-Single-Atom-Platinum-Pt/replication/figures/absorption_edge.pdf
OSTI-OTHER	35719	1981773-Effect-of-Single-Atom-Platinum-Pt/replication/figures/dos_comparison.pdf
OSTI-OTHER	19373	1981773-Effect-of-Single-Atom-Platinum-Pt/replication/figures/dos_overlay.pdf
OSTI-OTHER	47670	1981773-Effect-of-Single-Atom-Platinum-Pt/replication/figures/facet_comparison.pdf
OSTI-OTHER	23132	1981773-Effect-of-Single-Atom-Platinum-Pt/replication/figures/pdos_comparison.pdf
OSTI-OTHER	29065	1981773-Effect-of-Single-Atom-Platinum-Pt/replication/figures/pdos_gap_zoom.pdf
OSTI-OTHER	49053	1981773-Effect-of-Single-Atom-Platinum-Pt/replication/figures/pdos_species.pdf
OSTI-OTHER	783949	1983793-Simple-coplanar-waveguide-resonator-mask-targeting/1983793.pdf
OSTI-OTHER	7710976	1984484-DRAS-Deep-Reinforcement-Learning-for-Cluster/1984484.pdf
OSTI-OTHER	2469847	1993311-Electronic-specific-heat-capacities-and-entropies/1993311.pdf
OSTI-OTHER	268667	1997354-Integer-Sequences-from-Configurations-in-the/1997354.pdf
OSTI-OTHER	268667	1997354-Integer-Sequences-from-Configurations-in-the/replication/docs/paper.pdf
OSTI-OTHER	2732183	2217719-SCALE-depletion-capabilities-for-molten-salt/2217719.pdf
OSTI-OTHER	6235364	2396968-Latent-Stochastic-Differential-Equations-for-Modeling/2396968.pdf
OSTI-OTHER	25928	2396968-Latent-Stochastic-Differential-Equations-for-Modeling/replication/v2_faithful/figures/calibration.pdf
OSTI-OTHER	435131	2396968-Latent-Stochastic-Differential-Equations-for-Modeling/replication/v2_faithful/figures/corner_example.pdf
OSTI-OTHER	16085	2396968-Latent-Stochastic-Differential-Equations-for-Modeling/replication/v2_faithful/figures/lc_calibration.pdf
OSTI-OTHER	14394	2396968-Latent-Stochastic-Differential-Equations-for-Modeling/replication/v2_faithful/figures/lc_coverage_hist.pdf
OSTI-OTHER	234301	2396968-Latent-Stochastic-Differential-Equations-for-Modeling/replication/v2_faithful/figures/lightcurve_example.pdf
OSTI-OTHER	13794	2396968-Latent-Stochastic-Differential-Equations-for-Modeling/replication/v2_faithful/figures/loss_mse.pdf
OSTI-OTHER	13459	2396968-Latent-Stochastic-Differential-Equations-for-Modeling/replication/v2_faithful/figures/loss_ngll.pdf
OSTI-OTHER	103426	2396968-Latent-Stochastic-Differential-Equations-for-Modeling/replication/v2_faithful/figures/predtrue_confusion.pdf
OSTI-OTHER	2105063	2396968-Latent-Stochastic-Differential-Equations-for-Modeling/replication/v2_faithful/figures/residual_corner.pdf
OSTI-OTHER	432041	2396968-Latent-Stochastic-Differential-Equations-for-Modeling/replication/v2_faithful/results/v2_run/Corner_plot_0.pdf
OSTI-OTHER	422048	2396968-Latent-Stochastic-Differential-Equations-for-Modeling/replication/v2_faithful/results/v2_run/Corner_plot_1.pdf
OSTI-OTHER	436164	2396968-Latent-Stochastic-Differential-Equations-for-Modeling/replication/v2_faithful/results/v2_run/Corner_plot_10.pdf
OSTI-OTHER	425901	2396968-Latent-Stochastic-Differential-Equations-for-Modeling/replication/v2_faithful/results/v2_run/Corner_plot_11.pdf
OSTI-OTHER	422064	2396968-Latent-Stochastic-Differential-Equations-for-Modeling/replication/v2_faithful/results/v2_run/Corner_plot_12.pdf
OSTI-OTHER	422292	2396968-Latent-Stochastic-Differential-Equations-for-Modeling/replication/v2_faithful/results/v2_run/Corner_plot_13.pdf
OSTI-OTHER	436299	2396968-Latent-Stochastic-Differential-Equations-for-Modeling/replication/v2_faithful/results/v2_run/Corner_plot_14.pdf
OSTI-OTHER	426375	2396968-Latent-Stochastic-Differential-Equations-for-Modeling/replication/v2_faithful/results/v2_run/Corner_plot_15.pdf
OSTI-OTHER	434757	2396968-Latent-Stochastic-Differential-Equations-for-Modeling/replication/v2_faithful/results/v2_run/Corner_plot_16.pdf
OSTI-OTHER	436179	2396968-Latent-Stochastic-Differential-Equations-for-Modeling/replication/v2_faithful/results/v2_run/Corner_plot_17.pdf
OSTI-OTHER	436713	2396968-Latent-Stochastic-Differential-Equations-for-Modeling/replication/v2_faithful/results/v2_run/Corner_plot_18.pdf
OSTI-OTHER	430267	2396968-Latent-Stochastic-Differential-Equations-for-Modeling/replication/v2_faithful/results/v2_run/Corner_plot_19.pdf
OSTI-OTHER	430444	2396968-Latent-Stochastic-Differential-Equations-for-Modeling/replication/v2_faithful/results/v2_run/Corner_plot_2.pdf
OSTI-OTHER	432225	2396968-Latent-Stochastic-Differential-Equations-for-Modeling/replication/v2_faithful/results/v2_run/Corner_plot_20.pdf
OSTI-OTHER	433742	2396968-Latent-Stochastic-Differential-Equations-for-Modeling/replication/v2_faithful/results/v2_run/Corner_plot_21.pdf
OSTI-OTHER	426573	2396968-Latent-Stochastic-Differential-Equations-for-Modeling/replication/v2_faithful/results/v2_run/Corner_plot_22.pdf
OSTI-OTHER	433106	2396968-Latent-Stochastic-Differential-Equations-for-Modeling/replication/v2_faithful/results/v2_run/Corner_plot_23.pdf
OSTI-OTHER	434130	2396968-Latent-Stochastic-Differential-Equations-for-Modeling/replication/v2_faithful/results/v2_run/Corner_plot_24.pdf
OSTI-OTHER	435131	2396968-Latent-Stochastic-Differential-Equations-for-Modeling/replication/v2_faithful/results/v2_run/Corner_plot_3.pdf
OSTI-OTHER	426701	2396968-Latent-Stochastic-Differential-Equations-for-Modeling/replication/v2_faithful/results/v2_run/Corner_plot_4.pdf
OSTI-OTHER	431705	2396968-Latent-Stochastic-Differential-Equations-for-Modeling/replication/v2_faithful/results/v2_run/Corner_plot_5.pdf
OSTI-OTHER	421566	2396968-Latent-Stochastic-Differential-Equations-for-Modeling/replication/v2_faithful/results/v2_run/Corner_plot_6.pdf
OSTI-OTHER	428728	2396968-Latent-Stochastic-Differential-Equations-for-Modeling/replication/v2_faithful/results/v2_run/Corner_plot_7.pdf
OSTI-OTHER	434794	2396968-Latent-Stochastic-Differential-Equations-for-Modeling/replication/v2_faithful/results/v2_run/Corner_plot_8.pdf
OSTI-OTHER	427214	2396968-Latent-Stochastic-Differential-Equations-for-Modeling/replication/v2_faithful/results/v2_run/Corner_plot_9.pdf
OSTI-OTHER	14394	2396968-Latent-Stochastic-Differential-Equations-for-Modeling/replication/v2_faithful/results/v2_run/LC_reconstruction_coverage_prob_hist_SDE.pdf
OSTI-OTHER	13794	2396968-Latent-Stochastic-Differential-Equations-for-Modeling/replication/v2_faithful/results/v2_run/MSE_vs_epoch.pdf
OSTI-OTHER	13459	2396968-Latent-Stochastic-Differential-Equations-for-Modeling/replication/v2_faithful/results/v2_run/NGLL_vs_epoch.pdf
OSTI-OTHER	574520	2396968-Latent-Stochastic-Differential-Equations-for-Modeling/replication/v2_faithful/results/v2_run/Residual_corner_plot_zoom_Falserange_1.0_truth_False.pdf
OSTI-OTHER	2101428	2396968-Latent-Stochastic-Differential-Equations-for-Modeling/replication/v2_faithful/results/v2_run/Residual_corner_plot_zoom_Falserange_1.0_truth_True.pdf
OSTI-OTHER	578263	2396968-Latent-Stochastic-Differential-Equations-for-Modeling/replication/v2_faithful/results/v2_run/Residual_corner_plot_zoom_Falserange_2.0_truth_False.pdf
OSTI-OTHER	2105063	2396968-Latent-Stochastic-Differential-Equations-for-Modeling/replication/v2_faithful/results/v2_run/Residual_corner_plot_zoom_Falserange_2.0_truth_True.pdf
OSTI-OTHER	577308	2396968-Latent-Stochastic-Differential-Equations-for-Modeling/replication/v2_faithful/results/v2_run/Residual_corner_plot_zoom_Truerange_1.0_truth_False.pdf
OSTI-OTHER	2101163	2396968-Latent-Stochastic-Differential-Equations-for-Modeling/replication/v2_faithful/results/v2_run/Residual_corner_plot_zoom_Truerange_1.0_truth_True.pdf
OSTI-OTHER	83709	2396968-Latent-Stochastic-Differential-Equations-for-Modeling/replication/v2_faithful/results/v2_run/confusion_matrix_together_15_bins.pdf
OSTI-OTHER	103426	2396968-Latent-Stochastic-Differential-Equations-for-Modeling/replication/v2_faithful/results/v2_run/confusion_matrix_together_20_bins.pdf
OSTI-OTHER	82362	2396968-Latent-Stochastic-Differential-Equations-for-Modeling/replication/v2_faithful/results/v2_run/confusion_matrix_together_mass_lim_8.0_15_bins.pdf
OSTI-OTHER	102512	2396968-Latent-Stochastic-Differential-Equations-for-Modeling/replication/v2_faithful/results/v2_run/confusion_matrix_together_mass_lim_8.0_20_bins.pdf
OSTI-OTHER	81365	2396968-Latent-Stochastic-Differential-Equations-for-Modeling/replication/v2_faithful/results/v2_run/confusion_matrix_together_mass_lim_8.5_15_bins.pdf
OSTI-OTHER	101642	2396968-Latent-Stochastic-Differential-Equations-for-Modeling/replication/v2_faithful/results/v2_run/confusion_matrix_together_mass_lim_8.5_20_bins.pdf
OSTI-OTHER	80741	2396968-Latent-Stochastic-Differential-Equations-for-Modeling/replication/v2_faithful/results/v2_run/confusion_matrix_together_mass_lim_9.0_15_bins.pdf
OSTI-OTHER	101259	2396968-Latent-Stochastic-Differential-Equations-for-Modeling/replication/v2_faithful/results/v2_run/confusion_matrix_together_mass_lim_9.0_20_bins.pdf
OSTI-OTHER	78854	2396968-Latent-Stochastic-Differential-Equations-for-Modeling/replication/v2_faithful/results/v2_run/confusion_matrix_together_mass_lim_9.5_15_bins.pdf
OSTI-OTHER	99200	2396968-Latent-Stochastic-Differential-Equations-for-Modeling/replication/v2_faithful/results/v2_run/confusion_matrix_together_mass_lim_9.5_20_bins.pdf
OSTI-OTHER	21508	2396968-Latent-Stochastic-Differential-Equations-for-Modeling/replication/v2_faithful/results/v2_run/coverage_probability_bar.pdf
OSTI-OTHER	23730	2396968-Latent-Stochastic-Differential-Equations-for-Modeling/replication/v2_faithful/results/v2_run/coverage_probability_graph.pdf
OSTI-OTHER	13420	2396968-Latent-Stochastic-Differential-Equations-for-Modeling/replication/v2_faithful/results/v2_run/coverage_probability_graph_just_recovery.pdf
OSTI-OTHER	24470	2396968-Latent-Stochastic-Differential-Equations-for-Modeling/replication/v2_faithful/results/v2_run/coverage_probability_graph_with_recovery.pdf
OSTI-OTHER	39527	2396968-Latent-Stochastic-Differential-Equations-for-Modeling/replication/v2_faithful/results/v2_run/diff_hist_together.pdf
OSTI-OTHER	12472	2396968-Latent-Stochastic-Differential-Equations-for-Modeling/replication/v2_faithful/results/v2_run/reconstructed_loss_vs_epoch.pdf
OSTI-OTHER	234301	2396968-Latent-Stochastic-Differential-Equations-for-Modeling/replication/v2_faithful/results/v2_run/recovery/context_points_and_truth_num_0_epoch_7.pdf
OSTI-OTHER	243367	2396968-Latent-Stochastic-Differential-Equations-for-Modeling/replication/v2_faithful/results/v2_run/recovery/context_points_and_truth_num_10_epoch_7.pdf
OSTI-OTHER	99838	2396968-Latent-Stochastic-Differential-Equations-for-Modeling/replication/v2_faithful/results/v2_run/recovery/context_points_and_truth_num_11_epoch_7.pdf
OSTI-OTHER	190706	2396968-Latent-Stochastic-Differential-Equations-for-Modeling/replication/v2_faithful/results/v2_run/recovery/context_points_and_truth_num_12_epoch_7.pdf
OSTI-OTHER	165036	2396968-Latent-Stochastic-Differential-Equations-for-Modeling/replication/v2_faithful/results/v2_run/recovery/context_points_and_truth_num_13_epoch_7.pdf
OSTI-OTHER	191235	2396968-Latent-Stochastic-Differential-Equations-for-Modeling/replication/v2_faithful/results/v2_run/recovery/context_points_and_truth_num_14_epoch_7.pdf
OSTI-OTHER	143444	2396968-Latent-Stochastic-Differential-Equations-for-Modeling/replication/v2_faithful/results/v2_run/recovery/context_points_and_truth_num_15_epoch_7.pdf
OSTI-OTHER	128062	2396968-Latent-Stochastic-Differential-Equations-for-Modeling/replication/v2_faithful/results/v2_run/recovery/context_points_and_truth_num_16_epoch_7.pdf
OSTI-OTHER	163917	2396968-Latent-Stochastic-Differential-Equations-for-Modeling/replication/v2_faithful/results/v2_run/recovery/context_points_and_truth_num_17_epoch_7.pdf
OSTI-OTHER	259588	2396968-Latent-Stochastic-Differential-Equations-for-Modeling/replication/v2_faithful/results/v2_run/recovery/context_points_and_truth_num_18_epoch_7.pdf
OSTI-OTHER	76755	2396968-Latent-Stochastic-Differential-Equations-for-Modeling/replication/v2_faithful/results/v2_run/recovery/context_points_and_truth_num_19_epoch_7.pdf
OSTI-OTHER	174503	2396968-Latent-Stochastic-Differential-Equations-for-Modeling/replication/v2_faithful/results/v2_run/recovery/context_points_and_truth_num_1_epoch_7.pdf
OSTI-OTHER	220359	2396968-Latent-Stochastic-Differential-Equations-for-Modeling/replication/v2_faithful/results/v2_run/recovery/context_points_and_truth_num_20_epoch_7.pdf
OSTI-OTHER	260321	2396968-Latent-Stochastic-Differential-Equations-for-Modeling/replication/v2_faithful/results/v2_run/recovery/context_points_and_truth_num_21_epoch_7.pdf
OSTI-OTHER	136263	2396968-Latent-Stochastic-Differential-Equations-for-Modeling/replication/v2_faithful/results/v2_run/recovery/context_points_and_truth_num_22_epoch_7.pdf
OSTI-OTHER	266439	2396968-Latent-Stochastic-Differential-Equations-for-Modeling/replication/v2_faithful/results/v2_run/recovery/context_points_and_truth_num_23_epoch_7.pdf
OSTI-OTHER	143135	2396968-Latent-Stochastic-Differential-Equations-for-Modeling/replication/v2_faithful/results/v2_run/recovery/context_points_and_truth_num_24_epoch_7.pdf
OSTI-OTHER	194423	2396968-Latent-Stochastic-Differential-Equations-for-Modeling/replication/v2_faithful/results/v2_run/recovery/context_points_and_truth_num_2_epoch_7.pdf
OSTI-OTHER	204781	2396968-Latent-Stochastic-Differential-Equations-for-Modeling/replication/v2_faithful/results/v2_run/recovery/context_points_and_truth_num_3_epoch_7.pdf
OSTI-OTHER	235273	2396968-Latent-Stochastic-Differential-Equations-for-Modeling/replication/v2_faithful/results/v2_run/recovery/context_points_and_truth_num_4_epoch_7.pdf
OSTI-OTHER	209000	2396968-Latent-Stochastic-Differential-Equations-for-Modeling/replication/v2_faithful/results/v2_run/recovery/context_points_and_truth_num_5_epoch_7.pdf
OSTI-OTHER	209201	2396968-Latent-Stochastic-Differential-Equations-for-Modeling/replication/v2_faithful/results/v2_run/recovery/context_points_and_truth_num_6_epoch_7.pdf
OSTI-OTHER	181584	2396968-Latent-Stochastic-Differential-Equations-for-Modeling/replication/v2_faithful/results/v2_run/recovery/context_points_and_truth_num_7_epoch_7.pdf
OSTI-OTHER	162550	2396968-Latent-Stochastic-Differential-Equations-for-Modeling/replication/v2_faithful/results/v2_run/recovery/context_points_and_truth_num_8_epoch_7.pdf
OSTI-OTHER	107962	2396968-Latent-Stochastic-Differential-Equations-for-Modeling/replication/v2_faithful/results/v2_run/recovery/context_points_and_truth_num_9_epoch_7.pdf
OSTI-OTHER	54113	2396968-Latent-Stochastic-Differential-Equations-for-Modeling/replication/v2_faithful/results/v2_run/recovery/context_points_only_num_0_epoch_7.pdf
OSTI-OTHER	58260	2396968-Latent-Stochastic-Differential-Equations-for-Modeling/replication/v2_faithful/results/v2_run/recovery/context_points_only_num_10_epoch_7.pdf
OSTI-OTHER	54408	2396968-Latent-Stochastic-Differential-Equations-for-Modeling/replication/v2_faithful/results/v2_run/recovery/context_points_only_num_11_epoch_7.pdf
OSTI-OTHER	55153	2396968-Latent-Stochastic-Differential-Equations-for-Modeling/replication/v2_faithful/results/v2_run/recovery/context_points_only_num_12_epoch_7.pdf
OSTI-OTHER	55793	2396968-Latent-Stochastic-Differential-Equations-for-Modeling/replication/v2_faithful/results/v2_run/recovery/context_points_only_num_13_epoch_7.pdf
OSTI-OTHER	52857	2396968-Latent-Stochastic-Differential-Equations-for-Modeling/replication/v2_faithful/results/v2_run/recovery/context_points_only_num_14_epoch_7.pdf
OSTI-OTHER	57147	2396968-Latent-Stochastic-Differential-Equations-for-Modeling/replication/v2_faithful/results/v2_run/recovery/context_points_only_num_15_epoch_7.pdf
OSTI-OTHER	57578	2396968-Latent-Stochastic-Differential-Equations-for-Modeling/replication/v2_faithful/results/v2_run/recovery/context_points_only_num_16_epoch_7.pdf
OSTI-OTHER	55322	2396968-Latent-Stochastic-Differential-Equations-for-Modeling/replication/v2_faithful/results/v2_run/recovery/context_points_only_num_17_epoch_7.pdf
OSTI-OTHER	57300	2396968-Latent-Stochastic-Differential-Equations-for-Modeling/replication/v2_faithful/results/v2_run/recovery/context_points_only_num_18_epoch_7.pdf
OSTI-OTHER	53780	2396968-Latent-Stochastic-Differential-Equations-for-Modeling/replication/v2_faithful/results/v2_run/recovery/context_points_only_num_19_epoch_7.pdf
OSTI-OTHER	57918	2396968-Latent-Stochastic-Differential-Equations-for-Modeling/replication/v2_faithful/results/v2_run/recovery/context_points_only_num_1_epoch_7.pdf
OSTI-OTHER	57015	2396968-Latent-Stochastic-Differential-Equations-for-Modeling/replication/v2_faithful/results/v2_run/recovery/context_points_only_num_20_epoch_7.pdf
OSTI-OTHER	57771	2396968-Latent-Stochastic-Differential-Equations-for-Modeling/replication/v2_faithful/results/v2_run/recovery/context_points_only_num_21_epoch_7.pdf
OSTI-OTHER	56222	2396968-Latent-Stochastic-Differential-Equations-for-Modeling/replication/v2_faithful/results/v2_run/recovery/context_points_only_num_22_epoch_7.pdf
OSTI-OTHER	59433	2396968-Latent-Stochastic-Differential-Equations-for-Modeling/replication/v2_faithful/results/v2_run/recovery/context_points_only_num_23_epoch_7.pdf
OSTI-OTHER	54849	2396968-Latent-Stochastic-Differential-Equations-for-Modeling/replication/v2_faithful/results/v2_run/recovery/context_points_only_num_24_epoch_7.pdf
OSTI-OTHER	57247	2396968-Latent-Stochastic-Differential-Equations-for-Modeling/replication/v2_faithful/results/v2_run/recovery/context_points_only_num_2_epoch_7.pdf
OSTI-OTHER	55285	2396968-Latent-Stochastic-Differential-Equations-for-Modeling/replication/v2_faithful/results/v2_run/recovery/context_points_only_num_3_epoch_7.pdf
OSTI-OTHER	56546	2396968-Latent-Stochastic-Differential-Equations-for-Modeling/replication/v2_faithful/results/v2_run/recovery/context_points_only_num_4_epoch_7.pdf
OSTI-OTHER	58632	2396968-Latent-Stochastic-Differential-Equations-for-Modeling/replication/v2_faithful/results/v2_run/recovery/context_points_only_num_5_epoch_7.pdf
OSTI-OTHER	52736	2396968-Latent-Stochastic-Differential-Equations-for-Modeling/replication/v2_faithful/results/v2_run/recovery/context_points_only_num_6_epoch_7.pdf
OSTI-OTHER	55101	2396968-Latent-Stochastic-Differential-Equations-for-Modeling/replication/v2_faithful/results/v2_run/recovery/context_points_only_num_7_epoch_7.pdf
OSTI-OTHER	57455	2396968-Latent-Stochastic-Differential-Equations-for-Modeling/replication/v2_faithful/results/v2_run/recovery/context_points_only_num_8_epoch_7.pdf
OSTI-OTHER	54898	2396968-Latent-Stochastic-Differential-Equations-for-Modeling/replication/v2_faithful/results/v2_run/recovery/context_points_only_num_9_epoch_7.pdf
OSTI-OTHER	165812	2396968-Latent-Stochastic-Differential-Equations-for-Modeling/replication/v2_faithful/results/v2_run/recovery/recovery_ACF_log_time_num_0_epoch_7.pdf
OSTI-OTHER	136941	2396968-Latent-Stochastic-Differential-Equations-for-Modeling/replication/v2_faithful/results/v2_run/recovery/recovery_ACF_log_time_num_10_epoch_7.pdf
OSTI-OTHER	39964	2396968-Latent-Stochastic-Differential-Equations-for-Modeling/replication/v2_faithful/results/v2_run/recovery/recovery_ACF_log_time_num_11_epoch_7.pdf
OSTI-OTHER	66075	2396968-Latent-Stochastic-Differential-Equations-for-Modeling/replication/v2_faithful/results/v2_run/recovery/recovery_ACF_log_time_num_12_epoch_7.pdf
OSTI-OTHER	45926	2396968-Latent-Stochastic-Differential-Equations-for-Modeling/replication/v2_faithful/results/v2_run/recovery/recovery_ACF_log_time_num_13_epoch_7.pdf
OSTI-OTHER	90198	2396968-Latent-Stochastic-Differential-Equations-for-Modeling/replication/v2_faithful/results/v2_run/recovery/recovery_ACF_log_time_num_14_epoch_7.pdf
OSTI-OTHER	166510	2396968-Latent-Stochastic-Differential-Equations-for-Modeling/replication/v2_faithful/results/v2_run/recovery/recovery_ACF_log_time_num_15_epoch_7.pdf
OSTI-OTHER	43596	2396968-Latent-Stochastic-Differential-Equations-for-Modeling/replication/v2_faithful/results/v2_run/recovery/recovery_ACF_log_time_num_16_epoch_7.pdf
OSTI-OTHER	132908	2396968-Latent-Stochastic-Differential-Equations-for-Modeling/replication/v2_faithful/results/v2_run/recovery/recovery_ACF_log_time_num_17_epoch_7.pdf
OSTI-OTHER	193288	2396968-Latent-Stochastic-Differential-Equations-for-Modeling/replication/v2_faithful/results/v2_run/recovery/recovery_ACF_log_time_num_18_epoch_7.pdf
OSTI-OTHER	43239	2396968-Latent-Stochastic-Differential-Equations-for-Modeling/replication/v2_faithful/results/v2_run/recovery/recovery_ACF_log_time_num_19_epoch_7.pdf
OSTI-OTHER	60815	2396968-Latent-Stochastic-Differential-Equations-for-Modeling/replication/v2_faithful/results/v2_run/recovery/recovery_ACF_log_time_num_1_epoch_7.pdf
OSTI-OTHER	87645	2396968-Latent-Stochastic-Differential-Equations-for-Modeling/replication/v2_faithful/results/v2_run/recovery/recovery_ACF_log_time_num_20_epoch_7.pdf
OSTI-OTHER	189646	2396968-Latent-Stochastic-Differential-Equations-for-Modeling/replication/v2_faithful/results/v2_run/recovery/recovery_ACF_log_time_num_21_epoch_7.pdf
OSTI-OTHER	149905	2396968-Latent-Stochastic-Differential-Equations-for-Modeling/replication/v2_faithful/results/v2_run/recovery/recovery_ACF_log_time_num_22_epoch_7.pdf
OSTI-OTHER	185974	2396968-Latent-Stochastic-Differential-Equations-for-Modeling/replication/v2_faithful/results/v2_run/recovery/recovery_ACF_log_time_num_23_epoch_7.pdf
OSTI-OTHER	94304	2396968-Latent-Stochastic-Differential-Equations-for-Modeling/replication/v2_faithful/results/v2_run/recovery/recovery_ACF_log_time_num_24_epoch_7.pdf
OSTI-OTHER	90999	2396968-Latent-Stochastic-Differential-Equations-for-Modeling/replication/v2_faithful/results/v2_run/recovery/recovery_ACF_log_time_num_2_epoch_7.pdf
OSTI-OTHER	143242	2396968-Latent-Stochastic-Differential-Equations-for-Modeling/replication/v2_faithful/results/v2_run/recovery/recovery_ACF_log_time_num_3_epoch_7.pdf
OSTI-OTHER	190955	2396968-Latent-Stochastic-Differential-Equations-for-Modeling/replication/v2_faithful/results/v2_run/recovery/recovery_ACF_log_time_num_4_epoch_7.pdf
OSTI-OTHER	82385	2396968-Latent-Stochastic-Differential-Equations-for-Modeling/replication/v2_faithful/results/v2_run/recovery/recovery_ACF_log_time_num_5_epoch_7.pdf
OSTI-OTHER	58138	2396968-Latent-Stochastic-Differential-Equations-for-Modeling/replication/v2_faithful/results/v2_run/recovery/recovery_ACF_log_time_num_6_epoch_7.pdf
OSTI-OTHER	236270	2396968-Latent-Stochastic-Differential-Equations-for-Modeling/replication/v2_faithful/results/v2_run/recovery/recovery_ACF_log_time_num_7_epoch_7.pdf
OSTI-OTHER	78156	2396968-Latent-Stochastic-Differential-Equations-for-Modeling/replication/v2_faithful/results/v2_run/recovery/recovery_ACF_log_time_num_8_epoch_7.pdf
OSTI-OTHER	109743	2396968-Latent-Stochastic-Differential-Equations-for-Modeling/replication/v2_faithful/results/v2_run/recovery/recovery_ACF_log_time_num_9_epoch_7.pdf
OSTI-OTHER	221104	2396968-Latent-Stochastic-Differential-Equations-for-Modeling/replication/v2_faithful/results/v2_run/recovery/recovery_ACF_num_0_epoch_7.pdf
OSTI-OTHER	174232	2396968-Latent-Stochastic-Differential-Equations-for-Modeling/replication/v2_faithful/results/v2_run/recovery/recovery_ACF_num_10_epoch_7.pdf
OSTI-OTHER	48909	2396968-Latent-Stochastic-Differential-Equations-for-Modeling/replication/v2_faithful/results/v2_run/recovery/recovery_ACF_num_11_epoch_7.pdf
OSTI-OTHER	84142	2396968-Latent-Stochastic-Differential-Equations-for-Modeling/replication/v2_faithful/results/v2_run/recovery/recovery_ACF_num_12_epoch_7.pdf
OSTI-OTHER	58085	2396968-Latent-Stochastic-Differential-Equations-for-Modeling/replication/v2_faithful/results/v2_run/recovery/recovery_ACF_num_13_epoch_7.pdf
OSTI-OTHER	117139	2396968-Latent-Stochastic-Differential-Equations-for-Modeling/replication/v2_faithful/results/v2_run/recovery/recovery_ACF_num_14_epoch_7.pdf
OSTI-OTHER	211373	2396968-Latent-Stochastic-Differential-Equations-for-Modeling/replication/v2_faithful/results/v2_run/recovery/recovery_ACF_num_15_epoch_7.pdf
OSTI-OTHER	54892	2396968-Latent-Stochastic-Differential-Equations-for-Modeling/replication/v2_faithful/results/v2_run/recovery/recovery_ACF_num_16_epoch_7.pdf
OSTI-OTHER	184196	2396968-Latent-Stochastic-Differential-Equations-for-Modeling/replication/v2_faithful/results/v2_run/recovery/recovery_ACF_num_17_epoch_7.pdf
OSTI-OTHER	241724	2396968-Latent-Stochastic-Differential-Equations-for-Modeling/replication/v2_faithful/results/v2_run/recovery/recovery_ACF_num_18_epoch_7.pdf
OSTI-OTHER	54967	2396968-Latent-Stochastic-Differential-Equations-for-Modeling/replication/v2_faithful/results/v2_run/recovery/recovery_ACF_num_19_epoch_7.pdf
OSTI-OTHER	76880	2396968-Latent-Stochastic-Differential-Equations-for-Modeling/replication/v2_faithful/results/v2_run/recovery/recovery_ACF_num_1_epoch_7.pdf
OSTI-OTHER	115825	2396968-Latent-Stochastic-Differential-Equations-for-Modeling/replication/v2_faithful/results/v2_run/recovery/recovery_ACF_num_20_epoch_7.pdf
OSTI-OTHER	235430	2396968-Latent-Stochastic-Differential-Equations-for-Modeling/replication/v2_faithful/results/v2_run/recovery/recovery_ACF_num_21_epoch_7.pdf
OSTI-OTHER	194860	2396968-Latent-Stochastic-Differential-Equations-for-Modeling/replication/v2_faithful/results/v2_run/recovery/recovery_ACF_num_22_epoch_7.pdf
OSTI-OTHER	232412	2396968-Latent-Stochastic-Differential-Equations-for-Modeling/replication/v2_faithful/results/v2_run/recovery/recovery_ACF_num_23_epoch_7.pdf
OSTI-OTHER	121831	2396968-Latent-Stochastic-Differential-Equations-for-Modeling/replication/v2_faithful/results/v2_run/recovery/recovery_ACF_num_24_epoch_7.pdf
OSTI-OTHER	115894	2396968-Latent-Stochastic-Differential-Equations-for-Modeling/replication/v2_faithful/results/v2_run/recovery/recovery_ACF_num_2_epoch_7.pdf
OSTI-OTHER	174487	2396968-Latent-Stochastic-Differential-Equations-for-Modeling/replication/v2_faithful/results/v2_run/recovery/recovery_ACF_num_3_epoch_7.pdf
OSTI-OTHER	236187	2396968-Latent-Stochastic-Differential-Equations-for-Modeling/replication/v2_faithful/results/v2_run/recovery/recovery_ACF_num_4_epoch_7.pdf
OSTI-OTHER	112402	2396968-Latent-Stochastic-Differential-Equations-for-Modeling/replication/v2_faithful/results/v2_run/recovery/recovery_ACF_num_5_epoch_7.pdf
OSTI-OTHER	73553	2396968-Latent-Stochastic-Differential-Equations-for-Modeling/replication/v2_faithful/results/v2_run/recovery/recovery_ACF_num_6_epoch_7.pdf
OSTI-OTHER	297401	2396968-Latent-Stochastic-Differential-Equations-for-Modeling/replication/v2_faithful/results/v2_run/recovery/recovery_ACF_num_7_epoch_7.pdf
OSTI-OTHER	103374	2396968-Latent-Stochastic-Differential-Equations-for-Modeling/replication/v2_faithful/results/v2_run/recovery/recovery_ACF_num_8_epoch_7.pdf
OSTI-OTHER	146542	2396968-Latent-Stochastic-Differential-Equations-for-Modeling/replication/v2_faithful/results/v2_run/recovery/recovery_ACF_num_9_epoch_7.pdf
OSTI-OTHER	155851	2396968-Latent-Stochastic-Differential-Equations-for-Modeling/replication/v2_faithful/results/v2_run/recovery/recovery_SF_num_0_epoch_7.pdf
OSTI-OTHER	130722	2396968-Latent-Stochastic-Differential-Equations-for-Modeling/replication/v2_faithful/results/v2_run/recovery/recovery_SF_num_10_epoch_7.pdf
OSTI-OTHER	38779	2396968-Latent-Stochastic-Differential-Equations-for-Modeling/replication/v2_faithful/results/v2_run/recovery/recovery_SF_num_11_epoch_7.pdf
OSTI-OTHER	61683	2396968-Latent-Stochastic-Differential-Equations-for-Modeling/replication/v2_faithful/results/v2_run/recovery/recovery_SF_num_12_epoch_7.pdf
OSTI-OTHER	44104	2396968-Latent-Stochastic-Differential-Equations-for-Modeling/replication/v2_faithful/results/v2_run/recovery/recovery_SF_num_13_epoch_7.pdf
OSTI-OTHER	83106	2396968-Latent-Stochastic-Differential-Equations-for-Modeling/replication/v2_faithful/results/v2_run/recovery/recovery_SF_num_14_epoch_7.pdf
OSTI-OTHER	156635	2396968-Latent-Stochastic-Differential-Equations-for-Modeling/replication/v2_faithful/results/v2_run/recovery/recovery_SF_num_15_epoch_7.pdf
OSTI-OTHER	42862	2396968-Latent-Stochastic-Differential-Equations-for-Modeling/replication/v2_faithful/results/v2_run/recovery/recovery_SF_num_16_epoch_7.pdf
OSTI-OTHER	122593	2396968-Latent-Stochastic-Differential-Equations-for-Modeling/replication/v2_faithful/results/v2_run/recovery/recovery_SF_num_17_epoch_7.pdf
OSTI-OTHER	188511	2396968-Latent-Stochastic-Differential-Equations-for-Modeling/replication/v2_faithful/results/v2_run/recovery/recovery_SF_num_18_epoch_7.pdf
OSTI-OTHER	41535	2396968-Latent-Stochastic-Differential-Equations-for-Modeling/replication/v2_faithful/results/v2_run/recovery/recovery_SF_num_19_epoch_7.pdf
OSTI-OTHER	57287	2396968-Latent-Stochastic-Differential-Equations-for-Modeling/replication/v2_faithful/results/v2_run/recovery/recovery_SF_num_1_epoch_7.pdf
OSTI-OTHER	81095	2396968-Latent-Stochastic-Differential-Equations-for-Modeling/replication/v2_faithful/results/v2_run/recovery/recovery_SF_num_20_epoch_7.pdf
OSTI-OTHER	184039	2396968-Latent-Stochastic-Differential-Equations-for-Modeling/replication/v2_faithful/results/v2_run/recovery/recovery_SF_num_21_epoch_7.pdf
OSTI-OTHER	138957	2396968-Latent-Stochastic-Differential-Equations-for-Modeling/replication/v2_faithful/results/v2_run/recovery/recovery_SF_num_22_epoch_7.pdf
OSTI-OTHER	181175	2396968-Latent-Stochastic-Differential-Equations-for-Modeling/replication/v2_faithful/results/v2_run/recovery/recovery_SF_num_23_epoch_7.pdf
OSTI-OTHER	87623	2396968-Latent-Stochastic-Differential-Equations-for-Modeling/replication/v2_faithful/results/v2_run/recovery/recovery_SF_num_24_epoch_7.pdf
OSTI-OTHER	83229	2396968-Latent-Stochastic-Differential-Equations-for-Modeling/replication/v2_faithful/results/v2_run/recovery/recovery_SF_num_2_epoch_7.pdf
OSTI-OTHER	137776	2396968-Latent-Stochastic-Differential-Equations-for-Modeling/replication/v2_faithful/results/v2_run/recovery/recovery_SF_num_3_epoch_7.pdf
OSTI-OTHER	180671	2396968-Latent-Stochastic-Differential-Equations-for-Modeling/replication/v2_faithful/results/v2_run/recovery/recovery_SF_num_4_epoch_7.pdf
OSTI-OTHER	76521	2396968-Latent-Stochastic-Differential-Equations-for-Modeling/replication/v2_faithful/results/v2_run/recovery/recovery_SF_num_5_epoch_7.pdf
OSTI-OTHER	54627	2396968-Latent-Stochastic-Differential-Equations-for-Modeling/replication/v2_faithful/results/v2_run/recovery/recovery_SF_num_6_epoch_7.pdf
OSTI-OTHER	225965	2396968-Latent-Stochastic-Differential-Equations-for-Modeling/replication/v2_faithful/results/v2_run/recovery/recovery_SF_num_7_epoch_7.pdf
OSTI-OTHER	73777	2396968-Latent-Stochastic-Differential-Equations-for-Modeling/replication/v2_faithful/results/v2_run/recovery/recovery_SF_num_8_epoch_7.pdf
OSTI-OTHER	100241	2396968-Latent-Stochastic-Differential-Equations-for-Modeling/replication/v2_faithful/results/v2_run/recovery/recovery_SF_num_9_epoch_7.pdf
OSTI-OTHER	40464	2396968-Latent-Stochastic-Differential-Equations-for-Modeling/replication/v2_faithful/results/v2_run/recovery/recovery_SF_over_DRW_num_0_epoch_7.pdf
OSTI-OTHER	23469	2396968-Latent-Stochastic-Differential-Equations-for-Modeling/replication/v2_faithful/results/v2_run/recovery/recovery_SF_over_DRW_num_10_epoch_7.pdf
OSTI-OTHER	40532	2396968-Latent-Stochastic-Differential-Equations-for-Modeling/replication/v2_faithful/results/v2_run/recovery/recovery_SF_over_DRW_num_11_epoch_7.pdf
OSTI-OTHER	65587	2396968-Latent-Stochastic-Differential-Equations-for-Modeling/replication/v2_faithful/results/v2_run/recovery/recovery_SF_over_DRW_num_12_epoch_7.pdf
OSTI-OTHER	46661	2396968-Latent-Stochastic-Differential-Equations-for-Modeling/replication/v2_faithful/results/v2_run/recovery/recovery_SF_over_DRW_num_13_epoch_7.pdf
OSTI-OTHER	86901	2396968-Latent-Stochastic-Differential-Equations-for-Modeling/replication/v2_faithful/results/v2_run/recovery/recovery_SF_over_DRW_num_14_epoch_7.pdf
OSTI-OTHER	25785	2396968-Latent-Stochastic-Differential-Equations-for-Modeling/replication/v2_faithful/results/v2_run/recovery/recovery_SF_over_DRW_num_15_epoch_7.pdf
OSTI-OTHER	44822	2396968-Latent-Stochastic-Differential-Equations-for-Modeling/replication/v2_faithful/results/v2_run/recovery/recovery_SF_over_DRW_num_16_epoch_7.pdf
OSTI-OTHER	42996	2396968-Latent-Stochastic-Differential-Equations-for-Modeling/replication/v2_faithful/results/v2_run/recovery/recovery_SF_over_DRW_num_17_epoch_7.pdf
OSTI-OTHER	21129	2396968-Latent-Stochastic-Differential-Equations-for-Modeling/replication/v2_faithful/results/v2_run/recovery/recovery_SF_over_DRW_num_18_epoch_7.pdf
OSTI-OTHER	44314	2396968-Latent-Stochastic-Differential-Equations-for-Modeling/replication/v2_faithful/results/v2_run/recovery/recovery_SF_over_DRW_num_19_epoch_7.pdf
OSTI-OTHER	60020	2396968-Latent-Stochastic-Differential-Equations-for-Modeling/replication/v2_faithful/results/v2_run/recovery/recovery_SF_over_DRW_num_1_epoch_7.pdf
OSTI-OTHER	84804	2396968-Latent-Stochastic-Differential-Equations-for-Modeling/replication/v2_faithful/results/v2_run/recovery/recovery_SF_over_DRW_num_20_epoch_7.pdf
OSTI-OTHER	23962	2396968-Latent-Stochastic-Differential-Equations-for-Modeling/replication/v2_faithful/results/v2_run/recovery/recovery_SF_over_DRW_num_21_epoch_7.pdf
OSTI-OTHER	144995	2396968-Latent-Stochastic-Differential-Equations-for-Modeling/replication/v2_faithful/results/v2_run/recovery/recovery_SF_over_DRW_num_22_epoch_7.pdf
OSTI-OTHER	22547	2396968-Latent-Stochastic-Differential-Equations-for-Modeling/replication/v2_faithful/results/v2_run/recovery/recovery_SF_over_DRW_num_23_epoch_7.pdf
OSTI-OTHER	70076	2396968-Latent-Stochastic-Differential-Equations-for-Modeling/replication/v2_faithful/results/v2_run/recovery/recovery_SF_over_DRW_num_24_epoch_7.pdf
OSTI-OTHER	20402	2396968-Latent-Stochastic-Differential-Equations-for-Modeling/replication/v2_faithful/results/v2_run/recovery/recovery_SF_over_DRW_num_2_epoch_7.pdf
OSTI-OTHER	21471	2396968-Latent-Stochastic-Differential-Equations-for-Modeling/replication/v2_faithful/results/v2_run/recovery/recovery_SF_over_DRW_num_3_epoch_7.pdf
OSTI-OTHER	27780	2396968-Latent-Stochastic-Differential-Equations-for-Modeling/replication/v2_faithful/results/v2_run/recovery/recovery_SF_over_DRW_num_4_epoch_7.pdf
OSTI-OTHER	80421	2396968-Latent-Stochastic-Differential-Equations-for-Modeling/replication/v2_faithful/results/v2_run/recovery/recovery_SF_over_DRW_num_5_epoch_7.pdf
OSTI-OTHER	58296	2396968-Latent-Stochastic-Differential-Equations-for-Modeling/replication/v2_faithful/results/v2_run/recovery/recovery_SF_over_DRW_num_6_epoch_7.pdf
OSTI-OTHER	41798	2396968-Latent-Stochastic-Differential-Equations-for-Modeling/replication/v2_faithful/results/v2_run/recovery/recovery_SF_over_DRW_num_7_epoch_7.pdf
OSTI-OTHER	49743	2396968-Latent-Stochastic-Differential-Equations-for-Modeling/replication/v2_faithful/results/v2_run/recovery/recovery_SF_over_DRW_num_8_epoch_7.pdf
OSTI-OTHER	66592	2396968-Latent-Stochastic-Differential-Equations-for-Modeling/replication/v2_faithful/results/v2_run/recovery/recovery_SF_over_DRW_num_9_epoch_7.pdf
OSTI-OTHER	1544768	2396968-Latent-Stochastic-Differential-Equations-for-Modeling/replication/v2_faithful/results/v2_run/recovery/recovery_bands_sep_num_0_epoch_7.pdf
OSTI-OTHER	1663326	2396968-Latent-Stochastic-Differential-Equations-for-Modeling/replication/v2_faithful/results/v2_run/recovery/recovery_bands_sep_num_10_epoch_7.pdf
OSTI-OTHER	1509521	2396968-Latent-Stochastic-Differential-Equations-for-Modeling/replication/v2_faithful/results/v2_run/recovery/recovery_bands_sep_num_11_epoch_7.pdf
OSTI-OTHER	1566621	2396968-Latent-Stochastic-Differential-Equations-for-Modeling/replication/v2_faithful/results/v2_run/recovery/recovery_bands_sep_num_12_epoch_7.pdf
OSTI-OTHER	1595696	2396968-Latent-Stochastic-Differential-Equations-for-Modeling/replication/v2_faithful/results/v2_run/recovery/recovery_bands_sep_num_13_epoch_7.pdf
OSTI-OTHER	1577557	2396968-Latent-Stochastic-Differential-Equations-for-Modeling/replication/v2_faithful/results/v2_run/recovery/recovery_bands_sep_num_14_epoch_7.pdf
OSTI-OTHER	1425381	2396968-Latent-Stochastic-Differential-Equations-for-Modeling/replication/v2_faithful/results/v2_run/recovery/recovery_bands_sep_num_15_epoch_7.pdf
OSTI-OTHER	1488459	2396968-Latent-Stochastic-Differential-Equations-for-Modeling/replication/v2_faithful/results/v2_run/recovery/recovery_bands_sep_num_16_epoch_7.pdf
OSTI-OTHER	1495282	2396968-Latent-Stochastic-Differential-Equations-for-Modeling/replication/v2_faithful/results/v2_run/recovery/recovery_bands_sep_num_17_epoch_7.pdf
OSTI-OTHER	1611064	2396968-Latent-Stochastic-Differential-Equations-for-Modeling/replication/v2_faithful/results/v2_run/recovery/recovery_bands_sep_num_18_epoch_7.pdf
OSTI-OTHER	1450551	2396968-Latent-Stochastic-Differential-Equations-for-Modeling/replication/v2_faithful/results/v2_run/recovery/recovery_bands_sep_num_19_epoch_7.pdf
OSTI-OTHER	1548952	2396968-Latent-Stochastic-Differential-Equations-for-Modeling/replication/v2_faithful/results/v2_run/recovery/recovery_bands_sep_num_1_epoch_7.pdf
OSTI-OTHER	1636956	2396968-Latent-Stochastic-Differential-Equations-for-Modeling/replication/v2_faithful/results/v2_run/recovery/recovery_bands_sep_num_20_epoch_7.pdf
OSTI-OTHER	1625977	2396968-Latent-Stochastic-Differential-Equations-for-Modeling/replication/v2_faithful/results/v2_run/recovery/recovery_bands_sep_num_21_epoch_7.pdf
OSTI-OTHER	1466040	2396968-Latent-Stochastic-Differential-Equations-for-Modeling/replication/v2_faithful/results/v2_run/recovery/recovery_bands_sep_num_22_epoch_7.pdf
OSTI-OTHER	1657975	2396968-Latent-Stochastic-Differential-Equations-for-Modeling/replication/v2_faithful/results/v2_run/recovery/recovery_bands_sep_num_23_epoch_7.pdf
OSTI-OTHER	1504146	2396968-Latent-Stochastic-Differential-Equations-for-Modeling/replication/v2_faithful/results/v2_run/recovery/recovery_bands_sep_num_24_epoch_7.pdf
OSTI-OTHER	1534124	2396968-Latent-Stochastic-Differential-Equations-for-Modeling/replication/v2_faithful/results/v2_run/recovery/recovery_bands_sep_num_2_epoch_7.pdf
OSTI-OTHER	1571790	2396968-Latent-Stochastic-Differential-Equations-for-Modeling/replication/v2_faithful/results/v2_run/recovery/recovery_bands_sep_num_3_epoch_7.pdf
OSTI-OTHER	1526672	2396968-Latent-Stochastic-Differential-Equations-for-Modeling/replication/v2_faithful/results/v2_run/recovery/recovery_bands_sep_num_4_epoch_7.pdf
OSTI-OTHER	1564127	2396968-Latent-Stochastic-Differential-Equations-for-Modeling/replication/v2_faithful/results/v2_run/recovery/recovery_bands_sep_num_5_epoch_7.pdf
OSTI-OTHER	1571719	2396968-Latent-Stochastic-Differential-Equations-for-Modeling/replication/v2_faithful/results/v2_run/recovery/recovery_bands_sep_num_6_epoch_7.pdf
OSTI-OTHER	1484887	2396968-Latent-Stochastic-Differential-Equations-for-Modeling/replication/v2_faithful/results/v2_run/recovery/recovery_bands_sep_num_7_epoch_7.pdf
OSTI-OTHER	1584957	2396968-Latent-Stochastic-Differential-Equations-for-Modeling/replication/v2_faithful/results/v2_run/recovery/recovery_bands_sep_num_8_epoch_7.pdf
OSTI-OTHER	1405235	2396968-Latent-Stochastic-Differential-Equations-for-Modeling/replication/v2_faithful/results/v2_run/recovery/recovery_bands_sep_num_9_epoch_7.pdf
OSTI-OTHER	1332384	2396968-Latent-Stochastic-Differential-Equations-for-Modeling/replication/v2_faithful/results/v2_run/recovery/recovery_only_num_0_epoch_7.pdf
OSTI-OTHER	1441936	2396968-Latent-Stochastic-Differential-Equations-for-Modeling/replication/v2_faithful/results/v2_run/recovery/recovery_only_num_10_epoch_7.pdf
OSTI-OTHER	1429803	2396968-Latent-Stochastic-Differential-Equations-for-Modeling/replication/v2_faithful/results/v2_run/recovery/recovery_only_num_11_epoch_7.pdf
OSTI-OTHER	1397139	2396968-Latent-Stochastic-Differential-Equations-for-Modeling/replication/v2_faithful/results/v2_run/recovery/recovery_only_num_12_epoch_7.pdf
OSTI-OTHER	1452518	2396968-Latent-Stochastic-Differential-Equations-for-Modeling/replication/v2_faithful/results/v2_run/recovery/recovery_only_num_13_epoch_7.pdf
OSTI-OTHER	1408122	2396968-Latent-Stochastic-Differential-Equations-for-Modeling/replication/v2_faithful/results/v2_run/recovery/recovery_only_num_14_epoch_7.pdf
OSTI-OTHER	1303704	2396968-Latent-Stochastic-Differential-Equations-for-Modeling/replication/v2_faithful/results/v2_run/recovery/recovery_only_num_15_epoch_7.pdf
OSTI-OTHER	1383148	2396968-Latent-Stochastic-Differential-Equations-for-Modeling/replication/v2_faithful/results/v2_run/recovery/recovery_only_num_16_epoch_7.pdf
OSTI-OTHER	1351588	2396968-Latent-Stochastic-Differential-Equations-for-Modeling/replication/v2_faithful/results/v2_run/recovery/recovery_only_num_17_epoch_7.pdf
OSTI-OTHER	1373067	2396968-Latent-Stochastic-Differential-Equations-for-Modeling/replication/v2_faithful/results/v2_run/recovery/recovery_only_num_18_epoch_7.pdf
OSTI-OTHER	1393672	2396968-Latent-Stochastic-Differential-Equations-for-Modeling/replication/v2_faithful/results/v2_run/recovery/recovery_only_num_19_epoch_7.pdf
OSTI-OTHER	1395722	2396968-Latent-Stochastic-Differential-Equations-for-Modeling/replication/v2_faithful/results/v2_run/recovery/recovery_only_num_1_epoch_7.pdf
OSTI-OTHER	1438187	2396968-Latent-Stochastic-Differential-Equations-for-Modeling/replication/v2_faithful/results/v2_run/recovery/recovery_only_num_20_epoch_7.pdf
OSTI-OTHER	1387600	2396968-Latent-Stochastic-Differential-Equations-for-Modeling/replication/v2_faithful/results/v2_run/recovery/recovery_only_num_21_epoch_7.pdf
OSTI-OTHER	1351774	2396968-Latent-Stochastic-Differential-Equations-for-Modeling/replication/v2_faithful/results/v2_run/recovery/recovery_only_num_22_epoch_7.pdf
OSTI-OTHER	1414176	2396968-Latent-Stochastic-Differential-Equations-for-Modeling/replication/v2_faithful/results/v2_run/recovery/recovery_only_num_23_epoch_7.pdf
OSTI-OTHER	1381837	2396968-Latent-Stochastic-Differential-Equations-for-Modeling/replication/v2_faithful/results/v2_run/recovery/recovery_only_num_24_epoch_7.pdf
OSTI-OTHER	1362385	2396968-Latent-Stochastic-Differential-Equations-for-Modeling/replication/v2_faithful/results/v2_run/recovery/recovery_only_num_2_epoch_7.pdf
OSTI-OTHER	1387979	2396968-Latent-Stochastic-Differential-Equations-for-Modeling/replication/v2_faithful/results/v2_run/recovery/recovery_only_num_3_epoch_7.pdf
OSTI-OTHER	1313519	2396968-Latent-Stochastic-Differential-Equations-for-Modeling/replication/v2_faithful/results/v2_run/recovery/recovery_only_num_4_epoch_7.pdf
OSTI-OTHER	1376438	2396968-Latent-Stochastic-Differential-Equations-for-Modeling/replication/v2_faithful/results/v2_run/recovery/recovery_only_num_5_epoch_7.pdf
OSTI-OTHER	1383354	2396968-Latent-Stochastic-Differential-Equations-for-Modeling/replication/v2_faithful/results/v2_run/recovery/recovery_only_num_6_epoch_7.pdf
OSTI-OTHER	1323822	2396968-Latent-Stochastic-Differential-Equations-for-Modeling/replication/v2_faithful/results/v2_run/recovery/recovery_only_num_7_epoch_7.pdf
OSTI-OTHER	1445508	2396968-Latent-Stochastic-Differential-Equations-for-Modeling/replication/v2_faithful/results/v2_run/recovery/recovery_only_num_8_epoch_7.pdf
OSTI-OTHER	1318597	2396968-Latent-Stochastic-Differential-Equations-for-Modeling/replication/v2_faithful/results/v2_run/recovery/recovery_only_num_9_epoch_7.pdf
OSTI-OTHER	217511	2396968-Latent-Stochastic-Differential-Equations-for-Modeling/replication/v2_faithful/results/v2_run/recovery/recovery_power_spectrum_log_freq_num_0_epoch_7.pdf
OSTI-OTHER	220159	2396968-Latent-Stochastic-Differential-Equations-for-Modeling/replication/v2_faithful/results/v2_run/recovery/recovery_power_spectrum_log_freq_num_10_epoch_7.pdf
OSTI-OTHER	184299	2396968-Latent-Stochastic-Differential-Equations-for-Modeling/replication/v2_faithful/results/v2_run/recovery/recovery_power_spectrum_log_freq_num_11_epoch_7.pdf
OSTI-OTHER	219221	2396968-Latent-Stochastic-Differential-Equations-for-Modeling/replication/v2_faithful/results/v2_run/recovery/recovery_power_spectrum_log_freq_num_12_epoch_7.pdf
OSTI-OTHER	216431	2396968-Latent-Stochastic-Differential-Equations-for-Modeling/replication/v2_faithful/results/v2_run/recovery/recovery_power_spectrum_log_freq_num_13_epoch_7.pdf
OSTI-OTHER	218819	2396968-Latent-Stochastic-Differential-Equations-for-Modeling/replication/v2_faithful/results/v2_run/recovery/recovery_power_spectrum_log_freq_num_14_epoch_7.pdf
OSTI-OTHER	219069	2396968-Latent-Stochastic-Differential-Equations-for-Modeling/replication/v2_faithful/results/v2_run/recovery/recovery_power_spectrum_log_freq_num_15_epoch_7.pdf
OSTI-OTHER	191266	2396968-Latent-Stochastic-Differential-Equations-for-Modeling/replication/v2_faithful/results/v2_run/recovery/recovery_power_spectrum_log_freq_num_16_epoch_7.pdf
OSTI-OTHER	218781	2396968-Latent-Stochastic-Differential-Equations-for-Modeling/replication/v2_faithful/results/v2_run/recovery/recovery_power_spectrum_log_freq_num_17_epoch_7.pdf
OSTI-OTHER	217316	2396968-Latent-Stochastic-Differential-Equations-for-Modeling/replication/v2_faithful/results/v2_run/recovery/recovery_power_spectrum_log_freq_num_18_epoch_7.pdf
OSTI-OTHER	195905	2396968-Latent-Stochastic-Differential-Equations-for-Modeling/replication/v2_faithful/results/v2_run/recovery/recovery_power_spectrum_log_freq_num_19_epoch_7.pdf
OSTI-OTHER	218081	2396968-Latent-Stochastic-Differential-Equations-for-Modeling/replication/v2_faithful/results/v2_run/recovery/recovery_power_spectrum_log_freq_num_1_epoch_7.pdf
OSTI-OTHER	219277	2396968-Latent-Stochastic-Differential-Equations-for-Modeling/replication/v2_faithful/results/v2_run/recovery/recovery_power_spectrum_log_freq_num_20_epoch_7.pdf
OSTI-OTHER	219063	2396968-Latent-Stochastic-Differential-Equations-for-Modeling/replication/v2_faithful/results/v2_run/recovery/recovery_power_spectrum_log_freq_num_21_epoch_7.pdf
OSTI-OTHER	216233	2396968-Latent-Stochastic-Differential-Equations-for-Modeling/replication/v2_faithful/results/v2_run/recovery/recovery_power_spectrum_log_freq_num_22_epoch_7.pdf
OSTI-OTHER	216724	2396968-Latent-Stochastic-Differential-Equations-for-Modeling/replication/v2_faithful/results/v2_run/recovery/recovery_power_spectrum_log_freq_num_23_epoch_7.pdf
OSTI-OTHER	220031	2396968-Latent-Stochastic-Differential-Equations-for-Modeling/replication/v2_faithful/results/v2_run/recovery/recovery_power_spectrum_log_freq_num_24_epoch_7.pdf
OSTI-OTHER	218711	2396968-Latent-Stochastic-Differential-Equations-for-Modeling/replication/v2_faithful/results/v2_run/recovery/recovery_power_spectrum_log_freq_num_2_epoch_7.pdf
OSTI-OTHER	219011	2396968-Latent-Stochastic-Differential-Equations-for-Modeling/replication/v2_faithful/results/v2_run/recovery/recovery_power_spectrum_log_freq_num_3_epoch_7.pdf
OSTI-OTHER	216740	2396968-Latent-Stochastic-Differential-Equations-for-Modeling/replication/v2_faithful/results/v2_run/recovery/recovery_power_spectrum_log_freq_num_4_epoch_7.pdf
OSTI-OTHER	217923	2396968-Latent-Stochastic-Differential-Equations-for-Modeling/replication/v2_faithful/results/v2_run/recovery/recovery_power_spectrum_log_freq_num_5_epoch_7.pdf
OSTI-OTHER	219434	2396968-Latent-Stochastic-Differential-Equations-for-Modeling/replication/v2_faithful/results/v2_run/recovery/recovery_power_spectrum_log_freq_num_6_epoch_7.pdf
OSTI-OTHER	219864	2396968-Latent-Stochastic-Differential-Equations-for-Modeling/replication/v2_faithful/results/v2_run/recovery/recovery_power_spectrum_log_freq_num_7_epoch_7.pdf
OSTI-OTHER	218926	2396968-Latent-Stochastic-Differential-Equations-for-Modeling/replication/v2_faithful/results/v2_run/recovery/recovery_power_spectrum_log_freq_num_8_epoch_7.pdf
OSTI-OTHER	217699	2396968-Latent-Stochastic-Differential-Equations-for-Modeling/replication/v2_faithful/results/v2_run/recovery/recovery_power_spectrum_log_freq_num_9_epoch_7.pdf
OSTI-OTHER	243461	2396968-Latent-Stochastic-Differential-Equations-for-Modeling/replication/v2_faithful/results/v2_run/recovery/recovery_power_spectrum_num_0_epoch_7.pdf
OSTI-OTHER	243724	2396968-Latent-Stochastic-Differential-Equations-for-Modeling/replication/v2_faithful/results/v2_run/recovery/recovery_power_spectrum_num_10_epoch_7.pdf
OSTI-OTHER	201209	2396968-Latent-Stochastic-Differential-Equations-for-Modeling/replication/v2_faithful/results/v2_run/recovery/recovery_power_spectrum_num_11_epoch_7.pdf
OSTI-OTHER	243744	2396968-Latent-Stochastic-Differential-Equations-for-Modeling/replication/v2_faithful/results/v2_run/recovery/recovery_power_spectrum_num_12_epoch_7.pdf
OSTI-OTHER	241922	2396968-Latent-Stochastic-Differential-Equations-for-Modeling/replication/v2_faithful/results/v2_run/recovery/recovery_power_spectrum_num_13_epoch_7.pdf
OSTI-OTHER	245310	2396968-Latent-Stochastic-Differential-Equations-for-Modeling/replication/v2_faithful/results/v2_run/recovery/recovery_power_spectrum_num_14_epoch_7.pdf
OSTI-OTHER	244681	2396968-Latent-Stochastic-Differential-Equations-for-Modeling/replication/v2_faithful/results/v2_run/recovery/recovery_power_spectrum_num_15_epoch_7.pdf
OSTI-OTHER	213822	2396968-Latent-Stochastic-Differential-Equations-for-Modeling/replication/v2_faithful/results/v2_run/recovery/recovery_power_spectrum_num_16_epoch_7.pdf
OSTI-OTHER	243794	2396968-Latent-Stochastic-Differential-Equations-for-Modeling/replication/v2_faithful/results/v2_run/recovery/recovery_power_spectrum_num_17_epoch_7.pdf
OSTI-OTHER	243554	2396968-Latent-Stochastic-Differential-Equations-for-Modeling/replication/v2_faithful/results/v2_run/recovery/recovery_power_spectrum_num_18_epoch_7.pdf
OSTI-OTHER	216572	2396968-Latent-Stochastic-Differential-Equations-for-Modeling/replication/v2_faithful/results/v2_run/recovery/recovery_power_spectrum_num_19_epoch_7.pdf
OSTI-OTHER	244207	2396968-Latent-Stochastic-Differential-Equations-for-Modeling/replication/v2_faithful/results/v2_run/recovery/recovery_power_spectrum_num_1_epoch_7.pdf
OSTI-OTHER	244359	2396968-Latent-Stochastic-Differential-Equations-for-Modeling/replication/v2_faithful/results/v2_run/recovery/recovery_power_spectrum_num_20_epoch_7.pdf
OSTI-OTHER	244706	2396968-Latent-Stochastic-Differential-Equations-for-Modeling/replication/v2_faithful/results/v2_run/recovery/recovery_power_spectrum_num_21_epoch_7.pdf
OSTI-OTHER	244129	2396968-Latent-Stochastic-Differential-Equations-for-Modeling/replication/v2_faithful/results/v2_run/recovery/recovery_power_spectrum_num_22_epoch_7.pdf
OSTI-OTHER	243348	2396968-Latent-Stochastic-Differential-Equations-for-Modeling/replication/v2_faithful/results/v2_run/recovery/recovery_power_spectrum_num_23_epoch_7.pdf
OSTI-OTHER	245649	2396968-Latent-Stochastic-Differential-Equations-for-Modeling/replication/v2_faithful/results/v2_run/recovery/recovery_power_spectrum_num_24_epoch_7.pdf
OSTI-OTHER	243882	2396968-Latent-Stochastic-Differential-Equations-for-Modeling/replication/v2_faithful/results/v2_run/recovery/recovery_power_spectrum_num_2_epoch_7.pdf
OSTI-OTHER	244675	2396968-Latent-Stochastic-Differential-Equations-for-Modeling/replication/v2_faithful/results/v2_run/recovery/recovery_power_spectrum_num_3_epoch_7.pdf
OSTI-OTHER	243273	2396968-Latent-Stochastic-Differential-Equations-for-Modeling/replication/v2_faithful/results/v2_run/recovery/recovery_power_spectrum_num_4_epoch_7.pdf
OSTI-OTHER	244091	2396968-Latent-Stochastic-Differential-Equations-for-Modeling/replication/v2_faithful/results/v2_run/recovery/recovery_power_spectrum_num_5_epoch_7.pdf
OSTI-OTHER	244344	2396968-Latent-Stochastic-Differential-Equations-for-Modeling/replication/v2_faithful/results/v2_run/recovery/recovery_power_spectrum_num_6_epoch_7.pdf
OSTI-OTHER	243809	2396968-Latent-Stochastic-Differential-Equations-for-Modeling/replication/v2_faithful/results/v2_run/recovery/recovery_power_spectrum_num_7_epoch_7.pdf
OSTI-OTHER	244535	2396968-Latent-Stochastic-Differential-Equations-for-Modeling/replication/v2_faithful/results/v2_run/recovery/recovery_power_spectrum_num_8_epoch_7.pdf
OSTI-OTHER	244075	2396968-Latent-Stochastic-Differential-Equations-for-Modeling/replication/v2_faithful/results/v2_run/recovery/recovery_power_spectrum_num_9_epoch_7.pdf
OSTI-OTHER	1544754	2396968-Latent-Stochastic-Differential-Equations-for-Modeling/replication/v2_faithful/results/v2_run/recovery/recovery_sigma_seperate_num_0_epoch_7.pdf
OSTI-OTHER	1663326	2396968-Latent-Stochastic-Differential-Equations-for-Modeling/replication/v2_faithful/results/v2_run/recovery/recovery_sigma_seperate_num_10_epoch_7.pdf
OSTI-OTHER	1509490	2396968-Latent-Stochastic-Differential-Equations-for-Modeling/replication/v2_faithful/results/v2_run/recovery/recovery_sigma_seperate_num_11_epoch_7.pdf
OSTI-OTHER	1566621	2396968-Latent-Stochastic-Differential-Equations-for-Modeling/replication/v2_faithful/results/v2_run/recovery/recovery_sigma_seperate_num_12_epoch_7.pdf
OSTI-OTHER	1595696	2396968-Latent-Stochastic-Differential-Equations-for-Modeling/replication/v2_faithful/results/v2_run/recovery/recovery_sigma_seperate_num_13_epoch_7.pdf
OSTI-OTHER	1577508	2396968-Latent-Stochastic-Differential-Equations-for-Modeling/replication/v2_faithful/results/v2_run/recovery/recovery_sigma_seperate_num_14_epoch_7.pdf
OSTI-OTHER	1425361	2396968-Latent-Stochastic-Differential-Equations-for-Modeling/replication/v2_faithful/results/v2_run/recovery/recovery_sigma_seperate_num_15_epoch_7.pdf
OSTI-OTHER	1488442	2396968-Latent-Stochastic-Differential-Equations-for-Modeling/replication/v2_faithful/results/v2_run/recovery/recovery_sigma_seperate_num_16_epoch_7.pdf
OSTI-OTHER	1495254	2396968-Latent-Stochastic-Differential-Equations-for-Modeling/replication/v2_faithful/results/v2_run/recovery/recovery_sigma_seperate_num_17_epoch_7.pdf
OSTI-OTHER	1611064	2396968-Latent-Stochastic-Differential-Equations-for-Modeling/replication/v2_faithful/results/v2_run/recovery/recovery_sigma_seperate_num_18_epoch_7.pdf
OSTI-OTHER	1450550	2396968-Latent-Stochastic-Differential-Equations-for-Modeling/replication/v2_faithful/results/v2_run/recovery/recovery_sigma_seperate_num_19_epoch_7.pdf
OSTI-OTHER	1548923	2396968-Latent-Stochastic-Differential-Equations-for-Modeling/replication/v2_faithful/results/v2_run/recovery/recovery_sigma_seperate_num_1_epoch_7.pdf
OSTI-OTHER	1636940	2396968-Latent-Stochastic-Differential-Equations-for-Modeling/replication/v2_faithful/results/v2_run/recovery/recovery_sigma_seperate_num_20_epoch_7.pdf
OSTI-OTHER	1625977	2396968-Latent-Stochastic-Differential-Equations-for-Modeling/replication/v2_faithful/results/v2_run/recovery/recovery_sigma_seperate_num_21_epoch_7.pdf
OSTI-OTHER	1466030	2396968-Latent-Stochastic-Differential-Equations-for-Modeling/replication/v2_faithful/results/v2_run/recovery/recovery_sigma_seperate_num_22_epoch_7.pdf
OSTI-OTHER	1657975	2396968-Latent-Stochastic-Differential-Equations-for-Modeling/replication/v2_faithful/results/v2_run/recovery/recovery_sigma_seperate_num_23_epoch_7.pdf
OSTI-OTHER	1504130	2396968-Latent-Stochastic-Differential-Equations-for-Modeling/replication/v2_faithful/results/v2_run/recovery/recovery_sigma_seperate_num_24_epoch_7.pdf
OSTI-OTHER	1534107	2396968-Latent-Stochastic-Differential-Equations-for-Modeling/replication/v2_faithful/results/v2_run/recovery/recovery_sigma_seperate_num_2_epoch_7.pdf
OSTI-OTHER	1571778	2396968-Latent-Stochastic-Differential-Equations-for-Modeling/replication/v2_faithful/results/v2_run/recovery/recovery_sigma_seperate_num_3_epoch_7.pdf
OSTI-OTHER	1526663	2396968-Latent-Stochastic-Differential-Equations-for-Modeling/replication/v2_faithful/results/v2_run/recovery/recovery_sigma_seperate_num_4_epoch_7.pdf
OSTI-OTHER	1564092	2396968-Latent-Stochastic-Differential-Equations-for-Modeling/replication/v2_faithful/results/v2_run/recovery/recovery_sigma_seperate_num_5_epoch_7.pdf
OSTI-OTHER	1571709	2396968-Latent-Stochastic-Differential-Equations-for-Modeling/replication/v2_faithful/results/v2_run/recovery/recovery_sigma_seperate_num_6_epoch_7.pdf
OSTI-OTHER	1484875	2396968-Latent-Stochastic-Differential-Equations-for-Modeling/replication/v2_faithful/results/v2_run/recovery/recovery_sigma_seperate_num_7_epoch_7.pdf
OSTI-OTHER	1584957	2396968-Latent-Stochastic-Differential-Equations-for-Modeling/replication/v2_faithful/results/v2_run/recovery/recovery_sigma_seperate_num_8_epoch_7.pdf
OSTI-OTHER	1405230	2396968-Latent-Stochastic-Differential-Equations-for-Modeling/replication/v2_faithful/results/v2_run/recovery/recovery_sigma_seperate_num_9_epoch_7.pdf
OSTI-OTHER	84999	2396968-Latent-Stochastic-Differential-Equations-for-Modeling/replication/v2_faithful/results/v2_run/recovery/scatter_together_mass_lim_8.0_max_samples_100.pdf
OSTI-OTHER	130841	2396968-Latent-Stochastic-Differential-Equations-for-Modeling/replication/v2_faithful/results/v2_run/recovery/scatter_together_mass_lim_8.0_max_samples_200.pdf
OSTI-OTHER	171929	2396968-Latent-Stochastic-Differential-Equations-for-Modeling/replication/v2_faithful/results/v2_run/recovery/scatter_together_mass_lim_8.0_max_samples_300.pdf
OSTI-OTHER	212902	2396968-Latent-Stochastic-Differential-Equations-for-Modeling/replication/v2_faithful/results/v2_run/recovery/scatter_together_mass_lim_8.0_max_samples_400.pdf
OSTI-OTHER	63425	2396968-Latent-Stochastic-Differential-Equations-for-Modeling/replication/v2_faithful/results/v2_run/recovery/scatter_together_mass_lim_8.0_max_samples_50.pdf
OSTI-OTHER	253245	2396968-Latent-Stochastic-Differential-Equations-for-Modeling/replication/v2_faithful/results/v2_run/recovery/scatter_together_mass_lim_8.0_max_samples_500.pdf
OSTI-OTHER	83483	2396968-Latent-Stochastic-Differential-Equations-for-Modeling/replication/v2_faithful/results/v2_run/recovery/scatter_together_mass_lim_8.5_max_samples_100.pdf
OSTI-OTHER	128448	2396968-Latent-Stochastic-Differential-Equations-for-Modeling/replication/v2_faithful/results/v2_run/recovery/scatter_together_mass_lim_8.5_max_samples_200.pdf
OSTI-OTHER	168537	2396968-Latent-Stochastic-Differential-Equations-for-Modeling/replication/v2_faithful/results/v2_run/recovery/scatter_together_mass_lim_8.5_max_samples_300.pdf
OSTI-OTHER	207973	2396968-Latent-Stochastic-Differential-Equations-for-Modeling/replication/v2_faithful/results/v2_run/recovery/scatter_together_mass_lim_8.5_max_samples_400.pdf
OSTI-OTHER	62491	2396968-Latent-Stochastic-Differential-Equations-for-Modeling/replication/v2_faithful/results/v2_run/recovery/scatter_together_mass_lim_8.5_max_samples_50.pdf
OSTI-OTHER	247007	2396968-Latent-Stochastic-Differential-Equations-for-Modeling/replication/v2_faithful/results/v2_run/recovery/scatter_together_mass_lim_8.5_max_samples_500.pdf
OSTI-OTHER	82762	2396968-Latent-Stochastic-Differential-Equations-for-Modeling/replication/v2_faithful/results/v2_run/recovery/scatter_together_mass_lim_9.0_max_samples_100.pdf
OSTI-OTHER	126846	2396968-Latent-Stochastic-Differential-Equations-for-Modeling/replication/v2_faithful/results/v2_run/recovery/scatter_together_mass_lim_9.0_max_samples_200.pdf
OSTI-OTHER	166068	2396968-Latent-Stochastic-Differential-Equations-for-Modeling/replication/v2_faithful/results/v2_run/recovery/scatter_together_mass_lim_9.0_max_samples_300.pdf
OSTI-OTHER	205304	2396968-Latent-Stochastic-Differential-Equations-for-Modeling/replication/v2_faithful/results/v2_run/recovery/scatter_together_mass_lim_9.0_max_samples_400.pdf
OSTI-OTHER	62110	2396968-Latent-Stochastic-Differential-Equations-for-Modeling/replication/v2_faithful/results/v2_run/recovery/scatter_together_mass_lim_9.0_max_samples_50.pdf
OSTI-OTHER	243916	2396968-Latent-Stochastic-Differential-Equations-for-Modeling/replication/v2_faithful/results/v2_run/recovery/scatter_together_mass_lim_9.0_max_samples_500.pdf
OSTI-OTHER	78700	2396968-Latent-Stochastic-Differential-Equations-for-Modeling/replication/v2_faithful/results/v2_run/recovery/scatter_together_mass_lim_9.5_max_samples_100.pdf
OSTI-OTHER	119377	2396968-Latent-Stochastic-Differential-Equations-for-Modeling/replication/v2_faithful/results/v2_run/recovery/scatter_together_mass_lim_9.5_max_samples_200.pdf
OSTI-OTHER	59731	2396968-Latent-Stochastic-Differential-Equations-for-Modeling/replication/v2_faithful/results/v2_run/recovery/scatter_together_mass_lim_9.5_max_samples_50.pdf
OSTI-OTHER	86540	2396968-Latent-Stochastic-Differential-Equations-for-Modeling/replication/v2_faithful/results/v2_run/recovery/scatter_together_mass_lim_None_max_samples_100.pdf
OSTI-OTHER	133397	2396968-Latent-Stochastic-Differential-Equations-for-Modeling/replication/v2_faithful/results/v2_run/recovery/scatter_together_mass_lim_None_max_samples_200.pdf
OSTI-OTHER	175504	2396968-Latent-Stochastic-Differential-Equations-for-Modeling/replication/v2_faithful/results/v2_run/recovery/scatter_together_mass_lim_None_max_samples_300.pdf
OSTI-OTHER	217500	2396968-Latent-Stochastic-Differential-Equations-for-Modeling/replication/v2_faithful/results/v2_run/recovery/scatter_together_mass_lim_None_max_samples_400.pdf
OSTI-OTHER	64197	2396968-Latent-Stochastic-Differential-Equations-for-Modeling/replication/v2_faithful/results/v2_run/recovery/scatter_together_mass_lim_None_max_samples_50.pdf
OSTI-OTHER	258931	2396968-Latent-Stochastic-Differential-Equations-for-Modeling/replication/v2_faithful/results/v2_run/recovery/scatter_together_mass_lim_None_max_samples_500.pdf
OSTI-OTHER	16805033	2439897-Physics-and-chemistry-from-parsimonious-representations/2439897.pdf
OSTI-OTHER	489814	2441075-Exactly-solved-model-of-light-scattering-errors-in/2441075.pdf
OSTI-OTHER	2353139	2469515-Supervised-extraction-of-near-complete-genomes-from/2469515.pdf
OSTI-OTHER	2271498	2475938-Updated-Virophage-Taxonomy-and-Distinction-from/2475938.pdf
OSTI-OTHER	46455	2475938-Updated-Virophage-Taxonomy-and-Distinction-from/replication/data_full/hmm_heatmap_full.pdf
OSTI-OTHER	29746	2475938-Updated-Virophage-Taxonomy-and-Distinction-from/replication/data_full/phylogeny_4markers_full.pdf
OSTI-OTHER	35979	2475938-Updated-Virophage-Taxonomy-and-Distinction-from/replication/report/hmm_heatmap.pdf
OSTI-OTHER	46455	2475938-Updated-Virophage-Taxonomy-and-Distinction-from/replication/report/hmm_heatmap_full.pdf
OSTI-OTHER	35004	2475938-Updated-Virophage-Taxonomy-and-Distinction-from/replication/report/phylogeny_4markers.pdf
OSTI-OTHER	29746	2475938-Updated-Virophage-Taxonomy-and-Distinction-from/replication/report/phylogeny_4markers_full.pdf
OSTI-OTHER	35979	2475938-Updated-Virophage-Taxonomy-and-Distinction-from/replication/results/hmm_heatmap.pdf
OSTI-OTHER	35004	2475938-Updated-Virophage-Taxonomy-and-Distinction-from/replication/results/trees/phylogeny_4markers.pdf
OSTI-OTHER	2468592	2571540-A-Portfolio-Approach-to-Massively-Parallel/2571540.pdf
OSTI-OTHER	3459166	2571909-Physics-based-hybrid-machine-learning-for-critical/2571909.pdf
OSTI-OTHER	984002	2582579-Constraining-Cosmological-Parameters-with-Needlet-Internal/2582579.pdf
OSTI-OTHER	110642	2582579-Constraining-Cosmological-Parameters-with-Needlet-Internal/replication/pyilc/plots/example_wavelet_plotlin.pdf
OSTI-OTHER	144053	2582579-Constraining-Cosmological-Parameters-with-Needlet-Internal/replication/pyilc/plots/example_wavelet_plotlog.pdf
OSTI-OTHER	22852	2582579-Constraining-Cosmological-Parameters-with-Needlet-Internal/replication/venv/lib/python3.14/site-packages/matplotlib/mpl-data/images/matplotlib.pdf
OSTI-OTHER	2344219	2587225-ScaWL-Scaling-k-WL-Weisfeiler-Lehman-Algorithms-in/2587225.pdf
OSTI-OTHER	18924	2587225-ScaWL-Scaling-k-WL-Weisfeiler-Lehman-Algorithms-in/replication/figures/size_scaling.pdf
OSTI-OTHER	18448	2587225-ScaWL-Scaling-k-WL-Weisfeiler-Lehman-Algorithms-in/replication/figures/strong_scaling.pdf
OSTI-OTHER	24827	2587225-ScaWL-Scaling-k-WL-Weisfeiler-Lehman-Algorithms-in/replication/figures/wl3_strong_scaling.pdf
OSTI-OTHER	22852	2587225-ScaWL-Scaling-k-WL-Weisfeiler-Lehman-Algorithms-in/replication/venv/lib/python3.14/site-packages/matplotlib/mpl-data/images/matplotlib.pdf
OSTI-OTHER	45328697	2587579-Mesh-based-super-resolution-multiscale-GNN/paper.pdf
OSTI-OTHER	2793670	2587945-Edge-Localized-Modes-NN-forecaster/paper.pdf
OSTI-OTHER	4101000	29769716-Mutant-phenotypes-bacterial-genes/data/authorfinal.pdf
OSTI-OTHER	11665556	3003857-DIVIDE-AND-CONQUER-CHAOTIC/paper.pdf
OSTI-OTHER	1661241	3014512-Spin-dependent-scattering-of-sub-GeV-dark-matter/3014512.pdf
OTHER	659810	FFNO-Tsunami-Makarynskyy2026/results/ja/fig1_paper_aggregated.pdf
OTHER	92725	FFNO-Tsunami-Makarynskyy2026/results/ja/fig5c_rmse_eta_vs_rollout_allcases.pdf
OTHER	14913	FFNO-Tsunami-Makarynskyy2026/results/ja/fig6_runtime_summary.pdf
OTHER	63244	FFNO-Tsunami-Makarynskyy2026/results/per_case_example/jf/b/buoy_eta_timeseries_grid.pdf
OTHER	440353	FFNO-Tsunami-Makarynskyy2026/results/per_case_example/jf/b/buoy_map.pdf
OTHER	63434	FFNO-Tsunami-Makarynskyy2026/results/per_case_example/jf/b/buoy_u_timeseries_grid.pdf
OTHER	63010	FFNO-Tsunami-Makarynskyy2026/results/per_case_example/jf/b/buoy_v_timeseries_grid.pdf
OTHER	68207	FFNO-Tsunami-Makarynskyy2026/results/per_case_example/jf/b/fig1_buoy_00.pdf
OTHER	68119	FFNO-Tsunami-Makarynskyy2026/results/per_case_example/jf/b/fig1_buoy_01.pdf
OTHER	68221	FFNO-Tsunami-Makarynskyy2026/results/per_case_example/jf/b/fig1_buoy_02.pdf
OTHER	67994	FFNO-Tsunami-Makarynskyy2026/results/per_case_example/jf/b/fig1_buoy_03.pdf
OTHER	67816	FFNO-Tsunami-Makarynskyy2026/results/per_case_example/jf/b/fig1_buoy_04.pdf
OTHER	67617	FFNO-Tsunami-Makarynskyy2026/results/per_case_example/jf/b/fig1_buoy_05.pdf
OTHER	67017	FFNO-Tsunami-Makarynskyy2026/results/per_case_example/jf/b/fig1_buoy_06.pdf
OTHER	67088	FFNO-Tsunami-Makarynskyy2026/results/per_case_example/jf/b/fig1_buoy_07.pdf
OTHER	66986	FFNO-Tsunami-Makarynskyy2026/results/per_case_example/jf/b/fig1_buoy_08.pdf
OTHER	66907	FFNO-Tsunami-Makarynskyy2026/results/per_case_example/jf/b/fig1_buoy_09.pdf
OTHER	67035	FFNO-Tsunami-Makarynskyy2026/results/per_case_example/jf/b/fig1_buoy_10.pdf
OTHER	66879	FFNO-Tsunami-Makarynskyy2026/results/per_case_example/jf/b/fig1_buoy_11.pdf
OTHER	353252	FFNO-Tsunami-Makarynskyy2026/results/per_case_example/jf/fig1_paper_2x2.pdf
OTHER	184086	FFNO-Tsunami-Makarynskyy2026/results/per_case_example/jf/fig4_spatial_eta_truth_pred_error.pdf
OTHER	3735173	FFNO-Tsunami-Makarynskyy2026/results/per_case_example/jf/fig5_eta_truth_pred_error.pdf
OTHER	1066962	FFNO-Tsunami-Makarynskyy2026/results/per_case_example/jf/fig5a_eta_max_truth_pred_error.pdf
OTHER	14888	FFNO-Tsunami-Makarynskyy2026/results/per_case_example/jf/fig5c_rmse_eta_vs_rollout.pdf
OTHER	39594	FFNO-Tsunami-Makarynskyy2026/results/per_case_example/jf/figS4_error_vs_distance.pdf
OTHER	71454	FFNO-Tsunami-Makarynskyy2026/results/per_case_example/jf/sc/coverage_map.pdf
OTHER	37321	FFNO-Tsunami-Makarynskyy2026/results/per_case_example/jf/sc/wet_mask.pdf
OTHER	436779	FFNO-Tsunami-Makarynskyy2026/results/per_case_example/jf/sn/eta_err_t0000.pdf
OTHER	524339	FFNO-Tsunami-Makarynskyy2026/results/per_case_example/jf/sn/eta_err_t0039.pdf
OTHER	601787	FFNO-Tsunami-Makarynskyy2026/results/per_case_example/jf/sn/eta_err_t0079.pdf
OTHER	659875	FFNO-Tsunami-Makarynskyy2026/results/per_case_example/jf/sn/eta_err_t0119.pdf
OTHER	695510	FFNO-Tsunami-Makarynskyy2026/results/per_case_example/jf/sn/eta_err_t0159.pdf
OTHER	719004	FFNO-Tsunami-Makarynskyy2026/results/per_case_example/jf/sn/eta_err_t0199.pdf
OTHER	557224	FFNO-Tsunami-Makarynskyy2026/results/per_case_example/jf/sn/eta_t0000.pdf
OTHER	850959	FFNO-Tsunami-Makarynskyy2026/results/per_case_example/jf/sn/eta_t0039.pdf
OTHER	1072270	FFNO-Tsunami-Makarynskyy2026/results/per_case_example/jf/sn/eta_t0079.pdf
OTHER	1172485	FFNO-Tsunami-Makarynskyy2026/results/per_case_example/jf/sn/eta_t0119.pdf
OTHER	1233407	FFNO-Tsunami-Makarynskyy2026/results/per_case_example/jf/sn/eta_t0159.pdf
OTHER	1280251	FFNO-Tsunami-Makarynskyy2026/results/per_case_example/jf/sn/eta_t0199.pdf
OTHER	428864	FFNO-Tsunami-Makarynskyy2026/results/per_case_example/jf/sn/u_err_t0000.pdf
OTHER	487234	FFNO-Tsunami-Makarynskyy2026/results/per_case_example/jf/sn/u_err_t0039.pdf
OTHER	537363	FFNO-Tsunami-Makarynskyy2026/results/per_case_example/jf/sn/u_err_t0079.pdf
OTHER	570452	FFNO-Tsunami-Makarynskyy2026/results/per_case_example/jf/sn/u_err_t0119.pdf
OTHER	603285	FFNO-Tsunami-Makarynskyy2026/results/per_case_example/jf/sn/u_err_t0159.pdf
OTHER	614039	FFNO-Tsunami-Makarynskyy2026/results/per_case_example/jf/sn/u_err_t0199.pdf
OTHER	551820	FFNO-Tsunami-Makarynskyy2026/results/per_case_example/jf/sn/u_t0000.pdf
OTHER	703154	FFNO-Tsunami-Makarynskyy2026/results/per_case_example/jf/sn/u_t0039.pdf
OTHER	829601	FFNO-Tsunami-Makarynskyy2026/results/per_case_example/jf/sn/u_t0079.pdf
OTHER	993457	FFNO-Tsunami-Makarynskyy2026/results/per_case_example/jf/sn/u_t0119.pdf
OTHER	1057678	FFNO-Tsunami-Makarynskyy2026/results/per_case_example/jf/sn/u_t0159.pdf
OTHER	1089706	FFNO-Tsunami-Makarynskyy2026/results/per_case_example/jf/sn/u_t0199.pdf
OTHER	446220	FFNO-Tsunami-Makarynskyy2026/results/per_case_example/jf/sn/v_err_t0000.pdf
OTHER	418136	FFNO-Tsunami-Makarynskyy2026/results/per_case_example/jf/sn/v_err_t0039.pdf
OTHER	508807	FFNO-Tsunami-Makarynskyy2026/results/per_case_example/jf/sn/v_err_t0079.pdf
OTHER	544672	FFNO-Tsunami-Makarynskyy2026/results/per_case_example/jf/sn/v_err_t0119.pdf
OTHER	563890	FFNO-Tsunami-Makarynskyy2026/results/per_case_example/jf/sn/v_err_t0159.pdf
OTHER	583357	FFNO-Tsunami-Makarynskyy2026/results/per_case_example/jf/sn/v_err_t0199.pdf
OTHER	615074	FFNO-Tsunami-Makarynskyy2026/results/per_case_example/jf/sn/v_t0000.pdf
OTHER	700695	FFNO-Tsunami-Makarynskyy2026/results/per_case_example/jf/sn/v_t0039.pdf
OTHER	866775	FFNO-Tsunami-Makarynskyy2026/results/per_case_example/jf/sn/v_t0079.pdf
OTHER	938100	FFNO-Tsunami-Makarynskyy2026/results/per_case_example/jf/sn/v_t0119.pdf
OTHER	980171	FFNO-Tsunami-Makarynskyy2026/results/per_case_example/jf/sn/v_t0159.pdf
OTHER	905357	FFNO-Tsunami-Makarynskyy2026/results/per_case_example/jf/sn/v_t0199.pdf
OTHER	9012496	LUCID-second100/_harvest/pdfs/001__10-3389-fnume-2023-1284558.pdf
OTHER	2877236	LUCID-second100/_harvest/pdfs/016__10-1088-0031-9155-58-20-7143.pdf
OTHER	1912288	LUCID-second100/_harvest/pdfs/017__10-1186-s12918-016-0293-0.pdf
OTHER	4792840	LUCID-second100/_harvest/pdfs/019__10-3389-fonc-2023-1196502.pdf
OTHER	5600455	LUCID-second100/_harvest/pdfs/020__10-1038-s41598-025-85879-2.pdf
OTHER	12336027	LUCID-second100/_harvest/pdfs/023__10-1088-1361-6560-aad8eb.pdf
OTHER	1004760	LUCID-second100/_harvest/pdfs/024__10-1088-2057-1976-aae02e.pdf
OTHER	1871913	LUCID-second100/_harvest/pdfs/026__10-1186-s12645-021-00099-3.pdf
OTHER	1535551	LUCID-second100/_harvest/pdfs/031__10-1088-1361-6560-ab7a6b.pdf
OTHER	2928229	LUCID-second100/_harvest/pdfs/033__10-1088-1361-6560-abd4f9.pdf
OTHER	2237627	LUCID-second100/_harvest/pdfs/039__10-2967-jnumed-121-262610.pdf
OTHER	2623034	LUCID-second100/_harvest/pdfs/040__10-1038-s41598-022-15521-y.pdf
OTHER	2236750	LUCID-second100/_harvest/pdfs/041__10-1002-mp-14548.pdf
OTHER	1154006	LUCID-second100/_harvest/pdfs/042__10-1088-1361-6560-aad7ee.pdf
OTHER	2302405	LUCID-second100/_harvest/pdfs/046__10-1038-s41598-017-10820-1.pdf
OTHER	1700821	LUCID-second100/_harvest/pdfs/049__10-1039-c8ra10168j.pdf
OTHER	1423371	LUCID-second100/_harvest/pdfs/053__10-1038-s41598-020-75982-x.pdf
OTHER	2424527	LUCID-second100/_harvest/pdfs/056__10-1038-s41598-025-00875-w.pdf
OTHER	742471	LUCID-second100/_harvest/pdfs/059__10-1051-epjconf-201817305005.pdf
OTHER	2164933	LUCID-second100/_harvest/pdfs/064__10-1038-s41598-019-54081-6.pdf
OTHER	3240895	LUCID-second100/_harvest/pdfs/065__10-1007-s00411-021-00936-4.pdf
OTHER	1287317	LUCID-second100/_harvest/pdfs/066__10-3389-fphy-2020-576284.pdf
OTHER	1216710	LUCID-second100/_harvest/pdfs/072__10-1038-s41598-020-72857-z.pdf
OTHER	1592432	LUCID-second100/_harvest/pdfs/073__10-1038-s41598-019-56258-5.pdf
OTHER	1335397	LUCID-second100/_harvest/pdfs/075__10-1038-srep33290.pdf
OTHER	1585994	LUCID-second100/_harvest/pdfs/076__10-1007-s00285-024-02046-3.pdf
OTHER	1920964	LUCID-second100/_harvest/pdfs/077__10-15252-msb-20199068.pdf
OTHER	1781988	LUCID-second100/_harvest/pdfs/079__10-1371-journal-pone-0292608.pdf
OTHER	350780	LUCID-second100/_harvest/pdfs/081__10-1051-epjconf-201715304019.pdf
OTHER	4373736	LUCID-second100/_harvest/pdfs/082__10-1371-journal-pcbi-1008476.pdf
OTHER	1013186	LUCID-second100/_harvest/pdfs/083__10-1016-j-clon-2019-08-006.pdf
OTHER	1067084	LUCID-second100/_harvest/pdfs/089__10-1007-s00411-022-00989-z.pdf
OTHER	523087	LUCID-second100/_harvest/pdfs/090__10-1007-978-3-319-19387-8-417.pdf
OTHER	330121	LUCID-second100/_harvest/pdfs/092__10-1371-journal-pone-0028559.pdf
OTHER	2401481	LUCID-second100/_harvest/pdfs/097__10-1038-s41598-023-38295-3.pdf
OTHER	1294614	LUCID-second100/_harvest/pdfs/098__10-1007-s00411-022-00981-7.pdf
OTHER	2103801	LUCID-second100/_harvest/pdfs/099__10-1038-s41598-019-42901-8.pdf
OTHER	1446069	LUCID-second100/_harvest/pdfs/100__10-1088-1361-6560-ab7d14.pdf
OTHER	378192	LUCID-second100/_harvest/pdfs_expanded/10-1007-s00411-007-0150-z.pdf
OTHER	645590	LUCID-second100/_harvest/pdfs_expanded/10-1007-s00411-020-00854-x.pdf
OTHER	2433760	LUCID-second100/_harvest/pdfs_expanded/10-1007-s13246-025-01605-2.pdf
OTHER	4397169	LUCID-second100/_harvest/pdfs_expanded/10-1016-j-mrgentox-2013-06-004.pdf
OTHER	7496714	LUCID-second100/_harvest/pdfs_expanded/10-1038-s41392-025-02271-2.pdf
OTHER	6345465	LUCID-second100/_harvest/pdfs_expanded/10-1038-s41418-025-01457-z.pdf
OTHER	5233416	LUCID-second100/_harvest/pdfs_expanded/10-1038-s41514-023-00123-3.pdf
OTHER	3058878	LUCID-second100/_harvest/pdfs_expanded/10-1038-s41598-018-34159-3.pdf
OTHER	3813294	LUCID-second100/_harvest/pdfs_expanded/10-1038-s41598-019-45960-z.pdf
OTHER	4584041	LUCID-second100/_harvest/pdfs_expanded/10-1038-s41598-019-54941-1.pdf
OTHER	1925472	LUCID-second100/_harvest/pdfs_expanded/10-1038-s41598-021-91335-8.pdf
OTHER	3039022	LUCID-second100/_harvest/pdfs_expanded/10-1038-s41598-022-26976-4.pdf
OTHER	1360280	LUCID-second100/_harvest/pdfs_expanded/10-1038-s41598-023-42139-5.pdf
OTHER	2377835	LUCID-second100/_harvest/pdfs_expanded/10-1038-s41598-024-56491-7.pdf
OTHER	1335397	LUCID-second100/_harvest/pdfs_expanded/10-1038-srep33290.pdf
OTHER	448728	LUCID-second100/_harvest/pdfs_expanded/10-1073-pnas-210171597.pdf
OTHER	82788	LUCID-second100/_harvest/pdfs_expanded/10-1089-cmb-2012-0283.pdf
OTHER	356001	LUCID-second100/_harvest/pdfs_expanded/10-1089-wound-2013-0468.pdf
OTHER	773660	LUCID-second100/_harvest/pdfs_expanded/10-1093-jrr-rrs119.pdf
OTHER	209996	LUCID-second100/_harvest/pdfs_expanded/10-1126-sciadv-abf1771.pdf
OTHER	2484754	LUCID-second100/_harvest/pdfs_expanded/10-1149-ma2024-01412349mtgabs.pdf
OTHER	1005048	LUCID-second100/_harvest/pdfs_expanded/10-1186-1746-6148-4-18.pdf
OTHER	1871913	LUCID-second100/_harvest/pdfs_expanded/10-1186-s12645-021-00099-3.pdf
OTHER	4200087	LUCID-second100/_harvest/pdfs_expanded/10-1186-s12934-024-02508-9.pdf
OTHER	212726	LUCID-second100/_harvest/pdfs_expanded/10-1186-s13014-019-1439-1.pdf
OTHER	3195416	LUCID-second100/_harvest/pdfs_expanded/10-1186-s13148-024-01630-0.pdf
OTHER	152072	LUCID-second100/_harvest/pdfs_expanded/10-1186-s40168-020-00927-5.pdf
OTHER	3874329	LUCID-second100/_harvest/pdfs_expanded/10-1186-s40658-023-00567-2.pdf
OTHER	1007751	LUCID-second100/_harvest/pdfs_expanded/10-1289-ehp-98106s1301.pdf
OTHER	938200	LUCID-second100/_harvest/pdfs_expanded/10-1371-journal-pcbi-0030155.pdf
OTHER	1730932	LUCID-second100/_harvest/pdfs_expanded/10-1371-journal-pone-0079541.pdf
OTHER	2393414	LUCID-second100/_harvest/pdfs_expanded/10-1371-journal-pone-0108234.pdf
OTHER	83792	LUCID-second100/_harvest/pdfs_expanded/10-1371-journal-pone-0187274.pdf
OTHER	3922706	LUCID-second100/_harvest/pdfs_expanded/10-1371-journal-pone-0190516.pdf
OTHER	4362921	LUCID-second100/_harvest/pdfs_expanded/10-1371-journal-pone-0205691.pdf
OTHER	1780172	LUCID-second100/_harvest/pdfs_expanded/10-1371-journal-pone-0250160.pdf
OTHER	1398952	LUCID-second100/_harvest/pdfs_expanded/10-14218-erhm-2021-00020.pdf
OTHER	1701140	LUCID-second100/_harvest/pdfs_expanded/10-17226-11340.pdf
OTHER	421632	LUCID-second100/_harvest/pdfs_expanded/10-25298-2221-8785-2026-24-1-13-23.pdf
OTHER	4693885	LUCID-second100/_harvest/pdfs_expanded/10-29011-2574-7754-101625.pdf
OTHER	685589	LUCID-second100/_harvest/pdfs_expanded/10-2967-jnumed-118-210252.pdf
OTHER	2817383	LUCID-second100/_harvest/pdfs_expanded/10-31083-fbl47070.pdf
OTHER	6996942	LUCID-second100/_harvest/pdfs_expanded/10-31083-j-fbl2811296.pdf
OTHER	609395	LUCID-second100/_harvest/pdfs_expanded/10-33266-1024-6177-2024-69-1-15-19.pdf
OTHER	7827937	LUCID-second100/_harvest/pdfs_expanded/10-3389-fimmu-2023-1235936.pdf
OTHER	3181927	LUCID-second100/_harvest/pdfs_expanded/10-3389-fimmu-2026-1642012.pdf
OTHER	2668672	LUCID-second100/_harvest/pdfs_expanded/10-3389-fmicb-2024-1410024.pdf
OTHER	2802936	LUCID-second100/_harvest/pdfs_expanded/10-3389-fonc-2021-671431.pdf
OTHER	7909496	LUCID-second100/_harvest/pdfs_expanded/10-3389-fonc-2021-768493.pdf
OTHER	5824533	LUCID-second100/_harvest/pdfs_expanded/10-3389-fpubh-2024-1387330.pdf
OTHER	7983088	LUCID-second100/_harvest/pdfs_expanded/10-3892-ijmm-2024-5380.pdf
OTHER	301855	LUCID-second100/_harvest/pdfs_expanded/10-51699-eaedxq67.pdf
OTHER	610894	LUCID-second100/_harvest/pdfs_expanded/10-69739-jlsph-v2i1-1361.pdf
OTHER	9012496	LUCID-second100/s100-001-fast-mc-cellbycell-radiobio/source/paper.pdf
OTHER	2877236	LUCID-second100/s100-016/source/paper.pdf
OTHER	1912288	LUCID-second100/s100-017-atm-p53-nfkb-pathway-ode/source/paper.pdf
OTHER	209329	LUCID-second100/s100-017-atm-p53-nfkb-pathway-ode/source/supplements/MOESM1.pdf
OTHER	135574	LUCID-second100/s100-017-atm-p53-nfkb-pathway-ode/source/supplements/MOESM10.pdf
OTHER	135955	LUCID-second100/s100-017-atm-p53-nfkb-pathway-ode/source/supplements/MOESM2.pdf
OTHER	35372	LUCID-second100/s100-017-atm-p53-nfkb-pathway-ode/source/supplements/MOESM3.pdf
OTHER	207778	LUCID-second100/s100-017-atm-p53-nfkb-pathway-ode/source/supplements/MOESM4.pdf
OTHER	98705	LUCID-second100/s100-017-atm-p53-nfkb-pathway-ode/source/supplements/MOESM5.pdf
OTHER	105658	LUCID-second100/s100-017-atm-p53-nfkb-pathway-ode/source/supplements/MOESM6.pdf
OTHER	1455172	LUCID-second100/s100-017-atm-p53-nfkb-pathway-ode/source/supplements/MOESM8.pdf
OTHER	4792840	LUCID-second100/s100-019-dna-complexity-gamma-distribution/source/paper.pdf
OTHER	5600455	LUCID-second100/s100-020/source/paper.pdf
OTHER	12336027	LUCID-second100/s100-023/source/paper.pdf
OTHER	1004760	LUCID-second100/s100-024/source/paper.pdf
OTHER	1871913	LUCID-second100/s100-026/source/paper.pdf
OTHER	1535551	LUCID-second100/s100-031/source/paper.pdf
OTHER	2928229	LUCID-second100/s100-033/source/paper.pdf
OTHER	2237627	LUCID-second100/s100-039/source/paper.pdf
OTHER	2623034	LUCID-second100/s100-040-new-damage-model-direct-damage/source/paper.pdf
OTHER	2236750	LUCID-second100/s100-041/source/paper.pdf
OTHER	1154006	LUCID-second100/s100-042/source/paper.pdf
OTHER	2302405	LUCID-second100/s100-046/source/paper.pdf
OTHER	1700821	LUCID-second100/s100-049/source/paper.pdf
OTHER	1423371	LUCID-second100/s100-053/source/paper.pdf
OTHER	2424527	LUCID-second100/s100-056/source/paper.pdf
OTHER	742471	LUCID-second100/s100-059/source/paper.pdf
OTHER	2164933	LUCID-second100/s100-064/source/paper.pdf
OTHER	3240895	LUCID-second100/s100-065-track-event-theory-foundations/source/paper.pdf
OTHER	1287317	LUCID-second100/s100-066-early-dna-damage-molecular-scale/source/paper.pdf
OTHER	1216710	LUCID-second100/s100-072-analytical-track-structure-formulas/source/paper.pdf
OTHER	1592432	LUCID-second100/s100-073/source/paper.pdf
OTHER	1335397	LUCID-second100/s100-075-mechanistic-dna-repair-survival/source/paper.pdf
OTHER	1585994	LUCID-second100/s100-076-spatial-measure-valued-dna-damage/source/paper.pdf
OTHER	1920964	LUCID-second100/s100-077-systems-bio-msb/source/paper.pdf
OTHER	1781988	LUCID-second100/s100-079/source/paper.pdf
OTHER	350780	LUCID-second100/s100-081/source/paper.pdf
OTHER	4373736	LUCID-second100/s100-082/source/paper.pdf
OTHER	1013186	LUCID-second100/s100-083/source/paper.pdf
OTHER	1067084	LUCID-second100/s100-089/source/paper.pdf
OTHER	330121	LUCID-second100/s100-092-radiation-carcinogenesis-diff-eq/source/paper.pdf
OTHER	818587	LUCID-second100/s100-097-highlet-rapidly-repaired-ssb/source/SI_MOESM1_ESM.pdf
OTHER	2401481	LUCID-second100/s100-097-highlet-rapidly-repaired-ssb/source/paper.pdf
OTHER	1294614	LUCID-second100/s100-098-hyperradiosensitivity-aml/source/paper.pdf
OTHER	2103801	LUCID-second100/s100-099-entwined-nhej-mechanistic/source/paper.pdf
OTHER	1286250	LUCID-second100/s100-099-entwined-nhej-mechanistic/source/supplementary.pdf
OTHER	1446069	LUCID-second100/s100-100-oxygen-enhancement-cellkilling/source/paper.pdf
OTHER	4590938	Passivation Molecules for Perovskite Solar.pdf
OTHER	680633	REPLICATION_EVALUATION_REPORT_full.pdf
OTHER	680633	REPLICATION_EVALUATION_REPORT_slim.pdf
OTHER	3424413	Rasp-2018-Climate/rasp_2018_arxiv.pdf
OTHER	1042131	Yuval-OGorman-2020-Climate/paper.pdf
OTHER	296922	aggregated_datasets_and_tools.pdf
OTHER	274549	alter-multitensor-2026/alter_replication_report_OLLIE_canonical.pdf
OTHER	15538975	alter-multitensor-2026/source/alter-multitensor-2026.pdf
OTHER	419569	drift-flux-indoor-particles/paper/drift-flow.pdf
OTHER	1806768	drift-flux-indoor-particles/report/tutorial.pdf
OTHER	4583131	perovskite-Passivation-Molecules-AI-Discovery/Passivation_Molecules_for_Perovskite_Solar.pdf
OTHER	4590938	pvmol-gen-fajar2026/Passivation Molecules for Perovskite Solar.pdf
OTHER	1924560	pvmol-gen-fajar2026/literature-data/ref2_zhi2023_SI.pdf
OTHER	3427254	pvmol-gen-fajar2026/literature-data/ref2_zhi2023_paper.pdf
OTHER	2529513	pvmol-gen-fajar2026/literature-data/ref3_zhang2024_SI.pdf
OTHER	3008559	pvmol-gen-fajar2026/literature-data/ref3_zhang2024_paper.pdf
OTHER	11166396	pvmol-gen-fajar2026/literature-data/ref4_chen2019_paper.pdf
OTHER	5689957	pvmol-gen-fajar2026/literature-data/ref5_gao2020_paper.pdf
OTHER	230584	pvmol-gen-fajar2026/replication-flowchart.pdf
OTHER	323209	pvmol-gen-fajar2026/replication-workflow.pdf
OTHER	136128	pvmol-gen-fajar2026/uicgpu-results/report/full_analysis.pdf
OTHER	2757620	pvmol-gen/data/liu2022_si1.pdf
OTHER	1924560	pvmol-gen/data/reference-papers/ref2_zhi2023_SI.pdf
OTHER	3427254	pvmol-gen/data/reference-papers/ref2_zhi2023_paper.pdf
OTHER	2529513	pvmol-gen/data/reference-papers/ref3_zhang2024_SI.pdf
OTHER	3008559	pvmol-gen/data/reference-papers/ref3_zhang2024_paper.pdf
OTHER	11166396	pvmol-gen/data/reference-papers/ref4_chen2019_paper.pdf
OTHER	5689957	pvmol-gen/data/reference-papers/ref5_gao2020_paper.pdf
OTHER	4136428	pvmol-gen/data/supplementary.pdf
OTHER	7460	pvmol-gen/data/zhi2023_si.pdf
OTHER	136128	pvmol-gen/report/full_analysis.pdf
OTHER	19032	scoring/report_figs/1000_paper_projection.pdf
OTHER	16073	scoring/report_figs/compute_breakdown.pdf
OTHER	14314	scoring/report_figs/cost_per_paper.pdf
OTHER	12855	scoring/report_figs/cumulative_papers_over_time.pdf
OTHER	21453	scoring/report_figs/heatmap.pdf
OTHER	14677	scoring/report_figs/hist.pdf
OTHER	18905	scoring/report_figs/office_of_science_projection.pdf
OTHER	16659	scoring/report_figs/score_by_stage.pdf
OTHER	18313	scoring/report_figs/score_distribution.pdf
OTHER	12579	scoring/report_figs/time_per_paper.pdf
OTHER	15800	scoring/report_figs/tokens_by_stage.pdf
OTHER	17401	scoring/report_figs/world_projection.pdf
OTHER	3095832	space-nanograv-15yr-gwb/replication/data/Agazie2023_2306.16213.pdf
OTHER	1193451	spears-szeri-2004-mathieu/source/spears_szeri_2004.pdf
OTHER	22686	token_usage_by_day.pdf
OTHER	162644	tools_inventory.pdf
OTHER	4315999	zhang-spde-deepxde/paper/zhang_1809.08327_quantifying_uncertainty.pdf
OTHER	22852	zhang-spde-deepxde/venv/lib/python3.12/site-packages/matplotlib/mpl-data/images/matplotlib.pdf
PDE-100	14911926	PDE-replications/apbs-pb/apbs-src/docs/media/2008-12_workshop_handouts.pdf
PDE-100	15743590	PDE-replications/apbs-pb/apbs-src/docs/media/2008-12_workshop_lecture.pdf
PDE-100	8834036	PDE-replications/apbs-pb/apbs-src/docs/media/2009-03_BII_basic.pdf
PDE-100	165806	PDE-replications/apbs-pb/apbs-src/tools/matlab/solver/MATLAB_PB_SOLVER.pdf
PDE-100	186591	PDE-replications/apbs-pb/apbs-src/tools/matlab/solver/MATLAB_PB_SOLVER_5/MATLAB_PB_SOLVER_5.pdf
PDE-100	221106	PDE-replications/apbs-pb/apbs-src/tools/matlab/solver/MATLAB_PB_SOLVER_6/MATLAB_PB_SOLVER_6.pdf
PDE-100	1315457	PDE-replications/apbs-pb/apbs-src/tools/matlab/solver/MATLAB_PB_SOLVER_6/MATLAB_PB_SOLVER_AND_GUI.pdf
PDE-100	1462704	PDE-replications/apbs-pb/apbs-src/tools/matlab/solver/MATLAB_PB_SOLVER_7/MATLAB_PB_SOLVER_AND_GUI.pdf
PDE-100	110248	PDE-replications/apbs-pb/apbs-src/tools/matlab/solver/born-ion-model-example.pdf
PDE-100	116650	PDE-replications/apbs-pb/apbs-src/tools/matlab/solver/two-ions-model-example.pdf
PDE-100	3429004	PDE-replications/dedalus/paper/dedalus_burns2020.pdf
PDE-100	21800	PDE-replications/dedalus/replication/01_poisson_convergence/convergence.pdf
PDE-100	24490	PDE-replications/dedalus/replication/04_eigenvalue_waves/evp_convergence.pdf
PDE-100	18355	PDE-replications/dedalus/replication/05_scaling/scaling.pdf
PDE-100	22852	PDE-replications/dedalus/venv/lib/python3.12/site-packages/matplotlib/mpl-data/images/matplotlib.pdf
PDE-100	4057242	PDE-replications/fast-poisson-spectral/paper/fortunato_townsend_2018.pdf
PDE-100	17449	PDE-replications/fem-vs-pinns/replication/figures/convergence_1d_poisson.pdf
PDE-100	16109	PDE-replications/fem-vs-pinns/replication/figures/convergence_2d_poisson.pdf
PDE-100	14478	PDE-replications/fem-vs-pinns/replication/figures/pareto_1d_allencahn.pdf
PDE-100	17067	PDE-replications/fem-vs-pinns/replication/figures/pareto_1d_poisson.pdf
PDE-100	15806	PDE-replications/fem-vs-pinns/replication/figures/pareto_2d_poisson.pdf
PDE-100	22852	PDE-replications/fipy-wave4/venv/lib/python3.14/site-packages/matplotlib/mpl-data/images/matplotlib.pdf
PDE-100	22852	PDE-replications/fno-original-wave4/venv/lib/python3.12/site-packages/matplotlib/mpl-data/images/matplotlib.pdf
PDE-100	364911	PDE-replications/galerkin-stochastic-burgers/paper.pdf
PDE-100	3283755	PDE-replications/jax-cfd/paper/2102.01010.pdf
PDE-100	22852	PDE-replications/jax-cfd/venv/lib/python3.11/site-packages/matplotlib/mpl-data/images/matplotlib.pdf
PDE-100	39642	PDE-replications/latent-spectral-models/replication/figures/curves.pdf
PDE-100	20623	PDE-replications/latent-spectral-models/replication/figures/ns_curves.pdf
PDE-100	5226517	PDE-replications/lifex-cfd/paper.pdf
PDE-100	214083	PDE-replications/lifex-cfd/repo/core/doc/logo/lifex.pdf
PDE-100	213883	PDE-replications/lifex-cfd/repo/core/doc/logo/lifex_dark.pdf
PDE-100	209109	PDE-replications/lifex-cfd/repo/core/doc/logo/lifex_dark_logo.pdf
PDE-100	209166	PDE-replications/lifex-cfd/repo/core/doc/logo/lifex_logo.pdf
PDE-100	322113	PDE-replications/lightning-laplace/refs/gopal-trefethen-2019.pdf
PDE-100	45409	PDE-replications/lowrank-vlasov-poisson/figures/landau_E_envelope.pdf
PDE-100	20257	PDE-replications/lowrank-vlasov-poisson/figures/rank_error.pdf
PDE-100	59460	PDE-replications/lowrank-vlasov-poisson/figures/twostream_E.pdf
PDE-100	2832622	PDE-replications/modal-space-stochastic-zhang-2019/paper/zhang2019_modal_space_spde.pdf
PDE-100	1006890	PDE-replications/modified-pnp/paper.pdf
PDE-100	249696	PDE-replications/optimized-schwarz-helmholtz/paper_arxiv.pdf
PDE-100	952445	PDE-replications/optimized-schwarz-helmholtz/paper_ddm.pdf
PDE-100	22852	PDE-replications/pdebench/venv/lib/python3.12/site-packages/matplotlib/mpl-data/images/matplotlib.pdf
PDE-100	1688811	PDE-replications/pinn-domain-decomp-2023/paper/paper.pdf
PDE-100	12144886	PDE-replications/pinn-rans-eivazi-2022/paper/eivazi2022_pinn_rans.pdf
PDE-100	13412503	PDE-replications/poisson-flow-generative/paper.pdf
PDE-100	350710	PDE-replications/pwdg-helmholtz/paper.pdf
PDE-100	2743918	PDE-replications/pyclaw-wave4/repass_paper/pyclaw_paper.pdf
PDE-100	8979014	PDE-replications/walk-on-stars/repass_paper/wost_paper.pdf
PDE-100	587261	PDE-replications/walk-on-stars/wost-simple/WoSt-tutorial.pdf
PDE-100	335074	PDE-replications/walk-on-stars/wost-simple/tex/images/CurveOrientation.pdf
