{
  "random": {
    "mean_restored_frac": 0.9970437696747633,
    "std_restored_frac": 0.008382429427232082,
    "mean_steps": 587.8666666666667,
    "mean_inference_s": 0.0
  },
  "greedy": {
    "mean_restored_frac": 0.9963273489603839,
    "std_restored_frac": 0.0007478286196431545,
    "mean_steps": 430.3333333333333,
    "mean_inference_s": 0.0
  },
  "gcn": {
    "mean_restored_frac": 0.996726427940078,
    "std_restored_frac": 0.0016791846419079467,
    "mean_steps": 474.23333333333335,
    "mean_inference_s": 2.393029967943827
  },
  "mlp": {
    "mean_restored_frac": 0.5518155799994988,
    "std_restored_frac": 0.3897151750206543,
    "mean_steps": 591.1666666666666,
    "mean_inference_s": 1.9496996959050497
  }
}