name	short	t0set	num	nMapped	nPastEnd	nGenic	nUsed	gMed	gMedt0	gMean	cor12	mad12	mad12c	mad12c_t0	opcor	adjcor	gccor	maxFit	u
set1H1	Time0	7/15/2013 Phaeo_ML1_set1	1	1165248	100	712249	711481	109	111	229.584059373992	0.191714309381908	0.232229308505007	0.678071905112637	0.70626879694329	0.289069934399576	0.253697197080391	0.134181507888111	1.82791695266351	FALSE
set1H2	Time0	7/15/2013 Phaeo_ML1_set1	2	1293645	91	790917	790057	111	109	254.939335269442	0.191714309381908	0.232229308505007	0.70626879694329	0.678071905112637	0.289069934399576	0.253697197080391	-0.134181507888111	3.35432923419621	FALSE
set1H3	L-Arginine (N)	7/15/2013 Phaeo_ML1_set1	3	1519751	40	922725	921336	150	219	297.301064859632	0.593491645198255	0.239288468009353	0.70626879694329	0.66917550462424	0.537960557893228	0.328117669282547	0.0529746130999449	2.98757919999297	FALSE
set1H4	L-Histidine (N)	7/15/2013 Phaeo_ML1_set1	4	1400324	41	863760	862687	136	219	278.375927718619	0.494672266579756	0.333778993074263	0.76888077424297	0.66917550462424	0.386468168675052	0.269855364869285	0.0147737027943772	5.29398934569472	FALSE
set1H5	L-Glutamic (N)	7/15/2013 Phaeo_ML1_set1	5	1311831	38	794465	793531	130	219	256.060342045821	0.666276520287858	0.226956116052304	0.692265786695391	0.66917550462424	0.667720069009673	0.511421594565802	0.0861117033591457	2.6454137892895	FALSE
set1H6	L-Serine (N)	7/15/2013 Phaeo_ML1_set1	6	1332772	117	839672	837427	112	219	270.224911261697	0.305778239574739	0.897101345912711	1.37702123568225	0.66917550462424	0.303895568037436	0.192234609874995	0.12682910818087	7.60250704366552	FALSE
set1H7	L-Threonine (N)	7/15/2013 Phaeo_ML1_set1	7	1316713	47	809769	808388	124	219	260.854469183608	0.34314990618304	0.554975170246599	0.925999418556223	0.66917550462424	0.394621148782762	0.284936787471694	0.11021886917978	5.89851764178399	FALSE
set1H8	L-Asparagine (N)	7/15/2013 Phaeo_ML1_set1	8	1278761	34	777015	776091	123	219	250.432720232333	0.541483506960819	0.226806978062325	0.716207033999409	0.66917550462424	0.517579574010723	0.374235516068465	0.039953376704959	2.43305724541915	FALSE
set1H9	L-Glutamine (N)	7/15/2013 Phaeo_ML1_set1	9	1062978	47	647578	646741	104	219	208.693449499839	0.528146545271705	0.235748617915845	0.700439718141092	0.66917550462424	0.548646647272879	0.451671462793903	0.0624683480763656	2.3483632892122	FALSE
set1H10	Glycine (N)	7/15/2013 Phaeo_ML1_set1	10	1462961	23	970263	969448	95	219	312.826072926751	0.194267492533385	0.896021355672993	1.36257007938471	0.66917550462424	0.231740695384459	0.12412847340622	0.10082643845286	8.56525551153735	FALSE
set1H11	L-Proline (N)	7/15/2013 Phaeo_ML1_set1	11	1171490	46	706759	705739	124	219	227.731203614069	0.756613940344258	0.243158387622374	0.68805599368526	0.66917550462424	0.781922550199808	0.590131800754447	0.154579112481745	4.39354748125861	FALSE
set1H12	L-Alanine (N)	7/15/2013 Phaeo_ML1_set1	12	1253634	47	755477	754311	131	219	243.404646660213	0.747628122447697	0.236309875602496	0.683526335204745	0.66917550462424	0.763856133581376	0.598476796017915	0.154718195800993	3.13179486381865	FALSE
set1H13	L-Valine (N)	7/15/2013 Phaeo_ML1_set1	13	1163509	68	704847	703306	120	219	226.946111648919	0.66017407251507	0.353191960261394	0.74234879086311	0.66917550462424	0.63866611426403	0.58640520386742	0.13701673769572	2.95292151321848	FALSE
set1H14	L-Leucine (N)	7/15/2013 Phaeo_ML1_set1	14	805270	30	487673	486884	84	219	157.110035495321	0.592681638073198	0.314333980384316	0.736965594166207	0.66917550462424	0.636015691226322	0.471467468442438	0.112206784182079	2.98934019315728	FALSE
set1H15	L-Phenylalanine (N)	7/15/2013 Phaeo_ML1_set1	15	1195470	36	735701	734525	118	219	237.020006453695	0.601441774273114	0.344390464745743	0.747612838365715	0.66917550462424	0.577938490713415	0.498905069357449	0.11660571971627	4.33185936741023	FALSE
set1H16	D-Alanine (N)	7/15/2013 Phaeo_ML1_set1	16	1358059	44	821158	819616	144	219	264.477573410778	0.667992302790431	0.25942771539078	0.700439718141092	0.66917550462424	0.658784170781968	0.534755289484626	0.137700630063049	2.61025230280226	FALSE
set1H17	L-Citrulline (N)	7/15/2013 Phaeo_ML1_set1	17	1358637	48	818807	817586	143	219	263.822523394643	0.794994794362687	0.225382950910613	0.678071905112638	0.66917550462424	0.79081772255042	0.661103118424915	0.186043407594373	3.61598947529541	FALSE
set1H18	casaminos (N)	7/15/2013 Phaeo_ML1_set1	18	1244252	44	751630	750630	129	219	242.216844143272	0.559502543923026	0.25151848368477	0.698344300138899	0.66917550462424	0.580431726055898	0.472354112798849	0.107704677977529	2.00662357187201	FALSE
set1H19	Putrescine (N)	7/15/2013 Phaeo_ML1_set1	19	1074760	51	651492	650206	107	219	209.811552113585	0.614136371331385	0.367196835586448	0.756728848987636	0.66917550462424	0.622220466124798	0.463995194002881	0.136184535115048	4.85120616005991	FALSE
set1H20	Cytidine (N)	7/15/2013 Phaeo_ML1_set1	20	1186952	35	718109	716927	123	219	231.341400451759	0.634180230652546	0.26580694311374	0.71822903158462	0.66917550462424	0.642846785054468	0.480337937465354	0.125974946748778	3.25557943216597	FALSE
set1H21	L-Arginine (N)	7/15/2013 Phaeo_ML1_set1	21	1260864	45	766983	765972	125	219	247.167473378509	0.596644694373933	0.251012893482837	0.678071905112637	0.66917550462424	0.579856289865926	0.426692253701897	0.084078234358186	3.08483937141226	FALSE
set1H22	L-Histidine (N)	7/15/2013 Phaeo_ML1_set1	22	1280911	28	788834	787834	123	219	254.222007099064	0.523808176526894	0.340828504374407	0.765534746362976	0.66917550462424	0.488014527321567	0.266221135287417	0.0385372369580749	4.81446840518104	FALSE
set1H23	L-Glutamic (N)	7/15/2013 Phaeo_ML1_set1	23	1277578	39	770530	769624	133	219	248.345918038077	0.785391949445846	0.221832640163457	0.683215208388598	0.66917550462424	0.785408851406475	0.65634485959041	0.16479588796571	3.18096614723876	FALSE
set1H24	L-Serine (N)	7/15/2013 Phaeo_ML1_set1	24	926562	1	573099	572027	86	219	184.584382058729	0.310228186423501	0.84624849398076	1.32192809488736	0.66917550462424	0.344068066748161	0.289326690759863	0.108596153572508	7.39803560579374	FALSE
set1H25	L-Threonine (N)	7/15/2013 Phaeo_ML1_set1	25	1611820	65	995540	993621	154	219	320.62633107454	0.407143428442288	0.522367075501969	0.938599455335857	0.66917550462424	0.460355229571134	0.290782931460871	0.0871800836764247	5.66155993808085	FALSE
set1H26	L-Asparagine (N)	7/15/2013 Phaeo_ML1_set1	26	1398248	27	851223	850238	134	219	274.358825427557	0.514356598977999	0.227109244097281	0.703606997219775	0.66917550462424	0.56290333023512	0.401667387915348	0.000807260822688503	2.20426045132665	FALSE
set1H27	L-Glutamine (N)	7/15/2013 Phaeo_ML1_set1	27	1250784	57	753436	752276	134	219	242.747983220394	0.791551759226748	0.224847000771146	0.685413880453805	0.66917550462424	0.795644150849671	0.662796846895007	0.189170952388246	3.85314853317794	FALSE
set1H28	Glycine (N)	7/15/2013 Phaeo_ML1_set1	28	1193176	14	795580	794889	79	219	256.498547918683	0.272334544113516	0.827500802690814	1.32192809488736	0.66917550462424	0.372727000502542	0.298108723790999	0.140554405470668	8.8417471258978	FALSE
set1H29	L-Proline (N)	7/15/2013 Phaeo_ML1_set1	29	1186855	44	719635	718766	123	219	231.934817683124	0.563007796590876	0.276430551702503	0.710493382805015	0.66917550462424	0.55246938711463	0.427363764258609	0.0922809409917871	3.10926604740792	FALSE
set1H30	L-Alanine (N)	7/15/2013 Phaeo_ML1_set1	30	1004751	31	606170	605146	106	219	195.271377863827	0.635609538873168	0.284287806385883	0.718587064851351	0.66917550462424	0.668104482368584	0.553378067521966	0.127652144305639	2.95812803130475	FALSE
set1H31	L-Valine (N)	7/15/2013 Phaeo_ML1_set1	31	954223	35	579002	577870	98	219	186.469828977089	0.568443719710457	0.418475560645104	0.793549122532573	0.66917550462424	0.544398261348978	0.439849004950914	0.130010807808154	2.97274519679503	FALSE
set1H32	L-Leucine (N)	7/15/2013 Phaeo_ML1_set1	32	1072527	41	653834	652682	109	219	210.610519522427	0.654050253787288	0.293851949278386	0.708537185839688	0.66917550462424	0.661908975477886	0.524680808775235	0.149970936126087	3.77688350790762	FALSE
set1H34	D-Alanine (N)	7/15/2013 Phaeo_ML1_set1	34	497380	6	301331	300520	52	219	96.973217166828	0.350594678796842	0.669169677602345	0.944858445807538	0.66917550462424	0.46775607532847	0.352918407432401	0.139357804924152	3.74886397909167	FALSE
set1H35	L-Citrulline (N)	7/15/2013 Phaeo_ML1_set1	35	1260314	54	759609	758575	135	219	244.780574378832	0.780133901348246	0.233538653070671	0.686997134892121	0.66917550462424	0.775352649097763	0.656718140010428	0.175528015718825	3.40456521407582	FALSE
set1H36	casaminos (N)	7/15/2013 Phaeo_ML1_set1	36	1347750	46	820738	819832	126	219	264.547273313972	0.488083140743865	0.223922404273295	0.700439718141092	0.66917550462424	0.522957828877753	0.386485998596194	-0.0001737389063549	1.72945581024097	FALSE
set1H37	Putrescine (N)	7/15/2013 Phaeo_ML1_set1	37	590456	19	363569	362998	55	219	117.13391416586	0.524299746609296	0.42854160530638	0.772589503896928	0.66917550462424	0.524064984311501	0.399415847541819	0.0999468566368372	6.14905258479773	FALSE
set1H38	Cytidine (N)	7/15/2013 Phaeo_ML1_set1	38	460376	17	278208	277814	49	219	89.6463375282349	0.42610204453804	0.382442297644773	0.765534746362977	0.66917550462424	0.453882654187806	0.325575080905711	0.0909290632301115	2.87393277614319	FALSE
set1H39	Time0	8/1/2013 Phaeo_ML1_set1	39	983016	103	597791	597065	100	84	192.663762504034	0.0499378935766181	0.272319643406502	0.696422931209699	0.68805599368526	0.047204553508351	0.0940026728125121	-0.0802261706657864	2.18489095860534	FALSE
set1H40	Time0	8/1/2013 Phaeo_ML1_set1	40	815391	69	494927	494304	84	100	159.50435624395	0.0499378935766181	0.272319643406502	0.68805599368526	0.696422931209699	0.047204553508351	0.0940026728125121	0.0802261706657864	2.32816641643634	FALSE
set1H41	m.b.  Nickel (II) chloride 0.625 mM	8/1/2013 Phaeo_ML1_set1	41	1028426	104	619705	618712	108	184	199.648919006131	0.297379471293068	0.258230554873612	0.691877704637669	0.669851398307669	0.359494166653565	0.178821292129081	0.0440072876844154	3.00443269410746	TRUE
set1H42	m.b.  Nickel (II) chloride 1 mM	8/1/2013 Phaeo_ML1_set1	42	959870	56	575981	574831	103	184	185.48919006131	0.408904393998433	0.279917793811559	0.691877704637668	0.669851398307669	0.504109035021356	0.346679360951941	0.0877644390402424	1.75963369360534	FALSE
set1H43	m.b.  Cobalt chloride 0.625 mM	8/1/2013 Phaeo_ML1_set1	43	976299	107	589732	587443	100	184	189.558889964505	0.167780203908642	0.251127713207076	0.698109658349183	0.669851398307669	0.218213556300348	0.103635099677189	-0.0543810052775395	4.52610644510533	TRUE
set1H44	m.b.  copper (II) chloride 0.3125 mM	8/1/2013 Phaeo_ML1_set1	44	703094	22	447304	446068	28	184	143.939335269442	0.208995503802807	0.612886731409457	1.19555080911781	0.669851398307669	0.284903951852709	0.1753745589645	0.0835905891835606	8.78122907569499	FALSE
set1H45	m.b.  sodium fluoride 50 mM	8/1/2013 Phaeo_ML1_set1	45	315103	50	190398	190107	25	184	61.3446272991288	0.367634054832107	0.566656552415778	0.943416471633632	0.669851398307669	0.448719321970248	0.420278536733003	-0.18733512925998	3.34963142853024	FALSE
set1H47	m.b.  Paraquat dichloride 0.032 mg/ml	8/1/2013 Phaeo_ML1_set1	47	1329547	100	820780	819884	124	184	264.564052920297	0.240229982975416	0.243042725121533	0.691877704637669	0.669851398307669	0.300193035659985	0.247316310275082	-0.108468499839859	8.41977396583531	TRUE
set1H48	m.b.  Thallium(I) acetate 0.002 mg/ml	8/1/2013 Phaeo_ML1_set1	48	1306085	79	793723	792773	128	184	255.815747015166	0.383590113793462	0.24228358691979	0.710493382805015	0.669851398307669	0.484208952451627	0.324021383300389	-0.171420415269851	2.12855831155894	FALSE
set2H1	m.b.  Cisplatin 0.0125 mg/ml	8/1/2013 Phaeo_ML1_set2	49	1819841	190	1096961	1094738	190	310	353.255243626976	0.397170203651227	0.243212824480126	0.718024030512746	0.669851398307669	0.421890809260708	0.338539736630537	0.0406148472729488	2.49309275012526	FALSE
set2H2	m.b.  Cisplatin 0.025 mg/ml	8/1/2013 Phaeo_ML1_set2	50	2044501	219	1236922	1233539	222	310	398.044207808971	0.34584278762831	0.256171827603683	0.690044546778713	0.669851398307669	0.391490064430871	0.315768340871943	0.0847156584154258	2.58431480375883	FALSE
set2H3	m.b.  Cisplatin 0.05 mg/ml	8/1/2013 Phaeo_ML1_set2	51	1799810	210	1084379	1078944	173	310	348.15876089061	0.351431051083598	0.354496696736584	0.765534746362977	0.669851398307669	0.452870759194582	0.4009133993428	0.0813925455776646	4.44014080217804	FALSE
set2H4	m.b.  Zinc 0.32 mM	8/1/2013 Phaeo_ML1_set2	52	2020957	140	1220809	1218956	214	310	393.338496289126	0.391637068679328	0.21922741943103	0.678071905112637	0.669851398307669	0.391853299859091	0.231116782808931	0.0488197144102904	2.1776775229084	TRUE
set2H5	marine broth	8/1/2013 Phaeo_ML1_set2	53	2326383	153	1411426	1409236	238	310	454.738948047757	0.289154955246539	0.212105057394018	0.669851398307669	0.669851398307669	0.287920386537305	0.152976801568473	0.00923225846608556	3.14370166580483	TRUE
set2H6	m.b.  nitrate 50 mM	8/1/2013 Phaeo_ML1_set2	54	2043662	143	1238041	1236561	207	310	399.019361084221	0.250652207873254	0.211310346850294	0.672425341971495	0.669851398307669	0.211004560132902	0.0756630926382523	-0.0307019544995338	2.78673892106969	TRUE
set2H7	m.b.  nitrate 100 mM	8/1/2013 Phaeo_ML1_set2	55	2273987	186	1375649	1373650	237	310	443.25588899645	0.357637111208753	0.204079670309786	0.706803623655954	0.669851398307669	0.398919066165791	0.202188297645264	0.050972383803265	3.17705778411993	TRUE
set2H8	m.b.  Chlorate 40 mM	8/1/2013 Phaeo_ML1_set2	56	1968177	128	1189936	1188127	206	310	383.390448531784	0.38925083704056	0.212562906369866	0.664961822786377	0.669851398307669	0.474225233569531	0.319016187766671	0.100905076831484	2.71701725874352	FALSE
set2H9	m.b.  perchlorate 50 mM	8/1/2013 Phaeo_ML1_set2	57	1540779	114	931551	930409	158	310	300.228783478541	0.207966589357298	0.229270602593377	0.702798991015015	0.669851398307669	0.159972145730527	0.107003267058877	0.0246386365589226	2.20843649054944	TRUE
set2H10	m.b.  perchlorate 100 mM	8/1/2013 Phaeo_ML1_set2	58	1671697	139	1008113	1006632	178	310	324.824782187802	0.307046675622284	0.247512767738363	0.700439718141092	0.669851398307669	0.343631296940997	0.264220126149176	0.0944588681955016	2.40098404283386	FALSE
set2H11	m.b.  Polymyxin B sulfate 0.0008 mg/ml	8/1/2013 Phaeo_ML1_set2	59	2074274	142	1259450	1257991	206	310	405.934494998387	0.257149824887282	0.212302990180259	0.702095134319154	0.669851398307669	0.273245977573922	0.0833535489228458	-0.0511538098997978	2.37568449056609	TRUE
set2H12	marine broth	8/1/2013 Phaeo_ML1_set2	60	1973389	129	1202306	1200753	181	310	387.464666021297	0.520436241117056	0.208359531712567	0.701155518225679	0.669851398307669	0.585757397825824	0.413016553342291	-0.207034795240359	2.33059588969695	FALSE
set2H13	m.b.  Benzalkonium Chloride 0.002 mg/ml	8/1/2013 Phaeo_ML1_set2	61	1572154	89	954394	953026	158	310	307.526944175541	0.266441457248853	0.280447954009171	0.70626879694329	0.669851398307669	0.275955142164976	0.106874577130573	-0.0752461907312759	3.61108616305911	TRUE
set2H14	m.b.  Benzalkonium Chloride 0.004 mg/ml	8/1/2013 Phaeo_ML1_set2	62	1125269	20	730355	729127	47	310	235.278154243304	0.191771013659974	0.98440943891155	1.75488750216347	0.669851398307669	0.114654507344839	0.132006658872406	0.0545885571826728	9.22364401614171	FALSE
set2H15	m.b.  Aluminum chloride 1.25 mM	8/1/2013 Phaeo_ML1_set2	63	1633159	122	989089	987629	173	310	318.692804130365	0.22529842899191	0.214617206407749	0.664621949898807	0.669851398307669	0.171855313182237	0.0923666172076733	-0.00940024460519814	1.50315668207712	TRUE
set2H16	m.b.  benzoic 0.145 mg/ml	8/1/2013 Phaeo_ML1_set2	64	1965092	162	1194529	1192777	208	310	384.89093255889	0.195051896847231	0.208959755839233	0.679740725473256	0.669851398307669	0.176186758330397	0.119017183392413	0.039418099977182	4.40876851579757	TRUE
set2H17	m.b.  Phosphomycin 1 mg/ml	8/1/2013 Phaeo_ML1_set2	65	1970819	163	1193746	1192251	202	310	384.721200387222	0.326679445553196	0.213869947142844	0.702001921911375	0.669851398307669	0.376711728780771	0.152457612778383	0.0344250768516889	3.15886014744192	TRUE
set2H18	m.b.  Phosphomycin 2 mg/ml	8/1/2013 Phaeo_ML1_set2	66	1930609	89	1169252	1167135	200	310	376.61665053243	0.515304370946252	0.235036360900794	0.707446507246151	0.669851398307669	0.572919495765004	0.390412616692183	0.082507712067746	3.35234196559922	FALSE
set2H19	m.b.  Bacitracin 0.125 mg/ml	8/1/2013 Phaeo_ML1_set2	67	1991483	150	1201138	1199188	202	310	386.959664407874	0.445084849041546	0.235567015150546	0.688641146822825	0.669851398307669	0.478469939385432	0.269621281907407	0.0537625476247229	2.94453523418588	FALSE
set2H20	m.b.  Bacitracin 0.25 mg/ml	8/1/2013 Phaeo_ML1_set2	68	674089	12	298812	297514	6	310	96.0032268473701	0.373639985789138	0.606104309815779	1.16992500144231	0.669851398307669	0.472056932267772	0.406114851450477	0.0994506587203681	14.7465673803785	FALSE
set2H21	m.b.  Fusidic 0.0002 mg/ml	8/1/2013 Phaeo_ML1_set2	69	1064494	54	649833	648878	72	310	209.383026782833	0.254253382885682	0.343854009190626	0.744161095570409	0.669851398307669	0.14102510632804	0.018585175652355	-0.045931862181841	17.9538341194148	TRUE
set2H22	m.b.  Dimethyl Sulfoxide 10 vol%	8/1/2013 Phaeo_ML1_set2	70	1540674	103	933751	931327	166	310	300.525008067118	0.375079348926083	0.316622316493299	0.753360032416875	0.669851398307669	0.45505694014025	0.38595800109508	0.111465577154651	3.19615766593218	FALSE
set2H23	marine broth	8/1/2013 Phaeo_ML1_set2	71	1919713	118	1168356	1167104	185	310	376.606647305582	0.383020624192142	0.206430556103364	0.700439718141092	0.669851398307669	0.418500923749401	0.282191319604848	-0.139048755189774	2.24311802438618	FALSE
set2H24	m.b.  Vancomycin 0.032 mg/ml	8/1/2013 Phaeo_ML1_set2	72	1728252	171	1050983	1049171	167	310	338.551468215553	0.338478725222818	0.271729148973199	0.716207033999408	0.669851398307669	0.30844061992414	0.168230360235171	-0.0913523091995637	4.58113797620226	TRUE
set2H25	m.b.  A22 0.02 mg/ml	8/1/2013 Phaeo_ML1_set2	73	2022949	144	1227219	1225284	203	310	395.380445304937	0.221447903733235	0.220615021432886	0.678071905112638	0.669851398307669	0.24055855934927	0.134469889884604	-0.0906081532868799	1.39105176898085	TRUE
set2H26	m.b.  A22 0.04 mg/ml	8/1/2013 Phaeo_ML1_set2	74	2125447	142	1284405	1282451	229	310	413.827363665699	0.254329501959833	0.236152152517467	0.695742931439693	0.669851398307669	0.310057296386537	0.127582711624199	0.0346189686017427	1.45354228298266	TRUE
set2H27	m.b.  Lomefloxacin 0.00078125 mM	8/1/2013 Phaeo_ML1_set2	75	2060677	176	1248692	1246095	199	310	402.095837366893	0.24541755095944	0.233439969969698	0.700439718141093	0.669851398307669	0.307425600115752	0.213469486613561	0.0477069503434264	3.00607947732824	TRUE
set2H28	m.b.  D-Cycloserine 0.0625 mg/ml	8/1/2013 Phaeo_ML1_set2	76	1939855	128	1169843	1167969	203	310	376.885769603098	0.290430620647536	0.280812002606411	0.731803889050427	0.669851398307669	0.302688388191882	0.0978306000595822	-0.0224058029255896	2.13560912722585	TRUE
set2H29	m.b.  Doxycycline hyclate 0.001 mg/ml	8/1/2013 Phaeo_ML1_set2	77	1714005	171	1039947	1038406	178	310	335.07776702162	0.289644637294968	0.238892844198466	0.692296544832478	0.669851398307669	0.290261286400663	0.200587734508764	0.0372992692667254	5.07566714384463	TRUE
set2H30	m.b.  Ceftazidime 0.001 mg/ml	8/1/2013 Phaeo_ML1_set2	78	1609727	95	973949	972514	165	310	313.815424330429	0.199972425620666	0.244277651260475	0.704224192968606	0.669851398307669	0.223795206260305	0.0161542955715497	-0.0180419346552825	2.35811698623092	TRUE
set2H31	marine broth	8/1/2013 Phaeo_ML1_set2	79	2056508	184	1244316	1242662	206	310	400.988060664731	0.258138537509744	0.21776273201842	0.702798991015014	0.669851398307669	0.276058548250962	0.140247275752616	-0.0124228812300089	2.77896689189595	TRUE
set2H32	Time0	8/1/2013 Phaeo_ML1_set2	80	1423786	124	866897	865869	148	159	279.402710551791	0.0238213611352716	0.231985346607038	0.695145418471578	0.66296501272243	0.0354836206824366	-0.0508967299788021	0.00674750161682721	1.56150396028586	FALSE
set2H33	Time0	8/1/2013 Phaeo_ML1_set2	81	1558455	134	946214	945027	159	148	304.945788964182	0.0238213611352716	0.231985346607038	0.66296501272243	0.695145418471578	0.0354836206824366	-0.0508967299788021	-0.0067475016168272	1.52080035517471	FALSE
set2H34	Time0	8/5/2013 Phaeo_ML1_set2	82	1429696	154	870968	869926	145	156	280.711842529848	0.160757612884683	0.22179496746891	0.667923949736555	0.685126662646589	0.209102265673044	0.292868687597317	0.149981203479067	2.25133602817099	FALSE
set2H35	Time0	8/5/2013 Phaeo_ML1_set2	83	1619529	137	989486	988379	156	145	318.934817683124	0.160757612884683	0.22179496746891	0.685126662646589	0.667923949736555	0.209102265673044	0.292868687597317	-0.149981203479067	1.7011814054024	FALSE
set2H36	m.b.  Chloramphenicol 0.0002 mg/ml	8/5/2013 Phaeo_ML1_set2	84	1877592	130	1146869	1145459	172	300	369.622136172959	0.372393365941713	0.228263501413578	0.707023278808767	0.658963082164933	0.397813797807638	0.283868266374172	-0.154220906786888	4.71486821612832	FALSE
set2H37	m.b.  Tetracycline 0.00625 mg/ml	8/5/2013 Phaeo_ML1_set2	85	893275	62	546282	545633	82	300	176.067441110036	0.410992622831654	0.282293366938582	0.700439718141093	0.658963082164933	0.527088949528096	0.35471313600961	-0.168959038257029	3.34815803395289	FALSE
set2H38	m.b.  Spectinomycin 0.00625 mg/ml	8/5/2013 Phaeo_ML1_set2	86	814066	46	493871	493311	80	300	159.183930300097	0.290557103514528	0.283476673561512	0.712074418624495	0.658963082164933	0.251813352809792	0.154849265192637	-0.0742141602555801	2.27401914756531	TRUE
set2H39	m.b.  Nalidixic 0.008 mg/ml	8/5/2013 Phaeo_ML1_set2	87	1413789	95	857591	856037	139	300	276.23007421749	0.366531222396728	0.245125262530323	0.70626879694329	0.658963082164933	0.398876709989211	0.229237608157371	0.0362057581332076	3.11455293729458	TRUE
set2H40	m.b.  Nalidixic 0.016 mg/ml	8/5/2013 Phaeo_ML1_set2	88	1266104	87	769529	767673	118	300	247.716360116166	0.353246055124136	0.26777964508472	0.719892080807265	0.658963082164933	0.425261333576617	0.282604291285104	0.0671908593254724	3.36088188271381	FALSE
set2H41	m.b.  Gentamicin 0.002 mg/ml	8/5/2013 Phaeo_ML1_set2	89	1680450	86	1014512	1013304	164	300	326.977734753146	0.324617594046841	0.23778368073673	0.685891409571937	0.658963082164933	0.267107304547465	0.136353670417265	-0.00529990916495914	2.29376460911551	TRUE
set2H42	m.b.  Gentamicin 0.004 mg/ml	8/5/2013 Phaeo_ML1_set2	90	1466893	109	885688	884599	145	300	285.446595676025	0.38307296279715	0.232419697809925	0.706953025099767	0.658963082164933	0.293408558340876	0.101279266369939	-0.0155008583796155	2.61491012382871	TRUE
set2H43	marine broth	8/5/2013 Phaeo_ML1_set2	91	1486207	107	897417	896191	149	300	289.187157147467	0.343376871710346	0.235274144593027	0.717600269299275	0.658963082164933	0.356537292176398	0.131896702182813	0.0230357206090847	1.93507317296564	TRUE
set2H44	m.b.  Rifampicin 0.004 mg/ml	8/5/2013 Phaeo_ML1_set2	92	992326	49	600629	599683	102	300	193.508551145531	0.395029623236819	0.271484224809461	0.703606997219775	0.658963082164933	0.356294973546681	0.250022748986759	0.0127949055539646	4.55856694591702	FALSE
set2H45	m.b.  methylglyoxal 0.004 vol%	8/5/2013 Phaeo_ML1_set2	93	1472890	85	893805	892468	151	300	287.985801871571	0.375818679672863	0.233873654800349	0.692818490481824	0.658963082164933	0.430570054605775	0.247909062770468	0.00239533059391263	2.09013930957859	TRUE
set2H46	m.b.  methylglyoxal 0.008 vol%	8/5/2013 Phaeo_ML1_set2	94	1401802	105	852490	851225	141	300	274.677315262988	0.197508623197777	0.278130239633615	0.73306113971029	0.658963082164933	0.239159183694096	0.0583283050275537	-0.0626938396156173	1.94495653755439	TRUE
set2H47	m.b.  2-Furfuraldehyde 0.016 vol%	8/5/2013 Phaeo_ML1_set2	95	1879703	101	1141928	1140609	185	300	368.057115198451	0.293636039246646	0.217221054215121	0.702319451359315	0.658963082164933	0.2893060643518	0.18465300557677	-0.1115793360481	1.38713594789989	TRUE
set2H48	m.b.  5-Hydroxymethylfurfural 2.5 mM	8/5/2013 Phaeo_ML1_set2	96	1672677	150	1013146	1011843	167	300	326.506292352372	0.258230655400986	0.223736735636295	0.695145418471578	0.658963082164933	0.302314989753822	0.25858899474163	-0.0900501436490407	1.83146587268709	FALSE
set3H1	Time0	8/5/2013 Phaeo_ML1_set3	97	1686383	187	1016625	1015269	183	208	327.611810261375	0.446541224759528	0.212291911206102	0.678071905112637	0.672835256746491	0.525559367745535	0.485906842137149	0.215183514993596	2.54004306321933	FALSE
set3H2	Time0	8/5/2013 Phaeo_ML1_set3	98	2043438	166	1242063	1240390	208	183	400.254920942239	0.446541224759528	0.212291911206102	0.672835256746491	0.678071905112637	0.525559367745535	0.485906842137149	-0.215183514993596	1.29237641852921	FALSE
set3H3	m.b.  Vanillin 1.25 mM	8/5/2013 Phaeo_ML1_set3	99	1913219	142	1161404	1159475	206	397	374.144885446918	0.29775174568935	0.223834038412526	0.66513284940514	0.656855419202942	0.404811291497673	0.177862420342023	-0.129537977181908	1.34646092643149	TRUE
set3H4	m.b.  Furfuryl Alcohol 0.032 vol%	8/5/2013 Phaeo_ML1_set3	100	1987417	158	1203456	1201738	208	397	387.782510487254	0.316901219473682	0.222959790251382	0.698619282516723	0.656855419202942	0.359690603911136	0.168308958497504	-0.116258352870704	1.36283406879326	TRUE
set3H5	m.b.  Furfuryl Alcohol 0.064 vol%	8/5/2013 Phaeo_ML1_set3	101	1796282	116	1085886	1084174	192	397	349.846402065182	0.250383937547729	0.239649191276526	0.709484857744099	0.656855419202942	0.2645790640856	0.121627653470294	-0.0800495010904403	1.42919354946067	TRUE
set3H6	m.b.  syringaldehyde 1.25 mM	8/5/2013 Phaeo_ML1_set3	102	1882313	114	1138646	1137127	200	397	366.933526944176	0.257669960404651	0.221024536295511	0.683972506552321	0.656855419202942	0.321254708012541	0.128126488148569	-0.13995603086547	1.20945184526722	TRUE
set3H7	marine broth	8/5/2013 Phaeo_ML1_set3	103	2680279	205	1623109	1620893	276	397	523.037431429493	0.31690306857912	0.222189100281293	0.673189683732891	0.656855419202942	0.426219878889721	0.193482771731371	-0.1225582982236	2.20012959383152	TRUE
set3H8	D-Glucose (C)	8/5/2013 Phaeo_ML1_set3	104	1653141	181	998190	996253	176	397	321.475637302356	0.241222313518649	0.325658938027395	0.777607578663551	0.656855419202942	0.208565544248426	0.154595618800724	-0.0195663555834334	2.40336736677379	TRUE
set3H9	D-Fructose (C)	8/5/2013 Phaeo_ML1_set3	105	1218022	90	736735	735432	130	397	237.312681510165	0.212398413350749	0.36453854122471	0.769116117769912	0.656855419202942	0.162077318560425	0.122542309659708	-0.0199710735285462	1.78843180605852	TRUE
set3H10	Sucrose (C)	8/5/2013 Phaeo_ML1_set3	106	1982052	88	1195032	1192673	210	397	384.857373346241	0.269910304436881	0.314035064225626	0.716927840929661	0.656855419202942	0.229647894378368	0.0802112393721049	-0.0305990697448091	2.19818411575536	TRUE
set3H11	a-Ketoglutaric (C)	8/5/2013 Phaeo_ML1_set3	107	1765569	111	1068507	1067011	182	397	344.308163923846	0.359359084159487	0.223222980203444	0.678071905112637	0.656855419202942	0.355952786446096	0.208904108686449	-0.096743808007023	1.37267855007117	TRUE
set3H12	acetate (C)	8/5/2013 Phaeo_ML1_set3	108	596180	69	360427	359220	63	397	115.914811229429	0.135338758468112	0.728588295933115	1	0.656855419202942	0.175965586186336	0.11653739938151	0.0105890899577436	3.62477079492442	FALSE
set3H13	Fumarate (C)	8/5/2013 Phaeo_ML1_set3	109	1500068	100	903074	901765	157	397	290.985801871571	0.205613631073263	0.321652564988839	0.756728848987636	0.656855419202942	0.234513405892701	0.10914949272425	-0.0781369569606216	1.62359470777262	TRUE
set3H15	D-Lactate (C)	8/5/2013 Phaeo_ML1_set3	111	1586618	78	954515	953277	164	397	307.60793804453	0.322512441843809	0.235278374222706	0.70895121799661	0.656855419202942	0.323582412170752	0.107304927746264	-0.112301551956363	1.23747082012466	TRUE
set3H16	L-Lactate (C)	8/5/2013 Phaeo_ML1_set3	112	2394768	141	1440069	1438368	250	397	464.139399806389	0.302039042628579	0.232027917729175	0.682428310156774	0.656855419202942	0.364184021160593	0.154064134941958	-0.109296716536329	2.02907091370458	TRUE
set3H17	D,L-Lactate (C)	8/5/2013 Phaeo_ML1_set3	113	1689688	50	1015781	1014454	177	397	327.34882220071	0.282635011906374	0.248892647966043	0.684224132094233	0.656855419202942	0.276878073068702	0.10244591292853	-0.0971817477635776	1.43528348261001	TRUE
set3H18	pyruvate (C)	8/5/2013 Phaeo_ML1_set3	114	1639849	99	991154	989754	173	397	319.378509196515	0.308361558278783	0.285130075826143	0.71822903158462	0.656855419202942	0.283016254945311	0.151055875237645	-0.0462160654952168	1.78056893499949	TRUE
set3H19	succinate (C)	8/5/2013 Phaeo_ML1_set3	115	1794832	124	1082586	1080881	187	397	348.783801226202	0.303979840987638	0.231935561461572	0.695742931439693	0.656855419202942	0.328701088605084	0.130793602083797	-0.114165939512632	1.65145807891855	TRUE
set3H20	m-Inositol (C)	8/5/2013 Phaeo_ML1_set3	116	1639802	118	988771	987118	172	397	318.527912229752	0.271216864496888	0.30472631945104	0.723586564365007	0.656855419202942	0.211223264197364	0.166769839704141	-0.0350520421110553	2.13379200669258	TRUE
set3H21	Glycerol (C)	8/5/2013 Phaeo_ML1_set3	117	1514711	111	918355	916914	163	397	295.874152952565	0.212074332481453	0.339926642201918	0.753162821694008	0.656855419202942	0.138989793781796	0.0805029792552484	-0.0392150411356823	2.22139368487464	TRUE
set3H22	L-Malic (C)	8/5/2013 Phaeo_ML1_set3	118	2027141	137	1229912	1228506	197	397	396.42013552759	0.686083591114581	0.220571867696981	0.695520875868855	0.656855419202942	0.69390159267349	0.583126119236582	-0.157734838960633	1.79340610705441	FALSE
set3H23	L-Glutamic (C)	8/5/2013 Phaeo_ML1_set3	119	1623215	70	986328	985188	160	397	317.905130687318	0.666583325808501	0.221509549630835	0.695145418471578	0.656855419202942	0.692916042983699	0.550956777962414	-0.153979564383184	1.64768628938817	FALSE
set3H24	L-Threonine (C)	8/5/2013 Phaeo_ML1_set3	120	1433127	3	929876	925892	106	397	298.771216521459	0.141265327928387	0.936425523457582	1.52606881166759	0.656855419202942	0.126037301348657	0.00930022005586561	0.00100212767378158	8.86335608579181	FALSE
set3H25	L-Glutamine (C)	8/5/2013 Phaeo_ML1_set3	121	1695113	99	1018012	1016681	180	397	328.067441110035	0.393734560070972	0.222135345182585	0.691877704637668	0.656855419202942	0.385850076300466	0.283547910598194	-0.0031100200315155	1.69403903381151	FALSE
set3H26	Glycine (C)	8/5/2013 Phaeo_ML1_set3	122	1750246	118	1058952	1056672	183	397	340.97192642788	0.283187459730255	0.332760440928866	0.73039294024272	0.656855419202942	0.233561050336185	0.040139289934167	-0.0860966459414947	2.94845592222616	TRUE
set3H27	L-Proline (C)	8/5/2013 Phaeo_ML1_set3	123	1789277	70	1081989	1080759	182	397	348.744433688287	0.40566110361133	0.23441536807401	0.701439160537065	0.656855419202942	0.46391262100155	0.237508070360451	-0.126036678768724	1.36779537219592	TRUE
set3H28	L-Citrulline (C)	8/5/2013 Phaeo_ML1_set3	124	1533582	99	924995	923450	161	397	297.983220393675	0.219813065010184	0.259318494949176	0.715270523066888	0.656855419202942	0.200611068473229	0.0259273443806211	-0.0817457939184439	1.65457939288591	TRUE
set3H29	casaminos (C)	8/5/2013 Phaeo_ML1_set3	125	1537303	93	930213	929007	162	397	299.776379477251	0.318779198530552	0.247194736176215	0.691877704637668	0.656855419202942	0.367968189000339	0.22241710929929	-0.145275306323368	1.81572773788723	TRUE
set3H30	NAG (C)	8/5/2013 Phaeo_ML1_set3	126	1743515	130	1046785	1044972	182	397	337.19651500484	0.229463019132094	0.345742943058184	0.775293712825306	0.656855419202942	0.25733240225041	0.104803474484879	-0.0249918859209116	1.98664153440911	TRUE
set3H31	D-Glucose (C)	8/5/2013 Phaeo_ML1_set3	127	1264445	101	760685	759210	134	397	244.985479186834	0.232914074357363	0.429514713819954	0.779874185635498	0.656855419202942	0.211900167484253	0.155435716673075	-0.00838303000779655	2.69654860716794	TRUE
set3H32	D-Fructose (C)	8/5/2013 Phaeo_ML1_set3	128	1188349	85	717067	715755	126	397	230.963213939981	0.173970364971079	0.386907848882402	0.761840262805236	0.656855419202942	0.152317474922887	0.15328382528125	-0.0128205024666283	2.2331126747375	TRUE
set3H33	Sucrose (C)	8/5/2013 Phaeo_ML1_set3	129	1336516	70	803889	802570	141	397	258.977089383672	0.175880659578505	0.382272883343932	0.777607578663552	0.656855419202942	0.209547009922674	0.0945735091006827	-0.0265155660317366	2.62380149871636	TRUE
set3H34	a-Ketoglutaric (C)	8/5/2013 Phaeo_ML1_set3	130	1468627	84	888815	887565	155	397	286.403678606002	0.243708471464078	0.234159980488842	0.697971462550343	0.656855419202942	0.261316697835422	0.0786562747879701	-0.0479286369848393	2.39421146351255	TRUE
set3H35	acetate (C)	8/5/2013 Phaeo_ML1_set3	131	936667	71	564416	562890	99	397	181.636011616651	0.207449648412876	0.496906709616649	0.817135942850189	0.656855419202942	0.177815288126969	0.0435248584084012	0.0186378097946463	2.519181886099	TRUE
set3H36	Fumarate (C)	8/5/2013 Phaeo_ML1_set3	132	1625725	101	982873	981518	167	397	316.720877702485	0.449918038401475	0.213093559921475	0.694013448981659	0.656855419202942	0.468371336615873	0.306212489493169	-0.143067898297732	1.3048207688596	FALSE
set3H38	D-Lactate (C)	8/5/2013 Phaeo_ML1_set3	134	595491	42	357744	357213	62	397	115.267182962246	0.208689887224519	0.355967993381506	0.736965594166206	0.656855419202942	0.254059890832396	0.131102076171791	-0.0941879570617339	1.87535523276098	TRUE
set3H39	L-Lactate (C)	8/5/2013 Phaeo_ML1_set3	135	1462988	57	881358	880170	154	397	284.017424975799	0.300226500006902	0.249938116502116	0.700439718141093	0.656855419202942	0.329197409333883	0.167065226037869	-0.116231277911965	1.95510020869335	TRUE
set3H40	D,L-Lactate (C)	8/5/2013 Phaeo_ML1_set3	136	1481643	100	889275	888095	155	397	286.574701516618	0.248061825262034	0.238357898591276	0.674904626033954	0.656855419202942	0.265540138596615	0.0622234018883038	-0.0653270796061174	1.83893684954657	TRUE
set3H41	pyruvate (C)	8/5/2013 Phaeo_ML1_set3	137	1655053	124	1001047	999451	171	397	322.50758309132	0.258598646036338	0.312146338392557	0.741466986401146	0.656855419202942	0.262001733831639	0.139203753464952	-0.0342576812927787	1.90100145560118	TRUE
set3H42	succinate (C)	8/5/2013 Phaeo_ML1_set3	138	1604732	91	960847	959217	169	397	309.524685382381	0.311489193608849	0.251003604733794	0.706803623655954	0.656855419202942	0.303864905734665	0.188291342547227	-0.0118120637907205	1.84092388809347	TRUE
set3H43	m-Inositol (C)	8/5/2013 Phaeo_ML1_set3	139	1393233	94	837298	835938	146	397	269.744433688287	0.280113633368425	0.335056515335061	0.764371751506857	0.656855419202942	0.205701438691527	0.167107180316826	-0.00607757999316147	1.83930740918943	TRUE
set3H44	Glycerol (C)	8/5/2013 Phaeo_ML1_set3	140	1023256	81	620831	619704	106	397	199.969022265247	0.213916258848355	0.391390789561042	0.802698559626382	0.656855419202942	0.161571142190003	0.0615713391789333	-0.0285437077935111	2.68421572482474	TRUE
set3H45	L-Malic (C)	8/5/2013 Phaeo_ML1_set3	141	1815794	134	1093754	1092139	193	397	352.416585995482	0.196758876634709	0.241649976976665	0.696607856550066	0.656855419202942	0.184067204521591	0.0311046137294947	-0.0629527533566763	1.33577577844715	TRUE
set3H46	L-Glutamic (C)	8/5/2013 Phaeo_ML1_set3	142	2037548	136	1229918	1228170	214	397	396.311713455954	0.229489261831108	0.242382014666151	0.70895121799661	0.656855419202942	0.218728062790308	0.0306588927420548	-0.0536855758148685	1.73170164308776	TRUE
set3H47	L-Threonine (C)	8/5/2013 Phaeo_ML1_set3	143	1649307	62	1069007	1064691	117	397	343.559535333979	0.115028113782854	1.03877538916902	1.89308479608349	0.656855419202942	0.0643095042262953	0.0984754546630297	0.00016090123991023	8.82525491609585	FALSE
set3H48	L-Glutamine (C)	8/5/2013 Phaeo_ML1_set3	144	2118372	78	1284897	1283470	211	397	414.156179412714	0.639892271441606	0.220236870983432	0.698262064835722	0.656855419202942	0.668478933131603	0.513724487376081	-0.16807361523638	1.7715386479696	FALSE
set4H1	Glycine (C)	8/5/2013	145	2093650	126	1265577	1263618	214	695	407.750242013553	0.286803005049372	0.310432093474469	0.732519689135016	0.652461261433599	0.291986861793042	0.111659719836521	-0.0744480650744394	1.95793895305101	TRUE
set4H2	L-Proline (C)	8/5/2013	146	2589207	114	1563191	1561206	263	695	503.777347531462	0.247065713784787	0.232342604854946	0.713118852211838	0.652461261433599	0.281819041320948	0.0958386168890593	-0.0824406063410652	1.68090230785353	TRUE
set4H3	L-Citrulline (C)	8/5/2013	147	2068885	115	1248615	1246830	219	695	402.333010648596	0.295612704574117	0.254973843730759	0.710493382805015	0.652461261433599	0.246552175445073	0.187160948893847	-0.0309847715560064	1.77885435009162	TRUE
set4H4	casaminos (C)	8/5/2013	148	2090139	76	1265380	1263819	222	695	407.815101645692	0.207794196770738	0.208493862599094	0.701120395219485	0.652461261433599	0.208396783820764	0.179097361571645	-0.0977833842882126	1.29002325287027	TRUE
set4H5	NAG (C)	8/5/2013	149	2010577	169	1209987	1207798	213	695	389.737979993546	0.373253198348204	0.354614989030121	0.765534746362976	0.652461261433599	0.360389099947215	0.312400667997947	0.0346099882303287	2.19216521207826	FALSE
set4H6	Time0	8/6/2013 Phaeo_ML1_set4	150	2199300	215	1329018	1327278	230	235	428.292352371733	0.04343154846052	0.221349369150958	0.675727964644339	0.669175504624241	0.0185071596348812	0.0340825555435446	0.0202448200342906	1.75737875700645	FALSE
set4H7	Time0	8/6/2013 Phaeo_ML1_set4	151	2232895	205	1349060	1347343	235	230	434.767021619877	0.04343154846052	0.221349369150958	0.669175504624241	0.675727964644339	0.0185071596348812	0.0340825555435446	-0.0202448200342906	1.99724421015902	FALSE
set4H8	m.b.  nitrite 6 mM	8/6/2013 Phaeo_ML1_set4	152	2079070	131	1257217	1255433	218	463	405.10906744111	0.192056673686725	0.271402311347771	0.73039294024272	0.65441683503421	0.145498734567764	0.00896047017112491	-0.00780678558237041	2.96823720578466	TRUE
set4H9	m.b.  nitrite 8 mM	8/6/2013 Phaeo_ML1_set4	153	1562566	175	944789	943091	170	463	304.321071313327	0.210142233839074	0.330480956844727	0.754887502163468	0.65441683503421	0.205657719691327	0.0358511978806162	0.0393696479338777	3.25440359313217	TRUE
set4H10	m.b.  Sisomicin 0.005 mg/ml	8/6/2013 Phaeo_ML1_set4	154	2622052	212	1592859	1590388	221	463	513.193933526944	0.445761007696285	0.245273327693274	0.709813987906239	0.65441683503421	0.318055747326183	0.12533495669213	-0.0204499679885092	4.67220130664141	TRUE
set4H11	m.b.  Chlorite 0.1 mM	8/6/2013 Phaeo_ML1_set4	155	1910039	115	1155156	1153507	198	463	372.219102936431	0.163515740988535	0.24220680751174	0.70781924850669	0.65441683503421	0.101540831847943	0.108673457577966	-0.0591713930438622	1.50833204924935	TRUE
set4H12	m.b.  Chlorite 0.25 mM	8/6/2013 Phaeo_ML1_set4	156	1833309	147	1104193	1101400	197	463	355.40496934495	0.405302665065385	0.2569343955273	0.682259702076071	0.65441683503421	0.452813690468008	0.356267810800807	0.0599050770010889	2.68938415146979	FALSE
set4H13	m.b.  Chloride 600 mM	8/6/2013 Phaeo_ML1_set4	157	1857946	103	1125291	1123439	195	463	362.516618263956	0.213959729857374	0.262977727417297	0.714245517666122	0.65441683503421	0.177806786294271	0.134500231010616	-0.0790147580266085	2.29763017948003	TRUE
set4H14	m.b.  Benzethonium chloride 0.025 mM	8/6/2013 Phaeo_ML1_set4	158	1413904	39	858197	856916	137	463	276.513714101323	0.2406542829264	0.481427692998775	0.84799690655495	0.65441683503421	0.246448188446455	0.130013129897905	-0.0969859011496688	2.55260770542547	TRUE
set4H15	m.b.  Cephalothin 0.0001 mg/ml	8/6/2013 Phaeo_ML1_set4	159	1424335	97	856114	854762	150	463	275.818651177799	0.472773863991126	0.264780639873747	0.711874613203376	0.65441683503421	0.576760225202368	0.385236285045516	0.0988628437354884	2.67766534664556	FALSE
set4H16	marine broth	8/6/2013 Phaeo_ML1_set4	160	1935870	192	1172055	1170470	202	463	377.692804130365	0.0300701177537917	0.19389774320508	0.699694716812433	0.65441683503421	0.0102224108538766	0.0514081349844871	-0.0320114995470185	1.60359802595466	FALSE
set4H17	marine broth	8/6/2013 Phaeo_ML1_set4	161	1045139	74	628752	627160	110	463	202.374959664408	0.152506618945905	0.621322069481082	0.891940254142547	0.65441683503421	0.147361434992824	0.0354883039386027	0.0195439230635071	3.26097663919053	FALSE
set4H18	marine broth	8/6/2013 Phaeo_ML1_set4	162	1927615	99	1161452	1158935	210	463	373.970635688932	0.348828426258965	0.298842095625738	0.733354340613827	0.65441683503421	0.325581968218713	0.163431978255625	0.00418191320459786	2.85888391843489	TRUE
set4H19	marine broth pH6.5	8/6/2013 Phaeo_ML1_set4	163	1883287	90	1135128	1133219	199	463	365.672474991933	0.1444077666451	0.235878022435575	0.713118852211838	0.65441683503421	0.0873996943424928	0.0702380182240441	-0.0281577594483655	1.81466067939733	TRUE
set4H20	marine broth pH6.5	8/6/2013 Phaeo_ML1_set4	164	1925512	89	1159994	1158376	202	463	373.790254920942	0.173488874135334	0.225165484108483	0.697782331055461	0.65441683503421	0.119486670016517	0.08470298683827	-0.0507498027277997	1.56491235189668	TRUE
set4H21	marine broth pH7	8/6/2013 Phaeo_ML1_set4	165	1631712	127	981538	980319	170	463	316.333978702807	0.49834902458796	0.22452830915723	0.692910414088271	0.65441683503421	0.526961926957414	0.381393451599483	0.104405640838398	2.72410546514551	FALSE
set4H22	marine broth pH7	8/6/2013 Phaeo_ML1_set4	166	2218545	122	1359250	1357737	203	463	438.121006776379	0.608996297782729	0.228972641721199	0.699133520640467	0.65441683503421	0.695763563668957	0.555181557918712	-0.195571244380566	3.56070492917297	FALSE
set4H23	marine broth pH8	8/6/2013 Phaeo_ML1_set4	167	1886162	102	1146654	1144626	193	463	369.353339787028	0.207806023746439	0.253905603813832	0.689659879387849	0.65441683503421	0.166776476883308	0.125251561029124	-0.0712482732281594	2.85371251814625	TRUE
set4H24	marine broth pH8	8/6/2013 Phaeo_ML1_set4	168	1776515	109	1084450	1083019	174	463	349.473701193934	0.386515761117832	0.245093159659549	0.721448967650057	0.65441683503421	0.429700947871992	0.33836549315748	-0.145074030463265	2.97203432762211	FALSE
set4H25	marine broth pH9	8/6/2013 Phaeo_ML1_set4	169	1974245	151	1194256	1192301	201	463	384.737334624072	0.190054899453837	0.243926949359169	0.703606997219775	0.65441683503421	0.178579647812188	0.0509948680910872	-0.0721063956753593	1.88365840473263	TRUE
set4H26	marine broth pH9	8/6/2013 Phaeo_ML1_set4	170	2612943	172	1589044	1587013	251	463	512.104872539529	0.53602635075814	0.204395116254307	0.685891409571938	0.65441683503421	0.614703486215483	0.512421796248455	-0.207695981522975	2.04083579940029	FALSE
set4H27	marine broth tube 10C sample1	8/6/2013 Phaeo_ML1_set4	171	1806727	108	1086483	1085060	192	463	350.132300742175	0.470625203472562	0.19086566537534	0.666756591884803	0.65441683503421	0.530549637699699	0.417413559328896	0.0866816943098212	2.3373314801027	FALSE
set4H28	marine broth tube 10C sample2	8/6/2013 Phaeo_ML1_set4	172	1644119	117	992882	991419	167	463	319.91577928364	0.460407117382008	0.196572466008016	0.678071905112637	0.65441683503421	0.527329292517305	0.414399464543665	0.0959508714072421	3.35516330759353	FALSE
set4H29	marine broth tube 15C sample1	8/6/2013 Phaeo_ML1_set4	173	1641473	118	986985	985381	174	463	317.967408841562	0.550622856568476	0.189872130849808	0.674904626033955	0.65441683503421	0.604529606622714	0.504116743947897	0.14382089576671	3.10420432193174	FALSE
set4H30	marine broth tube 15C sample2	8/6/2013 Phaeo_ML1_set4	174	1712116	99	1040190	1038893	171	463	335.234914488545	0.301724357323535	0.222450525945736	0.709962492259599	0.65441683503421	0.316134472437307	0.225302212272651	-0.141126904695834	1.71460685186156	TRUE
set4H31	marine broth tube 25C sample1	8/6/2013 Phaeo_ML1_set4	175	1771241	107	1093631	1092382	159	463	352.494998386576	0.541856302026264	0.205724771163269	0.68805599368526	0.65441683503421	0.567489269657813	0.380413788718997	-0.143729447733301	5.03325201373954	FALSE
set4H32	marine broth tube 25C sample2	8/6/2013 Phaeo_ML1_set4	176	1541650	85	971156	970144	129	463	313.050661503711	0.480941782813061	0.210743124375953	0.678071905112638	0.65441683503421	0.502767689271371	0.303408222446641	-0.0761966039494898	6.28020270756191	FALSE
set4H35	motility inner	8/6/2013 Phaeo_ML1_set4	179	1642145	60	1175492	1173950	69	463	378.815747015166	0.136827358903401	0.759999368543895	1.22239242133645	0.65441683503421	0.169915121789385	0.0915522357349576	0.000144315621096054	8.92688574123775	FALSE
set4H36	motility inner	8/6/2013 Phaeo_ML1_set4	180	1779296	249	1297289	1296388	67	463	418.324620845434	0.131660912082936	0.832308056073248	1.3743955147815	0.65441683503421	0.171427316663698	0.142745100007468	-0.00185387658713605	8.90470831077985	FALSE
set4H37	motility inner	8/6/2013 Phaeo_ML1_set4	181	932833	64	702789	702276	33	463	226.613746369797	0.159399273817366	0.777299152401888	1.24792751344359	0.65441683503421	0.232138803012405	0.169401719474858	-0.0384883128317143	9.16087018612208	FALSE
set4H38	motility outer	8/6/2013 Phaeo_ML1_set4	182	801521	0	696645	696645	0	463	224.796708615682	0.47076122635924	0.362040948272909	0	0.65441683503421	0.57066574707104	0.493205693795054	0.132401511452022	11.3857389844958	FALSE
set4H39	motility outer	8/6/2013 Phaeo_ML1_set4	183	2477260	2	2007693	2007693	0	463	647.851887705712	0.470200412549656	0.378095781425006	0	0.65441683503421	0.565571749138516	0.494406931656155	0.127254983894148	12.5104839524118	FALSE
set4H40	motility outer	8/6/2013 Phaeo_ML1_set4	184	1304170	0	1150677	1150676	0	463	371.30558244595	0.460657372716705	0.3711532505434	0	0.65441683503421	0.560660889246126	0.488932938566885	0.13192856136391	11.9172832631175	FALSE
setAH1	Time0	10/23/2013 Phaeo_Dino_combined_set	185	1295004	106	795634	794819	115	230	256.475959987093	0.506965709134449	0.209233910535419	0.683526335204745	0.669083121885383	0.578662737170851	0.597895144951497	-0.202830169871797	1.41708945235411	FALSE
setAH2	Time0	10/23/2013 Phaeo_Dino_combined_set	186	2291162	179	1398610	1396910	230	115	450.761535979348	0.506965709134449	0.209233910535419	0.669083121885383	0.683526335204745	0.578662737170851	0.597895144951497	0.202830169871797	1.97191595779944	FALSE
setAH3	m.b.  Cholin acetate 40 mM	10/23/2013 Phaeo_Dino_combined_set	187	2358742	147	1426118	1423792	256	347	459.435947079703	0.610276980909754	0.217643855009873	0.696808467694224	0.658246926756387	0.701074314211332	0.575438019238933	0.169049691876525	1.93872383148645	FALSE
setAH4	m.b.  acetate 200 mM	10/23/2013 Phaeo_Dino_combined_set	188	2126656	169	1285235	1283304	232	347	414.10261374637	0.559400656591388	0.242374602792414	0.707671287372167	0.658246926756387	0.645427830793715	0.611254346113714	0.189471923040729	2.22818055499317	FALSE
setAH5	m.b.  1-ethyl-3-methylimidazolium lysine 2 mM	10/23/2013 Phaeo_Dino_combined_set	189	2504160	189	1524386	1522291	259	347	491.220070990642	0.658889584934709	0.227925764608403	0.703828032158293	0.658246926756387	0.704948696129996	0.566703266341977	0.164973607974126	4.71508018844472	FALSE
setAH6	marine broth	10/23/2013 Phaeo_Dino_combined_set	190	2499129	186	1510196	1508214	264	347	486.677637947725	0.633338427835084	0.204519755482517	0.709220603683302	0.658246926756387	0.730388012447246	0.62852587248283	0.180444502779587	2.04252388467605	FALSE
setAH7	m.b.  Cholin acetate 40 mM	10/23/2013 Phaeo_Dino_combined_set	191	1850414	139	1118849	1117182	198	347	360.497579864472	0.605889390275811	0.208557994020873	0.694586991895655	0.658246926756387	0.709503395024555	0.56038153094311	0.189017273969123	2.356403210783	FALSE
setAH9	m.b.  1-ethyl-3-methylimidazolium lysine 2 mM	10/23/2013 Phaeo_Dino_combined_set	193	1956092	109	1189899	1188299	198	347	383.445950306551	0.608133281346437	0.248413775700465	0.730869077224233	0.658246926756387	0.668736393142355	0.520406701073238	0.168003146525687	5.12967311998355	FALSE
setAH10	marine broth	10/23/2013 Phaeo_Dino_combined_set	194	1367586	101	830454	829388	143	347	267.630848660858	0.405869054171052	0.213091272991419	0.697437229979569	0.658246926756387	0.475293842070612	0.334892871130412	0.10853837180531	1.69720776100755	FALSE
setAH11	m.b.  1-ethyl-3-methylimidazolium acetate 20 mM	10/23/2013 Phaeo_Dino_combined_set	195	2542765	118	1538864	1537032	259	347	495.976766698935	0.598124047660011	0.20398025970917	0.662965012722429	0.658246926756387	0.682671303538154	0.441256170315166	0.153635770418757	2.88264322981478	FALSE
setAH12	m.b.  1-ethyl-3-methylimidazolium acetate 10 mM	10/23/2013 Phaeo_Dino_combined_set	196	2351692	123	1413237	1411224	258	347	455.380445304937	0.814007364597673	0.202587159544868	0.68805599368526	0.658246926756387	0.843310618930362	0.749531131979433	0.256245132223251	3.87039735516247	FALSE
setAH13	m.b.  1-ethyl-3-methylimidazolium acetate 5 mM	10/23/2013 Phaeo_Dino_combined_set	197	2102302	110	1296114	1294602	201	347	417.748305905131	0.462459076985283	0.219493459187352	0.711494906650088	0.658246926756387	0.49416254440039	0.370120920202787	0.10130179568648	5.85443468835098	FALSE
setAH14	m.b.  Choline Lysine 3 mM	10/23/2013 Phaeo_Dino_combined_set	198	1640690	108	1002788	1001659	159	347	323.220070990642	0.266702267082746	0.225210837187828	0.70626879694329	0.658246926756387	0.2661046576496	0.18303997915745	0.0190113490664497	4.25842724755775	TRUE
setAH15	m.b.  L-Lysine 200 mM	10/23/2013 Phaeo_Dino_combined_set	199	2132207	154	1288814	1286792	229	347	415.228138109067	0.647926041719095	0.20731192822791	0.694191570475914	0.658246926756387	0.702401110825159	0.604687035597076	0.184810425306805	2.25767919507412	FALSE
setAH16	m.b.  L-Lysine 100 mM	10/23/2013 Phaeo_Dino_combined_set	200	2564604	192	1551183	1549135	270	347	499.882220070991	0.542613780769702	0.20791903732012	0.692818490481823	0.658246926756387	0.586673522803048	0.480030313644638	0.123727969955443	1.97656770018355	FALSE
setAH17	marine broth	10/23/2013 Phaeo_Dino_combined_set	201	2405246	169	1461098	1459544	247	347	470.972571797354	0.467266069062823	0.207443052287626	0.694253489515264	0.658246926756387	0.589543725514927	0.463574556121939	0.136273361481144	1.85799300528902	FALSE
setAH18	m.b.  1-ethyl-3-methylimidazolium acetate 20 mM	10/23/2013 Phaeo_Dino_combined_set	202	2650718	158	1602404	1600106	284	347	516.329783801226	0.657117377952918	0.202785448514421	0.678071905112637	0.658246926756387	0.702644672077013	0.522646979886168	0.182036668545777	2.56136549274504	FALSE
setAH19	m.b.  1-ethyl-3-methylimidazolium acetate 10 mM	10/23/2013 Phaeo_Dino_combined_set	203	2597562	119	1572013	1570040	272	347	506.627944498225	0.568000459940647	0.201305831922011	0.691161904553081	0.658246926756387	0.63690714741401	0.497813398926496	0.165091883223521	2.64892681088048	FALSE
setAH20	m.b.  1-ethyl-3-methylimidazolium acetate 5 mM	10/23/2013 Phaeo_Dino_combined_set	204	2637256	124	1629219	1627091	261	347	525.037431429493	0.661402625466954	0.203304085231765	0.683526335204745	0.658246926756387	0.731895861800461	0.584031466422976	0.178820139809917	5.96831898662405	FALSE
setAH21	m.b.  Choline Lysine 3 mM	10/23/2013 Phaeo_Dino_combined_set	205	2781248	134	1676284	1674119	292	347	540.212649241691	0.754761816323069	0.205354723019538	0.690315500867385	0.658246926756387	0.815719377699665	0.689235885551796	0.22025159059541	3.3380176226324	FALSE
setAH22	m.b.  L-Lysine 200 mM	10/23/2013 Phaeo_Dino_combined_set	206	2830830	176	1714766	1712475	295	347	552.589545014521	0.464714298692781	0.197624735402797	0.699022300269531	0.658246926756387	0.499440291837133	0.343156258535885	0.119636306556272	1.76926116577188	FALSE
setAH24	marine broth	10/23/2013 Phaeo_Dino_combined_set	208	2383368	176	1433196	1431073	261	347	461.785414649887	0.797689153470285	0.199826234095563	0.68251781014383	0.658246926756387	0.858957278438125	0.782704203943469	0.260347109753416	4.20949589913636	FALSE
set5H1	Time0	marchapr14 Phaeo_ML1_set5	209	2430134	217	1463624	1461357	267	900	471.557599225557	0.0114690529577796	0.149804408924625	0.701120395219485	0.66316966483156	0.011122212206408	0.0523139206280175	-0.0148482792723046	0.964633551600358	FALSE
set5H2	Time0	marchapr14 Phaeo_ML1_set5	210	2150390	191	1293961	1291877	233	940	416.868989996773	-0.00324840786750245	0.155891101024334	0.668156436247554	0.670922251339276	-0.0329908389972979	0.00780288133166437	-0.0246004984071587	1.13221488724887	FALSE
set5H3	Time0	marchapr14 Phaeo_ML1_set5	211	3260763	314	1961650	1958543	361	811	631.991932881575	-0.0120852868091485	0.140797951554967	0.670935723831009	0.660035681683757	0.00571068370023363	0.0165047799855406	-0.00281388261447807	1.25897985786663	FALSE
set5H4	Time0	marchapr14 Phaeo_ML1_set5	212	2805943	264	1686019	1683320	309	866	543.181671506938	-0.0028291329416463	0.146712556719582	0.655351828612554	0.671223163724738	0.0279940269966162	0.012393655590571	0.032001659229693	1.16596970413671	FALSE
set5H5	D-Glucose (C)	marchapr14 Phaeo_ML1_set5	213	2524552	130	1527187	1524999	266	1172	492.09390125847	0.350973850843013	0.152434610219563	0.666873698507773	0.666390100065002	0.253695223525583	0.0290659092556193	-0.0466334577184199	4.4030861922585	TRUE
set5H6	D-Glucose (C)	marchapr14 Phaeo_ML1_set5	214	1786910	77	1077327	1075857	190	1172	347.162633107454	0.339386257250501	0.161888684572986	0.683142894660059	0.666390100065002	0.200921955316606	-0.0382620023328942	-0.0554916357206624	4.37385224359143	TRUE
set5H7	D-Fructose (C)	marchapr14 Phaeo_ML1_set5	215	2866352	174	1729515	1726410	302	1172	557.086156824782	0.297291133524828	0.155723719279336	0.679666924668018	0.666390100065002	0.253868585331662	0.0258743697104744	-0.0528762987124646	4.57308419675356	TRUE
set5H8	D-Fructose (C)	marchapr14 Phaeo_ML1_set5	216	2443690	140	1469949	1467603	260	1172	473.573088092933	0.302658531878732	0.149822776725746	0.660707862263228	0.666390100065002	0.230279648273079	0.026421399558299	-0.0595818559844703	4.12780367585653	TRUE
set5H9	Sucrose (C)	marchapr14 Phaeo_ML1_set5	217	1342566	69	807034	805781	145	1172	260.013230074218	0.32151723302198	0.179395833785151	0.678071905112637	0.666390100065002	0.218402517814076	0.0871002106938709	-0.0529531158319137	2.4047831472521	TRUE
set5H10	Sucrose (C)	marchapr14 Phaeo_ML1_set5	218	2130620	115	1280536	1278523	230	1172	412.559858018716	0.340165189672071	0.160032333071978	0.660513533728333	0.666390100065002	0.249503719518139	0.0375792168057742	-0.0569227787729081	2.22232666141672	TRUE
set5H11	D-Xylose (C)	marchapr14 Phaeo_ML1_set5	219	1894513	57	1430932	1429837	105	1172	461.38657631494	0.26699974192003	0.216583004655227	0.693896872274321	0.666390100065002	0.163471411855674	0.0717483234447487	-0.0834924951177817	13.2635121516545	TRUE
set5H12	D-Xylose (C)	marchapr14 Phaeo_ML1_set5	220	2203311	54	1681530	1680347	117	1172	542.222329783801	0.298669079597874	0.188975935307312	0.678071905112637	0.666390100065002	0.214873622557047	0.0336159457517081	-0.0588929938881966	13.386966155458	TRUE
set5H13	a-Ketoglutaric (C)	marchapr14 Phaeo_ML1_set5	221	2006552	87	1202489	1200772	211	1172	387.4707970313	0.373491146588596	0.165631072569258	0.671051477434865	0.666390100065002	0.231237126210469	0.0708439031898689	-0.0474375390457426	2.13769359335046	TRUE
set5H14	a-Ketoglutaric (C)	marchapr14 Phaeo_ML1_set5	222	1503172	83	901078	899851	159	1172	290.368183284931	0.318633306544553	0.182116362437992	0.684735635393649	0.666390100065002	0.237738388403399	0.0661063332767622	-0.0450192758259126	2.2175403392238	TRUE
set5H15	acetate (C)	marchapr14 Phaeo_ML1_set5	223	2414374	124	1459745	1456842	252	1172	470.100677637948	0.233231430322147	0.17833798716048	0.696721962220304	0.666390100065002	0.200022453376089	-0.0318724047290713	-0.0630032932149312	4.8219176590702	TRUE
set5H16	acetate (C)	marchapr14 Phaeo_ML1_set5	224	2640243	214	1606146	1602597	277	1172	517.133591481123	0.260353099983905	0.156591078761958	0.674665303669387	0.666390100065002	0.199197700890762	0.00149643115093191	-0.0600103561468811	5.27473191467769	TRUE
set5H17	Fumarate (C)	marchapr14 Phaeo_ML1_set5	225	2099457	144	1258304	1256125	225	1172	405.332365279122	0.276161493277861	0.182448854602275	0.694707906704499	0.666390100065002	0.208809368982207	0.0762195262917927	-0.0940698553770246	1.91112488813125	TRUE
set5H18	Fumarate (C)	marchapr14 Phaeo_ML1_set5	226	2161012	180	1296475	1293996	234	1172	417.552758954501	0.263292051946303	0.16629917105596	0.673400465388741	0.666390100065002	0.219470967849732	-0.0066948422157183	-0.043491580342022	2.46833564278941	TRUE
set5H19	D-Cellobiose (C)	marchapr14 Phaeo_ML1_set5	227	2139436	80	1283860	1281530	230	1172	413.530171022911	0.309972157500378	0.150724065631202	0.677408749485751	0.666390100065002	0.217096908926048	0.0604502588032839	-0.0518491609845001	3.04241226618789	TRUE
set5H20	D-Cellobiose (C)	marchapr14 Phaeo_ML1_set5	228	2248092	86	1349844	1347483	233	1172	434.812197483059	0.310654372786436	0.174756608720913	0.679910904776419	0.666390100065002	0.215361859980046	0.120105858272184	-0.111062234738643	3.32530844085926	TRUE
set5H21	Trisodium citrate (C)	marchapr14 Phaeo_ML1_set5	229	2048029	97	1232631	1230326	207	1172	397.007421748951	0.328865418262054	0.244891711783117	0.715270523066888	0.666390100065002	0.212179995547595	0.034438414653955	-0.0615373490384201	5.02882428242022	TRUE
set5H22	Trisodium citrate (C)	marchapr14 Phaeo_ML1_set5	230	2768910	112	1657551	1654502	290	1172	533.882542755728	0.343718307407388	0.20124113469304	0.694428480107231	0.666390100065002	0.243019563489158	0.0803940407453514	-0.0518743614565338	3.27180843758553	TRUE
set5H23	L-Lactate (C)	marchapr14 Phaeo_ML1_set5	231	1591318	95	950140	948332	170	1172	306.012262020006	0.296044381482584	0.175101999973186	0.680243004154265	0.666390100065002	0.263235842038067	0.116951148234407	-0.0549795927932658	1.67666489935725	TRUE
set5H24	L-Lactate (C)	marchapr14 Phaeo_ML1_set5	232	1553265	82	927794	926325	165	1172	298.910939012585	0.305009007657616	0.167829031566975	0.685891409571937	0.666390100065002	0.27356757182869	0.0478781632762102	-0.0523617353041289	1.439784805032	TRUE
set5H25	D,L-Lactate (C)	marchapr14 Phaeo_ML1_set5	233	2067630	92	1236669	1234907	223	1172	398.485640529203	0.293380532614708	0.155769188555555	0.674160393342243	0.666390100065002	0.21758627850373	0.0272624011481923	-0.0462105620073608	1.33224518421683	TRUE
set5H26	D,L-Lactate (C)	marchapr14 Phaeo_ML1_set5	234	1927768	83	1154291	1152144	207	1172	371.779283639884	0.280813742804648	0.168830752244688	0.695846606840614	0.666390100065002	0.248518582851423	0.0822867855256255	-0.0486605830341726	1.31413353761781	TRUE
set5H27	pyruvate (C)	marchapr14 Phaeo_ML1_set5	235	1579382	78	948408	947040	166	1172	305.595353339787	0.37313312895744	0.185597926522099	0.685891409571937	0.666390100065002	0.279245014597664	0.0830264512326159	-0.0515424016788656	2.84684147145618	TRUE
set5H28	pyruvate (C)	marchapr14 Phaeo_ML1_set5	236	1583685	81	950912	949368	168	1172	306.346563407551	0.362323604870628	0.175794422200026	0.68326457433296	0.666390100065002	0.234433422604413	0.0752925333386136	-0.0467040494392589	2.60156824294536	TRUE
set5H29	succinate (C)	marchapr14 Phaeo_ML1_set5	237	1971587	141	1181952	1179766	214	1172	380.692481445628	0.259219136885269	0.169620749374316	0.679332451318555	0.666390100065002	0.224522059327956	0.0302674073903208	-0.0559703764029663	2.0473715073658	TRUE
set5H30	succinate (C)	marchapr14 Phaeo_ML1_set5	238	2108092	159	1262681	1260350	230	1172	406.695708292998	0.277049285293985	0.162524345420558	0.673332256619744	0.666390100065002	0.22179643997921	0.0139718468929474	-0.0587443470076913	1.99402204907178	TRUE
set5H31	propionate (C)	marchapr14 Phaeo_ML1_set5	239	2945848	187	1759954	1756902	321	1172	566.92545982575	0.329038106867686	0.147584409825169	0.665999072812063	0.666390100065002	0.266240570407816	0.070292189545235	-0.0424680310881688	1.378642399891	TRUE
set5H32	propionate (C)	marchapr14 Phaeo_ML1_set5	240	2256171	160	1345297	1343147	236	1172	433.413036463375	0.361520441868723	0.163772537210235	0.680119733761496	0.666390100065002	0.250195392537294	0.0456183125725903	-0.0847025056984843	1.74749658489375	TRUE
set5H33	D-Mannitol (C)	marchapr14 Phaeo_ML1_set5	241	1866492	89	1139210	1136968	185	1172	366.882220070991	0.308447075350219	0.178546990071131	0.667923949736555	0.666390100065002	0.244978810980752	0.0792189859910023	-0.073520875622474	6.30766395507038	TRUE
set5H34	D-Mannitol (C)	marchapr14 Phaeo_ML1_set5	242	2744299	124	1687345	1684345	277	1172	543.512423362375	0.385108715964477	0.147739679712799	0.679678768142189	0.666390100065002	0.269517287742886	0.105182935834018	-0.0384249346586695	6.74725971789583	TRUE
set5H35	m-Inositol (C)	marchapr14 Phaeo_ML1_set5	243	2365573	119	1416295	1413947	253	1172	456.259115843821	0.280206978319547	0.177311365789531	0.681824039973745	0.666390100065002	0.257620373534877	0.0675022668500395	-0.0379012753792967	1.94598157371909	TRUE
set5H36	m-Inositol (C)	marchapr14 Phaeo_ML1_set5	244	2521657	117	1513962	1511299	271	1172	487.673120361407	0.31086707100547	0.164962137713222	0.685891409571937	0.666390100065002	0.287819419906857	0.0384728623818902	-0.039274343493793	2.1007334761152	TRUE
set5H37	D-Sorbitol (C)	marchapr14 Phaeo_ML1_set5	245	1957922	48	1178064	1176520	199	1172	379.645046789287	0.375006837229558	0.2215202719464	0.700439718141093	0.666390100065002	0.325234177227811	0.0564715346142883	-0.0391413268937931	3.12246364381072	TRUE
set5H38	D-Sorbitol (C)	marchapr14 Phaeo_ML1_set5	246	2032941	60	1223758	1221926	214	1172	394.296869958051	0.382697624400717	0.188111409607398	0.715161223847858	0.666390100065002	0.286387619141683	0.071123065397964	-0.0315311301398743	2.91501776479975	TRUE
set5H39	L-Malic (C)	marchapr14 Phaeo_ML1_set5	247	1723693	66	1034904	1033244	185	1172	333.412068409164	0.310633623876999	0.205704662447432	0.693338661765948	0.666390100065002	0.231577797607911	0.0864486154130513	-0.0490785511448737	3.551225259627	TRUE
set5H40	L-Malic (C)	marchapr14 Phaeo_ML1_set5	248	1326403	64	795217	793841	143	1172	256.160374314295	0.291954676868581	0.195272909367837	0.695145418471578	0.666390100065002	0.228265326058815	0.0105379618144686	-0.0584539345145943	2.60022209661295	TRUE
set5H41	D-Trehalose (C)	marchapr14 Phaeo_ML1_set5	249	2073575	91	1245075	1243044	226	1172	401.111326234269	0.282070948780704	0.1563464205353	0.678071905112638	0.666390100065002	0.192096100246868	-0.0048590981344865	-0.0509965483359021	1.54014178640104	TRUE
set5H42	D-Trehalose (C)	marchapr14 Phaeo_ML1_set5	250	2050770	74	1232939	1230588	224	1172	397.091965150048	0.287453436808192	0.168665231100501	0.678071905112637	0.666390100065002	0.222838653191737	0.107405749586777	-0.0396179867872118	2.20187367228536	TRUE
set5H43	m.b.  Nickel (II) chloride 0.625 mM	marchapr14 Phaeo_ML1_set5	251	1475485	64	886397	884966	162	1172	285.565020974508	0.156685170643154	0.211822059353943	0.683972506552322	0.666390100065002	0.145166785826548	0.0782374707314887	-0.044712463394015	1.9561604121828	TRUE
set5H44	m.b.  Nickel (II) chloride 1 mM	marchapr14 Phaeo_ML1_set5	252	1898970	117	1140903	1138615	202	1172	367.413681832849	0.171802666776618	0.237118613471977	0.701194463144384	0.666390100065002	0.169621466646189	0.0424126894928655	-0.091494216926935	1.50709253941565	TRUE
set5H45	m.b.  Cobalt chloride 0.625 mM	marchapr14 Phaeo_ML1_set5	253	3026715	257	1817603	1813563	328	1172	585.209099709584	0.200493870110043	0.192970946996504	0.681470481574504	0.666390100065002	0.134922526671492	0.0443715297876594	-0.041034738444926	3.76484416912784	TRUE
set5H46	m.b.  Nickel (II) chloride 0.625 mM	marchapr14 Phaeo_ML1_set5	254	928782	55	557577	556702	100	1172	179.639238464021	0.169633640145883	0.237656037900557	0.710493382805015	0.666390100065002	0.157471014301811	0.0209448796818757	-0.0384177351598413	1.69819670454156	TRUE
set5H47	m.b.  Nickel (II) chloride 1 mM	marchapr14 Phaeo_ML1_set5	255	3076894	197	1846850	1843379	334	1172	594.830267828332	0.20297219693174	0.19379124080821	0.688641146822826	0.666390100065002	0.141078448842521	0.0370899827201684	-0.0428123452947339	1.44392336342522	TRUE
set5H48	m.b.  Cobalt chloride 0.625 mM	marchapr14 Phaeo_ML1_set5	256	2546854	147	1530318	1526615	276	1172	492.615359793482	0.173176627540839	0.196085920111985	0.696607856550066	0.666390100065002	0.076172344146707	0.0488198257268848	-0.060825498384331	4.09886645486281	TRUE
set6IT001	Time0	marchapr14 Phaeo_ML1_set6	257	1266493	115	761963	760774	140	168	245.490158115521	0.0121112748506592	0.20992490637311	0.662965012722429	0.679212826517207	-0.0337107458685661	0.0727601840235554	-0.0132065362833774	1.10350867894854	FALSE
set6IT002	Time0	marchapr14 Phaeo_ML1_set6	258	1524576	154	917518	916090	168	140	295.608260729267	0.0121112748506592	0.209924906373109	0.679212826517207	0.662965012722429	-0.0337107458685661	0.0727601840235554	0.0132065362833773	1.76405665898957	FALSE
set6IT004	m.b.  Paraquat dichloride 0.016 mg/ml	marchapr14 Phaeo_ML1_set6	260	1458295	101	888289	886942	145	309	286.202646014843	0.166310126157165	0.218577996917902	0.693022246578609	0.666262602823005	0.178682719230232	0.0886327725412047	-0.0278780491692746	8.23990932762299	TRUE
set6IT005	m.b.  Paraquat dichloride 0.032 mg/ml	marchapr14 Phaeo_ML1_set6	261	1577270	26	1169249	1168658	48	309	377.108099386899	0.0354019678666674	0.285606739883466	0.716207033999409	0.666262602823005	0.045429798672519	-0.0452434524034816	-0.00632141946478911	12.8925300136351	FALSE
set6IT006	m.b.  Thallium(I) acetate 0.002 mg/ml	marchapr14 Phaeo_ML1_set6	262	1707638	86	1022578	1020999	183	309	329.460793804453	0.21258016581707	0.209847730990804	0.702821495324821	0.666262602823005	0.233425594802583	0.0597943677492162	-0.0222156934074106	1.79050258612704	TRUE
set6IT007	m.b.  Cisplatin 0.0125 mg/ml	marchapr14 Phaeo_ML1_set6	263	1537351	103	922934	921139	163	309	297.237495966441	0.214219513762154	0.225408519272575	0.691877704637667	0.666262602823005	0.191050625703943	-0.0108737114458623	-0.0299009649085468	2.0742168286714	TRUE
set6IT008	m.b.  Cisplatin 0.025 mg/ml	marchapr14 Phaeo_ML1_set6	264	1611393	122	967624	965501	171	309	311.552436269764	0.176673834167001	0.24636862992226	0.700439718141092	0.666262602823005	0.138997623698933	0.0122479429200521	-0.0492307927125825	1.9280862212058	TRUE
set6IT009	marine broth	marchapr14 Phaeo_ML1_set6	265	1927420	122	1158523	1156367	206	309	373.141981284285	0.202810615934913	0.217602957201255	0.685364397678994	0.666262602823005	0.208621977727609	0.0494878026072097	-0.0377462525385858	2.42825639987045	TRUE
set6IT010	L-Glutamic (C)	marchapr14 Phaeo_ML1_set6	266	1835924	105	1106430	1103500	201	309	356.082607292675	0.192460197964904	0.169249806580413	0.671674133914487	0.666262602823005	0.167959838857886	0.0266950993557428	-0.0320072915024199	1.39096506736485	TRUE
set6IT011	NAG (C)	marchapr14 Phaeo_ML1_set6	267	1784721	73	1072869	1070806	190	309	345.532752500807	0.277516064387344	0.183283512864168	0.679212826517207	0.666262602823005	0.270901843776691	0.0502671938533454	-0.0601618080758005	2.58546606610477	TRUE
set6IT012	L-Glutamine (C)	marchapr14 Phaeo_ML1_set6	268	2038783	94	1232180	1229353	221	309	396.693449499839	0.326586034099159	0.196293893699695	0.68363609176008	0.666262602823005	0.280903537609997	0.026630669349678	-0.0364132155396584	2.48893221598985	TRUE
set6IT013	m.b.  Benzalkonium Chloride 0.004 mg/ml	marchapr14 Phaeo_ML1_set6	269	2010462	130	1207351	1204979	216	309	388.82833171991	0.226335227276874	0.232223650104064	0.707218250772154	0.666262602823005	0.168615750028327	0.0384774629493204	-0.0249825193131919	1.79228646454196	TRUE
set6IT014	m.b.  Aluminum chloride 1.25 mM	marchapr14 Phaeo_ML1_set6	270	1917482	131	1148497	1146441	208	309	369.939012584705	0.226419344543054	0.199686794156328	0.691070828195556	0.666262602823005	0.144194678881445	0.0580454955160753	-0.036935561089028	2.09490739902825	TRUE
set6IT015	m.b.  benzoic 0.145 mg/ml	marchapr14 Phaeo_ML1_set6	271	1917417	116	1154776	1152827	211	309	371.999677315263	0.142338542236317	0.201937933051931	0.690044546778714	0.666262602823005	0.0989899336046815	0.0451535338717938	0.00715217586865345	4.45928322600639	TRUE
set6IT016	marine broth	marchapr14 Phaeo_ML1_set6	272	1941795	146	1165640	1163740	209	309	375.521135850274	0.194766987005801	0.203917020568901	0.675037845023004	0.666262602823005	0.198853371997737	0.0380200413939269	-0.0355909502146978	2.40035206645592	TRUE
set6IT019	m.b.  Paraquat dichloride 0.032 mg/ml	marchapr14 Phaeo_ML1_set6	275	2191074	52	1694125	1693488	60	309	546.462729912875	0.0984195038905259	0.251445563374985	0.70781924850669	0.666262602823005	0.0844655188495533	0.0590243747323248	-0.035845104386151	13.1311440653411	FALSE
set6IT020	m.b.  Thallium(I) acetate 0.002 mg/ml	marchapr14 Phaeo_ML1_set6	276	1834044	165	1098215	1096413	197	309	353.795740561471	0.210232666449132	0.212573295385261	0.678071905112637	0.666262602823005	0.199614746352794	0.0574279469686086	-0.0434824565194883	1.79506424301533	TRUE
set6IT021	m.b.  Cisplatin 0.0125 mg/ml	marchapr14 Phaeo_ML1_set6	277	1976785	142	1186099	1183756	212	309	381.979993546305	0.193838283531869	0.21413321678818	0.686962214223552	0.666262602823005	0.180805664275913	0.0541203050484885	-0.0385035182892229	2.04261434296323	TRUE
set6IT022	L-Serine (C)	marchapr14 Phaeo_ML1_set6	278	2171951	98	1306456	1303818	238	309	420.722168441433	0.327288445185045	0.164376237727161	0.666125353615758	0.666262602823005	0.321438066985449	0.063581822056317	-0.0336916537573193	1.87067501726857	TRUE
set6IT023	D-Mannose (C)	marchapr14 Phaeo_ML1_set6	279	1732841	85	1036798	1034686	187	309	333.877379799935	0.194042334749948	0.182082484233188	0.685364397678994	0.666262602823005	0.171093450537661	0.065190183891467	-0.0396949921530782	1.61197103879176	TRUE
set6IT024	Glycine (C)	marchapr14 Phaeo_ML1_set6	280	1921322	118	1153369	1151069	208	309	371.432397547596	0.201078968432088	0.174199869439631	0.682809824119301	0.666262602823005	0.161990018217845	0.0912658159311664	-0.0496425429605035	1.70936676002363	TRUE
set6IT025	m.b.  perchlorate 50 mM	marchapr14 Phaeo_ML1_set6	281	1964285	156	1182058	1179969	210	309	380.757986447241	0.166630664529728	0.210805522474655	0.695742931439693	0.666262602823005	0.168662078890358	0.0879307731384656	-0.0229166248097979	2.16331303302042	TRUE
set6IT026	m.b.  perchlorate 100 mM	marchapr14 Phaeo_ML1_set6	282	1935684	187	1161806	1159608	211	309	374.187802516941	0.143581471171968	0.218429553678567	0.707607414567407	0.666262602823005	0.157402354713564	0.0929465244679325	0.00523652934132156	1.68461451852927	TRUE
set6IT027	m.b.  Benzalkonium Chloride 0.004 mg/ml	marchapr14 Phaeo_ML1_set6	283	1889654	159	1136982	1134789	206	309	366.179090029042	0.276178339601611	0.24975267879847	0.702319451359315	0.666262602823005	0.241508482555003	0.0193610162210204	-0.0216165737236504	2.08570532852492	TRUE
set6IT028	m.b.  Aluminum chloride 1.25 mM	marchapr14 Phaeo_ML1_set6	284	1890712	148	1132175	1130214	204	309	364.702807357212	0.196452331448646	0.211205450523035	0.679599374859231	0.666262602823005	0.105318824299327	0.0158077744050559	-0.0268053681262574	1.70749657176908	TRUE
set6IT029	m.b.  benzoic 0.145 mg/ml	marchapr14 Phaeo_ML1_set6	285	1804159	113	1085623	1083735	198	309	349.704743465634	0.159459179967479	0.213839594053435	0.676110388779353	0.666262602823005	0.167449416133643	0.0326195287689201	-0.00434324294177029	3.79046404608309	TRUE
set6IT030	marine broth	marchapr14 Phaeo_ML1_set6	286	1807665	130	1083359	1081583	195	309	349.010325911584	0.177121220361577	0.214131612475357	0.681958827196797	0.666262602823005	0.250475329666919	0.0590711746554621	-0.0427390403358762	2.1276129996035	TRUE
set6IT031	m.b.  copper (II) chloride 0.3 mM	marchapr14 Phaeo_ML1_set6	287	1656807	104	993793	991898	176	309	320.070345272669	0.166774571971425	0.208239990613476	0.680243004154265	0.666262602823005	0.155268409922238	0.0470877383700484	-0.0276160933383901	3.02312353140722	TRUE
set6IT032	m.b.  Zinc 0.1 mM	marchapr14 Phaeo_ML1_set6	288	1710610	105	1026654	1024891	187	309	330.716682800904	0.160557061179746	0.211515837915585	0.675727964644339	0.666262602823005	0.11623367602161	0.0547084612451596	-0.0167127327424086	1.92601155985202	TRUE
set6IT033	m.b.  Chlorite 0.16 mM	marchapr14 Phaeo_ML1_set6	289	1669079	95	1002952	1001154	183	309	323.057115198451	0.122506211656102	0.203869376962812	0.692818490481824	0.666262602823005	0.132028012320124	0.0262324865980523	-0.0232497952589607	1.56179299401603	TRUE
set6IT034	L-Threonine (C)	marchapr14 Phaeo_ML1_set6	290	1901002	74	1155802	1152811	203	309	371.994514359471	0.368968561525569	0.178933827327428	0.673499175322814	0.666262602823005	0.286539996720601	0.073957166789023	-0.0366144824863832	6.01196865740693	TRUE
set6IT035	octanoate (C)	marchapr14 Phaeo_ML1_set6	291	1598264	80	964439	960345	179	309	309.888673765731	0.0758918888389829	0.206743878806523	0.678071905112637	0.666262602823005	0.0790688589241337	0.0471387309357563	-0.00933062960918676	1.72294616283224	FALSE
set6IT036	L-Proline (C)	marchapr14 Phaeo_ML1_set6	292	1731604	73	1043155	1041076	192	309	335.939335269442	0.221611069445863	0.168619509002714	0.692818490481824	0.666262602823005	0.153575813402945	0.0650938960132979	-0.0236113562243959	2.08229034615138	TRUE
set6IT037	m.b.  Chloride 800 mM	marchapr14 Phaeo_ML1_set6	293	1762380	147	1064879	1062569	197	309	342.874798322039	0.0836767549263615	0.211794308366327	0.687409769691974	0.666262602823005	0.129436789691221	0.0505876821276023	-0.0142040264745207	1.41904994387577	FALSE
set6IT038	m.b.  Benzethonium chloride 0.0125 mM	marchapr14 Phaeo_ML1_set6	294	2043427	183	1229001	1226986	220	309	395.929654727331	0.21636755223516	0.2118237510456	0.701341684435485	0.666262602823005	0.252467728757643	0.0313338573843644	-0.0467728686621469	2.69233304675121	TRUE
set6IT039	m.b.  Benzethonium chloride 0.02 mM	marchapr14 Phaeo_ML1_set6	295	1786785	143	1080506	1078629	186	309	348.057115198451	0.219494367632947	0.235367909530798	0.709028717663083	0.666262602823005	0.243066532775914	0.0695573339964887	-0.0372951940540923	3.68213525138459	TRUE
set6IT040	m.b.  Benzalkonium Chloride 0.004 mg/ml	marchapr14 Phaeo_ML1_set6	296	1916309	118	1153147	1151143	204	309	371.456276218135	0.22397620587343	0.216953167363365	0.701059565644027	0.666262602823005	0.218834775651992	0.0426343892527616	-0.0405193620149321	2.45959430060144	TRUE
set6IT041	marine broth	marchapr14 Phaeo_ML1_set6	297	1787428	144	1072598	1070898	193	309	345.562439496612	0.148476220333759	0.209854289793431	0.678071905112638	0.666262602823005	0.167945943999749	0.0323471017026439	-0.0118429560937733	2.14664708106932	TRUE
set6IT042	m.b.  Phosphomycin 1 mg/ml	marchapr14 Phaeo_ML1_set6	298	1893779	139	1141071	1138937	205	309	367.517586318167	0.220178185477051	0.189143266968766	0.692172102157491	0.666262602823005	0.171472580587398	0.14321145774442	0.000286200463899104	2.95421667689029	TRUE
set6IT043	m.b.  Phosphomycin 2 mg/ml	marchapr14 Phaeo_ML1_set6	299	1789719	129	1080119	1078204	191	309	347.919974185221	0.244031124953738	0.212202714724441	0.68805599368526	0.666262602823005	0.211145027485009	0.0519302385570604	-0.0300600235583638	3.54615477113219	TRUE
set6IT044	m.b.  Fusidic 0.0002 mg/ml	marchapr14 Phaeo_ML1_set6	300	1885950	174	1136776	1134587	203	309	366.113907712165	0.293413757308772	0.197888706220816	0.692945181594168	0.666262602823005	0.251766323193491	0.053124088114006	-0.0220470908996931	4.51294881258113	TRUE
set6IT045	m.b.  Dimethyl Sulfoxide 7.5 vol%	marchapr14 Phaeo_ML1_set6	301	1790353	108	1077484	1075187	196	309	346.946434333656	0.161102336420956	0.188321853911771	0.668794091524626	0.666262602823005	0.151299880298873	0.0523051991285498	-0.0568611737894402	1.56956000449509	TRUE
set6IT046	L-Asparagine (C)	marchapr14 Phaeo_ML1_set6	302	1807169	73	1091803	1089253	197	309	351.485317844466	0.215195646790562	0.173215238164919	0.687532234361703	0.666262602823005	0.108799759244463	0.049225661935852	-0.014152397278047	1.72662051928928	TRUE
set6IT047	butyrate (C)	marchapr14 Phaeo_ML1_set6	303	1596440	78	960838	958008	176	309	309.134559535334	0.186322961868542	0.179356501494998	0.693896872274321	0.666262602823005	0.143449718264711	0.0918091904070954	-0.0425262768972507	1.65299590367967	TRUE
set6IT048	casaminos (C)	marchapr14 Phaeo_ML1_set6	304	1982377	120	1210226	1207658	207	309	389.692804130365	0.382404143793381	0.182842486758038	0.686500527183219	0.666262602823005	0.326239832634316	0.0653323770337788	-0.0274476970929717	3.43421204258127	TRUE
set7IT049	m.b.  A22 0.02 mg/ml	marchapr14	305	2375885	174	1424871	1422364	260	1485	458.97515327525	0.154579406126699	0.160666392639903	0.664396968215562	0.662286895181913	0.1750850032314	0.0155740247971716	-0.0183665920530228	1.10410927202988	TRUE
set7IT050	m.b.  Lomefloxacin 0.00078125 mM	marchapr14	306	2361541	178	1419107	1416692	260	1485	457.144885446918	0.188363611110223	0.153469241494449	0.690979388892027	0.662286895181913	0.168953512982085	0.0564839271087279	-0.0232594744420515	1.6494149330838	TRUE
set7IT051	m.b.  D-Cycloserine 0.0625 mg/ml	marchapr14	307	2294916	128	1373965	1371675	252	1485	442.618586640852	0.253184884607629	0.174849848738614	0.697856557127089	0.662286895181913	0.239535617330678	0.0477087552394858	-0.0420413129183235	1.28951492476515	TRUE
set7IT052	m.b.  Doxycycline hyclate 0.002 mg/ml	marchapr14	308	2138449	168	1285396	1283250	232	1485	414.085188770571	0.198097940399861	0.157710240476092	0.674759171071802	0.662286895181913	0.223518756827973	0.0891712728226366	-0.00833936031013894	3.57996921378521	TRUE
set7IT053	marine broth	marchapr14	309	2368251	169	1422666	1420421	258	1485	458.348176831236	0.192729007612848	0.150382700059226	0.677080702709587	0.662286895181913	0.231387050140661	0.0760456386611465	-0.0202547232295362	1.36873166578109	TRUE
set7IT054	m.b.  Spectinomycin 0.00625 mg/ml	marchapr14	310	2255498	254	1357402	1354895	243	1485	437.203936753792	0.266673543500603	0.163161823503574	0.680721483526587	0.662286895181913	0.265322101243853	0.109097710113561	-0.00679014391908701	2.5286448864409	TRUE
set7IT055	m.b.  Nalidixic 0.016 mg/ml	marchapr14	311	2237029	234	1349674	1345668	232	1485	434.226524685382	0.129858126736486	0.16875548959886	0.690671941892272	0.662286895181913	0.0933574038980335	0.0194689999800049	-0.0409803295108085	1.83744174673471	TRUE
set7IT056	m.b.  Gentamicin 0.002 mg/ml	marchapr14	312	2276995	180	1371701	1369540	243	1485	441.929654727331	0.275945826757993	0.162699124510653	0.68805599368526	0.662286895181913	0.28295129503825	0.00926903819165802	-0.0185869285680617	3.26906716141143	TRUE
set7IT057	m.b.  Gentamicin 0.004 mg/ml	marchapr14	313	2237114	176	1353365	1350990	234	1485	435.94385285576	0.317410047062491	0.169420138301328	0.686583404968155	0.662286895181913	0.288342569257557	0.104658768503553	-0.0164378867712977	4.36161839973997	TRUE
set7IT058	L-Glutamine (C)	marchapr14	314	2369864	135	1431074	1427817	254	1485	460.734753146176	0.379273657759099	0.153545467428075	0.68805599368526	0.662286895181913	0.347289224607052	0.0750732642774127	-0.029640787471455	2.43021166989462	TRUE
set7IT059	L-Glutamic (C)	marchapr14	315	2452666	140	1478051	1474163	267	1485	475.689899967732	0.267322097768595	0.136840272050356	0.671767328258429	0.662286895181913	0.266901863584411	0.0627571725918617	-0.0223976874871008	1.35451511851266	TRUE
set7IT060	NAG (C)	marchapr14	316	2223476	93	1337979	1335246	241	1485	430.863504356244	0.280715342009974	0.152366376977341	0.674484596904883	0.662286895181913	0.245893394707273	0.0477272140519727	-0.0538839861799888	1.77542287745897	TRUE
set7IT061	m.b.  Cholin acetate 15 mM	marchapr14	317	2458250	160	1476438	1474049	267	1485	475.653113907712	0.25008338897816	0.160022838401829	0.690572688681756	0.662286895181913	0.27726012279916	0.0339253034644516	-0.019349307380491	2.33176327831791	TRUE
set7IT062	marine broth	marchapr14	318	2533098	206	1523903	1521414	277	1485	490.937076476283	0.255325014910846	0.150763055645674	0.672483666850358	0.662286895181913	0.225519207843611	0.0857620800712874	-0.00300693573586278	2.34461732388032	TRUE
set7IT063	m.b.  copper (II) chloride 0.3 mM	marchapr14	319	2269041	243	1367974	1365165	237	1485	440.517909002904	0.212297383257904	0.188235660183977	0.695145418471579	0.662286895181913	0.172854209791323	0.030461705533787	-0.0436146376736844	4.28716522875033	TRUE
set7IT064	m.b.  Zinc 0.1 mM	marchapr14	320	2141812	182	1285347	1282939	232	1485	413.98483381736	0.154675980524248	0.176857965176993	0.701371992836466	0.662286895181913	0.184834085510461	0.000892094832690996	-0.0241657048601567	1.48139098885406	TRUE
set7IT065	m.b.  Chlorite 0.16 mM	marchapr14	321	2165322	153	1300712	1298638	237	1485	419.050661503711	0.202524823713343	0.175234275247579	0.68684211474037	0.662286895181913	0.193937647007639	0.0701288762474449	-0.02266148663783	1.59448341012922	TRUE
set7IT066	m.b.  Polymyxin B sulfate 0.0032 mg/ml	marchapr14	322	2087000	124	1262541	1259935	210	1485	406.561794127138	0.221471550385536	0.492657591430262	0.841570637395517	0.662286895181913	0.192019696036183	0.00538103275848505	-0.0407594370595715	3.8075460236264	TRUE
set7IT067	m.b.  Chloride 600 mM	marchapr14	323	2307484	221	1389249	1386690	253	1485	447.463697967086	0.175282064408787	0.177938866826983	0.681824039973745	0.662286895181913	0.188255183365114	0.0178787937211428	-0.0146150109375382	1.53047066092777	TRUE
set7IT068	m.b.  Chloride 700 mM	marchapr14	324	1917248	209	1155544	1153009	211	1485	372.058405937399	0.170353552041523	0.195952174587867	0.717412796744807	0.662286895181913	0.119505020879263	0.0439423285377753	-0.0177389079297605	1.54332690242618	TRUE
set7IT069	m.b.  Chloride 800 mM	marchapr14	325	1822916	168	1099765	1097424	201	1485	354.12197483059	0.14572757132831	0.185295039684776	0.696607856550066	0.662286895181913	0.177978487855283	0.0882613488554227	-0.00831841642530228	1.46111975848676	TRUE
set7IT070	Glycine (C)	marchapr14	326	1729179	95	1037907	1035862	189	1485	334.256857050661	0.231542973218481	0.15595880303548	0.678071905112637	0.662286895181913	0.159143942968038	-0.0185580736186993	-0.0472172023294972	1.50801287601778	TRUE
set7IT071	L-Serine (C)	marchapr14	327	2198244	108	1318626	1315984	237	1485	424.64795095192	0.352466629607782	0.144199787766384	0.682994583681683	0.662286895181913	0.304748496633155	0.0368292445837279	-0.0392009315332482	1.71753205001265	TRUE
set7IT072	D-Mannose (C)	marchapr14	328	2082758	107	1246581	1244036	225	1485	401.431429493385	0.242141744702025	0.148580368330264	0.68965987938785	0.662286895181913	0.20071801756565	0.0140967391241946	-0.0371488053595392	1.4926542355911	TRUE
set7IT073	marine broth	marchapr14	329	2190179	195	1313583	1311473	238	1485	423.192320103259	0.184374710316952	0.17415185522328	0.683142894660059	0.662286895181913	0.172624517047826	0.0502544270851387	-0.03372349552943	2.03175026720959	TRUE
set7IT074	m.b.  Phosphomycin 1 mg/ml	marchapr14	330	1911279	134	1155202	1152908	201	1485	372.025814778961	0.274345711477623	0.181873869258379	0.681366984674218	0.662286895181913	0.227504470895184	0.0524093882785493	-0.00470933088703746	4.09974698716453	TRUE
set7IT075	m.b.  Phosphomycin 2 mg/ml	marchapr14	331	2117499	126	1277416	1275190	223	1485	411.484349790255	0.278290849297858	0.190248929989119	0.686500527183219	0.662286895181913	0.291095258587733	0.0384421000267556	-0.0290653468380449	3.47901548146348	TRUE
set7IT076	m.b.  Fusidic 0.0002 mg/ml	marchapr14	332	2336042	241	1405479	1402827	255	1485	452.670861568248	0.263066277794386	0.158082811298117	0.676036595523875	0.662286895181913	0.279818692074693	0.0936955307059957	-0.0279598076372733	3.70154380692483	TRUE
set7IT077	m.b.  Dimethyl Sulfoxide 7.5 vol%	marchapr14	333	2283107	140	1375939	1372790	250	1485	442.97838012262	0.181801053999832	0.155844713609332	0.67224282631044	0.662286895181913	0.20338706399093	0.0404632954835804	-0.0458776583746512	1.62145615423845	TRUE
set7IT078	m.b.  Vancomycin 0.024 mg/ml	marchapr14	334	2151659	241	1290714	1288562	232	1485	415.799290093579	0.234296294459206	0.172570108640494	0.695145418471578	0.662286895181913	0.2564560849382	0.0527666248094106	-0.0319142303565575	2.53794553794759	TRUE
set7IT079	m.b.  Vancomycin 0.032 mg/ml	marchapr14	335	2506426	231	1505241	1502589	269	1485	484.862536302033	0.234380341167415	0.161779891521521	0.678314599207061	0.662286895181913	0.199545956738464	0.0313497456044126	-0.0403169740358293	2.49547380000457	TRUE
set7IT080	m.b.  Cephalothin 0.001 mg/ml	marchapr14	336	2383084	209	1436148	1433549	254	1485	462.584382058729	0.294071701463938	0.186880774771855	0.6959938131099	0.662286895181913	0.261051657288613	0.0676234555206146	-0.00250186561683206	2.96726106398271	TRUE
set7IT081	m.b.  A22 0.02 mg/ml	marchapr14	337	1799157	167	1079915	1077880	196	1485	347.815424330429	0.176131935165238	0.166731165375182	0.689212462717838	0.662286895181913	0.11206737701285	-0.0164514837861416	-0.00638712032278461	1.66335217777674	TRUE
set7IT082	L-Proline (C)	marchapr14	338	2150936	93	1296120	1293428	238	1485	417.369474023879	0.236737318822743	0.152749915427375	0.680516263748022	0.662286895181913	0.204356037418921	0.0760061985181046	-0.026631626976174	1.82628823180693	TRUE
set7IT083	L-Threonine (C)	marchapr14	339	2335121	87	1419270	1415620	248	1485	456.798967408842	0.447243273323428	0.148858933349134	0.682103659131688	0.662286895181913	0.351144225210941	-0.0043384584522878	-0.0370637937343113	6.09242960620772	TRUE
set7IT084	octanoate (C)	marchapr14	340	1527813	66	922644	918780	169	1485	296.47628267183	0.0724361484022602	0.211429054768154	0.702798991015015	0.662286895181913	0.0252641411521838	-0.0215353268490736	-0.0182409841615909	1.52432877211925	FALSE
set7IT085	marine broth	marchapr14	341	2536675	222	1519914	1517196	278	1485	489.575992255566	0.16787833382559	0.171890701659756	0.692400041732762	0.662286895181913	0.114481318941988	0.0166165957931207	-0.0290302861907233	1.25032998038824	TRUE
set7IT086	m.b.  Spectinomycin 0.00625 mg/ml	marchapr14	342	2270589	179	1365048	1362687	245	1485	439.718296224589	0.23046065855436	0.164050947065507	0.678071905112637	0.662286895181913	0.249384998242636	0.112814110528807	-0.0109975127434197	2.14209702819483	TRUE
set7IT087	m.b.  Nalidixic 0.016 mg/ml	marchapr14	343	2380032	194	1434254	1430166	250	1485	461.492739593417	0.144436692980032	0.159645769844227	0.680931559251878	0.662286895181913	0.0710721080275385	0.00100195228175616	-0.0403977195443124	2.1314883096676	TRUE
set7IT088	m.b.  Gentamicin 0.002 mg/ml	marchapr14	344	1926752	155	1162907	1160952	204	1485	374.621490803485	0.285497373597139	0.181908707513188	0.685489376675121	0.662286895181913	0.230626248691693	0.0678682328181643	-0.0167441699650581	4.10683434599828	TRUE
set7IT089	m.b.  Gentamicin 0.004 mg/ml	marchapr14	345	1833997	188	1121632	1119790	184	1485	361.3391416586	0.401217282329836	0.187450309379555	0.691450934913838	0.662286895181913	0.337345835356861	0.0498163164905385	-0.0300551727716427	5.60274735718982	TRUE
set7IT090	m.b.  methylglyoxal 0.008 vol%	marchapr14	346	1761647	133	1055097	1053194	193	1485	339.849628912552	0.176764928562163	0.175550437676824	0.689659879387849	0.662286895181913	0.188179377669618	0.0300806154016135	-0.0396271626452619	1.46245182877474	TRUE
set7IT091	m.b.  2-Furfuraldehyde 0.016 vol%	marchapr14	347	2096939	165	1256543	1254320	226	1485	404.749919328816	0.145317095873505	0.1789359742244	0.698619282516723	0.662286895181913	0.0639226985294329	-0.000909868163194875	-0.0483315413935139	1.52128084714783	TRUE
set7IT092	m.b.  Furfuryl Alcohol 0.064 vol%	marchapr14	348	1952860	142	1170936	1168823	214	1485	377.161342368506	0.163403462981955	0.168723872799156	0.697203765290833	0.662286895181913	0.143927124466181	0.0195772813042838	-0.0266515701004192	2.03755152747725	TRUE
set7IT093	m.b.  Cholin acetate 15 mM	marchapr14	349	1632495	143	978829	977140	179	1485	315.308163923846	0.165800618941007	0.181386124335294	0.703018262242868	0.662286895181913	0.189815265894798	0.0453542497557729	-0.0285767936682357	1.61588908434615	TRUE
set7IT094	casaminos (C)	marchapr14	350	807154	63	487591	486621	88	1485	157.025169409487	0.125204988341471	0.224097269143598	0.706268796943291	0.662286895181913	0.0950612861638576	0.0148940452466521	-0.0264181360328899	1.35594843303515	TRUE
set7IT095	L-Asparagine (C)	marchapr14	351	1444133	70	873607	871694	156	1485	281.282349144885	0.225797296552701	0.166926245469361	0.691877704637669	0.662286895181913	0.161279142858249	0.0349022529349455	-0.0193552842381899	1.89227318295876	TRUE
set7IT096	butyrate (C)	marchapr14	352	1503597	114	903388	901270	164	1485	290.826072926751	0.134898272356459	0.181179193237619	0.689070904061895	0.662286895181913	0.112479749359084	0.0453576517800671	-0.048687657032287	1.17191192598184	TRUE
set8IT049	L-Histidine (N)	1/20/2015 Phaeo_ML1_set8	353	2149154	104	1290854	1288248	231	546	415.697967086157	0.3700364766866	0.166321757551499	0.68805599368526	0.668447486224238	0.34622291411166	0.107868802330578	-0.0688290848771753	3.05929021167662	TRUE
set8IT050	L-Alanine (N)	1/20/2015 Phaeo_ML1_set8	354	1863696	136	1118105	1116146	202	546	360.163278476928	0.316810712250598	0.175692189392105	0.682809824119301	0.668447486224238	0.286483250998584	0.0601991222759682	-0.0514866307027545	1.78339637054782	TRUE
set8IT051	L-Valine (N)	1/20/2015 Phaeo_ML1_set8	355	1848788	107	1112370	1110249	200	546	358.260406582769	0.300109613023918	0.164222980884255	0.678071905112637	0.668447486224238	0.204847459140106	0.104621330744454	-0.0547085075453775	4.40475101884104	TRUE
set8IT052	L-Isoleucine (N)	1/20/2015 Phaeo_ML1_set8	356	1586413	110	952195	950460	171	546	306.698935140368	0.266288464049165	0.177819435586987	0.670294554520919	0.668447486224238	0.198721486988661	-0.00713564656587749	-0.047027754715354	2.22441782380382	TRUE
set8IT053	L-Leucine (N)	1/20/2015 Phaeo_ML1_set8	357	1770019	137	1060769	1058694	190	546	341.624394966118	0.278113802318269	0.171975907312717	0.681824039973745	0.668447486224238	0.232746292833359	-0.0281122092291845	-0.060706410767864	2.03706032042638	TRUE
set8IT054	L-Methionine (N)	1/20/2015 Phaeo_ML1_set8	358	1953671	121	1172781	1170628	215	546	377.743788318813	0.245816122392484	0.165764107613216	0.668549130994131	0.668447486224238	0.245088231572856	0.0249418137636852	-0.0678865793987756	1.55432351771967	TRUE
set8IT055	L-Phenylalanine (N)	1/20/2015 Phaeo_ML1_set8	359	1740537	166	1049568	1047579	187	546	338.03775411423	0.253350412795758	0.171929822351282	0.666443902859799	0.668447486224238	0.133496528182439	0.0228863850617109	-0.0531457531115477	2.06236556463461	TRUE
set8IT056	L-Tryptophan (N)	1/20/2015 Phaeo_ML1_set8	360	1678980	133	1005125	1002903	178	546	323.621490803485	0.259521164739188	0.180579957695768	0.682259702076071	0.668447486224238	0.199211634889483	0.0502376304909664	-0.048842712408373	7.81281528228043	TRUE
set8IT057	D-Alanine (N)	1/20/2015 Phaeo_ML1_set8	361	1758822	93	1054973	1053255	192	546	339.86931268151	0.290842978459235	0.171573385774832	0.66776280577367	0.668447486224238	0.266577140990411	0.0466741546662553	-0.0596472458975153	1.45275691334489	TRUE
set8IT058	L-Citrulline (N)	1/20/2015 Phaeo_ML1_set8	362	1816662	98	1089447	1087529	199	546	350.929009357857	0.329393265684514	0.161483013594418	0.669278786654631	0.668447486224238	0.295163195020451	0.0519466171912644	-0.0393611823092805	1.71754056944622	TRUE
set8IT059	Putrescine (N)	1/20/2015 Phaeo_ML1_set8	363	1552375	77	935507	933542	165	546	301.2397547596	0.351145159918667	0.221817905604144	0.697971462550343	0.668447486224238	0.263311056236767	0.0528985221809234	-0.0541385886265548	4.57500433680934	TRUE
set8IT060	Adenosine (N)	1/20/2015 Phaeo_ML1_set8	364	1591832	90	967448	965642	168	546	311.597934817683	0.36703599979582	0.239400193653216	0.700439718141093	0.668447486224238	0.2881466860363	0.110985272804324	-0.0425333205240595	3.26911252650175	TRUE
set8IT061	Uridine (N)	1/20/2015 Phaeo_ML1_set8	365	1620276	100	974732	972755	174	546	313.893191352049	0.318507169979325	0.198674801467969	0.678071905112637	0.668447486224238	0.233580031184723	-3.57520881453983e-05	-0.0493947114456984	2.09105750231765	TRUE
set8IT062	Cytidine (N)	1/20/2015 Phaeo_ML1_set8	366	2001186	91	1208785	1206468	214	546	389.30880929332	0.348068490962732	0.178353449503801	0.68326457433296	0.668447486224238	0.261066896246341	0.0244845995647573	-0.0335935499947209	2.57398926125823	TRUE
set8IT063	Ammonium chloride (N)	1/20/2015 Phaeo_ML1_set8	367	1767555	94	1059450	1057313	195	546	341.178767344305	0.219659250256194	0.175473938301576	0.669851398307669	0.668447486224238	0.232647714808655	0.0604783548906762	-0.0450653895243838	1.07794804823237	TRUE
set8IT064	L-Histidine (N)	1/20/2015 Phaeo_ML1_set8	368	1613285	91	969757	967902	175	546	312.32720232333	0.309228744934445	0.192750048216867	0.686245836558338	0.668447486224238	0.267322133330829	0.119516672937607	-0.0648287991292576	2.99769083263771	TRUE
set8IT065	L-Alanine (N)	1/20/2015 Phaeo_ML1_set8	369	1694546	110	1018645	1016775	187	546	328.097773475315	0.306766073061108	0.170739291930899	0.674377421554896	0.668447486224238	0.26635603235238	0.000365267156754825	-0.048016284000227	1.92711890910028	TRUE
set8IT066	L-Valine (N)	1/20/2015 Phaeo_ML1_set8	370	1625476	94	975675	973921	178	546	314.269441755405	0.263351609361619	0.170266141561381	0.664396968215562	0.668447486224238	0.208461506739595	0.0378000317987343	-0.0603511979972261	3.05551352632921	TRUE
set8IT067	L-Isoleucine (N)	1/20/2015 Phaeo_ML1_set8	371	1557509	140	935407	933421	168	546	301.200709906421	0.223810547112506	0.191030607969399	0.682029918681321	0.668447486224238	0.228659073296915	0.0191759878157342	-0.0494836423545542	1.88228604878858	TRUE
set8IT068	L-Leucine (N)	1/20/2015 Phaeo_ML1_set8	372	1458326	101	873574	872020	158	546	281.387544369151	0.250294792012377	0.173197586810494	0.678071905112637	0.668447486224238	0.23379323731826	0.0350233005960093	-0.0538106801810382	2.10313148601599	TRUE
set8IT069	L-Methionine (N)	1/20/2015 Phaeo_ML1_set8	373	1485092	83	890551	888960	164	546	286.853823814134	0.26691910145868	0.170386490076249	0.685364397678994	0.668447486224238	0.262985186606532	0.0882334955597712	-0.0597977760907116	1.1124689618502	TRUE
set8IT070	L-Phenylalanine (N)	1/20/2015 Phaeo_ML1_set8	374	1493757	103	902236	900514	161	546	290.58212326557	0.229419488108249	0.185877678619305	0.662190460265126	0.668447486224238	0.189110145193846	0.00629869270258936	-0.0525951199440193	2.10533441364028	TRUE
set8IT071	L-Tryptophan (N)	1/20/2015 Phaeo_ML1_set8	375	1297998	118	776323	774526	139	546	249.927718618909	0.225656279554767	0.198183285937174	0.721898146077265	0.668447486224238	0.182194588236644	0.0045242088004574	-0.0346679833298286	8.13019286068321	TRUE
set8IT072	D-Alanine (N)	1/20/2015 Phaeo_ML1_set8	376	1501050	77	901736	900099	164	546	290.44820909971	0.295336317648934	0.177596514515642	0.678071905112638	0.668447486224238	0.250310971800444	0.0150515170200797	-0.0519102445161308	1.36497304004614	TRUE
set8IT073	L-Citrulline (N)	1/20/2015 Phaeo_ML1_set8	377	1656519	103	994183	992350	182	546	320.216198773798	0.324081106922527	0.180977078233142	0.656753183789166	0.668447486224238	0.310367342874851	0.0266930491118556	-0.0505571510178077	1.73369981552906	TRUE
set8IT074	Putrescine (N)	1/20/2015 Phaeo_ML1_set8	378	1211529	62	733197	731706	130	546	236.110358180058	0.35065927178043	0.255552608998564	0.726981505593584	0.668447486224238	0.262098486571476	0.0575892883386072	-0.0563974027590243	4.26201777617595	TRUE
set8IT075	Adenosine (N)	1/20/2015 Phaeo_ML1_set8	379	1607282	85	980925	979057	170	546	315.926750564698	0.367588876644603	0.252663718871388	0.696930932363953	0.668447486224238	0.243913063230499	0.0781136919343281	-0.040553682759916	5.10346418790837	TRUE
set8IT076	Uridine (N)	1/20/2015 Phaeo_ML1_set8	380	1671064	101	1005762	1003699	181	546	323.878347854147	0.291384010490072	0.176311125458155	0.676865133782643	0.668447486224238	0.19676670506744	0.0372759182726267	-0.0433346425559018	2.0336604805569	TRUE
set8IT077	Cytidine (N)	1/20/2015 Phaeo_ML1_set8	381	1560587	78	943106	941222	171	546	303.717973539852	0.32598460606747	0.17871629705463	0.675160309692735	0.668447486224238	0.250191908378711	0.0570814260874771	-0.0415076918081401	2.86901079745249	TRUE
set8IT078	Ammonium chloride (N)	1/20/2015 Phaeo_ML1_set8	382	1619079	80	970761	968975	178	546	312.673443046144	0.241822961357605	0.177934629571885	0.659924558402379	0.668447486224238	0.237151342599359	-0.0242505627043854	-0.0441702017496585	1.20057973408806	TRUE
set8IT079	Time0	1/20/2015 Phaeo_ML1_set8	383	2007940	181	1209779	1207578	219	327	389.666989351404	0.0140304167787957	0.155199864990613	0.67137725253863	0.665774546309255	-0.0156955837699223	-0.0446269132709699	0.0032332094590301	1.0224607347764	FALSE
set8IT080	Time0	1/20/2015 Phaeo_ML1_set8	384	1625306	185	980712	978859	177	369	315.86285898677	-0.00196179219386514	0.167454717256861	0.665774546309255	0.668549130994131	-0.0112572651437024	-0.0675514017029498	0.00147234951090352	1.07401622467046	FALSE
set8IT081	Time0	1/20/2015 Phaeo_ML1_set8	385	1386810	135	836423	834931	151	396	269.419490158116	0.00997270331088654	0.177599707203657	0.681824039973745	0.668723362511701	-0.0252424371948063	0.0298641438953744	-0.0143776169876404	1.17139316687253	FALSE
set8IT082	m.b.  Chloramphenicol 0.00002 mg/ml	1/20/2015 Phaeo_ML1_set8	386	1459964	177	880654	879005	159	546	283.64149725718	0.117408511818371	0.266847201509577	0.732895929857159	0.668447486224238	0.17956943314311	0.065628779340225	-0.0233879502387881	2.87687622088778	TRUE
set8IT083	m.b.  Tetracycline 0.00625 mg/ml	1/20/2015 Phaeo_ML1_set8	387	1660532	172	998473	996657	181	546	321.606001936108	0.114657200263293	0.245276057920432	0.749732890240084	0.668447486224238	0.121937010252194	0.0367221542194001	-0.0432717955792379	2.11411969263781	TRUE
set8IT084	m.b.  5-Hydroxymethylfurfural 2.5 mM	1/20/2015 Phaeo_ML1_set8	388	1487049	118	891575	889735	165	546	287.103904485318	0.140349523586905	0.220221496728177	0.690008524880337	0.668447486224238	0.14855151507546	-0.0332116601213229	-0.0206627518554039	1.07170881253335	TRUE
set8IT085	m.b.  Vanillin 1.25 mM	1/20/2015 Phaeo_ML1_set8	389	1411093	170	852395	850608	158	546	274.478218780252	0.0961908890260507	0.22451492427823	0.683142894660059	0.668447486224238	0.110311074348516	0.0142345676829476	-0.0427174109915032	1.98895124770389	FALSE
set8IT086	m.b.  Vanillin 2.5 mM	1/20/2015 Phaeo_ML1_set8	390	1500523	124	906095	903810	167	546	291.645692158761	0.0904438555386052	0.240356207375169	0.710493382805015	0.668447486224238	0.0815973423534097	0.046542711126152	-0.00670841460065423	1.42034628037519	FALSE
set8IT087	m.b.  syringaldehyde 2 mM	1/20/2015 Phaeo_ML1_set8	391	1876008	196	1129091	1126883	210	546	363.627944498225	0.172519209731913	0.202012112026847	0.700439718141093	0.668447486224238	0.107935047926509	0.0306788541481419	-0.031553417954315	1.45097668292832	TRUE
set8IT088	marine broth	1/20/2015 Phaeo_ML1_set8	392	1344679	104	809416	808014	146	546	260.733785091965	0.17613102521072	0.20757293951367	0.683327630564134	0.668447486224238	0.164980027163087	0.0148838230485971	-0.0349657209339687	1.46630403310317	TRUE
set8IT089	m.b.  acetate 100 mM	1/20/2015 Phaeo_ML1_set8	393	1249928	112	751350	749739	138	546	241.929332042594	0.13072478947894	0.223107852908323	0.685891409571937	0.668447486224238	0.106235213584267	-0.0432163860004137	-0.0410140701634232	1.25498651930346	TRUE
set8IT090	m.b.  acetate 140 mM	1/20/2015 Phaeo_ML1_set8	394	1353054	105	814048	812334	149	546	262.127783155857	0.111703086447317	0.239183345107647	0.698444748879819	0.668447486224238	0.063634641110913	0.00987542523568689	-0.0338742960356814	1.35053386635617	TRUE
set8IT091	m.b.  1-ethyl-3-methylimidazolium lysine 1 mM	1/20/2015 Phaeo_ML1_set8	395	1550864	115	932604	931045	168	546	300.434010971281	0.206938713006071	0.224250174187203	0.700439718141093	0.668447486224238	0.18317086122878	0.0410617727947437	-0.0276754893192024	2.12423210055239	TRUE
set8IT092	m.b.  1-ethyl-3-methylimidazolium acetate 10 mM	1/20/2015 Phaeo_ML1_set8	396	1611080	155	966636	964917	173	546	311.363988383349	0.194694734832846	0.210659076776592	0.70842618795228	0.668447486224238	0.205291004717352	0.026604192951946	-0.040160311402171	1.28225279254629	TRUE
set8IT093	m.b.  1-ethyl-3-methylimidazolium acetate 20 mM	1/20/2015 Phaeo_ML1_set8	397	1599453	153	960595	958789	174	546	309.38657631494	0.218385814324867	0.225095586525556	0.712423409903415	0.668447486224238	0.202624889600627	0.00414665776821649	-0.0256133732672869	1.91663507334474	TRUE
set8IT094	m.b.  1-ethyl-3-methylimidazolium chloride 5 mM	1/20/2015 Phaeo_ML1_set8	398	1622978	120	977622	975934	175	546	314.91900613101	0.206259556854096	0.210968598518785	0.693720815767801	0.668447486224238	0.187676188218782	-0.0468777494445019	-0.0128316126385286	2.74584657353009	TRUE
set8IT095	m.b.  Choline Lysine 10 mM	1/20/2015 Phaeo_ML1_set8	399	1837795	127	1110361	1108358	195	546	357.650209745079	0.193139444139117	0.221421452006397	0.697072867042693	0.668447486224238	0.200936367495721	0.000377413718635735	-0.0545906369189882	3.59491411582061	TRUE
set8IT096	marine broth	1/20/2015 Phaeo_ML1_set8	400	1689271	167	1017068	1015335	183	546	327.633107454017	0.171185190456157	0.213453891961855	0.689299160535891	0.668447486224238	0.171978900240745	0.0535534588074374	-0.0314530329126456	1.62951047378803	TRUE
set9IT031	marine broth pH 6	1/26/2015 Phaeo_ML1_set9	401	2361282	165	1419983	1417064	256	392	457.264924169087	0.10316311058009	0.266813379201663	0.707064108452344	0.669354688011529	0.102939226201149	0.0010385983688966	-0.0321855466765174	1.43228008027648	TRUE
set9IT032	marine broth pH 6	1/26/2015 Phaeo_ML1_set9	402	1861829	125	1123572	1121538	204	392	361.903194578896	0.0967670232417793	0.263183778956996	0.709290635723359	0.669354688011529	0.114263651813445	0.032071123093255	-0.0132634711441142	1.38291634170163	FALSE
set9IT033	marine broth pH 6.5	1/26/2015 Phaeo_ML1_set9	403	1465108	105	880907	879479	162	392	283.794449822523	0.0864141187115634	0.237646755414619	0.703606997219775	0.669354688011529	0.0641274047667076	-0.0441343673473015	-0.0476642303362334	1.91021913064296	FALSE
set9IT034	marine broth pH 6.5	1/26/2015 Phaeo_ML1_set9	404	2404895	204	1445417	1442985	263	392	465.629235237173	0.0842837570377318	0.233304733149671	0.706953025099767	0.669354688011529	0.0716081745145951	-0.0172764971021759	-0.038641351157985	1.76015784113682	FALSE
set9IT035	marine broth 20C	1/26/2015 Phaeo_ML1_set9	405	2415840	174	1454035	1451373	264	392	468.335914811229	0.058023125756055	0.238766532865874	0.701714746983154	0.669354688011529	0.0353690579677103	0.00585677638023656	-0.0519654888664134	1.34269682075614	FALSE
set9IT036	marine broth 20C	1/26/2015 Phaeo_ML1_set9	406	2182823	206	1314083	1311814	238	392	423.30235559858	0.022918185048513	0.25509031594407	0.701714746983154	0.669354688011529	0.061117725337233	-0.026529205243158	-0.0586479352575773	1.7224999852545	FALSE
set9IT037	marine broth 25C	1/26/2015 Phaeo_ML1_set9	407	1699642	138	1020982	1019222	185	392	328.887383026783	0.120184916058642	0.224384858029085	0.691368727726095	0.669354688011529	0.150169414019838	0.00706783259726431	-0.0629785115705822	1.30128784786346	TRUE
set9IT038	marine broth 25C	1/26/2015 Phaeo_ML1_set9	408	2274768	199	1367871	1365477	248	392	440.618586640852	0.134378741853413	0.206892051358448	0.678071905112637	0.669354688011529	0.110359068418753	-0.0343852794589041	-0.0642013888839075	1.42726230278858	TRUE
set9IT039	marine broth 30C	1/26/2015 Phaeo_ML1_set9	409	2150217	142	1290119	1287975	234	392	415.609874152953	0.177008007259134	0.203438361904417	0.678071905112637	0.669354688011529	0.159834465595953	0.0329353602856317	-0.0650292893287347	1.31533880887684	TRUE
set9IT040	marine broth 30C	1/26/2015 Phaeo_ML1_set9	410	1762115	110	1057219	1055476	192	392	340.585995482414	0.185089631249934	0.208914054011066	0.67137725253863	0.669354688011529	0.117746432552726	-0.00712996563793518	-0.0455017118295155	1.54419316576315	TRUE
set9IT041	marine broth 37C	1/26/2015 Phaeo_ML1_set9	411	1924201	256	1157226	1154001	210	392	372.378509196515	0.144327181332508	0.218670235126833	0.699551632523089	0.669354688011529	0.135216406856122	-0.00971039268859751	-0.0406581021679886	1.62192959621742	TRUE
set9IT042	marine broth 37C	1/26/2015 Phaeo_ML1_set9	412	1688135	165	1012074	1009047	184	392	325.604065827686	0.0935323117306941	0.217278852580613	0.68565650034063	0.669354688011529	0.0928608364621293	-0.0410464371190678	-0.0264749717341577	1.28921302599198	FALSE
set9IT043	outer cut, marine broth soft agar motility assay	1/26/2015 Phaeo_ML1_set9	413	1965293	92	1206509	1204057	162	392	388.530816392385	0.153986175795784	0.531773729854576	0.996560916033229	0.669354688011529	0.213991148062613	0.0325651659550827	-0.0552580058766737	3.07535774068765	FALSE
set9IT044	outer cut, marine broth soft agar motility assay	1/26/2015 Phaeo_ML1_set9	414	1748876	176	1077007	1072788	149	392	346.172313649564	0.122224414475492	0.579474872942433	1.10780328953452	0.669354688011529	0.154958014544778	0.058977730536633	-0.0553576176047933	3.3860832210066	FALSE
set9IT045	outer cut, marine broth soft agar motility assay	1/26/2015 Phaeo_ML1_set9	415	1729794	93	1052657	1049621	135	392	338.696676347209	0.100138994336109	0.587157039063625	1.12553088208386	0.669354688011529	0.15757966642634	0.0931326263919758	-0.0465178846076713	2.71958819980614	FALSE
set9IT046	outer cut, marine broth soft agar motility assay	1/26/2015 Phaeo_ML1_set9	416	2059754	71	1261357	1258609	135	392	406.13391416586	0.0704222187341533	0.634568489127559	1.29462074889163	0.669354688011529	0.111439722849236	-0.015402377367132	-0.0790572604421514	4.65474663052759	FALSE
set9IT047	Time0	1/26/2015 Phaeo_ML1_set9	417	1768701	173	1066246	1064511	192	200	343.501452081317	-0.00127267925791765	0.203866981483134	0.659412449881038	0.67137725253863	-0.0168296174719963	-0.00730129806545802	0.00221541868855698	1.65798850296569	FALSE
set9IT048	Time0	1/26/2015 Phaeo_ML1_set9	418	1810458	226	1091693	1089942	200	192	351.707647628267	-0.00127267925791765	0.203866981483135	0.67137725253863	0.659412449881038	-0.0168296174719963	-0.00730129806545802	-0.00221541868855697	2.67059637044411	FALSE
