{
  "finetune": [
    {
      "path": "results_paper/roberta-base_OSTI_binary/result.json",
      "task": "binary",
      "model": "results_paper/dapt_roberta_base/final",
      "n_train": 23987,
      "n_test": 2999,
      "train_seconds": 164.94229245185852,
      "test": {
        "test_loss": 0.176613450050354,
        "test_accuracy": 0.9369789929976658,
        "test_precision": 0.697594501718213,
        "test_recall": 0.6677631578947368,
        "test_f1": 0.6823529411764705,
        "test_runtime": 1.0091,
        "test_samples_per_second": 2972.082,
        "test_steps_per_second": 11.892,
        "epoch": 5.0
      },
      "val": {
        "eval_loss": 0.1987602263689041,
        "eval_accuracy": 0.9336224149432956,
        "eval_precision": 0.66996699669967,
        "eval_recall": 0.6721854304635762,
        "eval_f1": 0.6710743801652893,
        "eval_runtime": 0.9967,
        "eval_samples_per_second": 3008.045,
        "eval_steps_per_second": 12.04,
        "epoch": 5.0
      }
    },
    {
      "path": "results_paper/roberta-base_OSTI_multiclass/result.json",
      "task": "multiclass",
      "model": "results_paper/dapt_roberta_base/final",
      "n_train": 14337,
      "n_test": 1793,
      "train_seconds": 99.88462591171265,
      "test": {
        "test_loss": 0.5647091269493103,
        "test_accuracy": 0.8092582264361405,
        "test_precision_weighted": 0.803999787513597,
        "test_recall_weighted": 0.8092582264361405,
        "test_f1_weighted": 0.8056282902541443,
        "test_precision_macro": 0.8024491512686694,
        "test_recall_macro": 0.8019507003628151,
        "test_f1_macro": 0.8007174303109694,
        "test_runtime": 0.7523,
        "test_samples_per_second": 2383.322,
        "test_steps_per_second": 10.634,
        "epoch": 5.0
      },
      "val": {
        "eval_loss": 0.6073299646377563,
        "eval_accuracy": 0.8041294642857143,
        "eval_precision_weighted": 0.8006238916731886,
        "eval_recall_weighted": 0.8041294642857143,
        "eval_f1_weighted": 0.8011349112282139,
        "eval_precision_macro": 0.8031254813321562,
        "eval_recall_macro": 0.7943619984101657,
        "eval_f1_macro": 0.7970746313354603,
        "eval_runtime": 0.6809,
        "eval_samples_per_second": 2631.815,
        "eval_steps_per_second": 10.281,
        "epoch": 5.0
      }
    },
    {
      "path": "results_paper/roberta-base_binary/result.json",
      "task": "binary",
      "model": "roberta-base",
      "n_train": 23987,
      "n_test": 2999,
      "train_seconds": 163.76699995994568,
      "test": {
        "test_loss": 0.17791765928268433,
        "test_accuracy": 0.9366455485161721,
        "test_precision": 0.7050359712230215,
        "test_recall": 0.6447368421052632,
        "test_f1": 0.6735395189003436,
        "test_runtime": 0.9948,
        "test_samples_per_second": 3014.75,
        "test_steps_per_second": 12.063,
        "epoch": 5.0
      },
      "val": {
        "eval_loss": 0.19701342284679413,
        "eval_accuracy": 0.933955970647098,
        "eval_precision": 0.6756756756756757,
        "eval_recall": 0.6622516556291391,
        "eval_f1": 0.6688963210702341,
        "eval_runtime": 1.002,
        "eval_samples_per_second": 2991.908,
        "eval_steps_per_second": 11.976,
        "epoch": 5.0
      }
    },
    {
      "path": "results_paper/roberta-base_multiclass/result.json",
      "task": "multiclass",
      "model": "roberta-base",
      "n_train": 14337,
      "n_test": 1793,
      "train_seconds": 99.7694959640503,
      "test": {
        "test_loss": 0.5783079266548157,
        "test_accuracy": 0.8053541550474066,
        "test_precision_weighted": 0.798309687967957,
        "test_recall_weighted": 0.8053541550474066,
        "test_f1_weighted": 0.8006211052860063,
        "test_precision_macro": 0.790792641806698,
        "test_recall_macro": 0.7903181197173619,
        "test_f1_macro": 0.7886530488373247,
        "test_runtime": 0.7747,
        "test_samples_per_second": 2314.478,
        "test_steps_per_second": 10.327,
        "epoch": 5.0
      },
      "val": {
        "eval_loss": 0.6197441220283508,
        "eval_accuracy": 0.79296875,
        "eval_precision_weighted": 0.7883244516437685,
        "eval_recall_weighted": 0.79296875,
        "eval_f1_weighted": 0.7888754196506529,
        "eval_precision_macro": 0.7902496032502658,
        "eval_recall_macro": 0.778705333838091,
        "eval_f1_macro": 0.7816844329119362,
        "eval_runtime": 0.709,
        "eval_samples_per_second": 2527.648,
        "eval_steps_per_second": 9.874,
        "epoch": 5.0
      }
    },
    {
      "path": "results_paper/scibert_binary/result.json",
      "task": "binary",
      "model": "allenai/scibert_scivocab_uncased",
      "n_train": 23987,
      "n_test": 2999,
      "train_seconds": 164.56887030601501,
      "test": {
        "test_loss": 0.18047606945037842,
        "test_accuracy": 0.9413137712570857,
        "test_precision": 0.7461538461538462,
        "test_recall": 0.6381578947368421,
        "test_f1": 0.6879432624113476,
        "test_runtime": 1.076,
        "test_samples_per_second": 2787.085,
        "test_steps_per_second": 11.152,
        "epoch": 5.0
      },
      "val": {
        "eval_loss": 0.2012365162372589,
        "eval_accuracy": 0.9372915276851234,
        "eval_precision": 0.7192307692307692,
        "eval_recall": 0.6192052980132451,
        "eval_f1": 0.6654804270462633,
        "eval_runtime": 1.0878,
        "eval_samples_per_second": 2755.925,
        "eval_steps_per_second": 11.031,
        "epoch": 5.0
      }
    },
    {
      "path": "results_paper/scibert_multiclass/result.json",
      "task": "multiclass",
      "model": "allenai/scibert_scivocab_uncased",
      "n_train": 14337,
      "n_test": 1793,
      "train_seconds": 104.71773409843445,
      "test": {
        "test_loss": 0.5411543250083923,
        "test_accuracy": 0.8237590630228667,
        "test_precision_weighted": 0.8196169340510601,
        "test_recall_weighted": 0.8237590630228667,
        "test_f1_weighted": 0.8207319571471638,
        "test_precision_macro": 0.8144393759025472,
        "test_recall_macro": 0.8157615987788315,
        "test_f1_macro": 0.8134291321965262,
        "test_runtime": 0.854,
        "test_samples_per_second": 2099.448,
        "test_steps_per_second": 9.367,
        "epoch": 5.0
      },
      "val": {
        "eval_loss": 0.5721720457077026,
        "eval_accuracy": 0.8080357142857143,
        "eval_precision_weighted": 0.8062984659165238,
        "eval_recall_weighted": 0.8080357142857143,
        "eval_f1_weighted": 0.8052563975074705,
        "eval_precision_macro": 0.8171347576741935,
        "eval_recall_macro": 0.7987182630937962,
        "eval_f1_macro": 0.8047014844815609,
        "eval_runtime": 0.7793,
        "eval_samples_per_second": 2299.628,
        "eval_steps_per_second": 8.983,
        "epoch": 5.0
      }
    }
  ],
  "dapt": [
    {
      "path": "results_paper/dapt_roberta_base/dapt_result.json",
      "model": "roberta-base",
      "max_steps": 1500,
      "block_size": 512,
      "effective_batch": 512,
      "n_train_blocks": 17678,
      "n_val_blocks": 359,
      "pre_eval_loss": 1.7129675149917603,
      "pre_ppl": 5.545393122215264,
      "post_eval_loss": 1.3290313482284546,
      "post_ppl": 3.777382646471032,
      "train_seconds": 565.1859946250916
    }
  ]
}