{
  "hubbard_2site_U4": {
    "name": "hubbard_2site_U4",
    "eigenvalues": [
      -0.8284271247461903,
      0.0,
      0.0,
      0.0,
      4.0,
      4.82842712474619
    ],
    "noise_scale": 0.02,
    "noise_type": "dmqmc_like",
    "n_points": 300,
    "fd": {
      "rmse_cv_beta": 12.855030413631155,
      "rmse_cv_T": 23.746547951087198,
      "mae_cv_beta": 8.198193663555282,
      "mae_cv_T": 10.326092502339323
    },
    "spline": {
      "rmse_cv": 33.09963743488124,
      "mae_cv": 17.262516238650615
    },
    "gpr_beta": {
      "rmse_E": 0.025963117345902918,
      "rmse_cv": 15.840624448715543,
      "mae_cv": 1.9051212021965482
    },
    "gpr_T": {
      "rmse_E": 0.015013585279577251,
      "rmse_cv": 1.6301839195095733,
      "mae_cv": 0.10330251470848273
    },
    "gpr_two_regime": {
      "rmse_E": 0.025175982507000406,
      "rmse_cv": 16.109261979850096,
      "mae_cv": 1.9345303818124957
    },
    "entropy_rmse": {
      "gpr_T": 8.37748833722504,
      "fd": 0.5708914025326967,
      "spline": 71.4962610907643
    }
  },
  "hubbard_2site_U8": {
    "name": "hubbard_2site_U8",
    "eigenvalues": [
      -0.4721359549995796,
      0.0,
      0.0,
      0.0,
      8.0,
      8.47213595499958
    ],
    "noise_scale": 0.02,
    "noise_type": "dmqmc_like",
    "n_points": 300,
    "fd": {
      "rmse_cv_beta": 11.419471199405256,
      "rmse_cv_T": 16.46728703222174,
      "mae_cv_beta": 7.332992800804401,
      "mae_cv_T": 9.884469506323391
    },
    "spline": {
      "rmse_cv": 26.932526418847935,
      "mae_cv": 18.099323632788533
    },
    "gpr_beta": {
      "rmse_E": 0.07703792807360504,
      "rmse_cv": 10.374564103216674,
      "mae_cv": 1.3190707110631865
    },
    "gpr_T": {
      "rmse_E": 0.02236932731935224,
      "rmse_cv": 0.374703994588509,
      "mae_cv": 0.04807100529642766
    },
    "gpr_two_regime": {
      "rmse_E": 0.0350431981378801,
      "rmse_cv": 3.9148335324016026,
      "mae_cv": 0.5261654709665041
    },
    "entropy_rmse": {
      "gpr_T": 1.33153763181944,
      "fd": 1.055728040583554,
      "spline": 6.7628285787692235
    }
  },
  "chain_4site": {
    "name": "chain_4site",
    "eigenvalues": [
      -3.23606797749979,
      -2.23606797749979,
      -1.0000000000000002,
      -2.220446049250313e-16,
      -2.23606797749979,
      -1.2360679774997898,
      -2.220446049250313e-16,
      0.9999999999999998,
      -1.0000000000000002,
      -2.220446049250313e-16,
      1.2360679774997894,
      2.2360679774997894,
      -2.220446049250313e-16,
      0.9999999999999998,
      2.2360679774997894,
      3.2360679774997894
    ],
    "noise_scale": 0.03,
    "noise_type": "dmqmc_like",
    "n_points": 300,
    "fd": {
      "rmse_cv_beta": 36.85894537449973,
      "rmse_cv_T": 27.50881035602446,
      "mae_cv_beta": 19.5625870415255,
      "mae_cv_T": 15.689736907081533
    },
    "spline": {
      "rmse_cv": 16.13145900910706,
      "mae_cv": 6.909780117529353
    },
    "gpr_beta": {
      "rmse_E": 0.06800844867568406,
      "rmse_cv": 32.9352065939718,
      "mae_cv": 3.0776276752575433
    },
    "gpr_T": {
      "rmse_E": 0.08794815547495197,
      "rmse_cv": 88.36460141958854,
      "mae_cv": 4.874872001225883
    },
    "gpr_two_regime": {
      "rmse_E": 0.08009537892586381,
      "rmse_cv": 29.943571319769898,
      "mae_cv": 2.408121919076536
    },
    "entropy_rmse": {
      "gpr_T": 33.63335161303884,
      "fd": 0.5522964849496532,
      "spline": 10.807761393250336
    }
  },
  "hubbard_2site_U4_noisy": {
    "name": "hubbard_2site_U4_noisy",
    "eigenvalues": [
      -0.8284271247461903,
      0.0,
      0.0,
      0.0,
      4.0,
      4.82842712474619
    ],
    "noise_scale": 0.1,
    "noise_type": "dmqmc_like",
    "n_points": 300,
    "fd": {
      "rmse_cv_beta": 73.30554217912682,
      "rmse_cv_T": 83.93098081032214,
      "mae_cv_beta": 39.49186085573644,
      "mae_cv_T": 53.54321618117735
    },
    "spline": {
      "rmse_cv": 71.20003995522302,
      "mae_cv": 48.88445705425205
    },
    "gpr_beta": {
      "rmse_E": 0.23159388408487186,
      "rmse_cv": 26.841025785713803,
      "mae_cv": 4.600944824735169
    },
    "gpr_T": {
      "rmse_E": 0.11438792547812716,
      "rmse_cv": 42.889358837710965,
      "mae_cv": 4.517813730281409
    },
    "gpr_two_regime": {
      "rmse_E": 0.15632682083686322,
      "rmse_cv": 36.92034801201585,
      "mae_cv": 6.0420176924649045
    },
    "entropy_rmse": {
      "gpr_T": 170.2544463025731,
      "fd": 5.583065885753847,
      "spline": 23.785583424834453
    }
  },
  "noise_sweep": [
    {
      "noise_scale": 0.005,
      "rmse_fd": 2.5133949541686498,
      "rmse_gpr": 0.9224102108854927,
      "rmse_spline": 2.5573883975452905
    },
    {
      "noise_scale": 0.01,
      "rmse_fd": 5.026940847218326,
      "rmse_gpr": 2.019463987875425,
      "rmse_spline": 5.680660014225579
    },
    {
      "noise_scale": 0.02,
      "rmse_fd": 10.054041471708478,
      "rmse_gpr": 4.592262870367625,
      "rmse_spline": 11.952346464415971
    },
    {
      "noise_scale": 0.05,
      "rmse_fd": 25.135350415492272,
      "rmse_gpr": 12.070107595056013,
      "rmse_spline": 30.784079446926047
    },
    {
      "noise_scale": 0.1,
      "rmse_fd": 50.270867678500814,
      "rmse_gpr": 25.98033370332555,
      "rmse_spline": 62.175376768127336
    }
  ]
}