name	short	t0set	num	nMapped	nPastEnd	nGenic	nUsed	gMed	gMedt0	gMean	cor12	mad12	mad12c	mad12c_t0	opcor	adjcor	gccor	maxFit	u
set1H1	Time0	6/18/2013 psRCH2_ML7_set1	1	5362855	70869	3404135	3397567	482	571	1014.50194087787	0.482200209393108	0.148532932982721	1.09330187129447	1.09331064515731	0.472281325237737	0.441759497320053	-0.0889413957541341	1.2721707934945	FALSE
set1H2	Time0	6/18/2013 psRCH2_ML7_set1	2	6301768	79925	4009413	4001699	571	482	1194.89369961182	0.482200209393108	0.148532932982721	1.09331064515731	1.09330187129447	0.472281325237737	0.441759497320053	0.0889413957541341	1.75539863853048	FALSE
set1H3	D-Glucose (C)	6/18/2013 psRCH2_ML7_set1	3	5688275	52559	3614499	3609427	458	1052	1077.76261570618	0.647661470307294	0.151756964892084	1.0776957312014	1.08985289973279	0.505661550575488	0.480237153063405	-0.0378396952380961	1.23102623368756	FALSE
set1H4	D-Fructose (C)	6/18/2013 psRCH2_ML7_set1	4	4767566	30767	3029796	3024490	345	1052	903.102418632428	0.589730438452494	0.20802039382038	1.09476356484888	1.08985289973279	0.46581164636389	0.297554553585856	-0.123287734270253	7.42304529525016	FALSE
set1H5	Sucrose (C)	6/18/2013 psRCH2_ML7_set1	5	5659909	55231	3596569	3591334	453	1052	1072.36010749477	0.678395463683329	0.154463881907173	1.09207190649681	1.08985289973279	0.650704655168867	0.538060160192837	-0.0930500539416051	1.06988258482088	FALSE
set1H6	D-Maltose (C)	6/18/2013 psRCH2_ML7_set1	6	5244877	48193	3342191	3337377	444	1052	996.529411764706	0.60648875225551	0.166523468948239	1.08746284125034	1.08985289973279	0.498806389394531	0.342307698363666	0.00554678042342161	1.55222764944631	FALSE
set1H7	a-Ketoglutaric (C)	6/18/2013 psRCH2_ML7_set1	7	5415559	60333	3439332	3433797	475	1052	1025.32009555091	0.677695308687637	0.160040770845359	1.09228441310806	1.08985289973279	0.639580311348153	0.514488719491012	0.109919486890142	1.72581193966721	FALSE
set1H8	D-Gluconic Acid (C)	6/18/2013 psRCH2_ML7_set1	8	6213455	59633	3959259	3953312	513	1052	1180.44550612123	0.65367148798587	0.147123922841838	1.11313437718629	1.08985289973279	0.568192602400765	0.477911351137085	-0.0279028870279297	2.03326087480068	FALSE
set1H9	acetate (C)	6/18/2013 psRCH2_ML7_set1	9	4350586	51274	2772924	2768400	413	1052	826.634816363093	0.788131843468893	0.165144750321571	1.09489705358921	1.08985289973279	0.737348681773502	0.612311836834223	0.196683176703858	2.05762508782956	FALSE
set1H10	Fumarate (C)	6/18/2013 psRCH2_ML7_set1	10	5403385	60648	3442661	3437175	489	1052	1026.32875485219	0.732872727080433	0.158749306507705	1.09837447840323	1.08985289973279	0.664867490099878	0.552278353660991	0.154695556968655	2.31185420905283	FALSE
set1H11	Trisodium citrate (C)	6/18/2013 psRCH2_ML7_set1	11	5422744	70956	3395948	3390006	474	1052	1012.24425201553	0.759167563245452	0.162568987092752	1.08849253917211	1.08985289973279	0.673691226133355	0.470027638664998	0.0767512006834742	1.78011270230014	FALSE
set1H12	D-Lactate (C)	6/18/2013 psRCH2_ML7_set1	12	5150392	53729	3271444	3266151	433	1052	975.261570618095	0.549046278396403	0.161253490891562	1.11292092850317	1.08985289973279	0.519915549330961	0.352193922246398	0.0230953768654727	2.52646081667136	FALSE
set1H13	L-Lactate (C)	6/18/2013 psRCH2_ML7_set1	13	4890558	63973	3087321	3081790	414	1052	920.212003583159	0.550397536617548	0.21255255115289	1.11114807783032	1.08985289973279	0.415110205418606	0.161131594920484	0.173835538010417	1.99639072018458	TRUE
set1H14	D,L-Lactate (C)	6/18/2013 psRCH2_ML7_set1	14	3838774	44073	2438484	2434350	359	1052	726.888623469692	0.701355180745228	0.197228494463067	1.11392164075068	1.08985289973279	0.627565119750991	0.386524189157115	0.224520077223771	1.89018719661901	FALSE
set1H15	pyruvate (C)	6/18/2013 psRCH2_ML7_set1	15	4722369	45420	3017247	3012214	440	1052	899.436846819946	0.694335116225773	0.14721982355999	1.09706157124997	1.08985289973279	0.6448176676761	0.537279682057284	0.182019567220323	2.26867097509904	FALSE
set1H16	succinate (C)	6/18/2013 psRCH2_ML7_set1	16	4597926	50747	2937253	2932398	427	1052	875.604060913706	0.653822329411613	0.158970545164345	1.10463698878099	1.08985289973279	0.610599371237	0.404414002983337	0.163551475939287	2.0921889864248	FALSE
set1H17	Ethanol (C)	6/18/2013 psRCH2_ML7_set1	17	5264637	52579	3386773	3380257	551	1052	1009.33323380113	0.873736183192762	0.174093738341774	1.11150760855013	1.08985289973279	0.811331522478901	0.694133832412415	0.29452938608376	3.07809170935843	FALSE
set1H18	Glycerol (C)	6/18/2013 psRCH2_ML7_set1	18	4546509	46620	2913194	2907801	487	1052	868.259480441923	0.875517191099479	0.156789920759568	1.07171397942403	1.08985289973279	0.820999649909262	0.739753078435453	0.255408683187349	3.11874327671338	FALSE
set1H19	Tween 20 (C)	6/18/2013 psRCH2_ML7_set1	19	5511954	56357	3514336	3508650	524	1052	1047.67094655121	0.777085569271861	0.150731453928845	1.09165360668153	1.08985289973279	0.708332237786408	0.609640171230226	0.159985328181552	2.13823959652615	FALSE
set1H20	L-Malic (C)	6/18/2013 psRCH2_ML7_set1	20	4731520	44982	3024212	3019049	442	1052	901.477754553598	0.743458174687168	0.163094274496099	1.09072798961601	1.08985289973279	0.704432339620303	0.592862265357554	0.158304785633638	2.39119536876041	FALSE
set1H21	L-Glutamic (C)	6/18/2013 psRCH2_ML7_set1	21	4637028	45454	2996992	2991732	461	1052	893.320991340699	0.807210389369618	0.202254765416086	1.09110045076146	1.08985289973279	0.701061793248994	0.602320302265995	0.230881112738597	4.73612007736857	FALSE
set1H22	L-Asparagine (C)	6/18/2013 psRCH2_ML7_set1	22	4737967	39373	3043082	3037863	489	1052	907.09555091072	0.837736761150712	0.172150557406736	1.0945932844448	1.08985289973279	0.785030824986249	0.719005639211255	0.243201550257293	2.87054142992732	FALSE
set1H23	L-Glutamine (C)	6/18/2013 psRCH2_ML7_set1	23	4747415	46028	3049891	3045044	476	1052	909.239773066587	0.828120547159448	0.172010334624959	1.09266834811333	1.08985289973279	0.761763377043342	0.678302477486998	0.243633755906409	2.59061296743791	FALSE
set1H24	Glycine (C)	6/18/2013 psRCH2_ML7_set1	24	3930188	81854	2413310	2406687	238	1052	718.628545834577	0.643022385683192	0.397898828132454	1.17889763171571	1.08985289973279	0.574177511074447	0.449590526016089	0.287738603474975	6.81240947863936	FALSE
set1H25	L-Proline (C)	6/18/2013 psRCH2_ML7_set1	25	5239791	71197	3311944	3305143	482	1052	986.90444908928	0.562810788683191	0.173245645730634	1.09653842725595	1.08985289973279	0.510272314183866	0.23483659643746	0.148502377328146	3.58137402609202	TRUE
set1H26	L-Alanine (C)	6/18/2013 psRCH2_ML7_set1	26	4344477	68629	2722954	2717255	419	1052	811.363093460735	0.797989779507331	0.252001691141221	1.11250505303108	1.08985289973279	0.701798142513045	0.548368875019628	0.296966804063776	2.8001309930035	FALSE
set1H27	L-Valine (C)	6/18/2013 psRCH2_ML7_set1	27	4959644	61337	3155288	3149433	462	1052	940.409973126306	0.758511161035245	0.189015173049749	1.08357413367651	1.08985289973279	0.653530395857742	0.431910176609117	0.215917649500087	7.64152712286533	FALSE
set1H28	L-Isoleucine (C)	6/18/2013 psRCH2_ML7_set1	28	5348490	51261	3426915	3421111	518	1052	1021.53209913407	0.740180646076422	0.149859544228962	1.06737003476401	1.08985289973279	0.69498225532767	0.578910127336684	0.187017522336176	2.22246818789366	FALSE
set1H29	L-Leucine (C)	6/18/2013 psRCH2_ML7_set1	29	5056948	47368	3217118	3211483	475	1052	958.937891908032	0.818031561698839	0.187327185747525	1.08480854630716	1.08985289973279	0.726645914611096	0.605107213598541	0.237765559260992	3.22864971976459	FALSE
set1H30	D-Alanine (C)	6/18/2013 psRCH2_ML7_set1	30	4843222	53676	3110131	3104688	534	1052	927.04926843834	0.900431477649195	0.158585948063191	1.0811147640153	1.08985289973279	0.856808092511314	0.756918046393625	0.305611103211416	3.26447429932328	FALSE
set1H31	casaminos (C)	6/18/2013 psRCH2_ML7_set1	31	5961657	67823	3805556	3798098	652	1052	1134.09913406987	0.851595847505888	0.180430647840041	1.1015814749282	1.08985289973279	0.802008066655764	0.718009255738493	0.40048994597404	2.40038822822433	FALSE
set1H32	D-Glucose (C)	6/18/2013 psRCH2_ML7_set1	32	4964076	42082	3192789	3187491	499	1052	951.773962376829	0.818509417518394	0.151125453358346	1.07940008178279	1.08985289973279	0.750746864962218	0.718391801571375	0.198194434915491	3.02704192829985	FALSE
set1H33	D-Fructose (C)	6/18/2013 psRCH2_ML7_set1	33	5479075	32940	3522721	3515610	521	1052	1049.74917885936	0.818039342978771	0.182609162478419	1.08919958425333	1.08985289973279	0.71754170340084	0.61475090102031	0.195753285547289	6.77877962713266	FALSE
set1H34	Sucrose (C)	6/18/2013 psRCH2_ML7_set1	34	5214761	37984	3356892	3351207	543	1052	1000.65900268737	0.840637340174058	0.150639582194676	1.08877215548388	1.08985289973279	0.80375825971573	0.712124403956408	0.23159456817942	3.11563544065008	FALSE
set1H35	D-Maltose (C)	6/18/2013 psRCH2_ML7_set1	35	5170906	43848	3321917	3316540	533	1052	990.307554493879	0.851646840318975	0.155620085335451	1.08445695040588	1.08985289973279	0.772153709109078	0.673338646736019	0.199838395850962	3.01127849135336	FALSE
set1H36	a-Ketoglutaric (C)	6/18/2013 psRCH2_ML7_set1	36	4953521	53790	3178540	3173177	509	1052	947.499850701702	0.844556955804025	0.158302681659799	1.10912675501796	1.08985289973279	0.792750439630885	0.69022301284742	0.253979828968234	2.59257227783216	FALSE
set1H37	D-Gluconic Acid (C)	6/18/2013 psRCH2_ML7_set1	37	3148831	29972	2024532	2021344	322	1052	603.56643774261	0.77329195967328	0.168215618930744	1.10647842066342	1.08985289973279	0.669815865878776	0.610009383770259	0.163205886251301	2.48729579922607	FALSE
set1H38	acetate (C)	6/18/2013 psRCH2_ML7_set1	38	3671503	34595	2355902	2351842	365	1052	702.252015527023	0.774986698490645	0.183441938597534	1.09830973879196	1.08985289973279	0.721969402487231	0.632645604088829	0.256913732069718	2.38831783789596	FALSE
set1H39	Fumarate (C)	6/18/2013 psRCH2_ML7_set1	39	5357268	52666	3452711	3446774	565	1052	1029.19498357719	0.834129424786417	0.150798952769091	1.10521752310189	1.08985289973279	0.798433207136301	0.682512551887976	0.255962421668019	2.41191874550521	FALSE
set1H40	Trisodium citrate (C)	6/18/2013 psRCH2_ML7_set1	40	4193348	49273	2691551	2685904	494	1052	802.001791579576	0.921558137927114	0.174111999047094	1.06923461343419	1.08985289973279	0.870281617172926	0.798798103824703	0.328611589044398	3.29592433415315	FALSE
set1H41	D-Lactate (C)	6/18/2013 psRCH2_ML7_set1	41	4307531	38097	2770376	2765260	450	1052	825.697223051657	0.86260768374564	0.178246739615933	1.06353917830008	1.08985289973279	0.816808423503457	0.704117632557454	0.297724623585036	3.13919950318842	FALSE
set1H42	L-Lactate (C)	6/18/2013 psRCH2_ML7_set1	42	5450325	62664	3486624	3479865	541	1052	1039.07584353538	0.80863047840096	0.219635277472225	1.11266684832428	1.08985289973279	0.768727113533572	0.58470811149959	0.335123122203797	2.55572752201673	FALSE
set1H43	D,L-Lactate (C)	6/18/2013 psRCH2_ML7_set1	43	4752115	49136	3048228	3042854	488	1052	908.58584652135	0.820274508251649	0.183878499285817	1.1045496951217	1.08985289973279	0.785972073439767	0.641231204479853	0.296710908290888	2.97160028960551	FALSE
set1H44	pyruvate (C)	6/18/2013 psRCH2_ML7_set1	44	4642429	40648	2979361	2973804	474	1052	887.967751567632	0.83995516470985	0.162876222864334	1.08755849542273	1.08985289973279	0.785486860472402	0.696750062573213	0.262631285703276	2.28149863230269	FALSE
set1H45	succinate (C)	6/18/2013 psRCH2_ML7_set1	45	5447232	52146	3519838	3513361	592	1052	1049.07763511496	0.884640154686184	0.166141767890165	1.10410082864729	1.08985289973279	0.827211937730879	0.764225011715234	0.304651104925074	2.93071886272342	FALSE
set1H46	Ethanol (C)	6/18/2013 psRCH2_ML7_set1	46	3892384	40730	2513223	2508502	393	1052	749.030158256196	0.840115901099201	0.19557400068444	1.12240394329665	1.08985289973279	0.77677182992471	0.66535548254331	0.28059568206117	3.34161769757371	FALSE
set1H47	Glycerol (C)	6/18/2013 psRCH2_ML7_set1	47	5518496	57356	3528382	3522551	545	1052	1051.82173783219	0.805192961511127	0.151251494685364	1.07600851804029	1.08985289973279	0.789316163160591	0.667220197953151	0.202469821131739	2.81780936435951	FALSE
set1H48	Tween 20 (C)	6/18/2013 psRCH2_ML7_set1	48	4750868	47121	3044166	3038822	491	1052	907.381905046282	0.847353398189776	0.154694975843002	1.0996544041117	1.08985289973279	0.797350132875279	0.716492189359693	0.243988444962956	3.07442383939316	FALSE
set2H1	L-Malic (C)	6/18/2013 psRCH2_ML7_set2	49	2319203	23117	1480440	1477985	210	389	441.321289937295	0.434874285980468	0.17774084811843	1.12893361150319	1.07485512063422	0.358573839830378	0.258248526984797	0.0237107252385559	1.66705834648866	FALSE
set2H2	L-Glutamic (C)	6/18/2013 psRCH2_ML7_set2	50	2673141	26803	1728023	1725039	269	389	515.090773365184	0.669521028236341	0.183568206846298	1.07324898203064	1.07485512063422	0.652245013690243	0.448226248970849	0.179303527084844	4.76253572915442	FALSE
set2H3	L-Asparagine (C)	6/18/2013 psRCH2_ML7_set2	51	2519024	20352	1614645	1612055	238	389	481.354135562855	0.38906962690217	0.170365574336889	1.08945227529088	1.07485512063422	0.332012426172616	0.215575367744104	0.0815858286590773	2.42844867504699	TRUE
set2H4	L-Glutamine (C)	6/18/2013 psRCH2_ML7_set2	52	1415510	16151	907740	906296	136	389	270.616900567334	0.571557639446159	0.207415823872923	1.12928301694497	1.07485512063422	0.51962126652317	0.379385767443824	0.164415064855215	2.67963491806897	FALSE
set2H5	Glycine (C)	6/18/2013 psRCH2_ML7_set2	53	2030374	45109	1257815	1254472	152	389	374.581068975814	0.658091446292332	0.401350596183743	1.17295065291755	1.07485512063422	0.556601225468713	0.43190940653321	0.315987603298402	6.21477741696002	FALSE
set2H6	L-Proline (C)	6/18/2013 psRCH2_ML7_set2	54	2323240	31233	1472237	1469391	225	389	438.755150791281	0.592422409806248	0.187659173217378	1.09857872735033	1.07485512063422	0.530986018803616	0.388224262571114	0.148701458391302	3.68636123574146	FALSE
set2H7	L-Alanine (C)	6/18/2013 psRCH2_ML7_set2	55	2391804	49269	1487140	1484233	220	389	443.186921469095	0.611095271530975	0.262634531128564	1.0833321462208	1.07485512063422	0.480557243411118	0.308189004423459	0.226376264928899	2.62903499238545	FALSE
set2H8	L-Valine (C)	6/18/2013 psRCH2_ML7_set2	56	2487109	28851	1582525	1579653	239	389	471.679008659301	0.633666249658704	0.181980572693793	1.07800251200127	1.07485512063422	0.499214729884213	0.341330323603248	0.138363244122117	6.72811182398938	FALSE
set2H9	L-Isoleucine (C)	6/18/2013 psRCH2_ML7_set2	57	2044689	20220	1313508	1311154	210	389	391.506121230218	0.628391809452428	0.169473442884051	1.08362910015744	1.07485512063422	0.660432089697431	0.519985856850153	0.1960274965048	2.55925345411711	FALSE
set2H10	L-Leucine (C)	6/18/2013 psRCH2_ML7_set2	58	2310885	20959	1485709	1482705	255	389	442.730665870409	0.789238914456236	0.194256741107879	1.08485323938831	1.07485512063422	0.748659228051163	0.638582372284264	0.303289497530492	2.89496226220916	FALSE
set2H11	D-Alanine (C)	6/18/2013 psRCH2_ML7_set2	59	2277747	26662	1449838	1447179	241	389	432.122723200956	0.723521569644205	0.17741881942541	1.07547776590005	1.07485512063422	0.700755807236628	0.637163035972525	0.227451106734383	2.66211645855653	FALSE
set2H12	casaminos (C)	6/18/2013 psRCH2_ML7_set2	60	2154651	25758	1367508	1364862	212	389	407.543147208122	0.446304535157955	0.210329296835975	1.06912684166855	1.07485512063422	0.355350150623387	0.295341656002558	0.230655464003641	2.12938237546839	FALSE
set2H13	Time0	6/18/2013 psRCH2_ML7_set2	61	2320902	28477	1479721	1476729	227	161	440.94625261272	0.204920232548753	0.176499218060263	1.08855002686751	1.08167050858142	0.175387373847933	0.189718654926833	0.0176546405841256	2.94051247860828	FALSE
set2H14	Time0	6/18/2013 psRCH2_ML7_set2	62	1689450	20783	1075841	1073594	161	227	320.571513884742	0.204920232548753	0.176499218060263	1.08167050858142	1.08855002686751	0.175387373847933	0.189718654926833	-0.0176546405841256	2.2154053879276	FALSE
set2H15	Time0	6/20/2013 psRCH2_ML7_set2	63	2382042	29738	1521837	1518421	255	277	453.395341893102	0.131216986426776	0.164885173545674	1.05630501484828	1.07302742651863	0.0708820936401495	0.136023841455785	0.0263859607721342	1.68091486672876	FALSE
set2H16	Time0	6/20/2013 psRCH2_ML7_set2	64	2628639	33029	1671927	1668093	277	255	498.086891609436	0.131216986426776	0.164885173545674	1.07302742651863	1.05630501484828	0.0708820936401495	0.136023841455785	-0.0263859607721342	1.70178102301414	FALSE
set2H17	L-Arginine (N)	6/20/2013 psRCH2_ML7_set2	65	2517440	18779	1616802	1613713	262	534	481.849208719021	0.342333946934097	0.18358275926052	1.07892790984524	1.06088336388991	0.373937543504542	0.197119234564592	-0.0308626837393914	1.32314211963502	TRUE
set2H18	L-Glutamic (N)	6/20/2013 psRCH2_ML7_set2	66	2476895	26953	1585863	1582397	254	534	472.498357718722	0.272716445135561	0.235262268697986	1.11192230691906	1.06088336388991	0.222518474719405	0.115191150753953	0.0317814583864257	4.47418352298356	TRUE
set2H19	L-Asparagine (N)	6/20/2013 psRCH2_ML7_set2	67	2246981	17224	1440237	1437514	242	534	429.236787100627	0.468568848735293	0.183965265689378	1.07980240808919	1.06088336388991	0.424444525919496	0.267627946047078	0.088091322763227	1.73868329888327	FALSE
set2H20	L-Glutamine (N)	6/20/2013 psRCH2_ML7_set2	68	2329302	21347	1499655	1496709	235	534	446.912212600776	0.396036197649487	0.179181114959543	1.10321742371674	1.06088336388991	0.335245499056321	0.228397703768148	0.0479278942881446	3.83685735239958	TRUE
set2H21	Glycine (N)	6/20/2013 psRCH2_ML7_set2	69	2407202	29343	1525216	1521817	245	534	454.409375933114	0.35584893834055	0.200648583005597	1.07871269970895	1.06088336388991	0.314206423924433	0.144865330388849	0.0387964756186096	3.16317462462437	TRUE
set2H22	L-Proline (N)	6/20/2013 psRCH2_ML7_set2	70	2439836	21052	1561853	1558940	260	534	465.494177366378	0.391624888493077	0.172110610845808	1.08212591128777	1.06088336388991	0.361456897090291	0.219709742198908	0.0723534770192609	2.0363630254307	TRUE
set2H23	L-Alanine (N)	6/20/2013 psRCH2_ML7_set2	71	2422449	20032	1555347	1551505	224	534	463.274111675127	0.48125521392804	0.21110972030313	1.07210775169239	1.06088336388991	0.381434867274152	0.162266803428728	-0.0514499490893524	4.73958308022346	TRUE
set2H24	L-Valine (N)	6/20/2013 psRCH2_ML7_set2	72	2556079	29926	1597750	1593514	196	534	475.817856076441	0.539391464404066	0.226186590447794	1.10933362523489	1.06088336388991	0.490315620872793	0.327268527724952	-0.194490214059059	3.71169067829347	FALSE
set2H25	L-Isoleucine (N)	6/20/2013 psRCH2_ML7_set2	73	2535610	29567	1597052	1593205	219	534	475.725589728277	0.39624091856742	0.209695056176121	1.11108768521818	1.06088336388991	0.322406809535303	0.0976945323057949	-0.00290073859921956	3.6227333950178	TRUE
set2H26	D-Serine (N)	6/20/2013 psRCH2_ML7_set2	74	2631256	29274	1711056	1697013	62	534	506.722305165721	0.315254651056721	0.626131495459187	1.5903349062842	1.06088336388991	0.305354780470106	0.173289344299367	0.127500490174869	10.2493374513777	FALSE
set2H27	D-Alanine (N)	6/20/2013 psRCH2_ML7_set2	75	2378397	27082	1510049	1507090	230	534	450.01194386384	0.479556481041743	0.182531923105816	1.07227351275166	1.06088336388991	0.338878843622602	0.141817854157401	0.0405577405648921	2.2064617364998	TRUE
set2H28	L-Citrulline (N)	6/20/2013 psRCH2_ML7_set2	76	2282348	18890	1463496	1460250	246	534	436.025679307256	0.428536860411412	0.203010996955418	1.10111066876274	1.06088336388991	0.372355933422162	0.268598493647765	0.0488323192002627	2.63765923997867	FALSE
set2H29	casaminos (N)	6/20/2013 psRCH2_ML7_set2	77	2337112	14136	1506641	1503948	232	534	449.073753359212	0.400897777420399	0.190516347327641	1.09730476609334	1.06088336388991	0.443087886274009	0.285432131167521	-0.15100666170503	1.4488154708571	FALSE
set2H30	Putrescine (N)	6/20/2013 psRCH2_ML7_set2	78	2278375	22952	1456025	1453027	233	534	433.868916094357	0.381662808040428	0.191036069214319	1.06519070962928	1.06088336388991	0.360968618404619	0.179034283635312	0.0270622527129963	2.48767356631335	TRUE
set2H31	Parabanic Acid (N)	6/20/2013 psRCH2_ML7_set2	79	2541134	21756	1589948	1585897	234	534	473.543445804718	0.403631765819402	0.22066994363444	1.12395711353128	1.06088336388991	0.362544290925582	0.125049561986209	0.0344284496806191	3.07081123600333	TRUE
set2H32	Adenine (N)	6/20/2013 psRCH2_ML7_set2	80	2361786	24894	1502598	1499672	230	534	447.796954314721	0.389318368121109	0.183357499516349	1.10839641084444	1.06088336388991	0.309146626290452	0.0735047697364783	0.032031095057961	2.63018065876861	TRUE
set2H33	Cytosine (N)	6/20/2013 psRCH2_ML7_set2	81	2288641	22047	1456406	1453618	223	534	434.045386682592	0.428402878684744	0.182749752027941	1.07276892141876	1.06088336388991	0.372049856317054	0.158970752025409	-0.051153380447927	1.53068106465895	TRUE
set2H34	Ammonium chloride (N)	6/20/2013 psRCH2_ML7_set2	82	2282315	20766	1460377	1457677	228	534	435.257390265751	0.465822665050272	0.172499177231438	1.0987255366559	1.06088336388991	0.448786186943332	0.302856404046129	0.0196491202981529	1.65831423231544	FALSE
set2H35	nitrate (N)	6/20/2013 psRCH2_ML7_set2	83	2252703	33584	1427976	1425291	206	534	425.587040907734	0.513945834483948	0.197262148192727	1.11722925034777	1.06088336388991	0.47550080312756	0.144493776067321	0.00684347930412026	2.44409115514729	TRUE
set2H36	nitrite (N)	6/20/2013 psRCH2_ML7_set2	84	2320339	42786	1470964	1467906	200	534	438.311734846223	0.435956159183244	0.218261172605527	1.08981644627676	1.06088336388991	0.333830699332169	0.0631233901372455	0.0393856365318993	3.44508380455536	TRUE
set2H37	Urea (N)	6/20/2013 psRCH2_ML7_set2	85	1441997	15743	908503	906956	122	534	270.813974320693	0.565755708404039	0.217656046342162	1.10626686431796	1.06088336388991	0.490410562773808	0.285496644237765	-0.104372358033096	2.39130942760127	FALSE
set2H38	octanoate (C)	6/20/2013 psRCH2_ML7_set2	86	1582275	29778	709522	581626	4	534	173.671543744401	0.363962794501343	0.526688709612812	1	1.06088336388991	0.424321422452934	0.298042780543918	0.190678409602601	14.3506717145572	FALSE
set2H39	butyrate (C)	6/20/2013 psRCH2_ML7_set2	87	2072772	22111	1523620	1521429	108	534	454.293520453867	0.493663527843816	0.313037677727588	1.13186586171834	1.06088336388991	0.284344168169538	0.0534172321895106	0.0862923425228606	11.0937754815677	TRUE
set2H40	L-Arginine (N)	6/20/2013 psRCH2_ML7_set2	88	1729202	17254	1104433	1102396	174	534	329.171693042699	0.436734542249449	0.234897029284172	1.11079484376822	1.06088336388991	0.456560153045125	0.304624608956304	-0.0762413827014636	2.63629430616001	FALSE
set2H41	L-Glutamic (N)	6/20/2013 psRCH2_ML7_set2	89	2277943	33637	1431313	1428085	184	534	426.421319796954	0.574386448099228	0.243434953979346	1.11709549632736	1.06088336388991	0.52500242995301	0.360430246793059	-0.202781109046175	5.44078099822821	FALSE
set2H42	L-Asparagine (N)	6/20/2013 psRCH2_ML7_set2	90	2151542	17953	1370648	1368417	199	534	408.604658106898	0.600395751884643	0.169278444852012	1.09163304502331	1.06088336388991	0.576153507989568	0.376140743810467	-0.14137802135527	1.3507683718459	FALSE
set2H43	L-Glutamine (N)	6/20/2013 psRCH2_ML7_set2	91	1210611	14294	771138	769704	105	534	229.830994326665	0.553686146903193	0.218292699290857	1.1083886737151	1.06088336388991	0.58560995797866	0.356653728543253	-0.189398771109576	3.89066089606851	FALSE
set2H44	Glycine (N)	6/20/2013 psRCH2_ML7_set2	92	1986736	25749	1237561	1234890	160	534	368.733950432965	0.613779337178973	0.246808050501074	1.09257118069436	1.06088336388991	0.580763871990248	0.413073854463021	-0.192880421810999	3.95782838737151	FALSE
set2H45	L-Proline (N)	6/20/2013 psRCH2_ML7_set2	93	2423159	22132	1545901	1543180	229	534	460.788295013437	0.548297829072669	0.170562820016401	1.089934943439	1.06088336388991	0.586871405107702	0.41342403703491	-0.149319361430286	1.19479535227251	FALSE
set2H46	L-Alanine (N)	6/20/2013 psRCH2_ML7_set2	94	2282071	20354	1459675	1456262	202	534	434.834876082413	0.615788268309046	0.215727248283495	1.11758614190544	1.06088336388991	0.586502630931875	0.341081537570595	-0.146382338111282	4.35762174716954	FALSE
set2H47	L-Valine (N)	6/20/2013 psRCH2_ML7_set2	95	2684482	32997	1678414	1673872	190	534	499.812481337713	0.489314210743283	0.26212957279442	1.15064560874811	1.06088336388991	0.34500687273489	0.286227687975102	-0.173741939163589	4.36777582571244	FALSE
set2H48	L-Isoleucine (N)	6/20/2013 psRCH2_ML7_set2	96	2376080	36296	1465304	1461945	139	534	436.531800537474	0.50252310840281	0.298185955764836	1.1564097512322	1.06088336388991	0.418334749647313	0.220876659070962	-0.154132487485677	4.98812487366037	TRUE
set3H1	Time0	6/20/2013 psRCH2_ML7_set3	97	2348058	33460	1485669	1482635	204	263	442.709764108689	0.244412043268769	0.186281329977876	1.11037691030084	1.09407929363286	0.225625041568876	0.241312686417075	-0.229380073928496	1.80213506917213	FALSE
set3H2	Time0	6/20/2013 psRCH2_ML7_set3	98	2828264	40014	1784504	1780571	263	204	531.672439534189	0.244412043268769	0.186281329977876	1.09407929363286	1.11037691030084	0.225625041568876	0.241312686417075	0.229380073928496	1.96662455165213	FALSE
set3H3	D-Serine (N)	6/20/2013 psRCH2_ML7_set3	99	2183428	24333	1344701	1333174	44	469	398.081218274112	0.363490222113315	0.712235126635817	1.51457317282976	1.08277900430483	0.309075238639383	0.260234480718299	0.245248801655149	9.5178155807009	FALSE
set3H4	D-Alanine (N)	6/20/2013 psRCH2_ML7_set3	100	2536269	33341	1602563	1599593	229	469	477.633024783517	0.636130448655412	0.199527075522719	1.07546429465531	1.08277900430483	0.55305841902485	0.408481599485374	0.128306601318477	2.21309666503014	FALSE
set3H5	L-Citrulline (N)	6/20/2013 psRCH2_ML7_set3	101	1987517	18523	1242786	1240565	151	469	370.428486115258	0.478195545602181	0.334904762099566	1.15073199616382	1.08277900430483	0.442079704428316	0.374971799053442	-0.13842265065657	2.32355814005321	FALSE
set3H6	casaminos (N)	6/20/2013 psRCH2_ML7_set3	102	2226335	15395	1414830	1412506	162	469	421.769483427889	0.638784774976287	0.237503496231674	1.11391247164272	1.08277900430483	0.591809918591928	0.53354434658675	-0.20828918229901	1.39643059768182	FALSE
set3H7	Putrescine (N)	6/20/2013 psRCH2_ML7_set3	103	2496518	26345	1582703	1579757	211	469	471.710062705285	0.599660560132395	0.223168965691385	1.1014335363085	1.08277900430483	0.538226547901767	0.474646168588742	0.0371926359980768	3.03780840388196	FALSE
set3H8	Parabanic Acid (N)	6/20/2013 psRCH2_ML7_set3	104	2057447	28775	1285169	1282341	167	469	382.902657509704	0.667339367622861	0.250305093347433	1.11364118857839	1.08277900430483	0.549083475392876	0.434933504995609	0.0810829781687051	3.10216793429887	FALSE
set3H9	Adenine (N)	6/20/2013 psRCH2_ML7_set3	105	2062156	23933	1294644	1292240	173	469	385.858465213497	0.704570202488252	0.226842076717117	1.09786044103813	1.08277900430483	0.586366182678597	0.491775004692655	0.0834596374410136	3.1455067800961	FALSE
set3H10	Cytosine (N)	6/20/2013 psRCH2_ML7_set3	106	2305543	31365	1436695	1434004	161	469	428.188713048671	0.507965106644207	0.235220947181123	1.11152076093375	1.08277900430483	0.433774023199268	0.256654599278698	-0.116229588278495	2.42666136979269	FALSE
set3H11	Ammonium chloride (N)	6/20/2013 psRCH2_ML7_set3	107	2108847	18930	1344200	1341751	196	469	400.642281277993	0.774654573306135	0.203135758363094	1.08484864269544	1.08277900430483	0.701954289563855	0.648018407028641	0.147569550301415	2.53630024740288	FALSE
set3H12	nitrate (N)	6/20/2013 psRCH2_ML7_set3	108	1708104	25699	1072625	1070677	140	469	319.700507614213	0.638620595102273	0.230576658468901	1.0877770854376	1.08277900430483	0.576697799602982	0.413557634948144	0.0484826653312212	2.69327330128753	FALSE
set3H13	nitrite (N)	6/20/2013 psRCH2_ML7_set3	109	1852140	42238	1137715	1135259	105	469	338.984472977008	0.489208979158441	0.335566236422703	1.14400872564498	1.08277900430483	0.380735375394849	0.139265255337723	0.0540433211554598	4.24521369739366	TRUE
set3H14	Urea (N)	6/20/2013 psRCH2_ML7_set3	110	1682027	23144	1048999	1047062	130	469	312.649148999701	0.571870869014058	0.240405572684189	1.07636610636479	1.08277900430483	0.440160365554937	0.320834887127125	0.0072260382337407	2.21351408030134	FALSE
set3H15	octanoate (C)	6/20/2013 psRCH2_ML7_set3	111	1645817	21513	756844	688859	4	469	205.690952523141	0.464205686151258	0.643716480294456	1.32192809488736	1.08277900430483	0.470398304039157	0.385429069403562	0.331296485230638	13.1469229742727	FALSE
set3H16	butyrate (C)	6/20/2013 psRCH2_ML7_set3	112	2241704	23020	1676640	1674352	96	469	499.955807703792	0.629081587334447	0.332141176020069	1.15026280907757	1.08277900430483	0.465712384690141	0.271195844816503	0.181057135202817	11.2575044839163	FALSE
set3H17	Time0	6/24/2013 psRCH2_ML7_set3	113	2090484	26677	1335198	1332475	208	208	397.872499253509	-0.0237954402135085	0.170632646890348	1.07664531965276	1.08514019440858	0.000981776766394178	-0.0245537993443131	0.0125512977834215	1.93336484432776	FALSE
set3H18	Time0	6/24/2013 psRCH2_ML7_set3	114	2100819	25693	1342477	1339775	208	208	400.0522544043	-0.0237954402135085	0.170632646890348	1.08514019440858	1.07664531965276	0.000981776766394178	-0.0245537993443131	-0.0125512977834215	1.77457866464058	FALSE
set3H19	Nickel (II) chloride 0.8 mM	6/24/2013 psRCH2_ML7_set3	115	2089479	18658	1331754	1329230	200	414	396.903553299492	0.464520897200396	0.202927375268702	1.06681627114615	1.07191273590482	0.390964117504683	0.147687786545968	0.0870200207102924	2.50540425219892	TRUE
set3H20	Nickel (II) chloride 1 mM	6/24/2013 psRCH2_ML7_set3	116	2078251	14401	1253638	1246753	130	414	372.276201851299	0.234251754034721	0.884806895765097	1.65738139843674	1.07191273590482	0.218600048189494	0.104420263357425	0.0641009006852441	6.55668258441899	FALSE
set3H21	Cobalt chloride 0.06 mM	6/24/2013 psRCH2_ML7_set3	117	2108530	20976	1267325	1265283	184	414	377.809196775157	0.366721745831171	0.200547325881376	1.0797464006727	1.07191273590482	0.287205869898399	0.0919074030462707	0.00636215142950056	5.18013206065791	TRUE
set3H22	Cobalt chloride 0.08 mM	6/24/2013 psRCH2_ML7_set3	118	1746467	3114	99873	99771	7	414	29.7912809793968	0.205833143259927	0.522932777430808	1	1.07191273590482	0.232713672270149	0.128127623334055	0.1461964383945	11.8618390171888	FALSE
set3H23	copper (II) chloride 1.25 mM	6/24/2013 psRCH2_ML7_set3	119	1993289	34813	1312312	1242660	2	414	371.054045983876	0.488866679052221	0.715471503011835	1	1.07191273590482	0.513040520743384	0.423969074206125	0.274734244897668	15.0987255517286	FALSE
set3H24	sodium fluoride 6.25 mM	6/24/2013 psRCH2_ML7_set3	120	1930000	22671	1228186	1225854	174	414	366.03583159152	0.485620101365052	0.201469237832533	1.08954226491399	1.07191273590482	0.405556590063788	0.213301577814729	-0.0811558361322917	1.82833434753242	TRUE
set3H25	sodium fluoride 9 mM	6/24/2013 psRCH2_ML7_set3	121	2198812	26555	1368556	1359163	127	414	405.841445207525	0.73775094413926	0.257041493788066	1.15589135557895	1.07191273590482	0.607243749675939	0.510948668660699	-0.23458176149659	5.8476289484803	FALSE
set3H26	Paraquat dichloride 0.015 mg/ml	6/24/2013 psRCH2_ML7_set3	122	2280196	23599	1478968	1473781	180	414	440.065989847716	0.296815149963835	0.51133188199392	1.26283598814022	1.07191273590482	0.232159897454501	0.11864407855121	0.0392826536918333	6.46238258052745	FALSE
set3H27	Paraquat dichloride 0.03 mg/ml	6/24/2013 psRCH2_ML7_set3	123	712925	2900	492438	486705	5	414	145.328456255599	0.295154850659072	0.941706644102159	2	1.07191273590482	0.324085924931086	0.29439272272588	0.210562620336417	9.62207246157999	FALSE
set3H28	Thallium(I) acetate 0.08 mg/ml	6/24/2013 psRCH2_ML7_set3	124	1981488	40923	1215134	1205834	104	414	360.057927739624	0.49749891652326	0.557136192539612	1.28010791919274	1.07191273590482	0.412630350171326	0.226800879343016	0.212885741768802	7.89193441085332	FALSE
set3H29	Thallium(I) acetate 0.125 mg/ml	6/24/2013 psRCH2_ML7_set3	125	2881738	3309	2372737	2369699	14	414	707.584054941774	0.447757800779792	0.568507960422648	1.33695275267111	1.07191273590482	0.504006736512199	0.343961218055375	0.22500636676775	9.74545444432928	FALSE
set3H30	Cisplatin 0.0016 mg/ml	6/24/2013 psRCH2_ML7_set3	126	1113915	10730	712876	711593	113	414	212.479247536578	0.474625429667642	0.227215686049697	1.07647192725856	1.07191273590482	0.419712759732436	0.350630120837075	0.132558992662749	1.85160669682148	FALSE
set3H31	Cisplatin 0.003 mg/ml	6/24/2013 psRCH2_ML7_set3	127	2089331	12780	1354396	1352015	164	414	403.707076739325	0.73734923536832	0.289485313902503	1.15364065946148	1.07191273590482	0.606847482208471	0.488705923456648	0.164513374420101	5.13151001074595	FALSE
set3H32	Zinc 0.08 mM	6/24/2013 psRCH2_ML7_set3	128	2059463	14654	838237	835035	121	414	249.338608539863	0.33702993537556	0.600813763315116	1.37024480845832	1.07191273590482	0.217942648365871	0.120863680604081	0.141476103359295	6.2894792601262	FALSE
set3H33	LB	6/24/2013 psRCH2_ML7_set3	129	1944930	21831	1247568	1245332	199	414	371.851896088385	0.46051310410001	0.177538819093727	1.04493958431004	1.07191273590482	0.433894638762705	0.349783394877748	0.182496319970186	1.69814514671786	FALSE
set3H34	nitrite 2.5 mM	6/24/2013 psRCH2_ML7_set3	130	1811368	21632	1155628	1153068	190	414	344.302179755151	0.594963878794628	0.228442201356188	1.0944232745565	1.07191273590482	0.496353590833339	0.328591846395439	0.230441175375349	3.07573631576419	FALSE
set3H35	nitrite 5 mM	6/24/2013 psRCH2_ML7_set3	131	2038772	16749	1316613	1313475	201	414	392.199163929531	0.272834128634682	0.582213790611058	1.27995716735928	1.07191273590482	0.201032299196346	0.15003556209479	0.117387036697003	4.49310637368597	FALSE
set3H36	nitrate 200 mM	6/24/2013 psRCH2_ML7_set3	132	1890195	30211	1188169	1185899	182	414	354.105404598388	0.566892000796014	0.251418842169458	1.10815631825474	1.07191273590482	0.456241178704082	0.252991558451734	0.255064746191794	1.75466422896565	FALSE
set3H37	nitrate 250 mM	6/24/2013 psRCH2_ML7_set3	133	1086160	22282	636098	634962	74	414	189.597491788594	0.503028638080819	0.418544857886198	1.19202269413472	1.07191273590482	0.282668010729295	0.14230794156065	0.170336446566752	4.75330253501306	TRUE
set3H38	Sisomicin 0.004 mg/ml	6/24/2013 psRCH2_ML7_set3	134	1128901	12476	688009	683543	57	414	204.103613018812	0.334885387874564	0.753331168750913	1.39404637315086	1.07191273590482	0.305543028510384	0.0827257016954163	0.165776451538329	7.66204051909179	FALSE
set3H39	Sisomicin 0.006 mg/ml	6/24/2013 psRCH2_ML7_set3	135	1733389	30489	969833	926536	1	414	276.660495670349	0.586859122827496	0.560205916150535	1	1.07191273590482	0.613459984482618	0.538868556605568	0.281487881935587	13.295916001813	FALSE
set3H40	Chlorate 75 mM	6/24/2013 psRCH2_ML7_set3	136	1621074	12741	1180827	1179283	59	414	352.12988951926	0.327921868670565	0.477272681982523	1.19158349199591	1.07191273590482	0.370127871175553	0.207000438830255	0.175839523526068	9.81241551981215	TRUE
set3H41	perchlorate 12.5 mM	6/24/2013 psRCH2_ML7_set3	137	1945114	19435	1248991	1246671	201	414	372.251716930427	0.425490855596289	0.173564257533071	1.06140054466414	1.07191273590482	0.333644190898085	0.257223176294623	0.0967511064148332	1.46757782196187	FALSE
set3H42	perchlorate 25 mM	6/24/2013 psRCH2_ML7_set3	138	1740755	16692	1118173	1116131	177	414	333.272917288743	0.430872127814561	0.176243768145555	1.07438417492287	1.07191273590482	0.318790023559619	0.235707028266063	0.0829987208674885	1.54034826353005	TRUE
set3H43	LB	6/24/2013 psRCH2_ML7_set3	139	1968031	21119	1253174	1250906	194	414	373.516273514482	0.390920454804381	0.17246719137603	1.064117650397	1.07191273590482	0.395967671295685	0.247038217044596	0.128798438486268	1.605495852873	TRUE
set3H44	Benzethonium chloride 0.0125 mM	6/24/2013 psRCH2_ML7_set3	140	1078476	38223	609340	593029	17	414	177.076440728576	0.34942359348466	0.960382425526476	1.93979552180197	1.07191273590482	0.34538610664419	0.256380870062845	0.291545161886836	14.5700209511782	FALSE
set3H45	Aluminum chloride 0.25 mM	6/24/2013 psRCH2_ML7_set3	141	1621439	24197	949956	947526	99	414	282.928038220364	0.70500956717933	0.295677390243333	1.13750352374994	1.07191273590482	0.587753820707818	0.470059771713731	0.234435286775216	10.2541025195233	FALSE
set3H46	benzoic 0.4 mg/ml	6/24/2013 psRCH2_ML7_set3	142	1914827	20847	1226156	1223896	192	414	365.451179456554	0.333496052240804	0.170780596181469	1.04730571477836	1.07191273590482	0.337569609767387	0.239233483282457	0.148952571024729	1.50843113557474	TRUE
set3H47	Phosphomycin 0.012 mg/ml	6/24/2013 psRCH2_ML7_set3	143	1858134	42071	1155983	1153019	152	414	344.287548521947	0.598987035373562	0.286045263857229	1.10794034967562	1.07191273590482	0.455399586822222	0.247172566340111	0.237311541515951	4.90246941511789	FALSE
set3H48	Phosphomycin 0.016 mg/ml	6/24/2013 psRCH2_ML7_set3	144	1793004	27313	1121644	1113316	47	414	332.432367871006	0.435599467675221	0.412056282931579	1.26303440583379	1.07191273590482	0.33153067662551	0.207641219076853	0.134247092125602	10.4909183809657	FALSE
set4H1	Bacitracin 0.25 mg/ml	6/24/2013 psRCH2_ML7_set4	145	2270856	38235	1339883	1334644	150	534	398.52015527023	0.687931838289668	0.373138092409307	1.13750352374993	1.07485385235357	0.615061238789946	0.373097590449388	0.224688760743561	5.65716442801956	FALSE
set4H2	Bacitracin 0.4 mg/ml	6/24/2013 psRCH2_ML7_set4	146	2044766	20139	977586	970033	12	534	289.648551806509	0.647656508827585	0.4981180932922	1.26041608165072	1.07485385235357	0.644241581924445	0.540386890360259	0.259270788666632	11.9567846051003	FALSE
set4H3	Fusidic 0.016 mg/ml	6/24/2013 psRCH2_ML7_set4	147	2455340	52119	1511424	1507095	215	534	450.01343684682	0.516997816404565	0.319458929883921	1.09527134890373	1.07485385235357	0.37876491788539	0.0680500202059778	0.169217870681822	7.34586157718022	TRUE
set4H4	Fusidic 0.03 mg/ml	6/24/2013 psRCH2_ML7_set4	148	2273190	23545	1425398	1420975	193	534	424.298297999403	0.295656411153313	0.606534828049809	1.42059277498264	1.07485385235357	0.331743724783277	0.151905169466633	0.172274488060261	12.797326301094	FALSE
set4H5	Dimethyl Sulfoxide 5 vol%	6/24/2013 psRCH2_ML7_set4	149	2589320	32365	1643760	1640338	248	534	489.799343087489	0.371220845182625	0.169890082518091	1.04179934793668	1.07485385235357	0.335814098562012	0.166386905435314	0.0475398638633543	2.39228862327744	TRUE
set4H6	LB	6/24/2013 psRCH2_ML7_set4	150	2218531	24599	1418919	1416410	220	534	422.935204538668	0.25460989665891	0.162884285679146	1.0678392411708	1.07485385235357	0.226058352597375	0.158788279691426	0.0628709859238254	1.4595379628704	TRUE
set4H7	Vancomycin 0.016 mg/ml	6/24/2013 psRCH2_ML7_set4	151	2346503	27260	1233135	1224331	81	534	365.581068975814	0.466143307286602	0.569826410045718	1.29143564789879	1.07485385235357	0.361614541863412	0.261636575296409	0.17804237222625	7.23534069611004	FALSE
set4H8	Vancomycin 0.032 mg/ml	6/24/2013 psRCH2_ML7_set4	152	2497742	7544	1204837	1189996	11	534	355.328754852195	0.378331780991576	0.738875306951084	1.70043971814109	1.07485385235357	0.373318617247328	0.320342216193425	0.176264040736891	10.9290614455025	FALSE
set4H9	Cephalothin 0.02 mg/ml	6/24/2013 psRCH2_ML7_set4	153	1935188	45514	1162963	1159533	159	534	346.232606748283	0.541546295699369	0.322272951495419	1.10836883054384	1.07485385235357	0.37741783450303	0.142901627831805	0.248010466121205	3.14066297848326	FALSE
set4H10	Cephalothin 0.04 mg/ml	6/24/2013 psRCH2_ML7_set4	154	2092286	60504	1191690	1187564	135	534	354.602567930726	0.505155157835324	0.371394696782599	1.11861964569402	1.07485385235357	0.334684276462494	0.146090017836392	0.179739290003231	4.84955843408609	TRUE
set4H11	A22 0.002 mg/ml	6/24/2013 psRCH2_ML7_set4	155	2158639	35957	1352506	1349243	210	534	402.879366975216	0.395294658624922	0.194701939838032	1.05427800434116	1.07485385235357	0.317623327779838	0.114446735781797	0.126799103067703	3.2091604132149	TRUE
set4H12	A22 0.005 mg/ml	6/24/2013 psRCH2_ML7_set4	156	1504987	19431	859602	834118	93	534	249.064795461332	0.401601169042824	0.24130461500223	1.09401052570847	1.07485385235357	0.349453045774864	0.137185835815142	-0.113873793817555	6.99491498989871	TRUE
set4H13	Lomefloxacin 0.0001 mM	6/24/2013 psRCH2_ML7_set4	157	2081540	31589	1289491	1286606	177	534	384.176171991639	0.525713664918302	0.202259861155137	1.05754562815644	1.07485385235357	0.478606894638252	0.367980172853015	-0.0608508080041154	3.09424420507042	FALSE
set4H14	D-Cycloserine 0.032 mg/ml	6/24/2013 psRCH2_ML7_set4	158	1851707	16168	1191670	1189915	168	534	355.304568527919	0.162698425943344	0.517439280247837	1.24351964729831	1.07485385235357	0.179944285066084	0.042242306882344	-0.0221100735871406	3.96477146563515	FALSE
set4H15	Neomycin 0.004 mg/ml	6/24/2013 psRCH2_ML7_set4	159	2333890	41018	1462973	1460386	212	534	436.066288444312	0.41218940689865	0.203144328700797	1.07717669906569	1.07485385235357	0.302239986893352	0.0564767145862591	0.0288980710370253	3.52152068926835	TRUE
set4H16	Doxycycline hyclate 0.0005 mg/ml	6/24/2013 psRCH2_ML7_set4	160	2643825	51458	1661465	1651974	81	534	493.273813078531	0.31982741360629	0.885692548797962	1.53654046194883	1.07485385235357	0.261012951841449	0.104226574683323	0.240206258597898	15.7220700764129	FALSE
set4H17	Doxycycline hyclate 0.001 mg/ml	6/24/2013 psRCH2_ML7_set4	161	2727341	188	1656828	1656760	1	534	494.702896386981	0.428942409274328	0.60882844412863	1	1.07485385235357	0.641347772671654	0.593260136809646	0.331228225606814	19.2144998679804	FALSE
set4H18	Ceftazidime 0.0005 mg/ml	6/24/2013 psRCH2_ML7_set4	162	2585297	40545	1628016	1624232	263	534	484.990146312332	0.620809204897992	0.204525949230834	1.07642800107751	1.07485385235357	0.519662784270877	0.330108055083469	0.286891116356007	3.3874734983873	FALSE
set4H19	LB	6/24/2013 psRCH2_ML7_set4	163	2718453	30523	1738026	1735077	266	534	518.08808599582	0.345972319764723	0.147976803574143	1.06711419585854	1.07485385235357	0.318047421700871	0.240053905539755	-0.00436162080417172	1.82041690719169	TRUE
set4H20	Chloride 200 mM	6/24/2013 psRCH2_ML7_set4	164	2109407	29597	1335670	1333133	202	534	398.068975813676	0.662477985377944	0.216889409728718	1.08326321249022	1.07485385235357	0.549509304666773	0.360101285046104	0.172393502304357	1.74760375252011	FALSE
set4H21	Time0	6/24/2013 psRCH2_ML7_set4	165	2670844	33232	1709532	1706087	273	262	509.431770677814	0.0336620642850683	0.158690813582239	1.07315739312983	1.08826968964442	-0.0262726209712721	0.0304756733692955	0.073145478807889	1.35204935261639	FALSE
set4H22	Time0	6/24/2013 psRCH2_ML7_set4	166	2579692	30645	1648967	1645695	262	273	491.398925052254	0.0336620642850683	0.158690813582239	1.08826968964442	1.07315739312983	-0.0262726209712721	0.0304756733692955	-0.073145478807889	1.47440401092443	FALSE
set4H23	Time0	6/26/2013 psRCH2_ML7_set4	167	2275130	30394	1446627	1443852	204	204	431.129292326067	0.27235137354833	0.181312395887413	1.07425542953703	1.06389128359971	0.268417890797658	0.190649209102574	-0.160314076813699	1.4056353160737	FALSE
set4H24	Time0	6/26/2013 psRCH2_ML7_set4	168	2142219	30030	1358036	1355280	204	204	404.681994625261	0.27235137354833	0.181312395887413	1.06389128359971	1.07425542953703	0.268417890797658	0.190649209102574	0.160314076813699	1.92945306796272	FALSE
set4H25	Chloramphenicol 0.0045 mg/ml	6/26/2013 psRCH2_ML7_set4	169	2269377	182	196186	8589	1	409	2.56464616303374	0.391547313658137	0.435330980554475	1	1.06416905278187	0.508071741306913	0.479135063885831	0.240559473918641	15.2525839134932	FALSE
set4H26	Tetracycline 0.000390625 mg/ml	6/26/2013 psRCH2_ML7_set4	170	3573326	77620	2162447	2159862	42	409	644.927441027172	0.269436180712022	0.74155338563802	1.39854937649027	1.06416905278187	0.431928337490051	0.296750367082349	0.265044777162434	17.7217618031044	FALSE
set4H27	Tetracycline 0.00078125 mg/ml	6/26/2013 psRCH2_ML7_set4	171	4299113	166	3476480	3476452	1	409	1038.05673335324	0.479240535880247	0.640589885506716	1	1.06416905278187	0.753243683225784	0.712177999850818	0.341121063243694	20.1230512449924	FALSE
set4H28	Spectinomycin 0.00625 mg/ml	6/26/2013 psRCH2_ML7_set4	172	2946389	104480	2297188	2253144	24	409	672.781128695133	0.614939793065858	0.396282610873624	1.16992500144231	1.06416905278187	0.711790478419039	0.681431795313738	0.317524924707186	15.1009255163715	FALSE
set4H29	Spectinomycin 0.0125 mg/ml	6/26/2013 psRCH2_ML7_set4	173	2774984	99806	2612044	2419229	3	409	722.373544341595	0.603584597545063	0.568192055336968	1	1.06416905278187	0.760297653828147	0.701989031711027	0.33814523251671	14.5422668854981	FALSE
set4H30	Carbenicillin 0.00390625 mg/ml	6/26/2013 psRCH2_ML7_set4	174	2499351	27850	1658662	1655502	153	409	494.327261869215	0.576647445728372	0.215702526667313	1.09476560073774	1.06416905278187	0.497151284636939	0.426586979691781	0.145131989545778	6.1598421274452	FALSE
set4H31	Carbenicillin 0.0078125 mg/ml	6/26/2013 psRCH2_ML7_set4	175	3301252	4184	2720626	2719817	19	409	812.128097939683	0.537107247360948	0.415581048725811	1.13750352374994	1.06416905278187	0.629628781813779	0.54394701350721	0.290762351152439	12.8409710784948	FALSE
set4H32	Nalidixic 0.001 mg/ml	6/26/2013 psRCH2_ML7_set4	176	2581945	36260	1633450	1630321	234	409	486.808300985369	0.492865583482845	0.191289819654672	1.09024334715034	1.06416905278187	0.362477331917061	0.192571274419697	0.123210986173165	3.45305008276347	TRUE
set4H33	Nalidixic 0.00390625 mg/ml	6/26/2013 psRCH2_ML7_set4	177	2635066	974	938737	853997	7	409	255.000597193192	0.477792430819437	0.526940215910642	1.13750352374994	1.06416905278187	0.661767657316796	0.62203131477992	0.305289668423803	18.4092345056665	FALSE
set4H34	LB	6/26/2013 psRCH2_ML7_set4	178	2475659	30596	1569073	1566520	227	409	467.757539564049	0.401925231433976	0.166793149648797	1.0823502105494	1.06416905278187	0.401867196846277	0.28212805986799	0.142920432304259	2.39787496273166	FALSE
set4H35	5-Hydroxymethylfurfural 5 mM	6/26/2013 psRCH2_ML7_set4	179	2388977	24561	1525043	1522739	202	409	454.684681994625	0.425967989746068	0.185616809323288	1.078092472408	1.06416905278187	0.36220070488855	0.240985540248292	-0.187843887794541	1.50821144142242	TRUE
set4H36	5-Hydroxymethylfurfural 10 mM	6/26/2013 psRCH2_ML7_set4	180	2535881	21031	1677530	1668756	155	409	498.284861152583	0.579123057683734	0.281703951988139	1.11547721741994	1.06416905278187	0.420103222520432	0.280861497580288	-0.199905818270356	7.67824431603926	FALSE
set4H37	LB	6/26/2013 psRCH2_ML7_set4	181	1355806	15853	861759	860513	113	409	256.94625261272	0.453549581785366	0.199091533772296	1.07800251200127	1.06416905278187	0.346329432356962	0.223280530707637	-0.154292234544698	2.37909468475972	TRUE
set4H38	Chlorite 0.03 mM	6/26/2013 psRCH2_ML7_set4	182	1784245	21135	1135300	1133734	148	409	338.52911316811	0.41296765309645	0.195829193190296	1.09439201434681	1.06416905278187	0.378414764263077	0.331478662213957	-0.133555348477377	1.62404354933842	FALSE
set4H39	Chlorite 0.06 mM	6/26/2013 psRCH2_ML7_set4	183	2418738	32596	1525736	1523191	208	409	454.819647656017	0.385974882936686	0.190623813552814	1.06765394522423	1.06416905278187	0.308215657424507	0.10375850475945	-0.00479971263381181	3.74795338474306	TRUE
set4H40	Chloride 200 mM	6/26/2013 psRCH2_ML7_set4	184	2470525	40455	1534500	1531621	208	409	457.336816960287	0.58432858775835	0.239517770936171	1.10288957846933	1.06416905278187	0.437738953447349	0.265760754125208	0.251102907140744	2.2954728997041	FALSE
set4H41	Chloride 300 mM	6/26/2013 psRCH2_ML7_set4	185	2753495	13251	1513159	1511233	32	409	451.249029561063	0.425083235043413	0.408081034656086	1.22946830630698	1.06416905278187	0.42883063984634	0.280285808174737	0.161283711389946	8.23249763102461	FALSE
set4H42	Benzalkonium Chloride 0.001 mg/ml	6/26/2013 psRCH2_ML7_set4	186	2674284	28930	1704249	1701828	218	409	508.160047775455	0.541214990169971	0.175017105992846	1.0715254544141	1.06416905278187	0.47458131007047	0.355547209747051	-0.176340849932782	1.10828077854404	FALSE
set4H43	LB	6/26/2013 psRCH2_ML7_set4	187	2539543	30441	1611594	1609354	198	409	480.547626157062	0.634097251379124	0.173023977658092	1.08914575514579	1.06416905278187	0.534902141796442	0.497970105305153	-0.229757358013028	2.72994207336917	FALSE
set4H44	Time0	6/28/2013 psRCH2_ML7_set4	188	2397432	33357	1515023	1511916	211	240	451.45297103613	0.0214489356031818	0.172932155499884	1.08535665278093	1.07162941099925	0.0319934512466437	0.0141917789444301	-0.00484848970328548	2.39197809532869	FALSE
set4H45	Time0	6/28/2013 psRCH2_ML7_set4	189	2746913	37552	1738219	1734875	240	211	518.027769483428	0.0214489356031818	0.172932155499884	1.07162941099925	1.08535665278093	0.0319934512466437	0.0141917789444301	0.00484848970328547	2.66800185490567	FALSE
set4H46	Gentamicin 0.0016 mg/ml	6/28/2013 psRCH2_ML7_set4	190	2611329	35334	1598231	1594894	190	449	476.229919378919	0.529925500815884	0.306222847874698	1.14479805137422	1.06878169695106	0.390332089874444	0.111322052102415	0.164233275759768	3.87528001883068	TRUE
set4H47	Gentamicin 0.005 mg/ml	6/28/2013 psRCH2_ML7_set4	191	2226507	13063	1076634	1035971	4	449	309.337414153479	0.646595484726847	0.574474446574319	1	1.06878169695106	0.723838391513489	0.659944177915203	0.307002975481972	13.3863767608161	FALSE
set4H48	Polymyxin B sulfate 0.0001 mg/ml	6/28/2013 psRCH2_ML7_set4	192	2886152	36075	1825103	1821553	223	449	543.909525231412	0.354701236100566	0.385457658426282	1.17545645326202	1.06878169695106	0.29461207413979	0.143604737815112	-0.0427797392447437	3.93511027700597	TRUE
set5H1	Polymyxin B sulfate 0.00025 mg/ml	6/28/2013 psRCH2_ML7_set5	193	2761052	1762	854119	854048	5	378	255.015825619588	0.633970341705195	0.48949715456803	1.11547721741994	1.09734114462799	0.73968347178603	0.646181108369154	0.361636105725333	7.32442987315438	FALSE
set5H2	Benzalkonium Chloride 0.002 mg/ml	6/28/2013 psRCH2_ML7_set5	194	2379389	47590	1455280	1451958	153	378	433.549716333234	0.493107770571535	0.256482958669937	1.09666881348962	1.09734114462799	0.336190220855412	0.180605611191219	0.101514391933745	4.07400913728796	TRUE
set5H3	Benzalkonium Chloride 0.004 mg/ml	6/28/2013 psRCH2_ML7_set5	195	1903753	9338	225328	208512	8	378	62.260973424903	0.181045293566011	0.617226009310913	1.21442164940194	1.09734114462799	0.488575711036088	0.411230817752303	0.275758211689364	17.4641098056655	FALSE
set5H4	Benzalkonium Chloride 0.006 mg/ml	6/28/2013 psRCH2_ML7_set5	196	2619735	2236	108327	108105	14	378	32.2797850104509	0.0388054374395903	0.574794703223478	1.22239242133645	1.09734114462799	0.115665099796844	0.0731784753890745	0.105199708351128	13.6494929527391	FALSE
set5H5	LB	6/28/2013 psRCH2_ML7_set5	197	2426111	29849	1525618	1523482	183	378	454.906539265452	0.370962523175282	0.170809576816925	1.06875176187497	1.09734114462799	0.372849184388832	0.195918086143228	0.0373143299830573	1.68687116817463	TRUE
set5H6	methylglyoxal 0.0016 vol%	6/28/2013 psRCH2_ML7_set5	198	2394762	24675	1504948	1501584	171	378	448.367871006271	0.283296991920176	0.315773872154447	1.12641281050525	1.09734114462799	0.176527147188776	0.0373194340974377	-0.00828381699779205	4.46995187864395	TRUE
set5H7	methylglyoxal 0.005 vol%	6/28/2013 psRCH2_ML7_set5	199	2863869	89	2852913	2852909	0	378	851.868916094357	0.813011710725203	0.569428601148446	0.415037499278844	1.09734114462799	0.816159572678041	0.761037027748136	0.4312877376664	13.7160584489681	FALSE
set5H8	2-Furfuraldehyde 0.0125 vol%	6/28/2013 psRCH2_ML7_set5	200	2367487	27578	1656422	1653562	8	378	493.747984472977	0.401054541515337	1.09042389721552	2.32192809488736	1.09734114462799	0.415626434181816	0.29883928666271	0.271403641023454	10.7558713772249	FALSE
set5H9	2-Furfuraldehyde 0.05 vol%	6/28/2013 psRCH2_ML7_set5	201	2529113	108	1369914	1369892	1	378	409.045088085996	0.596840448844384	0.825586809815449	1	1.09734114462799	0.822840900126223	0.765055615555679	0.432366295418401	5.84409669397656	FALSE
set5H10	Vanillin 2 mM	6/28/2013 psRCH2_ML7_set5	202	2245951	21881	1427518	1425563	159	378	425.668259181845	0.466424963801806	0.209609023579912	1.08842078259137	1.09734114462799	0.338012431991118	0.127615892595141	-0.0611503375301699	1.93903576165771	TRUE
set5H11	Furfuryl Alcohol 0.05 vol%	6/28/2013 psRCH2_ML7_set5	203	2342003	18498	1485038	1479729	154	378	441.842042400717	0.334601371934682	0.432443719746319	1.20540468798681	1.09734114462799	0.269219524732418	0.107204046309052	0.017832851471133	5.09747593263847	TRUE
set5H12	Furfuryl Alcohol 0.1 vol%	6/28/2013 psRCH2_ML7_set5	204	2205118	20345	1348551	1328029	82	378	396.544938787698	0.226883864902485	0.66074493938673	1.52635424591868	1.09734114462799	0.186018134282276	0.0396286826662599	0.0593608987064643	7.63363675908791	FALSE
set5H13	syringaldehyde 2 mM	6/28/2013 psRCH2_ML7_set5	205	2082091	18764	1311789	1308099	112	378	390.593908629442	0.203138397210311	0.735849026822586	1.43833585309633	1.09734114462799	0.130595707512829	0.0796638315470933	-0.0114177154346385	5.13749384048568	FALSE
set5H14	LB	6/28/2013 psRCH2_ML7_set5	206	1577702	19966	989832	988520	105	378	295.168707076739	0.33100017909542	0.209007925577575	1.09755281627765	1.09734114462799	0.256542845788911	0.149276196699201	-0.114949053061657	1.58661323683338	TRUE
set5H15	Time0	6/28/2013 psRCH2_ML7_set5	207	2349895	35452	1473674	1470745	175	204	439.159450582263	0.0165145107339436	0.17012255204742	1.08388303104122	1.08447658118749	0.0515605924931513	0.00225735396605269	0.00204171255200691	2.09735780511683	FALSE
set5H16	Time0	6/28/2013 psRCH2_ML7_set5	208	2726085	39973	1713504	1710445	204	175	510.733054643177	0.0165145107339436	0.17012255204742	1.08447658118749	1.08388303104122	0.0515605924931513	0.00225735396605269	-0.00204171255200691	1.87836778264618	FALSE
set5H17	Time0	7/1/2013 psRCH2_ML7_set5	209	2448949	37454	1535356	1531973	210	229	457.441922962078	0.172929861863229	0.182636282651175	1.07851864280919	1.08378213023107	0.187801135011015	0.212010237562915	-0.117393077070008	1.70368720803447	FALSE
set5H18	Time0	7/1/2013 psRCH2_ML7_set5	210	2516384	37246	1589387	1585989	229	210	473.57091669155	0.172929861863229	0.182636282651175	1.08378213023107	1.07851864280919	0.187801135011015	0.212010237562915	0.117393077070008	1.84331200352193	FALSE
set5H19	Glucose defined media	7/1/2013 psRCH2_ML7_set5	211	2450510	25417	1567104	1564833	223	438	467.253807106599	0.396139915905252	0.169511616092769	1.07908643034263	1.05963313989283	0.354550044733649	0.179430570311438	0.0558894818141258	1.59791636216081	TRUE
set5H20	Glucose defined media	7/1/2013 psRCH2_ML7_set5	212	2537347	26063	1624414	1622131	230	438	484.362794864139	0.374721194002644	0.183678078157245	1.08462809455855	1.05963313989283	0.337206326091384	0.2432452483051	0.0490055440961054	2.28224955887215	TRUE
set5H21	Glucose defined media, pH9	7/1/2013 psRCH2_ML7_set5	213	2492348	27050	1603164	1599928	237	438	477.733054643177	0.783613929377614	0.200017670449821	1.09953567355091	1.05963313989283	0.716041777452631	0.539513290098453	0.208077617898773	2.65994206004308	FALSE
set5H22	Glucose defined media, pH9	7/1/2013 psRCH2_ML7_set5	214	2748650	27894	1780096	1776724	277	438	530.523738429382	0.868012461557281	0.20303296182193	1.10723850900317	1.05963313989283	0.792204450642305	0.687667226604244	0.251414079240009	2.82858699719818	FALSE
set5H23	Glucose defined media, pH10	7/1/2013 psRCH2_ML7_set5	215	2382111	39645	1527845	1524518	176	438	455.215885338907	0.532434068505903	0.564559551547013	1.2677928531231	1.05963313989283	0.448415338697802	0.152728849587629	0.243333638902534	6.14140986284186	FALSE
set5H24	Glucose defined media, pH10	7/1/2013 psRCH2_ML7_set5	216	2347905	39381	1503226	1499538	166	438	447.756942370857	0.50790196209414	0.540459316192527	1.26167693251838	1.05963313989283	0.413353918167592	0.135499178776606	0.210640545607494	6.08883971333445	FALSE
set5H25	LB 19C sample1	7/1/2013 psRCH2_ML7_set5	217	2328734	31484	1476198	1473605	196	438	440.01343684682	0.423151987620875	0.21418849635318	1.09840947663377	1.05963313989283	0.410490499243853	0.333371103797541	-0.140268925561927	1.74267105694795	FALSE
set5H26	LB 19C sample2	7/1/2013 psRCH2_ML7_set5	218	2315028	29845	1470875	1468233	203	438	438.409375933114	0.337845569977977	0.206197652280888	1.09268395612174	1.05963313989283	0.314444903762454	0.258294988195837	-0.0165355720213604	1.68255562774	FALSE
set5H27	LB 26C sample1	7/1/2013 psRCH2_ML7_set5	219	1945154	29373	1219709	1217429	155	438	363.52015527023	0.238967469412828	0.225863909335332	1.08702526312321	1.05963313989283	0.215583283771443	0.139802636619249	-0.0302367654591402	2.15616639952096	TRUE
set5H28	LB 26C sample2	7/1/2013 psRCH2_ML7_set5	220	2141952	28258	1368374	1365980	203	438	407.876978202448	0.480114868364867	0.196300709077392	1.08054517203378	1.05963313989283	0.410802097067936	0.364642805744959	0.152245032868259	1.95800239192479	FALSE
set5H29	LB 30C timecourse1 timepoint 1	7/1/2013 psRCH2_ML7_set5	221	1967918	29358	1224997	1222551	162	438	365.049567034936	0.286467004176897	0.224187348367087	1.07596510885143	1.05963313989283	0.19722051773983	0.126594098845208	0.0684816108012251	1.70706507484015	TRUE
set5H30	LB 30C timecourse1 timepoint 2	7/1/2013 psRCH2_ML7_set5	222	2185219	29071	1392980	1390783	200	438	415.283069573007	0.450006234511415	0.196037423268984	1.10100434679566	1.05963313989283	0.338177089034657	0.222807922406607	0.136589460138992	1.80368156885269	TRUE
set5H31	LB 30C timecourse1 timepoint 3	7/1/2013 psRCH2_ML7_set5	223	2327908	31566	1499361	1497143	190	438	447.04180352344	0.486296621675585	0.2498156806811	1.11957729315143	1.05963313989283	0.36102350488715	0.211432993068536	0.162805267429857	3.15046373430131	TRUE
set5H32	LB 30C timecourse2 timepoint 1	7/1/2013 psRCH2_ML7_set5	224	1936365	33163	1206050	1203331	156	438	359.310540459839	0.347617302250622	0.241812553349255	1.08934738523753	1.05963313989283	0.299736915224	0.213755256480331	0.137413082018651	2.15875737491766	TRUE
set5H33	LB 30C timecourse2 timepoint 2	7/1/2013 psRCH2_ML7_set5	225	2105021	30263	1307825	1305229	136	438	389.736936398925	0.198660246501554	0.290538757973817	1.12116084859175	1.05963313989283	0.143183540522232	0.0494159817987315	0.0557892698736436	3.99525780531118	TRUE
set5H34	LB 30C timecourse2 timepoint 3	7/1/2013 psRCH2_ML7_set5	226	2158214	27357	1403750	1401564	188	438	418.50223947447	0.575147245130615	0.27985829844353	1.14967983276237	1.05963313989283	0.495201115333737	0.398952251905729	0.228163929361271	3.4330016637952	FALSE
set5H35	LB 37C sample1	7/1/2013 psRCH2_ML7_set5	227	2154281	29403	1366706	1364481	203	438	407.429381905046	0.452128523787923	0.155339532914752	1.06072498138333	1.05963313989283	0.411728928838342	0.28051834381363	0.234453786561077	1.93521477663625	FALSE
set5H36	LB 37C sample2	7/1/2013 psRCH2_ML7_set5	228	2274071	31581	1433215	1430598	207	438	427.171693042699	0.433288396428761	0.167780498152315	1.08682924654957	1.05963313989283	0.4068802183875	0.306227390157924	0.172441011793185	1.74067327413878	FALSE
set5H37	Glucose defined media 19C sample1	7/1/2013 psRCH2_ML7_set5	229	1566445	15545	1000748	999383	128	438	298.412361899074	0.526115235265514	0.207097448457553	1.07958082998257	1.05963313989283	0.432673685849762	0.261698379553946	-0.105944622768321	1.75420092253979	FALSE
set5H38	Glucose defined media 19C sample2	7/1/2013 psRCH2_ML7_set5	230	1449066	14699	924106	922832	117	438	275.55449387877	0.470552770274857	0.204686873845718	1.09067284851489	1.05963313989283	0.39459489803391	0.275039094988385	-0.112796221208375	1.28986695786001	FALSE
set5H39	Glucose defined media 26C sample1	7/1/2013 psRCH2_ML7_set5	231	2316170	25992	1476764	1474357	199	438	440.237981487011	0.310107517131686	0.185934985533847	1.07265027751519	1.05963313989283	0.206191740770861	0.109216315270762	-0.0185883812817468	1.0482411313429	TRUE
set5H40	Glucose defined media 26C sample2	7/1/2013 psRCH2_ML7_set5	232	1930064	19961	1236859	1234568	198	438	368.637802329053	0.761986145651158	0.177974833494022	1.11297777478356	1.05963313989283	0.706617824583789	0.590240939665481	0.181455105135859	1.75002467746432	FALSE
set5H41	Glucose defined 30C timecourse1 timepoint 1	7/1/2013 psRCH2_ML7_set5	233	2309774	29365	1466868	1464702	203	438	437.355031352643	0.346691483915591	0.166697157055558	1.08112981141775	1.05963313989283	0.35070247564948	0.203590645769291	0.0490927022462661	1.76441475420752	TRUE
set5H42	Glucose defined 30C timecourse1 timepoint 2	7/1/2013 psRCH2_ML7_set5	234	2246905	27450	1425747	1423624	193	438	425.089280382204	0.405543893658848	0.172090072453865	1.08131947960712	1.05963313989283	0.316134617913117	0.227108412972136	0.0314587248566723	1.98509980647673	TRUE
set5H43	Glucose defined 30C timecourse1 timepoint 3	7/1/2013 psRCH2_ML7_set5	235	2291400	23765	1460441	1458356	204	438	435.460137354434	0.484207860492523	0.172962441897592	1.09926238409114	1.05963313989283	0.366857612586199	0.227172380838194	0.0667202511852268	1.36820864248894	TRUE
set5H44	Glucose defined 30C timecourse2 timepoint 1	7/1/2013 psRCH2_ML7_set5	236	2052145	21280	1307891	1305839	188	438	389.919080322484	0.543301685884365	0.162853082449214	1.0831546112524	1.05963313989283	0.492492866604402	0.364724258809866	0.055107373336027	1.65323667822619	FALSE
set5H45	Glucose defined 30C timecourse2 timepoint 2	7/1/2013 psRCH2_ML7_set5	237	2451713	25064	1569777	1567412	236	438	468.02388772768	0.618968601687821	0.175949285537197	1.05807135756848	1.05963313989283	0.529042642436016	0.421963383519106	0.102755884761571	2.63916703145863	FALSE
set5H46	Glucose defined 30C timecourse2 timepoint 3	7/1/2013 psRCH2_ML7_set5	238	2274212	19907	1463707	1461569	214	438	436.419528217378	0.538551980481943	0.208542522394783	1.08836508967371	1.05963313989283	0.405019413244527	0.3044849607417	0.0613256447373425	1.55089748441229	FALSE
set5H47	Glucose defined media 37C sample1	7/1/2013 psRCH2_ML7_set5	239	2589953	29501	1651599	1649280	228	438	492.46939384891	0.333328080489821	0.162156269276711	1.09231643162791	1.05963313989283	0.235408423514938	0.148229578549294	0.0143895802785017	1.11593612616817	TRUE
set5H48	Glucose defined media 37C sample2	7/1/2013 psRCH2_ML7_set5	240	2415620	28377	1537291	1535101	202	438	458.375933114363	0.477605891624952	0.17380636719565	1.08506809210251	1.05963313989283	0.358338387449327	0.250787370427932	-0.0679500722272136	1.30899325912226	FALSE
set6H2	Motility assay in 1.5% agar; cells moved outward from original inoculum for 2 day; inner ring was cut out and analyzed,	6/26/2013 psRCH2_ML7_set6	242	2609348	27429	1669710	1666200	163	134	497.52164825321	0.0838456740290723	0.659873015338908	1.62671906271845	1.06897370032663	0.133975097296729	0.045355738106011	-0.0301259112987348	5.12859910068774	FALSE
set6H3	Motility assay in 1.5% agar; cells moved outward from original inoculum for 2 day; outer ring was cut out and analyzed,	6/26/2013 psRCH2_ML7_set6	243	2669133	15770	1228172	1222157	3	134	364.931919976112	0.309525047190438	0.774555178351224	1.58496250072116	1.06897370032663	0.338356754738045	0.305103135646033	0.320418809741911	8.21117064880221	FALSE
set6H4	Motility assay in 1.5% agar; cells moved outward from original inoculum for 2 day; outer cut near edge (most likely culture accidently dropped on outer edge of plate),	6/26/2013 psRCH2_ML7_set6	244	2081515	198	1689667	1689638	0	134	504.52015527023	0.493509794487232	0.598088242526684	0	1.06897370032663	0.526166732751745	0.451844618553519	0.360178987955699	8.31657508430144	FALSE
set6H5	Motility assay in 1.5% agar; cells moved outward from original inoculum for 2 day; outer ring was cut out and analyzed,	6/26/2013 psRCH2_ML7_set6	245	2128961	13568	1855104	1854541	2	134	553.759629740221	0.343812834943624	0.763110902990075	2	1.06897370032663	0.375107214584601	0.286775385158029	0.298676379378436	9.69692709652183	FALSE
set6H6	Motility assay in .8% agar; cells moved outward from original inoculum for 2 day; outer ring was cut out and analyzed,	6/26/2013 psRCH2_ML7_set6	246	2639670	23535	2377680	2375758	1	134	709.39325171693	0.38733534089215	0.713701842408864	1.2061337619747	1.06897370032663	0.447234442202748	0.348551513736198	0.320938784544494	8.48811642961039	FALSE
set6H7	Motility assay in .8% agar; cells moved outward from original inoculum for 2 day; outer ring was cut out and analyzed,	6/26/2013 psRCH2_ML7_set6	247	1928512	7274	1611925	1610351	0	134	480.845326963273	0.451643799838528	0.649140205492851	0.469712279878455	1.06897370032663	0.471873778613565	0.412252213228235	0.332518913634314	7.89977458175136	FALSE
set6H8	Motility assay in .8% agar; cells moved outward from original inoculum for 2 day; inner ring was cut out and analyzed,	6/26/2013 psRCH2_ML7_set6	248	1809448	19352	1221337	1219579	99	134	364.162137951627	0.119196750432982	0.692525749452594	1.71761522872763	1.06897370032663	0.100603667074502	0.033541837648606	0.142249626365931	6.15293919005668	FALSE
set6H9	Motility assay in 0.4% agar; cells moved outward from original inoculum for 2 day; outer ring was cut out and analyzed,	6/26/2013 psRCH2_ML7_set6	249	3420054	6507	2544624	2544470	0	134	759.770080621081	0.494221087927383	0.595071135403474	0	1.06897370032663	0.528459095180943	0.457771975109507	0.34852819482677	9.12420944976494	FALSE
set6H10	Motility assay in 0.4% agar; cells moved outward from original inoculum for 2 day; outer ring was cut out and analyzed,	6/26/2013 psRCH2_ML7_set6	250	3992112	13683	3590668	3590157	6	134	1072.00865930128	0.433990494022622	0.624992395215249	1.58496250072116	1.06897370032663	0.510611243614922	0.401998600857196	0.337408351440405	8.66258981829549	FALSE
set6H11	Motility assay in 0.3% agar; cells moved outward from original inoculum for 2 day; inner ring was cut out and analyzed,	6/26/2013 psRCH2_ML7_set6	251	1421748	12507	946101	944864	92	134	282.133174081815	0.0639253081113894	0.489151970425001	1.35429692494477	1.06897370032663	0.128951110072754	0.112081752133752	0.0838356094748293	5.94588598113064	FALSE
set6H12	Motility assay in 0.3% agar; cells moved outward from original inoculum for 2 day; outer ring was cut out and analyzed,	6/26/2013 psRCH2_ML7_set6	252	1353282	392	581936	581900	0	134	173.753359211705	0.5016219359078	0.561061773102931	0	1.06897370032663	0.521499207396539	0.451356062369866	0.318396084731331	7.7990386434982	FALSE
set6H13	Motility assay in 0.3% agar; cells moved outward from original inoculum for 2 day; tendrils were cut out and analyzed,	6/26/2013 psRCH2_ML7_set6	253	1325964	3599	720767	720573	4	134	215.160644968647	0.491320942837968	0.557544296142454	1.22239242133645	1.06897370032663	0.537987901611574	0.382484292462228	0.281459150066193	9.05713864399663	FALSE
set6H14	Motility assay in 0.3% agar; cells moved outward from original inoculum for 2 day; tendrils were cut out and analyzed,	6/26/2013 psRCH2_ML7_set6	254	1182089	4642	549767	549718	1	134	164.143923559271	0.507888505638818	0.529357672139179	1	1.06897370032663	0.526553095570678	0.412401730398719	0.292803927773879	9.36307690567901	FALSE
set6H15	Motility assay in 0.3% agar; cells moved outward from original inoculum for 2 day; outer ring was cut out and analyzed,	6/26/2013 psRCH2_ML7_set6	255	3184758	11026	1253645	1253422	1	134	374.267542550015	0.487161931732683	0.571311877447112	1	1.06897370032663	0.522544654988433	0.433252870556468	0.325008904116887	9.73817598067165	FALSE
set6H16	Motility assay in 0.3% agar; cells moved outward from original inoculum for 2 day; inner ring was cut out and analyzed,	6/26/2013 psRCH2_ML7_set6	256	2208563	27588	1661777	1660451	41	134	495.805016422813	0.321462186953377	0.495231808291406	1.3684827970831	1.06897370032663	0.34907899076702	0.235508382333295	0.287070516304652	8.9957730637546	FALSE
set6H17	Motility assay in 0.2% agar; cells moved outward from original inoculum for 2 day; outer tendrils were cut out and analyzed,	6/26/2013 psRCH2_ML7_set6	257	1250514	5549	527634	527474	1	134	157.501940877874	0.505031401774729	0.512441310773382	1	1.06897370032663	0.536116092564901	0.389027095448106	0.312362758221724	9.21340909937706	FALSE
set6H18	Motility assay in 0.2% agar; cells moved outward from original inoculum for 2 day; outer tendrils were cut out and analyzed,	6/26/2013 psRCH2_ML7_set6	258	3366679	16366	1793633	1792392	6	134	535.202149895491	0.411519024051869	0.571418475734141	1.41503749927884	1.06897370032663	0.471976840035348	0.353563531501245	0.277024027662299	9.42830639647464	FALSE
set6H19	Motility assay in 0.2% agar; cells moved outward from original inoculum for 2 day; outer cut near edge,	6/26/2013 psRCH2_ML7_set6	259	3179962	17372	1828486	1827799	1	134	545.774559570021	0.486601387366051	0.584598475399473	1	1.06897370032663	0.537305200684535	0.435922902558066	0.330125867256535	10.2506069595063	FALSE
set6H20	Motility assay in 0.2% agar; cells moved outward from original inoculum for 2 day; outer cut near edge,	6/26/2013 psRCH2_ML7_set6	260	3489939	14955	2310135	2309506	1	134	689.610630038818	0.498916815076443	0.59753398027912	1	1.06897370032663	0.535578442175485	0.427450494746089	0.332039123074504	10.2978919546127	FALSE
set6H21	Motility assay in 0.2% agar; cells moved outward from original inoculum for 2 day; outer cut near edge,	6/26/2013 psRCH2_ML7_set6	261	3305024	10966	1097319	1097278	1	134	327.643475664377	0.484803917144535	0.574576983085374	1	1.06897370032663	0.527420820195836	0.423256264862675	0.333520515828715	10.5007629254511	FALSE
set6H22	Motility assay in 0.1% agar; cells moved outward from original inoculum for 2 day; outer cut near edge,	6/26/2013 psRCH2_ML7_set6	262	3471668	8710	1627029	1626462	42	134	485.656016721409	0.308511185142748	0.690998917322557	1.58496250072116	1.06897370032663	0.338739972005164	0.20590065853682	0.28677582091777	9.13694235758883	FALSE
set6H23	Motility assay in 0.1% agar; cells moved outward from original inoculum for 2 day; inner ring was cut out and analyzed,	6/26/2013 psRCH2_ML7_set6	263	2676164	41728	1757781	1754012	135	134	523.742012541057	0.337312957464177	0.451754377106293	1.23403944344396	1.06897370032663	0.268292593855734	0.105601439767961	0.264880157369045	6.45926307856179	FALSE
set6H24	Motility assay in 0.1% agar; cells moved outward from original inoculum for 2 day; outer ring near edge,	6/26/2013 psRCH2_ML7_set6	264	3012548	7075	1441741	1440533	41	134	430.138250223947	0.276350525275279	0.616209035772024	1.45261351169345	1.06897370032663	0.297296702696149	0.133764284543611	0.222030830903979	8.94887013182579	FALSE
set6H25	Motility assay in 0.1% agar; cells moved outward from original inoculum for 2 day; inner ring was cut out and analyzed,	6/26/2013 psRCH2_ML7_set6	265	2280550	37116	1484090	1480740	152	134	442.143923559271	0.329554914054029	0.429569912818271	1.17178654446367	1.06897370032663	0.298633550945135	0.159254704336867	0.259478644733825	5.1329526050416	FALSE
set6H26	Motility assay in 0.1% agar; cells moved outward from original inoculum for 2 day; middle ring cut out and analyzed,	6/26/2013 psRCH2_ML7_set6	266	3156395	26229	1878509	1876527	127	134	560.324574499851	0.322457458227724	0.538028621094924	1.27682919040157	1.06897370032663	0.2442935983276	0.12412319263662	0.181935022501699	7.7877906915283	FALSE
set6H27	Motility assay in 1.5% agar; cells moved outward from original inoculum for 2 day; outer ring was cut out and analyzed,	6/26/2013 psRCH2_ML7_set6	267	2054314	2807	1088281	1088256	0	134	324.949537175276	0.503696028646557	0.580198617308421	0	1.06897370032663	0.54711323928906	0.467405558034758	0.359744049462074	9.57128462929762	FALSE
set6H28	Motility assay in 1.5% agar; cells moved outward from original inoculum for 2 day; outer ring was cut out and analyzed,	6/26/2013 psRCH2_ML7_set6	268	3624122	4513	2949968	2949825	0	134	880.807703792177	0.470330800827152	0.633762439055535	0	1.06897370032663	0.49455093041572	0.441115746077182	0.360642887046551	6.02064078393496	FALSE
set6H29	Time0	8/12/2013 psRCH2_ML7_set6	269	2617766	29615	1682274	1678868	266	246	501.304269931323	0.229938204692456	0.159567390560692	1.09423440029778	1.06720116282717	0.218341164296122	0.182649273137033	0.16822200072921	1.64587905326463	FALSE
set6H30	Time0	8/12/2013 psRCH2_ML7_set6	270	2577125	29080	1654519	1651650	246	266	493.177067781427	0.229938204692456	0.159567390560692	1.06720116282717	1.09423440029778	0.218341164296122	0.182649273137033	-0.16822200072921	1.17788214751073	FALSE
set6H31	Def sodium fluoride 25 mM	8/12/2013 psRCH2_ML7_set6	271	2887928	32856	1813269	1810113	239	511	540.493580173186	0.293487790366128	0.193075184316593	1.11206451955483	1.07475433423104	0.2367938237509	0.0722269804526846	-0.0393627414103633	3.15468764701225	TRUE
set6H32	Def Paraquat dichloride 0.0005 mg/ml	8/12/2013 psRCH2_ML7_set6	272	2613471	18333	1693014	1692918	6	511	505.499552105106	0.563766627858771	0.453618904351622	1	1.07475433423104	0.612443536096228	0.484041405753105	0.341798237975582	12.4422127033023	FALSE
set6H33	Def Paraquat dichloride 0.001 mg/ml	8/12/2013 psRCH2_ML7_set6	273	2740945	15789	1817063	1816995	5	511	542.54852194685	0.575358080022446	0.471605448857253	1	1.07475433423104	0.605125812491467	0.540923584381086	0.349624368788453	12.5488370573263	FALSE
set6H34	Def Thallium(I) acetate 0.125 mg/ml	8/12/2013 psRCH2_ML7_set6	274	2462040	30865	1551113	1547928	206	511	462.206031651239	0.478130710416238	0.228807530591239	1.11682932188412	1.07475433423104	0.393665456094673	0.20816473415353	0.0899655545291468	3.76251838931076	TRUE
set6H35	Def Cisplatin 0.0002 mg/ml	8/12/2013 psRCH2_ML7_set6	275	2503812	29037	1598975	1596556	218	511	476.726186921469	0.31519127009759	0.181384765710304	1.07536050202431	1.07475433423104	0.198320343557117	0.0108007458172382	-0.01852221842677	3.03073675213627	TRUE
set6H36	Def Cisplatin 0.0004 mg/ml	8/12/2013 psRCH2_ML7_set6	276	2668852	30498	1704463	1701643	215	511	508.104807405196	0.516371450588134	0.212713530082656	1.11060221020609	1.07475433423104	0.411581286081432	0.297398647555068	-0.084198209481282	3.12325067539121	FALSE
set6H37	RCH2 defined media	8/12/2013 psRCH2_ML7_set6	277	1689895	19972	1076625	1075099	134	511	321.02090176172	0.59881367909507	0.202935866210646	1.09310940439148	1.07475433423104	0.502611142270911	0.418300489119987	-0.177454324362075	2.52664077243201	FALSE
set6H38	Def nitrite 2.5 mM	8/12/2013 psRCH2_ML7_set6	278	1721956	22975	1080412	1078866	120	511	322.145715138847	0.635328950381859	0.211377947398917	1.08234417653808	1.07475433423104	0.577926007016278	0.394228045128053	-0.179334078439761	2.61441129300679	FALSE
set6H39	Def nitrate 200 mM	8/12/2013 psRCH2_ML7_set6	279	2686908	35679	1681897	1678634	192	511	501.234398327859	0.545589618593635	0.215436732038414	1.11496797100243	1.07475433423104	0.403941846259699	0.28042839058867	-0.0782519171956278	3.40316793045248	FALSE
set6H40	Def Chlorate 20 mM	8/12/2013 psRCH2_ML7_set6	280	2029894	16369	1356058	1354686	91	511	404.504628247238	0.449338773956151	0.264820979546555	1.14334189590015	1.07475433423104	0.386400077663826	0.197475661831095	-0.0444389056208348	8.79163171265074	TRUE
set6H41	Def Chlorate 40 mM	8/12/2013 psRCH2_ML7_set6	281	2653664	22628	1791980	1789427	118	511	534.316810988355	0.447202440114823	0.246161115888751	1.15823867237977	1.07475433423104	0.418877554029083	0.172548745155518	-0.025741528016237	8.73021934671569	TRUE
set6H42	Def perchlorate 50 mM	8/12/2013 psRCH2_ML7_set6	282	2742988	31796	1751113	1748328	228	511	522.0447894894	0.593994887809512	0.177362817446234	1.07037132143815	1.07475433423104	0.544280877313863	0.441553744208878	-0.156709558751295	1.56902611489502	FALSE
set6H43	Def perchlorate 100 mM	8/12/2013 psRCH2_ML7_set6	283	2697380	29473	1728524	1725794	234	511	515.316213795163	0.558112751103949	0.17586182104707	1.11418563691293	1.07475433423104	0.487758960824683	0.355742403534669	-0.125973325487852	2.54538436848343	FALSE
set6H44	Def Chloride 400 mM	8/12/2013 psRCH2_ML7_set6	284	2503274	26446	1531404	1527701	175	511	456.166318303971	0.497172934863781	0.257100948361912	1.11146466899676	1.07475433423104	0.377152527761213	0.186686467494163	-0.0381459536111421	3.55352777399423	TRUE
set6H45	RCH2 defined media	8/12/2013 psRCH2_ML7_set6	285	2917100	26488	1867313	1864494	252	511	556.731561660197	0.441151477008402	0.167869975857125	1.11920892263126	1.07475433423104	0.371595826284703	0.254409563248859	-0.07078358693215	2.06562747183194	FALSE
set6H46	Def Aluminum chloride 1.25 mM	8/12/2013 psRCH2_ML7_set6	286	2597591	30512	1636991	1634623	204	511	488.092863541356	0.608525239039504	0.178634551091228	1.07032463594746	1.07475433423104	0.527649528342925	0.352364870231937	-0.131549172063669	1.9427010162362	FALSE
set6H47	Def Aluminum chloride 2.5 mM	8/12/2013 psRCH2_ML7_set6	287	3063051	40280	1914890	1911765	237	511	570.846521349657	0.6968419170691	0.193423201619576	1.09052561971135	1.07475433423104	0.525840123672826	0.415230805248441	-0.149860644129712	2.90407729332546	FALSE
set6H48	Def Phosphomycin 0.0625 mg/ml	8/12/2013 psRCH2_ML7_set6	288	3163905	41149	1994630	1991325	246	511	594.602866527322	0.61178808229244	0.197957051395518	1.09653842725595	1.07475433423104	0.531196101598899	0.349362747922742	-0.103884243218515	2.52248378784297	FALSE
set7H1	Def Phosphomycin 0.125 mg/ml	8/12/2013 psRCH2_ML7_set7	289	1396506	13047	895546	894176	129	534	266.997909823828	0.408890389948198	0.207133541033917	1.10006980724466	1.06634876630738	0.380193802338781	0.240194027388636	-0.111678694708633	2.00335302436144	TRUE
set7H2	Def Bacitracin 0.125 mg/ml	8/12/2013 psRCH2_ML7_set7	290	1662121	16975	1062121	1060159	171	534	316.559868617498	0.571404183522802	0.179996547384136	1.08855002686751	1.06634876630738	0.565129469190853	0.352843197481505	0.133266498550247	2.80294168778737	FALSE
set7H3	Def Bacitracin 0.25 mg/ml	8/12/2013 psRCH2_ML7_set7	291	1623835	17509	1048554	1046300	167	534	312.42161839355	0.757541806104595	0.193353543807369	1.10100751698255	1.06634876630738	0.725829882887272	0.518720061613423	0.194895048025838	2.99538728985214	FALSE
set7H4	Def Fusidic 0.032 mg/ml	8/12/2013 psRCH2_ML7_set7	292	1590433	17371	1018681	1017063	149	534	303.691549716333	0.317432476244194	0.184907094815864	1.08429571818675	1.06634876630738	0.264764646820794	0.197379641138194	-0.0334095818138052	3.47341529769555	TRUE
set7H5	Def Fusidic 0.064 mg/ml	8/12/2013 psRCH2_ML7_set7	293	1705105	18098	1092444	1090364	162	534	325.578978799642	0.280746834898675	0.189347259767296	1.08853168233934	1.06634876630738	0.192188183193186	0.0931619705900781	-0.0683543758928531	6.948278000298	TRUE
set7H6	Def Dimethyl Sulfoxide 5 vol%	8/12/2013 psRCH2_ML7_set7	294	1415094	14932	903450	901984	128	534	269.329352045387	0.319720435393952	0.207979941637253	1.10070764378506	1.06634876630738	0.254051574496853	0.16143656252216	-0.0217393300112606	1.72546029689383	TRUE
set7H7	Time0	8/12/2013 psRCH2_ML7_set7	295	1786511	19264	1147697	1145510	183	352	342.045386682592	0.0605331584321009	0.162960720836886	1.0703893278914	1.06936941808853	0.070102482313641	0.0530302759687917	0.0544692737889917	1.40145442182556	FALSE
set7H8	RCH2 defined media	8/12/2013 psRCH2_ML7_set7	296	2020005	19721	1296918	1295004	194	534	386.683786204837	0.287805406099836	0.173491844017217	1.0979172237353	1.06634876630738	0.293198312300197	0.0626883661458596	0.00264292917592652	1.67934791016002	TRUE
set7H9	Def Vancomycin 0.008 mg/ml	8/12/2013 psRCH2_ML7_set7	297	1510560	14039	969026	967614	140	534	288.926246640788	0.342249744868737	0.213487401971444	1.09953567355091	1.06634876630738	0.208716865268311	0.0292373313451792	-0.0365679312206824	1.87719635022081	TRUE
set7H10	Def Vancomycin 0.016 mg/ml	8/12/2013 psRCH2_ML7_set7	298	1594122	18240	1026563	1024708	141	534	305.974320692744	0.347820721363377	0.229206087676847	1.07311421369387	1.06634876630738	0.211974942698963	0.0584429878082384	-0.0130813838084152	4.75605300629303	TRUE
set7H11	Def Cephalothin 0.04 mg/ml	8/12/2013 psRCH2_ML7_set7	299	1584763	20269	1010282	1008578	161	534	301.157957599283	0.396072379123618	0.262942795414155	1.10332736613814	1.06634876630738	0.338202997672965	0.165799284682061	0.062400939044108	2.05025983323365	TRUE
set7H12	Def Cephalothin 0.08 mg/ml	8/12/2013 psRCH2_ML7_set7	300	1543695	15698	990941	989203	148	534	295.372648551806	0.340809335545106	0.237325629989992	1.09953567355091	1.06634876630738	0.258405041615326	0.16253805482301	-0.124230346507557	3.30798060668138	TRUE
set7H13	Def A22 0.015 mg/ml	8/12/2013 psRCH2_ML7_set7	301	1599216	14175	1021033	1019508	148	534	304.42161839355	0.408541123551188	0.191890190948007	1.08809587992234	1.06634876630738	0.396624512268108	0.211302580893936	-0.087524578193786	1.70945290910485	TRUE
set7H14	Def A22 0.03 mg/ml	8/12/2013 psRCH2_ML7_set7	302	1064243	11123	681309	680041	106	534	203.057927739624	0.361138518058892	0.22324062389103	1.08170059115837	1.06634876630738	0.28748456868962	0.253599049282214	0.0139540773532903	1.54572025423086	FALSE
set7H15	Def Lomefloxacin 0.00004 mM	8/12/2013 psRCH2_ML7_set7	303	1431481	12569	917155	915687	138	534	273.421021200358	0.404534136108009	0.200549313842287	1.09290988910313	1.06634876630738	0.368501920849446	0.171327912006404	0.0412656702181077	1.67020486694359	TRUE
set7H16	Def Lomefloxacin 0.0001 mM	8/12/2013 psRCH2_ML7_set7	304	1656163	18965	1051790	1049621	168	534	313.413257688862	0.469991675134751	0.206084346428305	1.10562593186562	1.06634876630738	0.440526836937674	0.301598139478473	0.117351335759751	1.97443390411342	FALSE
set7H17	Def D-Cycloserine 0.0006 mg/ml	8/12/2013 psRCH2_ML7_set7	305	1493885	16761	958829	957302	138	534	285.847118542849	0.504561887732602	0.185870729073431	1.12331654076144	1.06634876630738	0.467722586838051	0.311149479646029	-0.0408888409041796	1.8619755199899	FALSE
set7H18	Def D-Cycloserine 0.002 mg/ml	8/12/2013 psRCH2_ML7_set7	306	1750095	40668	1180903	1179540	88	534	352.206628844431	0.483290311808781	0.309149907714154	1.1725058540002	1.06634876630738	0.49432993295637	0.254954285889616	0.167099158446108	10.4690368849299	FALSE
set7H19	Def Neomycin 0.0002 mg/ml	8/12/2013 psRCH2_ML7_set7	307	1592498	16276	1017858	1016299	147	534	303.46342191699	0.384057370569731	0.193874312507044	1.09652624922232	1.06634876630738	0.350672014186757	0.127088133271661	-0.0192140835385122	1.4972156468495	TRUE
set7H20	Def Neomycin 0.0008 mg/ml	8/12/2013 psRCH2_ML7_set7	308	1801480	19493	1171664	1168549	172	534	348.924753657808	0.271666255413398	0.341229317848352	1.1458255901863	1.06634876630738	0.247751550733131	0.101228179040172	0.0515087501248986	7.40852771142767	TRUE
set7H21	Def Doxycycline hyclate 0.0002 mg/ml	8/12/2013 psRCH2_ML7_set7	309	1814434	17707	1159489	1157520	176	534	345.631531800537	0.364503126082165	0.184113097788666	1.07316873740821	1.06634876630738	0.313163997978516	0.0962406182971053	0.0381275537664044	2.32904824486212	TRUE
set7H22	Def Doxycycline hyclate 0.0006 mg/ml	8/12/2013 psRCH2_ML7_set7	310	1898475	18153	1133578	1121531	165	534	334.885338907136	0.289986614114383	0.207958807172884	1.09531877094728	1.06634876630738	0.235245547009565	0.131088046237892	0.00560727263788964	7.94274593375295	TRUE
set7H23	RCH2 defined media	8/12/2013 psRCH2_ML7_set7	311	1813632	17782	1164123	1162337	166	534	347.069871603464	0.35392618298046	0.175824691946497	1.08807067898587	1.06634876630738	0.315923236959502	0.0853071224985792	-0.0575893385823405	1.9760474107097	TRUE
set7H24	Time0	8/12/2013 psRCH2_ML7_set7	312	1665209	18362	1067565	1065620	165	368	318.190504628247	0.110735206527814	0.17158926272683	1.08367552888924	1.07100038663996	0.214744910538028	0.168657186454881	-0.213755828295537	1.52676757293309	FALSE
set7H25	Time0	8/12/2013 psRCH2_ML7_set7	313	1792050	19464	1149987	1147680	186	346	342.693341295909	0.118530678780972	0.169010035601477	1.07021919804423	1.07286302960576	0.130847149825364	0.128256863079464	0.121978238953843	1.29911091584374	FALSE
set7H26	Time0	8/13/2013 psRCH2_ML7_set7	314	1573261	19233	1009685	1007675	175	189	300.888324873096	0.135607811982005	0.176889131431984	1.07953544652821	1.05704492830989	0.24762863923717	0.142959325619178	-0.159043975737475	1.69256895168471	FALSE
set7H27	Time0	8/13/2013 psRCH2_ML7_set7	315	1662550	20230	1066439	1064147	189	175	317.750671842341	0.135607811982005	0.176889131431984	1.05704492830989	1.07953544652821	0.24762863923717	0.142959325619178	0.159043975737475	2.46593352125519	FALSE
set7H28	Def Chloramphenicol 0.003125 mg/ml	8/13/2013 psRCH2_ML7_set7	316	1595514	19654	948670	940869	142	365	280.9402806808	0.595848156013185	0.209715390829404	1.08746284125034	1.07830617334882	0.496483798006857	0.355255088032672	-0.0455657605640361	6.92044116541521	FALSE
set7H29	Def Tetracycline 0.0004 mg/ml	8/13/2013 psRCH2_ML7_set7	317	1637024	17410	1041660	1039517	175	365	310.39623768289	0.338048592483421	0.196307862154716	1.07427376740442	1.07830617334882	0.267647962511411	0.0650866942218744	0.00696377200289231	5.27992848750034	TRUE
set7H30	Def Spectinomycin 0.0016 mg/ml	8/13/2013 psRCH2_ML7_set7	318	1553782	17061	980054	978243	141	365	292.10002985966	0.589658091057462	0.196520513877834	1.07638514020162	1.07830617334882	0.502399204291547	0.323202996339066	-0.0379862601412672	2.78283277082062	FALSE
set7H31	Def Spectinomycin 0.0032 mg/ml	8/13/2013 psRCH2_ML7_set7	319	2215657	10290	1668795	1664592	40	365	497.041504926844	0.354832928392083	0.351406609094306	1.21224891426395	1.07830617334882	0.412971857542981	0.186365419047833	0.0826492036146392	12.2127407839701	FALSE
set7H32	Def Nalidixic 0.0005 mg/ml	8/13/2013 psRCH2_ML7_set7	320	1612152	16159	1033856	1031832	174	365	308.10152284264	0.325176772156176	0.184710675817949	1.09901276847514	1.07830617334882	0.320914399975965	0.0528731813927193	0.0197954656079013	1.57915947674453	TRUE
set7H33	Def Nalidixic 0.001 mg/ml	8/13/2013 psRCH2_ML7_set7	321	1790307	33260	1113037	1109645	171	365	331.336219767095	0.471767735559664	0.217449658267373	1.08765309511415	1.07830617334882	0.324519289659605	0.182705198913028	0.081596828392792	4.9242520845008	TRUE
set7H34	Def Benzalkonium Chloride 0.002 mg/ml	8/13/2013 psRCH2_ML7_set7	322	1881315	59564	1127689	1124228	141	365	335.690653926545	0.618118132520812	0.34112066375117	1.13930042829171	1.07830617334882	0.403938014107822	0.204562429701787	0.0700108116010252	6.08762805401536	TRUE
set7H35	RCH2 defined media	8/13/2013 psRCH2_ML7_set7	323	1731697	17026	1105649	1103738	165	365	329.57240967453	0.545269225208952	0.200268415004236	1.08295945554235	1.07830617334882	0.485560077537866	0.291084579401838	-0.0930867488576923	2.09254747986552	FALSE
set7H36	Def Rifampicin 0.0032 mg/ml	8/13/2013 psRCH2_ML7_set7	324	1774151	25273	1115020	1113106	145	365	332.369662585847	0.79014206862753	0.205707819110505	1.08017723143899	1.07830617334882	0.686717598699874	0.563750584981591	-0.233885732805089	2.66387858466928	FALSE
set7H37	Def 2-Furfuraldehyde 0.016 vol%	8/13/2013 psRCH2_ML7_set7	325	1088635	13405	689675	688543	90	365	205.596595998806	0.671379920487233	0.244448692520588	1.08131625443798	1.07830617334882	0.578204714647682	0.409965318667188	-0.125707105335099	2.88906226672874	FALSE
set7H38	Def 2-Furfuraldehyde 0.032 vol%	8/13/2013 psRCH2_ML7_set7	326	1107850	21076	727364	725692	80	365	216.689160943565	0.455098551084616	0.424517090859586	1.19529222777715	1.07830617334882	0.261732687253244	0.0654316044481462	0.0522123364789506	6.67066777533568	TRUE
set7H39	Def 5-Hydroxymethylfurfural 5 mM	8/13/2013 psRCH2_ML7_set7	327	1492599	20425	950359	948643	150	365	283.261570618095	0.424764485634922	0.218140584916401	1.09394381457179	1.07830617334882	0.337618971547281	0.225333586377267	-0.00292566325783946	1.94475352980421	TRUE
set7H40	Def 5-Hydroxymethylfurfural 10 mM	8/13/2013 psRCH2_ML7_set7	328	1282132	18118	812365	810975	125	365	242.154374440131	0.523141254338281	0.20806065729514	1.08367552888924	1.07830617334882	0.474866192832015	0.33579463994934	-0.00221726185057314	2.03582656590601	FALSE
set7H41	Def Vanillin 2.5 mM	8/13/2013 psRCH2_ML7_set7	329	1521707	20324	976174	974521	143	365	290.988653329352	0.582374539303668	0.19595496916074	1.09783255702152	1.07830617334882	0.473892184362735	0.291174566416088	-0.0262812370888848	3.02191303458831	FALSE
set7H42	Def syringaldehyde 2.5 mM	8/13/2013 psRCH2_ML7_set7	330	1187362	16174	754536	753247	115	365	224.916990146312	0.503710642459519	0.21617674500242	1.0932404512663	1.07830617334882	0.413978990067151	0.330873902369319	-0.0527376207919016	2.81686800822191	FALSE
set7H43	Def syringaldehyde 5 mM	8/13/2013 psRCH2_ML7_set7	331	1549125	20662	982912	981149	148	365	292.967751567632	0.617305171518276	0.197658185615229	1.09387313926478	1.07830617334882	0.544788243962575	0.368815622420201	-0.0697066085192063	2.01401273838754	FALSE
set7H44	RCH2 defined media	8/13/2013 psRCH2_ML7_set7	332	1358490	14350	871084	869364	138	365	259.589131083906	0.361250124911862	0.211459611336037	1.06543990093965	1.07830617334882	0.359224367571263	0.139097800568423	0.0410148487858082	2.32419770134231	TRUE
set7H45	nitrate reduction - anaerobic	8/13/2013 psRCH2_ML7_set7	333	1352431	18316	853616	851481	126	365	254.249328157659	0.470612967488232	0.242105806879939	1.09901276847514	1.07830617334882	0.381704977886457	0.142499734840627	0.0847654444362968	3.01955983065834	TRUE
set7H46	nitrate reduction - anaerobic	8/13/2013 psRCH2_ML7_set7	334	1836765	21304	1159269	1156582	168	365	345.351448193491	0.565009898463085	0.207296551353846	1.09831123310313	1.07830617334882	0.485176643231956	0.281107264006216	-0.0415605339843798	2.62437932794436	FALSE
set8H23	Time0	9/23/2013 psRCH2_ML7_set8	335	3300503	34661	2112782	2109493	339	960	629.887429083308	0.288372769190798	0.12927245117353	1.07587197789526	1.07646042875428	0.328742415283815	0.256138532361589	0.141320548392466	1.19789173832376	FALSE
set8H24	Time0	9/23/2013 psRCH2_ML7_set8	336	3336959	35826	2126377	2123192	317	984	633.977903851896	0.590177012064717	0.127590552900326	1.0659951367177	1.07926643355004	0.627156557367684	0.616172068884057	-0.379187987800551	0.962785130536814	FALSE
set8H25	Def Nickel (II) chloride 0.07 mM	9/23/2013 psRCH2_ML7_set8	337	3438404	54861	2136817	2133269	295	1303	636.986861749776	0.606811814574106	0.256909212044243	1.10079347251031	1.07479047937436	0.493828707843107	0.28655191434037	0.154944803658834	3.25599428702844	FALSE
set8H26	Def Nickel (II) chloride 0.08 mM	9/23/2013 psRCH2_ML7_set8	338	3953891	84010	2391786	2387243	305	1303	712.822633621977	0.589930666042879	0.322627127099084	1.11098332444265	1.07479047937436	0.471437152185264	0.232723982958732	0.200328785885546	4.19267261300624	FALSE
set8H27	Def Cobalt chloride 0.04 mM	9/23/2013 psRCH2_ML7_set8	339	3387879	41530	2134485	2130861	321	1303	636.267841146611	0.654786662204964	0.256548300691255	1.09032084555891	1.07479047937436	0.564684611262021	0.306133306536167	0.239256284495485	2.69740137854782	FALSE
set8H28	Def Cobalt chloride 0.05 mM	9/23/2013 psRCH2_ML7_set8	340	3381042	41123	2136618	2132727	322	1303	636.825022394745	0.666115202603735	0.260472894844513	1.07198348974256	1.07479047937436	0.565698561492542	0.321931161624289	0.254857216024803	2.95298800732864	FALSE
set8H29	Def copper (II) chloride 0.07 mM	9/23/2013 psRCH2_ML7_set8	341	3739123	57315	2349491	2345777	355	1303	700.44102717229	0.638344181580203	0.263192318086811	1.07876344596029	1.07479047937436	0.537521519587116	0.301015546090232	0.244777468003545	2.57918199351601	FALSE
set8H30	Def Zinc 0.06 mM	9/23/2013 psRCH2_ML7_set8	342	3267867	47073	2058267	2054976	308	1303	613.608838459242	0.625979357600361	0.229558424142983	1.0723740310669	1.07479047937436	0.516938440319481	0.25045657562766	0.192799824368931	2.54553910746184	FALSE
set8H31	Def Chlorite 0.05 mM	9/23/2013 psRCH2_ML7_set8	343	3887601	43263	2476423	2472685	397	1303	738.335323977307	0.640038498905092	0.175259981500492	1.0737541894146	1.07479047937436	0.572070672528444	0.334596115199653	0.151774841937528	1.76513811639169	FALSE
set8H32	Def Chlorite 0.1 mM	9/23/2013 psRCH2_ML7_set8	344	3507762	45970	2224101	2220936	335	1303	663.163929531203	0.62170468199598	0.173703303023475	1.05165588629171	1.07479047937436	0.468777777847171	0.308102559889295	0.0704296060814956	1.69559560443039	FALSE
set8H33	Def Polymyxin B sulfate 0.00008 mg/ml	9/23/2013 psRCH2_ML7_set8	345	3630278	44440	2299273	2295655	328	1303	685.474768587638	0.59236118607983	0.238417425301398	1.09685369310528	1.07479047937436	0.49908708713431	0.233263710530323	0.190112155713974	3.031588521763	TRUE
set8H34	Def Polymyxin B sulfate 0.0001 mg/ml	9/23/2013 psRCH2_ML7_set8	346	3383257	45395	2127114	2124001	284	1303	634.219468498059	0.539118802320573	0.236979279808509	1.11131674663984	1.07479047937436	0.4176710075551	0.209803794498452	0.111627888020322	3.34564709492851	TRUE
set8H35	RCH2 defined media	9/23/2013 psRCH2_ML7_set8	347	3030716	41700	1903238	1900480	274	1303	567.47685876381	0.547452392930218	0.27419186604095	1.0881360541041	1.07479047937436	0.412199017628474	0.151840334899379	0.179277897392659	2.57084480622893	TRUE
set8H36	Def Benzethonium chloride 0.008 mM	9/23/2013 psRCH2_ML7_set8	348	3715404	74883	2263675	2260337	310	1303	674.928934010152	0.587814705374815	0.288569692927427	1.09343544674815	1.07479047937436	0.387197293319991	0.197135936146739	0.109518734316365	2.88742721811723	TRUE
set8H37	Def Carbenicillin 0.008 mg/ml	9/23/2013 psRCH2_ML7_set8	349	1871435	35566	1174649	1172603	136	1303	350.135264257987	0.549383408609661	0.381930326986931	1.13264746227362	1.07479047937436	0.384554426493453	0.209368928674116	0.171968882797863	5.11411935519558	TRUE
set8H38	Def Carbenicillin 0.02 mg/ml	9/23/2013 psRCH2_ML7_set8	350	1994632	48034	1231387	1228803	183	1303	366.91639295312	0.358782961469911	0.368692957925492	1.15240818144209	1.07479047937436	0.342132067077623	0.235090260764024	0.0886794176945248	10.5685262521821	TRUE
set8H39	Def methylglyoxal 0.0075 vol%	9/23/2013 psRCH2_ML7_set8	351	3099135	38776	1955508	1952419	296	1303	582.985667363392	0.637258584934661	0.226580633054522	1.09610856756833	1.07479047937436	0.512749363150137	0.317804447024852	0.16441520613101	2.11304937634631	FALSE
set8H40	Def methylglyoxal 0.01 vol%	9/23/2013 psRCH2_ML7_set8	352	2565491	31594	1636889	1634521	250	1303	488.062406688564	0.515748761554785	0.186269281279225	1.09951412517379	1.07479047937436	0.414967983490954	0.203044788288742	0.0884277797765718	1.897404852528	TRUE
set8H41	Def Furfuryl Alcohol 0.01 vol%	9/23/2013 psRCH2_ML7_set8	353	3279739	54841	2051259	2047915	291	1303	611.500447894894	0.611511987611543	0.334323374153012	1.10747283581644	1.07479047937436	0.489333525516325	0.204550368025845	0.25997655884481	2.8767153074553	FALSE
set8H42	RCH2 defined media	9/23/2013 psRCH2_ML7_set8	354	3002744	35528	1886666	1883676	273	1303	562.459241564646	0.568003219829246	0.277093298669144	1.11726358962418	1.07479047937436	0.454351689416101	0.163903840221705	0.211933126607718	2.64071027421405	FALSE
set8H43	Time0	9/23/2013 psRCH2_ML7_set8	355	3320401	35013	2130879	2127524	352	952	635.271424305763	0.405466321934554	0.123266512842789	1.08981941961216	1.07399138640407	0.43304241984168	0.444768053509616	0.312123158263216	1.32865113976425	FALSE
set8H44	Time0	9/23/2013 psRCH2_ML7_set8	356	2830726	29845	1811941	1809090	290	1014	540.188115855479	0.068426525812487	0.125995251792072	1.07465235773242	1.06854327370979	0.0601849952666457	0.0325993332450644	0.0571033933574004	1.096561555535	FALSE
set10H1	Time0	2/24/2014 psRCH2_ML7_set10	357	3567311	32506	2309851	2305214	437	777	688.329053448791	0.00470231938289147	0.133790056634946	1.08945227529088	1.06339038710549	-0.000274922641561857	-0.00918428049016663	-0.0148287803714524	0.859680964274667	FALSE
set10H2	Time0	2/24/2014 psRCH2_ML7_set10	358	3200867	28988	2075666	2071575	394	821	618.565243356226	0.0173891620597358	0.143006671765006	1.06790809267193	1.08445934203637	-0.0200016764620861	0.030399510581982	0.00129806977871341	1.05904876606851	FALSE
set10H3	D-Glucose (C)	2/24/2014 psRCH2_ML7_set10	359	3230023	26403	2101354	2097577	402	1214	626.329352045387	0.262449614734879	0.181804134623578	1.07728618210403	1.06828148902937	0.179020780924369	-0.0256349024206919	-0.0219122919715638	1.63873557438838	TRUE
set10H4	D-Glucose (C)	2/24/2014 psRCH2_ML7_set10	360	3149102	25588	2046126	2042335	389	1214	609.834278889221	0.223706730822695	0.187239641061908	1.09004577238029	1.06828148902937	0.12538383845964	0.0541235714136149	-0.0238408610038387	1.12320413222657	TRUE
set10H5	D-Fructose (C)	2/24/2014 psRCH2_ML7_set10	361	3114041	23554	2038208	2034685	372	1214	607.55001492983	0.413968848595314	0.194055558149732	1.08948315258676	1.06828148902937	0.295857957473565	0.0170095444002465	-0.0457260349190792	3.54511731946008	TRUE
set10H6	D-Fructose (C)	2/24/2014 psRCH2_ML7_set10	362	2968157	23572	1939934	1936516	351	1214	578.237085697223	0.437734527707181	0.194288583910018	1.09870911422238	1.06828148902937	0.306069913108008	0.0896883915729257	-0.0538968714876577	3.70443012314527	TRUE
set10H7	Sucrose (C)	2/24/2014 psRCH2_ML7_set10	363	3096679	23900	2013455	2009744	390	1214	600.102717229024	0.231359968806446	0.187383671099183	1.09302214441275	1.06828148902937	0.159546948256576	0.00591542156697909	-0.0212087314777114	1.28611716236525	TRUE
set10H8	Sucrose (C)	2/24/2014 psRCH2_ML7_set10	364	3249152	25833	2112755	2108815	409	1214	629.684980591221	0.229360847097227	0.185263620401857	1.10758815291351	1.06828148902937	0.177174412539582	0.0502372366805015	-0.0330107973005824	1.14093730324921	TRUE
set10H9	D-Maltose (C)	2/24/2014 psRCH2_ML7_set10	365	2385801	19714	1541964	1539277	290	1214	459.622872499254	0.349755326727826	0.191886512279453	1.08869431137877	1.06828148902937	0.194434176882261	0.00234569815649298	0.013993219094388	1.90813478579094	TRUE
set10H10	D-Maltose (C)	2/24/2014 psRCH2_ML7_set10	366	3279956	27491	2123857	2119968	397	1214	633.015228426396	0.319409031775011	0.194139777474985	1.10778259355151	1.06828148902937	0.21300111973433	0.0281447677601732	0.00236235917065739	1.93195761365704	TRUE
set10H11	a-Ketoglutaric (C)	2/24/2014 psRCH2_ML7_set10	367	3057053	28425	1984085	1980481	377	1214	591.364885040311	0.289031882328632	0.193306655152923	1.08712688804061	1.06828148902937	0.250294399056412	0.040204208879351	0.0237798775788486	1.8129219345389	TRUE
set10H12	a-Ketoglutaric (C)	2/24/2014 psRCH2_ML7_set10	368	3446445	33055	2238881	2234481	422	1214	667.208420424007	0.292093535246375	0.184162160624998	1.06702696148718	1.06828148902937	0.170852866513898	0.083078334917396	0.0326378227901605	1.95495493748074	TRUE
set10H13	D-Gluconic Acid (C)	2/24/2014 psRCH2_ML7_set10	369	2375916	18791	1547177	1544714	279	1214	461.246342191699	0.200020600250391	0.313152908556052	1.16977683516461	1.06828148902937	0.152346764098218	-0.023515169734671	-0.0700307737833103	3.62985436543695	TRUE
set10H14	D-Gluconic Acid (C)	2/24/2014 psRCH2_ML7_set10	370	2058571	16567	1340644	1338302	248	1214	399.612421618394	0.29171823119049	0.198130287180698	1.09260102376261	1.06828148902937	0.217127856015671	0.0389198690620768	-0.0597149727425024	3.04637392708961	TRUE
set10H15	acetate (C)	2/24/2014 psRCH2_ML7_set10	371	2703297	22384	1751707	1748489	328	1214	522.092863541356	0.209474278343833	0.24413623024594	1.11086868107684	1.06828148902937	0.115601514602974	0.0225976602833257	0.000326554969747676	1.76546433770556	TRUE
set10H16	acetate (C)	2/24/2014 psRCH2_ML7_set10	372	3324703	28413	2154861	2150906	401	1214	642.253209913407	0.221237030649269	0.237459560942282	1.09858722160372	1.06828148902937	0.10717906988576	-0.00980174553405981	0.00403696884136981	2.03305361016749	TRUE
set10H17	Fumarate (C)	2/24/2014 psRCH2_ML7_set10	373	2726126	23627	1770923	1767720	341	1214	527.835174679009	0.255208975892263	0.184563382501699	1.11026687330567	1.06828148902937	0.193942466834594	0.0194348764477837	0.00215139718164711	1.33795423809248	TRUE
set10H18	Fumarate (C)	2/24/2014 psRCH2_ML7_set10	374	3311671	28432	2155740	2152007	417	1214	642.581964765602	0.265949570058232	0.176200280247632	1.09857080996406	1.06828148902937	0.228273082427005	0.0331634813575384	0.0139288910609413	1.21191707067098	TRUE
set10H19	Trisodium citrate (C)	2/24/2014 psRCH2_ML7_set10	375	3274663	29403	2125741	2121814	411	1214	633.56643774261	0.211779644666289	0.185478725693756	1.07689437126544	1.06828148902937	0.16655587328203	0.0473569682720562	-0.00319277473341763	1.58296821901011	TRUE
set10H20	Trisodium citrate (C)	2/24/2014 psRCH2_ML7_set10	376	3249622	28822	2110557	2106573	407	1214	629.015527022992	0.231459109747231	0.183255306420221	1.09251594691626	1.06828148902937	0.0979803681172365	0.0202197098847677	-0.0115188551701123	1.2644029625111	TRUE
set10H21	D-Lactate (C)	2/24/2014 psRCH2_ML7_set10	377	3411273	30204	2211537	2207442	422	1214	659.134667064796	0.258572964897064	0.188129649455351	1.08980989699107	1.06828148902937	0.185521735071212	0.0581863299225843	0.00586698925921339	1.67063926913404	TRUE
set10H22	D-Lactate (C)	2/24/2014 psRCH2_ML7_set10	378	3346851	29164	2172037	2168047	414	1214	647.371454165423	0.266541687666765	0.193542759658259	1.09352300800042	1.06828148902937	0.183935865466707	0.0196008784255781	0.000535772256280911	1.52848355728551	TRUE
set10H23	L-Lactate (C)	2/24/2014 psRCH2_ML7_set10	379	2928687	28582	1887750	1884152	348	1214	562.601373544342	0.359831564762825	0.224482465276297	1.10335806201913	1.06828148902937	0.258253030661618	0.0820222787019331	0.0464685289283519	2.92802667374825	TRUE
set10H24	L-Lactate (C)	2/24/2014 psRCH2_ML7_set10	380	3246763	32324	2094749	2090571	382	1214	624.237384293819	0.359143015585812	0.204769137950277	1.0965520321102	1.06828148902937	0.291975513001244	0.0791565829672724	0.0353903830880721	2.66818493580054	TRUE
set10H25	D,L-Lactate (C)	2/24/2014 psRCH2_ML7_set10	381	4105931	31759	2651586	2646354	493	1214	790.192296207823	0.363894022793411	0.197121127025335	1.09944424221542	1.06828148902937	0.251522077532413	0.0633149876621568	0.0287648714392238	1.84163969890011	TRUE
set10H26	D,L-Lactate (C)	2/24/2014 psRCH2_ML7_set10	382	3849489	29232	2491517	2486896	471	1214	742.578680203046	0.326489428820925	0.195067583843999	1.09476660706778	1.06828148902937	0.237190756626089	0.0782758257124351	0.0345783732012078	1.60136367496006	TRUE
set10H27	pyruvate (C)	2/24/2014 psRCH2_ML7_set10	383	3680360	20909	2388406	2383917	450	1214	711.829501343685	0.28714621986183	0.176591233367015	1.08359218294012	1.06828148902937	0.181933057114683	0.0434990118667926	0.0273937066287719	1.85220148925431	TRUE
set10H28	pyruvate (C)	2/24/2014 psRCH2_ML7_set10	384	3254468	18444	2111473	2107235	401	1214	629.213197969543	0.31408846691599	0.190295592329621	1.08819828483531	1.06828148902937	0.182473712726053	0.0630341459386303	0.0300742911340293	1.75148696587998	TRUE
set10H29	succinate (C)	2/24/2014 psRCH2_ML7_set10	385	3271197	27334	2123121	2119418	400	1214	632.851000298597	0.228870383831113	0.190241423398345	1.09923651843636	1.06828148902937	0.213459083040353	-0.000454608682352776	0.0115733047636938	1.6612024350956	TRUE
set10H30	succinate (C)	2/24/2014 psRCH2_ML7_set10	386	2908775	24734	1887167	1883669	351	1214	562.457151388474	0.261156524030865	0.183946707810188	1.09723410812051	1.06828148902937	0.21569429259634	0.0331998862881356	0.00683884629876749	1.75266839886041	TRUE
set10H31	Glycolic Acid (C)	2/24/2014 psRCH2_ML7_set10	387	3746744	25413	2428447	2423907	427	1214	723.770379217677	0.30415176311003	0.246015539571968	1.10592117233818	1.06828148902937	0.235775876044602	-0.0275621951195668	-0.0201994398935112	3.19558781714482	TRUE
set10H32	Glycolic Acid (C)	2/24/2014 psRCH2_ML7_set10	388	3094200	24266	2000862	1997062	346	1214	596.315915198567	0.320690583539226	0.227465125046048	1.08118582157963	1.06828148902937	0.228958158842934	0.0267040672615857	-0.0271423726536241	3.07723064197649	TRUE
set10H33	Ethanol (C)	2/24/2014 psRCH2_ML7_set10	389	2975333	24398	1920121	1916679	329	1214	572.313825022395	0.366043491335725	0.209427167555339	1.10196825644977	1.06828148902937	0.259935046341238	0.02902289298449	-0.0461562199458888	3.71740818780514	TRUE
set10H34	Ethanol (C)	2/24/2014 psRCH2_ML7_set10	390	2811468	23293	1813800	1810279	311	1214	540.543147208122	0.370009802421902	0.207705404993668	1.10495644791291	1.06828148902937	0.25398672772032	-0.0486555702276718	-0.0370709531856065	3.62752589796055	TRUE
set10H35	Glycerol (C)	2/24/2014 psRCH2_ML7_set10	391	2872407	24998	1857670	1854242	347	1214	553.670349358017	0.279563178261689	0.190111045579619	1.07474683034353	1.06828148902937	0.225802694406788	-0.0184691849672789	-0.0121653817457665	1.75646514580765	TRUE
set10H36	Glycerol (C)	2/24/2014 psRCH2_ML7_set10	392	3060329	27344	1981928	1978175	370	1214	590.676321289937	0.235844987820656	0.190485336059243	1.09652544426837	1.06828148902937	0.248988499331634	0.0498333784266586	0.00337864201998993	1.62152465998467	TRUE
set10H37	Tween 20 (C)	2/24/2014 psRCH2_ML7_set10	393	3150705	23069	2050853	2047235	390	1214	611.297402209615	0.174445411941628	0.184992047460062	1.07144890441072	1.06828148902937	0.139183533816646	-0.00959697246596163	-0.00514508805528456	1.15336058235836	TRUE
set10H38	Tween 20 (C)	2/24/2014 psRCH2_ML7_set10	394	2144618	15707	1392132	1389406	266	1214	414.871902060317	0.269096885489437	0.189754789396086	1.09964099230123	1.06828148902937	0.18183490036072	0.0256446893535688	-0.0171259994084932	1.03450278757114	TRUE
set10H39	propionate (C)	2/24/2014 psRCH2_ML7_set10	395	4199464	9461	2972126	2965721	132	1214	885.554195282174	0.282429885465252	0.410955313562939	1.28083913823198	1.06828148902937	0.124024644274866	0.0429183209105355	-0.0135899065126886	8.50773619240482	TRUE
set10H40	propionate (C)	2/24/2014 psRCH2_ML7_set10	396	2665533	6162	1745967	1743982	83	1214	520.747088683189	0.28178605492918	0.462538320837397	1.35178971283583	1.06828148902937	0.141375112949275	0.0554391305610738	-0.031812932347546	9.56929299539702	TRUE
set10H41	Time0	2/24/2014 psRCH2_ML7_set10	397	3083273	28500	1995616	1991476	382	833	594.647954613317	-0.0111765200383512	0.140642966489792	1.08041772228615	1.06800672946991	0.0082617874758308	0.00466065710830159	0.0161357962848296	1.25756407884386	FALSE
set10H42	D-Maltose (C)	2/24/2014 psRCH2_ML7_set10	398	2788370	23483	1802103	1798766	336	1214	537.105404598388	0.303406194244108	0.204881272578845	1.0975939563073	1.06828148902937	0.238444166924517	-0.0234629256517162	0.0155036078759066	1.83024896854728	TRUE
set10H43	nitrite 2.5 mM	2/24/2014 psRCH2_ML7_set10	399	3306177	30825	2143273	2139175	397	1214	638.750373245745	0.194653568567611	0.309820332793588	1.13244714551964	1.06828148902937	0.119974112758679	0.0370474579821797	0.000811466960071401	2.70167225187004	TRUE
set11H1	Time0	2/24/2014 psRCH2_ML7_set11	400	2740244	24518	1780447	1776807	340	386	530.54852194685	0.00339823254673142	0.165664392361339	1.0741149651715	1.06796266129262	0.00450857941227554	0.00688357802533309	-0.0133087621640242	0.995059959736029	FALSE
set11H2	Time0	2/24/2014 psRCH2_ML7_set11	401	3137132	28298	2032766	2028506	386	340	605.704986563153	0.00339823254673142	0.165664392361339	1.06796266129262	1.0741149651715	0.00450857941227554	0.00688357802533309	0.0133087621640242	1.87431198367985	FALSE
set11H3	Paraquat dichloride 0.015 mg/ml	2/24/2014 psRCH2_ML7_set11	402	3186862	27445	2083564	2079647	376	725	620.975515079128	0.239725270892515	0.371226039133304	1.14356452876434	1.06119586327217	0.112376938621694	-0.0554832141283346	-0.0276608742681102	3.66947849676125	TRUE
set11H4	Paraquat dichloride 0.015 mg/ml	2/24/2014 psRCH2_ML7_set11	403	2665897	20715	1738585	1735166	314	725	518.114661092864	0.228098096074933	0.395807999057203	1.18120408144027	1.06119586327217	0.164222807156753	0.0422084311240305	-0.0230174145767785	3.09321364823285	TRUE
set11H5	Cisplatin 0.0016 mg/ml	2/24/2014 psRCH2_ML7_set11	404	2607651	20974	1658983	1654584	296	725	494.053150194088	0.145050686803327	0.278432081499221	1.0973425496972	1.06119586327217	0.0722388090511472	-0.0511784258260868	-0.0496150868841011	1.60250097306278	TRUE
set11H6	Cisplatin 0.0016 mg/ml	2/24/2014 psRCH2_ML7_set11	405	2468383	20751	1577728	1574261	277	725	470.068975813676	0.1302750269518	0.269305395636017	1.09979558602387	1.06119586327217	0.0575811263273485	-0.0615864368418728	-0.0221655163399955	1.9481982646622	TRUE
set11H7	Cisplatin 0.003 mg/ml	2/24/2014 psRCH2_ML7_set11	406	2367345	16901	1510453	1507202	266	725	450.045386682592	0.214820003659675	0.309013736182414	1.15414649169533	1.06119586327217	0.133238479981223	-0.00885519043192731	-0.0466683923348719	2.7304731022766	TRUE
set11H8	Cisplatin 0.003 mg/ml	2/24/2014 psRCH2_ML7_set11	407	2484498	17998	1589467	1586366	278	725	473.683487608241	0.188295877142564	0.299111229875135	1.14119796831297	1.06119586327217	0.136511096794321	0.0530077392467573	-0.0676974479142297	2.52781866196175	TRUE
set11H9	nitrite 2.5 mM	2/24/2014 psRCH2_ML7_set11	408	2234217	21146	1446836	1444098	268	725	431.202747088683	0.17665690053563	0.31129421482873	1.14762596289525	1.06119586327217	0.105204009287646	0.0388744935603991	-0.00868386712723834	2.84785440424038	TRUE
set11H10	nitrite 2.5 mM	2/24/2014 psRCH2_ML7_set11	409	2898316	25088	1876142	1872549	346	725	559.136757240967	0.202960718689777	0.309431236407575	1.12610134278614	1.06119586327217	0.128162515879828	0.000604825672425923	-0.0126284800684189	2.71052939675954	TRUE
set11H11	nitrate 200 mM	2/24/2014 psRCH2_ML7_set11	410	2569194	26514	1664988	1662035	303	725	496.277993430875	0.236929694821561	0.389733682221422	1.18348831790202	1.06119586327217	0.175934576837259	0.00659328891382364	-0.0267575094042483	2.52855958122539	TRUE
set11H12	nitrate 200 mM	2/24/2014 psRCH2_ML7_set11	411	2476532	22368	1605461	1602175	292	725	478.404001194386	0.24413322988363	0.353910757423299	1.18740554265829	1.06119586327217	0.205340292636053	-0.000120878644200535	-0.0355671343123183	2.66595682555212	TRUE
set11H13	perchlorate 12.5 mM	2/24/2014 psRCH2_ML7_set11	412	3093856	27044	2029473	2025592	370	725	604.834876082413	0.127312704724223	0.278858717928613	1.08824780718658	1.06119586327217	0.159902484434173	0.00433195710667692	-0.0126495898070039	3.76400754479979	TRUE
set11H14	perchlorate 12.5 mM	2/24/2014 psRCH2_ML7_set11	413	2078519	17542	1360009	1357226	251	725	405.263063601075	0.138484676998728	0.271480284305341	1.11146209622982	1.06119586327217	0.0791460545114308	-0.0390214976516089	-0.0252747593218568	3.76377577443147	TRUE
set11H15	perchlorate 25 mM	2/24/2014 psRCH2_ML7_set11	414	2221303	18408	1454237	1451460	274	725	433.401015228426	0.136809583463559	0.266528461903826	1.10690174470356	1.06119586327217	0.0746844367133574	0.0152563344983112	-0.0323733523455396	2.55255242594273	TRUE
set11H16	perchlorate 25 mM	2/24/2014 psRCH2_ML7_set11	415	2869257	24198	1873027	1869538	358	725	558.237682890415	0.185240975881065	0.271241856495568	1.15013771828921	1.06119586327217	0.160303990048701	-0.00927990626758007	-0.0318946263842808	1.73531931945923	TRUE
set11H17	Chloride 200 mM	2/24/2014 psRCH2_ML7_set11	416	2476554	23556	1596257	1593211	289	725	475.727381307853	0.274647443706452	0.273472114135145	1.08510679089432	1.06119586327217	0.131548725091565	0.0507142558850729	-0.00517863477257827	2.05515112119376	TRUE
set11H18	Chloride 200 mM	2/24/2014 psRCH2_ML7_set11	417	3032124	28751	1946063	1942278	349	725	579.957599283368	0.314089501205647	0.280981074076233	1.09203617869831	1.06119586327217	0.164732096398187	0.00769640604969616	-0.00672971842392179	2.23226675120996	TRUE
set11H19	LB	2/24/2014 psRCH2_ML7_set11	418	2523752	22588	1638615	1635318	308	725	488.300388175575	0.0814265685060977	0.261802424399611	1.10433665981474	1.06119586327217	-0.0138574498772187	-0.0488120921209393	0.000538872589922135	1.95391315333045	FALSE
set11H20	LB	2/24/2014 psRCH2_ML7_set11	419	2681868	22761	1738932	1735703	321	725	518.275007464915	0.0865875230294702	0.275869400171357	1.09576992350735	1.06119586327217	0.122137071659528	0.019548943707666	-0.0282350970614051	2.24594894993349	FALSE
set11H21	Time0	2/25/2014 psRCH2_ML7_set11	420	2912839	27098	1886921	1882993	354	368	562.255300089579	-0.0135672984672994	0.166712880313354	1.07566426993207	1.07444389653738	-0.0269513068571786	0.00199989817578995	0.0210136970847754	1.9258187105864	FALSE
set11H22	Time0	2/25/2014 psRCH2_ML7_set11	421	2988608	27838	1935268	1931247	368	354	576.663780232905	-0.0135672984672994	0.166712880313354	1.07444389653738	1.07566426993207	-0.0269513068571786	0.00199989817578995	-0.0210136970847754	2.06359648751506	FALSE
set11H23	benzoic 0.4 mg/ml	2/25/2014 psRCH2_ML7_set11	422	2551348	22149	1660257	1657326	314	720	494.871902060317	0.119473807858688	0.282727122023092	1.09118220280836	1.0688581771379	0.0743573668639008	-0.11239194860696	0.00543105015850025	2.03508810298308	TRUE
set11H24	benzoic 0.4 mg/ml	2/25/2014 psRCH2_ML7_set11	423	2505695	22460	1629412	1626488	306	720	485.663780232905	0.176991694654052	0.284563389709366	1.15568633104121	1.0688581771379	0.0949643617860524	0.0211592454058403	0.0233472078799765	2.37842994697264	TRUE
set11H25	Phosphomycin 0.012 mg/ml	2/25/2014 psRCH2_ML7_set11	424	2957804	30213	1887343	1883316	306	720	562.351746790087	0.265990966529687	0.287786719354802	1.11245229297993	1.0688581771379	0.163519747407166	-0.0336538449336129	-0.00849917872092227	4.42627442280505	TRUE
set11H26	Phosphomycin 0.012 mg/ml	2/25/2014 psRCH2_ML7_set11	425	2688120	25502	1712136	1708957	271	720	510.288742908331	0.29616335461974	0.283431152453574	1.11045446508056	1.0688581771379	0.158279168255764	0.00508543019337935	0.0123120991549657	4.45906786149609	TRUE
set11H27	Bacitracin 0.25 mg/ml	2/25/2014 psRCH2_ML7_set11	426	3109714	25554	2011585	2007740	312	720	599.504329650642	0.362859476507899	0.295161836400143	1.1291413455501	1.0688581771379	0.274361717867041	0.00995567629236684	-0.0829467403758165	5.21693977951302	TRUE
set11H28	Bacitracin 0.25 mg/ml	2/25/2014 psRCH2_ML7_set11	427	2711896	22976	1757193	1753696	275	720	523.647656016721	0.381761502603572	0.311763901046787	1.17156404526784	1.0688581771379	0.334904681130471	0.0353257151459774	-0.068835846778753	5.44594713915462	TRUE
set11H29	Fusidic 0.016 mg/ml	2/25/2014 psRCH2_ML7_set11	428	2489805	23420	1617274	1614362	304	720	482.042997909824	0.160368132462487	0.27925212783776	1.13497690988679	1.0688581771379	0.0979744378209549	0.0264996087894614	-0.0177980854621521	3.5102114464474	TRUE
set11H30	Fusidic 0.016 mg/ml	2/25/2014 psRCH2_ML7_set11	429	2523377	22388	1642500	1639390	312	720	489.516273514482	0.142954730697025	0.283810050390949	1.10131458325751	1.0688581771379	0.0847625633900106	-0.0329061592141096	0.0166520066528532	2.08170624854098	TRUE
set11H31	Dimethyl Sulfoxide 5 vol%	2/25/2014 psRCH2_ML7_set11	430	2873792	28402	1860414	1856879	346	720	554.457748581666	0.199206939352598	0.252298358157641	1.10078309706682	1.0688581771379	0.141127318245664	0.0478058545123837	0.0286362513038457	2.02421426492203	TRUE
set11H32	Dimethyl Sulfoxide 5 vol%	2/25/2014 psRCH2_ML7_set11	431	2662342	25298	1720152	1716846	315	720	512.644371454165	0.169888477912122	0.259368777319094	1.10955864465179	1.0688581771379	0.127941535547178	-0.0143834966271389	0.0475713971692252	2.54700966598896	TRUE
set11H33	LB	2/25/2014 psRCH2_ML7_set11	432	2752980	24916	1791499	1788273	341	720	533.972230516572	0.121233613605093	0.259719545220015	1.12164841030037	1.0688581771379	0.0763298537749929	-0.0330939392806229	0.0223809276251749	1.77510472532434	TRUE
set11H34	LB	2/25/2014 psRCH2_ML7_set11	433	2782797	25283	1813540	1810045	337	720	540.473275604658	0.0816670805121398	0.262845584395626	1.10969183573206	1.0688581771379	0.0695801023108413	0.0463890012161428	0.0317436145923275	1.7742046743887	FALSE
set11H35	Vancomycin 0.016 mg/ml	2/25/2014 psRCH2_ML7_set11	434	2309570	20060	1502561	1499699	278	720	447.805016422813	0.194127396645495	0.27817303697991	1.10186985721728	1.0688581771379	0.0693691161775534	0.0383635629471701	0.0193735154566217	1.85525845460829	TRUE
set11H36	Vancomycin 0.016 mg/ml	2/25/2014 psRCH2_ML7_set11	435	2804480	24264	1825812	1822323	326	720	544.139444610331	0.244303942113374	0.277156882603357	1.11126981380287	1.0688581771379	0.103610608606746	0.0529600279166781	-0.0346947781600665	2.71798737569124	TRUE
set11H37	A22 0.002 mg/ml	2/25/2014 psRCH2_ML7_set11	436	2136714	22645	1381169	1378529	257	720	411.624066885637	0.142988770491669	0.268053869731146	1.0969616474766	1.0688581771379	0.150877591430822	-0.0500650349173597	0.0409557475908438	3.37818918491108	TRUE
set11H38	A22 0.002 mg/ml	2/25/2014 psRCH2_ML7_set11	437	1532665	16159	988756	986754	185	720	294.641385488205	0.161861212792499	0.294855855209038	1.09745399899067	1.0688581771379	0.0707555006018921	-0.0342677241220067	0.0301375954558755	3.17426091894801	TRUE
set11H39	A22 0.005 mg/ml	2/25/2014 psRCH2_ML7_set11	438	2380504	24064	1542437	1539430	295	720	459.668557778441	0.151169749718234	0.278525932816763	1.11547721741994	1.0688581771379	0.0928685936071927	-0.000980227443957252	0.046273534182307	2.96981617332366	TRUE
set11H40	A22 0.005 mg/ml	2/25/2014 psRCH2_ML7_set11	439	1896908	18965	1230216	1227840	231	720	366.628844431173	0.157659436722742	0.265724238106394	1.1553640537476	1.0688581771379	0.105623315293611	-0.00900181802115823	0.0302014887054236	3.58252436273495	TRUE
set11H41	Lomefloxacin 0.0001 mM	2/25/2014 psRCH2_ML7_set11	440	2222383	20320	1428086	1425070	256	720	425.521051060018	0.127649117933673	0.283240583041914	1.10338464804184	1.0688581771379	0.0647867350519855	-0.060464780993883	0.0398289416562853	1.88820029693403	TRUE
set11H42	Lomefloxacin 0.0001 mM	2/25/2014 psRCH2_ML7_set11	441	2499693	18535	1771122	1768359	239	720	528.025977903852	0.124206460702009	0.286016578802787	1.1309143215442	1.0688581771379	0.107752285775004	0.00515926909708971	0.0436066154046395	2.99927214350759	TRUE
set11H43	D-Cycloserine 0.032 mg/ml	2/25/2014 psRCH2_ML7_set11	442	2511133	21584	1632993	1629655	303	720	486.609435652434	0.227253177854972	0.332730954005198	1.11547721741994	1.0688581771379	0.117271583166586	-0.0202946040981738	-0.0260712431049479	2.64064872918816	TRUE
set11H44	D-Cycloserine 0.032 mg/ml	2/25/2014 psRCH2_ML7_set11	443	2325499	18832	1508292	1505584	261	720	449.562257390266	0.242127854221461	0.3423910297834	1.15397566775225	1.0688581771379	0.173177685745448	0.00359899565329854	-0.0177515071648971	3.89475367582506	TRUE
set11H45	Neomycin 0.004 mg/ml	2/25/2014 psRCH2_ML7_set11	444	3131907	33077	2013154	2009188	349	720	599.936697521648	0.264561926615671	0.275948610245301	1.15781454951926	1.0688581771379	0.19386331272054	0.0625064004397094	-0.0156289401442633	4.44850441725206	TRUE
set11H46	Neomycin 0.004 mg/ml	2/25/2014 psRCH2_ML7_set11	445	2752720	31933	1767303	1763929	305	720	526.703194983577	0.310234461022717	0.262103713248333	1.15983163352125	1.0688581771379	0.217086502764695	0.0455581961093704	-0.0073591161031817	5.14567133216803	TRUE
set11H47	LB	2/25/2014 psRCH2_ML7_set11	446	3881158	34546	2520665	2516002	469	720	751.269632726187	0.102837698878153	0.258929550623931	1.12821160558142	1.0688581771379	0.0479223585799317	-0.00645914467846738	0.0204293059599536	2.15959782557282	TRUE
set11H48	LB	2/25/2014 psRCH2_ML7_set11	447	3592418	32092	2338736	2334355	438	720	697.030456852792	0.0472758622379058	0.255039635715584	1.1436817836076	1.0688581771379	0.0441798155602154	0.0422400995952102	0.000318962212609336	1.74798725245825	FALSE
set12H1	Time0	2/25/2014 psRCH2_ML7_set12	448	2620134	24156	1698718	1695184	317	1086	506.176171991639	0.0496342541803383	0.143689590980994	1.08392682571131	1.0682434162782	0.079519755441779	0.0223649587060578	-0.02877512159974	1.08627635163148	FALSE
set12H2	Time0	2/25/2014 psRCH2_ML7_set12	449	2997123	27566	1945039	1940948	368	1036	579.56046581069	0.0576531314441398	0.127942065883159	1.06463285678381	1.08049871553223	-0.0444225439117706	0.0444979491771689	-0.0186424705361997	1.28645277875723	FALSE
set12H3	L-Malic (C)	2/25/2014 psRCH2_ML7_set12	450	3040653	26223	1976990	1973333	375	1409	589.230516572111	0.228697575026244	0.172753276572134	1.09912066851609	1.07224721342745	0.235607325334061	0.0538510224864006	-0.000704417952964019	1.44221775722703	TRUE
set12H4	L-Malic (C)	2/25/2014 psRCH2_ML7_set12	451	2394978	21151	1552881	1549879	294	1409	462.788593610033	0.248765859918142	0.195684099470941	1.1091653753085	1.07224721342745	0.178975564646364	0.0804749317426672	0.00138749712254546	1.52790007617339	TRUE
set12H5	L-Glutamic (C)	2/25/2014 psRCH2_ML7_set12	452	3006177	27159	1949781	1946085	349	1409	581.094356524336	0.340452505613354	0.180560742979227	1.09499663093717	1.07224721342745	0.290935676224567	-0.00931372825038648	0.0191235417804692	3.52191565861788	TRUE
set12H6	L-Glutamic (C)	2/25/2014 psRCH2_ML7_set12	453	2602963	23056	1688850	1685745	303	1409	503.357718722007	0.337989507325843	0.18202214849714	1.09840370406099	1.07224721342745	0.238262860061009	0.00763986167135553	0.0186894698743115	3.83363646590155	TRUE
set12H7	L-Asparagine (C)	2/25/2014 psRCH2_ML7_set12	454	2789599	25539	1810426	1806999	346	1409	539.563750373246	0.203252973174492	0.171295256103074	1.08666959525317	1.07224721342745	0.16349896844085	0.0742131207533491	0.000413160771486984	1.07150555347374	TRUE
set12H8	L-Asparagine (C)	2/25/2014 psRCH2_ML7_set12	455	3249949	29763	2105348	2101286	397	1409	627.436846819946	0.231041507132671	0.160897342964963	1.07386676895496	1.07224721342745	0.170361301102965	0.0317484940318526	-0.000803982226645864	1.13340684936336	TRUE
set12H9	L-Glutamine (C)	2/25/2014 psRCH2_ML7_set12	456	1831107	15652	1206170	1204108	204	1409	359.54255001493	0.392216276655219	0.19986805180922	1.06803077478801	1.07224721342745	0.286420921052977	0.0396491681066549	-0.0215499699499755	4.33140478263483	TRUE
set12H10	L-Glutamine (C)	2/25/2014 psRCH2_ML7_set12	457	3044835	26308	2005384	2001803	339	1409	597.731561660197	0.430705027044342	0.173267927726829	1.08686495682287	1.07224721342745	0.297553854571734	0.0508939960500806	-0.0167247309779452	4.60247299063768	TRUE
set12H11	L-Proline (C)	2/25/2014 psRCH2_ML7_set12	458	3034113	28242	1959983	1955909	364	1409	584.027769483428	0.34475828611827	0.173221617445546	1.08806205601199	1.07224721342745	0.265640065687123	0.054011388819807	0.0167069415420586	3.4994772216009	TRUE
set12H12	L-Proline (C)	2/25/2014 psRCH2_ML7_set12	459	2788303	26586	1792595	1788708	329	1409	534.102120035832	0.419767524346829	0.173331137837525	1.07910772785547	1.07224721342745	0.271638179291324	0.0696025170286728	0.00332321721688981	3.68945306114248	TRUE
set12H13	L-Alanine (C)	2/25/2014 psRCH2_ML7_set12	460	3366241	233333	1965314	1962475	273	1409	585.988354732756	0.286455502564844	0.231901522042151	1.11887019283494	1.07224721342745	0.167338071717594	0.0632843369825135	-0.06950401564277	5.51478329810875	TRUE
set12H14	L-Alanine (C)	2/25/2014 psRCH2_ML7_set12	461	2248749	463470	1135040	1133334	162	1409	338.40967452971	0.26736987372412	0.259923901577774	1.11846912145467	1.07224721342745	0.148621050471467	0.0720342854307722	-0.0803723332386585	5.23614837940372	TRUE
set12H15	L-Isoleucine (C)	2/25/2014 psRCH2_ML7_set12	462	2880139	25926	1863566	1859754	354	1409	555.316213795163	0.204070844331086	0.168978717902058	1.06265043836567	1.07224721342745	0.0798947465053448	0.0916103919953838	-0.0138825371628037	2.37838194882787	TRUE
set12H16	L-Isoleucine (C)	2/25/2014 psRCH2_ML7_set12	463	3054066	26933	1981320	1977402	379	1409	590.44550612123	0.190975668763527	0.165865968965294	1.09076189469559	1.07224721342745	0.158487964900704	0.0140575072123703	-0.0167076610181863	2.22132050448593	TRUE
set12H17	L-Leucine (C)	2/25/2014 psRCH2_ML7_set12	464	3060898	27731	1962706	1958990	364	1409	584.9477455957	0.323449500651952	0.177080426540692	1.09773879764691	1.07224721342745	0.241232974529144	0.104366797151677	0.0409405170696675	1.51472317633467	TRUE
set12H18	L-Leucine (C)	2/25/2014 psRCH2_ML7_set12	465	3307666	29441	2127585	2123512	402	1409	634.073454762616	0.329362500405356	0.184989139260481	1.0886576198204	1.07224721342745	0.23473488625671	0.0598052335668425	0.0262671559834523	1.47627791386405	TRUE
set12H19	L-tyrosine (C)	2/25/2014 psRCH2_ML7_set12	466	3001995	21963	2008135	2000313	227	1409	597.286652732159	0.385697956158095	0.407606285895838	1.24573182619836	1.07224721342745	0.296127486718216	-0.0222684997631497	-0.0412521622349029	6.82362352159641	TRUE
set12H20	L-tyrosine (C)	2/25/2014 psRCH2_ML7_set12	467	3345238	27748	2238865	2232005	259	1409	666.469095252314	0.402436000994473	0.395205842384412	1.24284763858544	1.07224721342745	0.245038433688284	-0.0055031888547834	-0.0120279242850803	6.73782635356241	TRUE
set12H21	D-Alanine (C)	2/25/2014 psRCH2_ML7_set12	468	3116468	28428	2015962	2012270	375	1409	600.856972230517	0.308034522255775	0.177210673025759	1.08273549035033	1.07224721342745	0.220419060418138	0.0393689801616033	0.0345406642573509	1.7455374376493	TRUE
set12H22	D-Alanine (C)	2/25/2014 psRCH2_ML7_set12	469	3473488	31045	2251917	2247771	421	1409	671.176769184831	0.266201846525879	0.17018321440309	1.0826442956608	1.07224721342745	0.160221110302887	0.0572503430292412	0.0231465734811808	1.34007454235154	TRUE
set12H23	casaminos (C)	2/25/2014 psRCH2_ML7_set12	470	3240359	28494	2098198	2094082	399	1409	625.285756942371	0.229830794100381	0.185572039124054	1.07532669481944	1.07224721342745	0.1807547912561	0.0251389513389655	0.0483686410654765	1.38922232526787	TRUE
set12H24	casaminos (C)	2/25/2014 psRCH2_ML7_set12	471	3077043	26079	1994873	1991019	383	1409	594.511495968946	0.248153731526556	0.16972792617678	1.08746284125034	1.07224721342745	0.13386909950907	-0.0259071775174517	0.0363209412925937	1.30198178416005	TRUE
set12H25	octanoate (C)	2/25/2014 psRCH2_ML7_set12	472	3694313	14591	2476621	2437272	65	1409	727.761122723201	0.190392124094229	1.09447513931342	2.01459613202088	1.07224721342745	0.0380262315976843	-0.0777208169349344	-0.0278911280167694	12.6412407223227	FALSE
set12H26	octanoate (C)	2/25/2014 psRCH2_ML7_set12	473	2850694	12019	1874492	1839600	55	1409	549.298297999403	0.187934280146452	1.08445898731962	1.97204562942467	1.07224721342745	0.038086332376352	-0.00316085581122871	-0.0258908995123387	12.0511883806924	FALSE
set12H27	butyrate (C)	2/25/2014 psRCH2_ML7_set12	474	2076666	17232	1409960	1407802	210	1409	420.364885040311	0.41062117492661	0.201328487033948	1.10865040134775	1.07224721342745	0.227739451395362	0.0244491261159293	0.0461393088715019	10.0700917141343	TRUE
set12H28	butyrate (C)	2/25/2014 psRCH2_ML7_set12	475	2342168	18917	1579399	1576753	242	1409	470.813078530905	0.458519387137496	0.176838598794276	1.07758518626187	1.07224721342745	0.227025352585178	0.0394635371890323	0.0511101198722636	9.04533330465589	TRUE
set12H29	Glycine (C)	2/25/2014 psRCH2_ML7_set12	476	1936718	4550	1247441	1247044	11	1409	372.363093460735	0.217380925070225	0.453027859766973	1.16992500144231	1.07224721342745	0.161482475563828	0.0254269235666434	-0.0828633077720778	12.7664631779491	FALSE
set12H30	Glycine (C)	2/25/2014 psRCH2_ML7_set12	477	2479575	5875	1609411	1608874	16	1409	480.404299790982	0.22472917203091	0.449006342543066	1.16992500144231	1.07224721342745	0.144121784432414	-0.0155834010340131	-0.0797006370447487	12.7786204920654	FALSE
set12H31	L-Valine (C)	2/25/2014 psRCH2_ML7_set12	478	1549734	3152	817015	816551	10	1409	243.819349059421	0.156804824175813	0.539845991508986	1.22239242133645	1.07224721342745	0.0799098398506949	0.0291500555276575	-0.072343698952014	11.899597639497	FALSE
set12H32	L-Valine (C)	2/25/2014 psRCH2_ML7_set12	479	1672442	2516	926444	925912	16	1409	276.474171394446	0.206952397090707	0.488002284131312	1.16992500144231	1.07224721342745	0.180071579830998	0.0496006887047035	-0.0719072942312408	12.098817897354	FALSE
set12H33	Time0	2/25/2014 psRCH2_ML7_set12	480	1462542	13604	949860	947815	181	1226	283.014332636608	-0.00033467280324459	0.168527817031536	1.07800251200127	1.07446683511047	0.0523219618544876	-0.00931950192705319	0.0230283475686096	0.995251764633051	FALSE
set12H34	Time0	2/25/2014 psRCH2_ML7_set12	481	2886975	26469	1873453	1869587	353	1052	558.252314123619	-0.022764959541777	0.150581792372931	1.08716742897929	1.05808816367846	0.0107730491956701	0.00727720660812981	0.0368588060936172	1.18167614511622	FALSE
set12H35	Time0	2/25/2014 psRCH2_ML7_set12	482	1511643	13938	978937	976955	185	1222	291.715437444013	-0.0189529551405246	0.162612167793991	1.05355311305015	1.07519304491125	-0.0108346683748993	-0.0108970337567587	0.00475877748978755	1.07787168618575	FALSE
set12H36	L-Glutamine (C)	2/25/2014 psRCH2_ML7_set12	483	1819879	15737	1198916	1196742	200	1409	357.343087488803	0.384402216739364	0.2045599230036	1.08723001740698	1.07224721342745	0.292699973804174	0.0360460701519718	-0.0216366174042336	4.31316463702303	TRUE
set12H37	Time0	2/27/2014 psRCH2_ML7_set12	484	3117938	30358	2022288	2018054	383	242	602.584054941774	0.0425099394847231	0.175123671524493	1.07452361756524	1.08138486672839	-0.0318571655049294	-0.0187878081259952	-0.0135213418590602	1.66168750705501	FALSE
set12H38	Time0	2/27/2014 psRCH2_ML7_set12	485	1992145	19610	1295127	1292483	242	383	385.931024186324	0.0425099394847231	0.175123671524492	1.08138486672839	1.07452361756524	-0.0318571655049294	-0.0187878081259952	0.0135213418590602	1.23672793580272	FALSE
set12H41	L-Glutamic (N)	2/27/2014 psRCH2_ML7_set12	488	1234733	11298	796113	794715	140	624	237.299193789191	0.191379195706811	0.417740146807932	1.22239242133645	1.07332722350119	0.0602682875705194	0.000214533980623959	0.0253784701579131	4.13524275489545	TRUE
set12H42	L-Glutamic (N)	2/27/2014 psRCH2_ML7_set12	489	2387432	22352	1541751	1538952	279	624	459.525828605554	0.283720156369043	0.225191395442115	1.09652809208017	1.07332722350119	0.188348053369715	0.0228052765395892	0.0396169346587301	3.71215076729388	TRUE
set12H43	L-Asparagine (N)	2/27/2014 psRCH2_ML7_set12	490	3137424	23998	2035929	2031898	393	624	606.717826216781	0.266233217386611	0.219032287712334	1.06561041581982	1.07332722350119	0.253324007744692	0.0341635067587651	0.0587168013497364	1.63392390145741	TRUE
set12H44	L-Asparagine (N)	2/27/2014 psRCH2_ML7_set12	491	2961043	21937	1924790	1920965	374	624	573.593610032846	0.244803710875758	0.199715761257137	1.0922210663737	1.07332722350119	0.191926300086189	0.0665358988860769	0.0433595953869878	1.72228359730789	TRUE
set12H45	L-Glutamine (N)	2/27/2014 psRCH2_ML7_set12	492	3231355	31195	2083555	2079522	388	624	620.938190504628	0.331964286366966	0.204167294706515	1.09120301637445	1.07332722350119	0.22530195504721	0.0609116785037542	0.0594152140354681	3.70410181034114	TRUE
set12H46	L-Glutamine (N)	2/27/2014 psRCH2_ML7_set12	493	3034298	28563	1966839	1963186	366	624	586.200656912511	0.259874497893199	0.216287294362364	1.10767727024411	1.07332722350119	0.196125568214194	-0.0157062190335934	0.0477542523900484	3.04094843476147	TRUE
set12H47	Glycine (N)	2/27/2014 psRCH2_ML7_set12	494	3736148	30791	2423035	2418556	447	624	722.172588832487	0.337861323842546	0.207359910772162	1.09712818274698	1.07332722350119	0.289389585250623	0.0366691814702907	-0.00399057545192605	3.30851009977794	TRUE
set12H48	Glycine (N)	2/27/2014 psRCH2_ML7_set12	495	3643040	30875	2358441	2354125	435	624	702.933711555688	0.308401684196839	0.213989743441514	1.08802504001695	1.07332722350119	0.260564241859571	0.0490627840907504	0.0100199816945167	3.56413211327746	TRUE
set13H1	L-Proline (N)	2/27/2014 psRCH2_ML7_set13	496	3543191	31850	2301322	2296890	442	885	685.843535383697	0.195926087017044	0.216033553361237	1.07082200425606	1.06946326399489	0.15096882448675	0.0171797142187787	0.0138921733221235	1.83869151030031	TRUE
set13H2	L-Proline (N)	2/27/2014 psRCH2_ML7_set13	497	4364946	39892	2832439	2826456	537	885	843.9701403404	0.189329505787628	0.208050920152536	1.10750644548543	1.06946326399489	0.162920043078126	0.0500871327081923	0.028523197324047	1.55847072020531	TRUE
set13H3	L-Alanine (N)	2/27/2014 psRCH2_ML7_set13	498	4134688	31729	2676228	2671280	489	885	797.635114959689	0.350565519255791	0.212906962133994	1.10527801599643	1.06946326399489	0.3049526865042	0.0252456189641515	0.0160621546188384	2.79106051243985	TRUE
set13H4	L-Alanine (N)	2/27/2014 psRCH2_ML7_set13	499	2929526	23233	1896321	1892615	346	885	565.12839653628	0.333721449619945	0.222035493432161	1.10497822154165	1.06946326399489	0.321782396041969	0.0430056518548378	0.00393816902774624	3.17797622202454	TRUE
set13H5	L-Valine (N)	2/27/2014 psRCH2_ML7_set13	500	3533426	15205	2237627	2234178	311	885	667.117945655419	0.354261249280372	0.244685327511301	1.15720506280167	1.06946326399489	0.215893171866334	0.00359218052536914	-0.0464557872008893	4.74221522007071	TRUE
set13H6	L-Valine (N)	2/27/2014 psRCH2_ML7_set13	501	3660154	15427	2331055	2327171	342	885	694.885338907136	0.380125166157078	0.226738644619496	1.11908814599757	1.06946326399489	0.278459968868989	-0.0145438308544699	-0.0333459765177789	4.36863946675217	TRUE
set13H7	L-Isoleucine (N)	2/27/2014 psRCH2_ML7_set13	502	4005584	18884	2620111	2615839	426	885	781.08062108092	0.296621317860775	0.224073806721986	1.11076800727609	1.06946326399489	0.243833232794472	-0.0269090678150818	-0.0507928989920446	4.55836837204626	TRUE
set13H8	L-Isoleucine (N)	2/27/2014 psRCH2_ML7_set13	503	4049514	21813	2644593	2640314	421	885	788.38877276799	0.30840083810124	0.22381746034967	1.12199886257164	1.06946326399489	0.251381460009936	0.0147602839234183	-0.0690422937535647	4.5588467373391	TRUE
set13H10	D-Serine (N)	2/27/2014 psRCH2_ML7_set13	505	3557732	62530	2297740	2288807	62	885	683.429979098238	0.239203436765669	0.566339771865411	1.45568616172208	1.06946326399489	0.171319632902072	0.0239211874612813	-0.077502513453291	11.2554201014773	FALSE
set13H11	D-Alanine (N)	2/27/2014 psRCH2_ML7_set13	506	3882726	32983	2519775	2515348	469	885	751.074350552404	0.281561242351409	0.194849263851837	1.06338889709969	1.06946326399489	0.229738166614074	0.00529224640629561	0.00653802102216349	1.30887371788012	TRUE
set13H12	D-Alanine (N)	2/27/2014 psRCH2_ML7_set13	507	4153255	34210	2696161	2691167	500	885	803.573305464318	0.303612815766494	0.194057925907805	1.07228940688998	1.06946326399489	0.239460678159677	-0.00977185253393867	0.00145708832579728	1.19009911743963	TRUE
set13H13	L-Citrulline (N)	2/27/2014 psRCH2_ML7_set13	508	3303694	20556	2134047	2130156	399	885	636.057330546432	0.231220585443718	0.30466408581435	1.16819381311834	1.06946326399489	0.186158560342332	0.0158720670379405	-0.0211857720664247	2.3182191399948	TRUE
set13H14	L-Citrulline (N)	2/27/2014 psRCH2_ML7_set13	509	2574967	14780	1622828	1620270	284	885	483.807106598985	0.192957327308428	0.29713453067272	1.13261170409796	1.06946326399489	0.147820479246229	0.0537852883096622	-0.0570333318274723	4.09404662775763	TRUE
set13H15	casaminos (N)	2/27/2014 psRCH2_ML7_set13	510	3484555	24586	2265708	2261706	424	885	675.337712750075	0.0887763070213415	0.348117032624558	1.11562419728807	1.06946326399489	0.0842983958536394	-0.0302553111666681	0.0140755516479017	2.55375039001605	FALSE
set13H16	casaminos (N)	2/27/2014 psRCH2_ML7_set13	511	2517888	16986	1636344	1633302	309	885	487.698417438041	0.0877916617123155	0.344854792543766	1.17943655988764	1.06946326399489	0.0296647298414426	-0.0522424227064698	0.000549017658671399	2.6768224057362	FALSE
set13H17	Putrescine (N)	2/27/2014 psRCH2_ML7_set13	512	3301572	30164	2132623	2128671	393	885	635.613914601373	0.207758329589542	0.276363466954765	1.13203650490293	1.06946326399489	0.172291728098924	-0.0711613473163906	-0.0185716531931367	1.9835711451939	TRUE
set13H18	Putrescine (N)	2/27/2014 psRCH2_ML7_set13	513	3824616	36976	2473344	2468646	453	885	737.129292326067	0.229286928826174	0.279454170731674	1.1338116959821	1.06946326399489	0.115122527335539	0.0153728244967706	-0.0100019031826335	2.534383597183	TRUE
set13H19	Parabanic Acid (N)	2/27/2014 psRCH2_ML7_set13	514	3648714	32113	2352040	2347279	425	885	700.88951925948	0.318728620046851	0.225614062784053	1.11023688092838	1.06946326399489	0.268712121291309	-0.0235574213932521	0.0169314535166343	1.69803783913654	TRUE
set13H20	Parabanic Acid (N)	2/27/2014 psRCH2_ML7_set13	515	3829729	33443	2470147	2465298	452	885	736.129590922664	0.334737039631258	0.210935459793187	1.09797291974373	1.06946326399489	0.211611077058718	-0.00980624160375455	0.0136609252212547	1.74685254891472	TRUE
set13H21	Adenine (N)	2/27/2014 psRCH2_ML7_set13	516	4312394	33330	2797483	2792021	533	885	833.687966557181	0.272782689443954	0.197554754002323	1.09884714034529	1.06946326399489	0.170929342099668	0.0510633353706948	0.031687420476933	2.03788343132181	TRUE
set13H22	Adenine (N)	2/27/2014 psRCH2_ML7_set13	517	4211810	32193	2732925	2727981	518	885	814.565840549418	0.284908094809678	0.199001172505551	1.08841932429052	1.06946326399489	0.230316224572911	0.0384396069850636	0.0197893041099031	1.9264332364586	TRUE
set13H23	Cytosine (N)	2/27/2014 psRCH2_ML7_set13	518	3723809	32056	2404173	2399555	441	885	716.498954911914	0.27293618891635	0.213385978710657	1.06747827069653	1.06946326399489	0.21454387838624	0.0490885934344931	0.0225850680266459	1.53693416943492	TRUE
set13H24	Cytosine (N)	2/27/2014 psRCH2_ML7_set13	519	4228226	36442	2731438	2726253	514	885	814.049865631532	0.310435500491599	0.204654890909598	1.08268218344516	1.06946326399489	0.234394902071822	-0.000982238996354605	0.0249488613944869	1.39904936950451	TRUE
set13H25	Ammonium chloride (N)	2/27/2014 psRCH2_ML7_set13	520	4436728	31314	2885506	2880237	550	885	860.028963869812	0.234464099144985	0.20421241920902	1.08546392318324	1.06946326399489	0.191221240286617	0.0109165115183714	0.0263025785088405	1.88951652053131	TRUE
set13H26	Ammonium chloride (N)	2/27/2014 psRCH2_ML7_set13	521	4096919	28756	2669199	2663950	506	885	795.446401911018	0.260730048299772	0.192275653179669	1.11079306128167	1.06946326399489	0.158252370506756	0.0397535201584289	-0.00131947380704251	1.19317344396038	TRUE
set13H27	nitrate (N)	2/27/2014 psRCH2_ML7_set13	522	3854434	30287	2497493	2492938	456	885	744.38280083607	0.296569066791549	0.220051865013504	1.0973359480662	1.06946326399489	0.247229584534197	0.0124508868774512	0.00794976976321734	1.69393880065177	TRUE
set13H28	nitrate (N)	2/27/2014 psRCH2_ML7_set13	523	3134200	22740	2038033	2034388	374	885	607.461331740818	0.293274005026959	0.213524486169519	1.12040983600913	1.06946326399489	0.244560749626448	0.00702240299866339	0.00378012018305893	1.62924195329401	TRUE
set13H29	nitrite (N)	2/27/2014 psRCH2_ML7_set13	524	3348737	26666	2181668	2177914	384	885	650.317706778143	0.251249995042409	0.2815180933516	1.13432011104694	1.06946326399489	0.16458111553205	-0.0478596730761289	-0.00196329656526839	2.3871047774879	TRUE
set13H30	nitrite (N)	2/27/2014 psRCH2_ML7_set13	525	3034521	25284	1971002	1967524	347	885	587.495968945954	0.231246011860736	0.253822548390888	1.12293381894544	1.06946326399489	0.202734080097545	-0.0202599018475295	-0.00737401303506796	2.36777320624142	TRUE
set13H31	Urea (N)	2/27/2014 psRCH2_ML7_set13	526	3710510	27721	2407095	2402556	455	885	717.395043296506	0.325679480478638	0.193075273462623	1.06928498251958	1.06946326399489	0.214680591323106	0.00183072064987157	0.0253563606828295	1.27744403607331	TRUE
set13H32	Urea (N)	2/27/2014 psRCH2_ML7_set13	527	3733263	27793	2424899	2420395	457	885	722.721707972529	0.277629356779928	0.187415056264351	1.08132141442101	1.06946326399489	0.22784130297684	0.00986657116948802	0.0154297186641454	1.44730627738261	TRUE
set13H33	Time0	2/27/2014 psRCH2_ML7_set13	528	3455347	33921	2242547	2237851	423	466	668.214690952523	-0.0177038567417061	0.167469661861543	1.0790019522105	1.07414840191197	-0.0310360175286	0.00452902021351898	-0.00745165664310727	2.06756679138446	FALSE
set13H34	Time0	2/27/2014 psRCH2_ML7_set13	529	3784819	36879	2457399	2452390	466	423	732.275306061511	-0.0177038567417061	0.167469661861543	1.07414840191197	1.0790019522105	-0.0310360175286	0.00452902021351898	0.00745165664310728	1.28132221592021	FALSE
set13H35	Benzethonium chloride 0.01 mM	2/27/2014 psRCH2_ML7_set13	530	3142635	28942	2033471	2029638	384	885	606.042997909824	0.124082985180807	0.340191968733261	1.16752834717382	1.06946326399489	0.120104705743137	0.0348796335967802	0.0412070677665165	2.26326661860427	TRUE
set13H36	Doxycycline hyclate 0.0002 mg/ml	2/27/2014 psRCH2_ML7_set13	531	4014848	32626	2603207	2597462	497	885	775.59331143625	0.114713462493041	0.353191195218319	1.19688280522874	1.06946326399489	0.0765055927301978	-0.0701389040077359	-0.000684862284851063	2.25961351698543	TRUE
set13H37	LB	2/27/2014 psRCH2_ML7_set13	532	3306820	30088	2153030	2149233	407	885	641.753657808301	0.0890174396011779	0.330238784758161	1.14994814105244	1.06946326399489	-0.0278867656540523	-0.0452453690113503	-0.0253914948149567	2.00107432678219	FALSE
set13H38	L-Proline (N)	2/27/2014 psRCH2_ML7_set13	533	2543333	23357	1648980	1645702	311	885	491.401015228426	0.226403783416013	0.215526217267502	1.07610286505465	1.06946326399489	0.171721252940296	-0.0243224019473052	0.010712108309943	1.38639094191653	TRUE
set15H1	Time0	4/9/2014 psRCH2_ML7_set15	535	2406220	22219	1557768	1554463	292	1089	464.157360406091	0.0148241190437844	0.151707367991668	1.06941617110636	1.07364888302347	-0.0342966765843152	0.051326403412081	-0.00392548383143729	0.94935189969361	FALSE
set15H2	Time0	4/9/2014 psRCH2_ML7_set15	536	2799495	25371	1810832	1806940	343	1039	539.546133174082	0.0446608560325567	0.13363380224731	1.07490550817764	1.06554519868141	-0.00317052635313041	0.0238975457822938	-0.0317036309272546	1.24300880487643	FALSE
set15H3	Time0	4/9/2014 psRCH2_ML7_set15	537	3176126	29119	2053666	2049281	389	992	611.908330845028	0.00403199392304278	0.142727362983946	1.07940422791901	1.06815694024402	-0.000619464607064087	0.0219867855521556	0.019342412685745	0.923171574071214	FALSE
set15H4	Time0	4/9/2014 psRCH2_ML7_set15	538	2899796	26525	1875511	1871517	359	1025	558.828605553897	0.0577365714013311	0.137781906275508	1.07153200063266	1.07590414416886	0.00788341695118327	0.073992321973266	0.0202643481261949	0.877084258849171	FALSE
set15H5	Benzethonium chloride 0.01 mM	4/9/2014 psRCH2_ML7_set15	539	3056586	27734	1968850	1964801	373	1383	586.682890415049	0.116898933647363	0.319839441191311	1.12204139957481	1.06746994984612	0.090343529173612	-0.0180139357408404	0.0340853104103703	1.95322695144443	TRUE
set15H6	Benzethonium chloride 0.0125 mM	4/9/2014 psRCH2_ML7_set15	540	2664288	22734	1716035	1712325	320	1383	511.294416243655	0.146015791036784	0.339763766634364	1.16058557180309	1.06746994984612	0.0963742061958608	0.0539028552922035	-0.0238562142919866	1.71640591385683	TRUE
set15H7	LB	4/9/2014 psRCH2_ML7_set15	541	3214975	28068	2088178	2084269	392	1383	622.355628545835	0.0712596271564648	0.314972280386608	1.15976435404482	1.06746994984612	0.00148485990844917	0.0730691225504848	-0.039288021964679	1.8141635415753	FALSE
set15H8	Spectinomycin 0.00625 mg/ml	4/9/2014 psRCH2_ML7_set15	542	3120338	24113	2013089	2008980	366	1383	599.874589429681	0.156904839208008	0.333748109121299	1.11641708402905	1.06746994984612	0.114761430479492	0.0523058547481933	-0.00368452179751752	4.67054877051697	TRUE
set15H9	Nalidixic 0.00390625 mg/ml	4/9/2014 psRCH2_ML7_set15	543	2585386	9660	589856	560348	58	1383	167.318005374739	0.105851125902058	0.451513057244108	1.16227142889888	1.06746994984612	0.0654160957631957	-0.0193075153973648	-0.0278742792462131	14.0715386550323	TRUE
set15H10	5-Hydroxymethylfurfural 5 mM	4/9/2014 psRCH2_ML7_set15	544	3093424	30472	2007469	2003068	379	1383	598.109286354136	0.116023839054575	0.314334266389834	1.13588850761135	1.06746994984612	0.0577451521079963	-0.0434233906197127	0.00073148250892195	2.23860661110268	TRUE
set15H11	methylglyoxal 0.005 vol%	4/9/2014 psRCH2_ML7_set15	545	2891257	26067	1869363	1862370	265	1383	556.097342490296	0.203749464871752	0.527533405916401	1.38024374497267	1.06746994984612	0.136417949065222	-0.0137071630474076	-0.0241766970262075	6.16077895806795	FALSE
set15H12	2-Furfuraldehyde 0.05 vol%	4/9/2014 psRCH2_ML7_set15	546	2905680	25861	1891757	1887867	361	1383	563.710659898477	0.110029690334454	0.322508707671984	1.13569476512722	1.06746994984612	0.100088553171347	-0.00957888301287755	0.0331760492279694	2.29840184702257	TRUE
set15H13	Vanillin 2 mM	4/9/2014 psRCH2_ML7_set15	547	2374268	21152	1542058	1539340	290	1383	459.641684084801	0.0858353984779767	0.335417170152814	1.15683023945188	1.06746994984612	0.0992463625635118	0.00829357799269028	0.0258548540184517	1.89097848122806	FALSE
set15H14	LB	4/9/2014 psRCH2_ML7_set15	548	1728127	15694	1123302	1121161	208	1383	334.774858166617	0.0590705593181838	0.350730221182438	1.11768405140015	1.06746994984612	0.0394768420293496	-0.0444220716902478	-0.0072482109826028	2.70673796824373	FALSE
set15H15	Benzethonium chloride 0.01 mM	4/9/2014 psRCH2_ML7_set15	549	2703935	25037	1749338	1745761	328	1383	521.278292027471	0.0968656730694381	0.324075194413155	1.13750352374994	1.06746994984612	0.122369409460444	0.0576757063694926	-0.0296993777631536	1.76410584994883	FALSE
set15H16	Benzethonium chloride 0.0125 mM	4/9/2014 psRCH2_ML7_set15	550	2767860	24868	1786526	1783056	328	1383	532.414452075246	0.161294213647071	0.333616747317667	1.18168654491534	1.06746994984612	0.15159728358052	0.0174654098946404	0.00992045414138881	2.87278689824356	TRUE
set15H17	LB	4/9/2014 psRCH2_ML7_set15	551	1095062	9308	715631	714327	134	1383	213.295610630039	0.053633729414428	0.366981218451444	1.13441337244714	1.06746994984612	0.0500186408735618	-0.0147026191994498	-0.0144272466175373	2.42356058869149	FALSE
set15H18	Spectinomycin 0.00625 mg/ml	4/9/2014 psRCH2_ML7_set15	552	2928999	21398	1893552	1889832	352	1383	564.297402209615	0.148167824306382	0.330291488955449	1.14027515720641	1.06746994984612	0.0551569979737627	-0.0135578984435355	-0.00606479173951961	4.44908674474771	TRUE
set15H19	Nalidixic 0.00390625 mg/ml	4/9/2014 psRCH2_ML7_set15	553	2896562	15510	961991	897414	82	1383	267.964765601672	0.120891717882798	0.415973263581229	1.17926654947038	1.06746994984612	0.0319901915430413	0.0214009346046488	0.0012153517054966	12.9945033401124	TRUE
set15H20	5-Hydroxymethylfurfural 5 mM	4/9/2014 psRCH2_ML7_set15	554	2840682	26791	1848937	1845259	349	1383	550.98805613616	0.071630013281679	0.33508727704852	1.13750352374994	1.06746994984612	0.0537380715353208	0.0395850362591297	-0.00141396779599007	2.32221889263954	FALSE
set15H21	methylglyoxal 0.005 vol%	4/9/2014 psRCH2_ML7_set15	555	3042813	24069	1932872	1923150	299	1383	574.246043595103	0.173552423360109	0.634782980741964	1.46216202474158	1.06746994984612	0.144171172831281	-0.00287932574627053	-0.0196717931385178	6.16304244131781	FALSE
set15H22	2-Furfuraldehyde 0.05 vol%	4/9/2014 psRCH2_ML7_set15	556	2896274	25397	1890321	1886749	355	1383	563.37682890415	0.136427429766094	0.326619084710017	1.14012753633386	1.06746994984612	0.0937764645656221	0.0236453070273425	-0.0141071410787186	2.044045212462	TRUE
set15H23	Vanillin 2 mM	4/9/2014 psRCH2_ML7_set15	557	2398982	22705	1561418	1558472	301	1383	465.354434159451	0.104447842133492	0.329277436413475	1.19073634972808	1.06746994984612	0.141057018340321	0.0579651899758991	0.0357519864168726	2.03184161333958	TRUE
set15H24	LB	4/9/2014 psRCH2_ML7_set15	558	828450	8339	540029	539101	98	1383	160.973723499552	0.0706134931873362	0.430466720439259	1.18681949439286	1.06746994984612	0.0676797690543355	-0.0200768010553925	-0.0130846881573317	2.94272178243883	FALSE
set17IT002	Nickel (II) chloride 0.8 mM	4/17/2014 psRCH2_ML7_set17	560	1608053	15098	1044381	1042170	194	1110	311.188414452075	0.179796895062449	0.293773257426879	1.12847589144214	1.07151385865751	0.0149534355280751	0.0633887092708103	0.0263400679291023	2.50256295533781	TRUE
set17IT003	Nickel (II) chloride 0.9 mM	4/17/2014 psRCH2_ML7_set17	561	2001518	17850	1299675	1296941	242	1110	387.262167811287	0.194099590584605	0.28429762422573	1.09807925704336	1.07151385865751	0.08930858806132	-0.045868596463761	0.0262347858594986	2.22690595664929	TRUE
set17IT004	Nickel (II) chloride 1 mM	4/17/2014 psRCH2_ML7_set17	562	1664200	14901	1082609	1080482	196	1110	322.628247237981	0.122348640068521	0.291763645912044	1.13735956854756	1.07151385865751	0.0912869542621916	0.0543841905944806	0.0294081072982891	3.67308134617114	TRUE
set17IT005	Cobalt chloride 0.05 mM	4/17/2014 psRCH2_ML7_set17	563	1513530	13904	973581	971491	180	1110	290.083905643476	0.154843232405586	0.294350910997883	1.09728269427312	1.07151385865751	0.120913838792448	0.00116020585658986	0.023071264772082	3.57470728080349	TRUE
set17IT006	Cobalt chloride 0.06 mM	4/17/2014 psRCH2_ML7_set17	564	1815363	16943	1151681	1149239	213	1110	343.158853389071	0.0876953079099751	0.304522767013492	1.10502518940646	1.07151385865751	0.0940782144206609	0.00716983826951379	0.00550283704909158	3.67508965516213	FALSE
set17IT007	Cobalt chloride 0.07 mM	4/17/2014 psRCH2_ML7_set17	565	1522156	13030	960772	958777	182	1110	286.287548521947	0.106567037872965	0.299482844629863	1.13120468542821	1.07151385865751	0.0918115414533378	-0.0107891842410662	-0.000178355665934812	4.25420054012532	TRUE
set17IT008	Cobalt chloride 0.08 mM	4/17/2014 psRCH2_ML7_set17	566	1657708	18446	1043587	1041354	190	1110	310.94475962974	0.129771315446136	0.291334435541031	1.137751878898	1.07151385865751	0.0683329311899631	0.0550515600435289	0.0108107377190896	3.75225733318021	TRUE
set17IT009	sodium fluoride 8.5 mM	4/17/2014 psRCH2_ML7_set17	567	2092954	17532	1357261	1354323	253	1110	404.39623768289	0.0931628336643709	0.300678469235875	1.17054604971179	1.07151385865751	0.041445766372526	0.023554101420536	-0.0258243944468198	2.20526887414522	FALSE
set17IT010	Thallium(I) acetate 0.08 mg/ml	4/17/2014 psRCH2_ML7_set17	568	2263448	21221	1471363	1468248	278	1110	438.413854882054	0.138121610222577	0.290281481792831	1.12319665280531	1.07151385865751	0.0401571232064867	0.0497912034916004	0.0283570475442821	1.7320921458056	TRUE
set17IT011	Thallium(I) acetate 0.09 mg/ml	4/17/2014 psRCH2_ML7_set17	569	2114589	18694	1370274	1367362	257	1110	408.289638698119	0.147274513773044	0.289136805897573	1.14321950508437	1.07151385865751	0.0514128592468801	0.0164021309029733	0.00505444774977609	2.07163553761484	TRUE
set17IT012	Thallium(I) acetate 0.1 mg/ml	4/17/2014 psRCH2_ML7_set17	570	2275510	20174	1475459	1472275	280	1110	439.616303374142	0.162584451889083	0.281217979727919	1.12555440347046	1.07151385865751	0.0822554151837382	0.0967028701769306	0.00771514436528595	1.91280459366061	TRUE
set17IT013	Zinc 0.12 mM	4/17/2014 psRCH2_ML7_set17	571	2280240	21676	1482866	1479807	278	1110	441.865332935205	0.100286338036811	0.27772536604194	1.11164063648503	1.07151385865751	0.0633611163269317	-0.00920996112169665	0.0370237554171666	1.74008195900792	TRUE
set17IT014	LB	4/17/2014 psRCH2_ML7_set17	572	2110712	19691	1370246	1367341	258	1110	408.283368169603	0.0926345200627697	0.289658440824406	1.09039255027144	1.07151385865751	0.0281764023579388	0.00684184043402945	0.0301145747252985	1.4630974051644	FALSE
set17IT015	Aluminum chloride 0.3 mM	4/17/2014 psRCH2_ML7_set17	573	2195588	21113	1421775	1418898	262	1110	423.678112869513	0.137379568828749	0.296207303808999	1.0898969295016	1.07151385865751	0.129778149708419	0.0169794503946088	-0.0128776091060409	1.98743026575008	TRUE
set17IT016	Carbenicillin 0.0065 mg/ml	4/17/2014 psRCH2_ML7_set17	574	2156405	17462	1404912	1402046	261	1110	418.646163033741	0.18028187114975	0.300192051885662	1.11899463819373	1.07151385865751	0.0605965921045692	0.0402796330342843	-0.0174957106248132	2.22801350555913	TRUE
set17IT017	Carbenicillin 0.008 mg/ml	4/17/2014 psRCH2_ML7_set17	575	2145238	16068	1402815	1400004	249	1110	418.036428784712	0.304383171811765	0.31708559492852	1.1253130510327	1.07151385865751	0.169827918505153	-0.0146964933715078	-0.0661384690900407	4.16333874467776	TRUE
set17IT018	Furfuryl Alcohol 0.2 vol%	4/17/2014 psRCH2_ML7_set17	576	2241382	19790	1455255	1452096	268	1110	433.590922663482	0.0820185865739715	0.289560130269642	1.10558299723196	1.07151385865751	0.104143823914195	0.016155250647757	-0.0140242368033738	1.59976219687175	FALSE
set17IT020	syringaldehyde 3 mM	4/17/2014 psRCH2_ML7_set17	578	2113220	18925	1379650	1376939	258	1110	411.149298297999	0.15766327837004	0.296282918219692	1.1072719467161	1.07151385865751	0.14011757369222	0.0426913589113383	-0.0369067081621619	2.08499595153355	TRUE
set17IT021	syringaldehyde 4 mM	4/17/2014 psRCH2_ML7_set17	579	2096358	18272	1366278	1363654	254	1110	407.182442520155	0.144281337051903	0.296414587926875	1.08590312152406	1.07151385865751	0.133864279889982	0.0125036259375902	-9.08467833710319e-05	1.51712052187942	TRUE
set17IT022	LB	4/17/2014 psRCH2_ML7_set17	580	2132304	19264	1384888	1382013	264	1110	412.664377426097	0.073403563415604	0.287916254462811	1.1129331426908	1.07151385865751	0.115058626573909	-0.0462118482824468	0.0194950397657938	1.70885973275299	FALSE
set17IT023	Choline chloride 90 mM	4/17/2014 psRCH2_ML7_set17	581	1923616	16321	1256675	1253840	226	1110	374.392355927142	0.286193128941625	0.306758104981344	1.10497342388767	1.07151385865751	0.191732989013365	-0.0281760155980556	0.00408170656480294	3.12774452439981	TRUE
set17IT024	Cholin acetate 40 mM	4/17/2014 psRCH2_ML7_set17	582	2185827	19749	1416544	1413663	270	1110	422.11495968946	0.111037166226757	0.282661198218112	1.1334537074905	1.07151385865751	0.0536180989539977	0.0299214930369402	-0.00783832740860262	1.98439868623013	TRUE
set17IT025	acetate 40 mM	4/17/2014 psRCH2_ML7_set17	583	2049529	18315	1333544	1330662	252	1110	397.331143624963	0.0799170841865899	0.29847715726046	1.14070026057004	1.07151385865751	0.0583032888565618	-0.0303557123726495	0.00832086095373736	2.27011951235496	FALSE
set17IT026	acetate 80 mM	4/17/2014 psRCH2_ML7_set17	584	2040567	17474	1326393	1323552	249	1110	395.208121827411	0.13468926478103	0.284889018256983	1.12553088208386	1.07151385865751	0.109745714045393	-0.00805580855464602	0.00832457774853532	1.78299510674198	TRUE
set17IT027	1-ethyl-3-methylimidazolium acetate 20 mM	4/17/2014 psRCH2_ML7_set17	585	2047714	18388	1331741	1329211	254	1110	396.897879964168	0.096584172086513	0.292042043964522	1.07925929935657	1.07151385865751	0.0687702168941334	0.0565787174008544	-0.0134016173472314	1.58160127296549	FALSE
set17IT028	1-ethyl-3-methylimidazolium acetate 40 mM	4/17/2014 psRCH2_ML7_set17	586	1937378	16942	1259458	1256814	240	1110	375.280382203643	0.147275328762188	0.314660616013926	1.1328533073275	1.07151385865751	0.170412934053709	0.0430544582907221	0.0755274248147638	2.35509225765289	TRUE
set17IT029	Choline Lysine 20 mM	4/17/2014 psRCH2_ML7_set17	587	2112068	15124	1376643	1373722	256	1110	410.188713048671	0.264795924929857	0.321729387789783	1.12975778148175	1.07151385865751	0.206265743621373	-0.0193974242113949	0.0316330302341796	2.63382802648742	TRUE
set17IT030	L-Lysine 200 mM	4/17/2014 psRCH2_ML7_set17	588	1940049	19855	1255708	1253234	217	1110	374.211406389967	0.244436334300148	0.317847710181499	1.13750352374993	1.07151385865751	0.186141005208203	-0.0310978896256533	-0.00110202950488632	5.73010944677916	TRUE
set17IT031	LB	4/17/2014 psRCH2_ML7_set17	589	2061249	19884	1336486	1333551	248	1110	398.193789190803	0.104019756643309	0.290583554255087	1.09245094015549	1.07151385865751	0.0267200575944098	0.00632377073721315	0.0203126502311587	1.62976710349245	TRUE
set17IT032	Nickel (II) chloride 0.75 mM	4/17/2014 psRCH2_ML7_set17	590	2018277	18830	1311325	1308685	250	1110	390.768886234697	0.112757116826594	0.288997598768635	1.12529571777419	1.07151385865751	0.0578345319112887	0.0300288755132009	0.0523004673410349	1.86306599411944	TRUE
set17IT033	Nickel (II) chloride 0.8 mM	4/17/2014 psRCH2_ML7_set17	591	1897087	17256	1232699	1229976	230	1110	367.266646760227	0.116486480706571	0.287526472501557	1.13750352374994	1.07151385865751	0.0820204221929412	0.00425138773601831	0.0290175194775425	2.56768953194371	TRUE
set17IT034	Nickel (II) chloride 0.9 mM	4/17/2014 psRCH2_ML7_set17	592	2103667	19197	1366851	1364159	255	1110	407.333233801135	0.155956754871874	0.277837822958709	1.13833313571078	1.07151385865751	0.0712701681775572	0.0101738128034014	0.0083697242328832	3.09533159820658	TRUE
set17IT035	Nickel (II) chloride 1 mM	4/17/2014 psRCH2_ML7_set17	593	2091377	18315	1365893	1363288	246	1110	407.07315616602	0.163872962167473	0.281324581728762	1.16989730637245	1.07151385865751	0.120115621775269	0.00759015244847457	0.0144387116743164	4.39240570177144	TRUE
set17IT036	Cobalt chloride 0.05 mM	4/17/2014 psRCH2_ML7_set17	594	1990681	18811	1278883	1276059	242	1110	381.02687369364	0.133567405784572	0.285443395288269	1.11404235762469	1.07151385865751	0.0917348347498532	0.000360238864255468	0.023704258493363	4.58455634124296	TRUE
set17IT037	Cobalt chloride 0.06 mM	4/17/2014 psRCH2_ML7_set17	595	2353244	21727	1512711	1509626	282	1110	450.769184831293	0.109782775064474	0.28273405754744	1.12065481733954	1.07151385865751	0.0673116783006941	0.0411663497663695	0.0164555593030665	4.16890483606467	TRUE
set17IT038	Cobalt chloride 0.07 mM	4/17/2014 psRCH2_ML7_set17	596	2148495	19583	1351946	1349057	255	1110	402.823828008361	0.129986016870431	0.282172130981662	1.12841906993494	1.07151385865751	0.113386922068994	0.00884576332990343	0.0392640307530052	4.14195422504123	TRUE
set17IT039	Cobalt chloride 0.08 mM	4/17/2014 psRCH2_ML7_set17	597	1994034	18624	1253714	1251105	234	1110	373.575694237086	0.123558031076438	0.285377879631008	1.11454942670864	1.07151385865751	0.0875193505478987	0.0449657013060281	0.0345536395659409	4.02882581943473	TRUE
set17IT040	sodium fluoride 8.5 mM	4/17/2014 psRCH2_ML7_set17	598	1923334	16616	1246106	1243321	235	1110	371.251418333831	0.147667932673498	0.288973000405276	1.06983577585373	1.07151385865751	0.120724979703687	-0.0156605120419546	-0.0331418611317072	2.39931067006624	TRUE
set17IT041	Thallium(I) acetate 0.08 mg/ml	4/17/2014 psRCH2_ML7_set17	599	2152550	19690	1399080	1396191	267	1110	416.897879964168	0.144601056981817	0.274158747905113	1.13656390003313	1.07151385865751	0.077176352857643	-0.00456943765950474	0.0776514521087894	1.50534228162538	TRUE
set17IT042	Thallium(I) acetate 0.09 mg/ml	4/17/2014 psRCH2_ML7_set17	600	1931663	18238	1253558	1251098	236	1110	373.573604060914	0.161043102116196	0.282998937524683	1.12595355070276	1.07151385865751	0.0843413548482875	-0.00571531663345975	0.0173054891316038	1.57757068238979	TRUE
set17IT043	Thallium(I) acetate 0.1 mg/ml	4/17/2014 psRCH2_ML7_set17	601	2023428	18436	1316361	1313630	245	1110	392.245446401911	0.176610738555138	0.279918757135997	1.08037828832359	1.07151385865751	0.08705513986586	0.0736253718055095	0.0351985032870329	2.21773301245069	TRUE
set17IT044	Zinc 0.12 mM	4/17/2014 psRCH2_ML7_set17	602	2051533	19729	1331531	1328758	250	1110	396.762615706181	0.101784061005359	0.288660434178327	1.08102860702886	1.07151385865751	0.0627628164897844	0.0170741123681735	0.0133887675733346	2.01275361168027	TRUE
set17IT045	LB	4/17/2014 psRCH2_ML7_set17	603	1893570	17053	1231805	1229413	238	1110	367.09853687668	0.0825870834952489	0.297886799333892	1.1145540190778	1.07151385865751	0.0837503193781451	-0.0107940615336785	0.0124718597871882	1.82014438237124	FALSE
set17IT046	Aluminum chloride 0.3 mM	4/17/2014 psRCH2_ML7_set17	604	2029656	20749	1312478	1310013	241	1110	391.165422514183	0.195731911187647	0.275446853040203	1.15116382921955	1.07151385865751	0.127845144895782	0.0227388459041974	0.0145280432872232	1.96040945342708	TRUE
set17IT047	Time0	4/17/2014 psRCH2_ML7_set17	605	1957905	19362	1272521	1269858	242	865	379.175276201851	0.019177238908546	0.155938461255248	1.07531093152334	1.07292570943563	-0.0223934082253014	0.0508179319556812	0.0302698599338837	1.05544352677037	FALSE
set17IT048	Time0	4/17/2014 psRCH2_ML7_set17	606	2124730	20493	1380811	1377820	262	843	411.412361899074	0.0345643770267314	0.150049143794667	1.06150166294748	1.07625342267063	-0.0137689857840114	0.00733546122014878	-0.00691931200141274	1.19160134419412	FALSE
set17IT049	Time0	4/17/2014 psRCH2_ML7_set17	607	2580298	25285	1673778	1670101	318	788	498.686473574201	0.00974746612643048	0.144588541629784	1.09066372804555	1.06959924290502	-0.00206632613490825	0.053454044657042	0.000410630223782784	1.12334637469709	FALSE
set17IT050	Time0	4/17/2014 psRCH2_ML7_set17	608	2285040	22354	1485236	1482060	280	821	442.53807106599	-0.0581452822354841	0.149299062556009	1.08258036543934	1.07516616653071	-0.060995958931444	0.0103828828161915	-0.0131867633032485	1.30686385669331	FALSE
set17IT051	Carbenicillin 0.0065 mg/ml	4/17/2014 psRCH2_ML7_set17	609	2310525	19298	1505584	1502570	279	1110	448.662287249925	0.154451463702615	0.310609216242079	1.15294420344797	1.07151385865751	0.130159794161674	0.0469053290907202	-0.0318361785743385	3.16317261632731	TRUE
set17IT052	Carbenicillin 0.008 mg/ml	4/17/2014 psRCH2_ML7_set17	610	2380981	20800	1553796	1550648	280	1110	463.018214392356	0.266832742997606	0.294117407890695	1.10990370446246	1.07151385865751	0.146465856033263	0.0332392487193482	-0.0612868800353764	4.17050896774632	TRUE
set17IT053	Furfuryl Alcohol 0.2 vol%	4/17/2014 psRCH2_ML7_set17	611	2292540	20149	1492554	1489770	279	1110	444.840250821141	0.152323794564567	0.269387632394968	1.10271139246452	1.07151385865751	0.061318708449504	0.0359692273142532	0.018850281930164	1.84553706802234	TRUE
set17IT054	Furfuryl Alcohol 0.3 vol%	4/17/2014 psRCH2_ML7_set17	612	2589532	22552	1687215	1683977	316	1110	502.829799940281	0.114281316055045	0.280158722101721	1.12778779009501	1.07151385865751	0.0851880553048696	-0.0211813342557549	0.0178714160325468	1.54032412086827	TRUE
set17IT055	syringaldehyde 3 mM	4/17/2014 psRCH2_ML7_set17	613	2326721	21156	1517501	1514519	286	1110	452.230217975515	0.134373238742749	0.281926806040594	1.12512624496081	1.07151385865751	0.155495516602516	0.00280384239333915	0.00255430239667807	2.1718348437027	TRUE
set17IT056	syringaldehyde 4 mM	4/17/2014 psRCH2_ML7_set17	614	2641378	23700	1720325	1717056	318	1110	512.707076739325	0.171482997950007	0.276672192487478	1.11725325531331	1.07151385865751	0.0700217546284548	0.00129957467337197	-0.0295673616427959	1.85129746701758	TRUE
set17IT057	LB	4/17/2014 psRCH2_ML7_set17	615	2124414	20044	1382339	1379579	260	1110	411.937593311436	0.107457593929637	0.279845342590702	1.13470904136174	1.07151385865751	-0.0105126435556332	0.0194953972181696	0.00280146997255148	1.99876633288567	TRUE
set17IT058	Choline chloride 90 mM	4/17/2014 psRCH2_ML7_set17	616	2328987	18496	1521803	1518612	273	1110	453.452373842938	0.304617870021208	0.332613923172216	1.10181655640997	1.07151385865751	0.204075515382905	0.0257990420421094	0.00859583174491862	3.46420668342234	TRUE
set17IT059	Cholin acetate 40 mM	4/17/2014 psRCH2_ML7_set17	617	2441542	21395	1587051	1584147	302	1110	473.02090176172	0.076942350483126	0.292685105053601	1.15900282004367	1.07151385865751	0.0718538098147293	-0.0106199793056734	0.00103976065339551	1.93937601173433	FALSE
set17IT060	acetate 40 mM	4/17/2014 psRCH2_ML7_set17	618	2412859	22286	1568790	1565904	300	1110	467.573604060914	0.0624965466001538	0.283572988521647	1.1294870467923	1.07151385865751	0.0959233299696606	0.0323252112699663	0.00954984275501931	1.7704706890214	FALSE
set17IT061	acetate 80 mM	4/17/2014 psRCH2_ML7_set17	619	2592468	24328	1684066	1680911	313	1110	501.914302776948	0.138390275126492	0.278124961770634	1.12498912650417	1.07151385865751	0.118348956554132	0.0151102920637473	-0.00899329054639341	1.41433184375251	TRUE
set17IT062	1-ethyl-3-methylimidazolium acetate 20 mM	4/17/2014 psRCH2_ML7_set17	620	2764111	25082	1801824	1798299	341	1110	536.965959988056	0.127351992177971	0.280929282671442	1.08451626036022	1.07151385865751	0.0914033668692733	-0.053462945498832	0.00509068205977453	2.20223927502526	TRUE
set17IT063	1-ethyl-3-methylimidazolium acetate 40 mM	4/17/2014 psRCH2_ML7_set17	621	2409400	21008	1567410	1564461	294	1110	467.142729172887	0.125579592982912	0.313368846689479	1.12037732261773	1.07151385865751	0.133131197619002	-0.00236030660071405	0.0228339683371739	2.25907979206588	TRUE
set17IT064	Choline Lysine 20 mM	4/17/2014 psRCH2_ML7_set17	622	2324312	17610	1518525	1515605	285	1110	452.55449387877	0.302785786869296	0.298539959035171	1.13828378074374	1.07151385865751	0.185453216290173	0.0137897738565658	0.0552582470867528	2.7295370284037	TRUE
set17IT065	L-Lysine 200 mM	4/17/2014 psRCH2_ML7_set17	623	2189914	23772	1404835	1401905	239	1110	418.604060913706	0.286224566681238	0.299020982353586	1.09658457814607	1.07151385865751	0.190052546480638	0.0488545577617156	-0.0742905521251295	5.56718116127949	TRUE
set17IT066	LB	4/17/2014 psRCH2_ML7_set17	624	2508107	22497	1631334	1628212	306	1110	486.178560764407	0.123956982260066	0.277487173215723	1.10797654176962	1.07151385865751	0.115574057653486	-0.000237997167074166	-0.0762730589460593	1.53482676387646	TRUE
