genome	Protein identifier	Contig id	Start	Stop	Strand	Gene symbol	Sequence name	Scope	Element type	Element subtype	Class	Subclass	Method	Target length	Reference sequence length	% Coverage of reference sequence	% Identity to reference sequence	Alignment length	Accession of closest sequence	Name of closest sequence	HMM id	HMM description
GCA_009757415.1	NA	WSDU01000002.1	449741	450202	-	golS	Au(I) sensor transcriptional regulator GolS	plus	STRESS	METAL	GOLD	GOLD	EXACTX	154	154	100.00	100.00	154	AAL19308.1	Au(I) sensor transcriptional regulator GolS	NA	NA
GCA_009757415.1	NA	WSDU01000002.1	450217	452502	-	golT	gold/copper-translocating P-type ATPase GolT	plus	STRESS	METAL	COPPER/GOLD	COPPER/GOLD	BLASTX	762	762	100.00	98.95	762	AAL19307.1	gold/copper-translocating P-type ATPase GolT	NA	NA
GCA_009757415.1	NA	WSDU01000002.1	452779	454002	+	mdsA	multidrug efflux RND transporter periplasmic adaptor subunit MdsA	plus	AMR	AMR	EFFLUX	EFFLUX	BLASTX	408	408	100.00	98.28	408	AAL19306.1	multidrug efflux RND transporter periplasmic adaptor subunit MdsA	NA	NA
GCA_009757415.1	NA	WSDU01000002.1	454002	457166	+	mdsB	multidrug efflux RND transporter permease subunit MdsB	plus	AMR	AMR	EFFLUX	EFFLUX	BLASTX	1055	1055	100.00	99.62	1055	AAL19305.1	multidrug efflux RND transporter permease subunit MdsB	NA	NA
GCA_009757415.1	NA	WSDU01000005.1	97377	99566	+	sinH	intimin-like inverse autotransporter SinH	plus	VIRULENCE	VIRULENCE	NA	NA	BLASTX	730	730	100.00	99.86	730	AAL21411.1	intimin-like inverse autotransporter SinH	NA	NA
GCA_009757415.1	NA	WSDU01000006.1	11179	12291	+	iroB	salmochelin biosynthesis C-glycosyltransferase IroB	plus	VIRULENCE	VIRULENCE	NA	NA	BLASTX	371	371	100.00	86.52	371	EOW04219.1	salmochelin biosynthesis C-glycosyltransferase IroB	NA	NA
GCA_009757415.1	NA	WSDU01000006.1	12375	16001	+	iroC	salmochelin/enterobactin export ABC transporter IroC	plus	VIRULENCE	VIRULENCE	NA	NA	BLASTX	1209	1219	98.85	80.02	1211	AUH19662.1	salmochelin/enterobactin export ABC transporter IroC	NA	NA
GCA_009757415.1	NA	WSDU01000006.1	104292	104996	-	avrA	type III secretion system YopJ family effector AvrA	plus	VIRULENCE	VIRULENCE	NA	NA	PARTIALX	235	302	77.81	99.15	235	AAL21745.1	type III secretion system YopJ family effector AvrA	NA	NA
GCA_009757415.1	NA	WSDU01000006.1	132793	134847	-	invA	type III secretion system export apparatus protein InvA	plus	VIRULENCE	VIRULENCE	NA	NA	EXACTX	685	685	100.00	100.00	685	WXW86397.1	type III secretion system export apparatus protein InvA	NA	NA
GCA_009757415.1	NA	WSDU01000007.1	111841	112536	-	lpfB	long polar fimbrial chaperone LpfB	plus	VIRULENCE	VIRULENCE	NA	NA	EXACTX	232	232	100.00	100.00	232	WXV87835.1	long polar fimbrial chaperone LpfB	NA	NA
GCA_009757415.1	NA	WSDU01000010.1	143243	144286	+	sseK2	type III secretion system effector arginine glycosyltransferase SseK2	plus	VIRULENCE	VIRULENCE	NA	NA	BLASTX	348	348	100.00	98.28	348	AAL21040.1	type III secretion system effector arginine glycosyltransferase SseK2	NA	NA
GCA_009757415.1	NA	WSDU01000010.1	243202	245565	-	sspH2	SPI-2 type III secretion system effector E3 ubiquitin transferase SspH2	plus	VIRULENCE	VIRULENCE	NA	NA	BLASTX	788	788	100.00	99.24	788	QJV46475.1	SPI-2 type III secretion system effector E3 ubiquitin transferase SspH2	NA	NA
GCA_009757415.1	NA	WSDU01000018.1	165124	165807	-	gtgA	type III secretion system effector protease GtgA	plus	VIRULENCE	VIRULENCE	NA	NA	INTERNAL_STOP	228	228	100.00	99.56	228	CBW17061.1	type III secretion system effector protease GtgA	NA	NA
GCA_009757425.1	NA	WSEB01000001.1	183901	184431	-	sodC1	superoxide dismutase [Cu-Zn] SodC1	plus	VIRULENCE	VIRULENCE	NA	NA	EXACTX	177	177	100.00	100.00	177	AAL19978.1	superoxide dismutase [Cu-Zn] SodC1	NA	NA
GCA_009757425.1	NA	WSEB01000002.1	97302	99491	+	sinH	intimin-like inverse autotransporter SinH	plus	VIRULENCE	VIRULENCE	NA	NA	BLASTX	730	730	100.00	99.73	730	AAL21411.1	intimin-like inverse autotransporter SinH	NA	NA
GCA_009757425.1	NA	WSEB01000008.1	68414	71578	-	mdsB	multidrug efflux RND transporter permease subunit MdsB	plus	AMR	AMR	EFFLUX	EFFLUX	BLASTX	1055	1055	100.00	99.62	1055	AAL19305.1	multidrug efflux RND transporter permease subunit MdsB	NA	NA
GCA_009757425.1	NA	WSEB01000008.1	71578	72801	-	mdsA	multidrug efflux RND transporter periplasmic adaptor subunit MdsA	plus	AMR	AMR	EFFLUX	EFFLUX	BLASTX	408	408	100.00	98.28	408	AAL19306.1	multidrug efflux RND transporter periplasmic adaptor subunit MdsA	NA	NA
GCA_009757425.1	NA	WSEB01000008.1	73078	75363	+	golT	gold/copper-translocating P-type ATPase GolT	plus	STRESS	METAL	COPPER/GOLD	COPPER/GOLD	BLASTX	762	762	100.00	99.61	762	AAL19307.1	gold/copper-translocating P-type ATPase GolT	NA	NA
GCA_009757425.1	NA	WSEB01000008.1	75378	75839	+	golS	Au(I) sensor transcriptional regulator GolS	plus	STRESS	METAL	GOLD	GOLD	EXACTX	154	154	100.00	100.00	154	AAL19308.1	Au(I) sensor transcriptional regulator GolS	NA	NA
GCA_009757425.1	NA	WSEB01000010.1	4334	6697	+	sspH2	SPI-2 type III secretion system effector E3 ubiquitin transferase SspH2	plus	VIRULENCE	VIRULENCE	NA	NA	BLASTX	788	788	100.00	99.24	788	QJV46475.1	SPI-2 type III secretion system effector E3 ubiquitin transferase SspH2	NA	NA
GCA_009757425.1	NA	WSEB01000010.1	105613	106656	-	sseK2	type III secretion system effector arginine glycosyltransferase SseK2	plus	VIRULENCE	VIRULENCE	NA	NA	BLASTX	348	348	100.00	98.28	348	AAL21040.1	type III secretion system effector arginine glycosyltransferase SseK2	NA	NA
GCA_009757425.1	NA	WSEB01000017.1	220158	220853	-	lpfB	long polar fimbrial chaperone LpfB	plus	VIRULENCE	VIRULENCE	NA	NA	EXACTX	232	232	100.00	100.00	232	WXV87835.1	long polar fimbrial chaperone LpfB	NA	NA
GCA_009757425.1	NA	WSEB01000021.1	37992	40046	+	invA	type III secretion system export apparatus protein InvA	plus	VIRULENCE	VIRULENCE	NA	NA	EXACTX	685	685	100.00	100.00	685	WXW86397.1	type III secretion system export apparatus protein InvA	NA	NA
GCA_009757425.1	NA	WSEB01000021.1	67642	68547	+	avrA	type III secretion system YopJ family effector AvrA	plus	VIRULENCE	VIRULENCE	NA	NA	BLASTX	302	302	100.00	99.34	302	AAL21745.1	type III secretion system YopJ family effector AvrA	NA	NA
GCA_009757425.1	NA	WSEB01000021.1	157115	160741	-	iroC	salmochelin/enterobactin export ABC transporter IroC	plus	VIRULENCE	VIRULENCE	NA	NA	BLASTX	1209	1219	98.85	80.02	1211	AUH19662.1	salmochelin/enterobactin export ABC transporter IroC	NA	NA
GCA_009757425.1	NA	WSEB01000021.1	160825	161937	-	iroB	salmochelin biosynthesis C-glycosyltransferase IroB	plus	VIRULENCE	VIRULENCE	NA	NA	BLASTX	371	371	100.00	86.52	371	EOW04219.1	salmochelin biosynthesis C-glycosyltransferase IroB	NA	NA
GCA_009757435.1	NA	WSDR01000001.1	77572	78615	-	sseK2	type III secretion system effector arginine glycosyltransferase SseK2	plus	VIRULENCE	VIRULENCE	NA	NA	BLASTX	348	348	100.00	98.28	348	AAL21040.1	type III secretion system effector arginine glycosyltransferase SseK2	NA	NA
GCA_009757435.1	NA	WSDR01000002.1	851	1546	+	lpfB	long polar fimbrial chaperone LpfB	plus	VIRULENCE	VIRULENCE	NA	NA	EXACTX	232	232	100.00	100.00	232	WXV87835.1	long polar fimbrial chaperone LpfB	NA	NA
GCA_009757435.1	NA	WSDR01000003.1	23554	24015	-	golS	Au(I) sensor transcriptional regulator GolS	plus	STRESS	METAL	GOLD	GOLD	EXACTX	154	154	100.00	100.00	154	AAL19308.1	Au(I) sensor transcriptional regulator GolS	NA	NA
GCA_009757435.1	NA	WSDR01000003.1	24030	26315	-	golT	gold/copper-translocating P-type ATPase GolT	plus	STRESS	METAL	COPPER/GOLD	COPPER/GOLD	BLASTX	762	762	100.00	99.61	762	AAL19307.1	gold/copper-translocating P-type ATPase GolT	NA	NA
GCA_009757435.1	NA	WSDR01000003.1	26592	27815	+	mdsA	multidrug efflux RND transporter periplasmic adaptor subunit MdsA	plus	AMR	AMR	EFFLUX	EFFLUX	BLASTX	408	408	100.00	98.04	408	AAL19306.1	multidrug efflux RND transporter periplasmic adaptor subunit MdsA	NA	NA
GCA_009757435.1	NA	WSDR01000003.1	27815	30979	+	mdsB	multidrug efflux RND transporter permease subunit MdsB	plus	AMR	AMR	EFFLUX	EFFLUX	BLASTX	1055	1055	100.00	99.62	1055	AAL19305.1	multidrug efflux RND transporter permease subunit MdsB	NA	NA
GCA_009757435.1	NA	WSDR01000010.1	1616	2728	+	iroB	salmochelin biosynthesis C-glycosyltransferase IroB	plus	VIRULENCE	VIRULENCE	NA	NA	BLASTX	371	371	100.00	86.52	371	EOW04219.1	salmochelin biosynthesis C-glycosyltransferase IroB	NA	NA
GCA_009757435.1	NA	WSDR01000010.1	2812	6438	+	iroC	salmochelin/enterobactin export ABC transporter IroC	plus	VIRULENCE	VIRULENCE	NA	NA	BLASTX	1209	1219	98.85	80.02	1211	AUH19662.1	salmochelin/enterobactin export ABC transporter IroC	NA	NA
GCA_009757435.1	NA	WSDR01000010.1	94459	95364	-	avrA	type III secretion system YopJ family effector AvrA	plus	VIRULENCE	VIRULENCE	NA	NA	BLASTX	302	302	100.00	99.34	302	AAL21745.1	type III secretion system YopJ family effector AvrA	NA	NA
GCA_009757435.1	NA	WSDR01000010.1	122960	125014	-	invA	type III secretion system export apparatus protein InvA	plus	VIRULENCE	VIRULENCE	NA	NA	EXACTX	685	685	100.00	100.00	685	WXW86397.1	type III secretion system export apparatus protein InvA	NA	NA
GCA_009757435.1	NA	WSDR01000029.1	21589	23952	-	sspH2	SPI-2 type III secretion system effector E3 ubiquitin transferase SspH2	plus	VIRULENCE	VIRULENCE	NA	NA	BLASTX	788	788	100.00	99.37	788	QJV46475.1	SPI-2 type III secretion system effector E3 ubiquitin transferase SspH2	NA	NA
GCA_009757435.1	NA	WSDR01000042.1	99884	100414	+	sodC1	superoxide dismutase [Cu-Zn] SodC1	plus	VIRULENCE	VIRULENCE	NA	NA	EXACTX	177	177	100.00	100.00	177	AAL19978.1	superoxide dismutase [Cu-Zn] SodC1	NA	NA
GCA_009757435.1	NA	WSDR01000050.1	16575	17222	-	spvD	SPI-2 type III secretion system effector cysteine hydrolase SpvD	plus	VIRULENCE	VIRULENCE	NA	NA	BLASTX	216	216	100.00	99.07	216	AAG59626.1	SPI-2 type III secretion system effector cysteine hydrolase SpvD	NA	NA
GCA_009757435.1	NA	WSDR01000053.1	17120	19309	-	sinH	intimin-like inverse autotransporter SinH	plus	VIRULENCE	VIRULENCE	NA	NA	BLASTX	730	730	100.00	99.73	730	AAL21411.1	intimin-like inverse autotransporter SinH	NA	NA
GCA_009757455.1	NA	WSDT01000001.1	4232	6595	+	sspH2	SPI-2 type III secretion system effector E3 ubiquitin transferase SspH2	plus	VIRULENCE	VIRULENCE	NA	NA	BLASTX	788	788	100.00	99.37	788	QJV46475.1	SPI-2 type III secretion system effector E3 ubiquitin transferase SspH2	NA	NA
GCA_009757455.1	NA	WSDT01000001.1	105511	106554	-	sseK2	type III secretion system effector arginine glycosyltransferase SseK2	plus	VIRULENCE	VIRULENCE	NA	NA	BLASTX	348	348	100.00	98.28	348	AAL21040.1	type III secretion system effector arginine glycosyltransferase SseK2	NA	NA
GCA_009757455.1	NA	WSDT01000002.1	268	2457	+	sinH	intimin-like inverse autotransporter SinH	plus	VIRULENCE	VIRULENCE	NA	NA	BLASTX	730	730	100.00	99.73	730	AAL21411.1	intimin-like inverse autotransporter SinH	NA	NA
GCA_009757455.1	NA	WSDT01000004.1	762584	763114	+	sodC1	superoxide dismutase [Cu-Zn] SodC1	plus	VIRULENCE	VIRULENCE	NA	NA	EXACTX	177	177	100.00	100.00	177	AAL19978.1	superoxide dismutase [Cu-Zn] SodC1	NA	NA
GCA_009757455.1	NA	WSDT01000005.1	190000	190695	-	lpfB	long polar fimbrial chaperone LpfB	plus	VIRULENCE	VIRULENCE	NA	NA	EXACTX	232	232	100.00	100.00	232	WXV87835.1	long polar fimbrial chaperone LpfB	NA	NA
GCA_009757455.1	NA	WSDT01000007.1	409051	409512	-	golS	Au(I) sensor transcriptional regulator GolS	plus	STRESS	METAL	GOLD	GOLD	EXACTX	154	154	100.00	100.00	154	AAL19308.1	Au(I) sensor transcriptional regulator GolS	NA	NA
GCA_009757455.1	NA	WSDT01000007.1	409527	411812	-	golT	gold/copper-translocating P-type ATPase GolT	plus	STRESS	METAL	COPPER/GOLD	COPPER/GOLD	BLASTX	762	762	100.00	99.61	762	AAL19307.1	gold/copper-translocating P-type ATPase GolT	NA	NA
GCA_009757455.1	NA	WSDT01000007.1	412089	413312	+	mdsA	multidrug efflux RND transporter periplasmic adaptor subunit MdsA	plus	AMR	AMR	EFFLUX	EFFLUX	BLASTX	408	408	100.00	98.04	408	AAL19306.1	multidrug efflux RND transporter periplasmic adaptor subunit MdsA	NA	NA
GCA_009757455.1	NA	WSDT01000007.1	413312	416476	+	mdsB	multidrug efflux RND transporter permease subunit MdsB	plus	AMR	AMR	EFFLUX	EFFLUX	BLASTX	1055	1055	100.00	99.62	1055	AAL19305.1	multidrug efflux RND transporter permease subunit MdsB	NA	NA
GCA_009757455.1	NA	WSDT01000017.1	630	1742	+	iroB	salmochelin biosynthesis C-glycosyltransferase IroB	plus	VIRULENCE	VIRULENCE	NA	NA	BLASTX	371	371	100.00	86.52	371	EOW04219.1	salmochelin biosynthesis C-glycosyltransferase IroB	NA	NA
GCA_009757455.1	NA	WSDT01000017.1	1826	5452	+	iroC	salmochelin/enterobactin export ABC transporter IroC	plus	VIRULENCE	VIRULENCE	NA	NA	BLASTX	1209	1219	98.85	80.02	1211	AUH19662.1	salmochelin/enterobactin export ABC transporter IroC	NA	NA
GCA_009757455.1	NA	WSDT01000017.1	94020	94925	-	avrA	type III secretion system YopJ family effector AvrA	plus	VIRULENCE	VIRULENCE	NA	NA	BLASTX	302	302	100.00	99.34	302	AAL21745.1	type III secretion system YopJ family effector AvrA	NA	NA
GCA_009757455.1	NA	WSDT01000017.1	122521	124575	-	invA	type III secretion system export apparatus protein InvA	plus	VIRULENCE	VIRULENCE	NA	NA	EXACTX	685	685	100.00	100.00	685	WXW86397.1	type III secretion system export apparatus protein InvA	NA	NA
GCA_009757455.1	NA	WSDT01000029.1	61911	62558	-	spvD	SPI-2 type III secretion system effector cysteine hydrolase SpvD	plus	VIRULENCE	VIRULENCE	NA	NA	BLASTX	216	216	100.00	99.07	216	AAG59626.1	SPI-2 type III secretion system effector cysteine hydrolase SpvD	NA	NA
GCA_009757495.1	NA	WSEC01000003.1	68792	71956	-	mdsB	multidrug efflux RND transporter permease subunit MdsB	plus	AMR	AMR	EFFLUX	EFFLUX	BLASTX	1055	1055	100.00	99.62	1055	AAL19305.1	multidrug efflux RND transporter permease subunit MdsB	NA	NA
GCA_009757495.1	NA	WSEC01000003.1	71956	73179	-	mdsA	multidrug efflux RND transporter periplasmic adaptor subunit MdsA	plus	AMR	AMR	EFFLUX	EFFLUX	BLASTX	408	408	100.00	98.28	408	AAL19306.1	multidrug efflux RND transporter periplasmic adaptor subunit MdsA	NA	NA
GCA_009757495.1	NA	WSEC01000003.1	73456	75741	+	golT	gold/copper-translocating P-type ATPase GolT	plus	STRESS	METAL	COPPER/GOLD	COPPER/GOLD	BLASTX	762	762	100.00	99.61	762	AAL19307.1	gold/copper-translocating P-type ATPase GolT	NA	NA
GCA_009757495.1	NA	WSEC01000003.1	75756	76217	+	golS	Au(I) sensor transcriptional regulator GolS	plus	STRESS	METAL	GOLD	GOLD	EXACTX	154	154	100.00	100.00	154	AAL19308.1	Au(I) sensor transcriptional regulator GolS	NA	NA
GCA_009757495.1	NA	WSEC01000007.1	183774	184469	+	lpfB	long polar fimbrial chaperone LpfB	plus	VIRULENCE	VIRULENCE	NA	NA	EXACTX	232	232	100.00	100.00	232	WXV87835.1	long polar fimbrial chaperone LpfB	NA	NA
GCA_009757495.1	NA	WSEC01000008.1	160932	162986	+	invA	type III secretion system export apparatus protein InvA	plus	VIRULENCE	VIRULENCE	NA	NA	EXACTX	685	685	100.00	100.00	685	WXW86397.1	type III secretion system export apparatus protein InvA	NA	NA
GCA_009757495.1	NA	WSEC01000008.1	190582	191487	+	avrA	type III secretion system YopJ family effector AvrA	plus	VIRULENCE	VIRULENCE	NA	NA	BLASTX	302	302	100.00	99.34	302	AAL21745.1	type III secretion system YopJ family effector AvrA	NA	NA
GCA_009757495.1	NA	WSEC01000008.1	279778	283404	-	iroC	salmochelin/enterobactin export ABC transporter IroC	plus	VIRULENCE	VIRULENCE	NA	NA	BLASTX	1209	1219	98.85	80.02	1211	AUH19662.1	salmochelin/enterobactin export ABC transporter IroC	NA	NA
GCA_009757495.1	NA	WSEC01000008.1	283488	284600	-	iroB	salmochelin biosynthesis C-glycosyltransferase IroB	plus	VIRULENCE	VIRULENCE	NA	NA	BLASTX	371	371	100.00	86.52	371	EOW04219.1	salmochelin biosynthesis C-glycosyltransferase IroB	NA	NA
GCA_009757495.1	NA	WSEC01000011.1	184016	184546	-	sodC1	superoxide dismutase [Cu-Zn] SodC1	plus	VIRULENCE	VIRULENCE	NA	NA	EXACTX	177	177	100.00	100.00	177	AAL19978.1	superoxide dismutase [Cu-Zn] SodC1	NA	NA
GCA_009757495.1	NA	WSEC01000016.1	1	2181	+	sspH2	SPI-2 type III secretion system effector E3 ubiquitin transferase SspH2	plus	VIRULENCE	VIRULENCE	NA	NA	BLASTX	727	788	92.26	99.31	727	QJV46475.1	SPI-2 type III secretion system effector E3 ubiquitin transferase SspH2	NA	NA
GCA_009757495.1	NA	WSEC01000016.1	101097	102140	-	sseK2	type III secretion system effector arginine glycosyltransferase SseK2	plus	VIRULENCE	VIRULENCE	NA	NA	BLASTX	348	348	100.00	98.28	348	AAL21040.1	type III secretion system effector arginine glycosyltransferase SseK2	NA	NA
GCA_009757495.1	NA	WSEC01000021.1	107314	109503	-	sinH	intimin-like inverse autotransporter SinH	plus	VIRULENCE	VIRULENCE	NA	NA	BLASTX	730	730	100.00	99.73	730	AAL21411.1	intimin-like inverse autotransporter SinH	NA	NA
GCA_009757515.1	NA	WSDP01000001.1	189749	190444	-	lpfB	long polar fimbrial chaperone LpfB	plus	VIRULENCE	VIRULENCE	NA	NA	EXACTX	232	232	100.00	100.00	232	WXV87835.1	long polar fimbrial chaperone LpfB	NA	NA
GCA_009757515.1	NA	WSDP01000002.1	409050	409511	-	golS	Au(I) sensor transcriptional regulator GolS	plus	STRESS	METAL	GOLD	GOLD	EXACTX	154	154	100.00	100.00	154	AAL19308.1	Au(I) sensor transcriptional regulator GolS	NA	NA
GCA_009757515.1	NA	WSDP01000002.1	409526	411811	-	golT	gold/copper-translocating P-type ATPase GolT	plus	STRESS	METAL	COPPER/GOLD	COPPER/GOLD	BLASTX	762	762	100.00	99.61	762	AAL19307.1	gold/copper-translocating P-type ATPase GolT	NA	NA
GCA_009757515.1	NA	WSDP01000002.1	412088	413311	+	mdsA	multidrug efflux RND transporter periplasmic adaptor subunit MdsA	plus	AMR	AMR	EFFLUX	EFFLUX	BLASTX	408	408	100.00	98.04	408	AAL19306.1	multidrug efflux RND transporter periplasmic adaptor subunit MdsA	NA	NA
GCA_009757515.1	NA	WSDP01000002.1	413311	416475	+	mdsB	multidrug efflux RND transporter permease subunit MdsB	plus	AMR	AMR	EFFLUX	EFFLUX	BLASTX	1055	1055	100.00	99.62	1055	AAL19305.1	multidrug efflux RND transporter permease subunit MdsB	NA	NA
GCA_009757515.1	NA	WSDP01000004.1	23971	26160	+	sinH	intimin-like inverse autotransporter SinH	plus	VIRULENCE	VIRULENCE	NA	NA	BLASTX	730	730	100.00	99.73	730	AAL21411.1	intimin-like inverse autotransporter SinH	NA	NA
GCA_009757515.1	NA	WSDP01000008.1	4231	6594	+	sspH2	SPI-2 type III secretion system effector E3 ubiquitin transferase SspH2	plus	VIRULENCE	VIRULENCE	NA	NA	BLASTX	788	788	100.00	99.37	788	QJV46475.1	SPI-2 type III secretion system effector E3 ubiquitin transferase SspH2	NA	NA
GCA_009757515.1	NA	WSDP01000008.1	105510	106553	-	sseK2	type III secretion system effector arginine glycosyltransferase SseK2	plus	VIRULENCE	VIRULENCE	NA	NA	BLASTX	348	348	100.00	98.28	348	AAL21040.1	type III secretion system effector arginine glycosyltransferase SseK2	NA	NA
GCA_009757515.1	NA	WSDP01000015.1	93627	94157	+	sodC1	superoxide dismutase [Cu-Zn] SodC1	plus	VIRULENCE	VIRULENCE	NA	NA	EXACTX	177	177	100.00	100.00	177	AAL19978.1	superoxide dismutase [Cu-Zn] SodC1	NA	NA
GCA_009757515.1	NA	WSDP01000016.1	38824	40878	+	invA	type III secretion system export apparatus protein InvA	plus	VIRULENCE	VIRULENCE	NA	NA	EXACTX	685	685	100.00	100.00	685	WXW86397.1	type III secretion system export apparatus protein InvA	NA	NA
GCA_009757515.1	NA	WSDP01000016.1	68474	69379	+	avrA	type III secretion system YopJ family effector AvrA	plus	VIRULENCE	VIRULENCE	NA	NA	BLASTX	302	302	100.00	99.34	302	AAL21745.1	type III secretion system YopJ family effector AvrA	NA	NA
GCA_009757515.1	NA	WSDP01000018.1	25022	25669	+	spvD	SPI-2 type III secretion system effector cysteine hydrolase SpvD	plus	VIRULENCE	VIRULENCE	NA	NA	BLASTX	216	216	100.00	99.07	216	AAG59626.1	SPI-2 type III secretion system effector cysteine hydrolase SpvD	NA	NA
GCA_009757515.1	NA	WSDP01000028.1	630	1742	+	iroB	salmochelin biosynthesis C-glycosyltransferase IroB	plus	VIRULENCE	VIRULENCE	NA	NA	BLASTX	371	371	100.00	86.52	371	EOW04219.1	salmochelin biosynthesis C-glycosyltransferase IroB	NA	NA
GCA_009757515.1	NA	WSDP01000028.1	1826	5452	+	iroC	salmochelin/enterobactin export ABC transporter IroC	plus	VIRULENCE	VIRULENCE	NA	NA	BLASTX	1209	1219	98.85	80.02	1211	AUH19662.1	salmochelin/enterobactin export ABC transporter IroC	NA	NA
GCA_009757535.1	NA	WSDO01000001.1	30478	31008	-	sodC1	superoxide dismutase [Cu-Zn] SodC1	plus	VIRULENCE	VIRULENCE	NA	NA	EXACTX	177	177	100.00	100.00	177	AAL19978.1	superoxide dismutase [Cu-Zn] SodC1	NA	NA
GCA_009757535.1	NA	WSDO01000004.1	4288	6651	+	sspH2	SPI-2 type III secretion system effector E3 ubiquitin transferase SspH2	plus	VIRULENCE	VIRULENCE	NA	NA	BLASTX	788	788	100.00	99.37	788	QJV46475.1	SPI-2 type III secretion system effector E3 ubiquitin transferase SspH2	NA	NA
GCA_009757535.1	NA	WSDO01000004.1	105567	106610	-	sseK2	type III secretion system effector arginine glycosyltransferase SseK2	plus	VIRULENCE	VIRULENCE	NA	NA	BLASTX	348	348	100.00	98.28	348	AAL21040.1	type III secretion system effector arginine glycosyltransferase SseK2	NA	NA
GCA_009757535.1	NA	WSDO01000006.1	119464	121653	+	sinH	intimin-like inverse autotransporter SinH	plus	VIRULENCE	VIRULENCE	NA	NA	BLASTX	730	730	100.00	99.73	730	AAL21411.1	intimin-like inverse autotransporter SinH	NA	NA
GCA_009757535.1	NA	WSDO01000010.1	189705	190400	-	lpfB	long polar fimbrial chaperone LpfB	plus	VIRULENCE	VIRULENCE	NA	NA	EXACTX	232	232	100.00	100.00	232	WXV87835.1	long polar fimbrial chaperone LpfB	NA	NA
GCA_009757535.1	NA	WSDO01000011.1	630	1742	+	iroB	salmochelin biosynthesis C-glycosyltransferase IroB	plus	VIRULENCE	VIRULENCE	NA	NA	BLASTX	371	371	100.00	86.52	371	EOW04219.1	salmochelin biosynthesis C-glycosyltransferase IroB	NA	NA
GCA_009757535.1	NA	WSDO01000011.1	1826	5452	+	iroC	salmochelin/enterobactin export ABC transporter IroC	plus	VIRULENCE	VIRULENCE	NA	NA	BLASTX	1209	1219	98.85	80.02	1211	AUH19662.1	salmochelin/enterobactin export ABC transporter IroC	NA	NA
GCA_009757535.1	NA	WSDO01000011.1	94020	94925	-	avrA	type III secretion system YopJ family effector AvrA	plus	VIRULENCE	VIRULENCE	NA	NA	BLASTX	302	302	100.00	99.34	302	AAL21745.1	type III secretion system YopJ family effector AvrA	NA	NA
GCA_009757535.1	NA	WSDO01000011.1	122521	124575	-	invA	type III secretion system export apparatus protein InvA	plus	VIRULENCE	VIRULENCE	NA	NA	EXACTX	685	685	100.00	100.00	685	WXW86397.1	type III secretion system export apparatus protein InvA	NA	NA
GCA_009757535.1	NA	WSDO01000018.1	63112	63759	+	spvD	SPI-2 type III secretion system effector cysteine hydrolase SpvD	plus	VIRULENCE	VIRULENCE	NA	NA	BLASTX	216	216	100.00	99.07	216	AAG59626.1	SPI-2 type III secretion system effector cysteine hydrolase SpvD	NA	NA
GCA_009757535.1	NA	WSDO01000020.1	36123	36584	-	golS	Au(I) sensor transcriptional regulator GolS	plus	STRESS	METAL	GOLD	GOLD	EXACTX	154	154	100.00	100.00	154	AAL19308.1	Au(I) sensor transcriptional regulator GolS	NA	NA
GCA_009757535.1	NA	WSDO01000020.1	36599	38884	-	golT	gold/copper-translocating P-type ATPase GolT	plus	STRESS	METAL	COPPER/GOLD	COPPER/GOLD	BLASTX	762	762	100.00	99.61	762	AAL19307.1	gold/copper-translocating P-type ATPase GolT	NA	NA
GCA_009757535.1	NA	WSDO01000020.1	39161	40384	+	mdsA	multidrug efflux RND transporter periplasmic adaptor subunit MdsA	plus	AMR	AMR	EFFLUX	EFFLUX	BLASTX	408	408	100.00	98.04	408	AAL19306.1	multidrug efflux RND transporter periplasmic adaptor subunit MdsA	NA	NA
GCA_009757535.1	NA	WSDO01000020.1	40384	43548	+	mdsB	multidrug efflux RND transporter permease subunit MdsB	plus	AMR	AMR	EFFLUX	EFFLUX	BLASTX	1055	1055	100.00	99.62	1055	AAL19305.1	multidrug efflux RND transporter permease subunit MdsB	NA	NA
GCA_009757545.1	NA	WSDN01000002.1	441151	441681	+	sodC1	superoxide dismutase [Cu-Zn] SodC1	plus	VIRULENCE	VIRULENCE	NA	NA	EXACTX	177	177	100.00	100.00	177	AAL19978.1	superoxide dismutase [Cu-Zn] SodC1	NA	NA
GCA_009757545.1	NA	WSDN01000003.1	4231	6594	+	sspH2	SPI-2 type III secretion system effector E3 ubiquitin transferase SspH2	plus	VIRULENCE	VIRULENCE	NA	NA	BLASTX	788	788	100.00	99.37	788	QJV46475.1	SPI-2 type III secretion system effector E3 ubiquitin transferase SspH2	NA	NA
GCA_009757545.1	NA	WSDN01000003.1	105510	106553	-	sseK2	type III secretion system effector arginine glycosyltransferase SseK2	plus	VIRULENCE	VIRULENCE	NA	NA	BLASTX	348	348	100.00	98.28	348	AAL21040.1	type III secretion system effector arginine glycosyltransferase SseK2	NA	NA
GCA_009757545.1	NA	WSDN01000004.1	183626	184321	+	lpfB	long polar fimbrial chaperone LpfB	plus	VIRULENCE	VIRULENCE	NA	NA	EXACTX	232	232	100.00	100.00	232	WXV87835.1	long polar fimbrial chaperone LpfB	NA	NA
GCA_009757545.1	NA	WSDN01000005.1	379125	381179	+	invA	type III secretion system export apparatus protein InvA	plus	VIRULENCE	VIRULENCE	NA	NA	EXACTX	685	685	100.00	100.00	685	WXW86397.1	type III secretion system export apparatus protein InvA	NA	NA
GCA_009757545.1	NA	WSDN01000005.1	408775	409680	+	avrA	type III secretion system YopJ family effector AvrA	plus	VIRULENCE	VIRULENCE	NA	NA	BLASTX	302	302	100.00	99.34	302	AAL21745.1	type III secretion system YopJ family effector AvrA	NA	NA
GCA_009757545.1	NA	WSDN01000007.1	297555	299744	-	sinH	intimin-like inverse autotransporter SinH	plus	VIRULENCE	VIRULENCE	NA	NA	BLASTX	730	730	100.00	99.73	730	AAL21411.1	intimin-like inverse autotransporter SinH	NA	NA
GCA_009757545.1	NA	WSDN01000009.1	68799	71963	-	mdsB	multidrug efflux RND transporter permease subunit MdsB	plus	AMR	AMR	EFFLUX	EFFLUX	BLASTX	1055	1055	100.00	99.62	1055	AAL19305.1	multidrug efflux RND transporter permease subunit MdsB	NA	NA
GCA_009757545.1	NA	WSDN01000009.1	71963	73186	-	mdsA	multidrug efflux RND transporter periplasmic adaptor subunit MdsA	plus	AMR	AMR	EFFLUX	EFFLUX	BLASTX	408	408	100.00	98.04	408	AAL19306.1	multidrug efflux RND transporter periplasmic adaptor subunit MdsA	NA	NA
GCA_009757545.1	NA	WSDN01000009.1	73463	75748	+	golT	gold/copper-translocating P-type ATPase GolT	plus	STRESS	METAL	COPPER/GOLD	COPPER/GOLD	BLASTX	762	762	100.00	99.61	762	AAL19307.1	gold/copper-translocating P-type ATPase GolT	NA	NA
GCA_009757545.1	NA	WSDN01000009.1	75763	76224	+	golS	Au(I) sensor transcriptional regulator GolS	plus	STRESS	METAL	GOLD	GOLD	EXACTX	154	154	100.00	100.00	154	AAL19308.1	Au(I) sensor transcriptional regulator GolS	NA	NA
GCA_009757545.1	NA	WSDN01000023.1	630	1742	+	iroB	salmochelin biosynthesis C-glycosyltransferase IroB	plus	VIRULENCE	VIRULENCE	NA	NA	BLASTX	371	371	100.00	86.52	371	EOW04219.1	salmochelin biosynthesis C-glycosyltransferase IroB	NA	NA
GCA_009757545.1	NA	WSDN01000023.1	1826	5452	+	iroC	salmochelin/enterobactin export ABC transporter IroC	plus	VIRULENCE	VIRULENCE	NA	NA	BLASTX	1209	1219	98.85	80.02	1211	AUH19662.1	salmochelin/enterobactin export ABC transporter IroC	NA	NA
GCA_009757545.1	NA	WSDN01000027.1	31283	31930	+	spvD	SPI-2 type III secretion system effector cysteine hydrolase SpvD	plus	VIRULENCE	VIRULENCE	NA	NA	BLASTX	216	216	100.00	99.07	216	AAG59626.1	SPI-2 type III secretion system effector cysteine hydrolase SpvD	NA	NA
GCA_009757575.1	NA	WSDM01000001.1	30478	31008	-	sodC1	superoxide dismutase [Cu-Zn] SodC1	plus	VIRULENCE	VIRULENCE	NA	NA	EXACTX	177	177	100.00	100.00	177	AAL19978.1	superoxide dismutase [Cu-Zn] SodC1	NA	NA
GCA_009757575.1	NA	WSDM01000004.1	160840	162894	+	invA	type III secretion system export apparatus protein InvA	plus	VIRULENCE	VIRULENCE	NA	NA	EXACTX	685	685	100.00	100.00	685	WXW86397.1	type III secretion system export apparatus protein InvA	NA	NA
GCA_009757575.1	NA	WSDM01000004.1	190490	191395	+	avrA	type III secretion system YopJ family effector AvrA	plus	VIRULENCE	VIRULENCE	NA	NA	BLASTX	302	302	100.00	99.34	302	AAL21745.1	type III secretion system YopJ family effector AvrA	NA	NA
GCA_009757575.1	NA	WSDM01000004.1	279963	283589	-	iroC	salmochelin/enterobactin export ABC transporter IroC	plus	VIRULENCE	VIRULENCE	NA	NA	BLASTX	1209	1219	98.85	80.02	1211	AUH19662.1	salmochelin/enterobactin export ABC transporter IroC	NA	NA
GCA_009757575.1	NA	WSDM01000004.1	283673	284785	-	iroB	salmochelin biosynthesis C-glycosyltransferase IroB	plus	VIRULENCE	VIRULENCE	NA	NA	BLASTX	371	371	100.00	86.52	371	EOW04219.1	salmochelin biosynthesis C-glycosyltransferase IroB	NA	NA
GCA_009757575.1	NA	WSDM01000006.1	760002	761045	+	sseK2	type III secretion system effector arginine glycosyltransferase SseK2	plus	VIRULENCE	VIRULENCE	NA	NA	BLASTX	348	348	100.00	98.28	348	AAL21040.1	type III secretion system effector arginine glycosyltransferase SseK2	NA	NA
GCA_009757575.1	NA	WSDM01000006.1	859961	862324	-	sspH2	SPI-2 type III secretion system effector E3 ubiquitin transferase SspH2	plus	VIRULENCE	VIRULENCE	NA	NA	BLASTX	788	788	100.00	99.37	788	QJV46475.1	SPI-2 type III secretion system effector E3 ubiquitin transferase SspH2	NA	NA
GCA_009757575.1	NA	WSDM01000012.1	189705	190400	-	lpfB	long polar fimbrial chaperone LpfB	plus	VIRULENCE	VIRULENCE	NA	NA	EXACTX	232	232	100.00	100.00	232	WXV87835.1	long polar fimbrial chaperone LpfB	NA	NA
GCA_009757575.1	NA	WSDM01000016.1	36123	36584	-	golS	Au(I) sensor transcriptional regulator GolS	plus	STRESS	METAL	GOLD	GOLD	EXACTX	154	154	100.00	100.00	154	AAL19308.1	Au(I) sensor transcriptional regulator GolS	NA	NA
GCA_009757575.1	NA	WSDM01000016.1	36599	38884	-	golT	gold/copper-translocating P-type ATPase GolT	plus	STRESS	METAL	COPPER/GOLD	COPPER/GOLD	BLASTX	762	762	100.00	99.61	762	AAL19307.1	gold/copper-translocating P-type ATPase GolT	NA	NA
GCA_009757575.1	NA	WSDM01000016.1	39161	40384	+	mdsA	multidrug efflux RND transporter periplasmic adaptor subunit MdsA	plus	AMR	AMR	EFFLUX	EFFLUX	BLASTX	408	408	100.00	98.04	408	AAL19306.1	multidrug efflux RND transporter periplasmic adaptor subunit MdsA	NA	NA
GCA_009757575.1	NA	WSDM01000016.1	40384	43548	+	mdsB	multidrug efflux RND transporter permease subunit MdsB	plus	AMR	AMR	EFFLUX	EFFLUX	BLASTX	1055	1055	100.00	99.62	1055	AAL19305.1	multidrug efflux RND transporter permease subunit MdsB	NA	NA
GCA_009757575.1	NA	WSDM01000018.1	77604	79793	+	sinH	intimin-like inverse autotransporter SinH	plus	VIRULENCE	VIRULENCE	NA	NA	BLASTX	730	730	100.00	99.73	730	AAL21411.1	intimin-like inverse autotransporter SinH	NA	NA
GCA_009757575.1	NA	WSDM01000020.1	30750	31397	+	spvD	SPI-2 type III secretion system effector cysteine hydrolase SpvD	plus	VIRULENCE	VIRULENCE	NA	NA	BLASTX	216	216	100.00	99.07	216	AAG59626.1	SPI-2 type III secretion system effector cysteine hydrolase SpvD	NA	NA
GCA_009757585.1	NA	WSDQ01000002.1	189706	190401	-	lpfB	long polar fimbrial chaperone LpfB	plus	VIRULENCE	VIRULENCE	NA	NA	EXACTX	232	232	100.00	100.00	232	WXV87835.1	long polar fimbrial chaperone LpfB	NA	NA
GCA_009757585.1	NA	WSDQ01000003.1	762700	763230	+	sodC1	superoxide dismutase [Cu-Zn] SodC1	plus	VIRULENCE	VIRULENCE	NA	NA	EXACTX	177	177	100.00	100.00	177	AAL19978.1	superoxide dismutase [Cu-Zn] SodC1	NA	NA
GCA_009757585.1	NA	WSDQ01000005.1	68141	68788	-	spvD	SPI-2 type III secretion system effector cysteine hydrolase SpvD	plus	VIRULENCE	VIRULENCE	NA	NA	BLASTX	216	216	100.00	99.07	216	AAG59626.1	SPI-2 type III secretion system effector cysteine hydrolase SpvD	NA	NA
GCA_009757585.1	NA	WSDQ01000010.1	4232	6595	+	sspH2	SPI-2 type III secretion system effector E3 ubiquitin transferase SspH2	plus	VIRULENCE	VIRULENCE	NA	NA	BLASTX	788	788	100.00	99.37	788	QJV46475.1	SPI-2 type III secretion system effector E3 ubiquitin transferase SspH2	NA	NA
GCA_009757585.1	NA	WSDQ01000010.1	105511	106554	-	sseK2	type III secretion system effector arginine glycosyltransferase SseK2	plus	VIRULENCE	VIRULENCE	NA	NA	BLASTX	348	348	100.00	98.28	348	AAL21040.1	type III secretion system effector arginine glycosyltransferase SseK2	NA	NA
GCA_009757585.1	NA	WSDQ01000012.1	630	1742	+	iroB	salmochelin biosynthesis C-glycosyltransferase IroB	plus	VIRULENCE	VIRULENCE	NA	NA	BLASTX	371	371	100.00	86.52	371	EOW04219.1	salmochelin biosynthesis C-glycosyltransferase IroB	NA	NA
GCA_009757585.1	NA	WSDQ01000012.1	1826	5452	+	iroC	salmochelin/enterobactin export ABC transporter IroC	plus	VIRULENCE	VIRULENCE	NA	NA	BLASTX	1209	1219	98.85	80.02	1211	AUH19662.1	salmochelin/enterobactin export ABC transporter IroC	NA	NA
GCA_009757585.1	NA	WSDQ01000012.1	93743	94648	-	avrA	type III secretion system YopJ family effector AvrA	plus	VIRULENCE	VIRULENCE	NA	NA	BLASTX	302	302	100.00	99.34	302	AAL21745.1	type III secretion system YopJ family effector AvrA	NA	NA
GCA_009757585.1	NA	WSDQ01000012.1	122244	124298	-	invA	type III secretion system export apparatus protein InvA	plus	VIRULENCE	VIRULENCE	NA	NA	EXACTX	685	685	100.00	100.00	685	WXW86397.1	type III secretion system export apparatus protein InvA	NA	NA
GCA_009757585.1	NA	WSDQ01000021.1	119386	121575	+	sinH	intimin-like inverse autotransporter SinH	plus	VIRULENCE	VIRULENCE	NA	NA	BLASTX	730	730	100.00	99.73	730	AAL21411.1	intimin-like inverse autotransporter SinH	NA	NA
GCA_009757585.1	NA	WSDQ01000022.1	42325	45489	-	mdsB	multidrug efflux RND transporter permease subunit MdsB	plus	AMR	AMR	EFFLUX	EFFLUX	BLASTX	1055	1055	100.00	99.62	1055	AAL19305.1	multidrug efflux RND transporter permease subunit MdsB	NA	NA
GCA_009757585.1	NA	WSDQ01000022.1	45489	46712	-	mdsA	multidrug efflux RND transporter periplasmic adaptor subunit MdsA	plus	AMR	AMR	EFFLUX	EFFLUX	BLASTX	408	408	100.00	98.04	408	AAL19306.1	multidrug efflux RND transporter periplasmic adaptor subunit MdsA	NA	NA
GCA_009757585.1	NA	WSDQ01000022.1	46989	49274	+	golT	gold/copper-translocating P-type ATPase GolT	plus	STRESS	METAL	COPPER/GOLD	COPPER/GOLD	BLASTX	762	762	100.00	99.61	762	AAL19307.1	gold/copper-translocating P-type ATPase GolT	NA	NA
GCA_009757585.1	NA	WSDQ01000022.1	49289	49750	+	golS	Au(I) sensor transcriptional regulator GolS	plus	STRESS	METAL	GOLD	GOLD	EXACTX	154	154	100.00	100.00	154	AAL19308.1	Au(I) sensor transcriptional regulator GolS	NA	NA
GCA_009757615.1	NA	WSDL01000004.1	189705	190400	-	lpfB	long polar fimbrial chaperone LpfB	plus	VIRULENCE	VIRULENCE	NA	NA	EXACTX	232	232	100.00	100.00	232	WXV87835.1	long polar fimbrial chaperone LpfB	NA	NA
GCA_009757615.1	NA	WSDL01000005.1	137990	140179	+	sinH	intimin-like inverse autotransporter SinH	plus	VIRULENCE	VIRULENCE	NA	NA	BLASTX	730	730	100.00	99.73	730	AAL21411.1	intimin-like inverse autotransporter SinH	NA	NA
GCA_009757615.1	NA	WSDL01000007.1	36123	36584	-	golS	Au(I) sensor transcriptional regulator GolS	plus	STRESS	METAL	GOLD	GOLD	EXACTX	154	154	100.00	100.00	154	AAL19308.1	Au(I) sensor transcriptional regulator GolS	NA	NA
GCA_009757615.1	NA	WSDL01000007.1	36599	38884	-	golT	gold/copper-translocating P-type ATPase GolT	plus	STRESS	METAL	COPPER/GOLD	COPPER/GOLD	BLASTX	762	762	100.00	99.61	762	AAL19307.1	gold/copper-translocating P-type ATPase GolT	NA	NA
GCA_009757615.1	NA	WSDL01000007.1	39161	40384	+	mdsA	multidrug efflux RND transporter periplasmic adaptor subunit MdsA	plus	AMR	AMR	EFFLUX	EFFLUX	BLASTX	408	408	100.00	98.04	408	AAL19306.1	multidrug efflux RND transporter periplasmic adaptor subunit MdsA	NA	NA
GCA_009757615.1	NA	WSDL01000007.1	40384	43548	+	mdsB	multidrug efflux RND transporter permease subunit MdsB	plus	AMR	AMR	EFFLUX	EFFLUX	BLASTX	1055	1055	100.00	99.62	1055	AAL19305.1	multidrug efflux RND transporter permease subunit MdsB	NA	NA
GCA_009757615.1	NA	WSDL01000012.1	160674	162728	+	invA	type III secretion system export apparatus protein InvA	plus	VIRULENCE	VIRULENCE	NA	NA	EXACTX	685	685	100.00	100.00	685	WXW86397.1	type III secretion system export apparatus protein InvA	NA	NA
GCA_009757615.1	NA	WSDL01000012.1	190324	191229	+	avrA	type III secretion system YopJ family effector AvrA	plus	VIRULENCE	VIRULENCE	NA	NA	BLASTX	302	302	100.00	99.34	302	AAL21745.1	type III secretion system YopJ family effector AvrA	NA	NA
GCA_009757615.1	NA	WSDL01000012.1	279797	283423	-	iroC	salmochelin/enterobactin export ABC transporter IroC	plus	VIRULENCE	VIRULENCE	NA	NA	BLASTX	1209	1219	98.85	80.02	1211	AUH19662.1	salmochelin/enterobactin export ABC transporter IroC	NA	NA
GCA_009757615.1	NA	WSDL01000012.1	283507	284619	-	iroB	salmochelin biosynthesis C-glycosyltransferase IroB	plus	VIRULENCE	VIRULENCE	NA	NA	BLASTX	371	371	100.00	86.52	371	EOW04219.1	salmochelin biosynthesis C-glycosyltransferase IroB	NA	NA
GCA_009757615.1	NA	WSDL01000014.1	143246	144289	+	sseK2	type III secretion system effector arginine glycosyltransferase SseK2	plus	VIRULENCE	VIRULENCE	NA	NA	BLASTX	348	348	100.00	98.28	348	AAL21040.1	type III secretion system effector arginine glycosyltransferase SseK2	NA	NA
GCA_009757615.1	NA	WSDL01000014.1	243205	245568	-	sspH2	SPI-2 type III secretion system effector E3 ubiquitin transferase SspH2	plus	VIRULENCE	VIRULENCE	NA	NA	BLASTX	788	788	100.00	99.37	788	QJV46475.1	SPI-2 type III secretion system effector E3 ubiquitin transferase SspH2	NA	NA
GCA_009757615.1	NA	WSDL01000023.1	54470	55000	+	sodC1	superoxide dismutase [Cu-Zn] SodC1	plus	VIRULENCE	VIRULENCE	NA	NA	EXACTX	177	177	100.00	100.00	177	AAL19978.1	superoxide dismutase [Cu-Zn] SodC1	NA	NA
GCA_009757615.1	NA	WSDL01000029.1	25032	25679	+	spvD	SPI-2 type III secretion system effector cysteine hydrolase SpvD	plus	VIRULENCE	VIRULENCE	NA	NA	BLASTX	216	216	100.00	99.07	216	AAG59626.1	SPI-2 type III secretion system effector cysteine hydrolase SpvD	NA	NA
GCA_009757635.1	NA	WSDK01000002.1	42311	45475	-	mdsB	multidrug efflux RND transporter permease subunit MdsB	plus	AMR	AMR	EFFLUX	EFFLUX	BLASTX	1055	1055	100.00	99.62	1055	AAL19305.1	multidrug efflux RND transporter permease subunit MdsB	NA	NA
GCA_009757635.1	NA	WSDK01000002.1	45475	46698	-	mdsA	multidrug efflux RND transporter periplasmic adaptor subunit MdsA	plus	AMR	AMR	EFFLUX	EFFLUX	BLASTX	408	408	100.00	98.04	408	AAL19306.1	multidrug efflux RND transporter periplasmic adaptor subunit MdsA	NA	NA
GCA_009757635.1	NA	WSDK01000002.1	46975	49260	+	golT	gold/copper-translocating P-type ATPase GolT	plus	STRESS	METAL	COPPER/GOLD	COPPER/GOLD	BLASTX	762	762	100.00	99.61	762	AAL19307.1	gold/copper-translocating P-type ATPase GolT	NA	NA
GCA_009757635.1	NA	WSDK01000002.1	49275	49736	+	golS	Au(I) sensor transcriptional regulator GolS	plus	STRESS	METAL	GOLD	GOLD	EXACTX	154	154	100.00	100.00	154	AAL19308.1	Au(I) sensor transcriptional regulator GolS	NA	NA
GCA_009757635.1	NA	WSDK01000007.1	39373	40278	-	avrA	type III secretion system YopJ family effector AvrA	plus	VIRULENCE	VIRULENCE	NA	NA	BLASTX	302	302	100.00	99.34	302	AAL21745.1	type III secretion system YopJ family effector AvrA	NA	NA
GCA_009757635.1	NA	WSDK01000007.1	67874	69928	-	invA	type III secretion system export apparatus protein InvA	plus	VIRULENCE	VIRULENCE	NA	NA	EXACTX	685	685	100.00	100.00	685	WXW86397.1	type III secretion system export apparatus protein InvA	NA	NA
GCA_009757635.1	NA	WSDK01000008.1	48882	52508	-	iroC	salmochelin/enterobactin export ABC transporter IroC	plus	VIRULENCE	VIRULENCE	NA	NA	BLASTX	1209	1219	98.85	80.02	1211	AUH19662.1	salmochelin/enterobactin export ABC transporter IroC	NA	NA
GCA_009757635.1	NA	WSDK01000008.1	52592	53704	-	iroB	salmochelin biosynthesis C-glycosyltransferase IroB	plus	VIRULENCE	VIRULENCE	NA	NA	BLASTX	371	371	100.00	86.52	371	EOW04219.1	salmochelin biosynthesis C-glycosyltransferase IroB	NA	NA
GCA_009757635.1	NA	WSDK01000009.1	4279	6642	+	sspH2	SPI-2 type III secretion system effector E3 ubiquitin transferase SspH2	plus	VIRULENCE	VIRULENCE	NA	NA	BLASTX	788	788	100.00	99.37	788	QJV46475.1	SPI-2 type III secretion system effector E3 ubiquitin transferase SspH2	NA	NA
GCA_009757635.1	NA	WSDK01000009.1	105558	106601	-	sseK2	type III secretion system effector arginine glycosyltransferase SseK2	plus	VIRULENCE	VIRULENCE	NA	NA	BLASTX	348	348	100.00	98.28	348	AAL21040.1	type III secretion system effector arginine glycosyltransferase SseK2	NA	NA
GCA_009757635.1	NA	WSDK01000011.1	29259	29906	+	spvD	SPI-2 type III secretion system effector cysteine hydrolase SpvD	plus	VIRULENCE	VIRULENCE	NA	NA	BLASTX	216	216	100.00	99.07	216	AAG59626.1	SPI-2 type III secretion system effector cysteine hydrolase SpvD	NA	NA
GCA_009757635.1	NA	WSDK01000012.1	183627	184322	+	lpfB	long polar fimbrial chaperone LpfB	plus	VIRULENCE	VIRULENCE	NA	NA	EXACTX	232	232	100.00	100.00	232	WXV87835.1	long polar fimbrial chaperone LpfB	NA	NA
GCA_009757635.1	NA	WSDK01000016.1	119386	121575	+	sinH	intimin-like inverse autotransporter SinH	plus	VIRULENCE	VIRULENCE	NA	NA	BLASTX	730	730	100.00	99.73	730	AAL21411.1	intimin-like inverse autotransporter SinH	NA	NA
GCA_009757635.1	NA	WSDK01000020.1	30478	31008	-	sodC1	superoxide dismutase [Cu-Zn] SodC1	plus	VIRULENCE	VIRULENCE	NA	NA	EXACTX	177	177	100.00	100.00	177	AAL19978.1	superoxide dismutase [Cu-Zn] SodC1	NA	NA
GCA_009757645.1	NA	WSDJ01000004.1	762583	763113	+	sodC1	superoxide dismutase [Cu-Zn] SodC1	plus	VIRULENCE	VIRULENCE	NA	NA	EXACTX	177	177	100.00	100.00	177	AAL19978.1	superoxide dismutase [Cu-Zn] SodC1	NA	NA
GCA_009757645.1	NA	WSDJ01000006.1	189698	190393	-	lpfB	long polar fimbrial chaperone LpfB	plus	VIRULENCE	VIRULENCE	NA	NA	EXACTX	232	232	100.00	100.00	232	WXV87835.1	long polar fimbrial chaperone LpfB	NA	NA
GCA_009757645.1	NA	WSDJ01000007.1	68699	71863	-	mdsB	multidrug efflux RND transporter permease subunit MdsB	plus	AMR	AMR	EFFLUX	EFFLUX	BLASTX	1055	1055	100.00	99.62	1055	AAL19305.1	multidrug efflux RND transporter permease subunit MdsB	NA	NA
GCA_009757645.1	NA	WSDJ01000007.1	71863	73086	-	mdsA	multidrug efflux RND transporter periplasmic adaptor subunit MdsA	plus	AMR	AMR	EFFLUX	EFFLUX	BLASTX	408	408	100.00	98.04	408	AAL19306.1	multidrug efflux RND transporter periplasmic adaptor subunit MdsA	NA	NA
GCA_009757645.1	NA	WSDJ01000007.1	73363	75648	+	golT	gold/copper-translocating P-type ATPase GolT	plus	STRESS	METAL	COPPER/GOLD	COPPER/GOLD	BLASTX	762	762	100.00	99.61	762	AAL19307.1	gold/copper-translocating P-type ATPase GolT	NA	NA
GCA_009757645.1	NA	WSDJ01000007.1	75663	76124	+	golS	Au(I) sensor transcriptional regulator GolS	plus	STRESS	METAL	GOLD	GOLD	EXACTX	154	154	100.00	100.00	154	AAL19308.1	Au(I) sensor transcriptional regulator GolS	NA	NA
GCA_009757645.1	NA	WSDJ01000011.1	56192	57304	+	iroB	salmochelin biosynthesis C-glycosyltransferase IroB	plus	VIRULENCE	VIRULENCE	NA	NA	BLASTX	371	371	100.00	86.52	371	EOW04219.1	salmochelin biosynthesis C-glycosyltransferase IroB	NA	NA
GCA_009757645.1	NA	WSDJ01000011.1	57388	61014	+	iroC	salmochelin/enterobactin export ABC transporter IroC	plus	VIRULENCE	VIRULENCE	NA	NA	BLASTX	1209	1219	98.85	80.02	1211	AUH19662.1	salmochelin/enterobactin export ABC transporter IroC	NA	NA
GCA_009757645.1	NA	WSDJ01000013.1	389993	391036	+	sseK2	type III secretion system effector arginine glycosyltransferase SseK2	plus	VIRULENCE	VIRULENCE	NA	NA	BLASTX	348	348	100.00	98.28	348	AAL21040.1	type III secretion system effector arginine glycosyltransferase SseK2	NA	NA
GCA_009757645.1	NA	WSDJ01000013.1	489952	492315	-	sspH2	SPI-2 type III secretion system effector E3 ubiquitin transferase SspH2	plus	VIRULENCE	VIRULENCE	NA	NA	BLASTX	788	788	100.00	99.37	788	QJV46475.1	SPI-2 type III secretion system effector E3 ubiquitin transferase SspH2	NA	NA
GCA_009757645.1	NA	WSDJ01000015.1	39655	40560	-	avrA	type III secretion system YopJ family effector AvrA	plus	VIRULENCE	VIRULENCE	NA	NA	BLASTX	302	302	100.00	99.34	302	AAL21745.1	type III secretion system YopJ family effector AvrA	NA	NA
GCA_009757645.1	NA	WSDJ01000015.1	68156	70210	-	invA	type III secretion system export apparatus protein InvA	plus	VIRULENCE	VIRULENCE	NA	NA	EXACTX	685	685	100.00	100.00	685	WXW86397.1	type III secretion system export apparatus protein InvA	NA	NA
GCA_009757645.1	NA	WSDJ01000017.1	107314	109503	-	sinH	intimin-like inverse autotransporter SinH	plus	VIRULENCE	VIRULENCE	NA	NA	BLASTX	730	730	100.00	99.73	730	AAL21411.1	intimin-like inverse autotransporter SinH	NA	NA
GCA_009757645.1	NA	WSDJ01000025.1	31335	31982	+	spvD	SPI-2 type III secretion system effector cysteine hydrolase SpvD	plus	VIRULENCE	VIRULENCE	NA	NA	BLASTX	216	216	100.00	99.07	216	AAG59626.1	SPI-2 type III secretion system effector cysteine hydrolase SpvD	NA	NA
GCA_009757675.1	NA	WSDG01000001.1	119385	121574	+	sinH	intimin-like inverse autotransporter SinH	plus	VIRULENCE	VIRULENCE	NA	NA	BLASTX	730	730	100.00	99.73	730	AAL21411.1	intimin-like inverse autotransporter SinH	NA	NA
GCA_009757675.1	NA	WSDG01000011.1	54423	54953	+	sodC1	superoxide dismutase [Cu-Zn] SodC1	plus	VIRULENCE	VIRULENCE	NA	NA	EXACTX	177	177	100.00	100.00	177	AAL19978.1	superoxide dismutase [Cu-Zn] SodC1	NA	NA
GCA_009757675.1	NA	WSDG01000013.1	389999	391042	+	sseK2	type III secretion system effector arginine glycosyltransferase SseK2	plus	VIRULENCE	VIRULENCE	NA	NA	BLASTX	348	348	100.00	98.28	348	AAL21040.1	type III secretion system effector arginine glycosyltransferase SseK2	NA	NA
GCA_009757675.1	NA	WSDG01000013.1	489958	492321	-	sspH2	SPI-2 type III secretion system effector E3 ubiquitin transferase SspH2	plus	VIRULENCE	VIRULENCE	NA	NA	BLASTX	788	788	100.00	99.37	788	QJV46475.1	SPI-2 type III secretion system effector E3 ubiquitin transferase SspH2	NA	NA
GCA_009757675.1	NA	WSDG01000018.1	183626	184321	+	lpfB	long polar fimbrial chaperone LpfB	plus	VIRULENCE	VIRULENCE	NA	NA	EXACTX	232	232	100.00	100.00	232	WXV87835.1	long polar fimbrial chaperone LpfB	NA	NA
GCA_009757675.1	NA	WSDG01000019.1	31053	31700	+	spvD	SPI-2 type III secretion system effector cysteine hydrolase SpvD	plus	VIRULENCE	VIRULENCE	NA	NA	BLASTX	216	216	100.00	99.07	216	AAG59626.1	SPI-2 type III secretion system effector cysteine hydrolase SpvD	NA	NA
GCA_009757675.1	NA	WSDG01000021.1	281984	284038	+	invA	type III secretion system export apparatus protein InvA	plus	VIRULENCE	VIRULENCE	NA	NA	EXACTX	685	685	100.00	100.00	685	WXW86397.1	type III secretion system export apparatus protein InvA	NA	NA
GCA_009757675.1	NA	WSDG01000021.1	311634	312539	+	avrA	type III secretion system YopJ family effector AvrA	plus	VIRULENCE	VIRULENCE	NA	NA	BLASTX	302	302	100.00	99.34	302	AAL21745.1	type III secretion system YopJ family effector AvrA	NA	NA
GCA_009757675.1	NA	WSDG01000021.1	400560	404186	-	iroC	salmochelin/enterobactin export ABC transporter IroC	plus	VIRULENCE	VIRULENCE	NA	NA	BLASTX	1209	1219	98.85	80.02	1211	AUH19662.1	salmochelin/enterobactin export ABC transporter IroC	NA	NA
GCA_009757675.1	NA	WSDG01000021.1	404270	405382	-	iroB	salmochelin biosynthesis C-glycosyltransferase IroB	plus	VIRULENCE	VIRULENCE	NA	NA	BLASTX	371	371	100.00	86.52	371	EOW04219.1	salmochelin biosynthesis C-glycosyltransferase IroB	NA	NA
GCA_009757675.1	NA	WSDG01000027.1	36122	36583	-	golS	Au(I) sensor transcriptional regulator GolS	plus	STRESS	METAL	GOLD	GOLD	EXACTX	154	154	100.00	100.00	154	AAL19308.1	Au(I) sensor transcriptional regulator GolS	NA	NA
GCA_009757675.1	NA	WSDG01000027.1	36598	38883	-	golT	gold/copper-translocating P-type ATPase GolT	plus	STRESS	METAL	COPPER/GOLD	COPPER/GOLD	BLASTX	762	762	100.00	99.61	762	AAL19307.1	gold/copper-translocating P-type ATPase GolT	NA	NA
GCA_009757675.1	NA	WSDG01000027.1	39160	40383	+	mdsA	multidrug efflux RND transporter periplasmic adaptor subunit MdsA	plus	AMR	AMR	EFFLUX	EFFLUX	BLASTX	408	408	100.00	98.04	408	AAL19306.1	multidrug efflux RND transporter periplasmic adaptor subunit MdsA	NA	NA
GCA_009757675.1	NA	WSDG01000027.1	40383	43547	+	mdsB	multidrug efflux RND transporter permease subunit MdsB	plus	AMR	AMR	EFFLUX	EFFLUX	BLASTX	1055	1055	100.00	99.62	1055	AAL19305.1	multidrug efflux RND transporter permease subunit MdsB	NA	NA
GCA_009757675.1	NA	WSDG01000044.1	1	1320	-	sspH2	SPI-2 type III secretion system effector E3 ubiquitin transferase SspH2	plus	VIRULENCE	VIRULENCE	NA	NA	PARTIAL_CONTIG_ENDX	440	788	55.84	99.55	440	QJV46475.1	SPI-2 type III secretion system effector E3 ubiquitin transferase SspH2	NA	NA
GCA_009757685.1	NA	WSCS01000001.1	56423	57535	+	iroB	salmochelin biosynthesis C-glycosyltransferase IroB	plus	VIRULENCE	VIRULENCE	NA	NA	BLASTX	371	371	100.00	86.52	371	EOW04219.1	salmochelin biosynthesis C-glycosyltransferase IroB	NA	NA
GCA_009757685.1	NA	WSCS01000001.1	57619	61245	+	iroC	salmochelin/enterobactin export ABC transporter IroC	plus	VIRULENCE	VIRULENCE	NA	NA	BLASTX	1209	1219	98.85	80.02	1211	AUH19662.1	salmochelin/enterobactin export ABC transporter IroC	NA	NA
GCA_009757685.1	NA	WSCS01000001.1	149536	150441	-	avrA	type III secretion system YopJ family effector AvrA	plus	VIRULENCE	VIRULENCE	NA	NA	BLASTX	302	302	100.00	99.34	302	AAL21745.1	type III secretion system YopJ family effector AvrA	NA	NA
GCA_009757685.1	NA	WSCS01000001.1	178037	180091	-	invA	type III secretion system export apparatus protein InvA	plus	VIRULENCE	VIRULENCE	NA	NA	EXACTX	685	685	100.00	100.00	685	WXW86397.1	type III secretion system export apparatus protein InvA	NA	NA
GCA_009757685.1	NA	WSCS01000002.1	408662	409123	-	golS	Au(I) sensor transcriptional regulator GolS	plus	STRESS	METAL	GOLD	GOLD	EXACTX	154	154	100.00	100.00	154	AAL19308.1	Au(I) sensor transcriptional regulator GolS	NA	NA
GCA_009757685.1	NA	WSCS01000002.1	409138	411423	-	golT	gold/copper-translocating P-type ATPase GolT	plus	STRESS	METAL	COPPER/GOLD	COPPER/GOLD	BLASTX	762	762	100.00	99.61	762	AAL19307.1	gold/copper-translocating P-type ATPase GolT	NA	NA
GCA_009757685.1	NA	WSCS01000002.1	411700	412923	+	mdsA	multidrug efflux RND transporter periplasmic adaptor subunit MdsA	plus	AMR	AMR	EFFLUX	EFFLUX	BLASTX	408	408	100.00	98.28	408	AAL19306.1	multidrug efflux RND transporter periplasmic adaptor subunit MdsA	NA	NA
GCA_009757685.1	NA	WSCS01000002.1	412923	416087	+	mdsB	multidrug efflux RND transporter permease subunit MdsB	plus	AMR	AMR	EFFLUX	EFFLUX	BLASTX	1055	1055	100.00	99.62	1055	AAL19305.1	multidrug efflux RND transporter permease subunit MdsB	NA	NA
GCA_009757685.1	NA	WSCS01000006.1	1	2181	+	sspH2	SPI-2 type III secretion system effector E3 ubiquitin transferase SspH2	plus	VIRULENCE	VIRULENCE	NA	NA	BLASTX	727	788	92.26	99.31	727	QJV46475.1	SPI-2 type III secretion system effector E3 ubiquitin transferase SspH2	NA	NA
GCA_009757685.1	NA	WSCS01000006.1	101097	102140	-	sseK2	type III secretion system effector arginine glycosyltransferase SseK2	plus	VIRULENCE	VIRULENCE	NA	NA	BLASTX	348	348	100.00	98.28	348	AAL21040.1	type III secretion system effector arginine glycosyltransferase SseK2	NA	NA
GCA_009757685.1	NA	WSCS01000007.1	117997	120186	-	sinH	intimin-like inverse autotransporter SinH	plus	VIRULENCE	VIRULENCE	NA	NA	BLASTX	730	730	100.00	99.73	730	AAL21411.1	intimin-like inverse autotransporter SinH	NA	NA
GCA_009757685.1	NA	WSCS01000011.1	220159	220854	-	lpfB	long polar fimbrial chaperone LpfB	plus	VIRULENCE	VIRULENCE	NA	NA	EXACTX	232	232	100.00	100.00	232	WXV87835.1	long polar fimbrial chaperone LpfB	NA	NA
GCA_009757685.1	NA	WSCS01000017.1	8707	9237	+	sodC1	superoxide dismutase [Cu-Zn] SodC1	plus	VIRULENCE	VIRULENCE	NA	NA	EXACTX	177	177	100.00	100.00	177	AAL19978.1	superoxide dismutase [Cu-Zn] SodC1	NA	NA
GCA_009757705.1	NA	WSDI01000001.1	189573	190268	-	lpfB	long polar fimbrial chaperone LpfB	plus	VIRULENCE	VIRULENCE	NA	NA	EXACTX	232	232	100.00	100.00	232	WXV87835.1	long polar fimbrial chaperone LpfB	NA	NA
GCA_009757705.1	NA	WSDI01000003.1	30478	31008	-	sodC1	superoxide dismutase [Cu-Zn] SodC1	plus	VIRULENCE	VIRULENCE	NA	NA	EXACTX	177	177	100.00	100.00	177	AAL19978.1	superoxide dismutase [Cu-Zn] SodC1	NA	NA
GCA_009757705.1	NA	WSDI01000008.1	18918	22544	-	iroC	salmochelin/enterobactin export ABC transporter IroC	plus	VIRULENCE	VIRULENCE	NA	NA	BLASTX	1209	1219	98.85	80.02	1211	AUH19662.1	salmochelin/enterobactin export ABC transporter IroC	NA	NA
GCA_009757705.1	NA	WSDI01000008.1	22628	23740	-	iroB	salmochelin biosynthesis C-glycosyltransferase IroB	plus	VIRULENCE	VIRULENCE	NA	NA	BLASTX	371	371	100.00	86.52	371	EOW04219.1	salmochelin biosynthesis C-glycosyltransferase IroB	NA	NA
GCA_009757705.1	NA	WSDI01000009.1	356434	356895	-	golS	Au(I) sensor transcriptional regulator GolS	plus	STRESS	METAL	GOLD	GOLD	EXACTX	154	154	100.00	100.00	154	AAL19308.1	Au(I) sensor transcriptional regulator GolS	NA	NA
GCA_009757705.1	NA	WSDI01000009.1	356910	359195	-	golT	gold/copper-translocating P-type ATPase GolT	plus	STRESS	METAL	COPPER/GOLD	COPPER/GOLD	BLASTX	762	762	100.00	99.61	762	AAL19307.1	gold/copper-translocating P-type ATPase GolT	NA	NA
GCA_009757705.1	NA	WSDI01000009.1	359472	360695	+	mdsA	multidrug efflux RND transporter periplasmic adaptor subunit MdsA	plus	AMR	AMR	EFFLUX	EFFLUX	BLASTX	408	408	100.00	98.04	408	AAL19306.1	multidrug efflux RND transporter periplasmic adaptor subunit MdsA	NA	NA
GCA_009757705.1	NA	WSDI01000009.1	360695	363859	+	mdsB	multidrug efflux RND transporter permease subunit MdsB	plus	AMR	AMR	EFFLUX	EFFLUX	BLASTX	1055	1055	100.00	99.62	1055	AAL19305.1	multidrug efflux RND transporter permease subunit MdsB	NA	NA
GCA_009757705.1	NA	WSDI01000010.1	4295	6658	+	sspH2	SPI-2 type III secretion system effector E3 ubiquitin transferase SspH2	plus	VIRULENCE	VIRULENCE	NA	NA	BLASTX	788	788	100.00	99.37	788	QJV46475.1	SPI-2 type III secretion system effector E3 ubiquitin transferase SspH2	NA	NA
GCA_009757705.1	NA	WSDI01000010.1	105574	106617	-	sseK2	type III secretion system effector arginine glycosyltransferase SseK2	plus	VIRULENCE	VIRULENCE	NA	NA	BLASTX	348	348	100.00	98.28	348	AAL21040.1	type III secretion system effector arginine glycosyltransferase SseK2	NA	NA
GCA_009757705.1	NA	WSDI01000012.1	281797	283851	+	invA	type III secretion system export apparatus protein InvA	plus	VIRULENCE	VIRULENCE	NA	NA	EXACTX	685	685	100.00	100.00	685	WXW86397.1	type III secretion system export apparatus protein InvA	NA	NA
GCA_009757705.1	NA	WSDI01000012.1	311447	312352	+	avrA	type III secretion system YopJ family effector AvrA	plus	VIRULENCE	VIRULENCE	NA	NA	BLASTX	302	302	100.00	99.34	302	AAL21745.1	type III secretion system YopJ family effector AvrA	NA	NA
GCA_009757705.1	NA	WSDI01000015.1	63110	63757	+	spvD	SPI-2 type III secretion system effector cysteine hydrolase SpvD	plus	VIRULENCE	VIRULENCE	NA	NA	BLASTX	216	216	100.00	99.07	216	AAG59626.1	SPI-2 type III secretion system effector cysteine hydrolase SpvD	NA	NA
GCA_009757705.1	NA	WSDI01000018.1	119386	121575	+	sinH	intimin-like inverse autotransporter SinH	plus	VIRULENCE	VIRULENCE	NA	NA	BLASTX	730	730	100.00	99.73	730	AAL21411.1	intimin-like inverse autotransporter SinH	NA	NA
GCA_009757705.1	NA	WSDI01000043.1	3	1226	+	sspH2	SPI-2 type III secretion system effector E3 ubiquitin transferase SspH2	plus	VIRULENCE	VIRULENCE	NA	NA	PARTIAL_CONTIG_ENDX	408	788	51.78	99.75	408	QJV46475.1	SPI-2 type III secretion system effector E3 ubiquitin transferase SspH2	NA	NA
GCA_009757735.1	NA	WSCO01000002.1	189695	190390	-	lpfB	long polar fimbrial chaperone LpfB	plus	VIRULENCE	VIRULENCE	NA	NA	EXACTX	232	232	100.00	100.00	232	WXV87835.1	long polar fimbrial chaperone LpfB	NA	NA
GCA_009757735.1	NA	WSCO01000003.1	119385	121574	+	sinH	intimin-like inverse autotransporter SinH	plus	VIRULENCE	VIRULENCE	NA	NA	BLASTX	730	730	100.00	99.73	730	AAL21411.1	intimin-like inverse autotransporter SinH	NA	NA
GCA_009757735.1	NA	WSCO01000005.1	42293	45457	-	mdsB	multidrug efflux RND transporter permease subunit MdsB	plus	AMR	AMR	EFFLUX	EFFLUX	BLASTX	1055	1055	100.00	99.62	1055	AAL19305.1	multidrug efflux RND transporter permease subunit MdsB	NA	NA
GCA_009757735.1	NA	WSCO01000005.1	45457	46680	-	mdsA	multidrug efflux RND transporter periplasmic adaptor subunit MdsA	plus	AMR	AMR	EFFLUX	EFFLUX	BLASTX	408	408	100.00	98.28	408	AAL19306.1	multidrug efflux RND transporter periplasmic adaptor subunit MdsA	NA	NA
GCA_009757735.1	NA	WSCO01000005.1	46957	49242	+	golT	gold/copper-translocating P-type ATPase GolT	plus	STRESS	METAL	COPPER/GOLD	COPPER/GOLD	BLASTX	762	762	100.00	99.61	762	AAL19307.1	gold/copper-translocating P-type ATPase GolT	NA	NA
GCA_009757735.1	NA	WSCO01000005.1	49257	49718	+	golS	Au(I) sensor transcriptional regulator GolS	plus	STRESS	METAL	GOLD	GOLD	EXACTX	154	154	100.00	100.00	154	AAL19308.1	Au(I) sensor transcriptional regulator GolS	NA	NA
GCA_009757735.1	NA	WSCO01000006.1	56134	57246	+	iroB	salmochelin biosynthesis C-glycosyltransferase IroB	plus	VIRULENCE	VIRULENCE	NA	NA	BLASTX	371	371	100.00	86.52	371	EOW04219.1	salmochelin biosynthesis C-glycosyltransferase IroB	NA	NA
GCA_009757735.1	NA	WSCO01000006.1	57330	60956	+	iroC	salmochelin/enterobactin export ABC transporter IroC	plus	VIRULENCE	VIRULENCE	NA	NA	BLASTX	1209	1219	98.85	80.02	1211	AUH19662.1	salmochelin/enterobactin export ABC transporter IroC	NA	NA
GCA_009757735.1	NA	WSCO01000006.1	149524	150429	-	avrA	type III secretion system YopJ family effector AvrA	plus	VIRULENCE	VIRULENCE	NA	NA	BLASTX	302	302	100.00	99.34	302	AAL21745.1	type III secretion system YopJ family effector AvrA	NA	NA
GCA_009757735.1	NA	WSCO01000006.1	178025	180079	-	invA	type III secretion system export apparatus protein InvA	plus	VIRULENCE	VIRULENCE	NA	NA	EXACTX	685	685	100.00	100.00	685	WXW86397.1	type III secretion system export apparatus protein InvA	NA	NA
GCA_009757735.1	NA	WSCO01000019.1	4508	6871	+	sspH2	SPI-2 type III secretion system effector E3 ubiquitin transferase SspH2	plus	VIRULENCE	VIRULENCE	NA	NA	BLASTX	788	788	100.00	99.37	788	QJV46475.1	SPI-2 type III secretion system effector E3 ubiquitin transferase SspH2	NA	NA
GCA_009757735.1	NA	WSCO01000019.1	105787	106830	-	sseK2	type III secretion system effector arginine glycosyltransferase SseK2	plus	VIRULENCE	VIRULENCE	NA	NA	BLASTX	348	348	100.00	98.28	348	AAL21040.1	type III secretion system effector arginine glycosyltransferase SseK2	NA	NA
GCA_009757735.1	NA	WSCO01000020.1	54343	54873	+	sodC1	superoxide dismutase [Cu-Zn] SodC1	plus	VIRULENCE	VIRULENCE	NA	NA	EXACTX	177	177	100.00	100.00	177	AAL19978.1	superoxide dismutase [Cu-Zn] SodC1	NA	NA
GCA_009757735.1	NA	WSCO01000021.1	68131	68778	-	spvD	SPI-2 type III secretion system effector cysteine hydrolase SpvD	plus	VIRULENCE	VIRULENCE	NA	NA	BLASTX	216	216	100.00	99.07	216	AAG59626.1	SPI-2 type III secretion system effector cysteine hydrolase SpvD	NA	NA
GCA_009757745.1	NA	WSCJ01000003.1	64713	65756	+	sseK2	type III secretion system effector arginine glycosyltransferase SseK2	plus	VIRULENCE	VIRULENCE	NA	NA	BLASTX	348	348	100.00	98.28	348	AAL21040.1	type III secretion system effector arginine glycosyltransferase SseK2	NA	NA
GCA_009757745.1	NA	WSCJ01000010.1	4705	8331	-	iroC	salmochelin/enterobactin export ABC transporter IroC	plus	VIRULENCE	VIRULENCE	NA	NA	BLASTX	1209	1219	98.85	80.02	1211	AUH19662.1	salmochelin/enterobactin export ABC transporter IroC	NA	NA
GCA_009757745.1	NA	WSCJ01000010.1	8415	9527	-	iroB	salmochelin biosynthesis C-glycosyltransferase IroB	plus	VIRULENCE	VIRULENCE	NA	NA	BLASTX	371	371	100.00	86.52	371	EOW04219.1	salmochelin biosynthesis C-glycosyltransferase IroB	NA	NA
GCA_009757745.1	NA	WSCJ01000013.1	45556	48720	-	mdsB	multidrug efflux RND transporter permease subunit MdsB	plus	AMR	AMR	EFFLUX	EFFLUX	BLASTX	1055	1055	100.00	99.72	1055	AAL19305.1	multidrug efflux RND transporter permease subunit MdsB	NA	NA
GCA_009757745.1	NA	WSCJ01000013.1	48720	49943	-	mdsA	multidrug efflux RND transporter periplasmic adaptor subunit MdsA	plus	AMR	AMR	EFFLUX	EFFLUX	BLASTX	408	408	100.00	98.04	408	AAL19306.1	multidrug efflux RND transporter periplasmic adaptor subunit MdsA	NA	NA
GCA_009757745.1	NA	WSCJ01000013.1	50220	52505	+	golT	gold/copper-translocating P-type ATPase GolT	plus	STRESS	METAL	COPPER/GOLD	COPPER/GOLD	BLASTX	762	762	100.00	99.61	762	AAL19307.1	gold/copper-translocating P-type ATPase GolT	NA	NA
GCA_009757745.1	NA	WSCJ01000013.1	52520	52981	+	golS	Au(I) sensor transcriptional regulator GolS	plus	STRESS	METAL	GOLD	GOLD	EXACTX	154	154	100.00	100.00	154	AAL19308.1	Au(I) sensor transcriptional regulator GolS	NA	NA
GCA_009757745.1	NA	WSCJ01000014.1	25313	27367	-	invA	type III secretion system export apparatus protein InvA	plus	VIRULENCE	VIRULENCE	NA	NA	EXACTX	685	685	100.00	100.00	685	WXW86397.1	type III secretion system export apparatus protein InvA	NA	NA
GCA_009757745.1	NA	WSCJ01000019.1	7178	7882	+	floR	chloramphenicol/florfenicol efflux MFS transporter FloR	core	AMR	AMR	PHENICOL	CHLORAMPHENICOL/FLORFENICOL	PARTIAL_CONTIG_ENDX	235	404	58.17	100.00	235	WP_000214121.1	chloramphenicol/florfenicol efflux MFS transporter FloR	NA	NA
GCA_009757745.1	NA	WSCJ01000022.1	69735	70154	-	arsC	glutaredoxin-dependent arsenate reductase	plus	STRESS	METAL	ARSENIC	ARSENATE	BLASTX	140	141	99.29	90.71	140	AAA21096.1	glutaredoxin-dependent arsenate reductase	NA	NA
GCA_009757745.1	NA	WSCJ01000022.1	70170	71456	-	arsB	arsenite efflux transporter membrane subunit ArsB	plus	STRESS	METAL	ARSENIC	ARSENITE	BLASTX	429	429	100.00	97.44	429	BAA24823.1	arsenite efflux transporter membrane subunit ArsB	NA	NA
GCA_009757745.1	NA	WSCJ01000022.1	74047	74406	-	arsD	arsenite efflux transporter metallochaperone ArsD	plus	STRESS	METAL	ARSENIC	ARSENITE	BLASTX	120	120	100.00	93.33	120	AAB09625.1	arsenite efflux transporter metallochaperone ArsD	NA	NA
GCA_009757745.1	NA	WSCJ01000022.1	74457	74807	-	arsR	As(III)-sensing metalloregulatory transcriptional repressor ArsR	plus	STRESS	METAL	ARSENIC	ARSENIC	BLASTX	117	117	100.00	93.16	117	AAB09624.1	As(III)-sensing metalloregulatory transcriptional repressor ArsR	NA	NA
GCA_009757745.1	NA	WSCJ01000034.1	1179	1820	-	qnrB19	quinolone resistance pentapeptide repeat protein QnrB19	core	AMR	AMR	QUINOLONE	QUINOLONE	ALLELEX	214	214	100.00	100.00	214	WP_012954666.1	quinolone resistance pentapeptide repeat protein QnrB19	NA	NA
GCA_009757745.1	NA	WSCJ01000035.1	189747	190442	-	lpfB	long polar fimbrial chaperone LpfB	plus	VIRULENCE	VIRULENCE	NA	NA	BLASTX	232	232	100.00	99.57	232	WXV87835.1	long polar fimbrial chaperone LpfB	NA	NA
GCA_009757745.1	NA	WSCJ01000037.1	10145	10675	+	sodC1	superoxide dismutase [Cu-Zn] SodC1	plus	VIRULENCE	VIRULENCE	NA	NA	EXACTX	177	177	100.00	100.00	177	AAL19978.1	superoxide dismutase [Cu-Zn] SodC1	NA	NA
GCA_009757745.1	NA	WSCJ01000040.1	43603	44508	-	avrA	type III secretion system YopJ family effector AvrA	plus	VIRULENCE	VIRULENCE	NA	NA	INTERNAL_STOP	302	302	100.00	99.01	302	AAL21745.1	type III secretion system YopJ family effector AvrA	NA	NA
GCA_009757745.1	NA	WSCJ01000042.1	3840	4652	+	sul2	sulfonamide-resistant dihydropteroate synthase Sul2	core	AMR	AMR	SULFONAMIDE	SULFONAMIDE	EXACTX	271	271	100.00	100.00	271	WP_001043260.1	sulfonamide-resistant dihydropteroate synthase Sul2	NA	NA
GCA_009757745.1	NA	WSCJ01000042.1	4716	5516	+	aph(3'')-Ib	aminoglycoside O-phosphotransferase APH(3'')-Ib	core	AMR	AMR	AMINOGLYCOSIDE	STREPTOMYCIN	EXACTX	267	267	100.00	100.00	267	WP_001082319.1	aminoglycoside O-phosphotransferase APH(3'')-Ib	NA	NA
GCA_009757745.1	NA	WSCJ01000042.1	5519	6352	+	aph(6)-Id	aminoglycoside O-phosphotransferase APH(6)-Id	core	AMR	AMR	AMINOGLYCOSIDE	STREPTOMYCIN	BLASTX	278	278	100.00	99.64	278	WP_000480968.1	aminoglycoside O-phosphotransferase APH(6)-Id	NA	NA
GCA_009757745.1	NA	WSCJ01000042.1	7782	8978	+	tet(A)	tetracycline efflux MFS transporter Tet(A)	core	AMR	AMR	TETRACYCLINE	TETRACYCLINE	BLASTX	399	399	100.00	99.75	399	WP_000804064.1	tetracycline efflux MFS transporter Tet(A)	NA	NA
GCA_009757745.1	NA	WSCJ01000064.1	93	2456	+	sspH2	SPI-2 type III secretion system effector E3 ubiquitin transferase SspH2	plus	VIRULENCE	VIRULENCE	NA	NA	BLASTX	788	788	100.00	99.37	788	QJV46475.1	SPI-2 type III secretion system effector E3 ubiquitin transferase SspH2	NA	NA
GCA_009757745.1	NA	WSCJ01000080.1	14499	16688	-	sinH	intimin-like inverse autotransporter SinH	plus	VIRULENCE	VIRULENCE	NA	NA	BLASTX	730	730	100.00	99.86	730	AAL21411.1	intimin-like inverse autotransporter SinH	NA	NA
GCA_009757795.1	NA	WSCC01000001.1	39372	40277	-	avrA	type III secretion system YopJ family effector AvrA	plus	VIRULENCE	VIRULENCE	NA	NA	BLASTX	302	302	100.00	99.34	302	AAL21745.1	type III secretion system YopJ family effector AvrA	NA	NA
GCA_009757795.1	NA	WSCC01000001.1	67873	69927	-	invA	type III secretion system export apparatus protein InvA	plus	VIRULENCE	VIRULENCE	NA	NA	EXACTX	685	685	100.00	100.00	685	WXW86397.1	type III secretion system export apparatus protein InvA	NA	NA
GCA_009757795.1	NA	WSCC01000002.1	183903	184598	+	lpfB	long polar fimbrial chaperone LpfB	plus	VIRULENCE	VIRULENCE	NA	NA	EXACTX	232	232	100.00	100.00	232	WXV87835.1	long polar fimbrial chaperone LpfB	NA	NA
GCA_009757795.1	NA	WSCC01000003.1	48881	52507	-	iroC	salmochelin/enterobactin export ABC transporter IroC	plus	VIRULENCE	VIRULENCE	NA	NA	BLASTX	1209	1219	98.85	80.02	1211	AUH19662.1	salmochelin/enterobactin export ABC transporter IroC	NA	NA
GCA_009757795.1	NA	WSCC01000003.1	52591	53703	-	iroB	salmochelin biosynthesis C-glycosyltransferase IroB	plus	VIRULENCE	VIRULENCE	NA	NA	BLASTX	371	371	100.00	86.52	371	EOW04219.1	salmochelin biosynthesis C-glycosyltransferase IroB	NA	NA
GCA_009757795.1	NA	WSCC01000005.1	389086	390129	+	sseK2	type III secretion system effector arginine glycosyltransferase SseK2	plus	VIRULENCE	VIRULENCE	NA	NA	BLASTX	348	348	100.00	98.28	348	AAL21040.1	type III secretion system effector arginine glycosyltransferase SseK2	NA	NA
GCA_009757795.1	NA	WSCC01000005.1	489045	491408	-	sspH2	SPI-2 type III secretion system effector E3 ubiquitin transferase SspH2	plus	VIRULENCE	VIRULENCE	NA	NA	BLASTX	788	788	100.00	99.37	788	QJV46475.1	SPI-2 type III secretion system effector E3 ubiquitin transferase SspH2	NA	NA
GCA_009757795.1	NA	WSCC01000007.1	762735	763265	+	sodC1	superoxide dismutase [Cu-Zn] SodC1	plus	VIRULENCE	VIRULENCE	NA	NA	EXACTX	177	177	100.00	100.00	177	AAL19978.1	superoxide dismutase [Cu-Zn] SodC1	NA	NA
GCA_009757795.1	NA	WSCC01000008.1	36123	36584	-	golS	Au(I) sensor transcriptional regulator GolS	plus	STRESS	METAL	GOLD	GOLD	EXACTX	154	154	100.00	100.00	154	AAL19308.1	Au(I) sensor transcriptional regulator GolS	NA	NA
GCA_009757795.1	NA	WSCC01000008.1	36599	38884	-	golT	gold/copper-translocating P-type ATPase GolT	plus	STRESS	METAL	COPPER/GOLD	COPPER/GOLD	BLASTX	762	762	100.00	99.61	762	AAL19307.1	gold/copper-translocating P-type ATPase GolT	NA	NA
GCA_009757795.1	NA	WSCC01000008.1	39161	40384	+	mdsA	multidrug efflux RND transporter periplasmic adaptor subunit MdsA	plus	AMR	AMR	EFFLUX	EFFLUX	BLASTX	408	408	100.00	98.28	408	AAL19306.1	multidrug efflux RND transporter periplasmic adaptor subunit MdsA	NA	NA
GCA_009757795.1	NA	WSCC01000008.1	40384	43548	+	mdsB	multidrug efflux RND transporter permease subunit MdsB	plus	AMR	AMR	EFFLUX	EFFLUX	BLASTX	1055	1055	100.00	99.62	1055	AAL19305.1	multidrug efflux RND transporter permease subunit MdsB	NA	NA
GCA_009757795.1	NA	WSCC01000013.1	17770	19959	-	sinH	intimin-like inverse autotransporter SinH	plus	VIRULENCE	VIRULENCE	NA	NA	BLASTX	730	730	100.00	99.73	730	AAL21411.1	intimin-like inverse autotransporter SinH	NA	NA
GCA_009757795.1	NA	WSCC01000032.1	25049	25696	+	spvD	SPI-2 type III secretion system effector cysteine hydrolase SpvD	plus	VIRULENCE	VIRULENCE	NA	NA	BLASTX	216	216	100.00	99.07	216	AAG59626.1	SPI-2 type III secretion system effector cysteine hydrolase SpvD	NA	NA
GCA_009757805.1	NA	WSCD01000001.1	1	2181	+	sspH2	SPI-2 type III secretion system effector E3 ubiquitin transferase SspH2	plus	VIRULENCE	VIRULENCE	NA	NA	BLASTX	727	788	92.26	99.31	727	QJV46475.1	SPI-2 type III secretion system effector E3 ubiquitin transferase SspH2	NA	NA
GCA_009757805.1	NA	WSCD01000001.1	101097	102140	-	sseK2	type III secretion system effector arginine glycosyltransferase SseK2	plus	VIRULENCE	VIRULENCE	NA	NA	BLASTX	348	348	100.00	98.28	348	AAL21040.1	type III secretion system effector arginine glycosyltransferase SseK2	NA	NA
GCA_009757805.1	NA	WSCD01000003.1	39373	40278	-	avrA	type III secretion system YopJ family effector AvrA	plus	VIRULENCE	VIRULENCE	NA	NA	BLASTX	302	302	100.00	99.34	302	AAL21745.1	type III secretion system YopJ family effector AvrA	NA	NA
GCA_009757805.1	NA	WSCD01000003.1	67874	69928	-	invA	type III secretion system export apparatus protein InvA	plus	VIRULENCE	VIRULENCE	NA	NA	EXACTX	685	685	100.00	100.00	685	WXW86397.1	type III secretion system export apparatus protein InvA	NA	NA
GCA_009757805.1	NA	WSCD01000004.1	8938	9468	+	sodC1	superoxide dismutase [Cu-Zn] SodC1	plus	VIRULENCE	VIRULENCE	NA	NA	EXACTX	177	177	100.00	100.00	177	AAL19978.1	superoxide dismutase [Cu-Zn] SodC1	NA	NA
GCA_009757805.1	NA	WSCD01000005.1	183729	184424	+	lpfB	long polar fimbrial chaperone LpfB	plus	VIRULENCE	VIRULENCE	NA	NA	EXACTX	232	232	100.00	100.00	232	WXV87835.1	long polar fimbrial chaperone LpfB	NA	NA
GCA_009757805.1	NA	WSCD01000021.1	68415	71579	-	mdsB	multidrug efflux RND transporter permease subunit MdsB	plus	AMR	AMR	EFFLUX	EFFLUX	BLASTX	1055	1055	100.00	99.62	1055	AAL19305.1	multidrug efflux RND transporter permease subunit MdsB	NA	NA
GCA_009757805.1	NA	WSCD01000021.1	71579	72802	-	mdsA	multidrug efflux RND transporter periplasmic adaptor subunit MdsA	plus	AMR	AMR	EFFLUX	EFFLUX	BLASTX	408	408	100.00	98.28	408	AAL19306.1	multidrug efflux RND transporter periplasmic adaptor subunit MdsA	NA	NA
GCA_009757805.1	NA	WSCD01000021.1	73079	75364	+	golT	gold/copper-translocating P-type ATPase GolT	plus	STRESS	METAL	COPPER/GOLD	COPPER/GOLD	BLASTX	762	762	100.00	99.61	762	AAL19307.1	gold/copper-translocating P-type ATPase GolT	NA	NA
GCA_009757805.1	NA	WSCD01000021.1	75379	75840	+	golS	Au(I) sensor transcriptional regulator GolS	plus	STRESS	METAL	GOLD	GOLD	EXACTX	154	154	100.00	100.00	154	AAL19308.1	Au(I) sensor transcriptional regulator GolS	NA	NA
GCA_009757805.1	NA	WSCD01000023.1	107314	109503	-	sinH	intimin-like inverse autotransporter SinH	plus	VIRULENCE	VIRULENCE	NA	NA	BLASTX	730	730	100.00	99.73	730	AAL21411.1	intimin-like inverse autotransporter SinH	NA	NA
GCA_009757805.1	NA	WSCD01000030.1	48951	52577	-	iroC	salmochelin/enterobactin export ABC transporter IroC	plus	VIRULENCE	VIRULENCE	NA	NA	BLASTX	1209	1219	98.85	80.02	1211	AUH19662.1	salmochelin/enterobactin export ABC transporter IroC	NA	NA
GCA_009757805.1	NA	WSCD01000030.1	52661	53773	-	iroB	salmochelin biosynthesis C-glycosyltransferase IroB	plus	VIRULENCE	VIRULENCE	NA	NA	BLASTX	371	371	100.00	86.52	371	EOW04219.1	salmochelin biosynthesis C-glycosyltransferase IroB	NA	NA
GCA_009757835.1	NA	WSCE01000003.1	189753	190448	-	lpfB	long polar fimbrial chaperone LpfB	plus	VIRULENCE	VIRULENCE	NA	NA	EXACTX	232	232	100.00	100.00	232	WXV87835.1	long polar fimbrial chaperone LpfB	NA	NA
GCA_009757835.1	NA	WSCE01000004.1	4508	6871	+	sspH2	SPI-2 type III secretion system effector E3 ubiquitin transferase SspH2	plus	VIRULENCE	VIRULENCE	NA	NA	BLASTX	788	788	100.00	99.24	788	QJV46475.1	SPI-2 type III secretion system effector E3 ubiquitin transferase SspH2	NA	NA
GCA_009757835.1	NA	WSCE01000004.1	105787	106830	-	sseK2	type III secretion system effector arginine glycosyltransferase SseK2	plus	VIRULENCE	VIRULENCE	NA	NA	BLASTX	348	348	100.00	98.28	348	AAL21040.1	type III secretion system effector arginine glycosyltransferase SseK2	NA	NA
GCA_009757835.1	NA	WSCE01000005.1	54343	54873	+	sodC1	superoxide dismutase [Cu-Zn] SodC1	plus	VIRULENCE	VIRULENCE	NA	NA	EXACTX	177	177	100.00	100.00	177	AAL19978.1	superoxide dismutase [Cu-Zn] SodC1	NA	NA
GCA_009757835.1	NA	WSCE01000008.1	90227	91339	+	iroB	salmochelin biosynthesis C-glycosyltransferase IroB	plus	VIRULENCE	VIRULENCE	NA	NA	BLASTX	371	371	100.00	86.52	371	EOW04219.1	salmochelin biosynthesis C-glycosyltransferase IroB	NA	NA
GCA_009757835.1	NA	WSCE01000008.1	91423	95049	+	iroC	salmochelin/enterobactin export ABC transporter IroC	plus	VIRULENCE	VIRULENCE	NA	NA	BLASTX	1209	1219	98.85	80.02	1211	AUH19662.1	salmochelin/enterobactin export ABC transporter IroC	NA	NA
GCA_009757835.1	NA	WSCE01000008.1	183617	184522	-	avrA	type III secretion system YopJ family effector AvrA	plus	VIRULENCE	VIRULENCE	NA	NA	BLASTX	302	302	100.00	99.34	302	AAL21745.1	type III secretion system YopJ family effector AvrA	NA	NA
GCA_009757835.1	NA	WSCE01000008.1	212118	214172	-	invA	type III secretion system export apparatus protein InvA	plus	VIRULENCE	VIRULENCE	NA	NA	EXACTX	685	685	100.00	100.00	685	WXW86397.1	type III secretion system export apparatus protein InvA	NA	NA
GCA_009757835.1	NA	WSCE01000013.1	36302	36763	-	golS	Au(I) sensor transcriptional regulator GolS	plus	STRESS	METAL	GOLD	GOLD	EXACTX	154	154	100.00	100.00	154	AAL19308.1	Au(I) sensor transcriptional regulator GolS	NA	NA
GCA_009757835.1	NA	WSCE01000013.1	36778	39063	-	golT	gold/copper-translocating P-type ATPase GolT	plus	STRESS	METAL	COPPER/GOLD	COPPER/GOLD	BLASTX	762	762	100.00	99.61	762	AAL19307.1	gold/copper-translocating P-type ATPase GolT	NA	NA
GCA_009757835.1	NA	WSCE01000013.1	39340	40563	+	mdsA	multidrug efflux RND transporter periplasmic adaptor subunit MdsA	plus	AMR	AMR	EFFLUX	EFFLUX	BLASTX	408	408	100.00	98.28	408	AAL19306.1	multidrug efflux RND transporter periplasmic adaptor subunit MdsA	NA	NA
GCA_009757835.1	NA	WSCE01000013.1	40563	43727	+	mdsB	multidrug efflux RND transporter permease subunit MdsB	plus	AMR	AMR	EFFLUX	EFFLUX	BLASTX	1055	1055	100.00	99.62	1055	AAL19305.1	multidrug efflux RND transporter permease subunit MdsB	NA	NA
GCA_009757835.1	NA	WSCE01000015.1	52873	53520	+	spvD	SPI-2 type III secretion system effector cysteine hydrolase SpvD	plus	VIRULENCE	VIRULENCE	NA	NA	EXACTX	216	216	100.00	100.00	216	AAG59626.1	SPI-2 type III secretion system effector cysteine hydrolase SpvD	NA	NA
GCA_009757835.1	NA	WSCE01000016.1	96712	98901	+	sinH	intimin-like inverse autotransporter SinH	plus	VIRULENCE	VIRULENCE	NA	NA	BLASTX	730	730	100.00	99.73	730	AAL21411.1	intimin-like inverse autotransporter SinH	NA	NA
GCA_009757855.1	NA	WSCI01000008.1	944	1639	+	lpfB	long polar fimbrial chaperone LpfB	plus	VIRULENCE	VIRULENCE	NA	NA	EXACTX	232	232	100.00	100.00	232	WXV87835.1	long polar fimbrial chaperone LpfB	NA	NA
GCA_009757855.1	NA	WSCI01000015.1	8938	9468	+	sodC1	superoxide dismutase [Cu-Zn] SodC1	plus	VIRULENCE	VIRULENCE	NA	NA	EXACTX	177	177	100.00	100.00	177	AAL19978.1	superoxide dismutase [Cu-Zn] SodC1	NA	NA
GCA_009757855.1	NA	WSCI01000020.1	43574	44479	-	avrA	type III secretion system YopJ family effector AvrA	plus	VIRULENCE	VIRULENCE	NA	NA	BLASTX	302	302	100.00	99.34	302	AAL21745.1	type III secretion system YopJ family effector AvrA	NA	NA
GCA_009757855.1	NA	WSCI01000020.1	72075	74129	-	invA	type III secretion system export apparatus protein InvA	plus	VIRULENCE	VIRULENCE	NA	NA	EXACTX	685	685	100.00	100.00	685	WXW86397.1	type III secretion system export apparatus protein InvA	NA	NA
GCA_009757855.1	NA	WSCI01000024.1	1	2181	+	sspH2	SPI-2 type III secretion system effector E3 ubiquitin transferase SspH2	plus	VIRULENCE	VIRULENCE	NA	NA	BLASTX	727	788	92.26	99.31	727	QJV46475.1	SPI-2 type III secretion system effector E3 ubiquitin transferase SspH2	NA	NA
GCA_009757855.1	NA	WSCI01000026.1	14500	16689	-	sinH	intimin-like inverse autotransporter SinH	plus	VIRULENCE	VIRULENCE	NA	NA	BLASTX	730	730	100.00	99.73	730	AAL21411.1	intimin-like inverse autotransporter SinH	NA	NA
GCA_009757855.1	NA	WSCI01000033.1	77337	78380	-	sseK2	type III secretion system effector arginine glycosyltransferase SseK2	plus	VIRULENCE	VIRULENCE	NA	NA	BLASTX	348	348	100.00	98.28	348	AAL21040.1	type III secretion system effector arginine glycosyltransferase SseK2	NA	NA
GCA_009757855.1	NA	WSCI01000046.1	126772	127233	-	golS	Au(I) sensor transcriptional regulator GolS	plus	STRESS	METAL	GOLD	GOLD	EXACTX	154	154	100.00	100.00	154	AAL19308.1	Au(I) sensor transcriptional regulator GolS	NA	NA
GCA_009757855.1	NA	WSCI01000046.1	127248	129533	-	golT	gold/copper-translocating P-type ATPase GolT	plus	STRESS	METAL	COPPER/GOLD	COPPER/GOLD	BLASTX	762	762	100.00	99.61	762	AAL19307.1	gold/copper-translocating P-type ATPase GolT	NA	NA
GCA_009757855.1	NA	WSCI01000046.1	129810	131033	+	mdsA	multidrug efflux RND transporter periplasmic adaptor subunit MdsA	plus	AMR	AMR	EFFLUX	EFFLUX	BLASTX	408	408	100.00	98.28	408	AAL19306.1	multidrug efflux RND transporter periplasmic adaptor subunit MdsA	NA	NA
GCA_009757855.1	NA	WSCI01000046.1	131033	134197	+	mdsB	multidrug efflux RND transporter permease subunit MdsB	plus	AMR	AMR	EFFLUX	EFFLUX	BLASTX	1055	1055	100.00	99.62	1055	AAL19305.1	multidrug efflux RND transporter permease subunit MdsB	NA	NA
GCA_009757855.1	NA	WSCI01000068.1	630	1742	+	iroB	salmochelin biosynthesis C-glycosyltransferase IroB	plus	VIRULENCE	VIRULENCE	NA	NA	BLASTX	371	371	100.00	86.52	371	EOW04219.1	salmochelin biosynthesis C-glycosyltransferase IroB	NA	NA
GCA_009757855.1	NA	WSCI01000068.1	1826	5452	+	iroC	salmochelin/enterobactin export ABC transporter IroC	plus	VIRULENCE	VIRULENCE	NA	NA	BLASTX	1209	1219	98.85	80.02	1211	AUH19662.1	salmochelin/enterobactin export ABC transporter IroC	NA	NA
GCA_009757875.1	NA	WSCB01000001.1	257809	258339	-	sodC1	superoxide dismutase [Cu-Zn] SodC1	plus	VIRULENCE	VIRULENCE	NA	NA	EXACTX	177	177	100.00	100.00	177	AAL19978.1	superoxide dismutase [Cu-Zn] SodC1	NA	NA
GCA_009757875.1	NA	WSCB01000003.1	430251	431294	+	sseK2	type III secretion system effector arginine glycosyltransferase SseK2	plus	VIRULENCE	VIRULENCE	NA	NA	BLASTX	348	348	100.00	98.28	348	AAL21040.1	type III secretion system effector arginine glycosyltransferase SseK2	NA	NA
GCA_009757875.1	NA	WSCB01000003.1	530210	532393	-	sspH2	SPI-2 type III secretion system effector E3 ubiquitin transferase SspH2	plus	VIRULENCE	VIRULENCE	NA	NA	BLASTX	728	788	92.39	99.31	728	QJV46475.1	SPI-2 type III secretion system effector E3 ubiquitin transferase SspH2	NA	NA
GCA_009757875.1	NA	WSCB01000005.1	297362	299551	-	sinH	intimin-like inverse autotransporter SinH	plus	VIRULENCE	VIRULENCE	NA	NA	BLASTX	730	730	100.00	99.73	730	AAL21411.1	intimin-like inverse autotransporter SinH	NA	NA
GCA_009757875.1	NA	WSCB01000008.1	183729	184424	+	lpfB	long polar fimbrial chaperone LpfB	plus	VIRULENCE	VIRULENCE	NA	NA	EXACTX	232	232	100.00	100.00	232	WXV87835.1	long polar fimbrial chaperone LpfB	NA	NA
GCA_009757875.1	NA	WSCB01000009.1	282292	284346	+	invA	type III secretion system export apparatus protein InvA	plus	VIRULENCE	VIRULENCE	NA	NA	EXACTX	685	685	100.00	100.00	685	WXW86397.1	type III secretion system export apparatus protein InvA	NA	NA
GCA_009757875.1	NA	WSCB01000009.1	311942	312847	+	avrA	type III secretion system YopJ family effector AvrA	plus	VIRULENCE	VIRULENCE	NA	NA	BLASTX	302	302	100.00	99.34	302	AAL21745.1	type III secretion system YopJ family effector AvrA	NA	NA
GCA_009757875.1	NA	WSCB01000009.1	401415	405041	-	iroC	salmochelin/enterobactin export ABC transporter IroC	plus	VIRULENCE	VIRULENCE	NA	NA	BLASTX	1209	1219	98.85	80.02	1211	AUH19662.1	salmochelin/enterobactin export ABC transporter IroC	NA	NA
GCA_009757875.1	NA	WSCB01000009.1	405125	406237	-	iroB	salmochelin biosynthesis C-glycosyltransferase IroB	plus	VIRULENCE	VIRULENCE	NA	NA	BLASTX	371	371	100.00	86.52	371	EOW04219.1	salmochelin biosynthesis C-glycosyltransferase IroB	NA	NA
GCA_009757875.1	NA	WSCB01000014.1	42118	45282	-	mdsB	multidrug efflux RND transporter permease subunit MdsB	plus	AMR	AMR	EFFLUX	EFFLUX	BLASTX	1055	1055	100.00	99.62	1055	AAL19305.1	multidrug efflux RND transporter permease subunit MdsB	NA	NA
GCA_009757875.1	NA	WSCB01000014.1	45282	46505	-	mdsA	multidrug efflux RND transporter periplasmic adaptor subunit MdsA	plus	AMR	AMR	EFFLUX	EFFLUX	BLASTX	408	408	100.00	98.28	408	AAL19306.1	multidrug efflux RND transporter periplasmic adaptor subunit MdsA	NA	NA
GCA_009757875.1	NA	WSCB01000014.1	46782	49067	+	golT	gold/copper-translocating P-type ATPase GolT	plus	STRESS	METAL	COPPER/GOLD	COPPER/GOLD	BLASTX	762	762	100.00	99.61	762	AAL19307.1	gold/copper-translocating P-type ATPase GolT	NA	NA
GCA_009757875.1	NA	WSCB01000014.1	49082	49543	+	golS	Au(I) sensor transcriptional regulator GolS	plus	STRESS	METAL	GOLD	GOLD	EXACTX	154	154	100.00	100.00	154	AAL19308.1	Au(I) sensor transcriptional regulator GolS	NA	NA
GCA_009757875.1	NA	WSCB01000037.1	62	808	-	tet(A)	tetracycline efflux MFS transporter Tet(A)	core	AMR	AMR	TETRACYCLINE	TETRACYCLINE	INTERNAL_STOP	249	399	62.41	98.80	249	WP_000804064.1	tetracycline efflux MFS transporter Tet(A)	NA	NA
GCA_009757895.1	NA	WSBR01000001.1	68700	71864	-	mdsB	multidrug efflux RND transporter permease subunit MdsB	plus	AMR	AMR	EFFLUX	EFFLUX	BLASTX	1055	1055	100.00	99.62	1055	AAL19305.1	multidrug efflux RND transporter permease subunit MdsB	NA	NA
GCA_009757895.1	NA	WSBR01000001.1	71864	73087	-	mdsA	multidrug efflux RND transporter periplasmic adaptor subunit MdsA	plus	AMR	AMR	EFFLUX	EFFLUX	BLASTX	408	408	100.00	98.28	408	AAL19306.1	multidrug efflux RND transporter periplasmic adaptor subunit MdsA	NA	NA
GCA_009757895.1	NA	WSBR01000001.1	73364	75649	+	golT	gold/copper-translocating P-type ATPase GolT	plus	STRESS	METAL	COPPER/GOLD	COPPER/GOLD	BLASTX	762	762	100.00	99.61	762	AAL19307.1	gold/copper-translocating P-type ATPase GolT	NA	NA
GCA_009757895.1	NA	WSBR01000001.1	75664	76125	+	golS	Au(I) sensor transcriptional regulator GolS	plus	STRESS	METAL	GOLD	GOLD	EXACTX	154	154	100.00	100.00	154	AAL19308.1	Au(I) sensor transcriptional regulator GolS	NA	NA
GCA_009757895.1	NA	WSBR01000002.1	160917	162971	+	invA	type III secretion system export apparatus protein InvA	plus	VIRULENCE	VIRULENCE	NA	NA	EXACTX	685	685	100.00	100.00	685	WXW86397.1	type III secretion system export apparatus protein InvA	NA	NA
GCA_009757895.1	NA	WSBR01000002.1	190567	191472	+	avrA	type III secretion system YopJ family effector AvrA	plus	VIRULENCE	VIRULENCE	NA	NA	BLASTX	302	302	100.00	99.34	302	AAL21745.1	type III secretion system YopJ family effector AvrA	NA	NA
GCA_009757895.1	NA	WSBR01000002.1	280040	283666	-	iroC	salmochelin/enterobactin export ABC transporter IroC	plus	VIRULENCE	VIRULENCE	NA	NA	BLASTX	1209	1219	98.85	80.02	1211	AUH19662.1	salmochelin/enterobactin export ABC transporter IroC	NA	NA
GCA_009757895.1	NA	WSBR01000002.1	283750	284862	-	iroB	salmochelin biosynthesis C-glycosyltransferase IroB	plus	VIRULENCE	VIRULENCE	NA	NA	BLASTX	371	371	100.00	86.52	371	EOW04219.1	salmochelin biosynthesis C-glycosyltransferase IroB	NA	NA
GCA_009757895.1	NA	WSBR01000003.1	30478	31008	-	sodC1	superoxide dismutase [Cu-Zn] SodC1	plus	VIRULENCE	VIRULENCE	NA	NA	EXACTX	177	177	100.00	100.00	177	AAL19978.1	superoxide dismutase [Cu-Zn] SodC1	NA	NA
GCA_009757895.1	NA	WSBR01000005.1	189708	190403	-	lpfB	long polar fimbrial chaperone LpfB	plus	VIRULENCE	VIRULENCE	NA	NA	EXACTX	232	232	100.00	100.00	232	WXV87835.1	long polar fimbrial chaperone LpfB	NA	NA
GCA_009757895.1	NA	WSBR01000014.1	297556	299745	-	sinH	intimin-like inverse autotransporter SinH	plus	VIRULENCE	VIRULENCE	NA	NA	BLASTX	730	730	100.00	99.73	730	AAL21411.1	intimin-like inverse autotransporter SinH	NA	NA
GCA_009757895.1	NA	WSBR01000017.1	4542	6905	+	sspH2	SPI-2 type III secretion system effector E3 ubiquitin transferase SspH2	plus	VIRULENCE	VIRULENCE	NA	NA	BLASTX	788	788	100.00	99.37	788	QJV46475.1	SPI-2 type III secretion system effector E3 ubiquitin transferase SspH2	NA	NA
GCA_009757895.1	NA	WSBR01000017.1	105821	106864	-	sseK2	type III secretion system effector arginine glycosyltransferase SseK2	plus	VIRULENCE	VIRULENCE	NA	NA	BLASTX	348	348	100.00	98.28	348	AAL21040.1	type III secretion system effector arginine glycosyltransferase SseK2	NA	NA
GCA_009757895.1	NA	WSBR01000021.1	25200	25847	+	spvD	SPI-2 type III secretion system effector cysteine hydrolase SpvD	plus	VIRULENCE	VIRULENCE	NA	NA	BLASTX	216	216	100.00	99.07	216	AAG59626.1	SPI-2 type III secretion system effector cysteine hydrolase SpvD	NA	NA
GCA_009757905.1	NA	WSBZ01000003.1	630	1742	+	iroB	salmochelin biosynthesis C-glycosyltransferase IroB	plus	VIRULENCE	VIRULENCE	NA	NA	BLASTX	371	371	100.00	86.52	371	EOW04219.1	salmochelin biosynthesis C-glycosyltransferase IroB	NA	NA
GCA_009757905.1	NA	WSBZ01000003.1	1826	5452	+	iroC	salmochelin/enterobactin export ABC transporter IroC	plus	VIRULENCE	VIRULENCE	NA	NA	BLASTX	1209	1219	98.85	80.02	1211	AUH19662.1	salmochelin/enterobactin export ABC transporter IroC	NA	NA
GCA_009757905.1	NA	WSBZ01000003.1	93473	94378	-	avrA	type III secretion system YopJ family effector AvrA	plus	VIRULENCE	VIRULENCE	NA	NA	BLASTX	302	302	100.00	99.34	302	AAL21745.1	type III secretion system YopJ family effector AvrA	NA	NA
GCA_009757905.1	NA	WSBZ01000003.1	121974	124028	-	invA	type III secretion system export apparatus protein InvA	plus	VIRULENCE	VIRULENCE	NA	NA	EXACTX	685	685	100.00	100.00	685	WXW86397.1	type III secretion system export apparatus protein InvA	NA	NA
GCA_009757905.1	NA	WSBZ01000007.1	762639	763169	+	sodC1	superoxide dismutase [Cu-Zn] SodC1	plus	VIRULENCE	VIRULENCE	NA	NA	EXACTX	177	177	100.00	100.00	177	AAL19978.1	superoxide dismutase [Cu-Zn] SodC1	NA	NA
GCA_009757905.1	NA	WSBZ01000008.1	189707	190402	-	lpfB	long polar fimbrial chaperone LpfB	plus	VIRULENCE	VIRULENCE	NA	NA	EXACTX	232	232	100.00	100.00	232	WXV87835.1	long polar fimbrial chaperone LpfB	NA	NA
GCA_009757905.1	NA	WSBZ01000011.1	119385	121574	+	sinH	intimin-like inverse autotransporter SinH	plus	VIRULENCE	VIRULENCE	NA	NA	BLASTX	730	730	100.00	99.73	730	AAL21411.1	intimin-like inverse autotransporter SinH	NA	NA
GCA_009757905.1	NA	WSBZ01000012.1	4508	6871	+	sspH2	SPI-2 type III secretion system effector E3 ubiquitin transferase SspH2	plus	VIRULENCE	VIRULENCE	NA	NA	BLASTX	788	788	100.00	99.37	788	QJV46475.1	SPI-2 type III secretion system effector E3 ubiquitin transferase SspH2	NA	NA
GCA_009757905.1	NA	WSBZ01000012.1	105787	106830	-	sseK2	type III secretion system effector arginine glycosyltransferase SseK2	plus	VIRULENCE	VIRULENCE	NA	NA	BLASTX	348	348	100.00	98.28	348	AAL21040.1	type III secretion system effector arginine glycosyltransferase SseK2	NA	NA
GCA_009757905.1	NA	WSBZ01000022.1	42196	45360	-	mdsB	multidrug efflux RND transporter permease subunit MdsB	plus	AMR	AMR	EFFLUX	EFFLUX	BLASTX	1055	1055	100.00	99.62	1055	AAL19305.1	multidrug efflux RND transporter permease subunit MdsB	NA	NA
GCA_009757905.1	NA	WSBZ01000022.1	45360	46583	-	mdsA	multidrug efflux RND transporter periplasmic adaptor subunit MdsA	plus	AMR	AMR	EFFLUX	EFFLUX	BLASTX	408	408	100.00	98.28	408	AAL19306.1	multidrug efflux RND transporter periplasmic adaptor subunit MdsA	NA	NA
GCA_009757905.1	NA	WSBZ01000022.1	46860	49145	+	golT	gold/copper-translocating P-type ATPase GolT	plus	STRESS	METAL	COPPER/GOLD	COPPER/GOLD	BLASTX	762	762	100.00	99.61	762	AAL19307.1	gold/copper-translocating P-type ATPase GolT	NA	NA
GCA_009757905.1	NA	WSBZ01000022.1	49160	49621	+	golS	Au(I) sensor transcriptional regulator GolS	plus	STRESS	METAL	GOLD	GOLD	EXACTX	154	154	100.00	100.00	154	AAL19308.1	Au(I) sensor transcriptional regulator GolS	NA	NA
GCA_009757905.1	NA	WSBZ01000024.1	27455	28102	-	spvD	SPI-2 type III secretion system effector cysteine hydrolase SpvD	plus	VIRULENCE	VIRULENCE	NA	NA	BLASTX	216	216	100.00	99.07	216	AAG59626.1	SPI-2 type III secretion system effector cysteine hydrolase SpvD	NA	NA
GCA_009757925.1	NA	WSBU01000001.1	39373	40278	-	avrA	type III secretion system YopJ family effector AvrA	plus	VIRULENCE	VIRULENCE	NA	NA	BLASTX	302	302	100.00	99.34	302	AAL21745.1	type III secretion system YopJ family effector AvrA	NA	NA
GCA_009757925.1	NA	WSBU01000001.1	67874	69928	-	invA	type III secretion system export apparatus protein InvA	plus	VIRULENCE	VIRULENCE	NA	NA	EXACTX	685	685	100.00	100.00	685	WXW86397.1	type III secretion system export apparatus protein InvA	NA	NA
GCA_009757925.1	NA	WSBU01000003.1	630	1742	+	iroB	salmochelin biosynthesis C-glycosyltransferase IroB	plus	VIRULENCE	VIRULENCE	NA	NA	BLASTX	371	371	100.00	86.52	371	EOW04219.1	salmochelin biosynthesis C-glycosyltransferase IroB	NA	NA
GCA_009757925.1	NA	WSBU01000003.1	1826	5452	+	iroC	salmochelin/enterobactin export ABC transporter IroC	plus	VIRULENCE	VIRULENCE	NA	NA	BLASTX	1209	1219	98.85	80.02	1211	AUH19662.1	salmochelin/enterobactin export ABC transporter IroC	NA	NA
GCA_009757925.1	NA	WSBU01000005.1	68700	71864	-	mdsB	multidrug efflux RND transporter permease subunit MdsB	plus	AMR	AMR	EFFLUX	EFFLUX	BLASTX	1055	1055	100.00	99.62	1055	AAL19305.1	multidrug efflux RND transporter permease subunit MdsB	NA	NA
GCA_009757925.1	NA	WSBU01000005.1	71864	73087	-	mdsA	multidrug efflux RND transporter periplasmic adaptor subunit MdsA	plus	AMR	AMR	EFFLUX	EFFLUX	BLASTX	408	408	100.00	98.28	408	AAL19306.1	multidrug efflux RND transporter periplasmic adaptor subunit MdsA	NA	NA
GCA_009757925.1	NA	WSBU01000005.1	73364	75649	+	golT	gold/copper-translocating P-type ATPase GolT	plus	STRESS	METAL	COPPER/GOLD	COPPER/GOLD	BLASTX	762	762	100.00	99.61	762	AAL19307.1	gold/copper-translocating P-type ATPase GolT	NA	NA
GCA_009757925.1	NA	WSBU01000005.1	75664	76125	+	golS	Au(I) sensor transcriptional regulator GolS	plus	STRESS	METAL	GOLD	GOLD	EXACTX	154	154	100.00	100.00	154	AAL19308.1	Au(I) sensor transcriptional regulator GolS	NA	NA
GCA_009757925.1	NA	WSBU01000006.1	189696	190391	-	lpfB	long polar fimbrial chaperone LpfB	plus	VIRULENCE	VIRULENCE	NA	NA	EXACTX	232	232	100.00	100.00	232	WXV87835.1	long polar fimbrial chaperone LpfB	NA	NA
GCA_009757925.1	NA	WSBU01000007.1	441135	441665	+	sodC1	superoxide dismutase [Cu-Zn] SodC1	plus	VIRULENCE	VIRULENCE	NA	NA	EXACTX	177	177	100.00	100.00	177	AAL19978.1	superoxide dismutase [Cu-Zn] SodC1	NA	NA
GCA_009757925.1	NA	WSBU01000008.1	297556	299745	-	sinH	intimin-like inverse autotransporter SinH	plus	VIRULENCE	VIRULENCE	NA	NA	BLASTX	730	730	100.00	99.73	730	AAL21411.1	intimin-like inverse autotransporter SinH	NA	NA
GCA_009757925.1	NA	WSBU01000010.1	390093	391136	+	sseK2	type III secretion system effector arginine glycosyltransferase SseK2	plus	VIRULENCE	VIRULENCE	NA	NA	BLASTX	348	348	100.00	98.28	348	AAL21040.1	type III secretion system effector arginine glycosyltransferase SseK2	NA	NA
GCA_009757925.1	NA	WSBU01000016.1	4509	6872	+	sspH2	SPI-2 type III secretion system effector E3 ubiquitin transferase SspH2	plus	VIRULENCE	VIRULENCE	NA	NA	BLASTX	788	788	100.00	99.37	788	QJV46475.1	SPI-2 type III secretion system effector E3 ubiquitin transferase SspH2	NA	NA
GCA_009757925.1	NA	WSBU01000024.1	25135	25782	+	spvD	SPI-2 type III secretion system effector cysteine hydrolase SpvD	plus	VIRULENCE	VIRULENCE	NA	NA	BLASTX	216	216	100.00	99.07	216	AAG59626.1	SPI-2 type III secretion system effector cysteine hydrolase SpvD	NA	NA
GCA_009757935.1	NA	WSBY01000001.1	119385	121574	+	sinH	intimin-like inverse autotransporter SinH	plus	VIRULENCE	VIRULENCE	NA	NA	BLASTX	730	730	100.00	99.73	730	AAL21411.1	intimin-like inverse autotransporter SinH	NA	NA
GCA_009757935.1	NA	WSBY01000003.1	36122	36583	-	golS	Au(I) sensor transcriptional regulator GolS	plus	STRESS	METAL	GOLD	GOLD	EXACTX	154	154	100.00	100.00	154	AAL19308.1	Au(I) sensor transcriptional regulator GolS	NA	NA
GCA_009757935.1	NA	WSBY01000003.1	36598	38883	-	golT	gold/copper-translocating P-type ATPase GolT	plus	STRESS	METAL	COPPER/GOLD	COPPER/GOLD	BLASTX	762	762	100.00	99.61	762	AAL19307.1	gold/copper-translocating P-type ATPase GolT	NA	NA
GCA_009757935.1	NA	WSBY01000003.1	39160	40383	+	mdsA	multidrug efflux RND transporter periplasmic adaptor subunit MdsA	plus	AMR	AMR	EFFLUX	EFFLUX	BLASTX	408	408	100.00	98.28	408	AAL19306.1	multidrug efflux RND transporter periplasmic adaptor subunit MdsA	NA	NA
GCA_009757935.1	NA	WSBY01000003.1	40383	43547	+	mdsB	multidrug efflux RND transporter permease subunit MdsB	plus	AMR	AMR	EFFLUX	EFFLUX	BLASTX	1055	1055	100.00	99.62	1055	AAL19305.1	multidrug efflux RND transporter permease subunit MdsB	NA	NA
GCA_009757935.1	NA	WSBY01000004.1	183902	184597	+	lpfB	long polar fimbrial chaperone LpfB	plus	VIRULENCE	VIRULENCE	NA	NA	EXACTX	232	232	100.00	100.00	232	WXV87835.1	long polar fimbrial chaperone LpfB	NA	NA
GCA_009757935.1	NA	WSBY01000005.1	379205	381259	+	invA	type III secretion system export apparatus protein InvA	plus	VIRULENCE	VIRULENCE	NA	NA	EXACTX	685	685	100.00	100.00	685	WXW86397.1	type III secretion system export apparatus protein InvA	NA	NA
GCA_009757935.1	NA	WSBY01000005.1	408855	409760	+	avrA	type III secretion system YopJ family effector AvrA	plus	VIRULENCE	VIRULENCE	NA	NA	BLASTX	302	302	100.00	99.34	302	AAL21745.1	type III secretion system YopJ family effector AvrA	NA	NA
GCA_009757935.1	NA	WSBY01000005.1	498328	501954	-	iroC	salmochelin/enterobactin export ABC transporter IroC	plus	VIRULENCE	VIRULENCE	NA	NA	BLASTX	1209	1219	98.85	80.02	1211	AUH19662.1	salmochelin/enterobactin export ABC transporter IroC	NA	NA
GCA_009757935.1	NA	WSBY01000005.1	502038	503150	-	iroB	salmochelin biosynthesis C-glycosyltransferase IroB	plus	VIRULENCE	VIRULENCE	NA	NA	BLASTX	371	371	100.00	86.52	371	EOW04219.1	salmochelin biosynthesis C-glycosyltransferase IroB	NA	NA
GCA_009757935.1	NA	WSBY01000007.1	762538	763068	+	sodC1	superoxide dismutase [Cu-Zn] SodC1	plus	VIRULENCE	VIRULENCE	NA	NA	EXACTX	177	177	100.00	100.00	177	AAL19978.1	superoxide dismutase [Cu-Zn] SodC1	NA	NA
GCA_009757935.1	NA	WSBY01000016.1	389817	390860	+	sseK2	type III secretion system effector arginine glycosyltransferase SseK2	plus	VIRULENCE	VIRULENCE	NA	NA	BLASTX	348	348	100.00	98.28	348	AAL21040.1	type III secretion system effector arginine glycosyltransferase SseK2	NA	NA
GCA_009757935.1	NA	WSBY01000016.1	489776	492139	-	sspH2	SPI-2 type III secretion system effector E3 ubiquitin transferase SspH2	plus	VIRULENCE	VIRULENCE	NA	NA	BLASTX	788	788	100.00	99.37	788	QJV46475.1	SPI-2 type III secretion system effector E3 ubiquitin transferase SspH2	NA	NA
GCA_009757935.1	NA	WSBY01000027.1	25048	25695	+	spvD	SPI-2 type III secretion system effector cysteine hydrolase SpvD	plus	VIRULENCE	VIRULENCE	NA	NA	BLASTX	216	216	100.00	99.07	216	AAG59626.1	SPI-2 type III secretion system effector cysteine hydrolase SpvD	NA	NA
GCA_009757975.1	NA	WSBI01000001.1	183831	184526	+	lpfB	long polar fimbrial chaperone LpfB	plus	VIRULENCE	VIRULENCE	NA	NA	EXACTX	232	232	100.00	100.00	232	WXV87835.1	long polar fimbrial chaperone LpfB	NA	NA
GCA_009757975.1	NA	WSBI01000013.1	8938	9468	+	sodC1	superoxide dismutase [Cu-Zn] SodC1	plus	VIRULENCE	VIRULENCE	NA	NA	EXACTX	177	177	100.00	100.00	177	AAL19978.1	superoxide dismutase [Cu-Zn] SodC1	NA	NA
GCA_009757975.1	NA	WSBI01000014.1	42176	45340	-	mdsB	multidrug efflux RND transporter permease subunit MdsB	plus	AMR	AMR	EFFLUX	EFFLUX	BLASTX	1055	1055	100.00	99.62	1055	AAL19305.1	multidrug efflux RND transporter permease subunit MdsB	NA	NA
GCA_009757975.1	NA	WSBI01000014.1	45340	46563	-	mdsA	multidrug efflux RND transporter periplasmic adaptor subunit MdsA	plus	AMR	AMR	EFFLUX	EFFLUX	BLASTX	408	408	100.00	98.28	408	AAL19306.1	multidrug efflux RND transporter periplasmic adaptor subunit MdsA	NA	NA
GCA_009757975.1	NA	WSBI01000014.1	46840	49125	+	golT	gold/copper-translocating P-type ATPase GolT	plus	STRESS	METAL	COPPER/GOLD	COPPER/GOLD	BLASTX	762	762	100.00	99.61	762	AAL19307.1	gold/copper-translocating P-type ATPase GolT	NA	NA
GCA_009757975.1	NA	WSBI01000014.1	49140	49601	+	golS	Au(I) sensor transcriptional regulator GolS	plus	STRESS	METAL	GOLD	GOLD	EXACTX	154	154	100.00	100.00	154	AAL19308.1	Au(I) sensor transcriptional regulator GolS	NA	NA
GCA_009757975.1	NA	WSBI01000015.1	39479	40384	-	avrA	type III secretion system YopJ family effector AvrA	plus	VIRULENCE	VIRULENCE	NA	NA	BLASTX	302	302	100.00	99.34	302	AAL21745.1	type III secretion system YopJ family effector AvrA	NA	NA
GCA_009757975.1	NA	WSBI01000015.1	67980	70034	-	invA	type III secretion system export apparatus protein InvA	plus	VIRULENCE	VIRULENCE	NA	NA	EXACTX	685	685	100.00	100.00	685	WXW86397.1	type III secretion system export apparatus protein InvA	NA	NA
GCA_009757975.1	NA	WSBI01000016.1	1	2181	+	sspH2	SPI-2 type III secretion system effector E3 ubiquitin transferase SspH2	plus	VIRULENCE	VIRULENCE	NA	NA	BLASTX	727	788	92.26	99.31	727	QJV46475.1	SPI-2 type III secretion system effector E3 ubiquitin transferase SspH2	NA	NA
GCA_009757975.1	NA	WSBI01000016.1	101097	102140	-	sseK2	type III secretion system effector arginine glycosyltransferase SseK2	plus	VIRULENCE	VIRULENCE	NA	NA	BLASTX	348	348	100.00	98.28	348	AAL21040.1	type III secretion system effector arginine glycosyltransferase SseK2	NA	NA
GCA_009757975.1	NA	WSBI01000017.1	48940	52566	-	iroC	salmochelin/enterobactin export ABC transporter IroC	plus	VIRULENCE	VIRULENCE	NA	NA	BLASTX	1209	1219	98.85	80.02	1211	AUH19662.1	salmochelin/enterobactin export ABC transporter IroC	NA	NA
GCA_009757975.1	NA	WSBI01000017.1	52650	53762	-	iroB	salmochelin biosynthesis C-glycosyltransferase IroB	plus	VIRULENCE	VIRULENCE	NA	NA	BLASTX	371	371	100.00	86.52	371	EOW04219.1	salmochelin biosynthesis C-glycosyltransferase IroB	NA	NA
GCA_009757975.1	NA	WSBI01000023.1	17121	19310	-	sinH	intimin-like inverse autotransporter SinH	plus	VIRULENCE	VIRULENCE	NA	NA	BLASTX	730	730	100.00	99.73	730	AAL21411.1	intimin-like inverse autotransporter SinH	NA	NA
GCA_009758475.1	NA	WSEJ01000002.1	16657	17352	-	lpfB	long polar fimbrial chaperone LpfB	plus	VIRULENCE	VIRULENCE	NA	NA	EXACTX	232	232	100.00	100.00	232	WXV87835.1	long polar fimbrial chaperone LpfB	NA	NA
GCA_009758475.1	NA	WSEJ01000004.1	4968	7331	+	sspH2	SPI-2 type III secretion system effector E3 ubiquitin transferase SspH2	plus	VIRULENCE	VIRULENCE	NA	NA	BLASTX	788	788	100.00	99.24	788	QJV46475.1	SPI-2 type III secretion system effector E3 ubiquitin transferase SspH2	NA	NA
GCA_009758475.1	NA	WSEJ01000004.1	106247	107290	-	sseK2	type III secretion system effector arginine glycosyltransferase SseK2	plus	VIRULENCE	VIRULENCE	NA	NA	BLASTX	348	348	100.00	98.28	348	AAL21040.1	type III secretion system effector arginine glycosyltransferase SseK2	NA	NA
GCA_009758475.1	NA	WSEJ01000005.1	61841	62845	-	sseK3	type III secretion system effector arginine glycosyltransferase SseK3	plus	VIRULENCE	VIRULENCE	NA	NA	BLASTX	335	335	100.00	95.22	335	CBW18025.1	type III secretion system effector arginine glycosyltransferase SseK3	NA	NA
GCA_009758475.1	NA	WSEJ01000005.1	143001	145190	+	sinH	intimin-like inverse autotransporter SinH	plus	VIRULENCE	VIRULENCE	NA	NA	BLASTX	730	730	100.00	99.73	730	AAL21411.1	intimin-like inverse autotransporter SinH	NA	NA
GCA_009758475.1	NA	WSEJ01000009.1	257978	258508	-	sodC1	superoxide dismutase [Cu-Zn] SodC1	plus	VIRULENCE	VIRULENCE	NA	NA	EXACTX	177	177	100.00	100.00	177	AAL19978.1	superoxide dismutase [Cu-Zn] SodC1	NA	NA
GCA_009758475.1	NA	WSEJ01000016.1	61713	62360	-	spvD	SPI-2 type III secretion system effector cysteine hydrolase SpvD	plus	VIRULENCE	VIRULENCE	NA	NA	EXACTX	216	216	100.00	100.00	216	AAG59626.1	SPI-2 type III secretion system effector cysteine hydrolase SpvD	NA	NA
GCA_009758475.1	NA	WSEJ01000018.1	630	1742	+	iroB	salmochelin biosynthesis C-glycosyltransferase IroB	plus	VIRULENCE	VIRULENCE	NA	NA	BLASTX	371	371	100.00	86.52	371	EOW04219.1	salmochelin biosynthesis C-glycosyltransferase IroB	NA	NA
GCA_009758475.1	NA	WSEJ01000018.1	1826	5452	+	iroC	salmochelin/enterobactin export ABC transporter IroC	plus	VIRULENCE	VIRULENCE	NA	NA	BLASTX	1209	1219	98.85	80.02	1211	AUH19662.1	salmochelin/enterobactin export ABC transporter IroC	NA	NA
GCA_009758475.1	NA	WSEJ01000018.1	94020	94925	-	avrA	type III secretion system YopJ family effector AvrA	plus	VIRULENCE	VIRULENCE	NA	NA	BLASTX	302	302	100.00	99.34	302	AAL21745.1	type III secretion system YopJ family effector AvrA	NA	NA
GCA_009758475.1	NA	WSEJ01000018.1	122521	124575	-	invA	type III secretion system export apparatus protein InvA	plus	VIRULENCE	VIRULENCE	NA	NA	EXACTX	685	685	100.00	100.00	685	WXW86397.1	type III secretion system export apparatus protein InvA	NA	NA
GCA_009758475.1	NA	WSEJ01000024.1	42176	45340	-	mdsB	multidrug efflux RND transporter permease subunit MdsB	plus	AMR	AMR	EFFLUX	EFFLUX	BLASTX	1055	1055	100.00	99.62	1055	AAL19305.1	multidrug efflux RND transporter permease subunit MdsB	NA	NA
GCA_009758475.1	NA	WSEJ01000024.1	45340	46563	-	mdsA	multidrug efflux RND transporter periplasmic adaptor subunit MdsA	plus	AMR	AMR	EFFLUX	EFFLUX	BLASTX	408	408	100.00	98.28	408	AAL19306.1	multidrug efflux RND transporter periplasmic adaptor subunit MdsA	NA	NA
GCA_009758475.1	NA	WSEJ01000024.1	46840	49125	+	golT	gold/copper-translocating P-type ATPase GolT	plus	STRESS	METAL	COPPER/GOLD	COPPER/GOLD	BLASTX	762	762	100.00	99.48	762	AAL19307.1	gold/copper-translocating P-type ATPase GolT	NA	NA
GCA_009758475.1	NA	WSEJ01000024.1	49140	49601	+	golS	Au(I) sensor transcriptional regulator GolS	plus	STRESS	METAL	GOLD	GOLD	EXACTX	154	154	100.00	100.00	154	AAL19308.1	Au(I) sensor transcriptional regulator GolS	NA	NA
GCA_009758495.1	NA	WSEF01000002.1	4509	6872	+	sspH2	SPI-2 type III secretion system effector E3 ubiquitin transferase SspH2	plus	VIRULENCE	VIRULENCE	NA	NA	BLASTX	788	788	100.00	99.24	788	QJV46475.1	SPI-2 type III secretion system effector E3 ubiquitin transferase SspH2	NA	NA
GCA_009758495.1	NA	WSEF01000002.1	105788	106831	-	sseK2	type III secretion system effector arginine glycosyltransferase SseK2	plus	VIRULENCE	VIRULENCE	NA	NA	BLASTX	348	348	100.00	98.28	348	AAL21040.1	type III secretion system effector arginine glycosyltransferase SseK2	NA	NA
GCA_009758495.1	NA	WSEF01000003.1	258005	258535	-	sodC1	superoxide dismutase [Cu-Zn] SodC1	plus	VIRULENCE	VIRULENCE	NA	NA	EXACTX	177	177	100.00	100.00	177	AAL19978.1	superoxide dismutase [Cu-Zn] SodC1	NA	NA
GCA_009758495.1	NA	WSEF01000014.1	31283	31930	+	spvD	SPI-2 type III secretion system effector cysteine hydrolase SpvD	plus	VIRULENCE	VIRULENCE	NA	NA	EXACTX	216	216	100.00	100.00	216	AAG59626.1	SPI-2 type III secretion system effector cysteine hydrolase SpvD	NA	NA
GCA_009758495.1	NA	WSEF01000015.1	183903	184598	+	lpfB	long polar fimbrial chaperone LpfB	plus	VIRULENCE	VIRULENCE	NA	NA	EXACTX	232	232	100.00	100.00	232	WXV87835.1	long polar fimbrial chaperone LpfB	NA	NA
GCA_009758495.1	NA	WSEF01000016.1	96710	98899	+	sinH	intimin-like inverse autotransporter SinH	plus	VIRULENCE	VIRULENCE	NA	NA	BLASTX	730	730	100.00	99.73	730	AAL21411.1	intimin-like inverse autotransporter SinH	NA	NA
GCA_009758495.1	NA	WSEF01000023.1	282060	284114	+	invA	type III secretion system export apparatus protein InvA	plus	VIRULENCE	VIRULENCE	NA	NA	EXACTX	685	685	100.00	100.00	685	WXW86397.1	type III secretion system export apparatus protein InvA	NA	NA
GCA_009758495.1	NA	WSEF01000023.1	311710	312615	+	avrA	type III secretion system YopJ family effector AvrA	plus	VIRULENCE	VIRULENCE	NA	NA	BLASTX	302	302	100.00	99.34	302	AAL21745.1	type III secretion system YopJ family effector AvrA	NA	NA
GCA_009758495.1	NA	WSEF01000024.1	36123	36584	-	golS	Au(I) sensor transcriptional regulator GolS	plus	STRESS	METAL	GOLD	GOLD	EXACTX	154	154	100.00	100.00	154	AAL19308.1	Au(I) sensor transcriptional regulator GolS	NA	NA
GCA_009758495.1	NA	WSEF01000024.1	36599	38884	-	golT	gold/copper-translocating P-type ATPase GolT	plus	STRESS	METAL	COPPER/GOLD	COPPER/GOLD	BLASTX	762	762	100.00	99.61	762	AAL19307.1	gold/copper-translocating P-type ATPase GolT	NA	NA
GCA_009758495.1	NA	WSEF01000024.1	39161	40384	+	mdsA	multidrug efflux RND transporter periplasmic adaptor subunit MdsA	plus	AMR	AMR	EFFLUX	EFFLUX	BLASTX	408	408	100.00	98.28	408	AAL19306.1	multidrug efflux RND transporter periplasmic adaptor subunit MdsA	NA	NA
GCA_009758495.1	NA	WSEF01000024.1	40384	43548	+	mdsB	multidrug efflux RND transporter permease subunit MdsB	plus	AMR	AMR	EFFLUX	EFFLUX	BLASTX	1055	1055	100.00	99.62	1055	AAL19305.1	multidrug efflux RND transporter permease subunit MdsB	NA	NA
GCA_009758495.1	NA	WSEF01000025.1	48882	52508	-	iroC	salmochelin/enterobactin export ABC transporter IroC	plus	VIRULENCE	VIRULENCE	NA	NA	BLASTX	1209	1219	98.85	80.02	1211	AUH19662.1	salmochelin/enterobactin export ABC transporter IroC	NA	NA
GCA_009758495.1	NA	WSEF01000025.1	52592	53704	-	iroB	salmochelin biosynthesis C-glycosyltransferase IroB	plus	VIRULENCE	VIRULENCE	NA	NA	BLASTX	371	371	100.00	86.52	371	EOW04219.1	salmochelin biosynthesis C-glycosyltransferase IroB	NA	NA
GCA_009758515.1	NA	WSEI01000002.1	630	1742	+	iroB	salmochelin biosynthesis C-glycosyltransferase IroB	plus	VIRULENCE	VIRULENCE	NA	NA	BLASTX	371	371	100.00	86.52	371	EOW04219.1	salmochelin biosynthesis C-glycosyltransferase IroB	NA	NA
GCA_009758515.1	NA	WSEI01000002.1	1826	5452	+	iroC	salmochelin/enterobactin export ABC transporter IroC	plus	VIRULENCE	VIRULENCE	NA	NA	BLASTX	1209	1219	98.85	80.02	1211	AUH19662.1	salmochelin/enterobactin export ABC transporter IroC	NA	NA
GCA_009758515.1	NA	WSEI01000002.1	93473	94378	-	avrA	type III secretion system YopJ family effector AvrA	plus	VIRULENCE	VIRULENCE	NA	NA	BLASTX	302	302	100.00	99.34	302	AAL21745.1	type III secretion system YopJ family effector AvrA	NA	NA
GCA_009758515.1	NA	WSEI01000002.1	121974	124028	-	invA	type III secretion system export apparatus protein InvA	plus	VIRULENCE	VIRULENCE	NA	NA	EXACTX	685	685	100.00	100.00	685	WXW86397.1	type III secretion system export apparatus protein InvA	NA	NA
GCA_009758515.1	NA	WSEI01000003.1	189853	190548	-	lpfB	long polar fimbrial chaperone LpfB	plus	VIRULENCE	VIRULENCE	NA	NA	EXACTX	232	232	100.00	100.00	232	WXV87835.1	long polar fimbrial chaperone LpfB	NA	NA
GCA_009758515.1	NA	WSEI01000005.1	183974	184504	-	sodC1	superoxide dismutase [Cu-Zn] SodC1	plus	VIRULENCE	VIRULENCE	NA	NA	EXACTX	177	177	100.00	100.00	177	AAL19978.1	superoxide dismutase [Cu-Zn] SodC1	NA	NA
GCA_009758515.1	NA	WSEI01000005.1	281094	284258	-	mdsB	multidrug efflux RND transporter permease subunit MdsB	plus	AMR	AMR	EFFLUX	EFFLUX	BLASTX	1055	1055	100.00	99.62	1055	AAL19305.1	multidrug efflux RND transporter permease subunit MdsB	NA	NA
GCA_009758515.1	NA	WSEI01000005.1	284258	285481	-	mdsA	multidrug efflux RND transporter periplasmic adaptor subunit MdsA	plus	AMR	AMR	EFFLUX	EFFLUX	BLASTX	408	408	100.00	98.28	408	AAL19306.1	multidrug efflux RND transporter periplasmic adaptor subunit MdsA	NA	NA
GCA_009758515.1	NA	WSEI01000005.1	285758	288043	+	golT	gold/copper-translocating P-type ATPase GolT	plus	STRESS	METAL	COPPER/GOLD	COPPER/GOLD	BLASTX	762	762	100.00	99.61	762	AAL19307.1	gold/copper-translocating P-type ATPase GolT	NA	NA
GCA_009758515.1	NA	WSEI01000005.1	288058	288519	+	golS	Au(I) sensor transcriptional regulator GolS	plus	STRESS	METAL	GOLD	GOLD	EXACTX	154	154	100.00	100.00	154	AAL19308.1	Au(I) sensor transcriptional regulator GolS	NA	NA
GCA_009758515.1	NA	WSEI01000007.1	143287	144330	+	sseK2	type III secretion system effector arginine glycosyltransferase SseK2	plus	VIRULENCE	VIRULENCE	NA	NA	BLASTX	348	348	100.00	98.28	348	AAL21040.1	type III secretion system effector arginine glycosyltransferase SseK2	NA	NA
GCA_009758515.1	NA	WSEI01000007.1	243246	245609	-	sspH2	SPI-2 type III secretion system effector E3 ubiquitin transferase SspH2	plus	VIRULENCE	VIRULENCE	NA	NA	BLASTX	788	788	100.00	99.24	788	QJV46475.1	SPI-2 type III secretion system effector E3 ubiquitin transferase SspH2	NA	NA
GCA_009758515.1	NA	WSEI01000008.1	23379	25568	+	sinH	intimin-like inverse autotransporter SinH	plus	VIRULENCE	VIRULENCE	NA	NA	BLASTX	730	730	100.00	99.73	730	AAL21411.1	intimin-like inverse autotransporter SinH	NA	NA
GCA_009758515.1	NA	WSEI01000031.1	16570	17217	-	spvD	SPI-2 type III secretion system effector cysteine hydrolase SpvD	plus	VIRULENCE	VIRULENCE	NA	NA	EXACTX	216	216	100.00	100.00	216	AAG59626.1	SPI-2 type III secretion system effector cysteine hydrolase SpvD	NA	NA
GCA_009758525.1	NA	WSEG01000002.1	186096	188285	-	sinH	intimin-like inverse autotransporter SinH	plus	VIRULENCE	VIRULENCE	NA	NA	BLASTX	730	730	100.00	99.73	730	AAL21411.1	intimin-like inverse autotransporter SinH	NA	NA
GCA_009758525.1	NA	WSEG01000004.1	429670	430713	+	sseK2	type III secretion system effector arginine glycosyltransferase SseK2	plus	VIRULENCE	VIRULENCE	NA	NA	BLASTX	348	348	100.00	98.28	348	AAL21040.1	type III secretion system effector arginine glycosyltransferase SseK2	NA	NA
GCA_009758525.1	NA	WSEG01000004.1	529629	531806	-	sspH2	SPI-2 type III secretion system effector E3 ubiquitin transferase SspH2	plus	VIRULENCE	VIRULENCE	NA	NA	BLASTX	726	788	92.13	99.31	726	QJV46475.1	SPI-2 type III secretion system effector E3 ubiquitin transferase SspH2	NA	NA
GCA_009758525.1	NA	WSEG01000005.1	183728	184423	+	lpfB	long polar fimbrial chaperone LpfB	plus	VIRULENCE	VIRULENCE	NA	NA	EXACTX	232	232	100.00	100.00	232	WXV87835.1	long polar fimbrial chaperone LpfB	NA	NA
GCA_009758525.1	NA	WSEG01000008.1	42268	45432	-	mdsB	multidrug efflux RND transporter permease subunit MdsB	plus	AMR	AMR	EFFLUX	EFFLUX	BLASTX	1055	1055	100.00	99.62	1055	AAL19305.1	multidrug efflux RND transporter permease subunit MdsB	NA	NA
GCA_009758525.1	NA	WSEG01000008.1	45432	46655	-	mdsA	multidrug efflux RND transporter periplasmic adaptor subunit MdsA	plus	AMR	AMR	EFFLUX	EFFLUX	BLASTX	408	408	100.00	98.28	408	AAL19306.1	multidrug efflux RND transporter periplasmic adaptor subunit MdsA	NA	NA
GCA_009758525.1	NA	WSEG01000008.1	46932	49217	+	golT	gold/copper-translocating P-type ATPase GolT	plus	STRESS	METAL	COPPER/GOLD	COPPER/GOLD	BLASTX	762	762	100.00	99.61	762	AAL19307.1	gold/copper-translocating P-type ATPase GolT	NA	NA
GCA_009758525.1	NA	WSEG01000008.1	49232	49693	+	golS	Au(I) sensor transcriptional regulator GolS	plus	STRESS	METAL	GOLD	GOLD	EXACTX	154	154	100.00	100.00	154	AAL19308.1	Au(I) sensor transcriptional regulator GolS	NA	NA
GCA_009758525.1	NA	WSEG01000012.1	282145	284199	+	invA	type III secretion system export apparatus protein InvA	plus	VIRULENCE	VIRULENCE	NA	NA	EXACTX	685	685	100.00	100.00	685	WXW86397.1	type III secretion system export apparatus protein InvA	NA	NA
GCA_009758525.1	NA	WSEG01000012.1	311795	312700	+	avrA	type III secretion system YopJ family effector AvrA	plus	VIRULENCE	VIRULENCE	NA	NA	BLASTX	302	302	100.00	99.34	302	AAL21745.1	type III secretion system YopJ family effector AvrA	NA	NA
GCA_009758525.1	NA	WSEG01000012.1	401268	404894	-	iroC	salmochelin/enterobactin export ABC transporter IroC	plus	VIRULENCE	VIRULENCE	NA	NA	BLASTX	1209	1219	98.85	80.02	1211	AUH19662.1	salmochelin/enterobactin export ABC transporter IroC	NA	NA
GCA_009758525.1	NA	WSEG01000012.1	404978	406090	-	iroB	salmochelin biosynthesis C-glycosyltransferase IroB	plus	VIRULENCE	VIRULENCE	NA	NA	BLASTX	371	371	100.00	86.52	371	EOW04219.1	salmochelin biosynthesis C-glycosyltransferase IroB	NA	NA
GCA_009758525.1	NA	WSEG01000017.1	8937	9467	+	sodC1	superoxide dismutase [Cu-Zn] SodC1	plus	VIRULENCE	VIRULENCE	NA	NA	EXACTX	177	177	100.00	100.00	177	AAL19978.1	superoxide dismutase [Cu-Zn] SodC1	NA	NA
GCA_009758535.1	NA	WSEH01000001.1	17395	19584	-	sinH	intimin-like inverse autotransporter SinH	plus	VIRULENCE	VIRULENCE	NA	NA	BLASTX	730	730	100.00	99.86	730	AAL21411.1	intimin-like inverse autotransporter SinH	NA	NA
GCA_009758535.1	NA	WSEH01000009.1	183999	184694	+	lpfB	long polar fimbrial chaperone LpfB	plus	VIRULENCE	VIRULENCE	NA	NA	BLASTX	232	232	100.00	99.57	232	WXV87835.1	long polar fimbrial chaperone LpfB	NA	NA
GCA_009758535.1	NA	WSEH01000013.1	216933	217463	+	sodC1	superoxide dismutase [Cu-Zn] SodC1	plus	VIRULENCE	VIRULENCE	NA	NA	EXACTX	177	177	100.00	100.00	177	AAL19978.1	superoxide dismutase [Cu-Zn] SodC1	NA	NA
GCA_009758535.1	NA	WSEH01000018.1	45884	47938	+	invA	type III secretion system export apparatus protein InvA	plus	VIRULENCE	VIRULENCE	NA	NA	EXACTX	685	685	100.00	100.00	685	WXW86397.1	type III secretion system export apparatus protein InvA	NA	NA
GCA_009758535.1	NA	WSEH01000018.1	75534	76439	+	avrA	type III secretion system YopJ family effector AvrA	plus	VIRULENCE	VIRULENCE	NA	NA	INTERNAL_STOP	302	302	100.00	99.01	302	AAL21745.1	type III secretion system YopJ family effector AvrA	NA	NA
GCA_009758535.1	NA	WSEH01000018.1	165004	168630	-	iroC	salmochelin/enterobactin export ABC transporter IroC	plus	VIRULENCE	VIRULENCE	NA	NA	BLASTX	1209	1219	98.85	80.02	1211	AUH19662.1	salmochelin/enterobactin export ABC transporter IroC	NA	NA
GCA_009758535.1	NA	WSEH01000018.1	168714	169826	-	iroB	salmochelin biosynthesis C-glycosyltransferase IroB	plus	VIRULENCE	VIRULENCE	NA	NA	BLASTX	371	371	100.00	86.52	371	EOW04219.1	salmochelin biosynthesis C-glycosyltransferase IroB	NA	NA
GCA_009758535.1	NA	WSEH01000019.1	143242	144285	+	sseK2	type III secretion system effector arginine glycosyltransferase SseK2	plus	VIRULENCE	VIRULENCE	NA	NA	BLASTX	348	348	100.00	98.28	348	AAL21040.1	type III secretion system effector arginine glycosyltransferase SseK2	NA	NA
GCA_009758535.1	NA	WSEH01000019.1	243201	245564	-	sspH2	SPI-2 type III secretion system effector E3 ubiquitin transferase SspH2	plus	VIRULENCE	VIRULENCE	NA	NA	BLASTX	788	788	100.00	99.37	788	QJV46475.1	SPI-2 type III secretion system effector E3 ubiquitin transferase SspH2	NA	NA
GCA_009758535.1	NA	WSEH01000032.1	36123	36584	-	golS	Au(I) sensor transcriptional regulator GolS	plus	STRESS	METAL	GOLD	GOLD	EXACTX	154	154	100.00	100.00	154	AAL19308.1	Au(I) sensor transcriptional regulator GolS	NA	NA
GCA_009758535.1	NA	WSEH01000032.1	36599	38884	-	golT	gold/copper-translocating P-type ATPase GolT	plus	STRESS	METAL	COPPER/GOLD	COPPER/GOLD	BLASTX	762	762	100.00	99.61	762	AAL19307.1	gold/copper-translocating P-type ATPase GolT	NA	NA
GCA_009758535.1	NA	WSEH01000032.1	39161	40384	+	mdsA	multidrug efflux RND transporter periplasmic adaptor subunit MdsA	plus	AMR	AMR	EFFLUX	EFFLUX	BLASTX	408	408	100.00	98.04	408	AAL19306.1	multidrug efflux RND transporter periplasmic adaptor subunit MdsA	NA	NA
GCA_009758535.1	NA	WSEH01000032.1	40384	43548	+	mdsB	multidrug efflux RND transporter permease subunit MdsB	plus	AMR	AMR	EFFLUX	EFFLUX	BLASTX	1055	1055	100.00	99.72	1055	AAL19305.1	multidrug efflux RND transporter permease subunit MdsB	NA	NA
GCA_009758575.1	NA	WSEE01000002.1	390050	391093	+	sseK2	type III secretion system effector arginine glycosyltransferase SseK2	plus	VIRULENCE	VIRULENCE	NA	NA	BLASTX	348	348	100.00	98.28	348	AAL21040.1	type III secretion system effector arginine glycosyltransferase SseK2	NA	NA
GCA_009758575.1	NA	WSEE01000002.1	490009	492372	-	sspH2	SPI-2 type III secretion system effector E3 ubiquitin transferase SspH2	plus	VIRULENCE	VIRULENCE	NA	NA	BLASTX	788	788	100.00	99.24	788	QJV46475.1	SPI-2 type III secretion system effector E3 ubiquitin transferase SspH2	NA	NA
GCA_009758575.1	NA	WSEE01000003.1	184039	184569	-	sodC1	superoxide dismutase [Cu-Zn] SodC1	plus	VIRULENCE	VIRULENCE	NA	NA	EXACTX	177	177	100.00	100.00	177	AAL19978.1	superoxide dismutase [Cu-Zn] SodC1	NA	NA
GCA_009758575.1	NA	WSEE01000009.1	39722	40627	-	avrA	type III secretion system YopJ family effector AvrA	plus	VIRULENCE	VIRULENCE	NA	NA	BLASTX	302	302	100.00	99.34	302	AAL21745.1	type III secretion system YopJ family effector AvrA	NA	NA
GCA_009758575.1	NA	WSEE01000009.1	68223	70277	-	invA	type III secretion system export apparatus protein InvA	plus	VIRULENCE	VIRULENCE	NA	NA	EXACTX	685	685	100.00	100.00	685	WXW86397.1	type III secretion system export apparatus protein InvA	NA	NA
GCA_009758575.1	NA	WSEE01000012.1	189800	190495	-	lpfB	long polar fimbrial chaperone LpfB	plus	VIRULENCE	VIRULENCE	NA	NA	EXACTX	232	232	100.00	100.00	232	WXV87835.1	long polar fimbrial chaperone LpfB	NA	NA
GCA_009758575.1	NA	WSEE01000013.1	186096	188285	-	sinH	intimin-like inverse autotransporter SinH	plus	VIRULENCE	VIRULENCE	NA	NA	BLASTX	730	730	100.00	99.73	730	AAL21411.1	intimin-like inverse autotransporter SinH	NA	NA
GCA_009758575.1	NA	WSEE01000017.1	36123	36584	-	golS	Au(I) sensor transcriptional regulator GolS	plus	STRESS	METAL	GOLD	GOLD	EXACTX	154	154	100.00	100.00	154	AAL19308.1	Au(I) sensor transcriptional regulator GolS	NA	NA
GCA_009758575.1	NA	WSEE01000017.1	36599	38884	-	golT	gold/copper-translocating P-type ATPase GolT	plus	STRESS	METAL	COPPER/GOLD	COPPER/GOLD	BLASTX	762	762	100.00	99.61	762	AAL19307.1	gold/copper-translocating P-type ATPase GolT	NA	NA
GCA_009758575.1	NA	WSEE01000017.1	39161	40384	+	mdsA	multidrug efflux RND transporter periplasmic adaptor subunit MdsA	plus	AMR	AMR	EFFLUX	EFFLUX	BLASTX	408	408	100.00	98.28	408	AAL19306.1	multidrug efflux RND transporter periplasmic adaptor subunit MdsA	NA	NA
GCA_009758575.1	NA	WSEE01000017.1	40384	43548	+	mdsB	multidrug efflux RND transporter permease subunit MdsB	plus	AMR	AMR	EFFLUX	EFFLUX	BLASTX	1055	1055	100.00	99.62	1055	AAL19305.1	multidrug efflux RND transporter permease subunit MdsB	NA	NA
GCA_009758575.1	NA	WSEE01000022.1	48594	52220	-	iroC	salmochelin/enterobactin export ABC transporter IroC	plus	VIRULENCE	VIRULENCE	NA	NA	BLASTX	1209	1219	98.85	80.02	1211	AUH19662.1	salmochelin/enterobactin export ABC transporter IroC	NA	NA
GCA_009758575.1	NA	WSEE01000022.1	52304	53416	-	iroB	salmochelin biosynthesis C-glycosyltransferase IroB	plus	VIRULENCE	VIRULENCE	NA	NA	BLASTX	371	371	100.00	86.52	371	EOW04219.1	salmochelin biosynthesis C-glycosyltransferase IroB	NA	NA
GCA_009758575.1	NA	WSEE01000024.1	20151	20798	+	spvD	SPI-2 type III secretion system effector cysteine hydrolase SpvD	plus	VIRULENCE	VIRULENCE	NA	NA	EXACTX	216	216	100.00	100.00	216	AAG59626.1	SPI-2 type III secretion system effector cysteine hydrolase SpvD	NA	NA
GCA_009758595.1	NA	WSED01000001.1	99880	100410	+	sodC1	superoxide dismutase [Cu-Zn] SodC1	plus	VIRULENCE	VIRULENCE	NA	NA	EXACTX	177	177	100.00	100.00	177	AAL19978.1	superoxide dismutase [Cu-Zn] SodC1	NA	NA
GCA_009758595.1	NA	WSED01000002.1	481976	484030	+	invA	type III secretion system export apparatus protein InvA	plus	VIRULENCE	VIRULENCE	NA	NA	EXACTX	685	685	100.00	100.00	685	WXW86397.1	type III secretion system export apparatus protein InvA	NA	NA
GCA_009758595.1	NA	WSED01000002.1	511626	512531	+	avrA	type III secretion system YopJ family effector AvrA	plus	VIRULENCE	VIRULENCE	NA	NA	BLASTX	302	302	100.00	99.34	302	AAL21745.1	type III secretion system YopJ family effector AvrA	NA	NA
GCA_009758595.1	NA	WSED01000003.1	4509	6872	+	sspH2	SPI-2 type III secretion system effector E3 ubiquitin transferase SspH2	plus	VIRULENCE	VIRULENCE	NA	NA	BLASTX	788	788	100.00	99.24	788	QJV46475.1	SPI-2 type III secretion system effector E3 ubiquitin transferase SspH2	NA	NA
GCA_009758595.1	NA	WSED01000003.1	105788	106831	-	sseK2	type III secretion system effector arginine glycosyltransferase SseK2	plus	VIRULENCE	VIRULENCE	NA	NA	BLASTX	348	348	100.00	98.28	348	AAL21040.1	type III secretion system effector arginine glycosyltransferase SseK2	NA	NA
GCA_009758595.1	NA	WSED01000008.1	36123	36584	-	golS	Au(I) sensor transcriptional regulator GolS	plus	STRESS	METAL	GOLD	GOLD	EXACTX	154	154	100.00	100.00	154	AAL19308.1	Au(I) sensor transcriptional regulator GolS	NA	NA
GCA_009758595.1	NA	WSED01000008.1	36599	38884	-	golT	gold/copper-translocating P-type ATPase GolT	plus	STRESS	METAL	COPPER/GOLD	COPPER/GOLD	BLASTX	762	762	100.00	99.61	762	AAL19307.1	gold/copper-translocating P-type ATPase GolT	NA	NA
GCA_009758595.1	NA	WSED01000008.1	39161	40384	+	mdsA	multidrug efflux RND transporter periplasmic adaptor subunit MdsA	plus	AMR	AMR	EFFLUX	EFFLUX	BLASTX	408	408	100.00	98.28	408	AAL19306.1	multidrug efflux RND transporter periplasmic adaptor subunit MdsA	NA	NA
GCA_009758595.1	NA	WSED01000008.1	40384	43548	+	mdsB	multidrug efflux RND transporter permease subunit MdsB	plus	AMR	AMR	EFFLUX	EFFLUX	BLASTX	1055	1055	100.00	99.62	1055	AAL19305.1	multidrug efflux RND transporter permease subunit MdsB	NA	NA
GCA_009758595.1	NA	WSED01000011.1	189746	190441	-	lpfB	long polar fimbrial chaperone LpfB	plus	VIRULENCE	VIRULENCE	NA	NA	EXACTX	232	232	100.00	100.00	232	WXV87835.1	long polar fimbrial chaperone LpfB	NA	NA
GCA_009758595.1	NA	WSED01000015.1	27460	28107	-	spvD	SPI-2 type III secretion system effector cysteine hydrolase SpvD	plus	VIRULENCE	VIRULENCE	NA	NA	EXACTX	216	216	100.00	100.00	216	AAG59626.1	SPI-2 type III secretion system effector cysteine hydrolase SpvD	NA	NA
GCA_009758595.1	NA	WSED01000017.1	721	1833	+	iroB	salmochelin biosynthesis C-glycosyltransferase IroB	plus	VIRULENCE	VIRULENCE	NA	NA	BLASTX	371	371	100.00	86.52	371	EOW04219.1	salmochelin biosynthesis C-glycosyltransferase IroB	NA	NA
GCA_009758595.1	NA	WSED01000017.1	1917	5543	+	iroC	salmochelin/enterobactin export ABC transporter IroC	plus	VIRULENCE	VIRULENCE	NA	NA	BLASTX	1209	1219	98.85	80.02	1211	AUH19662.1	salmochelin/enterobactin export ABC transporter IroC	NA	NA
GCA_009758595.1	NA	WSED01000020.1	96835	99024	+	sinH	intimin-like inverse autotransporter SinH	plus	VIRULENCE	VIRULENCE	NA	NA	BLASTX	730	730	100.00	99.73	730	AAL21411.1	intimin-like inverse autotransporter SinH	NA	NA
GCA_009758615.1	NA	WSDZ01000002.1	160937	162991	+	invA	type III secretion system export apparatus protein InvA	plus	VIRULENCE	VIRULENCE	NA	NA	EXACTX	685	685	100.00	100.00	685	WXW86397.1	type III secretion system export apparatus protein InvA	NA	NA
GCA_009758615.1	NA	WSDZ01000002.1	190587	191492	+	avrA	type III secretion system YopJ family effector AvrA	plus	VIRULENCE	VIRULENCE	NA	NA	BLASTX	302	302	100.00	99.34	302	AAL21745.1	type III secretion system YopJ family effector AvrA	NA	NA
GCA_009758615.1	NA	WSDZ01000004.1	4509	6872	+	sspH2	SPI-2 type III secretion system effector E3 ubiquitin transferase SspH2	plus	VIRULENCE	VIRULENCE	NA	NA	BLASTX	788	788	100.00	99.24	788	QJV46475.1	SPI-2 type III secretion system effector E3 ubiquitin transferase SspH2	NA	NA
GCA_009758615.1	NA	WSDZ01000004.1	105789	106832	-	sseK2	type III secretion system effector arginine glycosyltransferase SseK2	plus	VIRULENCE	VIRULENCE	NA	NA	BLASTX	348	348	100.00	98.28	348	AAL21040.1	type III secretion system effector arginine glycosyltransferase SseK2	NA	NA
GCA_009758615.1	NA	WSDZ01000005.1	392242	392703	-	golS	Au(I) sensor transcriptional regulator GolS	plus	STRESS	METAL	GOLD	GOLD	EXACTX	154	154	100.00	100.00	154	AAL19308.1	Au(I) sensor transcriptional regulator GolS	NA	NA
GCA_009758615.1	NA	WSDZ01000005.1	392718	395003	-	golT	gold/copper-translocating P-type ATPase GolT	plus	STRESS	METAL	COPPER/GOLD	COPPER/GOLD	BLASTX	762	762	100.00	99.61	762	AAL19307.1	gold/copper-translocating P-type ATPase GolT	NA	NA
GCA_009758615.1	NA	WSDZ01000005.1	395280	396503	+	mdsA	multidrug efflux RND transporter periplasmic adaptor subunit MdsA	plus	AMR	AMR	EFFLUX	EFFLUX	BLASTX	408	408	100.00	98.28	408	AAL19306.1	multidrug efflux RND transporter periplasmic adaptor subunit MdsA	NA	NA
GCA_009758615.1	NA	WSDZ01000005.1	396503	399667	+	mdsB	multidrug efflux RND transporter permease subunit MdsB	plus	AMR	AMR	EFFLUX	EFFLUX	BLASTX	1055	1055	100.00	99.62	1055	AAL19305.1	multidrug efflux RND transporter permease subunit MdsB	NA	NA
GCA_009758615.1	NA	WSDZ01000006.1	189758	190453	-	lpfB	long polar fimbrial chaperone LpfB	plus	VIRULENCE	VIRULENCE	NA	NA	EXACTX	232	232	100.00	100.00	232	WXV87835.1	long polar fimbrial chaperone LpfB	NA	NA
GCA_009758615.1	NA	WSDZ01000011.1	94669	95199	-	sodC1	superoxide dismutase [Cu-Zn] SodC1	plus	VIRULENCE	VIRULENCE	NA	NA	EXACTX	177	177	100.00	100.00	177	AAL19978.1	superoxide dismutase [Cu-Zn] SodC1	NA	NA
GCA_009758615.1	NA	WSDZ01000013.1	96785	98974	+	sinH	intimin-like inverse autotransporter SinH	plus	VIRULENCE	VIRULENCE	NA	NA	BLASTX	730	730	100.00	99.73	730	AAL21411.1	intimin-like inverse autotransporter SinH	NA	NA
GCA_009758615.1	NA	WSDZ01000016.1	52934	53581	+	spvD	SPI-2 type III secretion system effector cysteine hydrolase SpvD	plus	VIRULENCE	VIRULENCE	NA	NA	EXACTX	216	216	100.00	100.00	216	AAG59626.1	SPI-2 type III secretion system effector cysteine hydrolase SpvD	NA	NA
GCA_009758615.1	NA	WSDZ01000026.1	48881	52507	-	iroC	salmochelin/enterobactin export ABC transporter IroC	plus	VIRULENCE	VIRULENCE	NA	NA	BLASTX	1209	1219	98.85	80.02	1211	AUH19662.1	salmochelin/enterobactin export ABC transporter IroC	NA	NA
GCA_009758615.1	NA	WSDZ01000026.1	52591	53703	-	iroB	salmochelin biosynthesis C-glycosyltransferase IroB	plus	VIRULENCE	VIRULENCE	NA	NA	BLASTX	371	371	100.00	86.52	371	EOW04219.1	salmochelin biosynthesis C-glycosyltransferase IroB	NA	NA
GCA_009758635.1	NA	WSDY01000003.1	160983	163037	+	invA	type III secretion system export apparatus protein InvA	plus	VIRULENCE	VIRULENCE	NA	NA	EXACTX	685	685	100.00	100.00	685	WXW86397.1	type III secretion system export apparatus protein InvA	NA	NA
GCA_009758635.1	NA	WSDY01000003.1	190633	191538	+	avrA	type III secretion system YopJ family effector AvrA	plus	VIRULENCE	VIRULENCE	NA	NA	BLASTX	302	302	100.00	99.34	302	AAL21745.1	type III secretion system YopJ family effector AvrA	NA	NA
GCA_009758635.1	NA	WSDY01000003.1	279559	283185	-	iroC	salmochelin/enterobactin export ABC transporter IroC	plus	VIRULENCE	VIRULENCE	NA	NA	BLASTX	1209	1219	98.85	80.02	1211	AUH19662.1	salmochelin/enterobactin export ABC transporter IroC	NA	NA
GCA_009758635.1	NA	WSDY01000003.1	283269	284381	-	iroB	salmochelin biosynthesis C-glycosyltransferase IroB	plus	VIRULENCE	VIRULENCE	NA	NA	BLASTX	371	371	100.00	86.52	371	EOW04219.1	salmochelin biosynthesis C-glycosyltransferase IroB	NA	NA
GCA_009758635.1	NA	WSDY01000004.1	96713	98902	+	sinH	intimin-like inverse autotransporter SinH	plus	VIRULENCE	VIRULENCE	NA	NA	BLASTX	730	730	100.00	99.73	730	AAL21411.1	intimin-like inverse autotransporter SinH	NA	NA
GCA_009758635.1	NA	WSDY01000005.1	93580	94110	+	sodC1	superoxide dismutase [Cu-Zn] SodC1	plus	VIRULENCE	VIRULENCE	NA	NA	EXACTX	177	177	100.00	100.00	177	AAL19978.1	superoxide dismutase [Cu-Zn] SodC1	NA	NA
GCA_009758635.1	NA	WSDY01000006.1	189757	190452	-	lpfB	long polar fimbrial chaperone LpfB	plus	VIRULENCE	VIRULENCE	NA	NA	EXACTX	232	232	100.00	100.00	232	WXV87835.1	long polar fimbrial chaperone LpfB	NA	NA
GCA_009758635.1	NA	WSDY01000011.1	390075	391118	+	sseK2	type III secretion system effector arginine glycosyltransferase SseK2	plus	VIRULENCE	VIRULENCE	NA	NA	BLASTX	348	348	100.00	98.28	348	AAL21040.1	type III secretion system effector arginine glycosyltransferase SseK2	NA	NA
GCA_009758635.1	NA	WSDY01000011.1	490034	492397	-	sspH2	SPI-2 type III secretion system effector E3 ubiquitin transferase SspH2	plus	VIRULENCE	VIRULENCE	NA	NA	BLASTX	788	788	100.00	99.24	788	QJV46475.1	SPI-2 type III secretion system effector E3 ubiquitin transferase SspH2	NA	NA
GCA_009758635.1	NA	WSDY01000019.1	42354	45518	-	mdsB	multidrug efflux RND transporter permease subunit MdsB	plus	AMR	AMR	EFFLUX	EFFLUX	BLASTX	1055	1055	100.00	99.62	1055	AAL19305.1	multidrug efflux RND transporter permease subunit MdsB	NA	NA
GCA_009758635.1	NA	WSDY01000019.1	45518	46741	-	mdsA	multidrug efflux RND transporter periplasmic adaptor subunit MdsA	plus	AMR	AMR	EFFLUX	EFFLUX	BLASTX	408	408	100.00	98.28	408	AAL19306.1	multidrug efflux RND transporter periplasmic adaptor subunit MdsA	NA	NA
GCA_009758635.1	NA	WSDY01000019.1	47018	49303	+	golT	gold/copper-translocating P-type ATPase GolT	plus	STRESS	METAL	COPPER/GOLD	COPPER/GOLD	BLASTX	762	762	100.00	99.61	762	AAL19307.1	gold/copper-translocating P-type ATPase GolT	NA	NA
GCA_009758635.1	NA	WSDY01000019.1	49318	49779	+	golS	Au(I) sensor transcriptional regulator GolS	plus	STRESS	METAL	GOLD	GOLD	EXACTX	154	154	100.00	100.00	154	AAL19308.1	Au(I) sensor transcriptional regulator GolS	NA	NA
GCA_009758635.1	NA	WSDY01000022.1	40209	40856	-	spvD	SPI-2 type III secretion system effector cysteine hydrolase SpvD	plus	VIRULENCE	VIRULENCE	NA	NA	EXACTX	216	216	100.00	100.00	216	AAG59626.1	SPI-2 type III secretion system effector cysteine hydrolase SpvD	NA	NA
GCA_009758645.1	NA	WSDX01000001.1	41569	44733	-	mdsB	multidrug efflux RND transporter permease subunit MdsB	plus	AMR	AMR	EFFLUX	EFFLUX	BLASTX	1055	1055	100.00	99.62	1055	AAL19305.1	multidrug efflux RND transporter permease subunit MdsB	NA	NA
GCA_009758645.1	NA	WSDX01000001.1	44733	45956	-	mdsA	multidrug efflux RND transporter periplasmic adaptor subunit MdsA	plus	AMR	AMR	EFFLUX	EFFLUX	BLASTX	408	408	100.00	98.04	408	AAL19306.1	multidrug efflux RND transporter periplasmic adaptor subunit MdsA	NA	NA
GCA_009758645.1	NA	WSDX01000001.1	46233	48518	+	golT	gold/copper-translocating P-type ATPase GolT	plus	STRESS	METAL	COPPER/GOLD	COPPER/GOLD	BLASTX	762	762	100.00	99.48	762	AAL19307.1	gold/copper-translocating P-type ATPase GolT	NA	NA
GCA_009758645.1	NA	WSDX01000001.1	48533	48994	+	golS	Au(I) sensor transcriptional regulator GolS	plus	STRESS	METAL	GOLD	GOLD	EXACTX	154	154	100.00	100.00	154	AAL19308.1	Au(I) sensor transcriptional regulator GolS	NA	NA
GCA_009758645.1	NA	WSDX01000009.1	57667	58779	+	iroB	salmochelin biosynthesis C-glycosyltransferase IroB	plus	VIRULENCE	VIRULENCE	NA	NA	BLASTX	371	371	100.00	86.52	371	EOW04219.1	salmochelin biosynthesis C-glycosyltransferase IroB	NA	NA
GCA_009758645.1	NA	WSDX01000009.1	58863	62489	+	iroC	salmochelin/enterobactin export ABC transporter IroC	plus	VIRULENCE	VIRULENCE	NA	NA	BLASTX	1209	1219	98.85	80.02	1211	AUH19662.1	salmochelin/enterobactin export ABC transporter IroC	NA	NA
GCA_009758645.1	NA	WSDX01000009.1	150919	151824	-	avrA	type III secretion system YopJ family effector AvrA	plus	VIRULENCE	VIRULENCE	NA	NA	INTERNAL_STOP	302	302	100.00	99.01	302	AAL21745.1	type III secretion system YopJ family effector AvrA	NA	NA
GCA_009758645.1	NA	WSDX01000009.1	179420	181474	-	invA	type III secretion system export apparatus protein InvA	plus	VIRULENCE	VIRULENCE	NA	NA	EXACTX	685	685	100.00	100.00	685	WXW86397.1	type III secretion system export apparatus protein InvA	NA	NA
GCA_009758645.1	NA	WSDX01000010.1	236697	237227	+	sodC1	superoxide dismutase [Cu-Zn] SodC1	plus	VIRULENCE	VIRULENCE	NA	NA	EXACTX	177	177	100.00	100.00	177	AAL19978.1	superoxide dismutase [Cu-Zn] SodC1	NA	NA
GCA_009758645.1	NA	WSDX01000012.1	189760	190455	-	lpfB	long polar fimbrial chaperone LpfB	plus	VIRULENCE	VIRULENCE	NA	NA	BLASTX	232	232	100.00	99.57	232	WXV87835.1	long polar fimbrial chaperone LpfB	NA	NA
GCA_009758645.1	NA	WSDX01000014.1	4681	7044	+	sspH2	SPI-2 type III secretion system effector E3 ubiquitin transferase SspH2	plus	VIRULENCE	VIRULENCE	NA	NA	BLASTX	788	788	100.00	99.24	788	QJV46475.1	SPI-2 type III secretion system effector E3 ubiquitin transferase SspH2	NA	NA
GCA_009758645.1	NA	WSDX01000014.1	105960	107003	-	sseK2	type III secretion system effector arginine glycosyltransferase SseK2	plus	VIRULENCE	VIRULENCE	NA	NA	BLASTX	348	348	100.00	97.99	348	AAL21040.1	type III secretion system effector arginine glycosyltransferase SseK2	NA	NA
GCA_009758645.1	NA	WSDX01000015.1	97304	99493	+	sinH	intimin-like inverse autotransporter SinH	plus	VIRULENCE	VIRULENCE	NA	NA	BLASTX	730	730	100.00	99.86	730	AAL21411.1	intimin-like inverse autotransporter SinH	NA	NA
GCA_009758645.1	NA	WSDX01000031.1	5296	5979	+	gtgA	type III secretion system effector protease GtgA	plus	VIRULENCE	VIRULENCE	NA	NA	BLASTX	228	228	100.00	98.68	228	CBW17061.1	type III secretion system effector protease GtgA	NA	NA
GCA_009758655.1	NA	WSEA01000005.1	9117	9800	-	gtgA	type III secretion system effector protease GtgA	plus	VIRULENCE	VIRULENCE	NA	NA	BLASTX	228	228	100.00	98.68	228	CBW17061.1	type III secretion system effector protease GtgA	NA	NA
GCA_009758655.1	NA	WSEA01000006.1	41117	41647	+	sodC1	superoxide dismutase [Cu-Zn] SodC1	plus	VIRULENCE	VIRULENCE	NA	NA	EXACTX	177	177	100.00	100.00	177	AAL19978.1	superoxide dismutase [Cu-Zn] SodC1	NA	NA
GCA_009758655.1	NA	WSEA01000007.1	36123	36584	-	golS	Au(I) sensor transcriptional regulator GolS	plus	STRESS	METAL	GOLD	GOLD	EXACTX	154	154	100.00	100.00	154	AAL19308.1	Au(I) sensor transcriptional regulator GolS	NA	NA
GCA_009758655.1	NA	WSEA01000007.1	36599	38884	-	golT	gold/copper-translocating P-type ATPase GolT	plus	STRESS	METAL	COPPER/GOLD	COPPER/GOLD	BLASTX	762	762	100.00	99.48	762	AAL19307.1	gold/copper-translocating P-type ATPase GolT	NA	NA
GCA_009758655.1	NA	WSEA01000007.1	39161	40384	+	mdsA	multidrug efflux RND transporter periplasmic adaptor subunit MdsA	plus	AMR	AMR	EFFLUX	EFFLUX	BLASTX	408	408	100.00	98.04	408	AAL19306.1	multidrug efflux RND transporter periplasmic adaptor subunit MdsA	NA	NA
GCA_009758655.1	NA	WSEA01000007.1	40384	43548	+	mdsB	multidrug efflux RND transporter permease subunit MdsB	plus	AMR	AMR	EFFLUX	EFFLUX	BLASTX	1055	1055	100.00	99.72	1055	AAL19305.1	multidrug efflux RND transporter permease subunit MdsB	NA	NA
GCA_009758655.1	NA	WSEA01000010.1	47762	48805	-	sseK2	type III secretion system effector arginine glycosyltransferase SseK2	plus	VIRULENCE	VIRULENCE	NA	NA	BLASTX	348	348	100.00	97.99	348	AAL21040.1	type III secretion system effector arginine glycosyltransferase SseK2	NA	NA
GCA_009758655.1	NA	WSEA01000012.1	97534	99723	+	sinH	intimin-like inverse autotransporter SinH	plus	VIRULENCE	VIRULENCE	NA	NA	BLASTX	730	730	100.00	99.86	730	AAL21411.1	intimin-like inverse autotransporter SinH	NA	NA
GCA_009758655.1	NA	WSEA01000018.1	12675	13787	+	iroB	salmochelin biosynthesis C-glycosyltransferase IroB	plus	VIRULENCE	VIRULENCE	NA	NA	BLASTX	371	371	100.00	86.52	371	EOW04219.1	salmochelin biosynthesis C-glycosyltransferase IroB	NA	NA
GCA_009758655.1	NA	WSEA01000018.1	13871	17497	+	iroC	salmochelin/enterobactin export ABC transporter IroC	plus	VIRULENCE	VIRULENCE	NA	NA	BLASTX	1209	1219	98.85	80.02	1211	AUH19662.1	salmochelin/enterobactin export ABC transporter IroC	NA	NA
GCA_009758655.1	NA	WSEA01000018.1	106065	106970	-	avrA	type III secretion system YopJ family effector AvrA	plus	VIRULENCE	VIRULENCE	NA	NA	INTERNAL_STOP	302	302	100.00	99.01	302	AAL21745.1	type III secretion system YopJ family effector AvrA	NA	NA
GCA_009758655.1	NA	WSEA01000018.1	134566	136620	-	invA	type III secretion system export apparatus protein InvA	plus	VIRULENCE	VIRULENCE	NA	NA	EXACTX	685	685	100.00	100.00	685	WXW86397.1	type III secretion system export apparatus protein InvA	NA	NA
GCA_009758655.1	NA	WSEA01000018.1	394656	395006	+	arsR	As(III)-sensing metalloregulatory transcriptional repressor ArsR	plus	STRESS	METAL	ARSENIC	ARSENIC	BLASTX	117	117	100.00	93.16	117	AAB09624.1	As(III)-sensing metalloregulatory transcriptional repressor ArsR	NA	NA
GCA_009758655.1	NA	WSEA01000018.1	395057	395416	+	arsD	arsenite efflux transporter metallochaperone ArsD	plus	STRESS	METAL	ARSENIC	ARSENITE	BLASTX	120	120	100.00	92.50	120	AAB09625.1	arsenite efflux transporter metallochaperone ArsD	NA	NA
GCA_009758655.1	NA	WSEA01000018.1	398007	399293	+	arsB	arsenite efflux transporter membrane subunit ArsB	plus	STRESS	METAL	ARSENIC	ARSENITE	BLASTX	429	429	100.00	97.44	429	BAA24823.1	arsenite efflux transporter membrane subunit ArsB	NA	NA
GCA_009758655.1	NA	WSEA01000018.1	399309	399728	+	arsC	glutaredoxin-dependent arsenate reductase	plus	STRESS	METAL	ARSENIC	ARSENATE	BLASTX	140	141	99.29	90.71	140	AAA21096.1	glutaredoxin-dependent arsenate reductase	NA	NA
GCA_009758655.1	NA	WSEA01000032.1	87550	88245	+	lpfB	long polar fimbrial chaperone LpfB	plus	VIRULENCE	VIRULENCE	NA	NA	BLASTX	232	232	100.00	99.57	232	WXV87835.1	long polar fimbrial chaperone LpfB	NA	NA
GCA_009758655.1	NA	WSEA01000033.1	51198	53561	-	sspH2	SPI-2 type III secretion system effector E3 ubiquitin transferase SspH2	plus	VIRULENCE	VIRULENCE	NA	NA	BLASTX	788	788	100.00	99.24	788	QJV46475.1	SPI-2 type III secretion system effector E3 ubiquitin transferase SspH2	NA	NA
GCA_009758655.1	NA	WSEA01000041.1	564	1436	+	blaCTX-M-55	extended-spectrum class A beta-lactamase CTX-M-55	core	AMR	AMR	BETA-LACTAM	CEPHALOSPORIN	ALLELEX	291	291	100.00	100.00	291	WP_015387340.1	extended-spectrum class A beta-lactamase CTX-M-55	NA	NA
GCA_009758655.1	NA	WSEA01000041.1	6080	6733	+	qnrS1	quinolone resistance pentapeptide repeat protein QnrS1	core	AMR	AMR	QUINOLONE	QUINOLONE	ALLELEX	218	218	100.00	100.00	218	WP_001516695.1	quinolone resistance pentapeptide repeat protein QnrS1	NA	NA
GCA_009758655.1	NA	WSEA01000044.1	12404	12835	-	pcoE	copper resistance system metallochaperone PcoE	plus	STRESS	METAL	COPPER	COPPER	BLASTX	144	144	100.00	92.36	144	CAA58532.1	copper resistance system metallochaperone PcoE	NA	NA
GCA_009758655.1	NA	WSEA01000044.1	13056	14453	-	pcoS	copper resistance membrane spanning protein PcoS	plus	STRESS	METAL	COPPER	COPPER	BLASTX	466	466	100.00	99.36	466	CAA58530.1	copper resistance membrane spanning protein PcoS	NA	NA
GCA_009758655.1	NA	WSEA01000044.1	14453	15130	-	pcoR	copper response regulator transcription factor PcoR	plus	STRESS	METAL	COPPER	COPPER	EXACTX	226	226	100.00	100.00	226	CAA58529.1	copper response regulator transcription factor PcoR	NA	NA
GCA_009758655.1	NA	WSEA01000044.1	15188	16114	-	pcoD	copper resistance inner membrane protein PcoD	plus	STRESS	METAL	COPPER	COPPER	EXACTX	309	309	100.00	100.00	309	CAA58528.1	copper resistance inner membrane protein PcoD	NA	NA
GCA_009758655.1	NA	WSEA01000044.1	16122	16499	-	pcoC	copper resistance system metallochaperone PcoC	plus	STRESS	METAL	COPPER	COPPER	BLASTX	126	126	100.00	99.21	126	CAA58527.1	copper resistance system metallochaperone PcoC	NA	NA
GCA_009758655.1	NA	WSEA01000044.1	16542	17429	-	pcoB	copper-binding protein PcoB	plus	STRESS	METAL	COPPER	COPPER	EXACTX	296	296	100.00	100.00	296	CAA58526.1	copper-binding protein PcoB	NA	NA
GCA_009758655.1	NA	WSEA01000044.1	17438	19252	-	pcoA	multicopper oxidase PcoA	plus	STRESS	METAL	COPPER	COPPER	BLASTX	605	605	100.00	99.67	605	CAA58525.1	multicopper oxidase PcoA	NA	NA
GCA_009758655.1	NA	WSEA01000044.1	21237	23711	-	silP	Ag(+)-translocating P-type ATPase SilP	plus	STRESS	METAL	SILVER	SILVER	BLASTX	825	824	100.00	94.19	826	AAD11750.1	Ag(+)-translocating P-type ATPase SilP	NA	NA
GCA_009758655.1	NA	WSEA01000044.1	24339	27482	-	silA	Cu(+)/Ag(+) efflux RND transporter permease subunit SilA	plus	STRESS	METAL	COPPER/SILVER	COPPER/SILVER	BLASTX	1048	1048	100.00	98.47	1048	AAD11749.1	Cu(+)/Ag(+) efflux RND transporter permease subunit SilA	NA	NA
GCA_009758655.1	NA	WSEA01000044.1	27496	28785	-	silB	Cu(+)/Ag(+) efflux RND transporter periplasmic adaptor subunit SilB	plus	STRESS	METAL	COPPER/SILVER	COPPER/SILVER	BLASTX	430	430	100.00	96.74	430	AAD11748.1	Cu(+)/Ag(+) efflux RND transporter periplasmic adaptor subunit SilB	NA	NA
GCA_009758655.1	NA	WSEA01000044.1	28902	29252	-	silF	Cu(+)/Ag(+) efflux RND transporter periplasmic metallochaperone SilF	plus	STRESS	METAL	COPPER/SILVER	COPPER/SILVER	BLASTX	117	117	100.00	97.44	117	KGL71342.1	Cu(+)/Ag(+) efflux RND transporter periplasmic metallochaperone SilF	NA	NA
GCA_009758655.1	NA	WSEA01000044.1	29283	30665	-	silC	Cu(+)/Ag(+) efflux RND transporter outer membrane channel SilC	plus	STRESS	METAL	COPPER/SILVER	COPPER/SILVER	BLASTX	461	461	100.00	98.05	461	SPD96884.1	Cu(+)/Ag(+) efflux RND transporter outer membrane channel SilC	NA	NA
GCA_009758655.1	NA	WSEA01000044.1	30855	31532	+	silR	copper/silver response regulator transcription factor SilR	plus	STRESS	METAL	COPPER/SILVER	COPPER/SILVER	BLASTX	226	226	100.00	97.79	226	SPD96883.1	copper/silver response regulator transcription factor SilR	NA	NA
GCA_009758655.1	NA	WSEA01000044.1	31528	33000	+	silS	copper/silver sensor histidine kinase SilS	plus	STRESS	METAL	COPPER/SILVER	COPPER/SILVER	BLASTX	491	491	100.00	98.57	491	SPD96882.1	copper/silver sensor histidine kinase SilS	NA	NA
GCA_009758655.1	NA	WSEA01000044.1	33254	33682	+	silE	silver-binding protein SilE	plus	STRESS	METAL	SILVER	SILVER	EXACTX	143	143	100.00	100.00	143	AAD11743.1	silver-binding protein SilE	NA	NA
GCA_009758655.1	NA	WSEA01000049.1	1075	2271	+	tet(A)	tetracycline efflux MFS transporter Tet(A)	core	AMR	AMR	TETRACYCLINE	TETRACYCLINE	BLASTX	399	399	100.00	99.75	399	WP_000804064.1	tetracycline efflux MFS transporter Tet(A)	NA	NA
GCA_009758655.1	NA	WSEA01000054.1	141	998	+	blaTEM-1	broad-spectrum class A beta-lactamase TEM-1	core	AMR	AMR	BETA-LACTAM	BETA-LACTAM	ALLELEX	286	286	100.00	100.00	286	WP_000027057.1	broad-spectrum class A beta-lactamase TEM-1	NA	NA
GCA_009758655.1	NA	WSEA01000054.1	3100	5016	-	tet(M)	tetracycline resistance ribosomal protection protein Tet(M)	core	AMR	AMR	TETRACYCLINE	TETRACYCLINE	EXACTX	639	639	100.00	100.00	639	WP_000691727.1	tetracycline resistance ribosomal protection protein Tet(M)	NA	NA
GCA_009758655.1	NA	WSEA01000056.1	679	1536	+	aac(3)-IId	aminoglycoside N-acetyltransferase AAC(3)-IId	core	AMR	AMR	AMINOGLYCOSIDE	GENTAMICIN	EXACTX	286	286	100.00	100.00	286	WP_000557454.1	aminoglycoside N-acetyltransferase AAC(3)-IId	NA	NA
GCA_009758655.1	NA	WSEA01000067.1	7	243	-	ble	bleomycin binding protein BLMT	core	AMR	AMR	BLEOMYCIN	BLEOMYCIN	PARTIALX	79	126	61.11	96.20	79	WP_000131935.1	bleomycin binding protein BLMT	NA	NA
GCA_009758655.1	NA	WSEA01000067.1	267	1058	-	aph(3')-IIa	aminoglycoside O-phosphotransferase APH(3')-IIa	core	AMR	AMR	AMINOGLYCOSIDE	KANAMYCIN	EXACTX	264	264	100.00	100.00	264	WP_000572405.1	aminoglycoside O-phosphotransferase APH(3')-IIa	NA	NA
GCA_009758655.1	NA	WSEA01000080.1	160	546	+	bleO	bleomycin binding protein	core	AMR	AMR	BLEOMYCIN	BLEOMYCIN	BLASTX	129	134	96.27	100.00	129	WP_001242578.1	bleomycin binding protein	NA	NA
GCA_009758655.1	NA	WSEA01000085.1	1892	2680	+	sul3	sulfonamide-resistant dihydropteroate synthase Sul3	core	AMR	AMR	SULFONAMIDE	SULFONAMIDE	EXACTX	263	263	100.00	100.00	263	WP_000034420.1	sulfonamide-resistant dihydropteroate synthase Sul3	NA	NA
GCA_009758655.1	NA	WSEA01000087.1	2618	3406	+	aadA2	ANT(3'')-Ia family aminoglycoside nucleotidyltransferase AadA2	core	AMR	AMR	AMINOGLYCOSIDE	STREPTOMYCIN	EXACTX	263	263	100.00	100.00	263	WP_001261740.1	ANT(3'')-Ia family aminoglycoside nucleotidyltransferase AadA2	NA	NA
GCA_009758655.1	NA	WSEA01000087.1	3671	4927	+	cmlA1	chloramphenicol efflux MFS transporter CmlA1	core	AMR	AMR	PHENICOL	CHLORAMPHENICOL	EXACTX	419	419	100.00	100.00	419	WP_000095725.1	chloramphenicol efflux MFS transporter CmlA1	NA	NA
GCA_009758655.1	NA	WSEA01000087.1	5023	5811	+	aadA1	ANT(3'')-Ia family aminoglycoside nucleotidyltransferase AadA1	core	AMR	AMR	AMINOGLYCOSIDE	STREPTOMYCIN	EXACTX	263	263	100.00	100.00	263	WP_001206316.1	ANT(3'')-Ia family aminoglycoside nucleotidyltransferase AadA1	NA	NA
GCA_009758655.1	NA	WSEA01000087.1	5984	6313	+	qacL	quaternary ammonium compound efflux SMR transporter QacL	core	STRESS	BIOCIDE	QUATERNARY AMMONIUM	QUATERNARY AMMONIUM	EXACTX	110	110	100.00	100.00	110	WP_000800531.1	quaternary ammonium compound efflux SMR transporter QacL	NA	NA
GCA_009758695.1	NA	WSDW01000004.1	189705	190400	-	lpfB	long polar fimbrial chaperone LpfB	plus	VIRULENCE	VIRULENCE	NA	NA	EXACTX	232	232	100.00	100.00	232	WXV87835.1	long polar fimbrial chaperone LpfB	NA	NA
GCA_009758695.1	NA	WSDW01000008.1	68888	72052	-	mdsB	multidrug efflux RND transporter permease subunit MdsB	plus	AMR	AMR	EFFLUX	EFFLUX	BLASTX	1055	1055	100.00	99.62	1055	AAL19305.1	multidrug efflux RND transporter permease subunit MdsB	NA	NA
GCA_009758695.1	NA	WSDW01000008.1	72052	73275	-	mdsA	multidrug efflux RND transporter periplasmic adaptor subunit MdsA	plus	AMR	AMR	EFFLUX	EFFLUX	BLASTX	408	408	100.00	98.04	408	AAL19306.1	multidrug efflux RND transporter periplasmic adaptor subunit MdsA	NA	NA
GCA_009758695.1	NA	WSDW01000008.1	73552	75837	+	golT	gold/copper-translocating P-type ATPase GolT	plus	STRESS	METAL	COPPER/GOLD	COPPER/GOLD	BLASTX	762	762	100.00	99.61	762	AAL19307.1	gold/copper-translocating P-type ATPase GolT	NA	NA
GCA_009758695.1	NA	WSDW01000008.1	75852	76313	+	golS	Au(I) sensor transcriptional regulator GolS	plus	STRESS	METAL	GOLD	GOLD	EXACTX	154	154	100.00	100.00	154	AAL19308.1	Au(I) sensor transcriptional regulator GolS	NA	NA
GCA_009758695.1	NA	WSDW01000009.1	30478	31008	-	sodC1	superoxide dismutase [Cu-Zn] SodC1	plus	VIRULENCE	VIRULENCE	NA	NA	EXACTX	177	177	100.00	100.00	177	AAL19978.1	superoxide dismutase [Cu-Zn] SodC1	NA	NA
GCA_009758695.1	NA	WSDW01000010.1	4232	6595	+	sspH2	SPI-2 type III secretion system effector E3 ubiquitin transferase SspH2	plus	VIRULENCE	VIRULENCE	NA	NA	BLASTX	788	788	100.00	99.37	788	QJV46475.1	SPI-2 type III secretion system effector E3 ubiquitin transferase SspH2	NA	NA
GCA_009758695.1	NA	WSDW01000010.1	105513	106556	-	sseK2	type III secretion system effector arginine glycosyltransferase SseK2	plus	VIRULENCE	VIRULENCE	NA	NA	BLASTX	348	348	100.00	98.28	348	AAL21040.1	type III secretion system effector arginine glycosyltransferase SseK2	NA	NA
GCA_009758695.1	NA	WSDW01000012.1	39483	40388	-	avrA	type III secretion system YopJ family effector AvrA	plus	VIRULENCE	VIRULENCE	NA	NA	BLASTX	302	302	100.00	99.34	302	AAL21745.1	type III secretion system YopJ family effector AvrA	NA	NA
GCA_009758695.1	NA	WSDW01000012.1	67984	70038	-	invA	type III secretion system export apparatus protein InvA	plus	VIRULENCE	VIRULENCE	NA	NA	EXACTX	685	685	100.00	100.00	685	WXW86397.1	type III secretion system export apparatus protein InvA	NA	NA
GCA_009758695.1	NA	WSDW01000020.1	31054	31701	+	spvD	SPI-2 type III secretion system effector cysteine hydrolase SpvD	plus	VIRULENCE	VIRULENCE	NA	NA	BLASTX	216	216	100.00	99.07	216	AAG59626.1	SPI-2 type III secretion system effector cysteine hydrolase SpvD	NA	NA
GCA_009758695.1	NA	WSDW01000025.1	23972	26161	+	sinH	intimin-like inverse autotransporter SinH	plus	VIRULENCE	VIRULENCE	NA	NA	BLASTX	730	730	100.00	99.73	730	AAL21411.1	intimin-like inverse autotransporter SinH	NA	NA
GCA_009758695.1	NA	WSDW01000039.1	48940	52566	-	iroC	salmochelin/enterobactin export ABC transporter IroC	plus	VIRULENCE	VIRULENCE	NA	NA	BLASTX	1209	1219	98.85	80.02	1211	AUH19662.1	salmochelin/enterobactin export ABC transporter IroC	NA	NA
GCA_009758695.1	NA	WSDW01000039.1	52650	53762	-	iroB	salmochelin biosynthesis C-glycosyltransferase IroB	plus	VIRULENCE	VIRULENCE	NA	NA	BLASTX	371	371	100.00	86.52	371	EOW04219.1	salmochelin biosynthesis C-glycosyltransferase IroB	NA	NA
GCA_009758715.1	NA	WSDS01000001.1	762713	763243	+	sodC1	superoxide dismutase [Cu-Zn] SodC1	plus	VIRULENCE	VIRULENCE	NA	NA	EXACTX	177	177	100.00	100.00	177	AAL19978.1	superoxide dismutase [Cu-Zn] SodC1	NA	NA
GCA_009758715.1	NA	WSDS01000003.1	189813	190508	-	lpfB	long polar fimbrial chaperone LpfB	plus	VIRULENCE	VIRULENCE	NA	NA	EXACTX	232	232	100.00	100.00	232	WXV87835.1	long polar fimbrial chaperone LpfB	NA	NA
GCA_009758715.1	NA	WSDS01000005.1	119386	121575	+	sinH	intimin-like inverse autotransporter SinH	plus	VIRULENCE	VIRULENCE	NA	NA	BLASTX	730	730	100.00	99.73	730	AAL21411.1	intimin-like inverse autotransporter SinH	NA	NA
GCA_009758715.1	NA	WSDS01000006.1	4232	6595	+	sspH2	SPI-2 type III secretion system effector E3 ubiquitin transferase SspH2	plus	VIRULENCE	VIRULENCE	NA	NA	BLASTX	788	788	100.00	99.37	788	QJV46475.1	SPI-2 type III secretion system effector E3 ubiquitin transferase SspH2	NA	NA
GCA_009758715.1	NA	WSDS01000006.1	105511	106554	-	sseK2	type III secretion system effector arginine glycosyltransferase SseK2	plus	VIRULENCE	VIRULENCE	NA	NA	BLASTX	348	348	100.00	98.28	348	AAL21040.1	type III secretion system effector arginine glycosyltransferase SseK2	NA	NA
GCA_009758715.1	NA	WSDS01000010.1	409045	409506	-	golS	Au(I) sensor transcriptional regulator GolS	plus	STRESS	METAL	GOLD	GOLD	EXACTX	154	154	100.00	100.00	154	AAL19308.1	Au(I) sensor transcriptional regulator GolS	NA	NA
GCA_009758715.1	NA	WSDS01000010.1	409521	411806	-	golT	gold/copper-translocating P-type ATPase GolT	plus	STRESS	METAL	COPPER/GOLD	COPPER/GOLD	BLASTX	762	762	100.00	99.61	762	AAL19307.1	gold/copper-translocating P-type ATPase GolT	NA	NA
GCA_009758715.1	NA	WSDS01000010.1	412083	413306	+	mdsA	multidrug efflux RND transporter periplasmic adaptor subunit MdsA	plus	AMR	AMR	EFFLUX	EFFLUX	BLASTX	408	408	100.00	98.04	408	AAL19306.1	multidrug efflux RND transporter periplasmic adaptor subunit MdsA	NA	NA
GCA_009758715.1	NA	WSDS01000010.1	413306	416470	+	mdsB	multidrug efflux RND transporter permease subunit MdsB	plus	AMR	AMR	EFFLUX	EFFLUX	BLASTX	1055	1055	100.00	99.62	1055	AAL19305.1	multidrug efflux RND transporter permease subunit MdsB	NA	NA
GCA_009758715.1	NA	WSDS01000015.1	630	1742	+	iroB	salmochelin biosynthesis C-glycosyltransferase IroB	plus	VIRULENCE	VIRULENCE	NA	NA	BLASTX	371	371	100.00	86.52	371	EOW04219.1	salmochelin biosynthesis C-glycosyltransferase IroB	NA	NA
GCA_009758715.1	NA	WSDS01000015.1	1826	5452	+	iroC	salmochelin/enterobactin export ABC transporter IroC	plus	VIRULENCE	VIRULENCE	NA	NA	BLASTX	1209	1219	98.85	80.02	1211	AUH19662.1	salmochelin/enterobactin export ABC transporter IroC	NA	NA
GCA_009758715.1	NA	WSDS01000015.1	94020	94925	-	avrA	type III secretion system YopJ family effector AvrA	plus	VIRULENCE	VIRULENCE	NA	NA	BLASTX	302	302	100.00	99.34	302	AAL21745.1	type III secretion system YopJ family effector AvrA	NA	NA
GCA_009758715.1	NA	WSDS01000023.1	25434	27488	-	invA	type III secretion system export apparatus protein InvA	plus	VIRULENCE	VIRULENCE	NA	NA	EXACTX	685	685	100.00	100.00	685	WXW86397.1	type III secretion system export apparatus protein InvA	NA	NA
GCA_009758715.1	NA	WSDS01000026.1	30082	30729	-	spvD	SPI-2 type III secretion system effector cysteine hydrolase SpvD	plus	VIRULENCE	VIRULENCE	NA	NA	BLASTX	216	216	100.00	99.07	216	AAG59626.1	SPI-2 type III secretion system effector cysteine hydrolase SpvD	NA	NA
GCA_009758725.1	NA	WSDH01000004.1	390022	391065	+	sseK2	type III secretion system effector arginine glycosyltransferase SseK2	plus	VIRULENCE	VIRULENCE	NA	NA	BLASTX	348	348	100.00	98.28	348	AAL21040.1	type III secretion system effector arginine glycosyltransferase SseK2	NA	NA
GCA_009758725.1	NA	WSDH01000004.1	489981	492344	-	sspH2	SPI-2 type III secretion system effector E3 ubiquitin transferase SspH2	plus	VIRULENCE	VIRULENCE	NA	NA	BLASTX	788	788	100.00	99.37	788	QJV46475.1	SPI-2 type III secretion system effector E3 ubiquitin transferase SspH2	NA	NA
GCA_009758725.1	NA	WSDH01000009.1	37992	40046	+	invA	type III secretion system export apparatus protein InvA	plus	VIRULENCE	VIRULENCE	NA	NA	EXACTX	685	685	100.00	100.00	685	WXW86397.1	type III secretion system export apparatus protein InvA	NA	NA
GCA_009758725.1	NA	WSDH01000009.1	67642	68547	+	avrA	type III secretion system YopJ family effector AvrA	plus	VIRULENCE	VIRULENCE	NA	NA	BLASTX	302	302	100.00	99.34	302	AAL21745.1	type III secretion system YopJ family effector AvrA	NA	NA
GCA_009758725.1	NA	WSDH01000011.1	356199	356660	-	golS	Au(I) sensor transcriptional regulator GolS	plus	STRESS	METAL	GOLD	GOLD	EXACTX	154	154	100.00	100.00	154	AAL19308.1	Au(I) sensor transcriptional regulator GolS	NA	NA
GCA_009758725.1	NA	WSDH01000011.1	356675	358960	-	golT	gold/copper-translocating P-type ATPase GolT	plus	STRESS	METAL	COPPER/GOLD	COPPER/GOLD	BLASTX	762	762	100.00	99.61	762	AAL19307.1	gold/copper-translocating P-type ATPase GolT	NA	NA
GCA_009758725.1	NA	WSDH01000011.1	359237	360460	+	mdsA	multidrug efflux RND transporter periplasmic adaptor subunit MdsA	plus	AMR	AMR	EFFLUX	EFFLUX	BLASTX	408	408	100.00	98.04	408	AAL19306.1	multidrug efflux RND transporter periplasmic adaptor subunit MdsA	NA	NA
GCA_009758725.1	NA	WSDH01000011.1	360460	363624	+	mdsB	multidrug efflux RND transporter permease subunit MdsB	plus	AMR	AMR	EFFLUX	EFFLUX	BLASTX	1055	1055	100.00	99.62	1055	AAL19305.1	multidrug efflux RND transporter permease subunit MdsB	NA	NA
GCA_009758725.1	NA	WSDH01000011.1	460213	460743	+	sodC1	superoxide dismutase [Cu-Zn] SodC1	plus	VIRULENCE	VIRULENCE	NA	NA	EXACTX	177	177	100.00	100.00	177	AAL19978.1	superoxide dismutase [Cu-Zn] SodC1	NA	NA
GCA_009758725.1	NA	WSDH01000012.1	189716	190411	-	lpfB	long polar fimbrial chaperone LpfB	plus	VIRULENCE	VIRULENCE	NA	NA	EXACTX	232	232	100.00	100.00	232	WXV87835.1	long polar fimbrial chaperone LpfB	NA	NA
GCA_009758725.1	NA	WSDH01000016.1	52822	53469	+	spvD	SPI-2 type III secretion system effector cysteine hydrolase SpvD	plus	VIRULENCE	VIRULENCE	NA	NA	BLASTX	216	216	100.00	99.07	216	AAG59626.1	SPI-2 type III secretion system effector cysteine hydrolase SpvD	NA	NA
GCA_009758725.1	NA	WSDH01000019.1	17120	19309	-	sinH	intimin-like inverse autotransporter SinH	plus	VIRULENCE	VIRULENCE	NA	NA	BLASTX	730	730	100.00	99.73	730	AAL21411.1	intimin-like inverse autotransporter SinH	NA	NA
GCA_009758725.1	NA	WSDH01000024.1	48583	52209	-	iroC	salmochelin/enterobactin export ABC transporter IroC	plus	VIRULENCE	VIRULENCE	NA	NA	BLASTX	1209	1219	98.85	80.02	1211	AUH19662.1	salmochelin/enterobactin export ABC transporter IroC	NA	NA
GCA_009758725.1	NA	WSDH01000024.1	52293	53405	-	iroB	salmochelin biosynthesis C-glycosyltransferase IroB	plus	VIRULENCE	VIRULENCE	NA	NA	BLASTX	371	371	100.00	86.52	371	EOW04219.1	salmochelin biosynthesis C-glycosyltransferase IroB	NA	NA
GCA_009758735.1	NA	WSDV01000001.1	762527	763057	+	sodC1	superoxide dismutase [Cu-Zn] SodC1	plus	VIRULENCE	VIRULENCE	NA	NA	EXACTX	177	177	100.00	100.00	177	AAL19978.1	superoxide dismutase [Cu-Zn] SodC1	NA	NA
GCA_009758735.1	NA	WSDV01000003.1	39372	40277	-	avrA	type III secretion system YopJ family effector AvrA	plus	VIRULENCE	VIRULENCE	NA	NA	BLASTX	302	302	100.00	99.34	302	AAL21745.1	type III secretion system YopJ family effector AvrA	NA	NA
GCA_009758735.1	NA	WSDV01000003.1	67873	69927	-	invA	type III secretion system export apparatus protein InvA	plus	VIRULENCE	VIRULENCE	NA	NA	EXACTX	685	685	100.00	100.00	685	WXW86397.1	type III secretion system export apparatus protein InvA	NA	NA
GCA_009758735.1	NA	WSDV01000006.1	4232	6595	+	sspH2	SPI-2 type III secretion system effector E3 ubiquitin transferase SspH2	plus	VIRULENCE	VIRULENCE	NA	NA	BLASTX	788	788	100.00	99.37	788	QJV46475.1	SPI-2 type III secretion system effector E3 ubiquitin transferase SspH2	NA	NA
GCA_009758735.1	NA	WSDV01000006.1	105511	106554	-	sseK2	type III secretion system effector arginine glycosyltransferase SseK2	plus	VIRULENCE	VIRULENCE	NA	NA	BLASTX	348	348	100.00	98.28	348	AAL21040.1	type III secretion system effector arginine glycosyltransferase SseK2	NA	NA
GCA_009758735.1	NA	WSDV01000007.1	189693	190388	-	lpfB	long polar fimbrial chaperone LpfB	plus	VIRULENCE	VIRULENCE	NA	NA	EXACTX	232	232	100.00	100.00	232	WXV87835.1	long polar fimbrial chaperone LpfB	NA	NA
GCA_009758735.1	NA	WSDV01000008.1	48882	52508	-	iroC	salmochelin/enterobactin export ABC transporter IroC	plus	VIRULENCE	VIRULENCE	NA	NA	BLASTX	1209	1219	98.85	80.02	1211	AUH19662.1	salmochelin/enterobactin export ABC transporter IroC	NA	NA
GCA_009758735.1	NA	WSDV01000008.1	52592	53704	-	iroB	salmochelin biosynthesis C-glycosyltransferase IroB	plus	VIRULENCE	VIRULENCE	NA	NA	BLASTX	371	371	100.00	86.52	371	EOW04219.1	salmochelin biosynthesis C-glycosyltransferase IroB	NA	NA
GCA_009758735.1	NA	WSDV01000011.1	36123	36584	-	golS	Au(I) sensor transcriptional regulator GolS	plus	STRESS	METAL	GOLD	GOLD	EXACTX	154	154	100.00	100.00	154	AAL19308.1	Au(I) sensor transcriptional regulator GolS	NA	NA
GCA_009758735.1	NA	WSDV01000011.1	36599	38884	-	golT	gold/copper-translocating P-type ATPase GolT	plus	STRESS	METAL	COPPER/GOLD	COPPER/GOLD	BLASTX	762	762	100.00	99.61	762	AAL19307.1	gold/copper-translocating P-type ATPase GolT	NA	NA
GCA_009758735.1	NA	WSDV01000011.1	39161	40384	+	mdsA	multidrug efflux RND transporter periplasmic adaptor subunit MdsA	plus	AMR	AMR	EFFLUX	EFFLUX	BLASTX	408	408	100.00	98.04	408	AAL19306.1	multidrug efflux RND transporter periplasmic adaptor subunit MdsA	NA	NA
GCA_009758735.1	NA	WSDV01000011.1	40384	43548	+	mdsB	multidrug efflux RND transporter permease subunit MdsB	plus	AMR	AMR	EFFLUX	EFFLUX	BLASTX	1055	1055	100.00	99.62	1055	AAL19305.1	multidrug efflux RND transporter permease subunit MdsB	NA	NA
GCA_009758735.1	NA	WSDV01000013.1	77604	79793	+	sinH	intimin-like inverse autotransporter SinH	plus	VIRULENCE	VIRULENCE	NA	NA	BLASTX	730	730	100.00	99.73	730	AAL21411.1	intimin-like inverse autotransporter SinH	NA	NA
GCA_009758735.1	NA	WSDV01000027.1	61859	62506	-	spvD	SPI-2 type III secretion system effector cysteine hydrolase SpvD	plus	VIRULENCE	VIRULENCE	NA	NA	BLASTX	216	216	100.00	99.07	216	AAG59626.1	SPI-2 type III secretion system effector cysteine hydrolase SpvD	NA	NA
GCA_009758755.1	NA	WSDF01000001.1	356102	356563	-	golS	Au(I) sensor transcriptional regulator GolS	plus	STRESS	METAL	GOLD	GOLD	EXACTX	154	154	100.00	100.00	154	AAL19308.1	Au(I) sensor transcriptional regulator GolS	NA	NA
GCA_009758755.1	NA	WSDF01000001.1	356578	358863	-	golT	gold/copper-translocating P-type ATPase GolT	plus	STRESS	METAL	COPPER/GOLD	COPPER/GOLD	BLASTX	762	762	100.00	99.61	762	AAL19307.1	gold/copper-translocating P-type ATPase GolT	NA	NA
GCA_009758755.1	NA	WSDF01000001.1	359140	360363	+	mdsA	multidrug efflux RND transporter periplasmic adaptor subunit MdsA	plus	AMR	AMR	EFFLUX	EFFLUX	BLASTX	408	408	100.00	98.04	408	AAL19306.1	multidrug efflux RND transporter periplasmic adaptor subunit MdsA	NA	NA
GCA_009758755.1	NA	WSDF01000001.1	360363	363527	+	mdsB	multidrug efflux RND transporter permease subunit MdsB	plus	AMR	AMR	EFFLUX	EFFLUX	BLASTX	1055	1055	100.00	99.62	1055	AAL19305.1	multidrug efflux RND transporter permease subunit MdsB	NA	NA
GCA_009758755.1	NA	WSDF01000004.1	4231	6594	+	sspH2	SPI-2 type III secretion system effector E3 ubiquitin transferase SspH2	plus	VIRULENCE	VIRULENCE	NA	NA	BLASTX	788	788	100.00	99.37	788	QJV46475.1	SPI-2 type III secretion system effector E3 ubiquitin transferase SspH2	NA	NA
GCA_009758755.1	NA	WSDF01000004.1	105510	106553	-	sseK2	type III secretion system effector arginine glycosyltransferase SseK2	plus	VIRULENCE	VIRULENCE	NA	NA	BLASTX	348	348	100.00	98.28	348	AAL21040.1	type III secretion system effector arginine glycosyltransferase SseK2	NA	NA
GCA_009758755.1	NA	WSDF01000012.1	57901	58596	+	lpfB	long polar fimbrial chaperone LpfB	plus	VIRULENCE	VIRULENCE	NA	NA	EXACTX	232	232	100.00	100.00	232	WXV87835.1	long polar fimbrial chaperone LpfB	NA	NA
GCA_009758755.1	NA	WSDF01000018.1	630	1742	+	iroB	salmochelin biosynthesis C-glycosyltransferase IroB	plus	VIRULENCE	VIRULENCE	NA	NA	BLASTX	371	371	100.00	86.52	371	EOW04219.1	salmochelin biosynthesis C-glycosyltransferase IroB	NA	NA
GCA_009758755.1	NA	WSDF01000018.1	1826	5452	+	iroC	salmochelin/enterobactin export ABC transporter IroC	plus	VIRULENCE	VIRULENCE	NA	NA	BLASTX	1209	1219	98.85	80.02	1211	AUH19662.1	salmochelin/enterobactin export ABC transporter IroC	NA	NA
GCA_009758755.1	NA	WSDF01000018.1	94020	94925	-	avrA	type III secretion system YopJ family effector AvrA	plus	VIRULENCE	VIRULENCE	NA	NA	BLASTX	302	302	100.00	99.34	302	AAL21745.1	type III secretion system YopJ family effector AvrA	NA	NA
GCA_009758755.1	NA	WSDF01000018.1	122521	124575	-	invA	type III secretion system export apparatus protein InvA	plus	VIRULENCE	VIRULENCE	NA	NA	EXACTX	685	685	100.00	100.00	685	WXW86397.1	type III secretion system export apparatus protein InvA	NA	NA
GCA_009758755.1	NA	WSDF01000024.1	65726	66373	+	spvD	SPI-2 type III secretion system effector cysteine hydrolase SpvD	plus	VIRULENCE	VIRULENCE	NA	NA	BLASTX	216	216	100.00	99.07	216	AAG59626.1	SPI-2 type III secretion system effector cysteine hydrolase SpvD	NA	NA
GCA_009758755.1	NA	WSDF01000029.1	54521	55051	+	sodC1	superoxide dismutase [Cu-Zn] SodC1	plus	VIRULENCE	VIRULENCE	NA	NA	EXACTX	177	177	100.00	100.00	177	AAL19978.1	superoxide dismutase [Cu-Zn] SodC1	NA	NA
GCA_009758755.1	NA	WSDF01000033.1	166	2355	+	sinH	intimin-like inverse autotransporter SinH	plus	VIRULENCE	VIRULENCE	NA	NA	BLASTX	730	730	100.00	99.73	730	AAL21411.1	intimin-like inverse autotransporter SinH	NA	NA
GCA_009758795.1	NA	WSDE01000003.1	23971	26160	+	sinH	intimin-like inverse autotransporter SinH	plus	VIRULENCE	VIRULENCE	NA	NA	BLASTX	730	730	100.00	99.73	730	AAL21411.1	intimin-like inverse autotransporter SinH	NA	NA
GCA_009758795.1	NA	WSDE01000005.1	42434	45598	-	mdsB	multidrug efflux RND transporter permease subunit MdsB	plus	AMR	AMR	EFFLUX	EFFLUX	BLASTX	1055	1055	100.00	99.62	1055	AAL19305.1	multidrug efflux RND transporter permease subunit MdsB	NA	NA
GCA_009758795.1	NA	WSDE01000005.1	45598	46821	-	mdsA	multidrug efflux RND transporter periplasmic adaptor subunit MdsA	plus	AMR	AMR	EFFLUX	EFFLUX	BLASTX	408	408	100.00	98.04	408	AAL19306.1	multidrug efflux RND transporter periplasmic adaptor subunit MdsA	NA	NA
GCA_009758795.1	NA	WSDE01000005.1	47098	49383	+	golT	gold/copper-translocating P-type ATPase GolT	plus	STRESS	METAL	COPPER/GOLD	COPPER/GOLD	BLASTX	762	762	100.00	99.61	762	AAL19307.1	gold/copper-translocating P-type ATPase GolT	NA	NA
GCA_009758795.1	NA	WSDE01000005.1	49398	49859	+	golS	Au(I) sensor transcriptional regulator GolS	plus	STRESS	METAL	GOLD	GOLD	EXACTX	154	154	100.00	100.00	154	AAL19308.1	Au(I) sensor transcriptional regulator GolS	NA	NA
GCA_009758795.1	NA	WSDE01000009.1	4231	6594	+	sspH2	SPI-2 type III secretion system effector E3 ubiquitin transferase SspH2	plus	VIRULENCE	VIRULENCE	NA	NA	BLASTX	788	788	100.00	99.37	788	QJV46475.1	SPI-2 type III secretion system effector E3 ubiquitin transferase SspH2	NA	NA
GCA_009758795.1	NA	WSDE01000009.1	105510	106553	-	sseK2	type III secretion system effector arginine glycosyltransferase SseK2	plus	VIRULENCE	VIRULENCE	NA	NA	BLASTX	348	348	100.00	98.28	348	AAL21040.1	type III secretion system effector arginine glycosyltransferase SseK2	NA	NA
GCA_009758795.1	NA	WSDE01000010.1	107873	109927	+	invA	type III secretion system export apparatus protein InvA	plus	VIRULENCE	VIRULENCE	NA	NA	EXACTX	685	685	100.00	100.00	685	WXW86397.1	type III secretion system export apparatus protein InvA	NA	NA
GCA_009758795.1	NA	WSDE01000010.1	137523	138428	+	avrA	type III secretion system YopJ family effector AvrA	plus	VIRULENCE	VIRULENCE	NA	NA	BLASTX	302	302	100.00	99.34	302	AAL21745.1	type III secretion system YopJ family effector AvrA	NA	NA
GCA_009758795.1	NA	WSDE01000010.1	226449	230075	-	iroC	salmochelin/enterobactin export ABC transporter IroC	plus	VIRULENCE	VIRULENCE	NA	NA	BLASTX	1209	1219	98.85	80.02	1211	AUH19662.1	salmochelin/enterobactin export ABC transporter IroC	NA	NA
GCA_009758795.1	NA	WSDE01000010.1	230159	231271	-	iroB	salmochelin biosynthesis C-glycosyltransferase IroB	plus	VIRULENCE	VIRULENCE	NA	NA	BLASTX	371	371	100.00	86.52	371	EOW04219.1	salmochelin biosynthesis C-glycosyltransferase IroB	NA	NA
GCA_009758795.1	NA	WSDE01000014.1	189716	190411	-	lpfB	long polar fimbrial chaperone LpfB	plus	VIRULENCE	VIRULENCE	NA	NA	EXACTX	232	232	100.00	100.00	232	WXV87835.1	long polar fimbrial chaperone LpfB	NA	NA
GCA_009758795.1	NA	WSDE01000018.1	54343	54873	+	sodC1	superoxide dismutase [Cu-Zn] SodC1	plus	VIRULENCE	VIRULENCE	NA	NA	EXACTX	177	177	100.00	100.00	177	AAL19978.1	superoxide dismutase [Cu-Zn] SodC1	NA	NA
GCA_009758795.1	NA	WSDE01000021.1	35059	35706	+	spvD	SPI-2 type III secretion system effector cysteine hydrolase SpvD	plus	VIRULENCE	VIRULENCE	NA	NA	BLASTX	216	216	100.00	99.07	216	AAG59626.1	SPI-2 type III secretion system effector cysteine hydrolase SpvD	NA	NA
GCA_009758815.1	NA	WSDC01000003.1	529093	531147	+	invA	type III secretion system export apparatus protein InvA	plus	VIRULENCE	VIRULENCE	NA	NA	EXACTX	685	685	100.00	100.00	685	WXW86397.1	type III secretion system export apparatus protein InvA	NA	NA
GCA_009758815.1	NA	WSDC01000003.1	558743	559648	+	avrA	type III secretion system YopJ family effector AvrA	plus	VIRULENCE	VIRULENCE	NA	NA	INTERNAL_STOP	302	302	100.00	99.01	302	AAL21745.1	type III secretion system YopJ family effector AvrA	NA	NA
GCA_009758815.1	NA	WSDC01000003.1	647939	651565	-	iroC	salmochelin/enterobactin export ABC transporter IroC	plus	VIRULENCE	VIRULENCE	NA	NA	BLASTX	1209	1219	98.85	80.02	1211	AUH19662.1	salmochelin/enterobactin export ABC transporter IroC	NA	NA
GCA_009758815.1	NA	WSDC01000003.1	651649	652761	-	iroB	salmochelin biosynthesis C-glycosyltransferase IroB	plus	VIRULENCE	VIRULENCE	NA	NA	BLASTX	371	371	100.00	86.52	371	EOW04219.1	salmochelin biosynthesis C-glycosyltransferase IroB	NA	NA
GCA_009758815.1	NA	WSDC01000006.1	97303	99492	+	sinH	intimin-like inverse autotransporter SinH	plus	VIRULENCE	VIRULENCE	NA	NA	BLASTX	730	730	100.00	99.86	730	AAL21411.1	intimin-like inverse autotransporter SinH	NA	NA
GCA_009758815.1	NA	WSDC01000007.1	183535	184230	+	lpfB	long polar fimbrial chaperone LpfB	plus	VIRULENCE	VIRULENCE	NA	NA	BLASTX	232	232	100.00	99.57	232	WXV87835.1	long polar fimbrial chaperone LpfB	NA	NA
GCA_009758815.1	NA	WSDC01000008.1	4141	6444	+	sspH2	SPI-2 type III secretion system effector E3 ubiquitin transferase SspH2	plus	VIRULENCE	VIRULENCE	NA	NA	BLASTX	768	788	100.00	96.45	788	QJV46475.1	SPI-2 type III secretion system effector E3 ubiquitin transferase SspH2	NA	NA
GCA_009758815.1	NA	WSDC01000008.1	105360	106403	-	sseK2	type III secretion system effector arginine glycosyltransferase SseK2	plus	VIRULENCE	VIRULENCE	NA	NA	BLASTX	348	348	100.00	97.99	348	AAL21040.1	type III secretion system effector arginine glycosyltransferase SseK2	NA	NA
GCA_009758815.1	NA	WSDC01000009.1	21048	21578	-	sodC1	superoxide dismutase [Cu-Zn] SodC1	plus	VIRULENCE	VIRULENCE	NA	NA	EXACTX	177	177	100.00	100.00	177	AAL19978.1	superoxide dismutase [Cu-Zn] SodC1	NA	NA
GCA_009758815.1	NA	WSDC01000016.1	9037	9720	-	gtgA	type III secretion system effector protease GtgA	plus	VIRULENCE	VIRULENCE	NA	NA	BLASTX	228	228	100.00	98.68	228	CBW17061.1	type III secretion system effector protease GtgA	NA	NA
GCA_009758815.1	NA	WSDC01000017.1	66961	70125	-	mdsB	multidrug efflux RND transporter permease subunit MdsB	plus	AMR	AMR	EFFLUX	EFFLUX	BLASTX	1055	1055	100.00	99.72	1055	AAL19305.1	multidrug efflux RND transporter permease subunit MdsB	NA	NA
GCA_009758815.1	NA	WSDC01000017.1	70125	71348	-	mdsA	multidrug efflux RND transporter periplasmic adaptor subunit MdsA	plus	AMR	AMR	EFFLUX	EFFLUX	BLASTX	408	408	100.00	98.04	408	AAL19306.1	multidrug efflux RND transporter periplasmic adaptor subunit MdsA	NA	NA
GCA_009758815.1	NA	WSDC01000017.1	71625	73910	+	golT	gold/copper-translocating P-type ATPase GolT	plus	STRESS	METAL	COPPER/GOLD	COPPER/GOLD	BLASTX	762	762	100.00	99.48	762	AAL19307.1	gold/copper-translocating P-type ATPase GolT	NA	NA
GCA_009758815.1	NA	WSDC01000017.1	73925	74386	+	golS	Au(I) sensor transcriptional regulator GolS	plus	STRESS	METAL	GOLD	GOLD	EXACTX	154	154	100.00	100.00	154	AAL19308.1	Au(I) sensor transcriptional regulator GolS	NA	NA
GCA_009758835.1	NA	WSDB01000001.1	8938	9468	+	sodC1	superoxide dismutase [Cu-Zn] SodC1	plus	VIRULENCE	VIRULENCE	NA	NA	EXACTX	177	177	100.00	100.00	177	AAL19978.1	superoxide dismutase [Cu-Zn] SodC1	NA	NA
GCA_009758835.1	NA	WSDB01000003.1	97359	99548	+	sinH	intimin-like inverse autotransporter SinH	plus	VIRULENCE	VIRULENCE	NA	NA	BLASTX	730	730	100.00	99.73	730	AAL21411.1	intimin-like inverse autotransporter SinH	NA	NA
GCA_009758835.1	NA	WSDB01000005.1	1	2181	+	sspH2	SPI-2 type III secretion system effector E3 ubiquitin transferase SspH2	plus	VIRULENCE	VIRULENCE	NA	NA	BLASTX	727	788	92.26	99.31	727	QJV46475.1	SPI-2 type III secretion system effector E3 ubiquitin transferase SspH2	NA	NA
GCA_009758835.1	NA	WSDB01000005.1	101097	102140	-	sseK2	type III secretion system effector arginine glycosyltransferase SseK2	plus	VIRULENCE	VIRULENCE	NA	NA	BLASTX	348	348	100.00	98.28	348	AAL21040.1	type III secretion system effector arginine glycosyltransferase SseK2	NA	NA
GCA_009758835.1	NA	WSDB01000014.1	282054	284108	+	invA	type III secretion system export apparatus protein InvA	plus	VIRULENCE	VIRULENCE	NA	NA	EXACTX	685	685	100.00	100.00	685	WXW86397.1	type III secretion system export apparatus protein InvA	NA	NA
GCA_009758835.1	NA	WSDB01000014.1	311704	312609	+	avrA	type III secretion system YopJ family effector AvrA	plus	VIRULENCE	VIRULENCE	NA	NA	BLASTX	302	302	100.00	99.34	302	AAL21745.1	type III secretion system YopJ family effector AvrA	NA	NA
GCA_009758835.1	NA	WSDB01000015.1	408662	409123	-	golS	Au(I) sensor transcriptional regulator GolS	plus	STRESS	METAL	GOLD	GOLD	EXACTX	154	154	100.00	100.00	154	AAL19308.1	Au(I) sensor transcriptional regulator GolS	NA	NA
GCA_009758835.1	NA	WSDB01000015.1	409138	411423	-	golT	gold/copper-translocating P-type ATPase GolT	plus	STRESS	METAL	COPPER/GOLD	COPPER/GOLD	BLASTX	762	762	100.00	99.61	762	AAL19307.1	gold/copper-translocating P-type ATPase GolT	NA	NA
GCA_009758835.1	NA	WSDB01000015.1	411700	412923	+	mdsA	multidrug efflux RND transporter periplasmic adaptor subunit MdsA	plus	AMR	AMR	EFFLUX	EFFLUX	BLASTX	408	408	100.00	98.28	408	AAL19306.1	multidrug efflux RND transporter periplasmic adaptor subunit MdsA	NA	NA
GCA_009758835.1	NA	WSDB01000015.1	412923	416087	+	mdsB	multidrug efflux RND transporter permease subunit MdsB	plus	AMR	AMR	EFFLUX	EFFLUX	BLASTX	1055	1055	100.00	99.62	1055	AAL19305.1	multidrug efflux RND transporter permease subunit MdsB	NA	NA
GCA_009758835.1	NA	WSDB01000016.1	183729	184424	+	lpfB	long polar fimbrial chaperone LpfB	plus	VIRULENCE	VIRULENCE	NA	NA	EXACTX	232	232	100.00	100.00	232	WXV87835.1	long polar fimbrial chaperone LpfB	NA	NA
GCA_009758835.1	NA	WSDB01000019.1	48940	52566	-	iroC	salmochelin/enterobactin export ABC transporter IroC	plus	VIRULENCE	VIRULENCE	NA	NA	BLASTX	1209	1219	98.85	80.02	1211	AUH19662.1	salmochelin/enterobactin export ABC transporter IroC	NA	NA
GCA_009758835.1	NA	WSDB01000019.1	52650	53762	-	iroB	salmochelin biosynthesis C-glycosyltransferase IroB	plus	VIRULENCE	VIRULENCE	NA	NA	BLASTX	371	371	100.00	86.52	371	EOW04219.1	salmochelin biosynthesis C-glycosyltransferase IroB	NA	NA
GCA_009758835.1	NA	WSDB01000021.1	899	1732	-	aph(6)-Id	aminoglycoside O-phosphotransferase APH(6)-Id	core	AMR	AMR	AMINOGLYCOSIDE	STREPTOMYCIN	EXACTX	278	278	100.00	100.00	278	WP_000480968.1	aminoglycoside O-phosphotransferase APH(6)-Id	NA	NA
GCA_009758835.1	NA	WSDB01000021.1	1735	2535	-	aph(3'')-Ib	aminoglycoside O-phosphotransferase APH(3'')-Ib	core	AMR	AMR	AMINOGLYCOSIDE	STREPTOMYCIN	EXACTX	267	267	100.00	100.00	267	WP_001082319.1	aminoglycoside O-phosphotransferase APH(3'')-Ib	NA	NA
GCA_009758835.1	NA	WSDB01000021.1	2599	3411	-	sul2	sulfonamide-resistant dihydropteroate synthase Sul2	core	AMR	AMR	SULFONAMIDE	SULFONAMIDE	EXACTX	271	271	100.00	100.00	271	WP_001043260.1	sulfonamide-resistant dihydropteroate synthase Sul2	NA	NA
GCA_009758845.1	NA	WSDA01000002.1	389989	391032	+	sseK2	type III secretion system effector arginine glycosyltransferase SseK2	plus	VIRULENCE	VIRULENCE	NA	NA	BLASTX	348	348	100.00	98.28	348	AAL21040.1	type III secretion system effector arginine glycosyltransferase SseK2	NA	NA
GCA_009758845.1	NA	WSDA01000002.1	489948	492125	-	sspH2	SPI-2 type III secretion system effector E3 ubiquitin transferase SspH2	plus	VIRULENCE	VIRULENCE	NA	NA	BLASTX	726	788	92.13	99.31	726	QJV46475.1	SPI-2 type III secretion system effector E3 ubiquitin transferase SspH2	NA	NA
GCA_009758845.1	NA	WSDA01000003.1	68414	71578	-	mdsB	multidrug efflux RND transporter permease subunit MdsB	plus	AMR	AMR	EFFLUX	EFFLUX	BLASTX	1055	1055	100.00	99.62	1055	AAL19305.1	multidrug efflux RND transporter permease subunit MdsB	NA	NA
GCA_009758845.1	NA	WSDA01000003.1	71578	72801	-	mdsA	multidrug efflux RND transporter periplasmic adaptor subunit MdsA	plus	AMR	AMR	EFFLUX	EFFLUX	BLASTX	408	408	100.00	98.28	408	AAL19306.1	multidrug efflux RND transporter periplasmic adaptor subunit MdsA	NA	NA
GCA_009758845.1	NA	WSDA01000003.1	73078	75363	+	golT	gold/copper-translocating P-type ATPase GolT	plus	STRESS	METAL	COPPER/GOLD	COPPER/GOLD	BLASTX	762	762	100.00	99.61	762	AAL19307.1	gold/copper-translocating P-type ATPase GolT	NA	NA
GCA_009758845.1	NA	WSDA01000003.1	75378	75839	+	golS	Au(I) sensor transcriptional regulator GolS	plus	STRESS	METAL	GOLD	GOLD	EXACTX	154	154	100.00	100.00	154	AAL19308.1	Au(I) sensor transcriptional regulator GolS	NA	NA
GCA_009758845.1	NA	WSDA01000009.1	183728	184423	+	lpfB	long polar fimbrial chaperone LpfB	plus	VIRULENCE	VIRULENCE	NA	NA	EXACTX	232	232	100.00	100.00	232	WXV87835.1	long polar fimbrial chaperone LpfB	NA	NA
GCA_009758845.1	NA	WSDA01000010.1	530271	532325	+	invA	type III secretion system export apparatus protein InvA	plus	VIRULENCE	VIRULENCE	NA	NA	EXACTX	685	685	100.00	100.00	685	WXW86397.1	type III secretion system export apparatus protein InvA	NA	NA
GCA_009758845.1	NA	WSDA01000010.1	559921	560826	+	avrA	type III secretion system YopJ family effector AvrA	plus	VIRULENCE	VIRULENCE	NA	NA	BLASTX	302	302	100.00	99.34	302	AAL21745.1	type III secretion system YopJ family effector AvrA	NA	NA
GCA_009758845.1	NA	WSDA01000010.1	649394	653020	-	iroC	salmochelin/enterobactin export ABC transporter IroC	plus	VIRULENCE	VIRULENCE	NA	NA	BLASTX	1209	1219	98.85	80.02	1211	AUH19662.1	salmochelin/enterobactin export ABC transporter IroC	NA	NA
GCA_009758845.1	NA	WSDA01000010.1	653104	654216	-	iroB	salmochelin biosynthesis C-glycosyltransferase IroB	plus	VIRULENCE	VIRULENCE	NA	NA	BLASTX	371	371	100.00	86.52	371	EOW04219.1	salmochelin biosynthesis C-glycosyltransferase IroB	NA	NA
GCA_009758845.1	NA	WSDA01000011.1	183571	184101	-	sodC1	superoxide dismutase [Cu-Zn] SodC1	plus	VIRULENCE	VIRULENCE	NA	NA	EXACTX	177	177	100.00	100.00	177	AAL19978.1	superoxide dismutase [Cu-Zn] SodC1	NA	NA
GCA_009758845.1	NA	WSDA01000020.1	97302	99491	+	sinH	intimin-like inverse autotransporter SinH	plus	VIRULENCE	VIRULENCE	NA	NA	BLASTX	730	730	100.00	99.73	730	AAL21411.1	intimin-like inverse autotransporter SinH	NA	NA
GCA_009758845.1	NA	WSDA01000026.1	37725	38153	-	silE	silver-binding protein SilE	plus	STRESS	METAL	SILVER	SILVER	BLASTX	143	143	100.00	92.31	143	AAD11743.1	silver-binding protein SilE	NA	NA
GCA_009758845.1	NA	WSDA01000026.1	38407	39879	-	silS	copper/silver sensor histidine kinase SilS	plus	STRESS	METAL	COPPER/SILVER	COPPER/SILVER	BLASTX	491	491	100.00	98.98	491	SPD96882.1	copper/silver sensor histidine kinase SilS	NA	NA
GCA_009758845.1	NA	WSDA01000026.1	39875	40552	-	silR	copper/silver response regulator transcription factor SilR	plus	STRESS	METAL	COPPER/SILVER	COPPER/SILVER	BLASTX	226	226	100.00	97.79	226	SPD96883.1	copper/silver response regulator transcription factor SilR	NA	NA
GCA_009758845.1	NA	WSDA01000026.1	40742	42124	+	silC	Cu(+)/Ag(+) efflux RND transporter outer membrane channel SilC	plus	STRESS	METAL	COPPER/SILVER	COPPER/SILVER	BLASTX	461	461	100.00	97.40	461	SPD96884.1	Cu(+)/Ag(+) efflux RND transporter outer membrane channel SilC	NA	NA
GCA_009758845.1	NA	WSDA01000026.1	42155	42505	+	silF	Cu(+)/Ag(+) efflux RND transporter periplasmic metallochaperone SilF	plus	STRESS	METAL	COPPER/SILVER	COPPER/SILVER	BLASTX	117	117	100.00	97.44	117	KGL71342.1	Cu(+)/Ag(+) efflux RND transporter periplasmic metallochaperone SilF	NA	NA
GCA_009758845.1	NA	WSDA01000026.1	42622	43911	+	silB	Cu(+)/Ag(+) efflux RND transporter periplasmic adaptor subunit SilB	plus	STRESS	METAL	COPPER/SILVER	COPPER/SILVER	BLASTX	430	430	100.00	96.74	430	AAD11748.1	Cu(+)/Ag(+) efflux RND transporter periplasmic adaptor subunit SilB	NA	NA
GCA_009758845.1	NA	WSDA01000026.1	43925	47068	+	silA	Cu(+)/Ag(+) efflux RND transporter permease subunit SilA	plus	STRESS	METAL	COPPER/SILVER	COPPER/SILVER	BLASTX	1048	1048	100.00	96.85	1048	AAD11749.1	Cu(+)/Ag(+) efflux RND transporter permease subunit SilA	NA	NA
GCA_009758845.1	NA	WSDA01000026.1	47696	50170	+	silP	Ag(+)-translocating P-type ATPase SilP	plus	STRESS	METAL	SILVER	SILVER	BLASTX	825	824	100.00	94.07	826	AAD11750.1	Ag(+)-translocating P-type ATPase SilP	NA	NA
GCA_009758845.1	NA	WSDA01000026.1	52141	53955	+	pcoA	multicopper oxidase PcoA	plus	STRESS	METAL	COPPER	COPPER	EXACTX	605	605	100.00	100.00	605	CAA58525.1	multicopper oxidase PcoA	NA	NA
GCA_009758865.1	NA	WSDD01000001.1	77603	79792	+	sinH	intimin-like inverse autotransporter SinH	plus	VIRULENCE	VIRULENCE	NA	NA	BLASTX	730	730	100.00	99.73	730	AAL21411.1	intimin-like inverse autotransporter SinH	NA	NA
GCA_009758865.1	NA	WSDD01000003.1	189692	190387	-	lpfB	long polar fimbrial chaperone LpfB	plus	VIRULENCE	VIRULENCE	NA	NA	EXACTX	232	232	100.00	100.00	232	WXV87835.1	long polar fimbrial chaperone LpfB	NA	NA
GCA_009758865.1	NA	WSDD01000005.1	30477	31007	-	sodC1	superoxide dismutase [Cu-Zn] SodC1	plus	VIRULENCE	VIRULENCE	NA	NA	EXACTX	177	177	100.00	100.00	177	AAL19978.1	superoxide dismutase [Cu-Zn] SodC1	NA	NA
GCA_009758865.1	NA	WSDD01000008.1	42387	45551	-	mdsB	multidrug efflux RND transporter permease subunit MdsB	plus	AMR	AMR	EFFLUX	EFFLUX	BLASTX	1055	1055	100.00	99.62	1055	AAL19305.1	multidrug efflux RND transporter permease subunit MdsB	NA	NA
GCA_009758865.1	NA	WSDD01000008.1	45551	46774	-	mdsA	multidrug efflux RND transporter periplasmic adaptor subunit MdsA	plus	AMR	AMR	EFFLUX	EFFLUX	BLASTX	408	408	100.00	98.04	408	AAL19306.1	multidrug efflux RND transporter periplasmic adaptor subunit MdsA	NA	NA
GCA_009758865.1	NA	WSDD01000008.1	47051	49336	+	golT	gold/copper-translocating P-type ATPase GolT	plus	STRESS	METAL	COPPER/GOLD	COPPER/GOLD	BLASTX	762	762	100.00	99.61	762	AAL19307.1	gold/copper-translocating P-type ATPase GolT	NA	NA
GCA_009758865.1	NA	WSDD01000008.1	49351	49812	+	golS	Au(I) sensor transcriptional regulator GolS	plus	STRESS	METAL	GOLD	GOLD	EXACTX	154	154	100.00	100.00	154	AAL19308.1	Au(I) sensor transcriptional regulator GolS	NA	NA
GCA_009758865.1	NA	WSDD01000010.1	71026	72069	-	sseK2	type III secretion system effector arginine glycosyltransferase SseK2	plus	VIRULENCE	VIRULENCE	NA	NA	BLASTX	348	348	100.00	98.28	348	AAL21040.1	type III secretion system effector arginine glycosyltransferase SseK2	NA	NA
GCA_009758865.1	NA	WSDD01000017.1	4231	6594	+	sspH2	SPI-2 type III secretion system effector E3 ubiquitin transferase SspH2	plus	VIRULENCE	VIRULENCE	NA	NA	BLASTX	788	788	100.00	99.37	788	QJV46475.1	SPI-2 type III secretion system effector E3 ubiquitin transferase SspH2	NA	NA
GCA_009758865.1	NA	WSDD01000022.1	61889	62536	-	spvD	SPI-2 type III secretion system effector cysteine hydrolase SpvD	plus	VIRULENCE	VIRULENCE	NA	NA	BLASTX	216	216	100.00	99.07	216	AAG59626.1	SPI-2 type III secretion system effector cysteine hydrolase SpvD	NA	NA
GCA_009758865.1	NA	WSDD01000025.1	39450	40355	-	avrA	type III secretion system YopJ family effector AvrA	plus	VIRULENCE	VIRULENCE	NA	NA	BLASTX	302	302	100.00	99.34	302	AAL21745.1	type III secretion system YopJ family effector AvrA	NA	NA
GCA_009758865.1	NA	WSDD01000025.1	67951	70005	-	invA	type III secretion system export apparatus protein InvA	plus	VIRULENCE	VIRULENCE	NA	NA	EXACTX	685	685	100.00	100.00	685	WXW86397.1	type III secretion system export apparatus protein InvA	NA	NA
GCA_009758865.1	NA	WSDD01000026.1	48940	52566	-	iroC	salmochelin/enterobactin export ABC transporter IroC	plus	VIRULENCE	VIRULENCE	NA	NA	BLASTX	1209	1219	98.85	80.02	1211	AUH19662.1	salmochelin/enterobactin export ABC transporter IroC	NA	NA
GCA_009758865.1	NA	WSDD01000026.1	52650	53762	-	iroB	salmochelin biosynthesis C-glycosyltransferase IroB	plus	VIRULENCE	VIRULENCE	NA	NA	BLASTX	371	371	100.00	86.52	371	EOW04219.1	salmochelin biosynthesis C-glycosyltransferase IroB	NA	NA
GCA_009758885.1	NA	WSCZ01000001.1	183900	184595	+	lpfB	long polar fimbrial chaperone LpfB	plus	VIRULENCE	VIRULENCE	NA	NA	EXACTX	232	232	100.00	100.00	232	WXV87835.1	long polar fimbrial chaperone LpfB	NA	NA
GCA_009758885.1	NA	WSCZ01000003.1	101842	105006	-	mdsB	multidrug efflux RND transporter permease subunit MdsB	plus	AMR	AMR	EFFLUX	EFFLUX	BLASTX	1055	1055	100.00	99.62	1055	AAL19305.1	multidrug efflux RND transporter permease subunit MdsB	NA	NA
GCA_009758885.1	NA	WSCZ01000003.1	105006	106229	-	mdsA	multidrug efflux RND transporter periplasmic adaptor subunit MdsA	plus	AMR	AMR	EFFLUX	EFFLUX	BLASTX	408	408	100.00	97.79	408	AAL19306.1	multidrug efflux RND transporter periplasmic adaptor subunit MdsA	NA	NA
GCA_009758885.1	NA	WSCZ01000003.1	106506	108791	+	golT	gold/copper-translocating P-type ATPase GolT	plus	STRESS	METAL	COPPER/GOLD	COPPER/GOLD	BLASTX	762	762	100.00	99.48	762	AAL19307.1	gold/copper-translocating P-type ATPase GolT	NA	NA
GCA_009758885.1	NA	WSCZ01000003.1	108806	109267	+	golS	Au(I) sensor transcriptional regulator GolS	plus	STRESS	METAL	GOLD	GOLD	EXACTX	154	154	100.00	100.00	154	AAL19308.1	Au(I) sensor transcriptional regulator GolS	NA	NA
GCA_009758885.1	NA	WSCZ01000005.1	48934	52560	-	iroC	salmochelin/enterobactin export ABC transporter IroC	plus	VIRULENCE	VIRULENCE	NA	NA	BLASTX	1209	1219	98.85	80.02	1211	AUH19662.1	salmochelin/enterobactin export ABC transporter IroC	NA	NA
GCA_009758885.1	NA	WSCZ01000005.1	52644	53756	-	iroB	salmochelin biosynthesis C-glycosyltransferase IroB	plus	VIRULENCE	VIRULENCE	NA	NA	BLASTX	371	371	100.00	86.52	371	EOW04219.1	salmochelin biosynthesis C-glycosyltransferase IroB	NA	NA
GCA_009758885.1	NA	WSCZ01000008.1	188010	189053	+	sseK2	type III secretion system effector arginine glycosyltransferase SseK2	plus	VIRULENCE	VIRULENCE	NA	NA	BLASTX	348	348	100.00	98.28	348	AAL21040.1	type III secretion system effector arginine glycosyltransferase SseK2	NA	NA
GCA_009758885.1	NA	WSCZ01000008.1	287968	290331	-	sspH2	SPI-2 type III secretion system effector E3 ubiquitin transferase SspH2	plus	VIRULENCE	VIRULENCE	NA	NA	BLASTX	788	788	100.00	99.37	788	QJV46475.1	SPI-2 type III secretion system effector E3 ubiquitin transferase SspH2	NA	NA
GCA_009758885.1	NA	WSCZ01000012.1	86794	87798	+	sseK3	type III secretion system effector arginine glycosyltransferase SseK3	plus	VIRULENCE	VIRULENCE	NA	NA	BLASTX	335	335	100.00	99.70	335	CBW18025.1	type III secretion system effector arginine glycosyltransferase SseK3	NA	NA
GCA_009758885.1	NA	WSCZ01000018.1	529860	531914	+	invA	type III secretion system export apparatus protein InvA	plus	VIRULENCE	VIRULENCE	NA	NA	EXACTX	685	685	100.00	100.00	685	WXW86397.1	type III secretion system export apparatus protein InvA	NA	NA
GCA_009758885.1	NA	WSCZ01000018.1	559510	560415	+	avrA	type III secretion system YopJ family effector AvrA	plus	VIRULENCE	VIRULENCE	NA	NA	BLASTX	302	302	100.00	99.34	302	AAL21745.1	type III secretion system YopJ family effector AvrA	NA	NA
GCA_009758885.1	NA	WSCZ01000019.1	5561	6091	+	sodC1	superoxide dismutase [Cu-Zn] SodC1	plus	VIRULENCE	VIRULENCE	NA	NA	EXACTX	177	177	100.00	100.00	177	AAL19978.1	superoxide dismutase [Cu-Zn] SodC1	NA	NA
GCA_009758885.1	NA	WSCZ01000019.1	21511	22194	+	gtgA	type III secretion system effector protease GtgA	plus	VIRULENCE	VIRULENCE	NA	NA	EXACTX	228	228	100.00	100.00	228	CBW17061.1	type III secretion system effector protease GtgA	NA	NA
GCA_009758885.1	NA	WSCZ01000020.1	107315	109504	-	sinH	intimin-like inverse autotransporter SinH	plus	VIRULENCE	VIRULENCE	NA	NA	BLASTX	730	730	100.00	99.86	730	AAL21411.1	intimin-like inverse autotransporter SinH	NA	NA
GCA_009758885.1	NA	WSCZ01000024.1	54936	55583	-	spvD	SPI-2 type III secretion system effector cysteine hydrolase SpvD	plus	VIRULENCE	VIRULENCE	NA	NA	EXACTX	216	216	100.00	100.00	216	AAG59626.1	SPI-2 type III secretion system effector cysteine hydrolase SpvD	NA	NA
GCA_009758915.1	NA	WSCY01000001.1	70556	71239	+	gtgA	type III secretion system effector protease GtgA	plus	VIRULENCE	VIRULENCE	NA	NA	BLASTX	228	228	100.00	98.68	228	CBW17061.1	type III secretion system effector protease GtgA	NA	NA
GCA_009758915.1	NA	WSCY01000002.1	36228	36689	-	golS	Au(I) sensor transcriptional regulator GolS	plus	STRESS	METAL	GOLD	GOLD	EXACTX	154	154	100.00	100.00	154	AAL19308.1	Au(I) sensor transcriptional regulator GolS	NA	NA
GCA_009758915.1	NA	WSCY01000002.1	36704	38989	-	golT	gold/copper-translocating P-type ATPase GolT	plus	STRESS	METAL	COPPER/GOLD	COPPER/GOLD	BLASTX	762	762	100.00	99.48	762	AAL19307.1	gold/copper-translocating P-type ATPase GolT	NA	NA
GCA_009758915.1	NA	WSCY01000002.1	39266	40489	+	mdsA	multidrug efflux RND transporter periplasmic adaptor subunit MdsA	plus	AMR	AMR	EFFLUX	EFFLUX	BLASTX	408	408	100.00	98.04	408	AAL19306.1	multidrug efflux RND transporter periplasmic adaptor subunit MdsA	NA	NA
GCA_009758915.1	NA	WSCY01000002.1	40489	43653	+	mdsB	multidrug efflux RND transporter permease subunit MdsB	plus	AMR	AMR	EFFLUX	EFFLUX	BLASTX	1055	1055	100.00	99.72	1055	AAL19305.1	multidrug efflux RND transporter permease subunit MdsB	NA	NA
GCA_009758915.1	NA	WSCY01000004.1	560998	563052	+	invA	type III secretion system export apparatus protein InvA	plus	VIRULENCE	VIRULENCE	NA	NA	EXACTX	685	685	100.00	100.00	685	WXW86397.1	type III secretion system export apparatus protein InvA	NA	NA
GCA_009758915.1	NA	WSCY01000004.1	590648	591553	+	avrA	type III secretion system YopJ family effector AvrA	plus	VIRULENCE	VIRULENCE	NA	NA	INTERNAL_STOP	302	302	100.00	99.01	302	AAL21745.1	type III secretion system YopJ family effector AvrA	NA	NA
GCA_009758915.1	NA	WSCY01000004.1	679844	683470	-	iroC	salmochelin/enterobactin export ABC transporter IroC	plus	VIRULENCE	VIRULENCE	NA	NA	BLASTX	1209	1219	98.85	80.02	1211	AUH19662.1	salmochelin/enterobactin export ABC transporter IroC	NA	NA
GCA_009758915.1	NA	WSCY01000004.1	683554	684666	-	iroB	salmochelin biosynthesis C-glycosyltransferase IroB	plus	VIRULENCE	VIRULENCE	NA	NA	BLASTX	371	371	100.00	86.52	371	EOW04219.1	salmochelin biosynthesis C-glycosyltransferase IroB	NA	NA
GCA_009758915.1	NA	WSCY01000009.1	3	2180	+	sspH2	SPI-2 type III secretion system effector E3 ubiquitin transferase SspH2	plus	VIRULENCE	VIRULENCE	NA	NA	BLASTX	726	788	92.13	99.17	726	QJV46475.1	SPI-2 type III secretion system effector E3 ubiquitin transferase SspH2	NA	NA
GCA_009758915.1	NA	WSCY01000009.1	101096	102139	-	sseK2	type III secretion system effector arginine glycosyltransferase SseK2	plus	VIRULENCE	VIRULENCE	NA	NA	BLASTX	348	348	100.00	97.99	348	AAL21040.1	type III secretion system effector arginine glycosyltransferase SseK2	NA	NA
GCA_009758915.1	NA	WSCY01000010.1	97303	99492	+	sinH	intimin-like inverse autotransporter SinH	plus	VIRULENCE	VIRULENCE	NA	NA	BLASTX	730	730	100.00	99.86	730	AAL21411.1	intimin-like inverse autotransporter SinH	NA	NA
GCA_009758915.1	NA	WSCY01000013.1	194526	195221	+	lpfB	long polar fimbrial chaperone LpfB	plus	VIRULENCE	VIRULENCE	NA	NA	BLASTX	232	232	100.00	99.57	232	WXV87835.1	long polar fimbrial chaperone LpfB	NA	NA
GCA_009758915.1	NA	WSCY01000021.1	21127	21657	-	sodC1	superoxide dismutase [Cu-Zn] SodC1	plus	VIRULENCE	VIRULENCE	NA	NA	EXACTX	177	177	100.00	100.00	177	AAL19978.1	superoxide dismutase [Cu-Zn] SodC1	NA	NA
GCA_009758935.1	NA	WSCX01000001.1	184089	184784	+	lpfB	long polar fimbrial chaperone LpfB	plus	VIRULENCE	VIRULENCE	NA	NA	BLASTX	232	232	100.00	99.57	232	WXV87835.1	long polar fimbrial chaperone LpfB	NA	NA
GCA_009758935.1	NA	WSCX01000002.1	296621	298810	-	sinH	intimin-like inverse autotransporter SinH	plus	VIRULENCE	VIRULENCE	NA	NA	BLASTX	730	730	100.00	99.86	730	AAL21411.1	intimin-like inverse autotransporter SinH	NA	NA
GCA_009758935.1	NA	WSCX01000004.1	529132	531186	+	invA	type III secretion system export apparatus protein InvA	plus	VIRULENCE	VIRULENCE	NA	NA	EXACTX	685	685	100.00	100.00	685	WXW86397.1	type III secretion system export apparatus protein InvA	NA	NA
GCA_009758935.1	NA	WSCX01000004.1	558782	559687	+	avrA	type III secretion system YopJ family effector AvrA	plus	VIRULENCE	VIRULENCE	NA	NA	INTERNAL_STOP	302	302	100.00	99.01	302	AAL21745.1	type III secretion system YopJ family effector AvrA	NA	NA
GCA_009758935.1	NA	WSCX01000005.1	217721	218182	-	golS	Au(I) sensor transcriptional regulator GolS	plus	STRESS	METAL	GOLD	GOLD	EXACTX	154	154	100.00	100.00	154	AAL19308.1	Au(I) sensor transcriptional regulator GolS	NA	NA
GCA_009758935.1	NA	WSCX01000005.1	218197	220482	-	golT	gold/copper-translocating P-type ATPase GolT	plus	STRESS	METAL	COPPER/GOLD	COPPER/GOLD	BLASTX	762	762	100.00	99.48	762	AAL19307.1	gold/copper-translocating P-type ATPase GolT	NA	NA
GCA_009758935.1	NA	WSCX01000005.1	220759	221982	+	mdsA	multidrug efflux RND transporter periplasmic adaptor subunit MdsA	plus	AMR	AMR	EFFLUX	EFFLUX	BLASTX	408	408	100.00	98.04	408	AAL19306.1	multidrug efflux RND transporter periplasmic adaptor subunit MdsA	NA	NA
GCA_009758935.1	NA	WSCX01000005.1	221982	225146	+	mdsB	multidrug efflux RND transporter permease subunit MdsB	plus	AMR	AMR	EFFLUX	EFFLUX	BLASTX	1055	1055	100.00	99.72	1055	AAL19305.1	multidrug efflux RND transporter permease subunit MdsB	NA	NA
GCA_009758935.1	NA	WSCX01000006.1	271517	272560	+	sseK2	type III secretion system effector arginine glycosyltransferase SseK2	plus	VIRULENCE	VIRULENCE	NA	NA	BLASTX	348	348	100.00	97.99	348	AAL21040.1	type III secretion system effector arginine glycosyltransferase SseK2	NA	NA
GCA_009758935.1	NA	WSCX01000006.1	371475	373652	-	sspH2	SPI-2 type III secretion system effector E3 ubiquitin transferase SspH2	plus	VIRULENCE	VIRULENCE	NA	NA	BLASTX	726	788	92.13	99.31	726	QJV46475.1	SPI-2 type III secretion system effector E3 ubiquitin transferase SspH2	NA	NA
GCA_009758935.1	NA	WSCX01000014.1	9116	9799	-	gtgA	type III secretion system effector protease GtgA	plus	VIRULENCE	VIRULENCE	NA	NA	BLASTX	228	228	100.00	98.68	228	CBW17061.1	type III secretion system effector protease GtgA	NA	NA
GCA_009758935.1	NA	WSCX01000017.1	48881	52507	-	iroC	salmochelin/enterobactin export ABC transporter IroC	plus	VIRULENCE	VIRULENCE	NA	NA	BLASTX	1209	1219	98.85	80.02	1211	AUH19662.1	salmochelin/enterobactin export ABC transporter IroC	NA	NA
GCA_009758935.1	NA	WSCX01000017.1	52591	53703	-	iroB	salmochelin biosynthesis C-glycosyltransferase IroB	plus	VIRULENCE	VIRULENCE	NA	NA	BLASTX	371	371	100.00	86.52	371	EOW04219.1	salmochelin biosynthesis C-glycosyltransferase IroB	NA	NA
GCA_009758935.1	NA	WSCX01000023.1	10145	10675	+	sodC1	superoxide dismutase [Cu-Zn] SodC1	plus	VIRULENCE	VIRULENCE	NA	NA	EXACTX	177	177	100.00	100.00	177	AAL19978.1	superoxide dismutase [Cu-Zn] SodC1	NA	NA
GCA_009758945.1	NA	WSCW01000004.1	257616	258146	-	sodC1	superoxide dismutase [Cu-Zn] SodC1	plus	VIRULENCE	VIRULENCE	NA	NA	EXACTX	177	177	100.00	100.00	177	AAL19978.1	superoxide dismutase [Cu-Zn] SodC1	NA	NA
GCA_009758945.1	NA	WSCW01000006.1	630	1742	+	iroB	salmochelin biosynthesis C-glycosyltransferase IroB	plus	VIRULENCE	VIRULENCE	NA	NA	BLASTX	371	371	100.00	86.52	371	EOW04219.1	salmochelin biosynthesis C-glycosyltransferase IroB	NA	NA
GCA_009758945.1	NA	WSCW01000006.1	1826	5452	+	iroC	salmochelin/enterobactin export ABC transporter IroC	plus	VIRULENCE	VIRULENCE	NA	NA	BLASTX	1209	1219	98.85	80.02	1211	AUH19662.1	salmochelin/enterobactin export ABC transporter IroC	NA	NA
GCA_009758945.1	NA	WSCW01000006.1	94020	94925	-	avrA	type III secretion system YopJ family effector AvrA	plus	VIRULENCE	VIRULENCE	NA	NA	BLASTX	302	302	100.00	99.34	302	AAL21745.1	type III secretion system YopJ family effector AvrA	NA	NA
GCA_009758945.1	NA	WSCW01000006.1	122521	124575	-	invA	type III secretion system export apparatus protein InvA	plus	VIRULENCE	VIRULENCE	NA	NA	EXACTX	685	685	100.00	100.00	685	WXW86397.1	type III secretion system export apparatus protein InvA	NA	NA
GCA_009758945.1	NA	WSCW01000008.1	297363	299552	-	sinH	intimin-like inverse autotransporter SinH	plus	VIRULENCE	VIRULENCE	NA	NA	BLASTX	730	730	100.00	99.73	730	AAL21411.1	intimin-like inverse autotransporter SinH	NA	NA
GCA_009758945.1	NA	WSCW01000009.1	4334	6697	+	sspH2	SPI-2 type III secretion system effector E3 ubiquitin transferase SspH2	plus	VIRULENCE	VIRULENCE	NA	NA	BLASTX	788	788	100.00	99.24	788	QJV46475.1	SPI-2 type III secretion system effector E3 ubiquitin transferase SspH2	NA	NA
GCA_009758945.1	NA	WSCW01000009.1	105613	106656	-	sseK2	type III secretion system effector arginine glycosyltransferase SseK2	plus	VIRULENCE	VIRULENCE	NA	NA	BLASTX	348	348	100.00	98.28	348	AAL21040.1	type III secretion system effector arginine glycosyltransferase SseK2	NA	NA
GCA_009758945.1	NA	WSCW01000010.1	189745	190440	-	lpfB	long polar fimbrial chaperone LpfB	plus	VIRULENCE	VIRULENCE	NA	NA	EXACTX	232	232	100.00	100.00	232	WXV87835.1	long polar fimbrial chaperone LpfB	NA	NA
GCA_009758945.1	NA	WSCW01000012.1	42309	45473	-	mdsB	multidrug efflux RND transporter permease subunit MdsB	plus	AMR	AMR	EFFLUX	EFFLUX	BLASTX	1055	1055	100.00	99.62	1055	AAL19305.1	multidrug efflux RND transporter permease subunit MdsB	NA	NA
GCA_009758945.1	NA	WSCW01000012.1	45473	46696	-	mdsA	multidrug efflux RND transporter periplasmic adaptor subunit MdsA	plus	AMR	AMR	EFFLUX	EFFLUX	BLASTX	408	408	100.00	98.28	408	AAL19306.1	multidrug efflux RND transporter periplasmic adaptor subunit MdsA	NA	NA
GCA_009758945.1	NA	WSCW01000012.1	46973	49258	+	golT	gold/copper-translocating P-type ATPase GolT	plus	STRESS	METAL	COPPER/GOLD	COPPER/GOLD	BLASTX	762	762	100.00	99.61	762	AAL19307.1	gold/copper-translocating P-type ATPase GolT	NA	NA
GCA_009758945.1	NA	WSCW01000012.1	49273	49734	+	golS	Au(I) sensor transcriptional regulator GolS	plus	STRESS	METAL	GOLD	GOLD	EXACTX	154	154	100.00	100.00	154	AAL19308.1	Au(I) sensor transcriptional regulator GolS	NA	NA
GCA_009758975.1	NA	WSCV01000001.1	141740	143932	-	sinH	intimin-like inverse autotransporter SinH	plus	VIRULENCE	VIRULENCE	NA	NA	BLASTX	731	730	100.00	96.03	731	AAL21411.1	intimin-like inverse autotransporter SinH	NA	NA
GCA_009758975.1	NA	WSCV01000007.1	328299	328760	-	golS	Au(I) sensor transcriptional regulator GolS	plus	STRESS	METAL	GOLD	GOLD	EXACTX	154	154	100.00	100.00	154	AAL19308.1	Au(I) sensor transcriptional regulator GolS	NA	NA
GCA_009758975.1	NA	WSCV01000007.1	328775	331060	-	golT	gold/copper-translocating P-type ATPase GolT	plus	STRESS	METAL	COPPER/GOLD	COPPER/GOLD	BLASTX	762	762	100.00	99.61	762	AAL19307.1	gold/copper-translocating P-type ATPase GolT	NA	NA
GCA_009758975.1	NA	WSCV01000007.1	331337	332560	+	mdsA	multidrug efflux RND transporter periplasmic adaptor subunit MdsA	plus	AMR	AMR	EFFLUX	EFFLUX	BLASTX	408	408	100.00	99.51	408	AAL19306.1	multidrug efflux RND transporter periplasmic adaptor subunit MdsA	NA	NA
GCA_009758975.1	NA	WSCV01000007.1	332560	335724	+	mdsB	multidrug efflux RND transporter permease subunit MdsB	plus	AMR	AMR	EFFLUX	EFFLUX	BLASTX	1055	1055	100.00	99.43	1055	AAL19305.1	multidrug efflux RND transporter permease subunit MdsB	NA	NA
GCA_009758975.1	NA	WSCV01000013.1	57247	58359	+	iroB	salmochelin biosynthesis C-glycosyltransferase IroB	plus	VIRULENCE	VIRULENCE	NA	NA	BLASTX	371	371	100.00	87.06	371	EOW04219.1	salmochelin biosynthesis C-glycosyltransferase IroB	NA	NA
GCA_009758975.1	NA	WSCV01000013.1	58443	62069	+	iroC	salmochelin/enterobactin export ABC transporter IroC	plus	VIRULENCE	VIRULENCE	NA	NA	BLASTX	1209	1219	98.85	80.17	1210	AUH19662.1	salmochelin/enterobactin export ABC transporter IroC	NA	NA
GCA_009758975.1	NA	WSCV01000013.1	150784	151689	-	avrA	type III secretion system YopJ family effector AvrA	plus	VIRULENCE	VIRULENCE	NA	NA	BLASTX	302	302	100.00	99.34	302	AAL21745.1	type III secretion system YopJ family effector AvrA	NA	NA
GCA_009758975.1	NA	WSCV01000013.1	179276	181330	-	invA	type III secretion system export apparatus protein InvA	plus	VIRULENCE	VIRULENCE	NA	NA	BLASTX	685	685	100.00	99.71	685	WXW86397.1	type III secretion system export apparatus protein InvA	NA	NA
GCA_009758975.1	NA	WSCV01000025.1	31828	32634	+	cdtB	cytolethal distending toxin S-CDT	plus	VIRULENCE	VIRULENCE	NA	NA	BLASTX	269	269	100.00	99.26	269	CAD02120.1	cytolethal distending toxin S-CDT	NA	NA
GCA_009758995.1	NA	WSCU01000002.1	184361	185056	+	lpfB	long polar fimbrial chaperone LpfB	plus	VIRULENCE	VIRULENCE	NA	NA	EXACTX	232	232	100.00	100.00	232	WXV87835.1	long polar fimbrial chaperone LpfB	NA	NA
GCA_009758995.1	NA	WSCU01000010.1	54460	54990	+	sodC1	superoxide dismutase [Cu-Zn] SodC1	plus	VIRULENCE	VIRULENCE	NA	NA	EXACTX	177	177	100.00	100.00	177	AAL19978.1	superoxide dismutase [Cu-Zn] SodC1	NA	NA
GCA_009758995.1	NA	WSCU01000018.1	39738	40643	-	avrA	type III secretion system YopJ family effector AvrA	plus	VIRULENCE	VIRULENCE	NA	NA	BLASTX	302	302	100.00	99.34	302	AAL21745.1	type III secretion system YopJ family effector AvrA	NA	NA
GCA_009758995.1	NA	WSCU01000018.1	68239	70293	-	invA	type III secretion system export apparatus protein InvA	plus	VIRULENCE	VIRULENCE	NA	NA	BLASTX	685	685	100.00	99.85	685	WXW86397.1	type III secretion system export apparatus protein InvA	NA	NA
GCA_009758995.1	NA	WSCU01000019.1	4967	7330	+	sspH2	SPI-2 type III secretion system effector E3 ubiquitin transferase SspH2	plus	VIRULENCE	VIRULENCE	NA	NA	BLASTX	788	788	100.00	99.24	788	QJV46475.1	SPI-2 type III secretion system effector E3 ubiquitin transferase SspH2	NA	NA
GCA_009758995.1	NA	WSCU01000019.1	106246	107289	-	sseK2	type III secretion system effector arginine glycosyltransferase SseK2	plus	VIRULENCE	VIRULENCE	NA	NA	BLASTX	348	348	100.00	98.28	348	AAL21040.1	type III secretion system effector arginine glycosyltransferase SseK2	NA	NA
GCA_009758995.1	NA	WSCU01000020.1	97362	99551	+	sinH	intimin-like inverse autotransporter SinH	plus	VIRULENCE	VIRULENCE	NA	NA	BLASTX	730	730	100.00	99.73	730	AAL21411.1	intimin-like inverse autotransporter SinH	NA	NA
GCA_009758995.1	NA	WSCU01000021.1	48593	52219	-	iroC	salmochelin/enterobactin export ABC transporter IroC	plus	VIRULENCE	VIRULENCE	NA	NA	BLASTX	1209	1219	98.85	80.02	1211	AUH19662.1	salmochelin/enterobactin export ABC transporter IroC	NA	NA
GCA_009758995.1	NA	WSCU01000021.1	52303	53415	-	iroB	salmochelin biosynthesis C-glycosyltransferase IroB	plus	VIRULENCE	VIRULENCE	NA	NA	BLASTX	371	371	100.00	86.52	371	EOW04219.1	salmochelin biosynthesis C-glycosyltransferase IroB	NA	NA
GCA_009758995.1	NA	WSCU01000027.1	80557	81204	-	spvD	SPI-2 type III secretion system effector cysteine hydrolase SpvD	plus	VIRULENCE	VIRULENCE	NA	NA	EXACTX	216	216	100.00	100.00	216	AAG59626.1	SPI-2 type III secretion system effector cysteine hydrolase SpvD	NA	NA
GCA_009758995.1	NA	WSCU01000036.1	2	2032	+	mdsB	multidrug efflux RND transporter permease subunit MdsB	plus	AMR	AMR	EFFLUX	EFFLUX	PARTIAL_CONTIG_ENDX	677	1055	64.17	99.56	677	AAL19305.1	multidrug efflux RND transporter permease subunit MdsB	NA	NA
GCA_009758995.1	NA	WSCU01000045.1	6	467	+	golS	Au(I) sensor transcriptional regulator GolS	plus	STRESS	METAL	GOLD	GOLD	EXACTX	154	154	100.00	100.00	154	AAL19308.1	Au(I) sensor transcriptional regulator GolS	NA	NA
GCA_009758995.1	NA	WSCU01000073.1	147	1370	-	mdsA	multidrug efflux RND transporter periplasmic adaptor subunit MdsA	plus	AMR	AMR	EFFLUX	EFFLUX	BLASTX	408	408	100.00	98.28	408	AAL19306.1	multidrug efflux RND transporter periplasmic adaptor subunit MdsA	NA	NA
GCA_009758995.1	NA	WSCU01000073.1	1647	3029	+	golT	gold/copper-translocating P-type ATPase GolT	plus	STRESS	METAL	COPPER/GOLD	COPPER/GOLD	PARTIAL_CONTIG_ENDX	461	762	60.50	99.57	461	AAL19307.1	gold/copper-translocating P-type ATPase GolT	NA	NA
GCA_009759015.1	NA	WSCT01000004.1	94708	95238	-	sodC1	superoxide dismutase [Cu-Zn] SodC1	plus	VIRULENCE	VIRULENCE	NA	NA	EXACTX	177	177	100.00	100.00	177	AAL19978.1	superoxide dismutase [Cu-Zn] SodC1	NA	NA
GCA_009759015.1	NA	WSCT01000013.1	39373	40278	-	avrA	type III secretion system YopJ family effector AvrA	plus	VIRULENCE	VIRULENCE	NA	NA	BLASTX	302	302	100.00	99.34	302	AAL21745.1	type III secretion system YopJ family effector AvrA	NA	NA
GCA_009759015.1	NA	WSCT01000013.1	67874	69928	-	invA	type III secretion system export apparatus protein InvA	plus	VIRULENCE	VIRULENCE	NA	NA	BLASTX	685	685	100.00	99.85	685	WXW86397.1	type III secretion system export apparatus protein InvA	NA	NA
GCA_009759015.1	NA	WSCT01000014.1	52821	53468	+	spvD	SPI-2 type III secretion system effector cysteine hydrolase SpvD	plus	VIRULENCE	VIRULENCE	NA	NA	EXACTX	216	216	100.00	100.00	216	AAG59626.1	SPI-2 type III secretion system effector cysteine hydrolase SpvD	NA	NA
GCA_009759015.1	NA	WSCT01000015.1	392113	392574	-	golS	Au(I) sensor transcriptional regulator GolS	plus	STRESS	METAL	GOLD	GOLD	EXACTX	154	154	100.00	100.00	154	AAL19308.1	Au(I) sensor transcriptional regulator GolS	NA	NA
GCA_009759015.1	NA	WSCT01000015.1	392589	394874	-	golT	gold/copper-translocating P-type ATPase GolT	plus	STRESS	METAL	COPPER/GOLD	COPPER/GOLD	BLASTX	762	762	100.00	99.61	762	AAL19307.1	gold/copper-translocating P-type ATPase GolT	NA	NA
GCA_009759015.1	NA	WSCT01000015.1	395151	396374	+	mdsA	multidrug efflux RND transporter periplasmic adaptor subunit MdsA	plus	AMR	AMR	EFFLUX	EFFLUX	BLASTX	408	408	100.00	98.28	408	AAL19306.1	multidrug efflux RND transporter periplasmic adaptor subunit MdsA	NA	NA
GCA_009759015.1	NA	WSCT01000015.1	396374	399538	+	mdsB	multidrug efflux RND transporter permease subunit MdsB	plus	AMR	AMR	EFFLUX	EFFLUX	BLASTX	1055	1055	100.00	99.62	1055	AAL19305.1	multidrug efflux RND transporter permease subunit MdsB	NA	NA
GCA_009759015.1	NA	WSCT01000018.1	4968	7331	+	sspH2	SPI-2 type III secretion system effector E3 ubiquitin transferase SspH2	plus	VIRULENCE	VIRULENCE	NA	NA	BLASTX	788	788	100.00	99.24	788	QJV46475.1	SPI-2 type III secretion system effector E3 ubiquitin transferase SspH2	NA	NA
GCA_009759015.1	NA	WSCT01000018.1	106247	107290	-	sseK2	type III secretion system effector arginine glycosyltransferase SseK2	plus	VIRULENCE	VIRULENCE	NA	NA	BLASTX	348	348	100.00	98.28	348	AAL21040.1	type III secretion system effector arginine glycosyltransferase SseK2	NA	NA
GCA_009759015.1	NA	WSCT01000019.1	16524	17219	-	lpfB	long polar fimbrial chaperone LpfB	plus	VIRULENCE	VIRULENCE	NA	NA	EXACTX	232	232	100.00	100.00	232	WXV87835.1	long polar fimbrial chaperone LpfB	NA	NA
GCA_009759015.1	NA	WSCT01000021.1	1056	3245	-	sinH	intimin-like inverse autotransporter SinH	plus	VIRULENCE	VIRULENCE	NA	NA	BLASTX	730	730	100.00	99.73	730	AAL21411.1	intimin-like inverse autotransporter SinH	NA	NA
GCA_009759015.1	NA	WSCT01000031.1	48882	52508	-	iroC	salmochelin/enterobactin export ABC transporter IroC	plus	VIRULENCE	VIRULENCE	NA	NA	BLASTX	1209	1219	98.85	80.02	1211	AUH19662.1	salmochelin/enterobactin export ABC transporter IroC	NA	NA
GCA_009759015.1	NA	WSCT01000031.1	52592	53704	-	iroB	salmochelin biosynthesis C-glycosyltransferase IroB	plus	VIRULENCE	VIRULENCE	NA	NA	BLASTX	371	371	100.00	86.52	371	EOW04219.1	salmochelin biosynthesis C-glycosyltransferase IroB	NA	NA
GCA_009759035.1	NA	WSCQ01000001.1	30477	31007	-	sodC1	superoxide dismutase [Cu-Zn] SodC1	plus	VIRULENCE	VIRULENCE	NA	NA	EXACTX	177	177	100.00	100.00	177	AAL19978.1	superoxide dismutase [Cu-Zn] SodC1	NA	NA
GCA_009759035.1	NA	WSCQ01000003.1	183859	184554	+	lpfB	long polar fimbrial chaperone LpfB	plus	VIRULENCE	VIRULENCE	NA	NA	EXACTX	232	232	100.00	100.00	232	WXV87835.1	long polar fimbrial chaperone LpfB	NA	NA
GCA_009759035.1	NA	WSCQ01000004.1	529450	531504	+	invA	type III secretion system export apparatus protein InvA	plus	VIRULENCE	VIRULENCE	NA	NA	EXACTX	685	685	100.00	100.00	685	WXW86397.1	type III secretion system export apparatus protein InvA	NA	NA
GCA_009759035.1	NA	WSCQ01000004.1	559100	560005	+	avrA	type III secretion system YopJ family effector AvrA	plus	VIRULENCE	VIRULENCE	NA	NA	BLASTX	302	302	100.00	99.34	302	AAL21745.1	type III secretion system YopJ family effector AvrA	NA	NA
GCA_009759035.1	NA	WSCQ01000004.1	648296	651922	-	iroC	salmochelin/enterobactin export ABC transporter IroC	plus	VIRULENCE	VIRULENCE	NA	NA	BLASTX	1209	1219	98.85	80.02	1211	AUH19662.1	salmochelin/enterobactin export ABC transporter IroC	NA	NA
GCA_009759035.1	NA	WSCQ01000004.1	652006	653118	-	iroB	salmochelin biosynthesis C-glycosyltransferase IroB	plus	VIRULENCE	VIRULENCE	NA	NA	BLASTX	371	371	100.00	86.52	371	EOW04219.1	salmochelin biosynthesis C-glycosyltransferase IroB	NA	NA
GCA_009759035.1	NA	WSCQ01000006.1	389957	391000	+	sseK2	type III secretion system effector arginine glycosyltransferase SseK2	plus	VIRULENCE	VIRULENCE	NA	NA	BLASTX	348	348	100.00	98.28	348	AAL21040.1	type III secretion system effector arginine glycosyltransferase SseK2	NA	NA
GCA_009759035.1	NA	WSCQ01000006.1	489916	492279	-	sspH2	SPI-2 type III secretion system effector E3 ubiquitin transferase SspH2	plus	VIRULENCE	VIRULENCE	NA	NA	BLASTX	788	788	100.00	99.37	788	QJV46475.1	SPI-2 type III secretion system effector E3 ubiquitin transferase SspH2	NA	NA
GCA_009759035.1	NA	WSCQ01000009.1	392131	392592	-	golS	Au(I) sensor transcriptional regulator GolS	plus	STRESS	METAL	GOLD	GOLD	EXACTX	154	154	100.00	100.00	154	AAL19308.1	Au(I) sensor transcriptional regulator GolS	NA	NA
GCA_009759035.1	NA	WSCQ01000009.1	392607	394892	-	golT	gold/copper-translocating P-type ATPase GolT	plus	STRESS	METAL	COPPER/GOLD	COPPER/GOLD	BLASTX	762	762	100.00	99.61	762	AAL19307.1	gold/copper-translocating P-type ATPase GolT	NA	NA
GCA_009759035.1	NA	WSCQ01000009.1	395169	396392	+	mdsA	multidrug efflux RND transporter periplasmic adaptor subunit MdsA	plus	AMR	AMR	EFFLUX	EFFLUX	BLASTX	408	408	100.00	98.28	408	AAL19306.1	multidrug efflux RND transporter periplasmic adaptor subunit MdsA	NA	NA
GCA_009759035.1	NA	WSCQ01000009.1	396392	399556	+	mdsB	multidrug efflux RND transporter permease subunit MdsB	plus	AMR	AMR	EFFLUX	EFFLUX	BLASTX	1055	1055	100.00	99.62	1055	AAL19305.1	multidrug efflux RND transporter permease subunit MdsB	NA	NA
GCA_009759035.1	NA	WSCQ01000017.1	25022	25669	+	spvD	SPI-2 type III secretion system effector cysteine hydrolase SpvD	plus	VIRULENCE	VIRULENCE	NA	NA	BLASTX	216	216	100.00	99.07	216	AAG59626.1	SPI-2 type III secretion system effector cysteine hydrolase SpvD	NA	NA
GCA_009759035.1	NA	WSCQ01000019.1	119385	121574	+	sinH	intimin-like inverse autotransporter SinH	plus	VIRULENCE	VIRULENCE	NA	NA	BLASTX	730	730	100.00	99.73	730	AAL21411.1	intimin-like inverse autotransporter SinH	NA	NA
GCA_009759055.1	NA	WSCN01000004.1	189708	190403	-	lpfB	long polar fimbrial chaperone LpfB	plus	VIRULENCE	VIRULENCE	NA	NA	EXACTX	232	232	100.00	100.00	232	WXV87835.1	long polar fimbrial chaperone LpfB	NA	NA
GCA_009759055.1	NA	WSCN01000006.1	68756	71920	-	mdsB	multidrug efflux RND transporter permease subunit MdsB	plus	AMR	AMR	EFFLUX	EFFLUX	BLASTX	1055	1055	100.00	99.62	1055	AAL19305.1	multidrug efflux RND transporter permease subunit MdsB	NA	NA
GCA_009759055.1	NA	WSCN01000006.1	71920	73143	-	mdsA	multidrug efflux RND transporter periplasmic adaptor subunit MdsA	plus	AMR	AMR	EFFLUX	EFFLUX	BLASTX	408	408	100.00	98.28	408	AAL19306.1	multidrug efflux RND transporter periplasmic adaptor subunit MdsA	NA	NA
GCA_009759055.1	NA	WSCN01000006.1	73420	75705	+	golT	gold/copper-translocating P-type ATPase GolT	plus	STRESS	METAL	COPPER/GOLD	COPPER/GOLD	BLASTX	762	762	100.00	99.61	762	AAL19307.1	gold/copper-translocating P-type ATPase GolT	NA	NA
GCA_009759055.1	NA	WSCN01000006.1	75720	76181	+	golS	Au(I) sensor transcriptional regulator GolS	plus	STRESS	METAL	GOLD	GOLD	EXACTX	154	154	100.00	100.00	154	AAL19308.1	Au(I) sensor transcriptional regulator GolS	NA	NA
GCA_009759055.1	NA	WSCN01000017.1	43743	44648	-	avrA	type III secretion system YopJ family effector AvrA	plus	VIRULENCE	VIRULENCE	NA	NA	BLASTX	302	302	100.00	99.34	302	AAL21745.1	type III secretion system YopJ family effector AvrA	NA	NA
GCA_009759055.1	NA	WSCN01000017.1	72244	74298	-	invA	type III secretion system export apparatus protein InvA	plus	VIRULENCE	VIRULENCE	NA	NA	EXACTX	685	685	100.00	100.00	685	WXW86397.1	type III secretion system export apparatus protein InvA	NA	NA
GCA_009759055.1	NA	WSCN01000020.1	156822	157865	+	sseK2	type III secretion system effector arginine glycosyltransferase SseK2	plus	VIRULENCE	VIRULENCE	NA	NA	BLASTX	348	348	100.00	98.28	348	AAL21040.1	type III secretion system effector arginine glycosyltransferase SseK2	NA	NA
GCA_009759055.1	NA	WSCN01000020.1	256781	259144	-	sspH2	SPI-2 type III secretion system effector E3 ubiquitin transferase SspH2	plus	VIRULENCE	VIRULENCE	NA	NA	BLASTX	788	788	100.00	99.37	788	QJV46475.1	SPI-2 type III secretion system effector E3 ubiquitin transferase SspH2	NA	NA
GCA_009759055.1	NA	WSCN01000022.1	61850	62497	-	spvD	SPI-2 type III secretion system effector cysteine hydrolase SpvD	plus	VIRULENCE	VIRULENCE	NA	NA	BLASTX	216	216	100.00	99.07	216	AAG59626.1	SPI-2 type III secretion system effector cysteine hydrolase SpvD	NA	NA
GCA_009759055.1	NA	WSCN01000026.1	44847	48473	-	iroC	salmochelin/enterobactin export ABC transporter IroC	plus	VIRULENCE	VIRULENCE	NA	NA	BLASTX	1209	1219	98.85	80.02	1211	AUH19662.1	salmochelin/enterobactin export ABC transporter IroC	NA	NA
GCA_009759055.1	NA	WSCN01000026.1	48557	49669	-	iroB	salmochelin biosynthesis C-glycosyltransferase IroB	plus	VIRULENCE	VIRULENCE	NA	NA	BLASTX	371	371	100.00	86.52	371	EOW04219.1	salmochelin biosynthesis C-glycosyltransferase IroB	NA	NA
GCA_009759055.1	NA	WSCN01000027.1	11889	12419	+	sodC1	superoxide dismutase [Cu-Zn] SodC1	plus	VIRULENCE	VIRULENCE	NA	NA	EXACTX	177	177	100.00	100.00	177	AAL19978.1	superoxide dismutase [Cu-Zn] SodC1	NA	NA
GCA_009759055.1	NA	WSCN01000033.1	272	2461	+	sinH	intimin-like inverse autotransporter SinH	plus	VIRULENCE	VIRULENCE	NA	NA	BLASTX	730	730	100.00	99.73	730	AAL21411.1	intimin-like inverse autotransporter SinH	NA	NA
GCA_009759065.1	NA	WSCR01000001.1	69492	70397	-	avrA	type III secretion system YopJ family effector AvrA	plus	VIRULENCE	VIRULENCE	NA	NA	BLASTX	302	302	100.00	99.34	302	AAL21745.1	type III secretion system YopJ family effector AvrA	NA	NA
GCA_009759065.1	NA	WSCR01000001.1	97993	100047	-	invA	type III secretion system export apparatus protein InvA	plus	VIRULENCE	VIRULENCE	NA	NA	EXACTX	685	685	100.00	100.00	685	WXW86397.1	type III secretion system export apparatus protein InvA	NA	NA
GCA_009759065.1	NA	WSCR01000003.1	257688	258218	-	sodC1	superoxide dismutase [Cu-Zn] SodC1	plus	VIRULENCE	VIRULENCE	NA	NA	EXACTX	177	177	100.00	100.00	177	AAL19978.1	superoxide dismutase [Cu-Zn] SodC1	NA	NA
GCA_009759065.1	NA	WSCR01000012.1	97302	99491	+	sinH	intimin-like inverse autotransporter SinH	plus	VIRULENCE	VIRULENCE	NA	NA	BLASTX	730	730	100.00	99.73	730	AAL21411.1	intimin-like inverse autotransporter SinH	NA	NA
GCA_009759065.1	NA	WSCR01000013.1	18996	22622	-	iroC	salmochelin/enterobactin export ABC transporter IroC	plus	VIRULENCE	VIRULENCE	NA	NA	BLASTX	1209	1219	98.85	80.02	1211	AUH19662.1	salmochelin/enterobactin export ABC transporter IroC	NA	NA
GCA_009759065.1	NA	WSCR01000013.1	22706	23818	-	iroB	salmochelin biosynthesis C-glycosyltransferase IroB	plus	VIRULENCE	VIRULENCE	NA	NA	BLASTX	371	371	100.00	86.52	371	EOW04219.1	salmochelin biosynthesis C-glycosyltransferase IroB	NA	NA
GCA_009759065.1	NA	WSCR01000018.1	408136	408597	-	golS	Au(I) sensor transcriptional regulator GolS	plus	STRESS	METAL	GOLD	GOLD	EXACTX	154	154	100.00	100.00	154	AAL19308.1	Au(I) sensor transcriptional regulator GolS	NA	NA
GCA_009759065.1	NA	WSCR01000018.1	408612	410897	-	golT	gold/copper-translocating P-type ATPase GolT	plus	STRESS	METAL	COPPER/GOLD	COPPER/GOLD	BLASTX	762	762	100.00	99.61	762	AAL19307.1	gold/copper-translocating P-type ATPase GolT	NA	NA
GCA_009759065.1	NA	WSCR01000018.1	411174	412397	+	mdsA	multidrug efflux RND transporter periplasmic adaptor subunit MdsA	plus	AMR	AMR	EFFLUX	EFFLUX	BLASTX	408	408	100.00	98.28	408	AAL19306.1	multidrug efflux RND transporter periplasmic adaptor subunit MdsA	NA	NA
GCA_009759065.1	NA	WSCR01000018.1	412397	415561	+	mdsB	multidrug efflux RND transporter permease subunit MdsB	plus	AMR	AMR	EFFLUX	EFFLUX	BLASTX	1055	1055	100.00	99.62	1055	AAL19305.1	multidrug efflux RND transporter permease subunit MdsB	NA	NA
GCA_009759065.1	NA	WSCR01000019.1	58187	58882	+	lpfB	long polar fimbrial chaperone LpfB	plus	VIRULENCE	VIRULENCE	NA	NA	EXACTX	232	232	100.00	100.00	232	WXV87835.1	long polar fimbrial chaperone LpfB	NA	NA
GCA_009759065.1	NA	WSCR01000029.1	3	2180	+	sspH2	SPI-2 type III secretion system effector E3 ubiquitin transferase SspH2	plus	VIRULENCE	VIRULENCE	NA	NA	BLASTX	726	788	92.13	99.31	726	QJV46475.1	SPI-2 type III secretion system effector E3 ubiquitin transferase SspH2	NA	NA
GCA_009759065.1	NA	WSCR01000029.1	101096	102139	-	sseK2	type III secretion system effector arginine glycosyltransferase SseK2	plus	VIRULENCE	VIRULENCE	NA	NA	BLASTX	348	348	100.00	98.28	348	AAL21040.1	type III secretion system effector arginine glycosyltransferase SseK2	NA	NA
GCA_009759075.1	NA	WSCP01000003.1	30477	31007	-	sodC1	superoxide dismutase [Cu-Zn] SodC1	plus	VIRULENCE	VIRULENCE	NA	NA	EXACTX	177	177	100.00	100.00	177	AAL19978.1	superoxide dismutase [Cu-Zn] SodC1	NA	NA
GCA_009759075.1	NA	WSCP01000005.1	282067	284121	+	invA	type III secretion system export apparatus protein InvA	plus	VIRULENCE	VIRULENCE	NA	NA	EXACTX	685	685	100.00	100.00	685	WXW86397.1	type III secretion system export apparatus protein InvA	NA	NA
GCA_009759075.1	NA	WSCP01000005.1	311717	312622	+	avrA	type III secretion system YopJ family effector AvrA	plus	VIRULENCE	VIRULENCE	NA	NA	BLASTX	302	302	100.00	99.34	302	AAL21745.1	type III secretion system YopJ family effector AvrA	NA	NA
GCA_009759075.1	NA	WSCP01000006.1	42311	45475	-	mdsB	multidrug efflux RND transporter permease subunit MdsB	plus	AMR	AMR	EFFLUX	EFFLUX	BLASTX	1055	1055	100.00	99.62	1055	AAL19305.1	multidrug efflux RND transporter permease subunit MdsB	NA	NA
GCA_009759075.1	NA	WSCP01000006.1	45475	46698	-	mdsA	multidrug efflux RND transporter periplasmic adaptor subunit MdsA	plus	AMR	AMR	EFFLUX	EFFLUX	BLASTX	408	408	100.00	98.28	408	AAL19306.1	multidrug efflux RND transporter periplasmic adaptor subunit MdsA	NA	NA
GCA_009759075.1	NA	WSCP01000006.1	46975	49260	+	golT	gold/copper-translocating P-type ATPase GolT	plus	STRESS	METAL	COPPER/GOLD	COPPER/GOLD	BLASTX	762	762	100.00	99.61	762	AAL19307.1	gold/copper-translocating P-type ATPase GolT	NA	NA
GCA_009759075.1	NA	WSCP01000006.1	49275	49736	+	golS	Au(I) sensor transcriptional regulator GolS	plus	STRESS	METAL	GOLD	GOLD	EXACTX	154	154	100.00	100.00	154	AAL19308.1	Au(I) sensor transcriptional regulator GolS	NA	NA
GCA_009759075.1	NA	WSCP01000009.1	297555	299744	-	sinH	intimin-like inverse autotransporter SinH	plus	VIRULENCE	VIRULENCE	NA	NA	BLASTX	730	730	100.00	99.73	730	AAL21411.1	intimin-like inverse autotransporter SinH	NA	NA
GCA_009759075.1	NA	WSCP01000012.1	183859	184554	+	lpfB	long polar fimbrial chaperone LpfB	plus	VIRULENCE	VIRULENCE	NA	NA	EXACTX	232	232	100.00	100.00	232	WXV87835.1	long polar fimbrial chaperone LpfB	NA	NA
GCA_009759075.1	NA	WSCP01000013.1	27904	30267	-	sspH2	SPI-2 type III secretion system effector E3 ubiquitin transferase SspH2	plus	VIRULENCE	VIRULENCE	NA	NA	BLASTX	788	788	100.00	99.37	788	QJV46475.1	SPI-2 type III secretion system effector E3 ubiquitin transferase SspH2	NA	NA
GCA_009759075.1	NA	WSCP01000014.1	71020	72063	-	sseK2	type III secretion system effector arginine glycosyltransferase SseK2	plus	VIRULENCE	VIRULENCE	NA	NA	BLASTX	348	348	100.00	98.28	348	AAL21040.1	type III secretion system effector arginine glycosyltransferase SseK2	NA	NA
GCA_009759075.1	NA	WSCP01000015.1	636	1748	+	iroB	salmochelin biosynthesis C-glycosyltransferase IroB	plus	VIRULENCE	VIRULENCE	NA	NA	BLASTX	371	371	100.00	86.52	371	EOW04219.1	salmochelin biosynthesis C-glycosyltransferase IroB	NA	NA
GCA_009759075.1	NA	WSCP01000015.1	1832	5458	+	iroC	salmochelin/enterobactin export ABC transporter IroC	plus	VIRULENCE	VIRULENCE	NA	NA	BLASTX	1209	1219	98.85	80.02	1211	AUH19662.1	salmochelin/enterobactin export ABC transporter IroC	NA	NA
GCA_009759075.1	NA	WSCP01000023.1	68130	68777	-	spvD	SPI-2 type III secretion system effector cysteine hydrolase SpvD	plus	VIRULENCE	VIRULENCE	NA	NA	BLASTX	216	216	100.00	99.07	216	AAG59626.1	SPI-2 type III secretion system effector cysteine hydrolase SpvD	NA	NA
GCA_009759115.1	NA	WSCM01000003.1	42117	45281	-	mdsB	multidrug efflux RND transporter permease subunit MdsB	plus	AMR	AMR	EFFLUX	EFFLUX	BLASTX	1055	1055	100.00	99.62	1055	AAL19305.1	multidrug efflux RND transporter permease subunit MdsB	NA	NA
GCA_009759115.1	NA	WSCM01000003.1	45281	46504	-	mdsA	multidrug efflux RND transporter periplasmic adaptor subunit MdsA	plus	AMR	AMR	EFFLUX	EFFLUX	BLASTX	408	408	100.00	98.28	408	AAL19306.1	multidrug efflux RND transporter periplasmic adaptor subunit MdsA	NA	NA
GCA_009759115.1	NA	WSCM01000003.1	46781	49066	+	golT	gold/copper-translocating P-type ATPase GolT	plus	STRESS	METAL	COPPER/GOLD	COPPER/GOLD	BLASTX	762	762	100.00	99.61	762	AAL19307.1	gold/copper-translocating P-type ATPase GolT	NA	NA
GCA_009759115.1	NA	WSCM01000003.1	49081	49542	+	golS	Au(I) sensor transcriptional regulator GolS	plus	STRESS	METAL	GOLD	GOLD	EXACTX	154	154	100.00	100.00	154	AAL19308.1	Au(I) sensor transcriptional regulator GolS	NA	NA
GCA_009759115.1	NA	WSCM01000008.1	90286	91398	+	iroB	salmochelin biosynthesis C-glycosyltransferase IroB	plus	VIRULENCE	VIRULENCE	NA	NA	BLASTX	371	371	100.00	86.52	371	EOW04219.1	salmochelin biosynthesis C-glycosyltransferase IroB	NA	NA
GCA_009759115.1	NA	WSCM01000008.1	91482	95108	+	iroC	salmochelin/enterobactin export ABC transporter IroC	plus	VIRULENCE	VIRULENCE	NA	NA	BLASTX	1209	1219	98.85	80.02	1211	AUH19662.1	salmochelin/enterobactin export ABC transporter IroC	NA	NA
GCA_009759115.1	NA	WSCM01000008.1	183676	184581	-	avrA	type III secretion system YopJ family effector AvrA	plus	VIRULENCE	VIRULENCE	NA	NA	BLASTX	302	302	100.00	99.34	302	AAL21745.1	type III secretion system YopJ family effector AvrA	NA	NA
GCA_009759115.1	NA	WSCM01000008.1	212177	214231	-	invA	type III secretion system export apparatus protein InvA	plus	VIRULENCE	VIRULENCE	NA	NA	BLASTX	685	685	100.00	99.85	685	WXW86397.1	type III secretion system export apparatus protein InvA	NA	NA
GCA_009759115.1	NA	WSCM01000030.1	4967	7330	+	sspH2	SPI-2 type III secretion system effector E3 ubiquitin transferase SspH2	plus	VIRULENCE	VIRULENCE	NA	NA	BLASTX	788	788	100.00	99.24	788	QJV46475.1	SPI-2 type III secretion system effector E3 ubiquitin transferase SspH2	NA	NA
GCA_009759115.1	NA	WSCM01000030.1	106246	107289	-	sseK2	type III secretion system effector arginine glycosyltransferase SseK2	plus	VIRULENCE	VIRULENCE	NA	NA	BLASTX	348	348	100.00	98.28	348	AAL21040.1	type III secretion system effector arginine glycosyltransferase SseK2	NA	NA
GCA_009759115.1	NA	WSCM01000040.1	62382	64571	-	sinH	intimin-like inverse autotransporter SinH	plus	VIRULENCE	VIRULENCE	NA	NA	BLASTX	730	730	100.00	99.73	730	AAL21411.1	intimin-like inverse autotransporter SinH	NA	NA
GCA_009759115.1	NA	WSCM01000041.1	41840	42370	-	sodC1	superoxide dismutase [Cu-Zn] SodC1	plus	VIRULENCE	VIRULENCE	NA	NA	EXACTX	177	177	100.00	100.00	177	AAL19978.1	superoxide dismutase [Cu-Zn] SodC1	NA	NA
GCA_009759115.1	NA	WSCM01000050.1	16648	17343	-	lpfB	long polar fimbrial chaperone LpfB	plus	VIRULENCE	VIRULENCE	NA	NA	EXACTX	232	232	100.00	100.00	232	WXV87835.1	long polar fimbrial chaperone LpfB	NA	NA
GCA_009759115.1	NA	WSCM01000054.1	31277	31924	+	spvD	SPI-2 type III secretion system effector cysteine hydrolase SpvD	plus	VIRULENCE	VIRULENCE	NA	NA	EXACTX	216	216	100.00	100.00	216	AAG59626.1	SPI-2 type III secretion system effector cysteine hydrolase SpvD	NA	NA
GCA_009759125.1	NA	WSCL01000001.1	90381	91493	+	iroB	salmochelin biosynthesis C-glycosyltransferase IroB	plus	VIRULENCE	VIRULENCE	NA	NA	BLASTX	371	371	100.00	86.52	371	EOW04219.1	salmochelin biosynthesis C-glycosyltransferase IroB	NA	NA
GCA_009759125.1	NA	WSCL01000001.1	91577	95203	+	iroC	salmochelin/enterobactin export ABC transporter IroC	plus	VIRULENCE	VIRULENCE	NA	NA	BLASTX	1209	1219	98.85	80.02	1211	AUH19662.1	salmochelin/enterobactin export ABC transporter IroC	NA	NA
GCA_009759125.1	NA	WSCL01000001.1	183771	184676	-	avrA	type III secretion system YopJ family effector AvrA	plus	VIRULENCE	VIRULENCE	NA	NA	BLASTX	302	302	100.00	99.34	302	AAL21745.1	type III secretion system YopJ family effector AvrA	NA	NA
GCA_009759125.1	NA	WSCL01000001.1	212272	214326	-	invA	type III secretion system export apparatus protein InvA	plus	VIRULENCE	VIRULENCE	NA	NA	BLASTX	685	685	100.00	99.85	685	WXW86397.1	type III secretion system export apparatus protein InvA	NA	NA
GCA_009759125.1	NA	WSCL01000003.1	68744	71908	-	mdsB	multidrug efflux RND transporter permease subunit MdsB	plus	AMR	AMR	EFFLUX	EFFLUX	BLASTX	1055	1055	100.00	99.62	1055	AAL19305.1	multidrug efflux RND transporter permease subunit MdsB	NA	NA
GCA_009759125.1	NA	WSCL01000003.1	71908	73131	-	mdsA	multidrug efflux RND transporter periplasmic adaptor subunit MdsA	plus	AMR	AMR	EFFLUX	EFFLUX	BLASTX	408	408	100.00	98.28	408	AAL19306.1	multidrug efflux RND transporter periplasmic adaptor subunit MdsA	NA	NA
GCA_009759125.1	NA	WSCL01000003.1	73408	75693	+	golT	gold/copper-translocating P-type ATPase GolT	plus	STRESS	METAL	COPPER/GOLD	COPPER/GOLD	BLASTX	762	762	100.00	99.61	762	AAL19307.1	gold/copper-translocating P-type ATPase GolT	NA	NA
GCA_009759125.1	NA	WSCL01000003.1	75708	76169	+	golS	Au(I) sensor transcriptional regulator GolS	plus	STRESS	METAL	GOLD	GOLD	EXACTX	154	154	100.00	100.00	154	AAL19308.1	Au(I) sensor transcriptional regulator GolS	NA	NA
GCA_009759125.1	NA	WSCL01000010.1	51641	52288	+	spvD	SPI-2 type III secretion system effector cysteine hydrolase SpvD	plus	VIRULENCE	VIRULENCE	NA	NA	EXACTX	216	216	100.00	100.00	216	AAG59626.1	SPI-2 type III secretion system effector cysteine hydrolase SpvD	NA	NA
GCA_009759125.1	NA	WSCL01000019.1	156825	157868	+	sseK2	type III secretion system effector arginine glycosyltransferase SseK2	plus	VIRULENCE	VIRULENCE	NA	NA	BLASTX	348	348	100.00	98.28	348	AAL21040.1	type III secretion system effector arginine glycosyltransferase SseK2	NA	NA
GCA_009759125.1	NA	WSCL01000019.1	256784	259147	-	sspH2	SPI-2 type III secretion system effector E3 ubiquitin transferase SspH2	plus	VIRULENCE	VIRULENCE	NA	NA	BLASTX	788	788	100.00	99.24	788	QJV46475.1	SPI-2 type III secretion system effector E3 ubiquitin transferase SspH2	NA	NA
GCA_009759125.1	NA	WSCL01000020.1	99972	100502	+	sodC1	superoxide dismutase [Cu-Zn] SodC1	plus	VIRULENCE	VIRULENCE	NA	NA	EXACTX	177	177	100.00	100.00	177	AAL19978.1	superoxide dismutase [Cu-Zn] SodC1	NA	NA
GCA_009759125.1	NA	WSCL01000024.1	189758	190453	-	lpfB	long polar fimbrial chaperone LpfB	plus	VIRULENCE	VIRULENCE	NA	NA	EXACTX	232	232	100.00	100.00	232	WXV87835.1	long polar fimbrial chaperone LpfB	NA	NA
GCA_009759125.1	NA	WSCL01000026.1	17770	19959	-	sinH	intimin-like inverse autotransporter SinH	plus	VIRULENCE	VIRULENCE	NA	NA	BLASTX	730	730	100.00	99.73	730	AAL21411.1	intimin-like inverse autotransporter SinH	NA	NA
GCA_009759155.1	NA	WSCK01000002.1	42189	42719	-	sodC1	superoxide dismutase [Cu-Zn] SodC1	plus	VIRULENCE	VIRULENCE	NA	NA	EXACTX	177	177	100.00	100.00	177	AAL19978.1	superoxide dismutase [Cu-Zn] SodC1	NA	NA
GCA_009759155.1	NA	WSCK01000003.1	209117	211306	-	sinH	intimin-like inverse autotransporter SinH	plus	VIRULENCE	VIRULENCE	NA	NA	BLASTX	730	730	100.00	99.73	730	AAL21411.1	intimin-like inverse autotransporter SinH	NA	NA
GCA_009759155.1	NA	WSCK01000007.1	213398	213859	-	golS	Au(I) sensor transcriptional regulator GolS	plus	STRESS	METAL	GOLD	GOLD	EXACTX	154	154	100.00	100.00	154	AAL19308.1	Au(I) sensor transcriptional regulator GolS	NA	NA
GCA_009759155.1	NA	WSCK01000007.1	213874	216159	-	golT	gold/copper-translocating P-type ATPase GolT	plus	STRESS	METAL	COPPER/GOLD	COPPER/GOLD	BLASTX	762	762	100.00	99.61	762	AAL19307.1	gold/copper-translocating P-type ATPase GolT	NA	NA
GCA_009759155.1	NA	WSCK01000007.1	216436	217659	+	mdsA	multidrug efflux RND transporter periplasmic adaptor subunit MdsA	plus	AMR	AMR	EFFLUX	EFFLUX	BLASTX	408	408	100.00	98.28	408	AAL19306.1	multidrug efflux RND transporter periplasmic adaptor subunit MdsA	NA	NA
GCA_009759155.1	NA	WSCK01000007.1	217659	220823	+	mdsB	multidrug efflux RND transporter permease subunit MdsB	plus	AMR	AMR	EFFLUX	EFFLUX	BLASTX	1055	1055	100.00	99.62	1055	AAL19305.1	multidrug efflux RND transporter permease subunit MdsB	NA	NA
GCA_009759155.1	NA	WSCK01000010.1	176877	178931	+	invA	type III secretion system export apparatus protein InvA	plus	VIRULENCE	VIRULENCE	NA	NA	EXACTX	685	685	100.00	100.00	685	WXW86397.1	type III secretion system export apparatus protein InvA	NA	NA
GCA_009759155.1	NA	WSCK01000010.1	206527	207432	+	avrA	type III secretion system YopJ family effector AvrA	plus	VIRULENCE	VIRULENCE	NA	NA	BLASTX	302	302	100.00	99.34	302	AAL21745.1	type III secretion system YopJ family effector AvrA	NA	NA
GCA_009759155.1	NA	WSCK01000013.1	220070	220765	-	lpfB	long polar fimbrial chaperone LpfB	plus	VIRULENCE	VIRULENCE	NA	NA	EXACTX	232	232	100.00	100.00	232	WXV87835.1	long polar fimbrial chaperone LpfB	NA	NA
GCA_009759155.1	NA	WSCK01000015.1	56423	57535	+	iroB	salmochelin biosynthesis C-glycosyltransferase IroB	plus	VIRULENCE	VIRULENCE	NA	NA	BLASTX	371	371	100.00	86.52	371	EOW04219.1	salmochelin biosynthesis C-glycosyltransferase IroB	NA	NA
GCA_009759155.1	NA	WSCK01000015.1	57619	61245	+	iroC	salmochelin/enterobactin export ABC transporter IroC	plus	VIRULENCE	VIRULENCE	NA	NA	BLASTX	1209	1219	98.85	80.02	1211	AUH19662.1	salmochelin/enterobactin export ABC transporter IroC	NA	NA
GCA_009759155.1	NA	WSCK01000028.1	1	2181	+	sspH2	SPI-2 type III secretion system effector E3 ubiquitin transferase SspH2	plus	VIRULENCE	VIRULENCE	NA	NA	BLASTX	727	788	92.26	99.31	727	QJV46475.1	SPI-2 type III secretion system effector E3 ubiquitin transferase SspH2	NA	NA
GCA_009759155.1	NA	WSCK01000028.1	101097	102140	-	sseK2	type III secretion system effector arginine glycosyltransferase SseK2	plus	VIRULENCE	VIRULENCE	NA	NA	BLASTX	348	348	100.00	98.28	348	AAL21040.1	type III secretion system effector arginine glycosyltransferase SseK2	NA	NA
GCA_009759175.1	NA	WSCH01000003.1	8100	11264	-	mdsB	multidrug efflux RND transporter permease subunit MdsB	plus	AMR	AMR	EFFLUX	EFFLUX	BLASTX	1055	1055	100.00	99.72	1055	AAL19305.1	multidrug efflux RND transporter permease subunit MdsB	NA	NA
GCA_009759175.1	NA	WSCH01000003.1	11264	12487	-	mdsA	multidrug efflux RND transporter periplasmic adaptor subunit MdsA	plus	AMR	AMR	EFFLUX	EFFLUX	BLASTX	408	408	100.00	98.04	408	AAL19306.1	multidrug efflux RND transporter periplasmic adaptor subunit MdsA	NA	NA
GCA_009759175.1	NA	WSCH01000003.1	12764	15049	+	golT	gold/copper-translocating P-type ATPase GolT	plus	STRESS	METAL	COPPER/GOLD	COPPER/GOLD	BLASTX	762	762	100.00	99.48	762	AAL19307.1	gold/copper-translocating P-type ATPase GolT	NA	NA
GCA_009759175.1	NA	WSCH01000003.1	15064	15525	+	golS	Au(I) sensor transcriptional regulator GolS	plus	STRESS	METAL	GOLD	GOLD	EXACTX	154	154	100.00	100.00	154	AAL19308.1	Au(I) sensor transcriptional regulator GolS	NA	NA
GCA_009759175.1	NA	WSCH01000005.1	32408	33520	+	iroB	salmochelin biosynthesis C-glycosyltransferase IroB	plus	VIRULENCE	VIRULENCE	NA	NA	BLASTX	371	371	100.00	86.52	371	EOW04219.1	salmochelin biosynthesis C-glycosyltransferase IroB	NA	NA
GCA_009759175.1	NA	WSCH01000005.1	33604	37230	+	iroC	salmochelin/enterobactin export ABC transporter IroC	plus	VIRULENCE	VIRULENCE	NA	NA	BLASTX	1209	1219	98.85	80.02	1211	AUH19662.1	salmochelin/enterobactin export ABC transporter IroC	NA	NA
GCA_009759175.1	NA	WSCH01000005.1	125798	126703	-	avrA	type III secretion system YopJ family effector AvrA	plus	VIRULENCE	VIRULENCE	NA	NA	INTERNAL_STOP	302	302	100.00	99.01	302	AAL21745.1	type III secretion system YopJ family effector AvrA	NA	NA
GCA_009759175.1	NA	WSCH01000013.1	21168	21698	-	sodC1	superoxide dismutase [Cu-Zn] SodC1	plus	VIRULENCE	VIRULENCE	NA	NA	EXACTX	177	177	100.00	100.00	177	AAL19978.1	superoxide dismutase [Cu-Zn] SodC1	NA	NA
GCA_009759175.1	NA	WSCH01000020.1	939	1751	+	sul2	sulfonamide-resistant dihydropteroate synthase Sul2	core	AMR	AMR	SULFONAMIDE	SULFONAMIDE	EXACTX	271	271	100.00	100.00	271	WP_001043260.1	sulfonamide-resistant dihydropteroate synthase Sul2	NA	NA
GCA_009759175.1	NA	WSCH01000020.1	1815	2615	+	aph(3'')-Ib	aminoglycoside O-phosphotransferase APH(3'')-Ib	core	AMR	AMR	AMINOGLYCOSIDE	STREPTOMYCIN	EXACTX	267	267	100.00	100.00	267	WP_001082319.1	aminoglycoside O-phosphotransferase APH(3'')-Ib	NA	NA
GCA_009759175.1	NA	WSCH01000020.1	2618	3451	+	aph(6)-Id	aminoglycoside O-phosphotransferase APH(6)-Id	core	AMR	AMR	AMINOGLYCOSIDE	STREPTOMYCIN	EXACTX	278	278	100.00	100.00	278	WP_000480968.1	aminoglycoside O-phosphotransferase APH(6)-Id	NA	NA
GCA_009759175.1	NA	WSCH01000020.1	4847	6043	+	tet(A)	tetracycline efflux MFS transporter Tet(A)	core	AMR	AMR	TETRACYCLINE	TETRACYCLINE	BLASTX	399	399	100.00	99.75	399	WP_000804064.1	tetracycline efflux MFS transporter Tet(A)	NA	NA
GCA_009759175.1	NA	WSCH01000022.1	39832	40251	-	arsC	glutaredoxin-dependent arsenate reductase	plus	STRESS	METAL	ARSENIC	ARSENATE	BLASTX	140	141	99.29	90.71	140	AAA21096.1	glutaredoxin-dependent arsenate reductase	NA	NA
GCA_009759175.1	NA	WSCH01000022.1	40267	41553	-	arsB	arsenite efflux transporter membrane subunit ArsB	plus	STRESS	METAL	ARSENIC	ARSENITE	BLASTX	429	429	100.00	97.44	429	BAA24823.1	arsenite efflux transporter membrane subunit ArsB	NA	NA
GCA_009759175.1	NA	WSCH01000022.1	44144	44503	-	arsD	arsenite efflux transporter metallochaperone ArsD	plus	STRESS	METAL	ARSENIC	ARSENITE	BLASTX	120	120	100.00	92.50	120	AAB09625.1	arsenite efflux transporter metallochaperone ArsD	NA	NA
GCA_009759175.1	NA	WSCH01000022.1	44554	44904	-	arsR	As(III)-sensing metalloregulatory transcriptional repressor ArsR	plus	STRESS	METAL	ARSENIC	ARSENIC	BLASTX	117	117	100.00	93.16	117	AAB09624.1	As(III)-sensing metalloregulatory transcriptional repressor ArsR	NA	NA
GCA_009759175.1	NA	WSCH01000023.1	9161	9844	-	gtgA	type III secretion system effector protease GtgA	plus	VIRULENCE	VIRULENCE	NA	NA	BLASTX	228	228	100.00	98.68	228	CBW17061.1	type III secretion system effector protease GtgA	NA	NA
GCA_009759175.1	NA	WSCH01000024.1	77356	78399	-	sseK2	type III secretion system effector arginine glycosyltransferase SseK2	plus	VIRULENCE	VIRULENCE	NA	NA	BLASTX	348	348	100.00	97.99	348	AAL21040.1	type III secretion system effector arginine glycosyltransferase SseK2	NA	NA
GCA_009759175.1	NA	WSCH01000025.1	189747	190442	-	lpfB	long polar fimbrial chaperone LpfB	plus	VIRULENCE	VIRULENCE	NA	NA	BLASTX	232	232	100.00	99.57	232	WXV87835.1	long polar fimbrial chaperone LpfB	NA	NA
GCA_009759175.1	NA	WSCH01000030.1	4141	6504	+	sspH2	SPI-2 type III secretion system effector E3 ubiquitin transferase SspH2	plus	VIRULENCE	VIRULENCE	NA	NA	BLASTX	788	788	100.00	99.24	788	QJV46475.1	SPI-2 type III secretion system effector E3 ubiquitin transferase SspH2	NA	NA
GCA_009759175.1	NA	WSCH01000040.1	25382	27436	-	invA	type III secretion system export apparatus protein InvA	plus	VIRULENCE	VIRULENCE	NA	NA	EXACTX	685	685	100.00	100.00	685	WXW86397.1	type III secretion system export apparatus protein InvA	NA	NA
GCA_009759175.1	NA	WSCH01000062.1	17528	19717	-	sinH	intimin-like inverse autotransporter SinH	plus	VIRULENCE	VIRULENCE	NA	NA	BLASTX	730	730	100.00	99.86	730	AAL21411.1	intimin-like inverse autotransporter SinH	NA	NA
GCA_009759185.1	NA	WSCG01000003.1	257142	259196	+	invA	type III secretion system export apparatus protein InvA	plus	VIRULENCE	VIRULENCE	NA	NA	EXACTX	685	685	100.00	100.00	685	WXW86397.1	type III secretion system export apparatus protein InvA	NA	NA
GCA_009759185.1	NA	WSCG01000004.1	4509	6872	+	sspH2	SPI-2 type III secretion system effector E3 ubiquitin transferase SspH2	plus	VIRULENCE	VIRULENCE	NA	NA	BLASTX	788	788	100.00	99.24	788	QJV46475.1	SPI-2 type III secretion system effector E3 ubiquitin transferase SspH2	NA	NA
GCA_009759185.1	NA	WSCG01000004.1	105788	106831	-	sseK2	type III secretion system effector arginine glycosyltransferase SseK2	plus	VIRULENCE	VIRULENCE	NA	NA	BLASTX	348	348	100.00	98.28	348	AAL21040.1	type III secretion system effector arginine glycosyltransferase SseK2	NA	NA
GCA_009759185.1	NA	WSCG01000005.1	54449	54979	+	sodC1	superoxide dismutase [Cu-Zn] SodC1	plus	VIRULENCE	VIRULENCE	NA	NA	EXACTX	177	177	100.00	100.00	177	AAL19978.1	superoxide dismutase [Cu-Zn] SodC1	NA	NA
GCA_009759185.1	NA	WSCG01000006.1	90283	91395	+	iroB	salmochelin biosynthesis C-glycosyltransferase IroB	plus	VIRULENCE	VIRULENCE	NA	NA	BLASTX	371	371	100.00	86.52	371	EOW04219.1	salmochelin biosynthesis C-glycosyltransferase IroB	NA	NA
GCA_009759185.1	NA	WSCG01000006.1	91479	95105	+	iroC	salmochelin/enterobactin export ABC transporter IroC	plus	VIRULENCE	VIRULENCE	NA	NA	BLASTX	1209	1219	98.85	80.02	1211	AUH19662.1	salmochelin/enterobactin export ABC transporter IroC	NA	NA
GCA_009759185.1	NA	WSCG01000006.1	183673	184578	-	avrA	type III secretion system YopJ family effector AvrA	plus	VIRULENCE	VIRULENCE	NA	NA	BLASTX	302	302	100.00	99.34	302	AAL21745.1	type III secretion system YopJ family effector AvrA	NA	NA
GCA_009759185.1	NA	WSCG01000010.1	213398	213859	-	golS	Au(I) sensor transcriptional regulator GolS	plus	STRESS	METAL	GOLD	GOLD	EXACTX	154	154	100.00	100.00	154	AAL19308.1	Au(I) sensor transcriptional regulator GolS	NA	NA
GCA_009759185.1	NA	WSCG01000010.1	213874	216159	-	golT	gold/copper-translocating P-type ATPase GolT	plus	STRESS	METAL	COPPER/GOLD	COPPER/GOLD	BLASTX	762	762	100.00	99.61	762	AAL19307.1	gold/copper-translocating P-type ATPase GolT	NA	NA
GCA_009759185.1	NA	WSCG01000010.1	216436	217659	+	mdsA	multidrug efflux RND transporter periplasmic adaptor subunit MdsA	plus	AMR	AMR	EFFLUX	EFFLUX	BLASTX	408	408	100.00	98.28	408	AAL19306.1	multidrug efflux RND transporter periplasmic adaptor subunit MdsA	NA	NA
GCA_009759185.1	NA	WSCG01000010.1	217659	220823	+	mdsB	multidrug efflux RND transporter permease subunit MdsB	plus	AMR	AMR	EFFLUX	EFFLUX	BLASTX	1055	1055	100.00	99.62	1055	AAL19305.1	multidrug efflux RND transporter permease subunit MdsB	NA	NA
GCA_009759185.1	NA	WSCG01000017.1	820	1515	+	lpfB	long polar fimbrial chaperone LpfB	plus	VIRULENCE	VIRULENCE	NA	NA	EXACTX	232	232	100.00	100.00	232	WXV87835.1	long polar fimbrial chaperone LpfB	NA	NA
GCA_009759185.1	NA	WSCG01000030.1	17204	19393	-	sinH	intimin-like inverse autotransporter SinH	plus	VIRULENCE	VIRULENCE	NA	NA	BLASTX	730	730	100.00	99.73	730	AAL21411.1	intimin-like inverse autotransporter SinH	NA	NA
GCA_009759185.1	NA	WSCG01000042.1	1041	1688	+	spvD	SPI-2 type III secretion system effector cysteine hydrolase SpvD	plus	VIRULENCE	VIRULENCE	NA	NA	EXACTX	216	216	100.00	100.00	216	AAG59626.1	SPI-2 type III secretion system effector cysteine hydrolase SpvD	NA	NA
GCA_009759195.1	NA	WSCF01000001.1	160977	163031	+	invA	type III secretion system export apparatus protein InvA	plus	VIRULENCE	VIRULENCE	NA	NA	EXACTX	685	685	100.00	100.00	685	WXW86397.1	type III secretion system export apparatus protein InvA	NA	NA
GCA_009759195.1	NA	WSCF01000001.1	190627	191532	+	avrA	type III secretion system YopJ family effector AvrA	plus	VIRULENCE	VIRULENCE	NA	NA	BLASTX	302	302	100.00	99.34	302	AAL21745.1	type III secretion system YopJ family effector AvrA	NA	NA
GCA_009759195.1	NA	WSCF01000001.1	280100	283726	-	iroC	salmochelin/enterobactin export ABC transporter IroC	plus	VIRULENCE	VIRULENCE	NA	NA	BLASTX	1209	1219	98.85	80.02	1211	AUH19662.1	salmochelin/enterobactin export ABC transporter IroC	NA	NA
GCA_009759195.1	NA	WSCF01000001.1	283810	284922	-	iroB	salmochelin biosynthesis C-glycosyltransferase IroB	plus	VIRULENCE	VIRULENCE	NA	NA	BLASTX	371	371	100.00	86.52	371	EOW04219.1	salmochelin biosynthesis C-glycosyltransferase IroB	NA	NA
GCA_009759195.1	NA	WSCF01000002.1	189802	190497	-	lpfB	long polar fimbrial chaperone LpfB	plus	VIRULENCE	VIRULENCE	NA	NA	EXACTX	232	232	100.00	100.00	232	WXV87835.1	long polar fimbrial chaperone LpfB	NA	NA
GCA_009759195.1	NA	WSCF01000006.1	134	2323	+	sinH	intimin-like inverse autotransporter SinH	plus	VIRULENCE	VIRULENCE	NA	NA	BLASTX	730	730	100.00	99.73	730	AAL21411.1	intimin-like inverse autotransporter SinH	NA	NA
GCA_009759195.1	NA	WSCF01000007.1	408137	408598	-	golS	Au(I) sensor transcriptional regulator GolS	plus	STRESS	METAL	GOLD	GOLD	EXACTX	154	154	100.00	100.00	154	AAL19308.1	Au(I) sensor transcriptional regulator GolS	NA	NA
GCA_009759195.1	NA	WSCF01000007.1	408613	410898	-	golT	gold/copper-translocating P-type ATPase GolT	plus	STRESS	METAL	COPPER/GOLD	COPPER/GOLD	BLASTX	762	762	100.00	99.61	762	AAL19307.1	gold/copper-translocating P-type ATPase GolT	NA	NA
GCA_009759195.1	NA	WSCF01000007.1	411175	412398	+	mdsA	multidrug efflux RND transporter periplasmic adaptor subunit MdsA	plus	AMR	AMR	EFFLUX	EFFLUX	BLASTX	408	408	100.00	98.28	408	AAL19306.1	multidrug efflux RND transporter periplasmic adaptor subunit MdsA	NA	NA
GCA_009759195.1	NA	WSCF01000007.1	412398	415562	+	mdsB	multidrug efflux RND transporter permease subunit MdsB	plus	AMR	AMR	EFFLUX	EFFLUX	BLASTX	1055	1055	100.00	99.62	1055	AAL19305.1	multidrug efflux RND transporter permease subunit MdsB	NA	NA
GCA_009759195.1	NA	WSCF01000010.1	184033	184563	-	sodC1	superoxide dismutase [Cu-Zn] SodC1	plus	VIRULENCE	VIRULENCE	NA	NA	EXACTX	177	177	100.00	100.00	177	AAL19978.1	superoxide dismutase [Cu-Zn] SodC1	NA	NA
GCA_009759195.1	NA	WSCF01000011.1	1	2181	+	sspH2	SPI-2 type III secretion system effector E3 ubiquitin transferase SspH2	plus	VIRULENCE	VIRULENCE	NA	NA	BLASTX	727	788	92.26	99.31	727	QJV46475.1	SPI-2 type III secretion system effector E3 ubiquitin transferase SspH2	NA	NA
GCA_009759195.1	NA	WSCF01000011.1	101097	102140	-	sseK2	type III secretion system effector arginine glycosyltransferase SseK2	plus	VIRULENCE	VIRULENCE	NA	NA	BLASTX	348	348	100.00	98.28	348	AAL21040.1	type III secretion system effector arginine glycosyltransferase SseK2	NA	NA
GCA_009759225.1	NA	WSCA01000001.1	408986	409447	-	golS	Au(I) sensor transcriptional regulator GolS	plus	STRESS	METAL	GOLD	GOLD	EXACTX	154	154	100.00	100.00	154	AAL19308.1	Au(I) sensor transcriptional regulator GolS	NA	NA
GCA_009759225.1	NA	WSCA01000001.1	409462	411747	-	golT	gold/copper-translocating P-type ATPase GolT	plus	STRESS	METAL	COPPER/GOLD	COPPER/GOLD	BLASTX	762	762	100.00	99.61	762	AAL19307.1	gold/copper-translocating P-type ATPase GolT	NA	NA
GCA_009759225.1	NA	WSCA01000001.1	412024	413247	+	mdsA	multidrug efflux RND transporter periplasmic adaptor subunit MdsA	plus	AMR	AMR	EFFLUX	EFFLUX	BLASTX	408	408	100.00	98.28	408	AAL19306.1	multidrug efflux RND transporter periplasmic adaptor subunit MdsA	NA	NA
GCA_009759225.1	NA	WSCA01000001.1	413247	416411	+	mdsB	multidrug efflux RND transporter permease subunit MdsB	plus	AMR	AMR	EFFLUX	EFFLUX	BLASTX	1055	1055	100.00	99.62	1055	AAL19305.1	multidrug efflux RND transporter permease subunit MdsB	NA	NA
GCA_009759225.1	NA	WSCA01000004.1	762596	763126	+	sodC1	superoxide dismutase [Cu-Zn] SodC1	plus	VIRULENCE	VIRULENCE	NA	NA	EXACTX	177	177	100.00	100.00	177	AAL19978.1	superoxide dismutase [Cu-Zn] SodC1	NA	NA
GCA_009759225.1	NA	WSCA01000012.1	189743	190438	-	lpfB	long polar fimbrial chaperone LpfB	plus	VIRULENCE	VIRULENCE	NA	NA	EXACTX	232	232	100.00	100.00	232	WXV87835.1	long polar fimbrial chaperone LpfB	NA	NA
GCA_009759225.1	NA	WSCA01000015.1	4509	6872	+	sspH2	SPI-2 type III secretion system effector E3 ubiquitin transferase SspH2	plus	VIRULENCE	VIRULENCE	NA	NA	BLASTX	788	788	100.00	99.37	788	QJV46475.1	SPI-2 type III secretion system effector E3 ubiquitin transferase SspH2	NA	NA
GCA_009759225.1	NA	WSCA01000015.1	105788	106831	-	sseK2	type III secretion system effector arginine glycosyltransferase SseK2	plus	VIRULENCE	VIRULENCE	NA	NA	BLASTX	348	348	100.00	98.28	348	AAL21040.1	type III secretion system effector arginine glycosyltransferase SseK2	NA	NA
GCA_009759225.1	NA	WSCA01000016.1	630	1742	+	iroB	salmochelin biosynthesis C-glycosyltransferase IroB	plus	VIRULENCE	VIRULENCE	NA	NA	BLASTX	371	371	100.00	86.52	371	EOW04219.1	salmochelin biosynthesis C-glycosyltransferase IroB	NA	NA
GCA_009759225.1	NA	WSCA01000016.1	1826	5452	+	iroC	salmochelin/enterobactin export ABC transporter IroC	plus	VIRULENCE	VIRULENCE	NA	NA	BLASTX	1209	1219	98.85	80.02	1211	AUH19662.1	salmochelin/enterobactin export ABC transporter IroC	NA	NA
GCA_009759225.1	NA	WSCA01000016.1	94020	94925	-	avrA	type III secretion system YopJ family effector AvrA	plus	VIRULENCE	VIRULENCE	NA	NA	BLASTX	302	302	100.00	99.34	302	AAL21745.1	type III secretion system YopJ family effector AvrA	NA	NA
GCA_009759225.1	NA	WSCA01000016.1	122521	124575	-	invA	type III secretion system export apparatus protein InvA	plus	VIRULENCE	VIRULENCE	NA	NA	EXACTX	685	685	100.00	100.00	685	WXW86397.1	type III secretion system export apparatus protein InvA	NA	NA
GCA_009759225.1	NA	WSCA01000018.1	25840	26310	+	dfrA1	trimethoprim-resistant dihydrofolate reductase DfrA1	core	AMR	AMR	TRIMETHOPRIM	TRIMETHOPRIM	EXACTX	157	157	100.00	100.00	157	WP_000777555.1	trimethoprim-resistant dihydrofolate reductase DfrA1	NA	NA
GCA_009759225.1	NA	WSCA01000018.1	26860	27717	-	blaTEM-1	broad-spectrum class A beta-lactamase TEM-1	core	AMR	AMR	BETA-LACTAM	BETA-LACTAM	ALLELEX	286	286	100.00	100.00	286	WP_000027057.1	broad-spectrum class A beta-lactamase TEM-1	NA	NA
GCA_009759225.1	NA	WSCA01000018.1	32540	33352	+	sul2	sulfonamide-resistant dihydropteroate synthase Sul2	core	AMR	AMR	SULFONAMIDE	SULFONAMIDE	EXACTX	271	271	100.00	100.00	271	WP_001043260.1	sulfonamide-resistant dihydropteroate synthase Sul2	NA	NA
GCA_009759225.1	NA	WSCA01000019.1	17191	19380	-	sinH	intimin-like inverse autotransporter SinH	plus	VIRULENCE	VIRULENCE	NA	NA	BLASTX	730	730	100.00	99.73	730	AAL21411.1	intimin-like inverse autotransporter SinH	NA	NA
GCA_009759225.1	NA	WSCA01000029.1	25023	25670	+	spvD	SPI-2 type III secretion system effector cysteine hydrolase SpvD	plus	VIRULENCE	VIRULENCE	NA	NA	BLASTX	216	216	100.00	99.07	216	AAG59626.1	SPI-2 type III secretion system effector cysteine hydrolase SpvD	NA	NA
GCA_009759225.1	NA	WSCA01000039.1	896	1768	+	blaCTX-M-1	extended-spectrum class A beta-lactamase CTX-M-1	core	AMR	AMR	BETA-LACTAM	CEPHALOSPORIN	ALLELEX	291	291	100.00	100.00	291	WP_013188473.1	extended-spectrum class A beta-lactamase CTX-M-1	NA	NA
GCA_009759255.1	NA	WSBX01000001.1	189693	190388	-	lpfB	long polar fimbrial chaperone LpfB	plus	VIRULENCE	VIRULENCE	NA	NA	EXACTX	232	232	100.00	100.00	232	WXV87835.1	long polar fimbrial chaperone LpfB	NA	NA
GCA_009759255.1	NA	WSBX01000003.1	762527	763057	+	sodC1	superoxide dismutase [Cu-Zn] SodC1	plus	VIRULENCE	VIRULENCE	NA	NA	EXACTX	177	177	100.00	100.00	177	AAL19978.1	superoxide dismutase [Cu-Zn] SodC1	NA	NA
GCA_009759255.1	NA	WSBX01000006.1	281797	283851	+	invA	type III secretion system export apparatus protein InvA	plus	VIRULENCE	VIRULENCE	NA	NA	EXACTX	685	685	100.00	100.00	685	WXW86397.1	type III secretion system export apparatus protein InvA	NA	NA
GCA_009759255.1	NA	WSBX01000006.1	311447	312352	+	avrA	type III secretion system YopJ family effector AvrA	plus	VIRULENCE	VIRULENCE	NA	NA	BLASTX	302	302	100.00	99.34	302	AAL21745.1	type III secretion system YopJ family effector AvrA	NA	NA
GCA_009759255.1	NA	WSBX01000006.1	400373	403999	-	iroC	salmochelin/enterobactin export ABC transporter IroC	plus	VIRULENCE	VIRULENCE	NA	NA	BLASTX	1209	1219	98.85	80.02	1211	AUH19662.1	salmochelin/enterobactin export ABC transporter IroC	NA	NA
GCA_009759255.1	NA	WSBX01000006.1	404083	405195	-	iroB	salmochelin biosynthesis C-glycosyltransferase IroB	plus	VIRULENCE	VIRULENCE	NA	NA	BLASTX	371	371	100.00	86.52	371	EOW04219.1	salmochelin biosynthesis C-glycosyltransferase IroB	NA	NA
GCA_009759255.1	NA	WSBX01000010.1	119386	121575	+	sinH	intimin-like inverse autotransporter SinH	plus	VIRULENCE	VIRULENCE	NA	NA	BLASTX	730	730	100.00	99.73	730	AAL21411.1	intimin-like inverse autotransporter SinH	NA	NA
GCA_009759255.1	NA	WSBX01000012.1	4232	6595	+	sspH2	SPI-2 type III secretion system effector E3 ubiquitin transferase SspH2	plus	VIRULENCE	VIRULENCE	NA	NA	BLASTX	788	788	100.00	99.37	788	QJV46475.1	SPI-2 type III secretion system effector E3 ubiquitin transferase SspH2	NA	NA
GCA_009759255.1	NA	WSBX01000012.1	105511	106554	-	sseK2	type III secretion system effector arginine glycosyltransferase SseK2	plus	VIRULENCE	VIRULENCE	NA	NA	BLASTX	348	348	100.00	98.28	348	AAL21040.1	type III secretion system effector arginine glycosyltransferase SseK2	NA	NA
GCA_009759255.1	NA	WSBX01000013.1	26122	26769	+	spvD	SPI-2 type III secretion system effector cysteine hydrolase SpvD	plus	VIRULENCE	VIRULENCE	NA	NA	BLASTX	216	216	100.00	99.07	216	AAG59626.1	SPI-2 type III secretion system effector cysteine hydrolase SpvD	NA	NA
GCA_009759255.1	NA	WSBX01000016.1	36328	36789	-	golS	Au(I) sensor transcriptional regulator GolS	plus	STRESS	METAL	GOLD	GOLD	EXACTX	154	154	100.00	100.00	154	AAL19308.1	Au(I) sensor transcriptional regulator GolS	NA	NA
GCA_009759255.1	NA	WSBX01000016.1	36804	39089	-	golT	gold/copper-translocating P-type ATPase GolT	plus	STRESS	METAL	COPPER/GOLD	COPPER/GOLD	BLASTX	762	762	100.00	99.61	762	AAL19307.1	gold/copper-translocating P-type ATPase GolT	NA	NA
GCA_009759255.1	NA	WSBX01000016.1	39366	40589	+	mdsA	multidrug efflux RND transporter periplasmic adaptor subunit MdsA	plus	AMR	AMR	EFFLUX	EFFLUX	BLASTX	408	408	100.00	98.04	408	AAL19306.1	multidrug efflux RND transporter periplasmic adaptor subunit MdsA	NA	NA
GCA_009759255.1	NA	WSBX01000016.1	40589	43753	+	mdsB	multidrug efflux RND transporter permease subunit MdsB	plus	AMR	AMR	EFFLUX	EFFLUX	BLASTX	1055	1055	100.00	99.62	1055	AAL19305.1	multidrug efflux RND transporter permease subunit MdsB	NA	NA
GCA_009759265.1	NA	WSBV01000001.1	160756	162810	+	invA	type III secretion system export apparatus protein InvA	plus	VIRULENCE	VIRULENCE	NA	NA	EXACTX	685	685	100.00	100.00	685	WXW86397.1	type III secretion system export apparatus protein InvA	NA	NA
GCA_009759265.1	NA	WSBV01000001.1	190406	191311	+	avrA	type III secretion system YopJ family effector AvrA	plus	VIRULENCE	VIRULENCE	NA	NA	BLASTX	302	302	100.00	99.34	302	AAL21745.1	type III secretion system YopJ family effector AvrA	NA	NA
GCA_009759265.1	NA	WSBV01000001.1	279879	283505	-	iroC	salmochelin/enterobactin export ABC transporter IroC	plus	VIRULENCE	VIRULENCE	NA	NA	BLASTX	1209	1219	98.85	80.02	1211	AUH19662.1	salmochelin/enterobactin export ABC transporter IroC	NA	NA
GCA_009759265.1	NA	WSBV01000001.1	283589	284701	-	iroB	salmochelin biosynthesis C-glycosyltransferase IroB	plus	VIRULENCE	VIRULENCE	NA	NA	BLASTX	371	371	100.00	86.52	371	EOW04219.1	salmochelin biosynthesis C-glycosyltransferase IroB	NA	NA
GCA_009759265.1	NA	WSBV01000002.1	389967	391010	+	sseK2	type III secretion system effector arginine glycosyltransferase SseK2	plus	VIRULENCE	VIRULENCE	NA	NA	BLASTX	348	348	100.00	98.28	348	AAL21040.1	type III secretion system effector arginine glycosyltransferase SseK2	NA	NA
GCA_009759265.1	NA	WSBV01000002.1	489926	492289	-	sspH2	SPI-2 type III secretion system effector E3 ubiquitin transferase SspH2	plus	VIRULENCE	VIRULENCE	NA	NA	BLASTX	788	788	100.00	99.37	788	QJV46475.1	SPI-2 type III secretion system effector E3 ubiquitin transferase SspH2	NA	NA
GCA_009759265.1	NA	WSBV01000006.1	483949	484410	-	golS	Au(I) sensor transcriptional regulator GolS	plus	STRESS	METAL	GOLD	GOLD	EXACTX	154	154	100.00	100.00	154	AAL19308.1	Au(I) sensor transcriptional regulator GolS	NA	NA
GCA_009759265.1	NA	WSBV01000006.1	484425	486710	-	golT	gold/copper-translocating P-type ATPase GolT	plus	STRESS	METAL	COPPER/GOLD	COPPER/GOLD	BLASTX	762	762	100.00	99.61	762	AAL19307.1	gold/copper-translocating P-type ATPase GolT	NA	NA
GCA_009759265.1	NA	WSBV01000006.1	486987	488210	+	mdsA	multidrug efflux RND transporter periplasmic adaptor subunit MdsA	plus	AMR	AMR	EFFLUX	EFFLUX	BLASTX	408	408	100.00	98.28	408	AAL19306.1	multidrug efflux RND transporter periplasmic adaptor subunit MdsA	NA	NA
GCA_009759265.1	NA	WSBV01000006.1	488210	491374	+	mdsB	multidrug efflux RND transporter permease subunit MdsB	plus	AMR	AMR	EFFLUX	EFFLUX	BLASTX	1055	1055	100.00	99.62	1055	AAL19305.1	multidrug efflux RND transporter permease subunit MdsB	NA	NA
GCA_009759265.1	NA	WSBV01000012.1	189731	190426	-	lpfB	long polar fimbrial chaperone LpfB	plus	VIRULENCE	VIRULENCE	NA	NA	EXACTX	232	232	100.00	100.00	232	WXV87835.1	long polar fimbrial chaperone LpfB	NA	NA
GCA_009759265.1	NA	WSBV01000014.1	119386	121575	+	sinH	intimin-like inverse autotransporter SinH	plus	VIRULENCE	VIRULENCE	NA	NA	BLASTX	730	730	100.00	99.73	730	AAL21411.1	intimin-like inverse autotransporter SinH	NA	NA
GCA_009759265.1	NA	WSBV01000015.1	441135	441665	+	sodC1	superoxide dismutase [Cu-Zn] SodC1	plus	VIRULENCE	VIRULENCE	NA	NA	EXACTX	177	177	100.00	100.00	177	AAL19978.1	superoxide dismutase [Cu-Zn] SodC1	NA	NA
GCA_009759265.1	NA	WSBV01000022.1	30082	30729	-	spvD	SPI-2 type III secretion system effector cysteine hydrolase SpvD	plus	VIRULENCE	VIRULENCE	NA	NA	BLASTX	216	216	100.00	99.07	216	AAG59626.1	SPI-2 type III secretion system effector cysteine hydrolase SpvD	NA	NA
GCA_009759285.1	NA	WSBW01000001.1	481316	483370	+	invA	type III secretion system export apparatus protein InvA	plus	VIRULENCE	VIRULENCE	NA	NA	EXACTX	685	685	100.00	100.00	685	WXW86397.1	type III secretion system export apparatus protein InvA	NA	NA
GCA_009759285.1	NA	WSBW01000001.1	510966	511871	+	avrA	type III secretion system YopJ family effector AvrA	plus	VIRULENCE	VIRULENCE	NA	NA	BLASTX	302	302	100.00	99.34	302	AAL21745.1	type III secretion system YopJ family effector AvrA	NA	NA
GCA_009759285.1	NA	WSBW01000001.1	600439	604065	-	iroC	salmochelin/enterobactin export ABC transporter IroC	plus	VIRULENCE	VIRULENCE	NA	NA	BLASTX	1209	1219	98.85	80.02	1211	AUH19662.1	salmochelin/enterobactin export ABC transporter IroC	NA	NA
GCA_009759285.1	NA	WSBW01000001.1	604149	605261	-	iroB	salmochelin biosynthesis C-glycosyltransferase IroB	plus	VIRULENCE	VIRULENCE	NA	NA	BLASTX	371	371	100.00	86.52	371	EOW04219.1	salmochelin biosynthesis C-glycosyltransferase IroB	NA	NA
GCA_009759285.1	NA	WSBW01000003.1	4509	6872	+	sspH2	SPI-2 type III secretion system effector E3 ubiquitin transferase SspH2	plus	VIRULENCE	VIRULENCE	NA	NA	BLASTX	788	788	100.00	99.37	788	QJV46475.1	SPI-2 type III secretion system effector E3 ubiquitin transferase SspH2	NA	NA
GCA_009759285.1	NA	WSBW01000003.1	105788	106831	-	sseK2	type III secretion system effector arginine glycosyltransferase SseK2	plus	VIRULENCE	VIRULENCE	NA	NA	BLASTX	348	348	100.00	98.28	348	AAL21040.1	type III secretion system effector arginine glycosyltransferase SseK2	NA	NA
GCA_009759285.1	NA	WSBW01000005.1	30478	31008	-	sodC1	superoxide dismutase [Cu-Zn] SodC1	plus	VIRULENCE	VIRULENCE	NA	NA	EXACTX	177	177	100.00	100.00	177	AAL19978.1	superoxide dismutase [Cu-Zn] SodC1	NA	NA
GCA_009759285.1	NA	WSBW01000006.1	62731	64920	-	sinH	intimin-like inverse autotransporter SinH	plus	VIRULENCE	VIRULENCE	NA	NA	BLASTX	730	730	100.00	99.73	730	AAL21411.1	intimin-like inverse autotransporter SinH	NA	NA
GCA_009759285.1	NA	WSBW01000012.1	131896	132591	+	lpfB	long polar fimbrial chaperone LpfB	plus	VIRULENCE	VIRULENCE	NA	NA	EXACTX	232	232	100.00	100.00	232	WXV87835.1	long polar fimbrial chaperone LpfB	NA	NA
GCA_009759285.1	NA	WSBW01000018.1	36182	36643	-	golS	Au(I) sensor transcriptional regulator GolS	plus	STRESS	METAL	GOLD	GOLD	EXACTX	154	154	100.00	100.00	154	AAL19308.1	Au(I) sensor transcriptional regulator GolS	NA	NA
GCA_009759285.1	NA	WSBW01000018.1	36658	38943	-	golT	gold/copper-translocating P-type ATPase GolT	plus	STRESS	METAL	COPPER/GOLD	COPPER/GOLD	BLASTX	762	762	100.00	99.61	762	AAL19307.1	gold/copper-translocating P-type ATPase GolT	NA	NA
GCA_009759285.1	NA	WSBW01000018.1	39220	40443	+	mdsA	multidrug efflux RND transporter periplasmic adaptor subunit MdsA	plus	AMR	AMR	EFFLUX	EFFLUX	BLASTX	408	408	100.00	98.28	408	AAL19306.1	multidrug efflux RND transporter periplasmic adaptor subunit MdsA	NA	NA
GCA_009759285.1	NA	WSBW01000018.1	40443	43607	+	mdsB	multidrug efflux RND transporter permease subunit MdsB	plus	AMR	AMR	EFFLUX	EFFLUX	BLASTX	1055	1055	100.00	99.62	1055	AAL19305.1	multidrug efflux RND transporter permease subunit MdsB	NA	NA
GCA_009759285.1	NA	WSBW01000021.1	25023	25670	+	spvD	SPI-2 type III secretion system effector cysteine hydrolase SpvD	plus	VIRULENCE	VIRULENCE	NA	NA	BLASTX	216	216	100.00	99.07	216	AAG59626.1	SPI-2 type III secretion system effector cysteine hydrolase SpvD	NA	NA
GCA_009759295.1	NA	WSBS01000001.1	30478	31008	-	sodC1	superoxide dismutase [Cu-Zn] SodC1	plus	VIRULENCE	VIRULENCE	NA	NA	EXACTX	177	177	100.00	100.00	177	AAL19978.1	superoxide dismutase [Cu-Zn] SodC1	NA	NA
GCA_009759295.1	NA	WSBS01000002.1	85964	86611	-	spvD	SPI-2 type III secretion system effector cysteine hydrolase SpvD	plus	VIRULENCE	VIRULENCE	NA	NA	BLASTX	216	216	100.00	99.07	216	AAG59626.1	SPI-2 type III secretion system effector cysteine hydrolase SpvD	NA	NA
GCA_009759295.1	NA	WSBS01000003.1	131896	132591	+	lpfB	long polar fimbrial chaperone LpfB	plus	VIRULENCE	VIRULENCE	NA	NA	EXACTX	232	232	100.00	100.00	232	WXV87835.1	long polar fimbrial chaperone LpfB	NA	NA
GCA_009759295.1	NA	WSBS01000007.1	328197	328658	-	golS	Au(I) sensor transcriptional regulator GolS	plus	STRESS	METAL	GOLD	GOLD	EXACTX	154	154	100.00	100.00	154	AAL19308.1	Au(I) sensor transcriptional regulator GolS	NA	NA
GCA_009759295.1	NA	WSBS01000007.1	328673	330958	-	golT	gold/copper-translocating P-type ATPase GolT	plus	STRESS	METAL	COPPER/GOLD	COPPER/GOLD	BLASTX	762	762	100.00	99.61	762	AAL19307.1	gold/copper-translocating P-type ATPase GolT	NA	NA
GCA_009759295.1	NA	WSBS01000007.1	331235	332458	+	mdsA	multidrug efflux RND transporter periplasmic adaptor subunit MdsA	plus	AMR	AMR	EFFLUX	EFFLUX	BLASTX	408	408	100.00	98.28	408	AAL19306.1	multidrug efflux RND transporter periplasmic adaptor subunit MdsA	NA	NA
GCA_009759295.1	NA	WSBS01000007.1	332458	335622	+	mdsB	multidrug efflux RND transporter permease subunit MdsB	plus	AMR	AMR	EFFLUX	EFFLUX	BLASTX	1055	1055	100.00	99.62	1055	AAL19305.1	multidrug efflux RND transporter permease subunit MdsB	NA	NA
GCA_009759295.1	NA	WSBS01000009.1	389968	391011	+	sseK2	type III secretion system effector arginine glycosyltransferase SseK2	plus	VIRULENCE	VIRULENCE	NA	NA	BLASTX	348	348	100.00	98.28	348	AAL21040.1	type III secretion system effector arginine glycosyltransferase SseK2	NA	NA
GCA_009759295.1	NA	WSBS01000009.1	489927	492290	-	sspH2	SPI-2 type III secretion system effector E3 ubiquitin transferase SspH2	plus	VIRULENCE	VIRULENCE	NA	NA	BLASTX	788	788	100.00	99.37	788	QJV46475.1	SPI-2 type III secretion system effector E3 ubiquitin transferase SspH2	NA	NA
GCA_009759295.1	NA	WSBS01000012.1	17375	19564	-	sinH	intimin-like inverse autotransporter SinH	plus	VIRULENCE	VIRULENCE	NA	NA	BLASTX	730	730	100.00	99.73	730	AAL21411.1	intimin-like inverse autotransporter SinH	NA	NA
GCA_009759295.1	NA	WSBS01000014.1	56044	58098	+	invA	type III secretion system export apparatus protein InvA	plus	VIRULENCE	VIRULENCE	NA	NA	EXACTX	685	685	100.00	100.00	685	WXW86397.1	type III secretion system export apparatus protein InvA	NA	NA
GCA_009759295.1	NA	WSBS01000014.1	85694	86599	+	avrA	type III secretion system YopJ family effector AvrA	plus	VIRULENCE	VIRULENCE	NA	NA	BLASTX	302	302	100.00	99.34	302	AAL21745.1	type III secretion system YopJ family effector AvrA	NA	NA
GCA_009759295.1	NA	WSBS01000014.1	175167	178793	-	iroC	salmochelin/enterobactin export ABC transporter IroC	plus	VIRULENCE	VIRULENCE	NA	NA	BLASTX	1209	1219	98.85	80.02	1211	AUH19662.1	salmochelin/enterobactin export ABC transporter IroC	NA	NA
GCA_009759295.1	NA	WSBS01000014.1	178877	179989	-	iroB	salmochelin biosynthesis C-glycosyltransferase IroB	plus	VIRULENCE	VIRULENCE	NA	NA	BLASTX	371	371	100.00	86.52	371	EOW04219.1	salmochelin biosynthesis C-glycosyltransferase IroB	NA	NA
GCA_009759305.1	NA	WSBT01000002.1	60612	61655	-	sseK2	type III secretion system effector arginine glycosyltransferase SseK2	plus	VIRULENCE	VIRULENCE	NA	NA	BLASTX	348	348	100.00	98.28	348	AAL21040.1	type III secretion system effector arginine glycosyltransferase SseK2	NA	NA
GCA_009759305.1	NA	WSBT01000003.1	356074	356535	-	golS	Au(I) sensor transcriptional regulator GolS	plus	STRESS	METAL	GOLD	GOLD	EXACTX	154	154	100.00	100.00	154	AAL19308.1	Au(I) sensor transcriptional regulator GolS	NA	NA
GCA_009759305.1	NA	WSBT01000003.1	356550	358835	-	golT	gold/copper-translocating P-type ATPase GolT	plus	STRESS	METAL	COPPER/GOLD	COPPER/GOLD	BLASTX	762	762	100.00	99.61	762	AAL19307.1	gold/copper-translocating P-type ATPase GolT	NA	NA
GCA_009759305.1	NA	WSBT01000003.1	359112	360335	+	mdsA	multidrug efflux RND transporter periplasmic adaptor subunit MdsA	plus	AMR	AMR	EFFLUX	EFFLUX	BLASTX	408	408	100.00	98.28	408	AAL19306.1	multidrug efflux RND transporter periplasmic adaptor subunit MdsA	NA	NA
GCA_009759305.1	NA	WSBT01000003.1	360335	363499	+	mdsB	multidrug efflux RND transporter permease subunit MdsB	plus	AMR	AMR	EFFLUX	EFFLUX	BLASTX	1055	1055	100.00	99.62	1055	AAL19305.1	multidrug efflux RND transporter permease subunit MdsB	NA	NA
GCA_009759305.1	NA	WSBT01000004.1	630	1742	+	iroB	salmochelin biosynthesis C-glycosyltransferase IroB	plus	VIRULENCE	VIRULENCE	NA	NA	BLASTX	371	371	100.00	86.52	371	EOW04219.1	salmochelin biosynthesis C-glycosyltransferase IroB	NA	NA
GCA_009759305.1	NA	WSBT01000004.1	1826	5452	+	iroC	salmochelin/enterobactin export ABC transporter IroC	plus	VIRULENCE	VIRULENCE	NA	NA	BLASTX	1209	1219	98.85	80.02	1211	AUH19662.1	salmochelin/enterobactin export ABC transporter IroC	NA	NA
GCA_009759305.1	NA	WSBT01000004.1	93881	94786	-	avrA	type III secretion system YopJ family effector AvrA	plus	VIRULENCE	VIRULENCE	NA	NA	BLASTX	302	302	100.00	99.34	302	AAL21745.1	type III secretion system YopJ family effector AvrA	NA	NA
GCA_009759305.1	NA	WSBT01000004.1	122382	124436	-	invA	type III secretion system export apparatus protein InvA	plus	VIRULENCE	VIRULENCE	NA	NA	EXACTX	685	685	100.00	100.00	685	WXW86397.1	type III secretion system export apparatus protein InvA	NA	NA
GCA_009759305.1	NA	WSBT01000006.1	930	1625	+	lpfB	long polar fimbrial chaperone LpfB	plus	VIRULENCE	VIRULENCE	NA	NA	EXACTX	232	232	100.00	100.00	232	WXV87835.1	long polar fimbrial chaperone LpfB	NA	NA
GCA_009759305.1	NA	WSBT01000013.1	30478	31008	-	sodC1	superoxide dismutase [Cu-Zn] SodC1	plus	VIRULENCE	VIRULENCE	NA	NA	EXACTX	177	177	100.00	100.00	177	AAL19978.1	superoxide dismutase [Cu-Zn] SodC1	NA	NA
GCA_009759305.1	NA	WSBT01000017.1	17121	19310	-	sinH	intimin-like inverse autotransporter SinH	plus	VIRULENCE	VIRULENCE	NA	NA	BLASTX	730	730	100.00	99.73	730	AAL21411.1	intimin-like inverse autotransporter SinH	NA	NA
GCA_009759305.1	NA	WSBT01000032.1	25023	25670	+	spvD	SPI-2 type III secretion system effector cysteine hydrolase SpvD	plus	VIRULENCE	VIRULENCE	NA	NA	BLASTX	216	216	100.00	99.07	216	AAG59626.1	SPI-2 type III secretion system effector cysteine hydrolase SpvD	NA	NA
GCA_009759355.1	NA	WSBQ01000001.1	184000	184695	+	lpfB	long polar fimbrial chaperone LpfB	plus	VIRULENCE	VIRULENCE	NA	NA	EXACTX	232	232	100.00	100.00	232	WXV87835.1	long polar fimbrial chaperone LpfB	NA	NA
GCA_009759355.1	NA	WSBQ01000008.1	107313	109502	-	sinH	intimin-like inverse autotransporter SinH	plus	VIRULENCE	VIRULENCE	NA	NA	BLASTX	730	730	100.00	99.73	730	AAL21411.1	intimin-like inverse autotransporter SinH	NA	NA
GCA_009759355.1	NA	WSBQ01000010.1	481316	483370	+	invA	type III secretion system export apparatus protein InvA	plus	VIRULENCE	VIRULENCE	NA	NA	EXACTX	685	685	100.00	100.00	685	WXW86397.1	type III secretion system export apparatus protein InvA	NA	NA
GCA_009759355.1	NA	WSBQ01000010.1	510966	511871	+	avrA	type III secretion system YopJ family effector AvrA	plus	VIRULENCE	VIRULENCE	NA	NA	BLASTX	302	302	100.00	99.34	302	AAL21745.1	type III secretion system YopJ family effector AvrA	NA	NA
GCA_009759355.1	NA	WSBQ01000010.1	600439	604065	-	iroC	salmochelin/enterobactin export ABC transporter IroC	plus	VIRULENCE	VIRULENCE	NA	NA	BLASTX	1209	1219	98.85	80.02	1211	AUH19662.1	salmochelin/enterobactin export ABC transporter IroC	NA	NA
GCA_009759355.1	NA	WSBQ01000010.1	604149	605261	-	iroB	salmochelin biosynthesis C-glycosyltransferase IroB	plus	VIRULENCE	VIRULENCE	NA	NA	BLASTX	371	371	100.00	86.52	371	EOW04219.1	salmochelin biosynthesis C-glycosyltransferase IroB	NA	NA
GCA_009759355.1	NA	WSBQ01000011.1	328197	328658	-	golS	Au(I) sensor transcriptional regulator GolS	plus	STRESS	METAL	GOLD	GOLD	EXACTX	154	154	100.00	100.00	154	AAL19308.1	Au(I) sensor transcriptional regulator GolS	NA	NA
GCA_009759355.1	NA	WSBQ01000011.1	328673	330958	-	golT	gold/copper-translocating P-type ATPase GolT	plus	STRESS	METAL	COPPER/GOLD	COPPER/GOLD	BLASTX	762	762	100.00	99.61	762	AAL19307.1	gold/copper-translocating P-type ATPase GolT	NA	NA
GCA_009759355.1	NA	WSBQ01000011.1	331235	332458	+	mdsA	multidrug efflux RND transporter periplasmic adaptor subunit MdsA	plus	AMR	AMR	EFFLUX	EFFLUX	BLASTX	408	408	100.00	98.28	408	AAL19306.1	multidrug efflux RND transporter periplasmic adaptor subunit MdsA	NA	NA
GCA_009759355.1	NA	WSBQ01000011.1	332458	335622	+	mdsB	multidrug efflux RND transporter permease subunit MdsB	plus	AMR	AMR	EFFLUX	EFFLUX	BLASTX	1055	1055	100.00	99.62	1055	AAL19305.1	multidrug efflux RND transporter permease subunit MdsB	NA	NA
GCA_009759355.1	NA	WSBQ01000016.1	30478	31008	-	sodC1	superoxide dismutase [Cu-Zn] SodC1	plus	VIRULENCE	VIRULENCE	NA	NA	EXACTX	177	177	100.00	100.00	177	AAL19978.1	superoxide dismutase [Cu-Zn] SodC1	NA	NA
GCA_009759355.1	NA	WSBQ01000017.1	4509	6872	+	sspH2	SPI-2 type III secretion system effector E3 ubiquitin transferase SspH2	plus	VIRULENCE	VIRULENCE	NA	NA	BLASTX	788	788	100.00	99.37	788	QJV46475.1	SPI-2 type III secretion system effector E3 ubiquitin transferase SspH2	NA	NA
GCA_009759355.1	NA	WSBQ01000017.1	105788	106831	-	sseK2	type III secretion system effector arginine glycosyltransferase SseK2	plus	VIRULENCE	VIRULENCE	NA	NA	BLASTX	348	348	100.00	98.28	348	AAL21040.1	type III secretion system effector arginine glycosyltransferase SseK2	NA	NA
GCA_009759355.1	NA	WSBQ01000019.1	25023	25670	+	spvD	SPI-2 type III secretion system effector cysteine hydrolase SpvD	plus	VIRULENCE	VIRULENCE	NA	NA	BLASTX	216	216	100.00	99.07	216	AAG59626.1	SPI-2 type III secretion system effector cysteine hydrolase SpvD	NA	NA
GCA_009759365.1	NA	WSBO01000002.1	30477	31007	-	sodC1	superoxide dismutase [Cu-Zn] SodC1	plus	VIRULENCE	VIRULENCE	NA	NA	EXACTX	177	177	100.00	100.00	177	AAL19978.1	superoxide dismutase [Cu-Zn] SodC1	NA	NA
GCA_009759365.1	NA	WSBO01000005.1	4508	6871	+	sspH2	SPI-2 type III secretion system effector E3 ubiquitin transferase SspH2	plus	VIRULENCE	VIRULENCE	NA	NA	BLASTX	788	788	100.00	99.37	788	QJV46475.1	SPI-2 type III secretion system effector E3 ubiquitin transferase SspH2	NA	NA
GCA_009759365.1	NA	WSBO01000005.1	105787	106830	-	sseK2	type III secretion system effector arginine glycosyltransferase SseK2	plus	VIRULENCE	VIRULENCE	NA	NA	BLASTX	348	348	100.00	98.28	348	AAL21040.1	type III secretion system effector arginine glycosyltransferase SseK2	NA	NA
GCA_009759365.1	NA	WSBO01000006.1	42267	45431	-	mdsB	multidrug efflux RND transporter permease subunit MdsB	plus	AMR	AMR	EFFLUX	EFFLUX	BLASTX	1055	1055	100.00	99.62	1055	AAL19305.1	multidrug efflux RND transporter permease subunit MdsB	NA	NA
GCA_009759365.1	NA	WSBO01000006.1	45431	46654	-	mdsA	multidrug efflux RND transporter periplasmic adaptor subunit MdsA	plus	AMR	AMR	EFFLUX	EFFLUX	BLASTX	408	408	100.00	98.28	408	AAL19306.1	multidrug efflux RND transporter periplasmic adaptor subunit MdsA	NA	NA
GCA_009759365.1	NA	WSBO01000006.1	46931	49216	+	golT	gold/copper-translocating P-type ATPase GolT	plus	STRESS	METAL	COPPER/GOLD	COPPER/GOLD	BLASTX	762	762	100.00	99.61	762	AAL19307.1	gold/copper-translocating P-type ATPase GolT	NA	NA
GCA_009759365.1	NA	WSBO01000006.1	49231	49692	+	golS	Au(I) sensor transcriptional regulator GolS	plus	STRESS	METAL	GOLD	GOLD	EXACTX	154	154	100.00	100.00	154	AAL19308.1	Au(I) sensor transcriptional regulator GolS	NA	NA
GCA_009759365.1	NA	WSBO01000013.1	17120	19309	-	sinH	intimin-like inverse autotransporter SinH	plus	VIRULENCE	VIRULENCE	NA	NA	BLASTX	730	730	100.00	99.73	730	AAL21411.1	intimin-like inverse autotransporter SinH	NA	NA
GCA_009759365.1	NA	WSBO01000015.1	630	1742	+	iroB	salmochelin biosynthesis C-glycosyltransferase IroB	plus	VIRULENCE	VIRULENCE	NA	NA	BLASTX	371	371	100.00	86.52	371	EOW04219.1	salmochelin biosynthesis C-glycosyltransferase IroB	NA	NA
GCA_009759365.1	NA	WSBO01000015.1	1826	5452	+	iroC	salmochelin/enterobactin export ABC transporter IroC	plus	VIRULENCE	VIRULENCE	NA	NA	BLASTX	1209	1219	98.85	80.02	1211	AUH19662.1	salmochelin/enterobactin export ABC transporter IroC	NA	NA
GCA_009759365.1	NA	WSBO01000015.1	93473	94378	-	avrA	type III secretion system YopJ family effector AvrA	plus	VIRULENCE	VIRULENCE	NA	NA	BLASTX	302	302	100.00	99.34	302	AAL21745.1	type III secretion system YopJ family effector AvrA	NA	NA
GCA_009759365.1	NA	WSBO01000015.1	121974	124028	-	invA	type III secretion system export apparatus protein InvA	plus	VIRULENCE	VIRULENCE	NA	NA	EXACTX	685	685	100.00	100.00	685	WXW86397.1	type III secretion system export apparatus protein InvA	NA	NA
GCA_009759365.1	NA	WSBO01000017.1	189765	190460	-	lpfB	long polar fimbrial chaperone LpfB	plus	VIRULENCE	VIRULENCE	NA	NA	EXACTX	232	232	100.00	100.00	232	WXV87835.1	long polar fimbrial chaperone LpfB	NA	NA
GCA_009759365.1	NA	WSBO01000035.1	62128	62751	-	spvD	SPI-2 type III secretion system effector cysteine hydrolase SpvD	plus	VIRULENCE	VIRULENCE	NA	NA	BLASTX	208	216	96.30	99.04	208	AAG59626.1	SPI-2 type III secretion system effector cysteine hydrolase SpvD	NA	NA
GCA_009759385.1	NA	WSBJ01000001.1	4509	6872	+	sspH2	SPI-2 type III secretion system effector E3 ubiquitin transferase SspH2	plus	VIRULENCE	VIRULENCE	NA	NA	BLASTX	788	788	100.00	99.37	788	QJV46475.1	SPI-2 type III secretion system effector E3 ubiquitin transferase SspH2	NA	NA
GCA_009759385.1	NA	WSBJ01000001.1	105788	106831	-	sseK2	type III secretion system effector arginine glycosyltransferase SseK2	plus	VIRULENCE	VIRULENCE	NA	NA	BLASTX	348	348	100.00	98.28	348	AAL21040.1	type III secretion system effector arginine glycosyltransferase SseK2	NA	NA
GCA_009759385.1	NA	WSBJ01000003.1	30478	31008	-	sodC1	superoxide dismutase [Cu-Zn] SodC1	plus	VIRULENCE	VIRULENCE	NA	NA	EXACTX	177	177	100.00	100.00	177	AAL19978.1	superoxide dismutase [Cu-Zn] SodC1	NA	NA
GCA_009759385.1	NA	WSBJ01000005.1	409095	409556	-	golS	Au(I) sensor transcriptional regulator GolS	plus	STRESS	METAL	GOLD	GOLD	EXACTX	154	154	100.00	100.00	154	AAL19308.1	Au(I) sensor transcriptional regulator GolS	NA	NA
GCA_009759385.1	NA	WSBJ01000005.1	409571	411856	-	golT	gold/copper-translocating P-type ATPase GolT	plus	STRESS	METAL	COPPER/GOLD	COPPER/GOLD	BLASTX	762	762	100.00	99.61	762	AAL19307.1	gold/copper-translocating P-type ATPase GolT	NA	NA
GCA_009759385.1	NA	WSBJ01000005.1	412133	413356	+	mdsA	multidrug efflux RND transporter periplasmic adaptor subunit MdsA	plus	AMR	AMR	EFFLUX	EFFLUX	BLASTX	408	408	100.00	98.28	408	AAL19306.1	multidrug efflux RND transporter periplasmic adaptor subunit MdsA	NA	NA
GCA_009759385.1	NA	WSBJ01000005.1	413356	416520	+	mdsB	multidrug efflux RND transporter permease subunit MdsB	plus	AMR	AMR	EFFLUX	EFFLUX	BLASTX	1055	1055	100.00	99.62	1055	AAL19305.1	multidrug efflux RND transporter permease subunit MdsB	NA	NA
GCA_009759385.1	NA	WSBJ01000006.1	189803	190498	-	lpfB	long polar fimbrial chaperone LpfB	plus	VIRULENCE	VIRULENCE	NA	NA	EXACTX	232	232	100.00	100.00	232	WXV87835.1	long polar fimbrial chaperone LpfB	NA	NA
GCA_009759385.1	NA	WSBJ01000014.1	38071	40125	+	invA	type III secretion system export apparatus protein InvA	plus	VIRULENCE	VIRULENCE	NA	NA	EXACTX	685	685	100.00	100.00	685	WXW86397.1	type III secretion system export apparatus protein InvA	NA	NA
GCA_009759385.1	NA	WSBJ01000014.1	67721	68626	+	avrA	type III secretion system YopJ family effector AvrA	plus	VIRULENCE	VIRULENCE	NA	NA	BLASTX	302	302	100.00	99.34	302	AAL21745.1	type III secretion system YopJ family effector AvrA	NA	NA
GCA_009759385.1	NA	WSBJ01000015.1	48882	52508	-	iroC	salmochelin/enterobactin export ABC transporter IroC	plus	VIRULENCE	VIRULENCE	NA	NA	BLASTX	1209	1219	98.85	80.02	1211	AUH19662.1	salmochelin/enterobactin export ABC transporter IroC	NA	NA
GCA_009759385.1	NA	WSBJ01000015.1	52592	53704	-	iroB	salmochelin biosynthesis C-glycosyltransferase IroB	plus	VIRULENCE	VIRULENCE	NA	NA	BLASTX	371	371	100.00	86.52	371	EOW04219.1	salmochelin biosynthesis C-glycosyltransferase IroB	NA	NA
GCA_009759385.1	NA	WSBJ01000024.1	17060	19249	-	sinH	intimin-like inverse autotransporter SinH	plus	VIRULENCE	VIRULENCE	NA	NA	BLASTX	730	730	100.00	99.73	730	AAL21411.1	intimin-like inverse autotransporter SinH	NA	NA
GCA_009759385.1	NA	WSBJ01000027.1	22994	23641	+	spvD	SPI-2 type III secretion system effector cysteine hydrolase SpvD	plus	VIRULENCE	VIRULENCE	NA	NA	BLASTX	216	216	100.00	99.07	216	AAG59626.1	SPI-2 type III secretion system effector cysteine hydrolase SpvD	NA	NA
GCA_009759405.1	NA	WSBP01000001.1	297178	299367	-	sinH	intimin-like inverse autotransporter SinH	plus	VIRULENCE	VIRULENCE	NA	NA	BLASTX	730	730	100.00	99.73	730	AAL21411.1	intimin-like inverse autotransporter SinH	NA	NA
GCA_009759405.1	NA	WSBP01000005.1	189696	190391	-	lpfB	long polar fimbrial chaperone LpfB	plus	VIRULENCE	VIRULENCE	NA	NA	EXACTX	232	232	100.00	100.00	232	WXV87835.1	long polar fimbrial chaperone LpfB	NA	NA
GCA_009759405.1	NA	WSBP01000006.1	762538	763068	+	sodC1	superoxide dismutase [Cu-Zn] SodC1	plus	VIRULENCE	VIRULENCE	NA	NA	EXACTX	177	177	100.00	100.00	177	AAL19978.1	superoxide dismutase [Cu-Zn] SodC1	NA	NA
GCA_009759405.1	NA	WSBP01000008.1	4509	6872	+	sspH2	SPI-2 type III secretion system effector E3 ubiquitin transferase SspH2	plus	VIRULENCE	VIRULENCE	NA	NA	BLASTX	788	788	100.00	99.37	788	QJV46475.1	SPI-2 type III secretion system effector E3 ubiquitin transferase SspH2	NA	NA
GCA_009759405.1	NA	WSBP01000008.1	105788	106831	-	sseK2	type III secretion system effector arginine glycosyltransferase SseK2	plus	VIRULENCE	VIRULENCE	NA	NA	BLASTX	348	348	100.00	98.28	348	AAL21040.1	type III secretion system effector arginine glycosyltransferase SseK2	NA	NA
GCA_009759405.1	NA	WSBP01000009.1	39507	40412	-	avrA	type III secretion system YopJ family effector AvrA	plus	VIRULENCE	VIRULENCE	NA	NA	BLASTX	302	302	100.00	99.34	302	AAL21745.1	type III secretion system YopJ family effector AvrA	NA	NA
GCA_009759405.1	NA	WSBP01000009.1	68008	70062	-	invA	type III secretion system export apparatus protein InvA	plus	VIRULENCE	VIRULENCE	NA	NA	EXACTX	685	685	100.00	100.00	685	WXW86397.1	type III secretion system export apparatus protein InvA	NA	NA
GCA_009759405.1	NA	WSBP01000010.1	630	1742	+	iroB	salmochelin biosynthesis C-glycosyltransferase IroB	plus	VIRULENCE	VIRULENCE	NA	NA	BLASTX	371	371	100.00	86.52	371	EOW04219.1	salmochelin biosynthesis C-glycosyltransferase IroB	NA	NA
GCA_009759405.1	NA	WSBP01000010.1	1826	5452	+	iroC	salmochelin/enterobactin export ABC transporter IroC	plus	VIRULENCE	VIRULENCE	NA	NA	BLASTX	1209	1219	98.85	80.02	1211	AUH19662.1	salmochelin/enterobactin export ABC transporter IroC	NA	NA
GCA_009759405.1	NA	WSBP01000014.1	68773	71937	-	mdsB	multidrug efflux RND transporter permease subunit MdsB	plus	AMR	AMR	EFFLUX	EFFLUX	BLASTX	1055	1055	100.00	99.62	1055	AAL19305.1	multidrug efflux RND transporter permease subunit MdsB	NA	NA
GCA_009759405.1	NA	WSBP01000014.1	71937	73160	-	mdsA	multidrug efflux RND transporter periplasmic adaptor subunit MdsA	plus	AMR	AMR	EFFLUX	EFFLUX	BLASTX	408	408	100.00	98.28	408	AAL19306.1	multidrug efflux RND transporter periplasmic adaptor subunit MdsA	NA	NA
GCA_009759405.1	NA	WSBP01000014.1	73437	75722	+	golT	gold/copper-translocating P-type ATPase GolT	plus	STRESS	METAL	COPPER/GOLD	COPPER/GOLD	BLASTX	762	762	100.00	99.61	762	AAL19307.1	gold/copper-translocating P-type ATPase GolT	NA	NA
GCA_009759405.1	NA	WSBP01000014.1	75737	76198	+	golS	Au(I) sensor transcriptional regulator GolS	plus	STRESS	METAL	GOLD	GOLD	EXACTX	154	154	100.00	100.00	154	AAL19308.1	Au(I) sensor transcriptional regulator GolS	NA	NA
GCA_009759405.1	NA	WSBP01000019.1	61850	62497	-	spvD	SPI-2 type III secretion system effector cysteine hydrolase SpvD	plus	VIRULENCE	VIRULENCE	NA	NA	BLASTX	216	216	100.00	99.07	216	AAG59626.1	SPI-2 type III secretion system effector cysteine hydrolase SpvD	NA	NA
GCA_009759425.1	NA	WSBN01000008.1	68700	71864	-	mdsB	multidrug efflux RND transporter permease subunit MdsB	plus	AMR	AMR	EFFLUX	EFFLUX	BLASTX	1055	1055	100.00	99.62	1055	AAL19305.1	multidrug efflux RND transporter permease subunit MdsB	NA	NA
GCA_009759425.1	NA	WSBN01000008.1	71864	73087	-	mdsA	multidrug efflux RND transporter periplasmic adaptor subunit MdsA	plus	AMR	AMR	EFFLUX	EFFLUX	BLASTX	408	408	100.00	98.28	408	AAL19306.1	multidrug efflux RND transporter periplasmic adaptor subunit MdsA	NA	NA
GCA_009759425.1	NA	WSBN01000008.1	73364	75649	+	golT	gold/copper-translocating P-type ATPase GolT	plus	STRESS	METAL	COPPER/GOLD	COPPER/GOLD	BLASTX	762	762	100.00	99.61	762	AAL19307.1	gold/copper-translocating P-type ATPase GolT	NA	NA
GCA_009759425.1	NA	WSBN01000008.1	75664	76125	+	golS	Au(I) sensor transcriptional regulator GolS	plus	STRESS	METAL	GOLD	GOLD	EXACTX	154	154	100.00	100.00	154	AAL19308.1	Au(I) sensor transcriptional regulator GolS	NA	NA
GCA_009759425.1	NA	WSBN01000009.1	189755	190450	-	lpfB	long polar fimbrial chaperone LpfB	plus	VIRULENCE	VIRULENCE	NA	NA	EXACTX	232	232	100.00	100.00	232	WXV87835.1	long polar fimbrial chaperone LpfB	NA	NA
GCA_009759425.1	NA	WSBN01000010.1	630	1742	+	iroB	salmochelin biosynthesis C-glycosyltransferase IroB	plus	VIRULENCE	VIRULENCE	NA	NA	BLASTX	371	371	100.00	86.52	371	EOW04219.1	salmochelin biosynthesis C-glycosyltransferase IroB	NA	NA
GCA_009759425.1	NA	WSBN01000010.1	1826	5452	+	iroC	salmochelin/enterobactin export ABC transporter IroC	plus	VIRULENCE	VIRULENCE	NA	NA	BLASTX	1209	1219	98.85	80.02	1211	AUH19662.1	salmochelin/enterobactin export ABC transporter IroC	NA	NA
GCA_009759425.1	NA	WSBN01000011.1	239579	240109	+	sodC1	superoxide dismutase [Cu-Zn] SodC1	plus	VIRULENCE	VIRULENCE	NA	NA	EXACTX	177	177	100.00	100.00	177	AAL19978.1	superoxide dismutase [Cu-Zn] SodC1	NA	NA
GCA_009759425.1	NA	WSBN01000014.1	481461	483515	+	invA	type III secretion system export apparatus protein InvA	plus	VIRULENCE	VIRULENCE	NA	NA	EXACTX	685	685	100.00	100.00	685	WXW86397.1	type III secretion system export apparatus protein InvA	NA	NA
GCA_009759425.1	NA	WSBN01000014.1	511111	512016	+	avrA	type III secretion system YopJ family effector AvrA	plus	VIRULENCE	VIRULENCE	NA	NA	BLASTX	302	302	100.00	99.34	302	AAL21745.1	type III secretion system YopJ family effector AvrA	NA	NA
GCA_009759425.1	NA	WSBN01000018.1	156825	157868	+	sseK2	type III secretion system effector arginine glycosyltransferase SseK2	plus	VIRULENCE	VIRULENCE	NA	NA	BLASTX	348	348	100.00	98.28	348	AAL21040.1	type III secretion system effector arginine glycosyltransferase SseK2	NA	NA
GCA_009759425.1	NA	WSBN01000018.1	256784	259147	-	sspH2	SPI-2 type III secretion system effector E3 ubiquitin transferase SspH2	plus	VIRULENCE	VIRULENCE	NA	NA	BLASTX	788	788	100.00	99.37	788	QJV46475.1	SPI-2 type III secretion system effector E3 ubiquitin transferase SspH2	NA	NA
GCA_009759425.1	NA	WSBN01000024.1	107314	109503	-	sinH	intimin-like inverse autotransporter SinH	plus	VIRULENCE	VIRULENCE	NA	NA	BLASTX	730	730	100.00	99.73	730	AAL21411.1	intimin-like inverse autotransporter SinH	NA	NA
GCA_009759425.1	NA	WSBN01000027.1	83944	84591	-	spvD	SPI-2 type III secretion system effector cysteine hydrolase SpvD	plus	VIRULENCE	VIRULENCE	NA	NA	BLASTX	216	216	100.00	99.07	216	AAG59626.1	SPI-2 type III secretion system effector cysteine hydrolase SpvD	NA	NA
GCA_009759455.1	NA	WSBH01000003.1	109642	110325	+	gtgA	type III secretion system effector protease GtgA	plus	VIRULENCE	VIRULENCE	NA	NA	BLASTX	228	228	100.00	98.68	228	CBW17061.1	type III secretion system effector protease GtgA	NA	NA
GCA_009759455.1	NA	WSBH01000005.1	36123	36584	-	golS	Au(I) sensor transcriptional regulator GolS	plus	STRESS	METAL	GOLD	GOLD	EXACTX	154	154	100.00	100.00	154	AAL19308.1	Au(I) sensor transcriptional regulator GolS	NA	NA
GCA_009759455.1	NA	WSBH01000005.1	36599	38884	-	golT	gold/copper-translocating P-type ATPase GolT	plus	STRESS	METAL	COPPER/GOLD	COPPER/GOLD	BLASTX	762	762	100.00	99.48	762	AAL19307.1	gold/copper-translocating P-type ATPase GolT	NA	NA
GCA_009759455.1	NA	WSBH01000005.1	39161	40384	+	mdsA	multidrug efflux RND transporter periplasmic adaptor subunit MdsA	plus	AMR	AMR	EFFLUX	EFFLUX	BLASTX	408	408	100.00	98.04	408	AAL19306.1	multidrug efflux RND transporter periplasmic adaptor subunit MdsA	NA	NA
GCA_009759455.1	NA	WSBH01000005.1	40384	43548	+	mdsB	multidrug efflux RND transporter permease subunit MdsB	plus	AMR	AMR	EFFLUX	EFFLUX	BLASTX	1055	1055	100.00	99.72	1055	AAL19305.1	multidrug efflux RND transporter permease subunit MdsB	NA	NA
GCA_009759455.1	NA	WSBH01000007.1	55202	57256	+	invA	type III secretion system export apparatus protein InvA	plus	VIRULENCE	VIRULENCE	NA	NA	EXACTX	685	685	100.00	100.00	685	WXW86397.1	type III secretion system export apparatus protein InvA	NA	NA
GCA_009759455.1	NA	WSBH01000007.1	84840	85745	+	avrA	type III secretion system YopJ family effector AvrA	plus	VIRULENCE	VIRULENCE	NA	NA	INTERNAL_STOP	302	302	100.00	99.01	302	AAL21745.1	type III secretion system YopJ family effector AvrA	NA	NA
GCA_009759455.1	NA	WSBH01000007.1	174313	177939	-	iroC	salmochelin/enterobactin export ABC transporter IroC	plus	VIRULENCE	VIRULENCE	NA	NA	BLASTX	1209	1219	98.85	80.02	1211	AUH19662.1	salmochelin/enterobactin export ABC transporter IroC	NA	NA
GCA_009759455.1	NA	WSBH01000007.1	178023	179135	-	iroB	salmochelin biosynthesis C-glycosyltransferase IroB	plus	VIRULENCE	VIRULENCE	NA	NA	BLASTX	371	371	100.00	86.52	371	EOW04219.1	salmochelin biosynthesis C-glycosyltransferase IroB	NA	NA
GCA_009759455.1	NA	WSBH01000018.1	1	2181	+	sspH2	SPI-2 type III secretion system effector E3 ubiquitin transferase SspH2	plus	VIRULENCE	VIRULENCE	NA	NA	BLASTX	727	788	92.26	99.31	727	QJV46475.1	SPI-2 type III secretion system effector E3 ubiquitin transferase SspH2	NA	NA
GCA_009759455.1	NA	WSBH01000018.1	101097	102140	-	sseK2	type III secretion system effector arginine glycosyltransferase SseK2	plus	VIRULENCE	VIRULENCE	NA	NA	BLASTX	348	348	100.00	97.99	348	AAL21040.1	type III secretion system effector arginine glycosyltransferase SseK2	NA	NA
GCA_009759455.1	NA	WSBH01000020.1	97009	99198	+	sinH	intimin-like inverse autotransporter SinH	plus	VIRULENCE	VIRULENCE	NA	NA	BLASTX	730	730	100.00	99.86	730	AAL21411.1	intimin-like inverse autotransporter SinH	NA	NA
GCA_009759455.1	NA	WSBH01000025.1	189748	190443	-	lpfB	long polar fimbrial chaperone LpfB	plus	VIRULENCE	VIRULENCE	NA	NA	BLASTX	232	232	100.00	99.57	232	WXV87835.1	long polar fimbrial chaperone LpfB	NA	NA
GCA_009759455.1	NA	WSBH01000026.1	304	1104	-	aph(3'')-Ib	aminoglycoside O-phosphotransferase APH(3'')-Ib	core	AMR	AMR	AMINOGLYCOSIDE	STREPTOMYCIN	EXACTX	267	267	100.00	100.00	267	WP_001082319.1	aminoglycoside O-phosphotransferase APH(3'')-Ib	NA	NA
GCA_009759455.1	NA	WSBH01000026.1	1168	1980	-	sul2	sulfonamide-resistant dihydropteroate synthase Sul2	core	AMR	AMR	SULFONAMIDE	SULFONAMIDE	EXACTX	271	271	100.00	100.00	271	WP_001043260.1	sulfonamide-resistant dihydropteroate synthase Sul2	NA	NA
GCA_009759455.1	NA	WSBH01000026.1	7922	9118	-	tet(A)	tetracycline efflux MFS transporter Tet(A)	core	AMR	AMR	TETRACYCLINE	TETRACYCLINE	BLASTX	399	399	100.00	99.75	399	WP_000804064.1	tetracycline efflux MFS transporter Tet(A)	NA	NA
GCA_009759455.1	NA	WSBH01000026.1	10514	11032	-	aph(6)-Id	aminoglycoside O-phosphotransferase APH(6)-Id	core	AMR	AMR	AMINOGLYCOSIDE	STREPTOMYCIN	PARTIAL_CONTIG_ENDX	173	278	62.23	99.42	173	WP_000480968.1	aminoglycoside O-phosphotransferase APH(6)-Id	NA	NA
GCA_009759455.1	NA	WSBH01000030.1	39832	40251	-	arsC	glutaredoxin-dependent arsenate reductase	plus	STRESS	METAL	ARSENIC	ARSENATE	BLASTX	140	141	99.29	90.71	140	AAA21096.1	glutaredoxin-dependent arsenate reductase	NA	NA
GCA_009759455.1	NA	WSBH01000030.1	40267	41553	-	arsB	arsenite efflux transporter membrane subunit ArsB	plus	STRESS	METAL	ARSENIC	ARSENITE	BLASTX	429	429	100.00	97.44	429	BAA24823.1	arsenite efflux transporter membrane subunit ArsB	NA	NA
GCA_009759455.1	NA	WSBH01000030.1	44144	44503	-	arsD	arsenite efflux transporter metallochaperone ArsD	plus	STRESS	METAL	ARSENIC	ARSENITE	BLASTX	120	120	100.00	92.50	120	AAB09625.1	arsenite efflux transporter metallochaperone ArsD	NA	NA
GCA_009759455.1	NA	WSBH01000030.1	44554	44904	-	arsR	As(III)-sensing metalloregulatory transcriptional repressor ArsR	plus	STRESS	METAL	ARSENIC	ARSENIC	BLASTX	117	117	100.00	93.16	117	AAB09624.1	As(III)-sensing metalloregulatory transcriptional repressor ArsR	NA	NA
GCA_009759455.1	NA	WSBH01000031.1	10146	10676	+	sodC1	superoxide dismutase [Cu-Zn] SodC1	plus	VIRULENCE	VIRULENCE	NA	NA	EXACTX	177	177	100.00	100.00	177	AAL19978.1	superoxide dismutase [Cu-Zn] SodC1	NA	NA
GCA_009759465.1	NA	WSBM01000003.1	141865	144057	-	sinH	intimin-like inverse autotransporter SinH	plus	VIRULENCE	VIRULENCE	NA	NA	BLASTX	731	730	100.00	96.03	731	AAL21411.1	intimin-like inverse autotransporter SinH	NA	NA
GCA_009759465.1	NA	WSBM01000011.1	119477	121531	+	invA	type III secretion system export apparatus protein InvA	plus	VIRULENCE	VIRULENCE	NA	NA	BLASTX	685	685	100.00	99.71	685	WXW86397.1	type III secretion system export apparatus protein InvA	NA	NA
GCA_009759465.1	NA	WSBM01000011.1	149118	150023	+	avrA	type III secretion system YopJ family effector AvrA	plus	VIRULENCE	VIRULENCE	NA	NA	BLASTX	302	302	100.00	99.34	302	AAL21745.1	type III secretion system YopJ family effector AvrA	NA	NA
GCA_009759465.1	NA	WSBM01000018.1	57561	60725	-	mdsB	multidrug efflux RND transporter permease subunit MdsB	plus	AMR	AMR	EFFLUX	EFFLUX	BLASTX	1055	1055	100.00	99.43	1055	AAL19305.1	multidrug efflux RND transporter permease subunit MdsB	NA	NA
GCA_009759465.1	NA	WSBM01000018.1	60725	61948	-	mdsA	multidrug efflux RND transporter periplasmic adaptor subunit MdsA	plus	AMR	AMR	EFFLUX	EFFLUX	BLASTX	408	408	100.00	99.51	408	AAL19306.1	multidrug efflux RND transporter periplasmic adaptor subunit MdsA	NA	NA
GCA_009759465.1	NA	WSBM01000018.1	62225	64510	+	golT	gold/copper-translocating P-type ATPase GolT	plus	STRESS	METAL	COPPER/GOLD	COPPER/GOLD	BLASTX	762	762	100.00	99.61	762	AAL19307.1	gold/copper-translocating P-type ATPase GolT	NA	NA
GCA_009759465.1	NA	WSBM01000018.1	64525	64986	+	golS	Au(I) sensor transcriptional regulator GolS	plus	STRESS	METAL	GOLD	GOLD	EXACTX	154	154	100.00	100.00	154	AAL19308.1	Au(I) sensor transcriptional regulator GolS	NA	NA
GCA_009759465.1	NA	WSBM01000026.1	97223	98029	-	cdtB	cytolethal distending toxin S-CDT	plus	VIRULENCE	VIRULENCE	NA	NA	BLASTX	269	269	100.00	99.26	269	CAD02120.1	cytolethal distending toxin S-CDT	NA	NA
GCA_009759465.1	NA	WSBM01000033.1	635	1747	+	iroB	salmochelin biosynthesis C-glycosyltransferase IroB	plus	VIRULENCE	VIRULENCE	NA	NA	BLASTX	371	371	100.00	87.06	371	EOW04219.1	salmochelin biosynthesis C-glycosyltransferase IroB	NA	NA
GCA_009759465.1	NA	WSBM01000033.1	1831	5457	+	iroC	salmochelin/enterobactin export ABC transporter IroC	plus	VIRULENCE	VIRULENCE	NA	NA	BLASTX	1209	1219	98.85	80.17	1210	AUH19662.1	salmochelin/enterobactin export ABC transporter IroC	NA	NA
GCA_009759485.1	NA	WSBL01000003.1	68698	71862	-	mdsB	multidrug efflux RND transporter permease subunit MdsB	plus	AMR	AMR	EFFLUX	EFFLUX	BLASTX	1055	1055	100.00	99.62	1055	AAL19305.1	multidrug efflux RND transporter permease subunit MdsB	NA	NA
GCA_009759485.1	NA	WSBL01000003.1	71862	73085	-	mdsA	multidrug efflux RND transporter periplasmic adaptor subunit MdsA	plus	AMR	AMR	EFFLUX	EFFLUX	BLASTX	408	408	100.00	98.04	408	AAL19306.1	multidrug efflux RND transporter periplasmic adaptor subunit MdsA	NA	NA
GCA_009759485.1	NA	WSBL01000003.1	73362	75647	+	golT	gold/copper-translocating P-type ATPase GolT	plus	STRESS	METAL	COPPER/GOLD	COPPER/GOLD	BLASTX	762	762	100.00	99.61	762	AAL19307.1	gold/copper-translocating P-type ATPase GolT	NA	NA
GCA_009759485.1	NA	WSBL01000003.1	75662	76123	+	golS	Au(I) sensor transcriptional regulator GolS	plus	STRESS	METAL	GOLD	GOLD	EXACTX	154	154	100.00	100.00	154	AAL19308.1	Au(I) sensor transcriptional regulator GolS	NA	NA
GCA_009759485.1	NA	WSBL01000007.1	311133	311663	+	sodC1	superoxide dismutase [Cu-Zn] SodC1	plus	VIRULENCE	VIRULENCE	NA	NA	EXACTX	177	177	100.00	100.00	177	AAL19978.1	superoxide dismutase [Cu-Zn] SodC1	NA	NA
GCA_009759485.1	NA	WSBL01000012.1	160672	162726	+	invA	type III secretion system export apparatus protein InvA	plus	VIRULENCE	VIRULENCE	NA	NA	EXACTX	685	685	100.00	100.00	685	WXW86397.1	type III secretion system export apparatus protein InvA	NA	NA
GCA_009759485.1	NA	WSBL01000012.1	190322	191227	+	avrA	type III secretion system YopJ family effector AvrA	plus	VIRULENCE	VIRULENCE	NA	NA	BLASTX	302	302	100.00	99.34	302	AAL21745.1	type III secretion system YopJ family effector AvrA	NA	NA
GCA_009759485.1	NA	WSBL01000012.1	279518	283144	-	iroC	salmochelin/enterobactin export ABC transporter IroC	plus	VIRULENCE	VIRULENCE	NA	NA	BLASTX	1209	1219	98.85	80.02	1211	AUH19662.1	salmochelin/enterobactin export ABC transporter IroC	NA	NA
GCA_009759485.1	NA	WSBL01000012.1	283228	284340	-	iroB	salmochelin biosynthesis C-glycosyltransferase IroB	plus	VIRULENCE	VIRULENCE	NA	NA	BLASTX	371	371	100.00	86.52	371	EOW04219.1	salmochelin biosynthesis C-glycosyltransferase IroB	NA	NA
GCA_009759485.1	NA	WSBL01000013.1	389816	390859	+	sseK2	type III secretion system effector arginine glycosyltransferase SseK2	plus	VIRULENCE	VIRULENCE	NA	NA	BLASTX	348	348	100.00	98.28	348	AAL21040.1	type III secretion system effector arginine glycosyltransferase SseK2	NA	NA
GCA_009759485.1	NA	WSBL01000013.1	489775	492138	-	sspH2	SPI-2 type III secretion system effector E3 ubiquitin transferase SspH2	plus	VIRULENCE	VIRULENCE	NA	NA	BLASTX	788	788	100.00	99.37	788	QJV46475.1	SPI-2 type III secretion system effector E3 ubiquitin transferase SspH2	NA	NA
GCA_009759485.1	NA	WSBL01000014.1	131896	132591	+	lpfB	long polar fimbrial chaperone LpfB	plus	VIRULENCE	VIRULENCE	NA	NA	EXACTX	232	232	100.00	100.00	232	WXV87835.1	long polar fimbrial chaperone LpfB	NA	NA
GCA_009759485.1	NA	WSBL01000018.1	23971	26160	+	sinH	intimin-like inverse autotransporter SinH	plus	VIRULENCE	VIRULENCE	NA	NA	BLASTX	730	730	100.00	99.73	730	AAL21411.1	intimin-like inverse autotransporter SinH	NA	NA
GCA_009759485.1	NA	WSBL01000019.1	25022	25669	+	spvD	SPI-2 type III secretion system effector cysteine hydrolase SpvD	plus	VIRULENCE	VIRULENCE	NA	NA	BLASTX	216	216	100.00	99.07	216	AAG59626.1	SPI-2 type III secretion system effector cysteine hydrolase SpvD	NA	NA
GCA_009759515.1	NA	WSBK01000002.1	30477	31007	-	sodC1	superoxide dismutase [Cu-Zn] SodC1	plus	VIRULENCE	VIRULENCE	NA	NA	EXACTX	177	177	100.00	100.00	177	AAL19978.1	superoxide dismutase [Cu-Zn] SodC1	NA	NA
GCA_009759515.1	NA	WSBK01000005.1	389165	390208	+	sseK2	type III secretion system effector arginine glycosyltransferase SseK2	plus	VIRULENCE	VIRULENCE	NA	NA	BLASTX	348	348	100.00	98.28	348	AAL21040.1	type III secretion system effector arginine glycosyltransferase SseK2	NA	NA
GCA_009759515.1	NA	WSBK01000005.1	489124	491487	-	sspH2	SPI-2 type III secretion system effector E3 ubiquitin transferase SspH2	plus	VIRULENCE	VIRULENCE	NA	NA	BLASTX	788	788	100.00	99.37	788	QJV46475.1	SPI-2 type III secretion system effector E3 ubiquitin transferase SspH2	NA	NA
GCA_009759515.1	NA	WSBK01000010.1	131208	131903	+	lpfB	long polar fimbrial chaperone LpfB	plus	VIRULENCE	VIRULENCE	NA	NA	EXACTX	232	232	100.00	100.00	232	WXV87835.1	long polar fimbrial chaperone LpfB	NA	NA
GCA_009759515.1	NA	WSBK01000018.1	25022	25669	+	spvD	SPI-2 type III secretion system effector cysteine hydrolase SpvD	plus	VIRULENCE	VIRULENCE	NA	NA	BLASTX	216	216	100.00	99.07	216	AAG59626.1	SPI-2 type III secretion system effector cysteine hydrolase SpvD	NA	NA
GCA_009759515.1	NA	WSBK01000023.1	17268	19457	-	sinH	intimin-like inverse autotransporter SinH	plus	VIRULENCE	VIRULENCE	NA	NA	BLASTX	730	730	100.00	99.73	730	AAL21411.1	intimin-like inverse autotransporter SinH	NA	NA
GCA_009759515.1	NA	WSBK01000025.1	630	1742	+	iroB	salmochelin biosynthesis C-glycosyltransferase IroB	plus	VIRULENCE	VIRULENCE	NA	NA	BLASTX	371	371	100.00	86.52	371	EOW04219.1	salmochelin biosynthesis C-glycosyltransferase IroB	NA	NA
GCA_009759515.1	NA	WSBK01000025.1	1826	5452	+	iroC	salmochelin/enterobactin export ABC transporter IroC	plus	VIRULENCE	VIRULENCE	NA	NA	BLASTX	1209	1219	98.85	80.02	1211	AUH19662.1	salmochelin/enterobactin export ABC transporter IroC	NA	NA
GCA_009759515.1	NA	WSBK01000025.1	94020	94925	-	avrA	type III secretion system YopJ family effector AvrA	plus	VIRULENCE	VIRULENCE	NA	NA	BLASTX	302	302	100.00	99.34	302	AAL21745.1	type III secretion system YopJ family effector AvrA	NA	NA
GCA_009759515.1	NA	WSBK01000025.1	122521	124575	-	invA	type III secretion system export apparatus protein InvA	plus	VIRULENCE	VIRULENCE	NA	NA	EXACTX	685	685	100.00	100.00	685	WXW86397.1	type III secretion system export apparatus protein InvA	NA	NA
GCA_009759515.1	NA	WSBK01000029.1	36299	36760	-	golS	Au(I) sensor transcriptional regulator GolS	plus	STRESS	METAL	GOLD	GOLD	EXACTX	154	154	100.00	100.00	154	AAL19308.1	Au(I) sensor transcriptional regulator GolS	NA	NA
GCA_009759515.1	NA	WSBK01000029.1	36775	39060	-	golT	gold/copper-translocating P-type ATPase GolT	plus	STRESS	METAL	COPPER/GOLD	COPPER/GOLD	BLASTX	762	762	100.00	99.61	762	AAL19307.1	gold/copper-translocating P-type ATPase GolT	NA	NA
GCA_009759515.1	NA	WSBK01000029.1	39337	40560	+	mdsA	multidrug efflux RND transporter periplasmic adaptor subunit MdsA	plus	AMR	AMR	EFFLUX	EFFLUX	BLASTX	408	408	100.00	98.28	408	AAL19306.1	multidrug efflux RND transporter periplasmic adaptor subunit MdsA	NA	NA
GCA_009759515.1	NA	WSBK01000029.1	40560	43724	+	mdsB	multidrug efflux RND transporter permease subunit MdsB	plus	AMR	AMR	EFFLUX	EFFLUX	BLASTX	1055	1055	100.00	99.62	1055	AAL19305.1	multidrug efflux RND transporter permease subunit MdsB	NA	NA
GCA_018986955.1	NA	CP076746.1	59578	60225	-	spvD	SPI-2 type III secretion system effector cysteine hydrolase SpvD	plus	VIRULENCE	VIRULENCE	NA	NA	EXACTX	216	216	100.00	100.00	216	AAG59626.1	SPI-2 type III secretion system effector cysteine hydrolase SpvD	NA	NA
GCA_018986955.1	NA	CP076747.1	303210	305399	-	sinH	intimin-like inverse autotransporter SinH	plus	VIRULENCE	VIRULENCE	NA	NA	BLASTX	730	730	100.00	99.73	730	AAL21411.1	intimin-like inverse autotransporter SinH	NA	NA
GCA_018986955.1	NA	CP076747.1	497287	498399	+	iroB	salmochelin biosynthesis C-glycosyltransferase IroB	plus	VIRULENCE	VIRULENCE	NA	NA	BLASTX	371	371	100.00	86.52	371	EOW04219.1	salmochelin biosynthesis C-glycosyltransferase IroB	NA	NA
GCA_018986955.1	NA	CP076747.1	498483	502109	+	iroC	salmochelin/enterobactin export ABC transporter IroC	plus	VIRULENCE	VIRULENCE	NA	NA	BLASTX	1209	1219	98.85	80.02	1211	AUH19662.1	salmochelin/enterobactin export ABC transporter IroC	NA	NA
GCA_018986955.1	NA	CP076747.1	590677	591582	-	avrA	type III secretion system YopJ family effector AvrA	plus	VIRULENCE	VIRULENCE	NA	NA	BLASTX	302	302	100.00	99.34	302	AAL21745.1	type III secretion system YopJ family effector AvrA	NA	NA
GCA_018986955.1	NA	CP076747.1	619178	621232	-	invA	type III secretion system export apparatus protein InvA	plus	VIRULENCE	VIRULENCE	NA	NA	EXACTX	685	685	100.00	100.00	685	WXW86397.1	type III secretion system export apparatus protein InvA	NA	NA
GCA_018986955.1	NA	CP076747.1	1485142	1485837	-	lpfB	long polar fimbrial chaperone LpfB	plus	VIRULENCE	VIRULENCE	NA	NA	EXACTX	232	232	100.00	100.00	232	WXV87835.1	long polar fimbrial chaperone LpfB	NA	NA
GCA_018986955.1	NA	CP076747.1	2859414	2862578	-	mdsB	multidrug efflux RND transporter permease subunit MdsB	plus	AMR	AMR	EFFLUX	EFFLUX	BLASTX	1055	1055	100.00	99.62	1055	AAL19305.1	multidrug efflux RND transporter permease subunit MdsB	NA	NA
GCA_018986955.1	NA	CP076747.1	2862578	2863801	-	mdsA	multidrug efflux RND transporter periplasmic adaptor subunit MdsA	plus	AMR	AMR	EFFLUX	EFFLUX	BLASTX	408	408	100.00	98.28	408	AAL19306.1	multidrug efflux RND transporter periplasmic adaptor subunit MdsA	NA	NA
GCA_018986955.1	NA	CP076747.1	2864078	2866363	+	golT	gold/copper-translocating P-type ATPase GolT	plus	STRESS	METAL	COPPER/GOLD	COPPER/GOLD	BLASTX	762	762	100.00	99.61	762	AAL19307.1	gold/copper-translocating P-type ATPase GolT	NA	NA
GCA_018986955.1	NA	CP076747.1	2866378	2866839	+	golS	Au(I) sensor transcriptional regulator GolS	plus	STRESS	METAL	GOLD	GOLD	EXACTX	154	154	100.00	100.00	154	AAL19308.1	Au(I) sensor transcriptional regulator GolS	NA	NA
GCA_018986955.1	NA	CP076747.1	3574689	3575219	-	sodC1	superoxide dismutase [Cu-Zn] SodC1	plus	VIRULENCE	VIRULENCE	NA	NA	EXACTX	177	177	100.00	100.00	177	AAL19978.1	superoxide dismutase [Cu-Zn] SodC1	NA	NA
GCA_018986955.1	NA	CP076747.1	4686546	4687589	+	sseK2	type III secretion system effector arginine glycosyltransferase SseK2	plus	VIRULENCE	VIRULENCE	NA	NA	BLASTX	348	348	100.00	98.28	348	AAL21040.1	type III secretion system effector arginine glycosyltransferase SseK2	NA	NA
GCA_018986955.1	NA	CP076747.1	4786505	4788868	-	sspH2	SPI-2 type III secretion system effector E3 ubiquitin transferase SspH2	plus	VIRULENCE	VIRULENCE	NA	NA	BLASTX	788	788	100.00	99.24	788	QJV46475.1	SPI-2 type III secretion system effector E3 ubiquitin transferase SspH2	NA	NA
