{
  "bulk_scf": {
    "energy_Ry": -5793.26164041,
    "fermi": 11.3239,
    "homo": 9.8508,
    "lumo": 12.7242,
    "gap": 2.8734,
    "nelec": 352.0,
    "nocc": 176
  },
  "bulk_nscf": {
    "energy_Ry": null,
    "fermi": 10.848,
    "homo": 9.8656,
    "lumo": 12.724,
    "gap": 2.8583999999999996,
    "nelec": 352.0,
    "nocc": 176
  },
  "slab_001_relax": {
    "energy_Ry": -5792.87270298,
    "fermi": 1.1842
  },
  "slab_001_scf_final": {
    "energy_Ry": -5792.87270295,
    "fermi": 1.1832,
    "homo": -0.2716,
    "lumo": 2.0405,
    "gap": 2.3121,
    "nelec": 352.0,
    "nocc": 176
  },
  "slab_001_nscf_final": {
    "energy_Ry": null,
    "fermi": 1.064,
    "homo": -0.2133,
    "lumo": 2.0403,
    "gap": 2.2535999999999996,
    "nelec": 352.0,
    "nocc": 176
  },
  "slab_001_Pt_relax": {
    "energy_Ry": -5883.65981133,
    "fermi": 0.2337
  },
  "slab_001_Pt_scf_final": {
    "energy_Ry": -5883.65988171,
    "fermi": 0.2359,
    "homo": -0.0296,
    "lumo": 0.518,
    "gap": 0.5476,
    "nelec": 356.0,
    "nocc": 178
  },
  "slab_001_Pt_nscf_final": {
    "energy_Ry": null,
    "fermi": 0.1031,
    "homo": -0.0455,
    "lumo": 0.4837,
    "gap": 0.5292,
    "nelec": 356.0,
    "nocc": 178
  },
  "slab_010_relax": {
    "energy_Ry": -11585.6003875,
    "fermi": 3.971
  }
}
