{
  "tag": "re4000",
  "n_eval": 4,
  "n_T": 201,
  "save_dt": 0.07012483601762931,
  "grid": 128,
  "domain": 12.566370614359172,
  "li_per_step_ms": 0.42289149504198165,
  "dns_solver_per_step_ms": 0.12892198009079764,
  "metrics": {
    "LI": {
      "corr_t2": 0.9943660646677017,
      "corr_t5": 0.9536570310592651,
      "t_dec": 5.259362701322198
    },
    "DNS128_solver": {
      "corr_t2": 0.9572993814945221,
      "corr_t5": 0.8360724002122879,
      "t_dec": 2.314119588581767
    },
    "DNS128": {
      "corr_t2": 0.9752344638109207,
      "corr_t5": 0.9072581976652145,
      "t_dec": 3.2257424568109485
    },
    "DNS256": {
      "corr_t2": 0.9938699305057526,
      "corr_t5": 0.9650404155254364,
      "t_dec": 6.030735897516121
    },
    "DNS512": {
      "corr_t2": 0.9988970905542374,
      "corr_t5": 0.9915720075368881,
      "t_dec": 8.274730650080258
    },
    "DNS1024": {
      "corr_t2": 0.9998832195997238,
      "corr_t5": 0.9989774078130722,
      "t_dec": 10.378475730609138
    }
  }
}