{
  "case": "FSBL",
  "errors": {
    "U": 4.683015476843795,
    "V": 11.83316753267955,
    "P": 67.30674193674798
  },
  "paper_errors": {
    "U": 0.07,
    "V": 0.12,
    "P": 0.001
  },
  "training_time_s": 535.0928461551666,
  "config": {
    "mode": "laminar",
    "Re": 100,
    "n_hidden": 8,
    "n_neurons": 20,
    "adam_lr": 0.001,
    "adam_epochs": 20000,
    "lbfgs_epochs": 3000,
    "device": "cuda"
  },
  "n_bc": 600,
  "n_colloc": 20000
}