{
  "case": "Periodic Hill",
  "errors": {
    "U": 4.308154716932385,
    "V": 83.5054458670902,
    "P": 81.57090858773067,
    "uu": 749.8251072883232,
    "uv": 13532.993520232943,
    "vv": 1293.3386936922207
  },
  "paper_errors": {
    "U": 2.77,
    "V": 19.7,
    "P": 8.61,
    "uu": 28.18,
    "uv": 16.7,
    "vv": 20.24
  },
  "training_time_s": 1431.0625276565552,
  "n_bc": 360,
  "n_colloc": 15000
}