{
  "case": "ZPG",
  "errors": {
    "U": 4.216996652506993,
    "V": 37.679791068047365,
    "uv": 73.63512266582013
  },
  "paper_errors": {
    "U": 1.02,
    "V": 4.25,
    "uv": 6.46
  },
  "training_time_s": 530.4040358066559,
  "n_bc": 500,
  "n_colloc": 15000
}