{
  "exp1_gradient": {
    "van_max_grad": 55.254174830998814,
    "mp_max_grad": 1.3871909317652742,
    "van_final_obj": 10.631265383630877,
    "mp_final_obj": 10.808913295275554
  },
  "exp2_landscape": {
    "van_std": 3.552713678800501e-15,
    "mp_std": 3.552713678800501e-15
  },
  "exp3_lorenz": {
    "training": {
      "van_loss": 81.20655059814453,
      "mp_loss": 2799.21826171875,
      "van_time": 152.62721943855286,
      "mp_time": 159.8593237400055
    },
    "lyapunov": {
      "true": NaN,
      "vanilla": NaN,
      "mp_node": NaN
    },
    "stats": {
      "true": {
        "mean": [
          0.05032512539115339,
          0.04926248701185331,
          23.46398898913146
        ],
        "std": [
          7.913218692052741,
          9.038737921256436,
          8.711026373421548
        ]
      },
      "vanilla": {
        "mean": [
          7.087498664855957,
          2.1469950675964355,
          27.758028030395508
        ],
        "std": [
          0.9704884886741638,
          0.8601889610290527,
          0.8193684816360474
        ]
      },
      "mp_node": {
        "mean": [
          18.429122924804688,
          34.02132797241211,
          97.4183578491211
        ],
        "std": [
          1.6781132221221924,
          2.066129446029663,
          2.8758902549743652
        ]
      }
    },
    "mse_1LT": {
      "van": 122.77168284395489,
      "mp": 143.814447591721
    }
  },
  "exp4_ks": {
    "training": {
      "van_loss": 0.0,
      "mp_loss": 0.0,
      "van_time": 81.95108103752136,
      "mp_time": 399.65355229377747
    },
    "kl": {
      "vanilla": 0.0,
      "mp": 0.0
    },
    "nparams": 10657
  },
  "total_time": 1147.9698832035065,
  "device": "cuda",
  "torch": "2.11.0+cu130"
}