{
  "test": "stability",
  "n_frames": 2000,
  "stable": true,
  "checkpoints": [
    [
      100,
      3.1795871257781982,
      true
    ],
    [
      500,
      3.7119300365448,
      true
    ],
    [
      1000,
      2.7990522384643555,
      true
    ],
    [
      1999,
      2.534156084060669,
      true
    ],
    [
      100,
      3.239243984222412,
      true
    ],
    [
      500,
      2.6626064777374268,
      true
    ],
    [
      1000,
      2.390624523162842,
      true
    ],
    [
      1999,
      3.85762619972229,
      true
    ]
  ]
}