{
  "config": {
    "dropout": 0.0,
    "n_folds": 5,
    "n_runs": 3,
    "embed": 512,
    "lstm": 128,
    "tdense": 128,
    "lr": 0.00012589254117941674,
    "batch_size": 16,
    "patience": 25,
    "max_epochs": 100,
    "device": "cuda"
  },
  "fold_results": [
    {
      "fold": 0,
      "run": 0,
      "train": {
        "loss": 0.623179337297461,
        "acc": 0.6622088006902502,
        "prec": 0.66,
        "rec": 0.5768169273229071,
        "f1": 0.6156111929307806,
        "auc_pr": 0.7232100142499028
      },
      "val": {
        "loss": 0.7047587832912775,
        "acc": 0.5948434622467772,
        "prec": 0.5114503816793893,
        "rec": 0.5929203539823009,
        "f1": 0.5491803278688525,
        "auc_pr": 0.5508854756061878
      },
      "test": {
        "loss": 0.6657661718424553,
        "acc": 0.5861148197596796,
        "prec": 0.5739130434782609,
        "rec": 0.5484764542936288,
        "f1": 0.5609065155807366,
        "auc_pr": 0.6320866255911617
      }
    },
    {
      "fold": 0,
      "run": 1,
      "train": {
        "loss": 0.6163300838935365,
        "acc": 0.6496980155306299,
        "prec": 0.6088677751385589,
        "rec": 0.7074517019319227,
        "f1": 0.6544680851063829,
        "auc_pr": 0.7214839923082301
      },
      "val": {
        "loss": 0.7541263028293245,
        "acc": 0.5395948434622467,
        "prec": 0.46226415094339623,
        "rec": 0.6504424778761062,
        "f1": 0.5404411764705882,
        "auc_pr": 0.5911417581825954
      },
      "test": {
        "loss": 0.6971149445375868,
        "acc": 0.5901201602136181,
        "prec": 0.5642857142857143,
        "rec": 0.6565096952908587,
        "f1": 0.6069142125480154,
        "auc_pr": 0.6451749562480839
      }
    },
    {
      "fold": 0,
      "run": 2,
      "train": {
        "loss": 0.6378811801477585,
        "acc": 0.6328731665228645,
        "prec": 0.5830985915492958,
        "rec": 0.7617295308187673,
        "f1": 0.6605504587155964,
        "auc_pr": 0.7145639565653814
      },
      "val": {
        "loss": 0.7160584556134366,
        "acc": 0.4953959484346225,
        "prec": 0.43142857142857144,
        "rec": 0.668141592920354,
        "f1": 0.5243055555555556,
        "auc_pr": 0.5591306583065322
      },
      "test": {
        "loss": 0.6706985716666971,
        "acc": 0.5447263017356475,
        "prec": 0.5212765957446809,
        "rec": 0.6786703601108033,
        "f1": 0.5896510228640193,
        "auc_pr": 0.6236142299306862
      }
    },
    {
      "fold": 1,
      "run": 0,
      "train": {
        "loss": 0.49114489039014786,
        "acc": 0.7103509551310528,
        "prec": 0.713436385255648,
        "rec": 0.5934718100890207,
        "f1": 0.6479481641468682,
        "auc_pr": 0.7998378225139928
      },
      "val": {
        "loss": 0.4961022462582485,
        "acc": 0.7351973684210527,
        "prec": 0.7692307692307693,
        "rec": 0.7440476190476191,
        "f1": 0.7564296520423602,
        "auc_pr": 0.8740541338542178
      },
      "test": {
        "loss": 0.9388990091698147,
        "acc": 0.6178428761651131,
        "prec": 0.553763440860215,
        "rec": 0.6299694189602446,
        "f1": 0.5894134477825463,
        "auc_pr": 0.4910297888111011
      }
    },
    {
      "fold": 1,
      "run": 1,
      "train": {
        "loss": 0.518783327978169,
        "acc": 0.6872501110617504,
        "prec": 0.7336377473363774,
        "rec": 0.47675568743818003,
        "f1": 0.5779376498800959,
        "auc_pr": 0.7780409617164313
      },
      "val": {
        "loss": 0.519539795094476,
        "acc": 0.7072368421052632,
        "prec": 0.7762237762237763,
        "rec": 0.6607142857142857,
        "f1": 0.7138263665594856,
        "auc_pr": 0.8505156777045376
      },
      "test": {
        "loss": 0.8528519981353483,
        "acc": 0.6058588548601864,
        "prec": 0.5459940652818991,
        "rec": 0.5626911314984709,
        "f1": 0.5542168674698794,
        "auc_pr": 0.5126234183398843
      }
    },
    {
      "fold": 1,
      "run": 2,
      "train": {
        "loss": 0.5162233889023499,
        "acc": 0.6965792980897378,
        "prec": 0.7507645259938838,
        "rec": 0.4856577645895153,
        "f1": 0.5897897897897898,
        "auc_pr": 0.778177100516036
      },
      "val": {
        "loss": 0.5628023086909181,
        "acc": 0.6792763157894737,
        "prec": 0.7854251012145749,
        "rec": 0.5773809523809523,
        "f1": 0.6655231560891939,
        "auc_pr": 0.8283799534798248
      },
      "test": {
        "loss": 0.9761567815205705,
        "acc": 0.5552596537949401,
        "prec": 0.4887459807073955,
        "rec": 0.4648318042813456,
        "f1": 0.4764890282131662,
        "auc_pr": 0.46393657342157624
      }
    },
    {
      "fold": 2,
      "run": 0,
      "train": {
        "loss": 0.6494593970137038,
        "acc": 0.6454506621102093,
        "prec": 0.7117117117117117,
        "rec": 0.37089201877934275,
        "f1": 0.48765432098765427,
        "auc_pr": 0.6715566105557987
      },
      "val": {
        "loss": 0.7278696480985696,
        "acc": 0.5599369085173501,
        "prec": 0.5982905982905983,
        "rec": 0.23178807947019867,
        "f1": 0.33412887828162285,
        "auc_pr": 0.5414444442670313
      },
      "test": {
        "loss": 0.6560092776779115,
        "acc": 0.6236220472440945,
        "prec": 0.6931818181818182,
        "rec": 0.3973941368078176,
        "f1": 0.505175983436853,
        "auc_pr": 0.6803598284102221
      }
    },
    {
      "fold": 2,
      "run": 1,
      "train": {
        "loss": 0.6583413629132628,
        "acc": 0.6275096112772319,
        "prec": 0.5815722738799662,
        "rec": 0.6460093896713615,
        "f1": 0.6120996441281139,
        "auc_pr": 0.6874873354700539
      },
      "val": {
        "loss": 0.7165273730687163,
        "acc": 0.6656151419558359,
        "prec": 0.6844262295081968,
        "rec": 0.5529801324503312,
        "f1": 0.6117216117216117,
        "auc_pr": 0.5682337851478587
      },
      "test": {
        "loss": 0.6659424778983349,
        "acc": 0.6062992125984252,
        "prec": 0.584070796460177,
        "rec": 0.6449511400651465,
        "f1": 0.6130030959752323,
        "auc_pr": 0.685125253072707
      }
    },
    {
      "fold": 2,
      "run": 2,
      "train": {
        "loss": 0.6374306096729179,
        "acc": 0.6424604869713798,
        "prec": 0.5979381443298969,
        "rec": 0.6535211267605634,
        "f1": 0.6244952893674293,
        "auc_pr": 0.6937321028369516
      },
      "val": {
        "loss": 0.7199577559432021,
        "acc": 0.668769716088328,
        "prec": 0.6691176470588235,
        "rec": 0.6026490066225165,
        "f1": 0.6341463414634145,
        "auc_pr": 0.5949396846607771
      },
      "test": {
        "loss": 0.6386446071422006,
        "acc": 0.6094488188976378,
        "prec": 0.5942492012779552,
        "rec": 0.6058631921824105,
        "f1": 0.6,
        "auc_pr": 0.6998440144828018
      }
    },
    {
      "fold": 3,
      "run": 0,
      "train": {
        "loss": 0.6365296512255262,
        "acc": 0.6087527352297593,
        "prec": 0.5766299745977985,
        "rec": 0.6334883720930232,
        "f1": 0.6037234042553191,
        "auc_pr": 0.6810913852976006
      },
      "val": {
        "loss": 0.6503811541250196,
        "acc": 0.5169491525423728,
        "prec": 0.4794520547945205,
        "rec": 0.5128205128205128,
        "f1": 0.49557522123893805,
        "auc_pr": 0.630226273730851
      },
      "test": {
        "loss": 0.6322278339846604,
        "acc": 0.691156462585034,
        "prec": 0.6137931034482759,
        "rec": 0.8190184049079755,
        "f1": 0.7017082785808147,
        "auc_pr": 0.7480757951373951
      }
    },
    {
      "fold": 3,
      "run": 1,
      "train": {
        "loss": 0.6275758240885495,
        "acc": 0.6253829321663019,
        "prec": 0.5989159891598916,