{
  "model": "vae",
  "args": {
    "outdir": "/home/stevens/replicate_2439897/run",
    "model": "vae",
    "epochs": "80",
    "batch": "128",
    "lr": "0.001",
    "beta": "1.0",
    "beta_warmup": "10",
    "zdim": "5",
    "n_train": "20000",
    "n_val": "2000",
    "seed": "0",
    "device": "cuda"
  },
  "final_val": {
    "epoch": 80,
    "tr_loss": 103.56751529987042,
    "tr_rec": 89.67224972064679,
    "tr_kl": 13.89526562201671,
    "val_loss": 103.27715307617187,
    "val_rec": 89.32080267333984,
    "val_kl": 13.956350158691405
  },
  "correlations": {
    "z_vs_gt": {
      "z0_vs_a": 0.8619577884674072,
      "z1_vs_a": 0.31887516379356384,
      "z2_vs_a": 0.2252473086118698,
      "z3_vs_a": 0.09615270048379898,
      "z4_vs_a": 0.3091396987438202,
      "z0_vs_theta": 0.005914540961384773,
      "z1_vs_theta": 0.004733263980597258,
      "z2_vs_theta": 0.07359805703163147,
      "z3_vs_theta": 0.018414393067359924,
      "z4_vs_theta": 0.04961039498448372,
      "z0_vs_tx": 0.03952924907207489,
      "z1_vs_tx": 0.022084688767790794,
      "z2_vs_tx": 0.014322853647172451,
      "z3_vs_tx": 0.00031932571437209845,
      "z4_vs_tx": 0.026666123420000076,
      "z0_vs_ty": 0.017988616600632668,
      "z1_vs_ty": 0.003258105833083391,
      "z2_vs_ty": 0.03821856528520584,
      "z3_vs_ty": 0.007520273327827454,
      "z4_vs_ty": 0.01949477195739746
    },
    "nuis_vs_gt": {}
  },
  "best_val_rec": 89.32080267333984,
  "params_millions": 5.516683
}