{
  "n_train": 6000,
  "n_val": 600,
  "n_frames": 200,
  "k_true": 0.2,
  "k_raw": 0.22424284575546113,
  "k_smooth": 0.22364766730662966,
  "rate_error_raw_pct": 12.121422877730561,
  "rate_error_smooth_pct": 11.823833653314825,
  "pearson_train_z_vs_c": -0.9836451859523949,
  "pearson_z_vs_c_true": -0.9900810641595538,
  "pearson_chat_vs_c_true": 0.9900810641595525,
  "pearson_smooth_vs_c_true": 0.9945487920192996,
  "rmse_chat_raw": 0.043007827342773655,
  "rmse_chat_smoothed": 0.03523965110013191,
  "coverage_score": 0.9900810641595538,
  "agreement_score": 0.8817616634668517,
  "calibration_a": -29.326940608611178,
  "calibration_b": -1.4499180424460363,
  "kalman_q_pos": 1e-05,
  "kalman_q_vel": 0.0005,
  "kalman_r_meas": 0.0006114950891732575,
  "zdim": 2,
  "best_z_dim": 1,
  "per_dim_train_pearson": [
    -0.8990294882397526,
    -0.9836451859523949
  ],
  "params_millions": 0.480872,
  "final_train": {
    "epoch": 30,
    "tr_loss": 2.6482075245484062,
    "tr_rec": 2.6403350467267246,
    "tr_kl": 0.15744983955569888,
    "val_rec": 2.5422624746958413,
    "val_kl": 0.15906941095987956
  }
}