{
  "strong_step": {
    "L1": {
      "mse": 0.29755444305527323,
      "godunov": 0.5651183681914658,
      "winner": "MSE"
    },
    "Linf": {
      "mse": 2.381647825241089,
      "godunov": 3.2288299798965454,
      "winner": "MSE"
    },
    "TV_relative_error": {
      "mse": 43.10186767362616,
      "godunov": 61.14366531066352,
      "winner": "MSE"
    }
  },
  "bump_to_shock": {
    "L1": {
      "mse": 0.4497275934294504,
      "godunov": 0.5292032059235622,
      "winner": "MSE"
    },
    "Linf": {
      "mse": 3.293626307604841,
      "godunov": 3.5192335729660855,
      "winner": "MSE"
    },
    "TV_relative_error": {
      "mse": 47.495213732173646,
      "godunov": 42.968834612424246,
      "winner": "Godunov"
    }
  },
  "n_wave": {
    "L1": {
      "mse": 0.05237500810738472,
      "godunov": 0.2268660269597506,
      "winner": "MSE"
    },
    "Linf": {
      "mse": 0.2725739890563207,
      "godunov": 1.947418432873208,
      "winner": "MSE"
    },
    "TV_relative_error": {
      "mse": 3.5005646882820023,
      "godunov": 7.661252549645971,
      "winner": "MSE"
    }
  }
}