{
  "E[u]_relL2": 61.55252985595655,
  "mean_pred": [
    0.00037423521280288696,
    0.05198106914758682,
    0.10251573473215103,
    0.1519182026386261,
    0.20008495450019836,
    0.2468779981136322,
    0.2921297252178192,
    0.3356487452983856,
    0.3772272765636444,
    0.416643887758255,
    0.4536688029766083,
    0.4880668818950653,
    0.5196006298065186,
    0.5480330586433411,
    0.5731318593025208,
    0.5946726202964783,
    0.6124432682991028,
    0.626248836517334,
    0.6359176635742188,
    0.6413068771362305,
    0.642307460308075,
    0.6388527750968933,
    0.6309234499931335,
    0.6185545921325684,
    0.60184246301651,
    0.5809503793716431,
    0.5561155080795288,
    0.5276513695716858,
    0.49595150351524353,
    0.46148595213890076,
    0.42479562759399414,
    0.38648027181625366,
    0.34718409180641174,
    0.30757299065589905,
    0.26831433176994324,
    0.23005157709121704,
    0.1933845579624176,
    0.1588478684425354,
    0.126898854970932,
    0.09790564328432083,
    0.07214317470788956,
    0.04979483038187027,
    0.030955173075199127,
    0.015642739832401276,
    0.0038081780076026917,
    -0.0046487972140312195,
    -0.009863875806331635,
    -0.011992387473583221,
    -0.011192642152309418,
    -0.007609985768795013,
    -0.001363597810268402
  ],
  "mean_ref": [
    0.0,
    0.15120677588202885,
    0.30206084739886024,
    0.45189559297444415,
    0.5997720840940789,
    0.7445090646557577,
    0.8847075028400043,
    1.0187922850677669,
    1.1450887238421257,
    1.2619263385529225,
    1.3677341318358058,
    1.4610850790070933,
    1.5406811783185186,
    1.605330993519889,
    1.6540055757508472,
    1.686013827747482,
    1.70122743290069,
    1.700200850976277,
    1.6840707859706823,
    1.6542750456486572,
    1.6122743394517836,
    1.5594538804339915,
    1.497218893709626,
    1.4271295095290204,
    1.3509063445570522,
    1.2702843162998751,
    1.1868453522555735,
    1.1019667053365707,
    1.0168887998576364,
    0.9327889089127539,
    0.8507666483918627,
    0.7717642015177362,
    0.6965135306292903,
    0.6255501942371197,
    0.5592390411135295,
    0.4977488686865905,
    0.44100592530716354,
    0.3887278333220625,
    0.340579657046525,
    0.29635230065866053,
    0.25600431368949095,
    0.21951826994311813,
    0.18670016350631466,
    0.15710657911182216,
    0.13015724801579967,
    0.10531539823203216,
    0.08217544514130454,
    0.06041568017833375,
    0.039708628077090434,
    0.019691209833699458,
    0.0
  ],
  "var_ref": [
    0.0,
    0.0018245446423553917,
    0.007411209820917448,
    0.017011472543292844,
    0.030881856196170464,
    0.04918660273096192,
    0.0719416069783303,
    0.098977706751342,
    0.12992028959816943,
    0.16418195117867998,
    0.20099393610906888,
    0.2394267865260661,
    0.27828754333013633,
    0.3160209863401437,
    0.3508612528927974,
    0.38126903099866954,
    0.40631817744592363,
    0.4255952573797689,
    0.438741427067366,
    0.44517808812296916,
    0.4443523074295221,
    0.43634602324276417,
    0.42217515989667126,
    0.40341498818493454,
    0.38156953655978265,
    0.3577034313870948,
    0.332548208774141,
    0.3068303167017813,
    0.28134720276542247,
    0.25676268222029824,
    0.23343093649495802,
    0.21146335922181558,
    0.19091166322859168,
    0.17177771616276155,
    0.15394344893522707,
    0.13720803169244206,
    0.12137841418944076,
    0.10636328693794041,
    0.09216682155230024,
    0.07878939034232446,
    0.06620462691159779,
    0.05440525782325606,
    0.04345971100274969,
    0.03352036726980522,
    0.024741017669558794,
    0.017223360780688257,
    0.011028152483673472,
    0.006192267231958046,
    0.002741342116084308,
    0.0006821998294916889,
    0.0
  ],
  "x_pts": [
    -1.0,
    -0.96,
    -0.92,
    -0.88,
    -0.84,
    -0.8,
    -0.76,
    -0.72,
    -0.6799999999999999,
    -0.64,
    -0.6,
    -0.56,
    -0.52,
    -0.48,
    -0.43999999999999995,
    -0.4,
    -0.36,
    -0.31999999999999995,
    -0.28,
    -0.24,
    -0.19999999999999996,
    -0.16000000000000003,
    -0.12,
    -0.07999999999999996,
    -0.040000000000000036,
    0.0,
    0.040000000000000036,
    0.08000000000000007,
    0.1200000000000001,
    0.15999999999999992,
    0.19999999999999996,
    0.24,
    0.28,
    0.32000000000000006,
    0.3600000000000001,
    0.40000000000000013,
    0.43999999999999995,
    0.48,
    0.52,
    0.56,
    0.6000000000000001,
    0.6400000000000001,
    0.6799999999999999,
    0.72,
    0.76,
    0.8,
    0.8400000000000001,
    0.8800000000000001,
    0.9199999999999999,
    0.96,
    1.0
  ],
  "training_time": 1604.853410243988
}