{
  "ours": {
    "001_clean_gap_eV": 2.254,
    "001_Pt_gap_eV": 0.529,
    "relative_gap_reduction": 0.7653061224489797,
    "absolute_gap_reduction_eV": 1.725,
    "jdos_onset_clean_eV": 2.426065162907268,
    "jdos_onset_Pt_eV": 0.6015037593984962,
    "jdos_peak_clean_eV": 6.235588972431078,
    "jdos_peak_Pt_eV": 6.315789473684211
  },
  "paper": {
    "bulk_gap_paper_eV": 3.8,
    "001_clean_gap_paper_eV": 3.2,
    "001_Pt_gap_paper_eV": 1.0,
    "rel_reduction_paper": 0.6875,
    "abs_onset_redshift_paper_eV": 2.2
  },
  "agreement_relative_reduction_pct": 11.317254174397043,
  "agreement_redshift_pct": 21.590909090909093
}