{
  "tag": "re1000_full",
  "n_eval": 4,
  "n_T": 201,
  "save_dt": 0.07012483601762931,
  "grid": 64,
  "domain": 6.283185307179586,
  "li_per_step_ms": 0.5976539939197142,
  "dns_solver_per_step_ms": 0.3273703565644981,
  "metrics": {
    "LI": {
      "corr_t2": 0.9868868291378021,
      "corr_t5": 0.8305836766958237,
      "t_dec": 3.576366636899095
    },
    "DNS64_solver": {
      "corr_t2": 0.872734472155571,
      "corr_t5": 0.5080513283610344,
      "t_dec": 1.121997376282069
    },
    "DNS64": {
      "corr_t2": 0.9127706289291382,
      "corr_t5": 0.5435747355222702,
      "t_dec": 1.4726215563702154
    },
    "DNS128": {
      "corr_t2": 0.9737832397222519,
      "corr_t5": 0.7542770057916641,
      "t_dec": 2.5946189326522844
    },
    "DNS256": {
      "corr_t2": 0.9948990345001221,
      "corr_t5": 0.9111157059669495,
      "t_dec": 4.207490161057759
    },
    "DNS512": {
      "corr_t2": 0.9994561672210693,
      "corr_t5": 0.9867270141839981,
      "t_dec": 6.311235241586638
    }
  }
}