{
  "label": "3H",
  "A": 3,
  "with_coulomb": false,
  "n_pp_pairs": 0,
  "v3n_scale": 0.0,
  "v3n_params": [
    35.0,
    1.0,
    -7.0,
    1.7
  ],
  "v_ls_scale": 0.0,
  "v_ls_params": [
    -30.0,
    0.7
  ],
  "pwave_eps": 0.0,
  "E_final": -5.51714563369751,
  "SE": 0.0741389552281413,
  "N_final": 245760,
  "iters": 1500,
  "walkers": 2048,
  "steps": 12,
  "wall_seconds": 54.63058304786682,
  "components": {
    "T": 20.740926138559978,
    "V_NN": -26.258071525891623,
    "V_3N": 0.0,
    "V_LS": 0.0
  }
}