{
  "label": "4He",
  "A": 4,
  "with_coulomb": true,
  "n_pp_pairs": 1,
  "v3n_scale": 0.0,
  "v3n_params": [
    35.0,
    1.0,
    -7.0,
    1.7
  ],
  "v_ls_scale": 0.0,
  "v_ls_params": [
    -30.0,
    0.7
  ],
  "pwave_eps": 0.0,
  "E_final": -23.70330810546875,
  "SE": 0.12279526087163685,
  "N_final": 245760,
  "iters": 1500,
  "walkers": 2048,
  "steps": 12,
  "wall_seconds": 61.00537967681885,
  "components": {
    "T": 42.775052746136986,
    "V_NN": -66.47836216290791,
    "V_3N": 0.0,
    "V_LS": 0.0
  }
}