{
  "label": "3He",
  "A": 3,
  "with_coulomb": true,
  "n_pp_pairs": 1,
  "v3n_scale": 0.0,
  "v3n_params": [
    35.0,
    1.0,
    -7.0,
    1.7
  ],
  "v_ls_scale": 0.0,
  "v_ls_params": [
    -30.0,
    0.7
  ],
  "pwave_eps": 0.0,
  "E_final": -4.739720344543457,
  "SE": 0.06468028225560468,
  "N_final": 245760,
  "iters": 1500,
  "walkers": 2048,
  "steps": 12,
  "wall_seconds": 52.77562928199768,
  "components": {
    "T": 20.38504792054494,
    "V_NN": -25.124768106142678,
    "V_3N": 0.0,
    "V_LS": 0.0
  }
}