{
  "label": "3He",
  "A": 3,
  "with_coulomb": true,
  "n_pp_pairs": 1,
  "v3n_scale": 1.0,
  "v3n_params": [
    35.0,
    1.0,
    -7.0,
    1.7
  ],
  "v_ls_scale": 1.0,
  "v_ls_params": [
    -30.0,
    0.7
  ],
  "pwave_eps": 0.0,
  "E_final": -4.987039089202881,
  "SE": 0.0731897552581978,
  "N_final": 245760,
  "iters": 1500,
  "walkers": 2048,
  "steps": 12,
  "wall_seconds": 55.348666191101074,
  "components": {
    "T": 20.949238963921864,
    "V_NN": -25.717991328239442,
    "V_3N": -0.21826879121363163,
    "V_LS": -1.8089966988554807e-05
  }
}