{
  "label": "4He",
  "A": 4,
  "with_coulomb": true,
  "n_pp_pairs": 1,
  "v3n_scale": 1.0,
  "v3n_params": [
    35.0,
    1.0,
    -7.0,
    1.7
  ],
  "v_ls_scale": 1.0,
  "v_ls_params": [
    -30.0,
    0.7
  ],
  "pwave_eps": 0.0,
  "E_final": -24.81724739074707,
  "SE": 0.1187166112221019,
  "N_final": 245760,
  "iters": 1500,
  "walkers": 2048,
  "steps": 12,
  "wall_seconds": 74.28570985794067,
  "components": {
    "T": 43.24028193950653,
    "V_NN": -66.92262940406799,
    "V_3N": -1.1348824565609297,
    "V_LS": -1.6497815643864062e-05
  }
}