{
  "label": "3H",
  "A": 3,
  "with_coulomb": false,
  "n_pp_pairs": 0,
  "v3n_scale": 1.0,
  "v3n_params": [
    35.0,
    1.0,
    -7.0,
    1.7
  ],
  "v_ls_scale": 1.0,
  "v_ls_params": [
    -30.0,
    0.7
  ],
  "pwave_eps": 0.0,
  "E_final": -5.736509323120117,
  "SE": 0.07643766063713674,
  "N_final": 245760,
  "iters": 1500,
  "walkers": 2048,
  "steps": 12,
  "wall_seconds": 60.071065187454224,
  "components": {
    "T": 21.150651741027833,
    "V_NN": -26.663551259040833,
    "V_3N": -0.22352193879584473,
    "V_LS": -8.799491145812983e-05
  }
}