{
  "state0": {
    "T": 456.0,
    "P": 100000.0,
    "V": 2e-07,
    "rho": 0.764141228703223,
    "m": 1.528282457406446e-07
  },
  "state1": {
    "T": 5300.0,
    "P": 1370000.0,
    "V": 2e-07
  },
  "state2": {
    "T": 3300.0,
    "P": 100000.0,
    "V": 1.4473684210526315e-06,
    "U": 2813.703971424148
  },
  "calibrated": {
    "U_ker": 2000.0,
    "tau_pulse": 3e-06
  },
  "composition": {
    "N2": 0.74,
    "O2": 0.14,
    "NO": 0.054,
    "O": 0.062,
    "NO2": 3e-05,
    "N2O": 4e-06
  },
  "gamma_eff": 1.2210215593360327
}