{
  "forecast_horizon_lyap": 1.7386363636363635,
  "forecast_horizon_t": 38.25,
  "rmse_normalized_at_1L": 0.08136751036112796,
  "rmse_normalized_at_2L": 1.5071963466872402,
  "u_std_truth": 1.1973097866533928,
  "u_std_pred": 84.16154215483806,
  "u_mean_truth": 0.003108220603567771,
  "u_mean_pred": 0.7114553712556669,
  "ux_std_truth": 0.9689419950036922,
  "ux_std_pred": 332.5040108682276,
  "best_train_loss": 0.00015750642342027277,
  "wall_time_s": 103.40224194526672,
  "hparams": {
    "out": "results/ks",
    "data": "data/ks_traj.npz",
    "N": 128,
    "L": 22.0,
    "dt": 0.25,
    "T": 2200.0,
    "K": 8,
    "seg_len": 16,
    "n_traj": 256,
    "epochs": 400,
    "epochs_per_mu": 200,
    "lr": 0.0005,
    "lr_q": 0.005,
    "device": "cuda",
    "hidden": 512,
    "depth": 3
  }
}