{
  "task": "multiclass",
  "model": "roberta-large",
  "args": {
    "data_dir": "data/processed_paper/multiclass",
    "task": "multiclass",
    "model": "roberta-large",
    "out": "results_large/roberta-large_multiclass",
    "epochs": 3.0,
    "batch": 64,
    "per_device_batch": 8,
    "grad_accum": 3,
    "eval_batch": 64,
    "lr": 1e-05,
    "max_len": 512,
    "warmup": 0.06,
    "weight_decay": 0.01,
    "fp16": false,
    "bf16": true,
    "seed": 42
  },
  "n_train": 14337,
  "n_val": 1792,
  "n_test": 1793,
  "num_labels": 10,
  "train_seconds": 259.64894819259644,
  "val": {
    "eval_loss": 0.586909294128418,
    "eval_accuracy": 0.8102678571428571,
    "eval_precision_weighted": 0.8087660765874843,
    "eval_recall_weighted": 0.8102678571428571,
    "eval_f1_weighted": 0.8075490662517568,
    "eval_precision_macro": 0.8173880801563097,
    "eval_recall_macro": 0.7972628931493799,
    "eval_f1_macro": 0.8051362591412241,
    "eval_runtime": 2.0155,
    "eval_samples_per_second": 889.119,
    "eval_steps_per_second": 4.962,
    "epoch": 2.9949832775919734
  },
  "test": {
    "test_loss": 0.5609650611877441,
    "test_accuracy": 0.8131622978248745,
    "test_precision_weighted": 0.8085550140357896,
    "test_recall_weighted": 0.8131622978248745,
    "test_f1_weighted": 0.8094540158713732,
    "test_precision_macro": 0.8089567426018416,
    "test_recall_macro": 0.7992882233040308,
    "test_f1_macro": 0.8024454279770652,
    "test_runtime": 2.0326,
    "test_samples_per_second": 882.138,
    "test_steps_per_second": 4.92,
    "epoch": 2.9949832775919734
  },
  "classification_report": {
    "0": {
      "precision": 0.7482837528604119,
      "recall": 0.8094059405940595,
      "f1-score": 0.7776456599286563,
      "support": 404.0
    },
    "1": {
      "precision": 0.889763779527559,
      "recall": 0.9338842975206612,
      "f1-score": 0.9112903225806451,
      "support": 242.0
    },
    "2": {
      "precision": 0.7434782608695653,
      "recall": 0.6627906976744186,
      "f1-score": 0.7008196721311475,
      "support": 258.0
    },
    "3": {
      "precision": 0.8644859813084113,
      "recall": 0.9024390243902439,
      "f1-score": 0.883054892601432,
      "support": 205.0
    },
    "4": {
      "precision": 0.8975903614457831,
      "recall": 0.9490445859872612,
      "f1-score": 0.9226006191950464,
      "support": 157.0
    },
    "5": {
      "precision": 0.9172932330827067,
      "recall": 0.8652482269503546,
      "f1-score": 0.8905109489051095,
      "support": 141.0
    },
    "6": {
      "precision": 0.7549019607843137,
      "recall": 0.7064220183486238,
      "f1-score": 0.7298578199052133,
      "support": 109.0
    },
    "7": {
      "precision": 0.8785046728971962,
      "recall": 0.912621359223301,
      "f1-score": 0.8952380952380954,
      "support": 103.0
    },
    "8": {
      "precision": 0.8658536585365854,
      "recall": 0.8554216867469879,
      "f1-score": 0.8606060606060606,
      "support": 83.0
    },
    "9": {
      "precision": 0.5294117647058824,
      "recall": 0.3956043956043956,
      "f1-score": 0.4528301886792453,
      "support": 91.0
    },
    "accuracy": 0.8131622978248745,
    "macro avg": {
      "precision": 0.8089567426018416,
      "recall": 0.7992882233040308,
      "f1-score": 0.8024454279770652,
      "support": 1793.0
    },
    "weighted avg": {
      "precision": 0.8085550140357896,
      "recall": 0.8131622978248745,
      "f1-score": 0.8094540158713732,
      "support": 1793.0
    }
  }
}