{
  "rmse": 0.048347684016777186,
  "mae": 0.03397856504094134,
  "nll": -1.8475650312091172,
  "n_curves": 256,
  "n_points": 46080,
  "median_tau": 144.25295150405213,
  "median_sigma": 0.19083412596958918
}