{
  "rmse": 0.19780184443391405,
  "mae": 0.1489824612935384,
  "nll": 0.4883665442466736,
  "n_curves": 256,
  "n_points": 46080
}