{
  "task": "binary",
  "model": "roberta-large",
  "args": {
    "data_dir": "data/processed_paper/binary",
    "task": "binary",
    "model": "roberta-large",
    "out": "results_large/roberta-large_binary",
    "epochs": 3.0,
    "batch": 64,
    "per_device_batch": 8,
    "grad_accum": 3,
    "eval_batch": 64,
    "lr": 1e-05,
    "max_len": 512,
    "warmup": 0.06,
    "weight_decay": 0.01,
    "fp16": false,
    "bf16": true,
    "seed": 42
  },
  "n_train": 23987,
  "n_val": 2998,
  "n_test": 2999,
  "num_labels": 2,
  "train_seconds": 428.0351526737213,
  "val": {
    "eval_loss": 0.18461710214614868,
    "eval_accuracy": 0.9359573048699132,
    "eval_precision": 0.7037037037037037,
    "eval_recall": 0.6291390728476821,
    "eval_f1": 0.6643356643356644,
    "eval_runtime": 3.081,
    "eval_samples_per_second": 973.055,
    "eval_steps_per_second": 5.193,
    "epoch": 2.997
  },
  "test": {
    "test_loss": 0.15724587440490723,
    "test_accuracy": 0.9413137712570857,
    "test_precision": 0.7461538461538462,
    "test_recall": 0.6381578947368421,
    "test_f1": 0.6879432624113476,
    "test_runtime": 3.0588,
    "test_samples_per_second": 980.435,
    "test_steps_per_second": 5.231,
    "epoch": 2.997
  },
  "classification_report": {
    "0": {
      "precision": 0.9598393574297188,
      "recall": 0.9755102040816327,
      "f1-score": 0.9676113360323886,
      "support": 2695.0
    },
    "1": {
      "precision": 0.7461538461538462,
      "recall": 0.6381578947368421,
      "f1-score": 0.6879432624113476,
      "support": 304.0
    },
    "accuracy": 0.9413137712570857,
    "macro avg": {
      "precision": 0.8529966017917825,
      "recall": 0.8068340494092374,
      "f1-score": 0.8277772992218682,
      "support": 2999.0
    },
    "weighted avg": {
      "precision": 0.9381786720586401,
      "recall": 0.9413137712570857,
      "f1-score": 0.9392621881895088,
      "support": 2999.0
    }
  }
}