CP035466.1	CP002824.1	99.018	149093	1429	20	2051298	2200359	2328708	2477796	0.0	2.672e+05
CP035466.1	CP002824.1	98.880	97675	1052	15	166271	263929	357942	455590	0.0	1.743e+05
CP035466.1	CP002824.1	99.083	95525	838	25	826077	921580	1037175	1132682	0.0	1.715e+05
CP035466.1	CP002824.1	98.802	93843	1117	7	3619726	3713566	3893711	3987548	0.0	1.671e+05
CP035466.1	CP002824.1	99.154	90656	712	9	650916	741570	857001	947602	0.0	1.631e+05
CP035466.1	CP002824.1	95.932	99103	3791	171	2379979	2478979	2643899	2742862	0.0	1.604e+05
CP035466.1	CP002824.1	98.970	87904	895	9	2785807	2873707	3064840	3152736	0.0	1.573e+05
CP035466.1	CP002824.1	98.668	86544	1113	21	3533216	3619729	3805736	3892269	0.0	1.534e+05
CP035466.1	CP002824.1	99.140	84749	688	24	2206041	2290772	2483637	2568361	0.0	1.524e+05
CP035466.1	CP002824.1	99.203	83764	642	15	4016420	4100174	4316432	4400178	0.0	1.510e+05
CP035466.1	CP002824.1	98.775	81763	988	11	1649565	1731322	1924284	2006037	0.0	1.454e+05
CP035466.1	CP002824.1	98.557	76459	1085	17	1022080	1098530	1235698	1312146	0.0	1.351e+05
CP035466.1	CP002824.1	99.132	73369	598	15	3218099	3291459	3498777	3572114	0.0	1.319e+05
CP035466.1	CP002824.1	99.057	71283	639	24	1408871	1480136	1538257	1609523	0.0	1.279e+05
CP035466.1	CP002824.1	98.482	69037	1024	13	2971971	3040986	3248886	3317919	0.0	1.217e+05
CP035466.1	CP002824.1	99.023	67558	656	4	264010	331566	455646	523200	0.0	1.211e+05
CP035466.1	CP002824.1	99.160	66515	551	7	4806487	4872997	5194543	5261053	0.0	1.197e+05
CP035466.1	CP002824.1	98.804	65042	769	8	4656080	4721117	5043490	5108526	0.0	1.158e+05
CP035466.1	CP002824.1	99.100	63802	534	9	4948655	5012432	115279	179064	0.0	1.146e+05
CP035466.1	CP002824.1	98.436	64713	979	18	3857700	3922385	4157345	4222051	0.0	1.139e+05
CP035466.1	CP002824.1	98.599	64390	832	37	4873042	4937396	39072	103426	0.0	1.138e+05
CP035466.1	CP002824.1	99.225	62571	443	19	2723164	2785693	3002462	3065031	0.0	1.128e+05
CP035466.1	CP002824.1	98.921	58552	630	2	2664470	2723021	2943930	3002479	0.0	1.046e+05
CP035466.1	CP002824.1	99.073	57828	528	6	4373620	4431445	4797800	4855621	0.0	1.038e+05
CP035466.1	CP002824.1	99.163	57077	463	5	1330953	1388014	1638186	1695262	0.0	1.027e+05
CP035466.1	CP002824.1	98.742	56444	704	4	3922388	3978826	4222128	4278570	0.0	1.003e+05
CP035466.1	CP002824.1	98.367	55974	879	8	1995480	2051420	2272773	2328744	0.0	98268
CP035466.1	CP002824.1	98.603	49948	693	5	2614469	2664414	2893959	2943903	0.0	88365
CP035466.1	CP002824.1	99.187	48484	377	7	2479043	2527526	2742688	2791154	0.0	87334
CP035466.1	CP002824.1	98.858	44405	494	7	978143	1022537	1191276	1235677	0.0	79179
CP035466.1	CP002824.1	98.958	43465	398	14	1541021	1584446	1760418	1803866	0.0	77704
CP035466.1	CP002824.1	98.863	41766	469	6	466022	507784	670267	712029	0.0	74491
CP035466.1	CP002824.1	98.944	41478	430	8	4431581	4473055	4855607	4897079	0.0	74162
CP035466.1	CP002824.1	99.317	40985	276	4	781766	822748	996073	1037055	0.0	74131
CP035466.1	CP002824.1	98.974	41129	418	4	3315482	3356608	3601989	3643115	0.0	73610
CP035466.1	CP002824.1	98.315	40056	657	15	4615312	4655358	5002725	5042771	0.0	70214
CP035466.1	CP002824.1	98.971	38978	395	5	4191415	4230391	4545507	4584479	0.0	69752
CP035466.1	CP002824.1	98.598	38013	505	19	1860894	1898901	2133407	2171396	0.0	67219
CP035466.1	CP002824.1	98.859	37516	415	5	4246399	4283912	4602798	4640302	0.0	66896
CP035466.1	CP002824.1	98.226	38163	663	14	1609878	1648033	1831827	1869982	0.0	66711
CP035466.1	CP002824.1	98.494	37784	567	2	4134313	4172095	4447232	4485014	0.0	66620
CP035466.1	CP002824.1	98.785	37212	433	15	1196969	1234168	1427400	1464604	0.0	66196
CP035466.1	CP002824.1	98.377	37583	605	4	3795494	3833072	4093162	4130743	0.0	66018
CP035466.1	CP002824.1	98.568	37016	525	5	4729688	4766702	5117204	5154215	0.0	65414
CP035466.1	CP002824.1	99.505	35741	173	4	742189	777926	956793	992532	0.0	65017
CP035466.1	CP002824.1	98.985	36242	367	1	2559844	2596085	2839452	2875692	0.0	64886
CP035466.1	CP002824.1	98.765	36192	435	4	3715259	3751450	3987603	4023782	0.0	64347
CP035466.1	CP002824.1	98.545	35939	514	8	2907293	2943226	3185947	3221881	0.0	63461
CP035466.1	CP002824.1	99.011	34969	340	5	522814	557780	733824	768788	0.0	62654
CP035466.1	CP002824.1	98.365	35409	560	8	1931962	1967355	2205663	2241067	0.0	62163
CP035466.1	CP002824.1	98.088	33676	611	29	2346587	2380249	2610337	2643992	0.0	58589
CP035466.1	CP002824.1	99.484	32164	160	4	1264909	1297068	1481793	1513954	0.0	58471
CP035466.1	CP002824.1	98.478	33042	495	4	1786610	1819645	2061305	2094344	0.0	58224
CP035466.1	CP002824.1	98.938	32289	340	3	938552	970837	1149052	1181340	0.0	57723
CP035466.1	CP002824.1	98.924	31776	340	2	2873651	2905426	3153110	3184883	0.0	56783
CP035466.1	CP002824.1	98.170	32288	575	12	3154498	3186779	3411179	3443456	0.0	56336
CP035466.1	CP002824.1	99.365	31041	183	8	88815	119853	280352	311380	0.0	56218
CP035466.1	CP002824.1	98.667	30155	398	4	3395831	3425982	3668703	3698856	0.0	53456
CP035466.1	CP002824.1	98.683	29838	393	0	3426511	3456348	3698940	3728777	0.0	52924
CP035466.1	CP002824.1	98.304	29901	501	5	578554	608451	784955	814852	0.0	52403
CP035466.1	CP002824.1	99.028	28505	268	6	1300506	1329005	1609652	1638152	0.0	51096
CP035466.1	CP002824.1	98.997	28119	280	2	1967344	1995462	2241146	2269262	0.0	50362
CP035466.1	CP002824.1	98.868	27925	311	4	3456732	3484655	3728812	3756732	0.0	49812
CP035466.1	CP002824.1	99.049	27756	261	3	3186762	3214515	3445377	3473131	0.0	49790
CP035466.1	CP002824.1	98.708	28015	356	6	341420	369433	533832	561841	0.0	49724
CP035466.1	CP002824.1	98.645	28036	365	12	4338750	4366777	4713683	4741711	0.0	49653
CP035466.1	CP002824.1	99.160	27248	224	1	3083053	3110300	3341262	3368504	0.0	49044
CP035466.1	CP002824.1	98.952	26806	261	7	2944240	2971039	3221934	3248725	0.0	47927
CP035466.1	CP002824.1	98.984	24711	248	3	383799	408507	595140	619849	0.0	44239
CP035466.1	CP002824.1	98.859	24717	281	1	3122922	3147637	3381294	3406010	0.0	44080
CP035466.1	CP002824.1	98.452	24801	373	9	1152338	1177130	1380120	1404917	0.0	43661
CP035466.1	CP002824.1	98.427	24535	372	10	4766734	4791266	5154280	5178802	0.0	43157
CP035466.1	CP002824.1	99.295	22965	162	0	415889	438853	620037	643001	0.0	41511
CP035466.1	CP002824.1	99.194	22955	172	7	1502470	1525421	1720903	1743847	0.0	41353
CP035466.1	CP002824.1	98.519	23433	341	6	3291259	3314689	3571863	3595291	0.0	41345
CP035466.1	CP002824.1	98.937	22953	243	1	3979309	4002261	4278470	4301421	0.0	41033
CP035466.1	CP002824.1	99.108	21869	194	1	1764618	1786485	2039442	2061310	0.0	39303
CP035466.1	CP002824.1	98.642	22017	273	12	4293971	4315983	4649493	4671487	0.0	38978
CP035466.1	CP002824.1	99.040	21140	203	0	1731294	1752433	2006231	2027370	0.0	37914
CP035466.1	CP002824.1	98.906	20110	217	3	2297745	2317852	2586978	2607086	0.0	35914
CP035466.1	CP002824.1	98.918	20059	207	9	3357262	3377316	3643618	3663670	0.0	35831
CP035466.1	CP002824.1	99.096	19904	173	2	119835	139738	311494	331390	0.0	35752
CP035466.1	CP002824.1	98.978	18398	186	2	3751456	3769852	4024532	4042928	0.0	32932
CP035466.1	CP002824.1	98.909	17967	191	3	148214	166176	339696	357661	0.0	32088
CP035466.1	CP002824.1	99.220	17572	132	5	1	17569	221658	239227	0.0	31685
CP035466.1	CP002824.1	99.116	17425	151	3	1391427	1408849	1517530	1534953	0.0	31322
CP035466.1	CP002824.1	99.088	17318	147	2	5045125	5062441	199151	216458	0.0	31095
CP035466.1	CP002824.1	99.332	16173	106	2	4474407	4490579	4897160	4913330	0.0	29266
CP035466.1	CP002824.1	98.804	16301	190	5	2527646	2543942	2791149	2807448	0.0	29017
CP035466.1	CP002824.1	98.502	15885	236	2	4230469	4246352	4584472	4600355	0.0	28014
CP035466.1	CP002824.1	98.872	15698	177	0	1525276	1540973	1743867	1759564	0.0	28009
CP035466.1	CP002824.1	98.477	15759	231	8	3517854	3533610	3789927	3805678	0.0	27763
CP035466.1	CP002824.1	99.083	15164	132	6	635744	650906	841948	857105	0.0	27226
CP035466.1	CP002824.1	99.156	15055	125	2	1249841	1264893	1466161	1481215	0.0	27097
CP035466.1	CP002824.1	98.158	15472	280	3	4516065	4531531	4939532	4955003	0.0	26988
CP035466.1	CP002824.1	99.041	14804	141	1	450904	465707	655415	670217	0.0	26550
CP035466.1	CP002824.1	98.928	14834	159	0	63595	78428	253253	268086	0.0	26513
CP035466.1	CP002824.1	98.522	15018	220	2	4559084	4574100	4959037	4974053	0.0	26502
CP035466.1	CP002824.1	98.756	14385	177	2	3841087	3855470	4140315	4154698	0.0	25571
CP035466.1	CP002824.1	99.533	13930	65	0	1488534	1502463	1706775	1720704	0.0	25364
CP035466.1	CP002824.1	97.937	14303	293	2	4792184	4806485	5178795	5193096	0.0	24777
CP035466.1	CP002824.1	98.007	14150	280	2	4120170	4134318	4419960	4434108	0.0	24567
CP035466.1	CP002824.1	99.028	13575	131	1	4319140	4332713	4675317	4688891	0.0	24336
CP035466.1	CP002824.1	98.340	13557	224	1	4100171	4113727	4400554	4414109	0.0	23787
CP035466.1	CP002824.1	98.974	13259	135	1	3776286	3789543	4043482	4056740	0.0	23730
CP035466.1	CP002824.1	97.319	13690	360	4	1120530	1134217	1332283	1345967	0.0	23241
CP035466.1	CP002824.1	98.727	13035	164	2	1584436	1597470	1806270	1819302	0.0	23150
CP035466.1	CP002824.1	99.422	12462	60	6	5012809	5025259	179061	191521	0.0	22604
CP035466.1	CP002824.1	99.101	12566	113	0	2596117	2608682	2876479	2889044	0.0	22580
CP035466.1	CP002824.1	97.097	13365	384	4	1844085	1857447	2116620	2129982	0.0	22528
CP035466.1	CP002824.1	98.980	12451	122	4	1597541	1609988	1819309	1831757	0.0	22284
CP035466.1	CP002824.1	99.165	12335	100	3	1134138	1146471	1346052	1358384	0.0	22205
CP035466.1	CP002824.1	98.386	12640	181	6	509052	521688	721159	733778	0.0	22190
CP035466.1	CP002824.1	99.487	12091	62	0	1752479	1764569	2027368	2039458	0.0	21985
CP035466.1	CP002824.1	98.753	11870	148	0	3493932	3505801	3765201	3777070	0.0	21100
CP035466.1	CP002824.1	98.153	11369	178	7	4005083	4016420	4304866	4316233	0.0	19802
CP035466.1	CP002824.1	98.951	11055	116	0	4937601	4948655	103423	114477	0.0	19773
CP035466.1	CP002824.1	98.974	10822	109	2	618741	629560	825391	836212	0.0	19368
CP035466.1	CP002824.1	98.226	10877	190	2	1107316	1118190	1320809	1331684	0.0	19014
CP035466.1	CP002824.1	98.768	10469	129	0	78340	88808	269624	280092	0.0	18619
CP035466.1	CP002824.1	98.455	10418	155	3	608369	618780	814979	825396	0.0	18342
CP035466.1	CP002824.1	99.231	10139	78	0	4490837	4500975	4922310	4932448	0.0	18292
CP035466.1	CP002824.1	92.898	11969	823	27	4173013	4184967	4497924	4485969	0.0	17368
CP035466.1	CP002824.1	99.019	9484	89	4	17736	27216	239362	248844	0.0	16995
CP035466.1	CP002824.1	98.887	9437	105	0	374254	383690	585751	595187	0.0	16846
CP035466.1	CP002824.1	98.366	9178	147	3	1908111	1917286	2179594	2188770	0.0	16114
CP035466.1	CP002824.1	98.551	8972	130	0	3110444	3119415	3368862	3377833	0.0	15849
CP035466.1	CP002824.1	99.200	8498	68	0	331472	339969	523212	531709	0.0	15317
CP035466.1	CP002824.1	98.635	8571	114	2	4721104	4729672	5108708	5117277	0.0	15176
CP035466.1	CP002824.1	99.229	8040	60	2	1183146	1191184	1412879	1420917	0.0	14502
CP035466.1	CP002824.1	99.520	7915	38	0	1480468	1488382	1698832	1706746	0.0	14406
CP035466.1	CP002824.1	98.053	8269	159	2	139881	148148	331438	339705	0.0	14377
CP035466.1	CP002824.1	97.557	8392	179	11	3484675	3493054	3756804	3765181	0.0	14338
CP035466.1	CP002824.1	99.011	7786	77	0	443217	451002	647611	655396	0.0	13952
CP035466.1	CP002824.1	98.281	7855	133	2	2551894	2559748	2818448	2826300	0.0	13756
CP035466.1	CP002824.1	97.831	7885	144	11	1899869	1907731	2171632	2179511	0.0	13588
CP035466.1	CP002824.1	98.897	7256	79	1	970892	978146	1182085	1189340	0.0	12955
CP035466.1	CP002824.1	98.978	7239	70	2	2543937	2551171	2807514	2814752	0.0	12955
CP035466.1	CP002824.1	99.168	6855	57	0	5025216	5032070	192339	199193	0.0	12344
CP035466.1	CP002824.1	98.490	6954	105	0	3510771	3517724	3781648	3788601	0.0	12261
CP035466.1	CP002824.1	99.370	6352	39	1	1925521	1931872	2199194	2205544	0.0	11507
CP035466.1	CP002824.1	99.384	6169	38	0	557796	563964	768837	775005	0.0	11182
CP035466.1	CP002824.1	99.156	5921	50	0	922298	928218	1132630	1138550	0.0	10658
CP035466.1	CP002824.1	98.592	5966	81	3	1177131	1183094	1406550	1412514	0.0	10549
CP035466.1	CP002824.1	99.036	5705	35	15	2259094	2264786	1604218	1609914	0.0	10213
CP035466.1	CP002824.1	98.876	5696	64	0	629991	635686	836287	841982	0.0	10165
CP035466.1	CP002824.1	98.953	5633	41	13	1474829	1480449	1693351	1698977	0.0	10059
CP035466.1	CP002824.1	98.003	5708	114	0	1191221	1196928	1421699	1427406	0.0	9910
CP035466.1	CP002824.1	98.984	5513	56	0	928186	933698	1138643	1144155	0.0	9871
CP035466.1	CP002824.1	99.538	5417	23	2	1519960	1525375	2128092	2133507	0.0	9864
CP035466.1	CP002824.1	98.689	5491	48	15	1386103	1391572	1512023	1517510	0.0	9720
CP035466.1	CP002824.1	98.601	5503	50	18	1295138	1300636	1693351	1698830	0.0	9710
CP035466.1	CP002824.1	99.293	5372	33	5	1520053	1525421	1512141	1517510	0.0	9705
CP035466.1	CP002824.1	99.586	5315	21	1	778342	783655	2133407	2128093	0.0	9692
CP035466.1	CP002824.1	99.192	5325	37	5	1386206	1391526	2128185	2133507	0.0	9590
CP035466.1	CP002824.1	99.155	5328	45	0	3041014	3046341	3336042	3341369	0.0	9590
CP035466.1	CP002824.1	99.210	5315	32	7	778342	783655	1743700	1738395	0.0	9574
CP035466.1	CP002824.1	98.846	5371	48	10	1386206	1391572	1738487	1743847	0.0	9563
CP035466.1	CP002824.1	98.385	5449	64	15	1386044	1391471	222026	216581	0.0	9553
CP035466.1	CP002824.1	99.262	5288	31	8	1520053	1525334	221850	216565	0.0	9542
CP035466.1	CP002824.1	99.349	5225	29	5	778342	783563	1517363	1512141	0.0	9455
CP035466.1	CP002824.1	99.273	5230	35	3	778336	783563	216622	221850	0.0	9444
CP035466.1	CP002824.1	99.234	5220	32	8	1295256	1300472	2536770	2541984	0.0	9411
CP035466.1	CP002824.1	99.478	5172	23	3	1855559	1860728	997962	992793	0.0	9398
CP035466.1	CP002824.1	99.400	5168	24	7	1295308	1300472	1604360	1609523	0.0	9365
CP035466.1	CP002824.1	98.850	5219	42	13	1474932	1480136	2536770	2541984	0.0	9289
CP035466.1	CP002824.1	98.831	5220	43	13	2259187	2264395	1693454	1698666	0.0	9286
CP035466.1	CP002824.1	98.368	5207	85	0	1917398	1922604	2188756	2193962	0.0	9145
CP035466.1	CP002824.1	98.658	5066	66	2	933773	938836	1144185	1149250	0.0	8977
CP035466.1	CP002824.1	98.980	5001	51	0	1146916	1151916	1358428	1363428	0.0	8953
CP035466.1	CP002824.1	99.415	4788	28	0	2609239	2614026	2889058	2893845	0.0	8687
CP035466.1	CP002824.1	97.297	5031	125	11	4368453	4373477	4792793	4797818	0.0	8527
CP035466.1	CP002824.1	98.824	4760	52	3	3384867	3389624	3663654	3668411	0.0	8477
CP035466.1	CP002824.1	98.082	4850	91	2	4332693	4337541	4708590	4713438	0.0	8440
CP035466.1	CP002824.1	98.422	4626	72	1	4284025	4288650	4640222	4644846	0.0	8137
CP035466.1	CP002824.1	98.315	4628	78	0	3833516	3838143	4130795	4135422	0.0	8115
CP035466.1	CP002824.1	98.927	4380	47	0	4288654	4293033	4644975	4649354	0.0	7829
CP035466.1	CP002824.1	99.056	4342	39	2	3505894	3510233	3777239	3781580	0.0	7790
CP035466.1	CP002824.1	98.987	4343	44	0	438879	443221	643148	647490	0.0	7777
CP035466.1	CP002824.1	99.056	4130	39	0	2290847	2294976	2568768	2572897	0.0	7411
CP035466.1	CP002824.1	97.507	4011	92	3	2202132	2206135	2479548	2483557	0.0	6846
CP035466.1	CP002824.1	98.165	3923	71	1	4116220	4120142	4415537	4419458	0.0	6844
CP035466.1	CP002824.1	99.463	3537	17	2	778052	781588	992504	996038	0.0	6425
CP035466.1	CP002824.1	99.186	3561	23	5	1857482	1861040	1514119	1517675	0.0	6410
CP035466.1	CP002824.1	98.900	3547	33	5	1477069	1480612	1740469	1744012	0.0	6329
CP035466.1	CP002824.1	98.248	3596	63	0	3790561	3794156	4056812	4060407	0.0	6292
CP035466.1	CP002824.1	98.568	3562	37	10	1857482	1861040	1740462	1744012	0.0	6283
CP035466.1	CP002824.1	98.622	3555	33	9	1477069	1480612	1514126	1517675	0.0	6279
CP035466.1	CP002824.1	99.469	3389	14	4	1388186	1391572	1695590	1698976	0.0	6156
CP035466.1	CP002824.1	98.950	3430	27	8	1857452	1860876	1695552	1698977	0.0	6126
CP035466.1	CP002824.1	99.292	3389	20	4	1522035	1525421	1695590	1698976	0.0	6122
CP035466.1	CP002824.1	99.314	3351	17	5	1857482	1860829	2130160	2133507	0.0	6056
CP035466.1	CP002824.1	99.043	3345	17	8	1477069	1480402	2130167	2133507	0.0	5986
CP035466.1	CP002824.1	99.272	3296	18	5	1857482	1860774	219873	216581	0.0	5949
CP035466.1	CP002824.1	97.476	3486	79	8	2051299	2054776	948823	952307	0.0	5941
CP035466.1	CP002824.1	99.661	3247	10	1	1388179	1391425	996038	992793	0.0	5934
CP035466.1	CP002824.1	99.238	3280	23	2	1297359	1300638	996068	992791	0.0	5917
CP035466.1	CP002824.1	99.538	3247	14	1	1522028	1525274	996038	992793	0.0	5912
CP035466.1	CP002824.1	99.599	3241	12	1	1297397	1300636	2130167	2133407	0.0	5912
CP035466.1	CP002824.1	99.537	3242	12	3	778342	781581	1698830	1695590	0.0	5901
CP035466.1	CP002824.1	99.475	3240	16	1	1297397	1300636	219866	216628	0.0	5888
CP035466.1	CP002824.1	99.475	3240	15	2	1297397	1300636	1514126	1517363	0.0	5888
CP035466.1	CP002824.1	98.851	3307	19	12	1477069	1480361	219866	216565	0.0	5879
CP035466.1	CP002824.1	99.136	3241	18	7	1297397	1300636	1740469	1743700	0.0	5821
CP035466.1	CP002824.1	98.750	3280	28	9	1477031	1480301	996068	992793	0.0	5818
CP035466.1	CP002824.1	98.843	3198	32	2	3214707	3217899	3495363	3498560	0.0	5696
CP035466.1	CP002824.1	99.176	3156	26	0	4506529	4509684	4934435	4937590	0.0	5685
CP035466.1	CP002824.1	99.643	3078	8	3	1388186	1391261	1606447	1609523	0.0	5620
CP035466.1	CP002824.1	99.643	3078	8	3	1388186	1391261	2538908	2541984	0.0	5620
CP035466.1	CP002824.1	99.230	3116	19	5	1857452	1860563	1606409	1609523	0.0	5616
CP035466.1	CP002824.1	99.230	3116	19	5	1857452	1860563	2538870	2541984	0.0	5616
CP035466.1	CP002824.1	99.578	3078	10	3	778506	781581	1609523	1606447	0.0	5609
CP035466.1	CP002824.1	99.578	3078	10	3	778506	781581	2541984	2538908	0.0	5609
CP035466.1	CP002824.1	99.545	3078	11	3	1522035	1525110	1606447	1609523	0.0	5603
CP035466.1	CP002824.1	99.545	3078	11	3	1522035	1525110	2538908	2541984	0.0	5603
CP035466.1	CP002824.1	99.474	3041	14	2	2261326	2264365	1740469	1743508	0.0	5526
CP035466.1	CP002824.1	99.377	3050	8	5	2261326	2264365	2130167	2133215	0.0	5517
CP035466.1	CP002824.1	98.963	3086	22	7	2261288	2264365	996068	992985	0.0	5513
CP035466.1	CP002824.1	99.344	3049	9	5	2261326	2264365	219866	216820	0.0	5509
CP035466.1	CP002824.1	99.344	3049	8	6	2261326	2264365	1514126	1517171	0.0	5509
CP035466.1	CP002824.1	96.294	3319	115	5	3150759	3154070	3407455	3410772	0.0	5441
CP035466.1	CP002824.1	98.899	2906	29	3	3119467	3122371	3377818	3380721	0.0	5186
CP035466.1	CP002824.1	97.752	2980	40	3	4317080	4320034	4671327	4674304	0.0	5107
CP035466.1	CP002824.1	94.816	2739	109	14	4188673	4191402	4541888	4544602	0.0	4241
CP035466.1	CP002824.1	96.909	2394	70	4	3533329	3535720	1831656	1834047	0.0	4008
CP035466.1	CP002824.1	95.937	2215	84	6	1609888	1612098	3806028	3808240	0.0	3587
CP035466.1	CP002824.1	98.113	2014	38	0	4002234	4004247	4302813	4304826	0.0	3509
CP035466.1	CP002824.1	97.244	2068	57	0	4552430	4554497	4784896	4786963	0.0	3504
CP035466.1	CP002824.1	99.370	1904	12	0	1519960	1521863	2536677	2538580	0.0	3450
CP035466.1	CP002824.1	99.318	1905	13	0	2259093	2260997	2128091	2129995	0.0	3446
CP035466.1	CP002824.1	97.748	1998	32	12	1295077	1297068	222028	220038	0.0	3428
CP035466.1	CP002824.1	99.107	1904	17	0	2259094	2260997	1738394	1740297	0.0	3422
CP035466.1	CP002824.1	99.157	1899	14	2	2259091	2260987	997966	996068	0.0	3417
CP035466.1	CP002824.1	99.156	1896	15	1	1855557	1857452	2536676	2538570	0.0	3411
CP035466.1	CP002824.1	98.899	1907	21	0	781753	783659	2538580	2536674	0.0	3406
CP035466.1	CP002824.1	99.154	1891	14	2	1519961	1521850	997962	996073	0.0	3402
CP035466.1	CP002824.1	99.154	1891	15	1	1855558	1857447	1738394	1740284	0.0	3402
CP035466.1	CP002824.1	98.539	1916	22	5	1519950	1521863	1604208	1606119	0.0	3378
CP035466.1	CP002824.1	97.838	1943	34	7	1855512	1857452	1604173	1606109	0.0	3349
CP035466.1	CP002824.1	98.076	1923	33	3	4509594	4511514	4939421	4937501	0.0	3343
CP035466.1	CP002824.1	98.319	1904	28	3	781753	783655	1606119	1604219	0.0	3336
CP035466.1	CP002824.1	96.880	1987	40	13	1474775	1476740	1511969	1513954	0.0	3306
CP035466.1	CP002824.1	99.007	1813	16	2	1295256	1297068	1738487	1740297	0.0	3247
CP035466.1	CP002824.1	99.007	1812	13	4	1386206	1388014	1604310	1606119	0.0	3241
CP035466.1	CP002824.1	98.842	1813	19	2	2259187	2260997	221850	220038	0.0	3230
CP035466.1	CP002824.1	98.842	1814	18	3	2259187	2260997	1512141	1513954	0.0	3230
CP035466.1	CP002824.1	98.621	1813	23	2	1295256	1297068	2128185	2129995	0.0	3208
CP035466.1	CP002824.1	98.726	1805	19	4	1295256	1297058	997870	996068	0.0	3203
CP035466.1	CP002824.1	98.778	1801	18	4	1855651	1857447	1512141	1513941	0.0	3201
CP035466.1	CP002824.1	98.778	1800	19	3	1855651	1857447	221850	220051	0.0	3199
CP035466.1	CP002824.1	98.510	1812	23	3	1474932	1476740	1738487	1740297	0.0	3193
CP035466.1	CP002824.1	96.584	1932	44	13	1474829	1476740	221967	220038	0.0	3182
CP035466.1	CP002824.1	98.344	1812	26	3	1520053	1521863	1693454	1695262	0.0	3177
CP035466.1	CP002824.1	98.289	1812	27	3	1386206	1388014	2536770	2538580	0.0	3171
CP035466.1	CP002824.1	98.336	1803	25	4	1855651	1857452	1693454	1695252	0.0	3158
CP035466.1	CP002824.1	98.124	1812	30	3	781753	783563	1695262	1693454	0.0	3155
CP035466.1	CP002824.1	98.124	1812	30	3	1474932	1476740	2128185	2129995	0.0	3155
CP035466.1	CP002824.1	98.282	1804	24	6	1386206	1388005	997870	996070	0.0	3153
CP035466.1	CP002824.1	99.311	1742	12	0	4501662	4503403	4932699	4934440	0.0	3151
CP035466.1	CP002824.1	98.226	1804	26	5	1474932	1476730	997870	996068	0.0	3149
CP035466.1	CP002824.1	97.188	1778	48	1	4554543	4556318	4787390	4789167	0.0	3005
CP035466.1	CP002824.1	79.493	3867	722	56	3349799	3353628	4273198	4277030	0.0	2682
CP035466.1	CP002824.1	79.408	3851	720	60	3973471	3977286	3636322	3640134	0.0	2651
CP035466.1	CP002824.1	97.393	1419	28	8	1234258	1235673	1464751	1466163	0.0	2407
CP035466.1	CP002824.1	96.507	1374	45	3	4137534	4138907	1412509	1411139	0.0	2268
CP035466.1	CP002824.1	95.560	1374	58	3	1181719	1183089	4451826	4450453	0.0	2196
CP035466.1	CP002824.1	97.181	1277	36	0	1921835	1923111	2197482	2198758	0.0	2159
CP035466.1	CP002824.1	98.987	1185	12	0	1484698	1485882	1025129	1023945	0.0	2122
CP035466.1	CP002824.1	98.650	1185	16	0	809638	810822	1704246	1703062	0.0	2100
CP035466.1	CP002824.1	76.982	3810	789	78	3956111	3959874	1544140	1547907	0.0	2097
CP035466.1	CP002824.1	96.885	1252	37	2	4641914	4643165	5039608	5038359	0.0	2095
CP035466.1	CP002824.1	93.808	1389	85	1	4543604	4544991	4524751	4526139	0.0	2087
CP035466.1	CP002824.1	76.873	3805	802	71	1414754	1418521	4255854	4259617	0.0	2080
CP035466.1	CP002824.1	96.546	1245	43	0	4650960	4652204	5030562	5029318	0.0	2061
CP035466.1	CP002824.1	89.425	1617	167	4	374978	376592	2851121	2849507	0.0	2036
CP035466.1	CP002824.1	89.074	1620	173	4	2569899	2571516	588089	586472	0.0	2008
CP035466.1	CP002824.1	92.044	1282	102	0	4585010	4586291	4981180	4982461	0.0	1803
CP035466.1	CP002824.1	95.692	1091	47	0	3148608	3149698	3406043	3407133	0.0	1755
CP035466.1	CP002824.1	85.539	1632	230	4	3618067	3619695	3925579	3923951	0.0	1701
CP035466.1	CP002824.1	97.755	980	22	0	369400	370379	584745	585724	0.0	1688
CP035466.1	CP002824.1	84.856	1631	243	4	3649968	3651596	3892235	3890607	0.0	1640
CP035466.1	CP002824.1	98.377	924	11	4	508061	508983	712108	713028	0.0	1620
CP035466.1	CP002824.1	97.403	924	24	0	61570	62493	249274	250197	0.0	1574
CP035466.1	CP002824.1	91.184	1157	78	13	4113798	4114948	4414189	4415327	0.0	1550
CP035466.1	CP002824.1	97.982	892	18	0	3483774	3484665	4499483	4498592	0.0	1548
CP035466.1	CP002824.1	75.896	3124	692	57	774077	777168	2772235	2769141	0.0	1541
CP035466.1	CP002824.1	75.901	3108	690	55	2505528	2508607	991759	988683	0.0	1535
CP035466.1	CP002824.1	85.094	1496	217	6	2656670	2658162	2294273	2292781	0.0	1522
CP035466.1	CP002824.1	84.605	1494	222	8	2015487	2016976	2937648	2936159	0.0	1478
CP035466.1	CP002824.1	97.073	820	12	1	1921785	1922604	2195490	2196297	0.0	1371
CP035466.1	CP002824.1	80.032	1868	349	22	4660117	4661972	5044653	5046508	0.0	1362
CP035466.1	CP002824.1	79.786	1865	359	18	4657244	4659099	5047526	5049381	0.0	1339
CP035466.1	CP002824.1	93.750	864	54	0	3839494	3840357	4136740	4137603	0.0	1297
CP035466.1	CP002824.1	96.632	772	26	0	2318839	2319610	2607712	2608483	0.0	1282
CP035466.1	CP002824.1	94.591	795	42	1	3838615	3839408	4138066	4138860	0.0	1229
CP035466.1	CP002824.1	87.864	1030	113	12	2968054	2969077	3962083	3961060	0.0	1199
CP035466.1	CP002824.1	83.868	1277	183	21	3687099	3688367	3246743	3245482	0.0	1195
CP035466.1	CP002824.1	98.107	581	11	0	3356607	3357187	3643044	3643624	0.0	1013
CP035466.1	CP002824.1	98.911	551	6	0	3855543	3856093	4156568	4157118	0.0	985
CP035466.1	CP002824.1	96.333	600	19	3	2317773	2318370	2607112	2607710	0.0	983
CP035466.1	CP002824.1	82.095	1117	192	8	4583733	4584846	4979526	4980637	0.0	948
CP035466.1	CP002824.1	96.751	554	18	0	5040331	5040884	4543625	4544178	0.0	924
CP035466.1	CP002824.1	96.147	545	21	0	3770006	3770550	4042928	4043472	0.0	891
CP035466.1	CP002824.1	98.600	500	7	0	4316944	4317443	4673413	4673912	0.0	885
CP035466.1	CP002824.1	75.219	1941	439	35	419756	421675	93814	91895	0.0	881
CP035466.1	CP002824.1	79.902	1224	229	15	3972039	3973255	3634887	3636100	0.0	881
CP035466.1	CP002824.1	98.403	501	8	0	4316943	4317443	4675319	4675819	0.0	881
CP035466.1	CP002824.1	75.116	1941	441	37	4925865	4927784	625823	623904	0.0	870
CP035466.1	CP002824.1	79.592	1225	231	17	3348381	3349594	4271783	4272999	0.0	859
CP035466.1	CP002824.1	77.164	1467	329	6	4598787	4600249	4990003	4991467	0.0	848
CP035466.1	CP002824.1	78.490	1232	237	23	4381905	4383122	427168	428385	0.0	782
CP035466.1	CP002824.1	78.328	1232	239	24	235484	236701	4806084	4807301	0.0	771
CP035466.1	CP002824.1	80.789	989	186	4	4597544	4598530	4980526	4979540	0.0	771
CP035466.1	CP002824.1	77.655	1262	269	12	2085063	2086319	8466	7213	0.0	756
CP035466.1	CP002824.1	96.696	454	15	0	4551986	4552439	4782496	4782949	0.0	756
CP035466.1	CP002824.1	97.424	427	11	0	564125	564551	783493	783919	0.0	728
CP035466.1	CP002824.1	85.592	701	92	8	4531786	4532480	4484335	4485032	0.0	726
CP035466.1	CP002824.1	86.822	645	60	20	3794786	3795411	4088371	4089009	0.0	697
CP035466.1	CP002824.1	97.094	413	12	0	635742	636154	4400587	4400175	0.0	697
CP035466.1	CP002824.1	93.478	460	29	1	629530	629989	3152655	3153113	0.0	682
CP035466.1	CP002824.1	94.931	434	13	7	3214436	3214866	3498514	3498941	0.0	671
CP035466.1	CP002824.1	99.449	363	1	1	1151896	1152258	1379140	1379501	0.0	658
CP035466.1	CP002824.1	97.409	386	10	0	3838208	3838593	4135858	4136243	0.0	658
CP035466.1	CP002824.1	93.651	441	27	1	4552000	4552439	4534665	4535105	0.0	658
CP035466.1	CP002824.1	95.833	408	15	2	4319279	4319686	4671327	4671732	0.0	658
CP035466.1	CP002824.1	94.131	426	25	0	741559	741984	947831	948256	0.0	649
CP035466.1	CP002824.1	94.009	434	9	5	3794146	3794579	4063247	4063663	1.56e-180	641
CP035466.1	CP002824.1	92.274	453	24	9	3170944	3171395	3100211	3099769	9.40e-178	632
CP035466.1	CP002824.1	95.420	393	16	2	3533220	3533610	3805377	3805769	1.57e-175	625
CP035466.1	CP002824.1	74.983	1431	318	31	3688894	3690300	3244958	3243544	5.66e-175	623
CP035466.1	CP002824.1	87.034	563	58	9	1880520	1881074	2152720	2153275	2.03e-174	621
CP035466.1	CP002824.1	86.762	559	67	5	1880223	1880778	2153017	2153571	9.46e-173	616
CP035466.1	CP002824.1	95.153	392	16	3	3533220	3533610	3805468	3805857	9.46e-173	616
CP035466.1	CP002824.1	93.873	408	21	4	5012429	5012836	3099808	3100211	1.22e-171	612
CP035466.1	CP002824.1	94.710	397	15	5	3533216	3533610	3805556	3805948	1.22e-171	612
CP035466.1	CP002824.1	93.062	418	25	4	629576	629993	841948	842361	1.58e-170	608
CP035466.1	CP002824.1	88.757	507	42	12	119301	119800	311095	311593	5.70e-170	606
CP035466.1	CP002824.1	82.870	683	109	5	3394928	3395604	4485013	4484333	5.70e-170	606
CP035466.1	CP002824.1	73.748	1638	388	35	1329230	1330848	4985790	4984176	2.05e-169	604
CP035466.1	CP002824.1	92.235	425	30	3	635735	636159	3100224	3099803	9.53e-168	599
CP035466.1	CP002824.1	87.856	527	43	14	2073930	2074453	3153165	3152657	9.53e-168	599
CP035466.1	CP002824.1	92.056	428	31	3	635730	636154	3152686	3153113	9.53e-168	599
CP035466.1	CP002824.1	90.869	449	35	6	629541	629989	3100250	3099808	3.43e-167	597
CP035466.1	CP002824.1	92.961	412	25	4	5012428	5012837	3428030	3427621	3.43e-167	597
CP035466.1	CP002824.1	90.769	455	31	9	2820735	2821179	3428075	3427622	3.43e-167	597
CP035466.1	CP002824.1	90.414	459	34	6	2820737	2821185	842404	841946	1.23e-166	595
CP035466.1	CP002824.1	90.108	465	37	7	148015	148475	3427615	3428074	1.23e-166	595
CP035466.1	CP002824.1	92.381	420	29	3	629572	629991	4400589	4400173	1.23e-166	595
CP035466.1	CP002824.1	93.734	399	17	7	3533216	3533610	3805646	3806040	1.60e-165	592
CP035466.1	CP002824.1	92.701	411	27	1	148018	148425	3152700	3153110	5.74e-165	590
CP035466.1	CP002824.1	91.924	421	32	2	629574	629994	3427616	3428034	2.06e-164	588
CP035466.1	CP002824.1	91.847	417	33	1	5012429	5012845	842358	841943	3.45e-162	580
CP035466.1	CP002824.1	90.200	449	38	6	3170953	3171397	841960	842406	3.45e-162	580
CP035466.1	CP002824.1	91.827	416	32	2	3170938	3171351	3152698	3153113	1.24e-161	579
CP035466.1	CP002824.1	92.929	396	28	0	3482646	3483041	5275647	5275252	4.47e-161	577
CP035466.1	CP002824.1	89.247	465	40	8	148015	148474	841945	842404	5.78e-160	573
CP035466.1	CP002824.1	91.932	409	31	2	1146468	1146876	357971	357565	2.08e-159	571
CP035466.1	CP002824.1	74.891	1382	284	50	4339496	4340845	428386	427036	2.08e-159	571
CP035466.1	CP002824.1	99.060	319	2	1	1649268	1649586	1870079	1870396	2.08e-159	571
CP035466.1	CP002824.1	90.741	432	35	5	635756	636185	3427631	3428059	2.08e-159	571
CP035466.1	CP002824.1	91.951	410	30	3	5012428	5012836	4400174	4400581	2.08e-159	571
CP035466.1	CP002824.1	92.574	404	15	3	777840	778229	216356	216758	9.67e-158	566
CP035466.1	CP002824.1	88.985	463	44	7	2820776	2821232	3153113	3152652	9.67e-158	566
CP035466.1	CP002824.1	90.974	421	29	8	148016	148433	3100217	3099803	1.62e-155	558
CP035466.1	CP002824.1	97.846	325	3	1	3218020	3218340	3495464	3495788	1.62e-155	558
CP035466.1	CP002824.1	89.640	444	38	6	148018	148456	4400585	4400145	1.62e-155	558
CP035466.1	CP002824.1	91.241	411	33	3	2820776	2821183	4400175	4400585	5.82e-155	556
CP035466.1	CP002824.1	90.330	424	35	6	3170953	3171372	4400573	4400152	2.71e-153	551
CP035466.1	CP002824.1	96.646	328	11	0	3171013	3171340	2568670	2568343	1.26e-151	545
CP035466.1	CP002824.1	81.509	676	111	14	3102679	3103347	3359141	3359809	4.53e-151	544
CP035466.1	CP002824.1	93.443	366	22	2	2073978	2074342	3172628	3172992	1.63e-150	542
CP035466.1	CP002824.1	94.350	354	16	4	242257	242610	3100151	3099802	5.86e-150	540
CP035466.1	CP002824.1	90.534	412	33	6	5012429	5012836	3153113	3152704	5.86e-150	540
CP035466.1	CP002824.1	96.061	330	13	0	242259	242588	3427686	3428015	2.11e-149	538
CP035466.1	CP002824.1	95.266	338	15	1	741860	742196	948820	949157	2.73e-148	534
CP035466.1	CP002824.1	81.268	678	109	18	3100937	3101605	3360883	3361551	9.81e-148	532
CP035466.1	CP002824.1	94.253	348	17	1	148087	148431	433942	434289	1.27e-146	529
CP035466.1	CP002824.1	94.970	338	16	1	741860	742196	2328706	2329043	1.27e-146	529
CP035466.1	CP002824.1	92.663	368	23	4	2893170	2893534	2351399	2351765	4.56e-146	527
CP035466.1	CP002824.1	94.203	345	20	0	242259	242603	3152769	3153113	4.56e-146	527
CP035466.1	CP002824.1	90.633	395	35	1	2614030	2614424	842404	842012	5.90e-145	523
CP035466.1	CP002824.1	90.291	412	23	11	148020	148425	2568734	2568334	5.90e-145	523
CP035466.1	CP002824.1	95.152	330	16	0	3171008	3171337	433942	434271	2.12e-144	521
CP035466.1	CP002824.1	94.659	337	17	1	2614086	2614422	2351411	2351746	2.12e-144	521
CP035466.1	CP002824.1	94.395	339	19	0	629650	629988	2568670	2568332	2.12e-144	521
CP035466.1	CP002824.1	91.799	378	23	8	1649314	1649687	673963	673590	7.63e-144	520
CP035466.1	CP002824.1	93.220	354	20	4	2820770	2821119	434293	433940	2.75e-143	518
CP035466.1	CP002824.1	93.895	344	20	1	242259	242602	2568674	2568332	2.75e-143	518
CP035466.1	CP002824.1	89.461	408	42	1	5012429	5012836	357971	357565	3.55e-142	514
CP035466.1	CP002824.1	89.209	417	35	10	635744	636155	357561	357972	1.28e-141	512
CP035466.1	CP002824.1	93.123	349	24	0	242257	242605	842012	842360	1.28e-141	512
CP035466.1	CP002824.1	89.372	414	30	11	5012430	5012839	2568332	2568735	1.65e-140	508
CP035466.1	CP002824.1	88.318	428	45	4	1146468	1146892	3153113	3152688	1.65e-140	508
CP035466.1	CP002824.1	93.084	347	24	0	242257	242603	4400521	4400175	1.65e-140	508
CP035466.1	CP002824.1	92.837	349	25	0	635808	636156	433940	434288	5.94e-140	507
CP035466.1	CP002824.1	89.487	409	32	8	635748	636153	2568732	2568332	5.94e-140	507
CP035466.1	CP002824.1	90.102	394	34	3	2958980	2959369	3236746	3237138	5.94e-140	507
CP035466.1	CP002824.1	89.216	408	39	3	2959052	2959455	3236674	3237080	2.14e-139	505
CP035466.1	CP002824.1	92.816	348	24	1	5012429	5012776	434286	433940	7.69e-139	503
CP035466.1	CP002824.1	92.351	353	25	2	2073982	2074333	842358	842007	2.77e-138	501
CP035466.1	CP002824.1	93.510	339	19	3	2820777	2821112	2568332	2568670	2.77e-138	501
CP035466.1	CP002824.1	86.279	481	41	17	2073982	2074461	3099808	3100264	9.95e-138	499
CP035466.1	CP002824.1	91.176	374	21	6	2614106	2614479	3172660	3173021	3.58e-137	497
CP035466.1	CP002824.1	85.895	475	49	11	629532	629989	2351876	2351403	5.99e-135	490
CP035466.1	CP002824.1	92.000	350	26	2	2073982	2074330	4400175	4400523	5.99e-135	490
CP035466.1	CP002824.1	92.174	345	27	0	629645	629989	433942	434286	2.15e-134	488
CP035466.1	CP002824.1	88.293	410	44	4	1146468	1146876	842358	841952	2.15e-134	488
CP035466.1	CP002824.1	94.340	318	18	0	3597529	3597846	3869922	3870239	2.15e-134	488
CP035466.1	CP002824.1	91.549	355	27	3	1146530	1146884	3427967	3427616	7.74e-134	486
CP035466.1	CP002824.1	94.822	309	16	0	2614144	2614452	434220	433912	1.00e-132	483
CP035466.1	CP002824.1	91.243	354	29	2	2893174	2893526	842358	842006	3.60e-132	481
CP035466.1	CP002824.1	90.237	379	21	15	1	369	1512334	1511962	3.60e-132	481
CP035466.1	CP002824.1	99.620	263	1	0	1300506	1300768	2542113	2542375	3.60e-132	481
CP035466.1	CP002824.1	88.889	396	37	7	2614028	2614422	3428075	3427686	3.60e-132	481
CP035466.1	CP002824.1	85.477	482	45	19	2820776	2821232	2351403	2351884	1.30e-131	479
CP035466.1	CP002824.1	92.059	340	27	0	635815	636154	2351742	2351403	1.30e-131	479
CP035466.1	CP002824.1	92.308	338	25	1	3456383	3456719	2568334	2568671	1.30e-131	479
CP035466.1	CP002824.1	97.183	284	7	1	2893235	2893517	3427969	3427686	1.30e-131	479
CP035466.1	CP002824.1	92.059	340	25	2	2614086	2614424	4400183	4400521	4.66e-131	477
CP035466.1	CP002824.1	90.756	357	31	2	3384265	3384619	4499938	4499582	1.68e-130	475
CP035466.1	CP002824.1	91.594	345	25	4	3456375	3456718	3099803	3100144	6.03e-130	473
CP035466.1	CP002824.1	92.683	328	24	0	2073994	2074321	3428018	3427691	6.03e-130	473
CP035466.1	CP002824.1	91.329	346	29	1	2893173	2893517	3153114	3152769	2.17e-129	472
CP035466.1	CP002824.1	91.988	337	26	1	3456383	3456718	3153110	3152774	2.17e-129	472
CP035466.1	CP002824.1	93.396	318	21	0	3597403	3597720	3870048	3870365	2.17e-129	472
CP035466.1	CP002824.1	89.946	368	34	3	3456356	3456720	4400149	4400516	2.17e-129	472
CP035466.1	CP002824.1	98.155	271	4	1	4501146	4501416	4932438	4932707	2.17e-129	472
CP035466.1	CP002824.1	90.678	354	31	2	635802	636154	3172984	3172632	7.80e-129	470
CP035466.1	CP002824.1	91.304	345	29	1	242259	242603	3172975	3172632	7.80e-129	470
CP035466.1	CP002824.1	94.463	307	14	3	3533307	3533610	3805282	3805588	7.80e-129	470
CP035466.1	CP002824.1	90.678	354	31	2	2893174	2893526	4400175	4400527	7.80e-129	470
CP035466.1	CP002824.1	84.917	484	49	20	1146465	1146938	2568328	2568797	2.80e-128	468
CP035466.1	CP002824.1	90.055	362	35	1	2073983	2074344	2568332	2568692	2.80e-128	468
CP035466.1	CP002824.1	91.304	345	26	2	148087	148428	3172975	3172632	2.80e-128	468
CP035466.1	CP002824.1	89.835	364	35	2	3456357	3456718	842382	842019	1.01e-127	466
CP035466.1	CP002824.1	92.073	328	26	0	3171013	3171340	2351742	2351415	1.30e-126	462
CP035466.1	CP002824.1	87.286	409	47	5	1146468	1146876	3099808	3100211	1.30e-126	462
CP035466.1	CP002824.1	90.368	353	31	3	3456377	3456727	434289	433938	4.69e-126	460
CP035466.1	CP002824.1	97.753	267	6	0	1731021	1731287	2006044	2006310	4.69e-126	460
CP035466.1	CP002824.1	90.423	355	27	6	2893174	2893526	3099808	3100157	4.69e-126	460
CP035466.1	CP002824.1	87.105	411	47	5	1146468	1146876	4400175	4400581	4.69e-126	460
CP035466.1	CP002824.1	96.739	276	8	1	2893243	2893517	434217	433942	1.69e-125	459
CP035466.1	CP002824.1	89.722	360	36	1	2893175	2893534	2568332	2568690	1.69e-125	459
CP035466.1	CP002824.1	89.560	364	34	4	3456357	3456718	3428052	3427691	1.69e-125	459
CP035466.1	CP002824.1	87.786	393	44	4	3456380	3456771	3172632	3173021	6.07e-125	457
CP035466.1	CP002824.1	90.517	348	26	5	2073982	2074325	434286	433942	7.85e-124	453
CP035466.1	CP002824.1	90.435	345	32	1	242259	242603	2351746	2351403	7.85e-124	453
CP035466.1	CP002824.1	91.071	336	29	1	2614087	2614422	2568340	2568674	7.85e-124	453
CP035466.1	CP002824.1	90.435	345	32	1	629645	629989	3172975	3172632	7.85e-124	453
CP035466.1	CP002824.1	95.423	284	12	1	3171008	3171291	3172975	3172693	2.82e-123	451
CP035466.1	CP002824.1	95.105	286	12	2	2614139	2614424	3099868	3100151	1.02e-122	449
CP035466.1	CP002824.1	90.323	341	32	1	5012429	5012769	2351403	2351742	1.31e-121	446
CP035466.1	CP002824.1	90.746	335	29	2	2614089	2614422	3153102	3152769	1.31e-121	446
CP035466.1	CP002824.1	90.294	340	30	1	148092	148428	2351742	2351403	1.70e-120	442
CP035466.1	CP002824.1	85.885	418	54	5	2820771	2821184	357976	357560	6.11e-120	440
CP035466.1	CP002824.1	90.323	341	26	6	1860598	1860937	992680	992346	6.11e-120	440
CP035466.1	CP002824.1	90.294	340	28	3	1480171	1480510	992680	992346	6.11e-120	440
CP035466.1	CP002824.1	95.956	272	9	1	4553891	4554162	4540215	4540484	6.11e-120	440
CP035466.1	CP002824.1	89.235	353	35	3	2820776	2821125	3172632	3172984	2.20e-119	438
CP035466.1	CP002824.1	88.611	360	34	7	5012426	5012782	3172629	3172984	3.68e-117	431
CP035466.1	CP002824.1	89.443	341	35	1	3456380	3456719	2351403	2351743	1.32e-116	429
CP035466.1	CP002824.1	93.993	283	15	2	3533239	3533520	1831656	1831937	4.76e-116	427
CP035466.1	CP002824.1	98.361	244	2	2	3214886	3215127	3498777	3499020	4.76e-116	427
CP035466.1	CP002824.1	94.265	279	15	1	1391295	1391573	992680	992403	1.71e-115	425
CP035466.1	CP002824.1	95.221	272	8	5	469446	469715	1870396	1870128	1.71e-115	425
CP035466.1	CP002824.1	89.017	346	32	5	1146465	1146807	2351400	2351742	6.16e-115	424
CP035466.1	CP002824.1	80.100	598	96	16	2164038	2164619	2441153	2441743	6.16e-115	424
CP035466.1	CP002824.1	88.451	355	34	5	148017	148367	357560	357911	2.21e-114	422
CP035466.1	CP002824.1	89.181	342	31	6	3170953	3171291	357573	357911	2.21e-114	422
CP035466.1	CP002824.1	88.604	351	34	6	1146464	1146812	3172629	3172975	2.21e-114	422
CP035466.1	CP002824.1	93.907	279	16	1	1525144	1525422	992680	992403	7.97e-114	420
CP035466.1	CP002824.1	91.613	310	15	10	3533216	3533520	3805827	3806130	2.86e-113	418
CP035466.1	CP002824.1	80.420	572	91	16	2163729	2164294	2441462	2442018	1.03e-112	416
CP035466.1	CP002824.1	88.406	345	32	7	2073982	2074322	357971	357631	1.72e-110	409
CP035466.1	CP002824.1	84.726	419	51	13	629576	629989	357561	357971	6.20e-110	407
CP035466.1	CP002824.1	87.861	346	40	2	1146468	1146812	434286	433942	2.23e-109	405
CP035466.1	CP002824.1	98.690	229	2	1	1649189	1649417	673923	673696	2.23e-109	405
CP035466.1	CP002824.1	94.961	258	13	0	4552426	4552683	4537058	4537315	2.23e-109	405
CP035466.1	CP002824.1	87.464	351	42	2	4546727	4547076	4526742	4527091	8.02e-109	403
CP035466.1	CP002824.1	89.590	317	29	4	3063267	3063580	4527066	4526751	1.04e-107	399
CP035466.1	CP002824.1	89.286	336	10	2	5062342	5062651	1517629	1517294	3.73e-107	398
CP035466.1	CP002824.1	91.289	287	24	1	2614139	2614424	357911	357625	6.25e-105	390
CP035466.1	CP002824.1	88.785	321	33	1	2958980	2959297	3236818	3237138	6.25e-105	390
CP035466.1	CP002824.1	86.857	350	42	4	242257	242604	357625	357972	2.25e-104	388
CP035466.1	CP002824.1	97.391	230	3	3	1690105	1690333	1964963	1965190	2.25e-104	388
CP035466.1	CP002824.1	86.517	356	42	6	2893174	2893526	357971	357619	8.08e-104	387
CP035466.1	CP002824.1	96.596	235	4	4	1690248	1690479	1964811	1965044	8.08e-104	387
CP035466.1	CP002824.1	92.336	274	18	1	2379979	2380252	2643812	2644082	8.08e-104	387
CP035466.1	CP002824.1	88.474	321	34	1	2959124	2959441	3236674	3236994	2.91e-103	385
CP035466.1	CP002824.1	88.393	336	13	2	5062342	5062651	1743966	1743631	3.76e-102	381
CP035466.1	CP002824.1	77.961	608	122	12	3166975	3167576	2595273	2595874	8.14e-99	370
CP035466.1	CP002824.1	96.429	224	6	2	1161842	1162064	1389715	1389937	2.93e-98	368
CP035466.1	CP002824.1	77.394	637	132	12	2306011	2306641	3423625	3424255	2.93e-98	368
CP035466.1	CP002824.1	92.126	254	19	1	119563	119815	310834	311087	6.33e-95	357
CP035466.1	CP002824.1	98.990	198	2	0	3856215	3856412	4157115	4157312	2.28e-94	355
CP035466.1	CP002824.1	95.475	221	7	3	1161929	1162148	1389629	1389847	1.06e-92	350
CP035466.1	CP002824.1	97.512	201	5	0	507832	508032	4222216	4222016	4.93e-91	344
CP035466.1	CP002824.1	98.446	193	3	0	5062459	5062651	1698953	1698761	6.38e-90	340
CP035466.1	CP002824.1	95.735	211	8	1	244954	245163	436515	436725	2.29e-89	339
CP035466.1	CP002824.1	95.735	211	8	1	244832	245042	436637	436846	2.29e-89	339
CP035466.1	CP002824.1	90.698	258	18	4	2320346	2320598	2610103	2610359	2.29e-89	339
CP035466.1	CP002824.1	91.566	249	15	6	263780	264027	3368902	3368659	2.29e-89	339
CP035466.1	CP002824.1	93.074	231	15	1	166076	166305	3368894	3368664	8.25e-89	337
CP035466.1	CP002824.1	97.927	193	4	0	3356849	3357041	3643110	3643302	2.97e-88	335
CP035466.1	CP002824.1	93.665	221	14	0	242386	242606	339696	339916	3.84e-87	331
CP035466.1	CP002824.1	83.740	369	40	11	1	367	1693642	1693292	3.84e-87	331
CP035466.1	CP002824.1	89.434	265	25	3	4544729	4544991	4772360	4772623	3.84e-87	331
CP035466.1	CP002824.1	93.304	224	11	3	263790	264010	3214845	3215067	4.97e-86	327
CP035466.1	CP002824.1	94.009	217	10	3	3533397	3533610	3805282	3805498	1.79e-85	326
CP035466.1	CP002824.1	92.920	226	11	4	2936461	2936683	3099982	3099759	6.42e-85	324
CP035466.1	CP002824.1	96.429	196	6	1	5062456	5062651	992425	992619	2.31e-84	322
CP035466.1	CP002824.1	95.122	205	9	1	2623543	2623747	2902909	2903112	2.31e-84	322
CP035466.1	CP002824.1	92.411	224	15	2	119299	119521	311358	311580	2.99e-83	318
CP035466.1	CP002824.1	89.883	257	12	2	2936222	2936464	3368867	3368611	2.99e-83	318
CP035466.1	CP002824.1	84.639	332	38	13	1161842	1162162	3805933	3805604	2.99e-83	318
CP035466.1	CP002824.1	93.088	217	15	0	3395386	3395602	4742096	4741880	2.99e-83	318
CP035466.1	CP002824.1	93.839	211	11	2	938628	938836	1148952	1149162	1.08e-82	316
CP035466.1	CP002824.1	95.050	202	8	2	166094	166294	3214867	3215067	1.08e-82	316
CP035466.1	CP002824.1	84.498	329	40	11	1161845	1162162	3805842	3805514	3.87e-82	315
CP035466.1	CP002824.1	95.855	193	8	0	3356673	3356865	3643286	3643478	1.39e-81	313
CP035466.1	CP002824.1	84.591	318	45	4	5041665	5041980	4544981	4545296	1.39e-81	313
CP035466.1	CP002824.1	89.600	250	19	4	2958980	2959224	3236890	3237137	5.00e-81	311
CP035466.1	CP002824.1	93.689	206	13	0	3171135	3171340	339696	339901	1.80e-80	309
CP035466.1	CP002824.1	84.036	332	42	11	1161842	1162162	3805754	3805423	1.80e-80	309
CP035466.1	CP002824.1	84.084	333	39	14	1161842	1162162	3806024	3805694	1.80e-80	309
CP035466.1	CP002824.1	91.818	220	18	0	635937	636156	339696	339915	6.47e-80	307
CP035466.1	CP002824.1	77.034	553	115	11	225329	225875	415651	416197	6.47e-80	307
CP035466.1	CP002824.1	95.337	193	8	1	3533419	3533610	1831656	1831848	2.33e-79	305
CP035466.1	CP002824.1	90.948	232	14	7	1649189	1649417	1870164	1870391	2.33e-79	305
CP035466.1	CP002824.1	95.789	190	7	1	4188493	4188682	4506693	4506881	2.33e-79	305
CP035466.1	CP002824.1	92.130	216	13	4	3533216	3533430	1831725	1831937	3.01e-78	302
CP035466.1	CP002824.1	89.300	243	22	3	1880816	1881056	2152720	2152960	3.01e-78	302
CP035466.1	CP002824.1	93.659	205	7	1	3218057	3218261	3495325	3495523	3.01e-78	302
CP035466.1	CP002824.1	93.171	205	13	1	2623421	2623624	2903031	2903235	1.08e-77	300
CP035466.1	CP002824.1	83.636	330	42	10	1161845	1162162	3805661	3805332	1.08e-77	300
CP035466.1	CP002824.1	91.628	215	18	0	629772	629986	339696	339910	3.89e-77	298
CP035466.1	CP002824.1	98.795	166	2	0	340499	340664	531785	531950	1.40e-76	296
CP035466.1	CP002824.1	91.743	218	11	5	2820736	2820950	3215328	3215115	1.40e-76	296
CP035466.1	CP002824.1	78.326	466	94	6	224036	224497	417079	417541	5.04e-76	294
CP035466.1	CP002824.1	91.943	211	15	2	938540	938748	1149128	1149338	5.04e-76	294
CP035466.1	CP002824.1	93.137	204	9	1	3214845	3215048	3495325	3495523	5.04e-76	294
CP035466.1	CP002824.1	97.661	171	3	1	5062481	5062651	2133507	2133338	1.81e-75	292
CP035466.1	CP002824.1	87.903	248	30	0	2959193	2959440	3236674	3236921	1.81e-75	292
CP035466.1	CP002824.1	91.324	219	12	7	3533216	3533430	3805915	3806130	1.81e-75	292
CP035466.1	CP002824.1	97.076	171	5	0	778059	778229	1517403	1517233	2.34e-74	289
CP035466.1	CP002824.1	97.076	171	5	0	778059	778229	1698870	1698700	2.34e-74	289
CP035466.1	CP002824.1	96.067	178	6	1	778052	778229	1743746	1743570	2.34e-74	289
CP035466.1	CP002824.1	91.827	208	15	2	4283899	4284105	3368583	3368789	2.34e-74	289
CP035466.1	CP002824.1	93.750	192	12	0	3597403	3597594	3870174	3870365	2.34e-74	289
CP035466.1	CP002824.1	90.135	223	19	3	2820771	2820990	339918	339696	8.43e-74	287
CP035466.1	CP002824.1	90.741	216	19	1	5012432	5012647	339910	339696	8.43e-74	287
CP035466.1	CP002824.1	81.534	352	62	3	3384265	3384614	4743973	4743623	8.43e-74	287
CP035466.1	CP002824.1	98.171	164	1	2	2785843	2786004	62448	62611	3.03e-73	285
CP035466.1	CP002824.1	88.066	243	25	3	1880223	1880463	2153313	2153553	3.03e-73	285
CP035466.1	CP002824.1	98.171	164	1	2	4896417	4896580	3064876	3065037	3.03e-73	285
CP035466.1	CP002824.1	83.654	312	40	10	3533285	3533596	1389929	1389629	1.09e-72	283
CP035466.1	CP002824.1	95.506	178	7	1	778052	778229	2133453	2133277	1.09e-72	283
CP035466.1	CP002824.1	93.229	192	13	0	3597655	3597846	3869922	3870113	1.09e-72	283
CP035466.1	CP002824.1	93.229	192	11	2	1	191	2128375	2128185	3.92e-72	281
CP035466.1	CP002824.1	91.827	208	8	7	1970157	1970359	2243843	2244046	3.92e-72	281
CP035466.1	CP002824.1	87.059	255	22	4	263768	264013	1816603	1816855	5.07e-71	278
CP035466.1	CP002824.1	98.718	156	0	1	2785539	2785692	62448	62603	1.82e-70	276
CP035466.1	CP002824.1	89.767	215	22	0	2893177	2893391	339910	339696	1.82e-70	276
CP035466.1	CP002824.1	91.304	207	10	6	1970041	1970244	2243959	2244160	1.82e-70	276
CP035466.1	CP002824.1	92.708	192	12	2	1	191	2536960	2536770	1.82e-70	276
CP035466.1	CP002824.1	91.133	203	17	1	1594829	1595030	3368867	3368665	6.56e-70	274
CP035466.1	CP002824.1	85.075	268	36	4	2614029	2614295	339960	339696	8.49e-69	270
CP035466.1	CP002824.1	77.489	462	95	9	2507112	2507569	1395513	1395969	3.05e-68	268
CP035466.1	CP002824.1	89.238	223	12	8	3171175	3171395	3215115	3215327	3.05e-68	268
CP035466.1	CP002824.1	91.457	199	9	5	166103	166297	1816661	1816855	1.10e-67	267
CP035466.1	CP002824.1	73.663	748	172	22	1820300	1821034	1923619	1922884	1.10e-67	267
CP035466.1	CP002824.1	94.737	171	9	0	2380079	2380249	2643735	2643905	1.10e-67	267
CP035466.1	CP002824.1	75.632	554	125	9	1777921	1778469	4207797	4207249	1.10e-67	267
CP035466.1	CP002824.1	86.328	256	17	12	465712	465960	1816901	1816657	1.42e-66	263
CP035466.1	CP002824.1	77.578	446	92	8	1167742	1168183	2770756	2771197	1.42e-66	263
CP035466.1	CP002824.1	90.863	197	16	2	166110	166306	3448073	3448267	1.42e-66	263
CP035466.1	CP002824.1	88.889	216	19	5	465788	465999	1412733	1412519	5.11e-66	261
CP035466.1	CP002824.1	98.013	151	2	1	469451	469601	1870228	1870079	5.11e-66	261
CP035466.1	CP002824.1	93.750	176	7	4	2785617	2785790	3065286	3065459	5.11e-66	261
CP035466.1	CP002824.1	91.579	190	14	2	629800	629989	3215103	3215290	5.11e-66	261
CP035466.1	CP002824.1	84.420	276	32	8	3357146	3357416	3643283	3643552	5.11e-66	261
CP035466.1	CP002824.1	92.391	184	12	2	263780	263963	4113358	4113177	5.11e-66	261
CP035466.1	CP002824.1	88.372	215	25	0	2073985	2074199	339910	339696	1.84e-65	259
CP035466.1	CP002824.1	91.146	192	15	2	1	191	997680	997870	1.84e-65	259
CP035466.1	CP002824.1	91.146	192	15	2	1	191	1738677	1738487	1.84e-65	259
CP035466.1	CP002824.1	98.630	146	2	0	1860730	1860875	1743867	1744012	1.84e-65	259
CP035466.1	CP002824.1	91.192	193	12	2	3217904	3218096	3498514	3498701	6.61e-65	257
CP035466.1	CP002824.1	90.355	197	16	3	1594825	1595020	3214873	3215067	2.38e-64	255
CP035466.1	CP002824.1	88.889	207	23	0	3186771	3186977	3444699	3444905	2.38e-64	255
CP035466.1	CP002824.1	95.092	163	7	1	4315822	4315983	4675456	4675618	2.38e-64	255
CP035466.1	CP002824.1	96.711	152	5	0	4120387	4120538	518024	518175	8.55e-64	254
CP035466.1	CP002824.1	93.529	170	11	0	166094	166263	1412555	1412724	8.55e-64	254
CP035466.1	CP002824.1	74.539	597	144	8	3907544	3908136	2053332	2052740	8.55e-64	254
CP035466.1	CP002824.1	98.601	143	2	0	4511682	4511824	4939311	4939453	8.55e-64	254
CP035466.1	CP002824.1	89.796	196	19	1	2936191	2936386	1412533	1412727	1.11e-62	250
CP035466.1	CP002824.1	93.064	173	9	3	2379990	2380162	2643997	2644166	1.11e-62	250
CP035466.1	CP002824.1	94.545	165	4	2	3214707	3214866	3495545	3495709	1.11e-62	250
CP035466.1	CP002824.1	94.479	163	8	1	4315822	4315983	4673549	4673711	1.11e-62	250
CP035466.1	CP002824.1	96.053	152	6	0	1391427	1391578	1743867	1744018	3.98e-62	248
CP035466.1	CP002824.1	89.394	198	18	3	3189456	3189650	3368861	3368664	1.43e-61	246
CP035466.1	CP002824.1	93.413	167	9	2	4511660	4511825	4926800	4926965	1.43e-61	246
CP035466.1	CP002824.1	96.026	151	5	1	3815538	3815687	455590	455440	5.15e-61	244
CP035466.1	CP002824.1	93.373	166	9	2	1594825	1594990	1412561	1412724	5.15e-61	244
CP035466.1	CP002824.1	82.474	291	38	11	3533216	3533506	1389906	1389629	1.85e-60	243
CP035466.1	CP002824.1	83.521	267	36	5	3533352	3533618	1389951	1389693	1.85e-60	243
CP035466.1	CP002824.1	89.286	196	17	4	3189457	3189649	1816668	1816862	1.85e-60	243
CP035466.1	CP002824.1	91.525	177	13	2	2936461	2936635	2568508	2568332	1.85e-60	243
CP035466.1	CP002824.1	99.248	133	1	0	2264524	2264656	992923	992791	6.66e-60	241
CP035466.1	CP002824.1	99.248	133	1	0	778340	778472	1609784	1609652	6.66e-60	241
CP035466.1	CP002824.1	96.552	145	5	0	1860895	1861039	1698832	1698976	6.66e-60	241
CP035466.1	CP002824.1	99.248	133	1	0	3922348	3922480	2171507	2171639	6.66e-60	241
CP035466.1	CP002824.1	99.248	133	1	0	778340	778472	2542245	2542113	6.66e-60	241
CP035466.1	CP002824.1	97.857	140	2	1	4495353	4495492	4923389	4923527	6.66e-60	241
CP035466.1	CP002824.1	97.857	140	2	1	4491916	4492054	4926826	4926965	6.66e-60	241
CP035466.1	CP002824.1	99.237	131	1	0	2264524	2264654	216758	216628	8.61e-59	237
CP035466.1	CP002824.1	93.711	159	8	2	3189457	3189613	1412571	1412729	8.61e-59	237
CP035466.1	CP002824.1	99.237	131	1	0	2264524	2264654	1517233	1517363	8.61e-59	237
CP035466.1	CP002824.1	95.918	147	5	1	1480468	1480613	1517365	1517511	8.61e-59	237
CP035466.1	CP002824.1	95.890	146	6	0	1860895	1861040	1517365	1517510	8.61e-59	237
CP035466.1	CP002824.1	95.890	146	6	0	1860730	1860875	1517530	1517675	8.61e-59	237
CP035466.1	CP002824.1	97.163	141	2	2	1	140	1604499	1604360	8.61e-59	237
CP035466.1	CP002824.1	99.237	131	1	0	1391295	1391425	1609652	1609782	8.61e-59	237
CP035466.1	CP002824.1	99.237	131	1	0	1480171	1480301	1609652	1609782	8.61e-59	237
CP035466.1	CP002824.1	99.237	131	1	0	1525144	1525274	1609652	1609782	8.61e-59	237
CP035466.1	CP002824.1	99.237	131	1	0	1860598	1860728	1609652	1609782	8.61e-59	237
CP035466.1	CP002824.1	99.237	131	1	0	2264524	2264654	1698700	1698830	8.61e-59	237
CP035466.1	CP002824.1	99.237	131	1	0	2264524	2264654	1743570	1743700	8.61e-59	237
CP035466.1	CP002824.1	99.237	131	1	0	2264524	2264654	2133277	2133407	8.61e-59	237
CP035466.1	CP002824.1	99.237	131	1	0	1391295	1391425	2542113	2542243	8.61e-59	237
CP035466.1	CP002824.1	99.237	131	1	0	1480171	1480301	2542113	2542243	8.61e-59	237
CP035466.1	CP002824.1	99.237	131	1	0	1525144	1525274	2542113	2542243	8.61e-59	237
CP035466.1	CP002824.1	99.237	131	1	0	1860598	1860728	2542113	2542243	8.61e-59	237
CP035466.1	CP002824.1	94.231	156	8	1	4283832	4283986	3215034	3214879	8.61e-59	237
CP035466.1	CP002824.1	88.776	196	18	4	1594836	1595030	3448073	3448265	8.61e-59	237
CP035466.1	CP002824.1	96.503	143	5	0	4495349	4495491	4939311	4939453	8.61e-59	237
CP035466.1	CP002824.1	83.333	264	35	9	1161907	1162162	1831945	1831683	3.10e-58	235
CP035466.1	CP002824.1	94.737	152	7	1	326390	326541	4420177	4420327	3.10e-58	235
CP035466.1	CP002824.1	97.101	138	4	0	1162016	1162153	1389629	1389766	1.11e-57	233
CP035466.1	CP002824.1	88.325	197	20	3	2936219	2936413	1816657	1816852	1.11e-57	233
CP035466.1	CP002824.1	94.156	154	8	1	465755	465907	3777079	3777232	1.11e-57	233
CP035466.1	CP002824.1	83.146	267	33	12	1161907	1162162	3806138	3805873	1.11e-57	233
CP035466.1	CP002824.1	87.562	201	23	2	263786	263984	1412529	1412729	4.01e-57	231
CP035466.1	CP002824.1	85.714	231	20	9	465761	465986	3215067	3214845	4.01e-57	231
CP035466.1	CP002824.1	87.685	203	20	5	3291311	3291511	3571863	3572062	4.01e-57	231
CP035466.1	CP002824.1	91.566	166	14	0	1731208	1731373	948340	948175	1.44e-56	230
CP035466.1	CP002824.1	94.595	148	8	0	1923971	1924118	2193508	2193655	1.44e-56	230
CP035466.1	CP002824.1	87.192	203	22	4	4896295	4896495	62204	62404	5.18e-56	228
CP035466.1	CP002824.1	87.192	203	22	4	4896173	4896373	62326	62526	5.18e-56	228
CP035466.1	CP002824.1	92.025	163	12	1	3562839	3563000	3835279	3835441	5.18e-56	228
CP035466.1	CP002824.1	92.025	163	12	1	3562759	3562921	3835359	3835520	5.18e-56	228
CP035466.1	CP002824.1	97.710	131	3	0	778342	778472	992550	992680	1.86e-55	226
CP035466.1	CP002824.1	97.710	131	3	0	1300506	1300636	992680	992550	1.86e-55	226
CP035466.1	CP002824.1	97.710	131	3	0	778099	778229	992793	992923	1.86e-55	226
CP035466.1	CP002824.1	92.903	155	11	0	4283832	4283986	1412721	1412567	1.86e-55	226
CP035466.1	CP002824.1	86.283	226	9	9	671434	671639	3215067	3214844	1.86e-55	226
CP035466.1	CP002824.1	88.021	192	21	2	263826	264017	3448073	3448262	1.86e-55	226
CP035466.1	CP002824.1	95.105	143	6	1	1223804	1223946	756561	756702	6.70e-55	224
CP035466.1	CP002824.1	90.964	166	15	0	1731208	1731373	948598	948433	6.70e-55	224
CP035466.1	CP002824.1	96.992	133	4	0	2264522	2264654	992682	992550	6.70e-55	224
CP035466.1	CP002824.1	96.992	133	4	0	778099	778231	1609782	1609650	6.70e-55	224
CP035466.1	CP002824.1	93.919	148	9	0	1923971	1924118	2197797	2197944	6.70e-55	224
CP035466.1	CP002824.1	96.992	133	4	0	778099	778231	2542243	2542111	6.70e-55	224
CP035466.1	CP002824.1	89.071	183	16	4	3189457	3189636	3214883	3215064	6.70e-55	224
CP035466.1	CP002824.1	78.393	361	66	8	4766891	4767245	3283637	3283991	6.70e-55	224
CP035466.1	CP002824.1	96.970	132	4	0	56961	57092	248795	248926	2.41e-54	222
CP035466.1	CP002824.1	85.841	226	13	11	263793	264016	877680	877472	2.41e-54	222
CP035466.1	CP002824.1	93.377	151	8	2	4937456	4937604	877622	877472	2.41e-54	222
CP035466.1	CP002824.1	97.674	129	3	0	3856090	3856218	2171635	2171507	2.41e-54	222
CP035466.1	CP002824.1	90.230	174	12	2	2786045	2786216	3065286	3065456	2.41e-54	222
CP035466.1	CP002824.1	96.324	136	4	1	4511690	4511825	4923393	4923527	2.41e-54	222
CP035466.1	CP002824.1	85.321	218	26	6	1146471	1146685	339910	339696	8.67e-54	220
CP035466.1	CP002824.1	92.763	152	11	0	1525276	1525427	1517530	1517681	8.67e-54	220
CP035466.1	CP002824.1	93.878	147	8	1	1480468	1480613	1743702	1743848	8.67e-54	220
CP035466.1	CP002824.1	88.360	189	14	7	2785617	2785800	3065078	3065263	8.67e-54	220
CP035466.1	CP002824.1	83.673	245	28	9	465755	465996	3368669	3368904	8.67e-54	220
CP035466.1	CP002824.1	92.308	156	11	1	4283832	4283986	3368709	3368864	8.67e-54	220
CP035466.1	CP002824.1	90.361	166	16	0	1731208	1731373	948684	948519	3.12e-53	219
CP035466.1	CP002824.1	90.361	166	16	0	1731208	1731373	948942	948777	3.12e-53	219
CP035466.1	CP002824.1	94.406	143	7	1	545553	545694	1454240	1454382	3.12e-53	219
CP035466.1	CP002824.1	94.406	143	6	2	4491916	4492056	4939315	4939457	3.12e-53	219
CP035466.1	CP002824.1	78.116	361	67	9	3006722	3007076	5154431	5154785	3.12e-53	219
CP035466.1	CP002824.1	95.588	136	4	2	3856081	3856216	312774	312641	1.12e-52	217
CP035466.1	CP002824.1	96.899	129	4	0	3922350	3922478	643138	643010	1.12e-52	217
CP035466.1	CP002824.1	92.715	151	9	1	166152	166300	877622	877472	1.12e-52	217
CP035466.1	CP002824.1	94.964	139	6	1	1161842	1161980	1389802	1389939	1.12e-52	217
CP035466.1	CP002824.1	92.763	152	8	3	1649431	1649581	1870079	1870228	1.12e-52	217
CP035466.1	CP002824.1	89.266	177	14	2	2786253	2786426	3065078	3065252	1.12e-52	217
CP035466.1	CP002824.1	96.241	133	4	1	671428	671560	3368669	3368800	1.12e-52	217
CP035466.1	CP002824.1	97.600	125	3	0	3922350	3922474	312641	312765	4.03e-52	215
CP035466.1	CP002824.1	97.600	125	3	0	120980	121104	643140	643016	4.03e-52	215
CP035466.1	CP002824.1	97.600	125	3	0	741860	741984	948734	948858	4.03e-52	215
CP035466.1	CP002824.1	93.151	146	10	0	1860895	1861040	1743702	1743847	4.03e-52	215
CP035466.1	CP002824.1	93.151	146	10	0	1480303	1480448	1743867	1744012	4.03e-52	215
CP035466.1	CP002824.1	89.143	175	16	3	3456383	3456556	3215287	3215115	4.03e-52	215
CP035466.1	CP002824.1	89.759	166	17	0	1731208	1731373	948426	948261	1.45e-51	213
CP035466.1	CP002824.1	92.568	148	11	0	1923971	1924118	2195843	2195990	1.45e-51	213
CP035466.1	CP002824.1	92.568	148	11	0	4937451	4937598	3214920	3215067	1.45e-51	213
CP035466.1	CP002824.1	99.153	118	1	0	4511425	4511542	4939331	4939448	1.45e-51	213
CP035466.1	CP002824.1	90.798	163	7	5	4283832	4283989	1816819	1816660	5.22e-51	211
CP035466.1	CP002824.1	91.083	157	13	1	1923439	1923595	2199077	2199232	5.22e-51	211
CP035466.1	CP002824.1	86.979	192	19	6	3815505	3815694	3368722	3368909	5.22e-51	211
CP035466.1	CP002824.1	91.613	155	9	4	4937451	4937604	3448110	3448261	5.22e-51	211
CP035466.1	CP002824.1	90.625	160	12	3	563897	564055	783302	783459	1.88e-50	209
CP035466.1	CP002824.1	92.053	151	8	3	3189499	3189645	877622	877472	1.88e-50	209
CP035466.1	CP002824.1	96.800	125	4	0	741860	741984	948390	948514	1.88e-50	209
CP035466.1	CP002824.1	96.800	125	4	0	741860	741984	948562	948686	1.88e-50	209
CP035466.1	CP002824.1	96.800	125	4	0	120982	121106	2171509	2171633	1.88e-50	209
CP035466.1	CP002824.1	95.455	132	5	1	4937474	4937604	3368800	3368669	1.88e-50	209
CP035466.1	CP002824.1	92.053	151	8	3	671428	671578	3448261	3448115	1.88e-50	209
CP035466.1	CP002824.1	96.063	127	5	0	3856090	3856216	643012	643138	6.75e-50	207
CP035466.1	CP002824.1	89.157	166	18	0	1731208	1731373	948512	948347	6.75e-50	207
CP035466.1	CP002824.1	91.447	152	11	2	4937451	4937601	1816705	1816855	6.75e-50	207
CP035466.1	CP002824.1	88.136	177	17	3	3815505	3815677	3215021	3214845	6.75e-50	207
CP035466.1	CP002824.1	91.613	155	5	3	1594879	1595026	3777232	3777079	6.75e-50	207
CP035466.1	CP002824.1	88.506	174	16	3	2936194	2936367	4113346	4113177	6.75e-50	207
CP035466.1	CP002824.1	95.349	129	6	0	632763	632891	647612	647484	2.43e-49	206
CP035466.1	CP002824.1	92.414	145	10	1	1480468	1480612	992548	992405	2.43e-49	206
CP035466.1	CP002824.1	97.521	121	2	1	4937451	4937571	1412608	1412727	2.43e-49	206
CP035466.1	CP002824.1	96.721	122	4	0	2527526	2527647	643013	643134	8.73e-49	204
CP035466.1	CP002824.1	96.000	125	5	0	741860	741984	948218	948342	8.73e-49	204
CP035466.1	CP002824.1	96.000	125	5	0	741860	741984	948476	948600	8.73e-49	204
CP035466.1	CP002824.1	96.721	122	4	0	2051299	2051420	948737	948858	8.73e-49	204
CP035466.1	CP002824.1	96.721	122	4	0	5062459	5062580	1743988	1743867	8.73e-49	204
CP035466.1	CP002824.1	88.000	175	17	4	166076	166247	4113350	4113177	8.73e-49	204
CP035466.1	CP002824.1	88.554	166	19	0	1731208	1731373	948856	948691	3.14e-48	202
CP035466.1	CP002824.1	91.781	146	11	1	1860895	1861040	992548	992404	3.14e-48	202
CP035466.1	CP002824.1	90.789	152	12	2	671427	671578	1816859	1816710	3.14e-48	202
CP035466.1	CP002824.1	95.968	124	5	0	2527526	2527649	2171634	2171511	3.14e-48	202
CP035466.1	CP002824.1	88.554	166	19	0	1731208	1731373	2328828	2328663	3.14e-48	202
CP035466.1	CP002824.1	86.885	183	20	4	2936229	2936410	3448073	3448252	3.14e-48	202
CP035466.1	CP002824.1	95.935	123	5	0	2527527	2527649	312765	312643	1.13e-47	200
CP035466.1	CP002824.1	85.567	194	24	3	2958980	2959171	3236962	3237153	1.13e-47	200
CP035466.1	CP002824.1	79.933	299	39	19	4548417	4548702	4528485	4528775	1.13e-47	200
CP035466.1	CP002824.1	95.902	122	5	0	1860711	1860832	216477	216356	4.06e-47	198
CP035466.1	CP002824.1	92.754	138	8	2	1594892	1595027	877608	877471	4.06e-47	198
CP035466.1	CP002824.1	95.902	122	5	0	2051299	2051420	948393	948514	4.06e-47	198
CP035466.1	CP002824.1	95.902	122	5	0	2051299	2051420	948565	948686	4.06e-47	198
CP035466.1	CP002824.1	95.200	125	6	0	741860	741984	948648	948772	4.06e-47	198
CP035466.1	CP002824.1	95.902	122	5	0	2051299	2051420	948651	948772	4.06e-47	198
CP035466.1	CP002824.1	95.902	122	5	0	741863	741984	2328623	2328744	4.06e-47	198
CP035466.1	CP002824.1	87.952	166	20	0	1731208	1731373	948770	948605	1.46e-46	196
CP035466.1	CP002824.1	96.610	118	4	0	4511425	4511542	4926842	4926959	1.46e-46	196
CP035466.1	CP002824.1	91.489	141	12	0	4373478	4373618	1454241	1454381	5.26e-46	195
CP035466.1	CP002824.1	96.610	118	3	1	4511425	4511542	4923405	4923521	5.26e-46	195
CP035466.1	CP002824.1	94.400	125	7	0	866415	866539	839185	839061	1.89e-45	193
CP035466.1	CP002824.1	94.400	125	7	0	741860	741984	948304	948428	1.89e-45	193
CP035466.1	CP002824.1	95.082	122	6	0	2051299	2051420	948479	948600	1.89e-45	193
CP035466.1	CP002824.1	90.411	146	14	0	1480303	1480448	1517530	1517675	1.89e-45	193
CP035466.1	CP002824.1	96.552	116	4	0	3384622	3384737	4741995	4741880	1.89e-45	193
CP035466.1	CP002824.1	90.909	143	11	1	2936191	2936333	455450	455590	6.80e-45	191
CP035466.1	CP002824.1	94.400	125	6	1	4283981	4284105	1816862	1816739	6.80e-45	191
CP035466.1	CP002824.1	93.701	127	8	0	632763	632889	4644846	4644972	6.80e-45	191
CP035466.1	CP002824.1	91.429	140	8	4	166076	166211	455449	455588	2.45e-44	189
CP035466.1	CP002824.1	83.482	224	16	8	2936192	2936413	877682	877478	2.45e-44	189
CP035466.1	CP002824.1	84.694	196	23	4	465755	465950	3448261	3448073	2.45e-44	189
CP035466.1	CP002824.1	90.845	142	12	1	4283845	4283986	4113177	4113317	2.45e-44	189
CP035466.1	CP002824.1	98.148	108	2	0	4509597	4509704	4926929	4926822	2.45e-44	189
CP035466.1	CP002824.1	94.262	122	7	0	1391408	1391529	216477	216356	8.79e-44	187
CP035466.1	CP002824.1	94.262	122	7	0	5062478	5062599	216356	216477	8.79e-44	187
CP035466.1	CP002824.1	95.726	117	4	1	5062536	5062651	216581	216697	8.79e-44	187
CP035466.1	CP002824.1	100.000	101	0	0	469615	469715	673696	673796	8.79e-44	187
CP035466.1	CP002824.1	93.600	125	8	0	632765	632889	1077637	1077513	8.79e-44	187
CP035466.1	CP002824.1	94.309	123	6	1	938715	938836	1148952	1149074	8.79e-44	187
CP035466.1	CP002824.1	94.262	122	7	0	5062459	5062580	1517651	1517530	8.79e-44	187
CP035466.1	CP002824.1	88.095	168	6	2	4283938	4284105	3215107	3214954	8.79e-44	187
CP035466.1	CP002824.1	88.272	162	11	3	671422	671577	3777073	3777232	8.79e-44	187
CP035466.1	CP002824.1	95.726	117	2	3	3171225	3171340	280223	280109	3.16e-43	185
CP035466.1	CP002824.1	97.248	109	3	0	1029090	1029198	1242541	1242649	3.16e-43	185
CP035466.1	CP002824.1	91.241	137	10	2	5062307	5062442	2133542	2133407	3.16e-43	185
CP035466.1	CP002824.1	92.308	130	10	0	2018074	2018203	2295326	2295455	3.16e-43	185
CP035466.1	CP002824.1	93.548	124	7	1	242475	242598	280224	280102	1.14e-42	183
CP035466.1	CP002824.1	89.655	145	13	2	4373478	4373622	756562	756704	1.14e-42	183
CP035466.1	CP002824.1	90.647	139	12	1	139757	139894	841945	842083	1.14e-42	183
CP035466.1	CP002824.1	97.248	109	1	1	1028923	1029031	1242708	1242814	1.14e-42	183
CP035466.1	CP002824.1	84.656	189	24	3	777743	777926	1517569	1517381	1.14e-42	183
CP035466.1	CP002824.1	91.176	136	11	1	139760	139894	3100215	3100080	1.14e-42	183
CP035466.1	CP002824.1	88.742	151	15	2	4283832	4283982	3448221	3448073	1.14e-42	183
CP035466.1	CP002824.1	94.118	119	7	0	1525257	1525375	216477	216359	4.09e-42	182
CP035466.1	CP002824.1	93.443	122	8	0	2051299	2051420	948221	948342	4.09e-42	182
CP035466.1	CP002824.1	93.443	122	8	0	2051299	2051420	948307	948428	4.09e-42	182
CP035466.1	CP002824.1	91.241	137	6	2	166170	166300	3777215	3777079	4.09e-42	182
CP035466.1	CP002824.1	92.857	126	7	2	3533487	3533610	3805282	3805407	4.09e-42	182
CP035466.1	CP002824.1	90.580	138	12	1	139758	139894	4400587	4400450	4.09e-42	182
CP035466.1	CP002824.1	78.361	305	48	9	4490238	4490539	5154117	5153828	4.09e-42	182
CP035466.1	CP002824.1	87.135	171	7	4	1594772	1594938	455429	455588	1.47e-41	180
CP035466.1	CP002824.1	91.538	130	11	0	2018029	2018158	2295371	2295500	1.47e-41	180
CP035466.1	CP002824.1	78.477	302	46	10	4766312	4766599	4913290	4912994	1.47e-41	180
CP035466.1	CP002824.1	92.800	125	6	3	5012722	5012843	339696	339572	5.29e-41	178
CP035466.1	CP002824.1	84.127	189	24	4	777743	777926	1743905	1743718	5.29e-41	178
CP035466.1	CP002824.1	92.742	124	7	2	469345	469467	1924406	1924284	5.29e-41	178
CP035466.1	CP002824.1	90.141	142	6	6	4937470	4937604	3777219	3777079	5.29e-41	178
CP035466.1	CP002824.1	94.737	114	6	0	4509597	4509710	4923492	4923379	5.29e-41	178
CP035466.1	CP002824.1	93.277	119	8	0	1480284	1480402	216477	216359	1.90e-40	176
CP035466.1	CP002824.1	84.530	181	24	4	3815505	3815681	1412708	1412528	1.90e-40	176
CP035466.1	CP002824.1	94.017	117	5	1	671462	671578	1412727	1412613	1.90e-40	176
CP035466.1	CP002824.1	89.583	144	7	6	263886	264023	3777215	3777074	1.90e-40	176
CP035466.1	CP002824.1	94.068	118	4	3	4557427	4557543	4791414	4791529	1.90e-40	176
CP035466.1	CP002824.1	91.473	129	8	3	139754	139879	339569	339697	6.85e-40	174
CP035466.1	CP002824.1	81.200	250	18	16	465753	465996	877470	877696	6.85e-40	174
CP035466.1	CP002824.1	86.420	162	19	3	1161842	1162000	1831833	1831672	6.85e-40	174
CP035466.1	CP002824.1	90.000	140	7	5	3189513	3189645	3777218	3777079	6.85e-40	174
CP035466.1	CP002824.1	94.643	112	4	2	1922077	1922188	2199123	2199232	2.46e-39	172
CP035466.1	CP002824.1	85.227	176	17	2	1594783	1594958	4113358	4113192	2.46e-39	172
CP035466.1	CP002824.1	95.370	108	5	0	4556935	4557042	4791034	4791141	2.46e-39	172
CP035466.1	CP002824.1	91.803	122	10	0	2051299	2051420	948135	948256	8.86e-39	171
CP035466.1	CP002824.1	94.595	111	5	1	938552	938661	1149228	1149338	8.86e-39	171
CP035466.1	CP002824.1	91.406	128	6	5	222482	222606	3805577	3805702	8.86e-39	171
CP035466.1	CP002824.1	96.117	103	4	0	1860895	1860997	216458	216356	3.19e-38	169
CP035466.1	CP002824.1	90.152	132	10	3	148300	148430	280224	280095	3.19e-38	169
CP035466.1	CP002824.1	91.200	125	10	1	3170937	3171060	339572	339696	3.19e-38	169
CP035466.1	CP002824.1	95.327	107	4	1	4283881	4283986	455588	455482	3.19e-38	169
CP035466.1	CP002824.1	97.000	100	3	0	5062342	5062441	992449	992548	3.19e-38	169
CP035466.1	CP002824.1	82.587	201	26	8	3533216	3533416	1389820	1389629	3.19e-38	169
CP035466.1	CP002824.1	97.000	100	3	0	5062342	5062441	1743801	1743702	3.19e-38	169
CP035466.1	CP002824.1	84.746	177	17	3	3815520	3815687	1816790	1816615	3.19e-38	169
CP035466.1	CP002824.1	98.947	95	0	1	3357022	3357115	3643679	3643773	3.19e-38	169
CP035466.1	CP002824.1	87.500	152	12	5	2598340	2598485	4470591	4470441	3.19e-38	169
CP035466.1	CP002824.1	88.971	136	14	1	139760	139894	357561	357696	1.15e-37	167
CP035466.1	CP002824.1	95.283	106	3	2	1649477	1649581	673963	673859	1.15e-37	167
CP035466.1	CP002824.1	91.736	121	9	1	3533220	3533340	1831818	1831937	1.15e-37	167
CP035466.1	CP002824.1	90.476	126	12	0	4283980	4284105	3448266	3448141	1.15e-37	167
CP035466.1	CP002824.1	91.667	120	9	1	1146760	1146878	339696	339577	4.12e-37	165
CP035466.1	CP002824.1	90.551	127	9	3	3533239	3533364	414165	414289	4.12e-37	165
CP035466.1	CP002824.1	90.625	128	7	5	3533419	3533544	414165	414289	4.12e-37	165
CP035466.1	CP002824.1	90.400	125	12	0	866415	866539	647486	647610	4.12e-37	165
CP035466.1	CP002824.1	89.922	129	12	1	777799	777926	1698976	1698848	4.12e-37	165
CP035466.1	CP002824.1	96.939	98	3	0	3856120	3856217	1720809	1720712	4.12e-37	165
CP035466.1	CP002824.1	96.939	98	3	0	3922349	3922446	1720712	1720809	4.12e-37	165
CP035466.1	CP002824.1	90.551	127	9	3	222482	222606	1831656	1831781	4.12e-37	165
CP035466.1	CP002824.1	94.495	109	3	3	1480460	1480567	2133401	2133507	4.12e-37	165
CP035466.1	CP002824.1	96.040	101	4	0	3979076	3979176	4278470	4278570	4.12e-37	165
CP035466.1	CP002824.1	90.400	125	12	0	866415	866539	4644972	4644848	4.12e-37	165
CP035466.1	CP002824.1	96.040	101	2	2	119835	119934	310973	311072	1.48e-36	163
CP035466.1	CP002824.1	96.040	101	2	2	119835	119934	311228	311327	1.48e-36	163
CP035466.1	CP002824.1	92.174	115	9	0	1731208	1731322	948254	948140	1.48e-36	163
CP035466.1	CP002824.1	96.000	100	4	0	5062342	5062441	1517464	1517365	1.48e-36	163
CP035466.1	CP002824.1	96.000	100	4	0	5062342	5062441	1698931	1698832	1.48e-36	163
CP035466.1	CP002824.1	92.920	113	6	2	1946911	1947021	2220523	2220635	1.48e-36	163
CP035466.1	CP002824.1	100.000	88	0	0	1970273	1970360	2243844	2243931	1.48e-36	163
CP035466.1	CP002824.1	85.625	160	18	2	263733	263892	3152649	3152803	1.48e-36	163
CP035466.1	CP002824.1	87.943	141	14	3	139757	139894	3427615	3427755	1.48e-36	163
CP035466.1	CP002824.1	92.982	114	5	2	4548337	4548448	4774150	4774262	1.48e-36	163
CP035466.1	CP002824.1	98.901	91	1	0	4511702	4511792	4937590	4937500	1.48e-36	163
CP035466.1	CP002824.1	98.901	91	1	0	4495369	4495459	4937590	4937500	1.48e-36	163
CP035466.1	CP002824.1	100.000	88	0	0	4491932	4492019	4937590	4937503	1.48e-36	163
CP035466.1	CP002824.1	87.943	141	12	5	3110334	3110469	1381911	1381771	5.33e-36	161
CP035466.1	CP002824.1	92.241	116	5	3	4157486	4157597	1412754	1412639	5.33e-36	161
CP035466.1	CP002824.1	95.098	102	5	0	3533509	3533610	1831656	1831757	5.33e-36	161
CP035466.1	CP002824.1	90.833	120	11	0	741863	741982	2006042	2005923	5.33e-36	161
CP035466.1	CP002824.1	94.393	107	3	3	3794624	3794729	4063655	4063759	5.33e-36	161
CP035466.1	CP002824.1	95.098	102	5	0	3978842	3978943	4278469	4278570	5.33e-36	161
CP035466.1	CP002824.1	90.323	124	9	3	629862	629984	280223	280102	1.92e-35	159
CP035466.1	CP002824.1	89.062	128	14	0	3856089	3856216	3196097	3195970	1.92e-35	159
CP035466.1	CP002824.1	89.683	126	12	1	222482	222606	3805487	3805612	1.92e-35	159
CP035466.1	CP002824.1	89.844	128	7	6	3533216	3533340	3806006	3806130	1.92e-35	159
CP035466.1	CP002824.1	95.098	102	4	1	3978959	3979059	4278469	4278570	1.92e-35	159
CP035466.1	CP002824.1	95.098	102	4	1	3979192	3979292	4278469	4278570	1.92e-35	159
CP035466.1	CP002824.1	84.181	177	15	5	671462	671638	4470428	4470591	1.92e-35	159
CP035466.1	CP002824.1	83.799	179	15	5	4157507	4157671	877504	877682	6.90e-35	158
CP035466.1	CP002824.1	88.550	131	14	1	777797	777926	1517676	1517546	6.90e-35	158
CP035466.1	CP002824.1	98.864	88	1	0	1970273	1970360	1646416	1646329	6.90e-35	158
CP035466.1	CP002824.1	98.864	88	1	0	1970042	1970129	1646416	1646329	6.90e-35	158
CP035466.1	CP002824.1	100.000	85	0	0	3357323	3357407	1702674	1702590	6.90e-35	158
CP035466.1	CP002824.1	100.000	85	0	0	3357023	3357107	1702674	1702590	6.90e-35	158
CP035466.1	CP002824.1	95.876	97	4	0	120982	121078	1720713	1720809	6.90e-35	158
CP035466.1	CP002824.1	98.864	88	1	0	1339096	1339183	2243931	2243844	6.90e-35	158
CP035466.1	CP002824.1	88.976	127	14	0	3922350	3922476	3195970	3196096	6.90e-35	158
CP035466.1	CP002824.1	100.000	85	0	0	1484226	1484310	3643544	3643460	6.90e-35	158
CP035466.1	CP002824.1	100.000	85	0	0	1484226	1484310	3643764	3643680	6.90e-35	158
CP035466.1	CP002824.1	92.035	113	7	1	1609878	1609988	3805295	3805407	6.90e-35	158
CP035466.1	CP002824.1	95.050	101	4	1	1609888	1609988	3805758	3805857	6.90e-35	158
CP035466.1	CP002824.1	95.000	100	3	2	120042	120140	310953	311051	2.48e-34	156
CP035466.1	CP002824.1	95.000	100	3	2	119415	119513	311701	311799	2.48e-34	156
CP035466.1	CP002824.1	90.164	122	9	3	635744	635862	339575	339696	2.48e-34	156
CP035466.1	CP002824.1	94.118	102	6	0	166075	166176	841947	842048	2.48e-34	156
CP035466.1	CP002824.1	97.802	91	1	1	1970154	1970244	1646419	1646330	2.48e-34	156
CP035466.1	CP002824.1	97.802	91	1	1	1339097	1339186	2244046	2243956	2.48e-34	156
CP035466.1	CP002824.1	98.864	88	0	1	1970042	1970129	2244075	2244161	2.48e-34	156
CP035466.1	CP002824.1	95.876	97	3	1	4157503	4157598	3777112	3777208	2.48e-34	156
CP035466.1	CP002824.1	94.175	103	4	1	1609888	1609988	3805396	3805498	2.48e-34	156
CP035466.1	CP002824.1	89.062	128	10	4	222482	222606	3805667	3805793	2.48e-34	156
CP035466.1	CP002824.1	94.175	103	4	1	1609888	1609988	3805667	3805769	2.48e-34	156
CP035466.1	CP002824.1	98.851	87	1	0	166177	166263	4470517	4470431	2.48e-34	156
CP035466.1	CP002824.1	89.344	122	13	0	629576	629697	339575	339696	8.92e-34	154
CP035466.1	CP002824.1	88.889	126	13	1	3533329	3533454	414165	414289	8.92e-34	154
CP035466.1	CP002824.1	100.000	83	0	0	245075	245157	436514	436596	8.92e-34	154
CP035466.1	CP002824.1	100.000	83	0	0	244831	244913	436758	436840	8.92e-34	154
CP035466.1	CP002824.1	98.851	87	0	1	1484503	1484589	992788	992703	8.92e-34	154
CP035466.1	CP002824.1	97.753	89	2	0	507832	507920	2171635	2171547	8.92e-34	154
CP035466.1	CP002824.1	81.818	187	31	3	2722434	2722619	3001562	3001746	8.92e-34	154
CP035466.1	CP002824.1	81.818	187	31	3	2722104	2722288	3001892	3002077	8.92e-34	154
CP035466.1	CP002824.1	96.739	92	3	0	4157509	4157600	3215040	3214949	8.92e-34	154
CP035466.1	CP002824.1	88.636	132	7	4	2936289	2936413	3777215	3777085	8.92e-34	154
CP035466.1	CP002824.1	86.093	151	11	7	2598335	2598485	3777272	3777132	8.92e-34	154
CP035466.1	CP002824.1	94.118	102	5	1	1609888	1609988	3805577	3805678	8.92e-34	154
CP035466.1	CP002824.1	88.976	127	10	4	222483	222606	3805847	3805972	8.92e-34	154
CP035466.1	CP002824.1	94.118	102	4	1	1609889	1609988	3805847	3805948	8.92e-34	154
CP035466.1	CP002824.1	81.675	191	30	5	465814	466002	4113177	4113364	8.92e-34	154
CP035466.1	CP002824.1	97.753	89	2	0	3856090	3856178	4222216	4222128	8.92e-34	154
CP035466.1	CP002824.1	95.833	96	3	1	465788	465883	4470422	4470516	8.92e-34	154
CP035466.1	CP002824.1	97.753	89	2	0	4937483	4937571	4470516	4470428	8.92e-34	154
CP035466.1	CP002824.1	97.753	89	2	0	1594902	1594990	4470519	4470431	8.92e-34	154
CP035466.1	CP002824.1	96.739	92	1	2	120049	120140	311217	311306	3.21e-33	152
CP035466.1	CP002824.1	98.824	85	1	0	120056	120140	311488	311572	3.21e-33	152
CP035466.1	CP002824.1	96.739	92	1	2	119690	119779	311708	311799	3.21e-33	152
CP035466.1	CP002824.1	95.789	95	3	1	608369	608462	814863	814957	3.21e-33	152
CP035466.1	CP002824.1	97.753	89	1	1	2598398	2598485	1816724	1816812	3.21e-33	152
CP035466.1	CP002824.1	91.150	113	9	1	1923485	1923596	2193435	2193547	3.21e-33	152
CP035466.1	CP002824.1	98.824	85	1	0	1921352	1921436	2195300	2195384	3.21e-33	152
CP035466.1	CP002824.1	91.150	113	9	1	1923485	1923596	2197724	2197836	3.21e-33	152
CP035466.1	CP002824.1	90.435	115	11	0	1731208	1731322	2328742	2328628	3.21e-33	152
CP035466.1	CP002824.1	95.789	95	2	2	2274153	2274246	2542293	2542386	3.21e-33	152
CP035466.1	CP002824.1	95.789	95	2	2	2264704	2264797	2551743	2551836	3.21e-33	152
CP035466.1	CP002824.1	85.526	152	15	5	4157522	4157672	2878847	2878702	3.21e-33	152
CP035466.1	CP002824.1	86.525	141	15	4	139758	139894	3152698	3152838	3.21e-33	152
CP035466.1	CP002824.1	87.786	131	15	1	120980	121109	3195968	3196098	3.21e-33	152
CP035466.1	CP002824.1	87.313	134	16	1	2527517	2527649	3196105	3195972	3.21e-33	152
CP035466.1	CP002824.1	95.745	94	4	0	4157507	4157600	3368701	3368794	3.21e-33	152
CP035466.1	CP002824.1	88.976	127	8	2	4283985	4284105	3777079	3777205	3.21e-33	152
CP035466.1	CP002824.1	96.703	91	3	0	4283832	4283922	3777125	3777215	3.21e-33	152
CP035466.1	CP002824.1	97.701	87	2	0	2598399	2598485	1412628	1412714	1.15e-32	150
CP035466.1	CP002824.1	85.235	149	19	3	2723015	2723162	1454235	1454381	1.15e-32	150
CP035466.1	CP002824.1	90.991	111	10	0	4729645	4729755	2220632	2220522	1.15e-32	150
CP035466.1	CP002824.1	97.727	88	1	1	1339096	1339183	2244161	2244075	1.15e-32	150
CP035466.1	CP002824.1	96.667	90	3	0	4896755	4896844	3065409	3065498	1.15e-32	150
CP035466.1	CP002824.1	97.701	87	2	0	121020	121106	4222128	4222214	1.15e-32	150
CP035466.1	CP002824.1	97.701	87	1	1	2786037	2786122	62519	62605	4.15e-32	148
CP035466.1	CP002824.1	87.786	131	11	4	2821065	2821192	339696	339568	4.15e-32	148
CP035466.1	CP002824.1	97.701	87	1	1	778252	778337	1702953	1702867	4.15e-32	148
CP035466.1	CP002824.1	94.737	95	5	0	2527555	2527649	1720809	1720715	4.15e-32	148
CP035466.1	CP002824.1	97.701	87	0	2	1690395	1690479	1964811	1964897	4.15e-32	148
CP035466.1	CP002824.1	97.701	87	1	1	4468096	4468181	1965189	1965103	4.15e-32	148
CP035466.1	CP002824.1	88.095	126	13	2	4729636	4729761	2220728	2220605	4.15e-32	148
CP035466.1	CP002824.1	97.701	87	1	1	4896488	4896574	3065070	3065155	4.15e-32	148
CP035466.1	CP002824.1	88.000	125	15	0	866415	866539	3195970	3196094	4.15e-32	148
CP035466.1	CP002824.1	96.629	89	3	0	3315403	3315491	3595281	3595369	4.15e-32	148
CP035466.1	CP002824.1	93.137	102	6	1	1609888	1609988	3805487	3805588	4.15e-32	148
CP035466.1	CP002824.1	93.069	101	7	0	166076	166176	4400585	4400485	4.15e-32	148
CP035466.1	CP002824.1	97.701	87	1	1	1690392	1690478	4892206	4892121	4.15e-32	148
CP035466.1	CP002824.1	96.629	89	1	2	4893378	4893465	59292	59379	1.49e-31	147
CP035466.1	CP002824.1	96.629	89	1	2	4893261	4893348	59409	59496	1.49e-31	147
CP035466.1	CP002824.1	98.795	83	0	1	119831	119913	311718	311799	1.49e-31	147
CP035466.1	CP002824.1	87.023	131	16	1	2917314	2917444	312639	312768	1.49e-31	147
CP035466.1	CP002824.1	98.795	83	0	1	2274153	2274234	1609832	1609914	1.49e-31	147
CP035466.1	CP002824.1	96.591	88	3	0	1636335	1636422	1858193	1858280	1.49e-31	147
CP035466.1	CP002824.1	96.629	89	1	2	4468089	4468175	1964904	1964816	1.49e-31	147
CP035466.1	CP002824.1	88.430	121	14	0	2051298	2051418	2006043	2005923	1.49e-31	147
CP035466.1	CP002824.1	87.402	127	16	0	2917316	2917442	2171509	2171635	1.49e-31	147
CP035466.1	CP002824.1	90.826	109	10	0	1161894	1162002	2174320	2174212	1.49e-31	147
CP035466.1	CP002824.1	90.265	113	10	1	1923485	1923596	2195770	2195882	1.49e-31	147
CP035466.1	CP002824.1	91.589	107	7	2	1594888	1594994	2483452	2483556	1.49e-31	147
CP035466.1	CP002824.1	98.795	83	0	1	1300686	1300768	2551743	2551824	1.49e-31	147
CP035466.1	CP002824.1	96.629	89	2	1	1594892	1594980	2878760	2878847	1.49e-31	147
CP035466.1	CP002824.1	98.780	82	1	0	2722732	2722813	3001788	3001869	1.49e-31	147
CP035466.1	CP002824.1	98.780	82	1	0	2722330	2722411	3002190	3002271	1.49e-31	147
CP035466.1	CP002824.1	100.000	79	0	0	2786045	2786123	3064756	3064834	1.49e-31	147
CP035466.1	CP002824.1	100.000	79	0	0	2785428	2785506	3065078	3065156	1.49e-31	147
CP035466.1	CP002824.1	88.189	127	10	5	222482	222606	3805758	3805881	1.49e-31	147
CP035466.1	CP002824.1	90.351	114	8	2	1609878	1609988	3805927	3806040	1.49e-31	147
CP035466.1	CP002824.1	95.604	91	4	0	3189523	3189613	4470516	4470426	1.49e-31	147
CP035466.1	CP002824.1	96.629	89	1	2	1690105	1690193	4892200	4892114	1.49e-31	147
CP035466.1	CP002824.1	100.000	78	0	0	2785843	2785920	62326	62403	5.37e-31	145
CP035466.1	CP002824.1	100.000	78	0	0	2785428	2785505	62528	62605	5.37e-31	145
CP035466.1	CP002824.1	96.552	87	3	0	507834	507920	312765	312679	5.37e-31	145
CP035466.1	CP002824.1	86.822	129	17	0	2917314	2917442	643140	643012	5.37e-31	145
CP035466.1	CP002824.1	96.591	88	2	1	1154148	1154235	1380495	1380581	5.37e-31	145
CP035466.1	CP002824.1	92.233	103	6	1	1609888	1609988	1831746	1831848	5.37e-31	145
CP035466.1	CP002824.1	100.000	78	0	0	4468098	4468175	1965040	1964963	5.37e-31	145
CP035466.1	CP002824.1	98.780	82	0	1	1690105	1690186	1965110	1965190	5.37e-31	145
CP035466.1	CP002824.1	96.552	87	3	0	2380851	2380937	2643905	2643991	5.37e-31	145
CP035466.1	CP002824.1	95.556	90	4	0	2664380	2664469	2807418	2807507	5.37e-31	145
CP035466.1	CP002824.1	100.000	78	0	0	2722214	2722291	3001562	3001639	5.37e-31	145
CP035466.1	CP002824.1	100.000	78	0	0	2722104	2722181	3001672	3001749	5.37e-31	145
CP035466.1	CP002824.1	100.000	78	0	0	4896497	4896574	3064756	3064833	5.37e-31	145
CP035466.1	CP002824.1	100.000	78	0	0	4896295	4896372	3064876	3064953	5.37e-31	145
CP035466.1	CP002824.1	95.604	91	3	1	2786045	2786135	3064955	3065044	5.37e-31	145
CP035466.1	CP002824.1	97.647	85	1	1	1690245	1690329	4892206	4892123	5.37e-31	145
CP035466.1	CP002824.1	100.000	77	0	0	2785539	2785615	62326	62402	1.93e-30	143
CP035466.1	CP002824.1	87.200	125	16	0	2917317	2917441	239362	239238	1.93e-30	143
CP035466.1	CP002824.1	100.000	77	0	0	692729	692805	436595	436519	1.93e-30	143
CP035466.1	CP002824.1	100.000	77	0	0	692729	692805	436717	436641	1.93e-30	143
CP035466.1	CP002824.1	100.000	77	0	0	692729	692805	436839	436763	1.93e-30	143
CP035466.1	CP002824.1	95.506	89	4	0	507832	507920	643012	643100	1.93e-30	143
CP035466.1	CP002824.1	81.818	176	27	4	2722997	2723169	756535	756708	1.93e-30	143
CP035466.1	CP002824.1	98.750	80	1	0	244958	245037	898850	898771	1.93e-30	143
CP035466.1	CP002824.1	98.750	80	1	0	244836	244915	898850	898771	1.93e-30	143
CP035466.1	CP002824.1	100.000	77	0	0	245080	245156	898850	898774	1.93e-30	143
CP035466.1	CP002824.1	87.200	125	16	0	2917316	2917440	1077513	1077637	1.93e-30	143
CP035466.1	CP002824.1	97.619	84	1	1	1295084	1295167	1604163	1604245	1.93e-30	143
CP035466.1	CP002824.1	95.506	89	4	0	4157512	4157600	1816822	1816734	1.93e-30	143
CP035466.1	CP002824.1	93.684	95	6	0	2206041	2206135	2483550	2483644	1.93e-30	143
CP035466.1	CP002824.1	93.750	96	4	2	1594899	1594994	2483550	2483643	1.93e-30	143
CP035466.1	CP002824.1	93.750	96	4	2	1594899	1594994	2483637	2483730	1.93e-30	143
CP035466.1	CP002824.1	100.000	77	0	0	2786253	2786329	3064955	3065031	1.93e-30	143
CP035466.1	CP002824.1	100.000	77	0	0	2785922	2785998	3065286	3065362	1.93e-30	143
CP035466.1	CP002824.1	94.565	92	5	0	263893	263984	4470517	4470426	1.93e-30	143
CP035466.1	CP002824.1	94.565	92	5	0	2936295	2936386	4470519	4470428	1.93e-30	143
CP035466.1	CP002824.1	100.000	76	0	0	2785539	2785614	62204	62279	6.94e-30	141
CP035466.1	CP002824.1	100.000	76	0	0	2785843	2785918	62204	62279	6.94e-30	141
CP035466.1	CP002824.1	100.000	76	0	0	4896417	4896492	62204	62279	6.94e-30	141
CP035466.1	CP002824.1	100.000	76	0	0	4896173	4896248	62448	62523	6.94e-30	141
CP035466.1	CP002824.1	100.000	76	0	0	2786253	2786328	62528	62603	6.94e-30	141
CP035466.1	CP002824.1	87.805	123	12	3	636028	636149	280222	280102	6.94e-30	141
CP035466.1	CP002824.1	90.654	107	8	2	2206030	2206134	1816720	1816826	6.94e-30	141
CP035466.1	CP002824.1	91.509	106	4	5	1636244	1636349	1858284	1858384	6.94e-30	141
CP035466.1	CP002824.1	100.000	76	0	0	2722544	2722619	3001891	3001966	6.94e-30	141
CP035466.1	CP002824.1	100.000	76	0	0	2722433	2722508	3002002	3002077	6.94e-30	141
CP035466.1	CP002824.1	100.000	76	0	0	2785617	2785692	3064756	3064831	6.94e-30	141
CP035466.1	CP002824.1	100.000	76	0	0	2785922	2785997	3064756	3064831	6.94e-30	141
CP035466.1	CP002824.1	100.000	76	0	0	2786253	2786328	3064756	3064831	6.94e-30	141
CP035466.1	CP002824.1	100.000	76	0	0	4896173	4896248	3064876	3064951	6.94e-30	141
CP035466.1	CP002824.1	100.000	76	0	0	2785428	2785503	3064955	3065030	6.94e-30	141
CP035466.1	CP002824.1	98.750	80	0	1	2785922	2786000	3065078	3065157	6.94e-30	141
CP035466.1	CP002824.1	100.000	76	0	0	2785428	2785503	3065286	3065361	6.94e-30	141
CP035466.1	CP002824.1	100.000	76	0	0	4896497	4896572	3065286	3065361	6.94e-30	141
CP035466.1	CP002824.1	94.505	91	5	0	4157507	4157597	3448229	3448139	6.94e-30	141
CP035466.1	CP002824.1	83.871	155	15	6	465850	465998	455588	455438	2.50e-29	139
CP035466.1	CP002824.1	95.455	88	3	1	1152714	1152800	1381929	1382016	2.50e-29	139
CP035466.1	CP002824.1	96.429	84	3	0	4284022	4284105	1412724	1412641	2.50e-29	139
CP035466.1	CP002824.1	95.455	88	3	1	4937470	4937557	2878760	2878846	2.50e-29	139
CP035466.1	CP002824.1	91.176	102	9	0	166075	166176	3100216	3100115	2.50e-29	139
CP035466.1	CP002824.1	95.349	86	4	0	3815496	3815581	1215588	1215673	8.98e-29	137
CP035466.1	CP002824.1	98.701	77	1	0	3214552	3214628	3495464	3495540	8.98e-29	137
CP035466.1	CP002824.1	95.349	86	4	0	1002457	1002542	4113168	4113253	8.98e-29	137
CP035466.1	CP002824.1	96.386	83	3	0	4283832	4283914	4470434	4470516	8.98e-29	137
CP035466.1	CP002824.1	86.508	126	13	3	5012434	5012558	280102	280224	3.23e-28	135
CP035466.1	CP002824.1	95.294	85	4	0	2380853	2380937	2643733	2643817	3.23e-28	135
CP035466.1	CP002824.1	76.000	300	51	14	4766313	4766597	4414720	4414427	3.23e-28	135
CP035466.1	CP002824.1	90.909	99	9	0	4431485	4431583	280319	280221	1.16e-27	134
CP035466.1	CP002824.1	91.753	97	6	2	1902445	1902540	1389775	1389680	1.16e-27	134
CP035466.1	CP002824.1	88.991	109	11	1	1161981	1162088	2174320	2174212	1.16e-27	134
CP035466.1	CP002824.1	87.395	119	12	2	4937365	4937481	2351829	2351712	1.16e-27	134
CP035466.1	CP002824.1	91.753	97	6	2	4937477	4937572	2483637	2483732	1.16e-27	134
CP035466.1	CP002824.1	94.253	87	5	0	2380851	2380937	2643818	2643904	1.16e-27	134
CP035466.1	CP002824.1	93.333	90	6	0	3815495	3815584	2807421	2807510	1.16e-27	134
CP035466.1	CP002824.1	95.238	84	4	0	4284022	4284105	4470431	4470514	1.16e-27	134
CP035466.1	CP002824.1	96.296	81	3	0	4937485	4937565	4640302	4640222	1.16e-27	134
CP035466.1	CP002824.1	96.296	81	3	0	1594907	1594987	4640302	4640222	1.16e-27	134
CP035466.1	CP002824.1	94.186	86	5	0	1902455	1902540	1389938	1389853	4.18e-27	132
CP035466.1	CP002824.1	96.250	80	3	0	1731294	1731373	2005923	2006002	4.18e-27	132
CP035466.1	CP002824.1	95.238	84	3	1	777843	777926	2133507	2133425	4.18e-27	132
CP035466.1	CP002824.1	91.667	96	6	2	4937477	4937571	2483550	2483644	4.18e-27	132
CP035466.1	CP002824.1	94.253	87	4	1	2380855	2380941	2644083	2644168	4.18e-27	132
CP035466.1	CP002824.1	95.238	84	3	1	2598402	2598484	3214943	3215026	4.18e-27	132
CP035466.1	CP002824.1	95.238	84	3	1	2598402	2598484	3368800	3368717	4.18e-27	132
CP035466.1	CP002824.1	82.051	156	26	2	3353842	3353996	4277232	4277386	4.18e-27	132
CP035466.1	CP002824.1	85.156	128	17	2	866415	866541	312641	312767	1.50e-26	130
CP035466.1	CP002824.1	86.667	120	13	3	635730	635846	455435	455554	1.50e-26	130
CP035466.1	CP002824.1	100.000	70	0	0	5062582	5062651	992793	992862	1.50e-26	130
CP035466.1	CP002824.1	85.156	128	17	2	120982	121108	1077513	1077639	1.50e-26	130
CP035466.1	CP002824.1	100.000	70	0	0	5062582	5062651	1609782	1609713	1.50e-26	130
CP035466.1	CP002824.1	100.000	70	0	0	5062582	5062651	2542243	2542174	1.50e-26	130
CP035466.1	CP002824.1	94.118	85	5	0	2380856	2380940	2643997	2644081	1.50e-26	130
CP035466.1	CP002824.1	93.333	90	3	3	2379989	2380078	2644083	2644169	1.50e-26	130
CP035466.1	CP002824.1	91.489	94	8	0	2206034	2206127	2867470	2867377	1.50e-26	130
CP035466.1	CP002824.1	94.118	85	5	0	3648024	3648108	2867380	2867464	1.50e-26	130
CP035466.1	CP002824.1	94.186	86	4	1	3189513	3189597	2878761	2878846	1.50e-26	130
CP035466.1	CP002824.1	94.186	86	4	1	2598399	2598484	3448129	3448213	1.50e-26	130
CP035466.1	CP002824.1	94.118	85	5	0	2587773	2587857	3922008	3922092	1.50e-26	130
CP035466.1	CP002824.1	88.785	107	8	4	469451	469555	673859	673963	5.41e-26	128
CP035466.1	CP002824.1	94.048	84	5	0	589578	589661	1412767	1412684	5.41e-26	128
CP035466.1	CP002824.1	91.489	94	7	1	3189519	3189612	2483551	2483643	5.41e-26	128
CP035466.1	CP002824.1	91.489	94	7	1	3189519	3189612	2483638	2483730	5.41e-26	128
CP035466.1	CP002824.1	93.182	88	5	1	465808	465894	2878847	2878760	5.41e-26	128
CP035466.1	CP002824.1	94.048	84	5	0	4283839	4283922	2878847	2878764	5.41e-26	128
CP035466.1	CP002824.1	93.103	87	6	0	2206038	2206124	3922094	3922008	5.41e-26	128
CP035466.1	CP002824.1	75.251	299	58	12	4067086	4067376	4619777	4620067	5.41e-26	128
CP035466.1	CP002824.1	95.062	81	4	0	465801	465881	4640222	4640302	5.41e-26	128
CP035466.1	CP002824.1	95.062	81	4	0	3189525	3189605	4640302	4640222	5.41e-26	128
CP035466.1	CP002824.1	95.062	81	4	0	166180	166260	4640302	4640222	5.41e-26	128
CP035466.1	CP002824.1	79.891	184	29	6	386896	387075	5077973	5077794	5.41e-26	128
CP035466.1	CP002824.1	89.796	98	10	0	3533509	3533606	414165	414262	1.94e-25	126
CP035466.1	CP002824.1	85.039	127	16	3	2821081	2821204	455554	455428	1.94e-25	126
CP035466.1	CP002824.1	84.091	132	19	2	3856092	3856222	1077637	1077507	1.94e-25	126
CP035466.1	CP002824.1	85.039	127	15	4	3922350	3922474	1077513	1077637	1.94e-25	126
CP035466.1	CP002824.1	95.000	80	4	0	1134138	1134217	1345970	1346049	1.94e-25	126
CP035466.1	CP002824.1	89.320	103	7	4	469615	469715	1870391	1870291	1.94e-25	126
CP035466.1	CP002824.1	82.143	168	10	9	671476	671642	2878846	2878698	1.94e-25	126
CP035466.1	CP002824.1	93.976	83	5	0	166170	166252	2878764	2878846	1.94e-25	126
CP035466.1	CP002824.1	88.785	107	6	4	4937460	4937566	2903014	2903114	1.94e-25	126
CP035466.1	CP002824.1	91.489	94	5	2	671481	671574	2903104	2903014	1.94e-25	126
CP035466.1	CP002824.1	81.761	159	21	5	263735	263892	3100266	3100115	1.94e-25	126
CP035466.1	CP002824.1	96.104	77	3	0	3389621	3389697	5276059	5276135	1.94e-25	126
CP035466.1	CP002824.1	84.677	124	19	0	866416	866539	239362	239239	6.99e-25	124
CP035466.1	CP002824.1	84.800	125	18	1	1035774	1035898	255108	255231	6.99e-25	124
CP035466.1	CP002824.1	89.796	98	9	1	1609888	1609984	414165	414262	6.99e-25	124
CP035466.1	CP002824.1	84.800	125	18	1	65450	65573	1249389	1249513	6.99e-25	124
CP035466.1	CP002824.1	92.045	88	7	0	4283832	4283919	2483637	2483550	6.99e-25	124
CP035466.1	CP002824.1	92.045	88	7	0	4283832	4283919	2483724	2483637	6.99e-25	124
CP035466.1	CP002824.1	92.135	89	6	1	2936291	2936379	2867464	2867377	6.99e-25	124
CP035466.1	CP002824.1	83.333	138	20	3	3815505	3815641	3448208	3448073	6.99e-25	124
CP035466.1	CP002824.1	96.053	76	3	0	3214808	3214883	3498626	3498701	6.99e-25	124
CP035466.1	CP002824.1	93.976	83	3	2	855434	855515	5193083	5193164	6.99e-25	124
CP035466.1	CP002824.1	91.111	90	8	0	1146837	1146926	280217	280306	2.52e-24	122
CP035466.1	CP002824.1	84.677	124	17	2	866415	866537	643138	643016	2.52e-24	122
CP035466.1	CP002824.1	92.941	85	5	1	1902456	1902540	1389850	1389767	2.52e-24	122
CP035466.1	CP002824.1	92.941	85	4	2	3119446	3119529	1816822	1816739	2.52e-24	122
CP035466.1	CP002824.1	89.000	100	10	1	1162067	1162165	2174320	2174221	2.52e-24	122
CP035466.1	CP002824.1	92.857	84	6	0	3648027	3648110	2483543	2483460	2.52e-24	122
CP035466.1	CP002824.1	93.827	81	5	0	2598405	2598485	2483550	2483630	2.52e-24	122
CP035466.1	CP002824.1	92.857	84	6	0	4284022	4284105	2483640	2483557	2.52e-24	122
CP035466.1	CP002824.1	93.827	81	5	0	2598405	2598485	2483637	2483717	2.52e-24	122
CP035466.1	CP002824.1	92.857	84	6	0	4284022	4284105	2483727	2483644	2.52e-24	122
CP035466.1	CP002824.1	91.209	91	6	2	166104	166193	3368672	3368583	2.52e-24	122
CP035466.1	CP002824.1	96.000	75	3	0	4157515	4157589	4640222	4640296	2.52e-24	122
CP035466.1	CP002824.1	93.750	80	5	0	1152715	1152794	1345889	1345968	9.05e-24	121
CP035466.1	CP002824.1	93.750	80	5	0	1152715	1152794	1345971	1346050	9.05e-24	121
CP035466.1	CP002824.1	82.000	150	19	5	1516031	1516176	1529431	1529286	9.05e-24	121
CP035466.1	CP002824.1	82.000	150	19	5	1403182	1403327	1734610	1734465	9.05e-24	121
CP035466.1	CP002824.1	84.252	127	16	4	866415	866539	2171509	2171633	9.05e-24	121
CP035466.1	CP002824.1	92.771	83	6	0	3456428	3456510	3368516	3368598	9.05e-24	121
CP035466.1	CP002824.1	85.965	114	15	1	635733	635846	3368904	3368792	9.05e-24	121
CP035466.1	CP002824.1	93.750	80	5	0	3217904	3217983	3473052	3473131	9.05e-24	121
CP035466.1	CP002824.1	91.011	89	8	0	3389696	3389784	5272618	5272706	9.05e-24	121
CP035466.1	CP002824.1	87.037	108	11	3	139758	139862	455447	455554	3.25e-23	119
CP035466.1	CP002824.1	89.691	97	4	5	1146846	1146937	655456	655361	3.25e-23	119
CP035466.1	CP002824.1	88.776	98	10	1	222482	222579	1831837	1831933	3.25e-23	119
CP035466.1	CP002824.1	93.750	80	4	1	4283845	4283924	2807431	2807509	3.25e-23	119
CP035466.1	CP002824.1	100.000	64	0	0	2598402	2598465	2807507	2807444	3.25e-23	119
CP035466.1	CP002824.1	91.765	85	7	0	3013564	3013648	2903030	2903114	3.25e-23	119
CP035466.1	CP002824.1	85.470	117	13	4	635733	635846	4113360	4113245	3.25e-23	119
CP035466.1	CP002824.1	80.892	157	24	6	1023983	1024136	5129413	5129260	3.25e-23	119
CP035466.1	CP002824.1	100.000	63	0	0	4896788	4896850	62586	62648	1.17e-22	117
CP035466.1	CP002824.1	90.110	91	8	1	1609907	1609996	1389783	1389693	1.17e-22	117
CP035466.1	CP002824.1	91.765	85	5	2	3119446	3119529	2483553	2483470	1.17e-22	117
CP035466.1	CP002824.1	91.765	85	5	2	3119446	3119529	2483640	2483557	1.17e-22	117
CP035466.1	CP002824.1	91.765	85	5	2	3119446	3119529	2483727	2483644	1.17e-22	117
CP035466.1	CP002824.1	95.833	72	3	0	166162	166233	2807515	2807444	1.17e-22	117
CP035466.1	CP002824.1	97.101	69	2	0	2598398	2598466	2903024	2903092	1.17e-22	117
CP035466.1	CP002824.1	92.593	81	6	0	507832	507912	3196096	3196016	1.17e-22	117
CP035466.1	CP002824.1	94.667	75	4	0	635772	635846	3368672	3368598	1.17e-22	117
CP035466.1	CP002824.1	94.667	75	4	0	139788	139862	3368672	3368598	1.17e-22	117
CP035466.1	CP002824.1	83.333	132	16	2	3677839	3677970	3951713	3951838	1.17e-22	117
CP035466.1	CP002824.1	74.744	293	58	12	4263386	4263670	4367097	4367381	1.17e-22	117
CP035466.1	CP002824.1	92.593	81	6	0	263896	263976	4640302	4640222	1.17e-22	117
CP035466.1	CP002824.1	97.059	68	2	0	2893235	2893302	280157	280224	4.21e-22	115
CP035466.1	CP002824.1	92.500	80	6	0	1921703	1921782	2195382	2195461	4.21e-22	115
CP035466.1	CP002824.1	91.566	83	7	0	3013564	3013646	2807505	2807423	4.21e-22	115
CP035466.1	CP002824.1	95.833	72	2	1	4937467	4937538	2807514	2807444	4.21e-22	115
CP035466.1	CP002824.1	91.566	83	7	0	263886	263968	2878764	2878846	4.21e-22	115
CP035466.1	CP002824.1	94.595	74	4	0	4284032	4284105	2878847	2878774	4.21e-22	115
CP035466.1	CP002824.1	89.362	94	7	3	4283845	4283937	2903104	2903013	4.21e-22	115
CP035466.1	CP002824.1	92.593	81	5	1	4937450	4937530	3394221	3394300	4.21e-22	115
CP035466.1	CP002824.1	91.667	84	6	1	3562918	3563000	3835278	3835361	4.21e-22	115
CP035466.1	CP002824.1	91.667	84	6	1	3562758	3562841	3835438	3835520	4.21e-22	115
CP035466.1	CP002824.1	91.667	84	6	1	2936289	2936372	3922094	3922012	4.21e-22	115
CP035466.1	CP002824.1	85.714	112	12	4	3815573	3815684	4400483	4400590	4.21e-22	115
CP035466.1	CP002824.1	95.775	71	3	0	1146808	1146878	4470520	4470590	4.21e-22	115
CP035466.1	CP002824.1	94.595	74	4	0	2598412	2598485	4640302	4640229	4.21e-22	115
CP035466.1	CP002824.1	98.462	65	0	1	1594896	1594960	2807507	2807444	1.51e-21	113
CP035466.1	CP002824.1	91.463	82	7	0	2917361	2917442	4222135	4222216	1.51e-21	113
CP035466.1	CP002824.1	95.714	70	2	1	1594892	1594961	2903024	2903092	5.44e-21	111
CP035466.1	CP002824.1	85.455	110	13	3	3815573	3815682	3100113	3100219	5.44e-21	111
CP035466.1	CP002824.1	89.011	91	9	1	2936223	2936313	3368672	3368583	5.44e-21	111
CP035466.1	CP002824.1	89.011	91	9	1	1594830	1594920	3368672	3368583	5.44e-21	111
CP035466.1	CP002824.1	93.333	75	5	0	5012738	5012812	3368598	3368672	5.44e-21	111
CP035466.1	CP002824.1	85.714	105	15	0	139758	139862	3368896	3368792	5.44e-21	111
CP035466.1	CP002824.1	100.000	60	0	0	3218020	3218079	3495650	3495709	5.44e-21	111
CP035466.1	CP002824.1	89.011	91	8	2	222481	222569	3806028	3806118	5.44e-21	111
CP035466.1	CP002824.1	82.576	132	17	3	3677731	3677856	3951821	3951952	5.44e-21	111
CP035466.1	CP002824.1	74.403	293	59	9	4114051	4114341	5154107	5153829	5.44e-21	111
CP035466.1	CP002824.1	91.250	80	7	0	1731294	1731373	948942	948863	1.96e-20	110
CP035466.1	CP002824.1	89.888	89	4	5	2821147	2821232	1095473	1095387	1.96e-20	110
CP035466.1	CP002824.1	91.250	80	7	0	1152715	1152794	1346053	1346132	1.96e-20	110
CP035466.1	CP002824.1	84.071	113	18	0	632776	632888	2380198	2380086	1.96e-20	110
CP035466.1	CP002824.1	91.358	81	5	1	671494	671574	2903215	2903137	1.96e-20	110
CP035466.1	CP002824.1	90.588	85	5	3	1786558	1786639	3152736	3152652	1.96e-20	110
CP035466.1	CP002824.1	84.348	115	14	4	2821081	2821192	4113245	4113358	1.96e-20	110
CP035466.1	CP002824.1	83.478	115	19	0	3815573	3815687	3152805	3152691	7.04e-20	108
CP035466.1	CP002824.1	89.412	85	9	0	139778	139862	3214867	3214951	7.04e-20	108
CP035466.1	CP002824.1	89.412	85	9	0	635762	635846	3214867	3214951	7.04e-20	108
CP035466.1	CP002824.1	95.522	67	3	0	2598399	2598465	3290473	3290539	7.04e-20	108
CP035466.1	CP002824.1	85.185	108	13	3	263785	263892	4400589	4400485	7.04e-20	108
CP035466.1	CP002824.1	100.000	57	0	0	2786409	2786465	62586	62642	2.53e-19	106
CP035466.1	CP002824.1	98.333	60	1	0	1223891	1223950	768843	768784	2.53e-19	106
CP035466.1	CP002824.1	85.577	104	12	3	263789	263892	841948	842048	2.53e-19	106
CP035466.1	CP002824.1	93.056	72	5	0	263878	263949	2807515	2807444	2.53e-19	106
CP035466.1	CP002824.1	96.875	64	1	1	3189516	3189578	2807507	2807444	2.53e-19	106
CP035466.1	CP002824.1	88.043	92	8	3	3189503	3189592	2903014	2903104	2.53e-19	106
CP035466.1	CP002824.1	100.000	57	0	0	4896555	4896611	3065442	3065498	2.53e-19	106
CP035466.1	CP002824.1	98.333	60	1	0	3214552	3214611	3495650	3495709	2.53e-19	106
CP035466.1	CP002824.1	98.333	60	1	0	3218020	3218079	3498882	3498941	2.53e-19	106
CP035466.1	CP002824.1	95.455	66	3	0	3597403	3597468	3870300	3870365	2.53e-19	106
CP035466.1	CP002824.1	85.047	107	13	3	139759	139862	4113351	4113245	2.53e-19	106
CP035466.1	CP002824.1	95.455	66	3	0	5039640	5039705	4534323	4534388	2.53e-19	106
CP035466.1	CP002824.1	90.909	77	7	0	2261190	2261266	59380	59304	9.11e-19	104
CP035466.1	CP002824.1	90.909	77	7	0	1476933	1477009	59380	59304	9.11e-19	104
CP035466.1	CP002824.1	90.909	77	7	0	1297261	1297337	59380	59304	9.11e-19	104
CP035466.1	CP002824.1	85.437	103	11	3	2888342	2888442	278623	278723	9.11e-19	104
CP035466.1	CP002824.1	94.203	69	3	1	2290815	2290883	796002	796069	9.11e-19	104
CP035466.1	CP002824.1	84.906	106	13	3	3815573	3815678	842050	841948	9.11e-19	104
CP035466.1	CP002824.1	88.506	87	8	2	2587782	2587868	1215597	1215681	9.11e-19	104
CP035466.1	CP002824.1	90.909	77	7	0	2873707	2873783	1215612	1215688	9.11e-19	104
CP035466.1	CP002824.1	82.540	126	15	5	3135806	3135927	1215740	1215618	9.11e-19	104
CP035466.1	CP002824.1	94.118	68	4	0	3013558	3013625	1412627	1412694	9.11e-19	104
CP035466.1	CP002824.1	90.123	81	7	1	2290815	2290895	1412745	1412666	9.11e-19	104
CP035466.1	CP002824.1	90.909	77	7	0	4893273	4893349	1606389	1606313	9.11e-19	104
CP035466.1	CP002824.1	90.909	77	7	0	4893273	4893349	1695532	1695456	9.11e-19	104
CP035466.1	CP002824.1	95.455	66	2	1	1649189	1649254	1870327	1870391	9.11e-19	104
CP035466.1	CP002824.1	90.000	80	8	0	1731294	1731373	2328828	2328749	9.11e-19	104
CP035466.1	CP002824.1	83.186	113	19	0	866416	866528	2380086	2380198	9.11e-19	104
CP035466.1	CP002824.1	90.909	77	7	0	4893273	4893349	2538850	2538774	9.11e-19	104
CP035466.1	CP002824.1	88.506	87	8	2	1002466	1002550	2867389	2867475	9.11e-19	104
CP035466.1	CP002824.1	95.455	66	2	1	855450	855515	3892270	3892334	9.11e-19	104
CP035466.1	CP002824.1	91.026	78	5	2	3119453	3119529	3922008	3922084	9.11e-19	104
CP035466.1	CP002824.1	98.276	58	1	0	2873650	2873707	455428	455485	3.28e-18	102
CP035466.1	CP002824.1	90.000	80	7	1	139784	139862	1816657	1816736	3.28e-18	102
CP035466.1	CP002824.1	92.958	71	4	1	465928	465997	2878760	2878690	3.28e-18	102
CP035466.1	CP002824.1	90.789	76	7	0	2722434	2722509	3001672	3001747	3.28e-18	102
CP035466.1	CP002824.1	90.789	76	7	0	2722214	2722289	3001892	3001967	3.28e-18	102
CP035466.1	CP002824.1	92.958	71	4	1	1594890	1594960	3290470	3290539	3.28e-18	102
CP035466.1	CP002824.1	94.118	68	3	1	4937471	4937538	3290473	3290539	3.28e-18	102
CP035466.1	CP002824.1	84.615	104	13	3	263789	263892	357561	357661	1.18e-17	100
CP035466.1	CP002824.1	84.112	107	13	3	1161894	1161997	414289	414184	1.18e-17	100
CP035466.1	CP002824.1	89.157	83	5	2	938644	938726	523303	523225	1.18e-17	100
CP035466.1	CP002824.1	86.813	91	10	2	2936277	2936367	1215685	1215597	1.18e-17	100
CP035466.1	CP002824.1	95.312	64	2	1	465828	465890	2807444	2807507	1.18e-17	100
CP035466.1	CP002824.1	90.667	75	7	0	2722545	2722619	3001562	3001636	1.18e-17	100
CP035466.1	CP002824.1	90.667	75	7	0	2722104	2722178	3002003	3002077	1.18e-17	100
CP035466.1	CP002824.1	86.813	91	10	2	263820	263909	3368672	3368583	1.18e-17	100
CP035466.1	CP002824.1	93.939	66	4	0	3597781	3597846	3869922	3869987	1.18e-17	100
CP035466.1	CP002824.1	80.800	125	24	0	3922351	3922475	239362	239238	4.24e-17	99.0
CP035466.1	CP002824.1	80.800	125	24	0	3856091	3856215	239238	239362	4.24e-17	99.0
CP035466.1	CP002824.1	83.962	106	14	3	3815573	3815678	357663	357561	4.24e-17	99.0
CP035466.1	CP002824.1	91.892	74	1	4	263755	263824	455572	455644	4.24e-17	99.0
CP035466.1	CP002824.1	98.214	56	1	0	545639	545694	768843	768788	4.24e-17	99.0
CP035466.1	CP002824.1	89.744	78	6	2	919942	920018	1125189	1125265	4.24e-17	99.0
CP035466.1	CP002824.1	89.744	78	6	2	914087	914163	1131044	1131120	4.24e-17	99.0
CP035466.1	CP002824.1	88.750	80	9	0	741903	741982	2006310	2006231	4.24e-17	99.0
CP035466.1	CP002824.1	90.667	75	5	2	4283845	4283919	2902981	2902909	4.24e-17	99.0
CP035466.1	CP002824.1	86.813	91	9	3	465902	465992	3100133	3100220	4.24e-17	99.0
CP035466.1	CP002824.1	98.214	56	1	0	1786558	1786613	3153165	3153110	4.24e-17	99.0
CP035466.1	CP002824.1	89.744	78	6	2	1002481	1002557	3153165	3153241	4.24e-17	99.0
CP035466.1	CP002824.1	85.000	100	11	3	87339	87436	3167800	3167897	4.24e-17	99.0
CP035466.1	CP002824.1	95.161	62	3	0	4283859	4283920	3290539	3290478	4.24e-17	99.0
CP035466.1	CP002824.1	98.214	56	1	0	1002503	1002558	3820790	3820735	4.24e-17	99.0
CP035466.1	CP002824.1	95.161	62	3	0	2598402	2598463	4113253	4113192	4.24e-17	99.0
CP035466.1	CP002824.1	80.645	124	24	0	120983	121106	239362	239239	1.52e-16	97.1
CP035466.1	CP002824.1	93.846	65	3	1	1786551	1786614	455492	455428	1.52e-16	97.1
CP035466.1	CP002824.1	87.059	85	11	0	2936213	2936297	841966	842050	1.52e-16	97.1
CP035466.1	CP002824.1	96.552	58	2	0	2936412	2936469	841985	842042	1.52e-16	97.1
CP035466.1	CP002824.1	93.846	65	3	1	148282	148346	1412730	1412793	1.52e-16	97.1
CP035466.1	CP002824.1	93.846	65	3	1	242457	242521	1412730	1412793	1.52e-16	97.1
CP035466.1	CP002824.1	93.846	65	3	1	2614160	2614224	1412793	1412730	1.52e-16	97.1
CP035466.1	CP002824.1	91.549	71	5	1	3013556	3013625	1816722	1816792	1.52e-16	97.1
CP035466.1	CP002824.1	92.537	67	5	0	3013559	3013625	2878761	2878827	1.52e-16	97.1
CP035466.1	CP002824.1	95.161	62	2	1	2598405	2598466	2902909	2902969	1.52e-16	97.1
CP035466.1	CP002824.1	96.552	58	2	0	635781	635838	3215066	3215123	1.52e-16	97.1
CP035466.1	CP002824.1	92.647	68	4	1	3189512	3189578	3290472	3290539	1.52e-16	97.1
CP035466.1	CP002824.1	92.537	67	5	0	3013559	3013625	3777218	3777152	1.52e-16	97.1
CP035466.1	CP002824.1	92.424	66	5	0	2786376	2786441	62786	62851	5.48e-16	95.3
CP035466.1	CP002824.1	89.610	77	4	2	331491	331563	1149133	1149057	5.48e-16	95.3
CP035466.1	CP002824.1	89.610	77	4	2	331491	331563	1149309	1149233	5.48e-16	95.3
CP035466.1	CP002824.1	84.314	102	10	4	222507	222606	1389777	1389680	5.48e-16	95.3
CP035466.1	CP002824.1	86.517	89	8	4	2317767	2317852	2607052	2607139	5.48e-16	95.3
CP035466.1	CP002824.1	98.148	54	1	0	4284052	4284105	2807444	2807497	5.48e-16	95.3
CP035466.1	CP002824.1	88.750	80	5	4	3815619	3815696	2878760	2878683	5.48e-16	95.3
CP035466.1	CP002824.1	91.429	70	5	1	4937483	4937552	2902913	2902981	5.48e-16	95.3
CP035466.1	CP002824.1	96.491	57	2	0	1594905	1594961	2902913	2902969	5.48e-16	95.3
CP035466.1	CP002824.1	85.714	91	11	2	3815558	3815647	3368583	3368672	5.48e-16	95.3
CP035466.1	CP002824.1	95.000	60	3	0	2598398	2598457	3394241	3394300	5.48e-16	95.3
CP035466.1	CP002824.1	88.608	79	7	2	4937474	4937552	4113253	4113177	5.48e-16	95.3
CP035466.1	CP002824.1	93.548	62	4	0	242259	242320	339644	339705	1.97e-15	93.5
CP035466.1	CP002824.1	98.113	53	1	0	1594771	1594823	455589	455641	1.97e-15	93.5
CP035466.1	CP002824.1	93.548	62	4	0	3648049	3648110	1215612	1215673	1.97e-15	93.5
CP035466.1	CP002824.1	87.500	80	10	0	2051339	2051418	2006310	2006231	1.97e-15	93.5
CP035466.1	CP002824.1	80.292	137	15	9	139762	139894	2568734	2568606	1.97e-15	93.5
CP035466.1	CP002824.1	93.548	62	4	0	3815520	3815581	2878825	2878764	1.97e-15	93.5
CP035466.1	CP002824.1	89.333	75	6	2	166173	166247	2902909	2902981	1.97e-15	93.5
CP035466.1	CP002824.1	96.429	56	2	0	1594829	1594884	3100188	3100133	1.97e-15	93.5
CP035466.1	CP002824.1	96.491	57	1	1	263769	263825	3153110	3153165	1.97e-15	93.5
CP035466.1	CP002824.1	95.000	60	2	1	3214989	3215048	3498626	3498684	1.97e-15	93.5
CP035466.1	CP002824.1	95.000	60	2	1	3218202	3218261	3498626	3498684	1.97e-15	93.5
CP035466.1	CP002824.1	88.462	78	8	1	3815505	3815581	3777138	3777215	1.97e-15	93.5
CP035466.1	CP002824.1	93.548	62	4	0	1002481	1002542	3922033	3922094	1.97e-15	93.5
CP035466.1	CP002824.1	89.189	74	7	1	2598325	2598398	455436	455508	7.09e-15	91.6
CP035466.1	CP002824.1	96.429	56	1	1	2873651	2873706	455590	455644	7.09e-15	91.6
CP035466.1	CP002824.1	96.364	55	2	0	1786559	1786613	455644	455590	7.09e-15	91.6
CP035466.1	CP002824.1	88.462	78	5	2	938731	938808	523303	523230	7.09e-15	91.6
CP035466.1	CP002824.1	96.364	55	2	0	2723108	2723162	768843	768789	7.09e-15	91.6
CP035466.1	CP002824.1	89.041	73	8	0	4283914	4283986	842050	841978	7.09e-15	91.6
CP035466.1	CP002824.1	93.443	61	4	0	3013565	3013625	2483550	2483610	7.09e-15	91.6
CP035466.1	CP002824.1	93.443	61	4	0	3013565	3013625	2483637	2483697	7.09e-15	91.6
CP035466.1	CP002824.1	89.189	74	7	1	263776	263848	2878687	2878760	7.09e-15	91.6
CP035466.1	CP002824.1	92.308	65	4	1	4284041	4284105	2903101	2903038	7.09e-15	91.6
CP035466.1	CP002824.1	96.429	56	1	1	263776	263830	2943957	2943902	7.09e-15	91.6
CP035466.1	CP002824.1	89.041	73	8	0	4283914	4283986	3100113	3100185	7.09e-15	91.6
CP035466.1	CP002824.1	94.828	58	3	0	2936412	2936469	3100178	3100121	7.09e-15	91.6
CP035466.1	CP002824.1	94.828	58	3	0	139797	139854	3215066	3215123	7.09e-15	91.6
CP035466.1	CP002824.1	96.364	55	2	0	166113	166167	3215066	3215120	7.09e-15	91.6
CP035466.1	CP002824.1	94.828	58	3	0	465899	465956	3368615	3368672	7.09e-15	91.6
CP035466.1	CP002824.1	87.500	80	9	1	1594873	1594952	3394222	3394300	7.09e-15	91.6
CP035466.1	CP002824.1	92.188	64	5	0	2664406	2664469	3922031	3922094	7.09e-15	91.6
CP035466.1	CP002824.1	86.585	82	11	0	2936216	2936297	4400564	4400483	7.09e-15	91.6
CP035466.1	CP002824.1	94.828	58	3	0	2936412	2936469	4400548	4400491	7.09e-15	91.6
CP035466.1	CP002824.1	100.000	48	0	0	2074274	2074321	339696	339649	2.55e-14	89.8
CP035466.1	CP002824.1	80.000	130	18	7	4729637	4729762	414165	414290	2.55e-14	89.8
CP035466.1	CP002824.1	92.188	64	3	2	4373563	4373625	768845	768783	2.55e-14	89.8
CP035466.1	CP002824.1	88.312	77	5	2	331491	331563	1149221	1149145	2.55e-14	89.8
CP035466.1	CP002824.1	76.875	160	35	2	2809083	2809241	1950890	1950732	2.55e-14	89.8
CP035466.1	CP002824.1	96.296	54	2	0	1171119	1171172	2483685	2483738	2.55e-14	89.8
CP035466.1	CP002824.1	88.158	76	8	1	3815503	3815578	2902983	2902909	2.55e-14	89.8
CP035466.1	CP002824.1	100.000	48	0	0	2873658	2873705	2943957	2943910	2.55e-14	89.8
CP035466.1	CP002824.1	94.737	57	3	0	119316	119372	3065446	3065390	2.55e-14	89.8
CP035466.1	CP002824.1	76.875	160	35	2	1676029	1676187	3088264	3088106	2.55e-14	89.8
CP035466.1	CP002824.1	86.047	86	9	3	2317810	2317893	3805570	3805486	2.55e-14	89.8
CP035466.1	CP002824.1	89.041	73	6	2	2598327	2598398	4113362	4113291	2.55e-14	89.8
CP035466.1	CP002824.1	94.643	56	3	0	4157542	4157597	2807444	2807499	9.18e-14	87.9
CP035466.1	CP002824.1	87.342	79	7	3	139818	139894	3172984	3172907	9.18e-14	87.9
CP035466.1	CP002824.1	81.197	117	14	7	4108908	4109018	3909592	3909478	9.18e-14	87.9
CP035466.1	CP002824.1	100.000	46	0	0	635733	635778	353935	353890	3.30e-13	86.1
CP035466.1	CP002824.1	86.842	76	10	0	1594829	1594904	357588	357663	3.30e-13	86.1
CP035466.1	CP002824.1	90.769	65	5	1	139831	139894	2351742	2351678	3.30e-13	86.1
CP035466.1	CP002824.1	91.935	62	4	1	2478797	2478858	2742802	2742862	3.30e-13	86.1
CP035466.1	CP002824.1	93.103	58	4	0	2873707	2873764	2867405	2867462	3.30e-13	86.1
CP035466.1	CP002824.1	92.063	63	1	4	139758	139816	2878698	2878760	3.30e-13	86.1
CP035466.1	CP002824.1	89.706	68	6	1	4284041	4284108	2902978	2902912	3.30e-13	86.1
CP035466.1	CP002824.1	93.103	58	4	0	5012746	5012803	3215123	3215066	3.30e-13	86.1
CP035466.1	CP002824.1	86.076	79	11	0	166147	166225	3394222	3394300	3.30e-13	86.1
CP035466.1	CP002824.1	87.671	73	9	0	4283914	4283986	4400483	4400555	3.30e-13	86.1
CP035466.1	CP002824.1	96.154	52	2	0	2290828	2290879	4470422	4470473	3.30e-13	86.1
CP035466.1	CP002824.1	91.935	62	1	4	2873646	2873705	324935	324876	1.19e-12	84.2
CP035466.1	CP002824.1	87.013	77	6	2	331491	331563	1149045	1148969	1.19e-12	84.2
CP035466.1	CP002824.1	96.078	51	2	0	1649130	1649180	1870018	1870068	1.19e-12	84.2
CP035466.1	CP002824.1	73.953	215	52	4	2183218	2183430	2093362	2093574	1.19e-12	84.2
CP035466.1	CP002824.1	87.838	74	6	3	2587798	2587870	3153165	3153236	1.19e-12	84.2
CP035466.1	CP002824.1	94.444	54	3	0	4284052	4284105	3290539	3290486	1.19e-12	84.2
CP035466.1	CP002824.1	94.444	54	3	0	4283869	4283922	3394298	3394245	1.19e-12	84.2
CP035466.1	CP002824.1	84.884	86	10	3	2317810	2317893	3805750	3805666	1.19e-12	84.2
CP035466.1	CP002824.1	84.884	86	10	3	2317810	2317893	3805841	3805757	1.19e-12	84.2
CP035466.1	CP002824.1	88.571	70	7	1	3815505	3815573	4470447	4470516	1.19e-12	84.2
CP035466.1	CP002824.1	96.078	51	1	1	1786560	1786610	324876	324925	4.27e-12	82.4
CP035466.1	CP002824.1	96.078	51	1	1	1594944	1594994	353884	353835	4.27e-12	82.4
CP035466.1	CP002824.1	97.872	47	1	0	1171121	1171167	796063	796017	4.27e-12	82.4
CP035466.1	CP002824.1	85.185	81	10	2	162356	162435	1816819	1816740	4.27e-12	82.4
CP035466.1	CP002824.1	86.667	75	8	2	331495	331567	2643872	2643946	4.27e-12	82.4
CP035466.1	CP002824.1	86.842	76	6	4	263889	263963	2902909	2902981	4.27e-12	82.4
CP035466.1	CP002824.1	85.000	80	12	0	2936218	2936297	3100192	3100113	4.27e-12	82.4
CP035466.1	CP002824.1	92.857	56	4	0	3815526	3815581	3394300	3394245	4.27e-12	82.4
CP035466.1	CP002824.1	91.667	60	4	1	2290828	2290886	3777112	3777171	4.27e-12	82.4
CP035466.1	CP002824.1	96.000	50	2	0	1786551	1786600	4113307	4113356	4.27e-12	82.4
CP035466.1	CP002824.1	84.524	84	11	2	866457	866539	4222132	4222214	4.27e-12	82.4
CP035466.1	CP002824.1	79.675	123	17	7	3635493	3635613	4409400	4409284	4.27e-12	82.4
CP035466.1	CP002824.1	94.444	54	2	1	1171119	1171171	4470473	4470420	4.27e-12	82.4
CP035466.1	CP002824.1	96.000	50	1	1	263777	263826	324921	324873	1.54e-11	80.5
CP035466.1	CP002824.1	94.340	53	2	1	2893466	2893517	339696	339644	1.54e-11	80.5
CP035466.1	CP002824.1	83.529	85	14	0	2936213	2936297	357579	357663	1.54e-11	80.5
CP035466.1	CP002824.1	91.379	58	5	0	2936412	2936469	357598	357655	1.54e-11	80.5
CP035466.1	CP002824.1	94.231	52	3	0	1161842	1161893	1389888	1389939	1.54e-11	80.5
CP035466.1	CP002824.1	95.918	49	2	0	1171119	1171167	1412682	1412730	1.54e-11	80.5
CP035466.1	CP002824.1	78.512	121	26	0	4635994	4636114	1510728	1510608	1.54e-11	80.5
CP035466.1	CP002824.1	94.231	52	3	0	1002579	1002630	2568696	2568747	1.54e-11	80.5
CP035466.1	CP002824.1	84.524	84	9	4	1752440	1752521	2893961	2893880	1.54e-11	80.5
CP035466.1	CP002824.1	90.323	62	5	1	1786537	1786597	3394227	3394166	1.54e-11	80.5
CP035466.1	CP002824.1	94.231	52	3	0	1171119	1171170	3777164	3777113	1.54e-11	80.5
CP035466.1	CP002824.1	91.379	58	5	0	2873707	2873764	3922033	3922090	1.54e-11	80.5
CP035466.1	CP002824.1	71.392	395	87	16	2350042	2350414	4414248	4414638	1.54e-11	80.5
CP035466.1	CP002824.1	88.235	68	7	1	3815505	3815571	4640235	4640302	1.54e-11	80.5
CP035466.1	CP002824.1	91.228	57	5	0	2786357	2786413	310910	310854	5.52e-11	78.7
CP035466.1	CP002824.1	94.231	52	2	1	4157508	4157558	353833	353884	5.52e-11	78.7
CP035466.1	CP002824.1	87.879	66	8	0	4937451	4937516	455523	455588	5.52e-11	78.7
CP035466.1	CP002824.1	87.324	71	5	3	4157486	4157552	795993	796063	5.52e-11	78.7
CP035466.1	CP002824.1	92.727	55	2	2	465786	465838	796009	796063	5.52e-11	78.7
CP035466.1	CP002824.1	84.524	84	7	5	263895	263975	809931	810011	5.52e-11	78.7
CP035466.1	CP002824.1	95.918	49	0	1	1597502	1597550	1720754	1720708	5.52e-11	78.7
CP035466.1	CP002824.1	100.000	42	0	0	1597502	1597543	2171550	2171509	5.52e-11	78.7
CP035466.1	CP002824.1	94.118	51	3	0	4896755	4896805	3065202	3065252	5.52e-11	78.7
CP035466.1	CP002824.1	87.324	71	6	3	2936282	2936351	3153233	3153165	5.52e-11	78.7
CP035466.1	CP002824.1	92.727	55	2	2	589607	589661	3777110	3777162	5.52e-11	78.7
CP035466.1	CP002824.1	83.721	86	11	3	2317810	2317893	3805660	3805576	5.52e-11	78.7
CP035466.1	CP002824.1	100.000	42	0	0	3566112	3566153	3838673	3838632	5.52e-11	78.7
CP035466.1	CP002824.1	87.324	71	5	3	589591	589661	4470405	4470471	5.52e-11	78.7
CP035466.1	CP002824.1	83.133	83	14	0	507830	507912	239235	239317	1.99e-10	76.8
CP035466.1	CP002824.1	83.146	89	10	5	2936301	2936386	353920	353834	1.99e-10	76.8
CP035466.1	CP002824.1	83.721	86	9	5	2317810	2317892	414248	414165	1.99e-10	76.8
CP035466.1	CP002824.1	83.333	84	12	2	507834	507916	1077637	1077555	1.99e-10	76.8
CP035466.1	CP002824.1	83.951	81	11	2	162356	162435	1412721	1412642	1.99e-10	76.8
CP035466.1	CP002824.1	100.000	41	0	0	1564792	1564832	1784228	1784188	1.99e-10	76.8
CP035466.1	CP002824.1	83.529	85	11	3	2317810	2317892	1831739	1831656	1.99e-10	76.8
CP035466.1	CP002824.1	87.692	65	8	0	1171054	1171118	2568762	2568698	1.99e-10	76.8
CP035466.1	CP002824.1	85.333	75	9	2	331495	331567	2643785	2643859	1.99e-10	76.8
CP035466.1	CP002824.1	85.333	75	9	2	331495	331567	2643959	2644033	1.99e-10	76.8
CP035466.1	CP002824.1	95.833	48	1	1	1786560	1786606	2943910	2943957	1.99e-10	76.8
CP035466.1	CP002824.1	88.060	67	5	3	4937485	4937550	3377879	3377815	1.99e-10	76.8
CP035466.1	CP002824.1	89.062	64	4	3	1594907	1594969	3377879	3377818	1.99e-10	76.8
CP035466.1	CP002824.1	91.071	56	5	0	263886	263941	3394245	3394300	1.99e-10	76.8
CP035466.1	CP002824.1	95.745	47	2	0	162353	162399	3777122	3777168	1.99e-10	76.8
CP035466.1	CP002824.1	81.188	101	13	5	1902445	1902540	3805694	3805793	1.99e-10	76.8
CP035466.1	CP002824.1	95.745	47	2	0	162353	162399	4470431	4470477	1.99e-10	76.8
CP035466.1	CP002824.1	84.932	73	11	0	4283914	4283986	357663	357591	7.14e-10	75.0
CP035466.1	CP002824.1	85.135	74	9	2	2380042	2380115	523129	523200	7.14e-10	75.0
CP035466.1	CP002824.1	95.745	47	1	1	1162102	1162148	1389629	1389674	7.14e-10	75.0
CP035466.1	CP002824.1	97.674	43	1	0	1002581	1002623	1398905	1398863	7.14e-10	75.0
CP035466.1	CP002824.1	85.333	75	8	3	3014247	3014319	2087558	2087631	7.14e-10	75.0
CP035466.1	CP002824.1	97.674	43	1	0	3456736	3456778	2607197	2607239	7.14e-10	75.0
CP035466.1	CP002824.1	87.879	66	4	4	2598333	2598398	3100220	3100159	7.14e-10	75.0
CP035466.1	CP002824.1	89.655	58	6	0	3648049	3648106	3153165	3153222	7.14e-10	75.0
CP035466.1	CP002824.1	88.889	63	4	3	2598412	2598473	3377879	3377819	7.14e-10	75.0
CP035466.1	CP002824.1	100.000	40	0	0	263786	263825	3394166	3394205	7.14e-10	75.0
CP035466.1	CP002824.1	100.000	40	0	0	2873668	2873707	3394166	3394205	7.14e-10	75.0
CP035466.1	CP002824.1	97.674	43	1	0	2317857	2317899	3728816	3728858	7.14e-10	75.0
CP035466.1	CP002824.1	83.333	84	11	3	2317810	2317891	3805929	3805847	7.14e-10	75.0
CP035466.1	CP002824.1	82.955	88	10	4	2317810	2317893	3806113	3806027	7.14e-10	75.0
CP035466.1	CP002824.1	90.909	55	5	0	2873729	2873783	3820790	3820736	7.14e-10	75.0
CP035466.1	CP002824.1	97.674	43	1	0	2587821	2587863	3820789	3820747	7.14e-10	75.0
CP035466.1	CP002824.1	100.000	40	0	0	3648071	3648110	3820790	3820751	7.14e-10	75.0
CP035466.1	CP002824.1	86.765	68	8	1	4284038	4284105	4113177	4113243	7.14e-10	75.0
CP035466.1	CP002824.1	71.685	279	74	4	3555774	3556051	180378	180104	2.57e-09	73.1
CP035466.1	CP002824.1	97.619	42	1	0	1597502	1597543	312682	312641	2.57e-09	73.1
CP035466.1	CP002824.1	92.157	51	4	0	263933	263983	353884	353834	2.57e-09	73.1
CP035466.1	CP002824.1	85.714	70	8	2	4100136	4100204	353858	353926	2.57e-09	73.1
CP035466.1	CP002824.1	95.556	45	2	0	589571	589615	357869	357825	2.57e-09	73.1
CP035466.1	CP002824.1	97.674	43	0	1	2598402	2598443	455546	455588	2.57e-09	73.1
CP035466.1	CP002824.1	97.619	42	1	0	1597502	1597543	643097	643138	2.57e-09	73.1
CP035466.1	CP002824.1	97.619	42	1	0	1146846	1146887	655339	655298	2.57e-09	73.1
CP035466.1	CP002824.1	97.619	42	1	0	1146570	1146611	795973	796014	2.57e-09	73.1
CP035466.1	CP002824.1	97.619	42	1	0	5012532	5012573	795973	796014	2.57e-09	73.1
CP035466.1	CP002824.1	82.759	87	9	5	2936296	2936379	809928	810011	2.57e-09	73.1
CP035466.1	CP002824.1	83.333	84	8	5	4937484	4937564	809931	810011	2.57e-09	73.1
CP035466.1	CP002824.1	90.741	54	5	0	629580	629633	877680	877627	2.57e-09	73.1
CP035466.1	CP002824.1	83.333	84	8	5	603530	603610	1412640	1412720	2.57e-09	73.1
CP035466.1	CP002824.1	82.558	86	12	3	2317810	2317893	1831920	1831836	2.57e-09	73.1
CP035466.1	CP002824.1	88.333	60	7	0	629556	629615	2351406	2351347	2.57e-09	73.1
CP035466.1	CP002824.1	95.652	46	1	1	2873669	2873713	2568858	2568813	2.57e-09	73.1
CP035466.1	CP002824.1	97.619	42	1	0	465797	465838	2800571	2800612	2.57e-09	73.1
CP035466.1	CP002824.1	97.619	42	1	0	4157511	4157552	2800571	2800612	2.57e-09	73.1
CP035466.1	CP002824.1	86.957	69	3	5	5012784	5012846	2878760	2878692	2.57e-09	73.1
CP035466.1	CP002824.1	92.308	52	3	1	3815637	3815687	2943902	2943953	2.57e-09	73.1
CP035466.1	CP002824.1	95.652	46	1	1	3815642	3815687	3153165	3153121	2.57e-09	73.1
CP035466.1	CP002824.1	88.525	61	5	1	2598340	2598398	3214845	3214905	2.57e-09	73.1
CP035466.1	CP002824.1	83.333	84	8	6	2711578	2711658	3223619	3223539	2.57e-09	73.1
CP035466.1	CP002824.1	100.000	39	0	0	3815642	3815680	3394205	3394167	2.57e-09	73.1
CP035466.1	CP002824.1	82.022	89	13	3	162348	162435	3448228	3448142	2.57e-09	73.1
CP035466.1	CP002824.1	83.333	84	8	5	603530	603610	3777206	3777126	2.57e-09	73.1
CP035466.1	CP002824.1	72.549	255	59	9	5013868	5014115	3828544	3828294	2.57e-09	73.1
CP035466.1	CP002824.1	95.652	46	1	1	2873662	2873707	4113358	4113314	2.57e-09	73.1
CP035466.1	CP002824.1	100.000	39	0	0	4937510	4937548	4400178	4400140	2.57e-09	73.1
CP035466.1	CP002824.1	100.000	39	0	0	3189550	3189588	4400178	4400140	2.57e-09	73.1
CP035466.1	CP002824.1	100.000	39	0	0	1594932	1594970	4400178	4400140	2.57e-09	73.1
CP035466.1	CP002824.1	83.333	84	8	5	603530	603610	4470515	4470435	2.57e-09	73.1
CP035466.1	CP002824.1	97.561	41	1	0	1138444	1138484	331391	331431	9.24e-09	71.3
CP035466.1	CP002824.1	92.157	51	3	1	4937522	4937571	353884	353834	9.24e-09	71.3
CP035466.1	CP002824.1	92.157	51	3	1	671462	671511	353834	353884	9.24e-09	71.3
CP035466.1	CP002824.1	92.157	51	3	1	3189562	3189612	353884	353835	9.24e-09	71.3
CP035466.1	CP002824.1	93.617	47	3	0	166217	166263	353884	353838	9.24e-09	71.3
CP035466.1	CP002824.1	95.556	45	1	1	3815643	3815687	455644	455601	9.24e-09	71.3
CP035466.1	CP002824.1	84.000	75	10	2	2380042	2380116	523235	523307	9.24e-09	71.3
CP035466.1	CP002824.1	93.617	47	3	0	162353	162399	877509	877555	9.24e-09	71.3
CP035466.1	CP002824.1	100.000	38	0	0	879960	879997	1149093	1149056	9.24e-09	71.3
CP035466.1	CP002824.1	100.000	38	0	0	879960	879997	1149269	1149232	9.24e-09	71.3
CP035466.1	CP002824.1	95.455	44	2	0	1171075	1171118	1215755	1215712	9.24e-09	71.3
CP035466.1	CP002824.1	100.000	38	0	0	879959	879996	2027404	2027367	9.24e-09	71.3
CP035466.1	CP002824.1	92.157	51	3	1	4937431	4937481	2568689	2568640	9.24e-09	71.3
CP035466.1	CP002824.1	100.000	38	0	0	1786559	1786596	2568821	2568858	9.24e-09	71.3
CP035466.1	CP002824.1	100.000	38	0	0	3815643	3815680	2568821	2568858	9.24e-09	71.3
CP035466.1	CP002824.1	100.000	38	0	0	263787	263824	2568858	2568821	9.24e-09	71.3
CP035466.1	CP002824.1	86.364	66	7	2	331499	331562	2644050	2644115	9.24e-09	71.3
CP035466.1	CP002824.1	95.455	44	2	0	162356	162399	3215034	3214991	9.24e-09	71.3
CP035466.1	CP002824.1	93.617	47	3	0	162353	162399	3368706	3368752	9.24e-09	71.3
CP035466.1	CP002824.1	86.567	67	6	3	3189525	3189590	3377879	3377815	9.24e-09	71.3
CP035466.1	CP002824.1	100.000	38	0	0	3856181	3856218	4222051	4222014	9.24e-09	71.3
CP035466.1	CP002824.1	93.617	47	2	1	3815641	3815687	324873	324918	3.32e-08	69.4
CP035466.1	CP002824.1	89.091	55	6	0	2936412	2936466	455489	455543	3.32e-08	69.4
CP035466.1	CP002824.1	100.000	37	0	0	978212	978248	1095423	1095387	3.32e-08	69.4
CP035466.1	CP002824.1	81.053	95	11	5	1931874	1931965	1131041	1131131	3.32e-08	69.4
CP035466.1	CP002824.1	100.000	37	0	0	884277	884313	1191381	1191345	3.32e-08	69.4
CP035466.1	CP002824.1	97.500	40	1	0	3135793	3135832	1816620	1816659	3.32e-08	69.4
CP035466.1	CP002824.1	100.000	37	0	0	938557	938593	2027367	2027403	3.32e-08	69.4
CP035466.1	CP002824.1	100.000	37	0	0	938644	938680	2027367	2027403	3.32e-08	69.4
CP035466.1	CP002824.1	95.349	43	2	0	3189568	3189610	2800612	2800570	3.32e-08	69.4
CP035466.1	CP002824.1	100.000	37	0	0	938645	938681	2893921	2893885	3.32e-08	69.4
CP035466.1	CP002824.1	100.000	37	0	0	938558	938594	2893921	2893885	3.32e-08	69.4
CP035466.1	CP002824.1	97.500	40	1	0	129053	129092	2913138	2913099	3.32e-08	69.4
CP035466.1	CP002824.1	100.000	37	0	0	2379988	2380024	3116860	3116896	3.32e-08	69.4
CP035466.1	CP002824.1	95.349	43	2	0	1185441	1185483	3768896	3768854	3.32e-08	69.4
CP035466.1	CP002824.1	90.566	53	4	1	2936277	2936329	3820739	3820790	3.32e-08	69.4
CP035466.1	CP002824.1	100.000	37	0	0	2598437	2598473	4400178	4400142	3.32e-08	69.4
CP035466.1	CP002824.1	100.000	37	0	0	162405	162441	4400551	4400587	3.32e-08	69.4
CP035466.1	CP002824.1	85.294	68	8	2	865945	866011	5026218	5026152	3.32e-08	69.4
CP035466.1	CP002824.1	82.143	84	9	5	166179	166259	809931	810011	1.20e-07	67.6
CP035466.1	CP002824.1	82.143	84	9	5	671469	671549	810011	809931	1.20e-07	67.6
CP035466.1	CP002824.1	82.927	82	7	5	1931876	1931954	1125188	1125265	1.20e-07	67.6
CP035466.1	CP002824.1	93.478	46	2	1	2290841	2290885	1149093	1149048	1.20e-07	67.6
CP035466.1	CP002824.1	100.000	36	0	0	1752479	1752514	1149058	1149093	1.20e-07	67.6
CP035466.1	CP002824.1	93.478	46	2	1	2290841	2290885	1149269	1149224	1.20e-07	67.6
CP035466.1	CP002824.1	100.000	36	0	0	1752479	1752514	1149234	1149269	1.20e-07	67.6
CP035466.1	CP002824.1	91.837	49	3	1	1902456	1902504	1389677	1389630	1.20e-07	67.6
CP035466.1	CP002824.1	100.000	36	0	0	1558056	1558091	1412568	1412533	1.20e-07	67.6
CP035466.1	CP002824.1	100.000	36	0	0	507997	508032	1720748	1720713	1.20e-07	67.6
CP035466.1	CP002824.1	100.000	36	0	0	507997	508032	2171544	2171509	1.20e-07	67.6
CP035466.1	CP002824.1	97.436	39	1	0	741860	741898	2328792	2328830	1.20e-07	67.6
CP035466.1	CP002824.1	81.609	87	11	4	2936299	2936384	2800653	2800571	1.20e-07	67.6
CP035466.1	CP002824.1	95.238	42	2	0	4937528	4937569	2800612	2800571	1.20e-07	67.6
CP035466.1	CP002824.1	95.238	42	2	0	671464	671505	2800571	2800612	1.20e-07	67.6
CP035466.1	CP002824.1	97.436	39	1	0	263939	263977	2800612	2800574	1.20e-07	67.6
CP035466.1	CP002824.1	97.436	39	1	0	166223	166261	2800612	2800574	1.20e-07	67.6
CP035466.1	CP002824.1	97.436	39	1	0	1171119	1171157	2867415	2867377	1.20e-07	67.6
CP035466.1	CP002824.1	86.885	61	6	1	2936191	2936251	2878702	2878760	1.20e-07	67.6
CP035466.1	CP002824.1	100.000	36	0	0	879960	879995	2893886	2893921	1.20e-07	67.6
CP035466.1	CP002824.1	95.238	42	2	0	2936412	2936453	3214886	3214927	1.20e-07	67.6
CP035466.1	CP002824.1	81.609	87	10	5	603527	603610	3214950	3215033	1.20e-07	67.6
CP035466.1	CP002824.1	82.143	84	9	5	603530	603610	3368790	3368710	1.20e-07	67.6
CP035466.1	CP002824.1	95.238	42	2	0	2936412	2936453	3368857	3368816	1.20e-07	67.6
CP035466.1	CP002824.1	100.000	36	0	0	1597508	1597543	4222051	4222016	1.20e-07	67.6
CP035466.1	CP002824.1	97.436	39	1	0	671485	671523	4400140	4400178	1.20e-07	67.6
CP035466.1	CP002824.1	97.436	39	1	0	4157532	4157570	4400140	4400178	1.20e-07	67.6
CP035466.1	CP002824.1	97.436	39	1	0	166205	166243	4400178	4400140	1.20e-07	67.6
CP035466.1	CP002824.1	100.000	36	0	0	166304	166339	4400492	4400457	1.20e-07	67.6
CP035466.1	CP002824.1	95.238	42	2	0	4551761	4551802	4534345	4534386	1.20e-07	67.6
CP035466.1	CP002824.1	100.000	35	0	0	2633615	2633649	320746	320712	4.30e-07	65.8
CP035466.1	CP002824.1	87.931	58	3	3	2155426	2155480	606312	606256	4.30e-07	65.8
CP035466.1	CP002824.1	100.000	35	0	0	162405	162439	841982	841948	4.30e-07	65.8
CP035466.1	CP002824.1	97.436	39	0	1	879960	879997	1149006	1148968	4.30e-07	65.8
CP035466.1	CP002824.1	100.000	35	0	0	3291169	3291203	1215748	1215714	4.30e-07	65.8
CP035466.1	CP002824.1	95.238	42	1	1	3456731	3456771	1297646	1297605	4.30e-07	65.8
CP035466.1	CP002824.1	97.368	38	1	0	3978903	3978940	1398864	1398901	4.30e-07	65.8
CP035466.1	CP002824.1	97.368	38	1	0	3979019	3979056	1398864	1398901	4.30e-07	65.8
CP035466.1	CP002824.1	97.368	38	1	0	3979136	3979173	1398864	1398901	4.30e-07	65.8
CP035466.1	CP002824.1	97.368	38	1	0	3979252	3979289	1398864	1398901	4.30e-07	65.8
CP035466.1	CP002824.1	97.368	38	1	0	2587771	2587808	1398943	1398906	4.30e-07	65.8
CP035466.1	CP002824.1	97.368	38	1	0	5012539	5012576	1412767	1412730	4.30e-07	65.8
CP035466.1	CP002824.1	97.368	38	1	0	1146577	1146614	1412767	1412730	4.30e-07	65.8
CP035466.1	CP002824.1	76.800	125	24	3	3533237	3533361	1654101	1653982	4.30e-07	65.8
CP035466.1	CP002824.1	97.436	39	0	1	1731254	1731291	1743804	1743766	4.30e-07	65.8
CP035466.1	CP002824.1	100.000	35	0	0	1196898	1196932	1750616	1750582	4.30e-07	65.8
CP035466.1	CP002824.1	97.436	39	0	1	1525340	1525378	2006006	2005969	4.30e-07	65.8
CP035466.1	CP002824.1	97.436	39	0	1	1480367	1480405	2006006	2005969	4.30e-07	65.8
CP035466.1	CP002824.1	100.000	35	0	0	1525344	1525378	2006311	2006277	4.30e-07	65.8
CP035466.1	CP002824.1	100.000	35	0	0	1731257	1731291	2133507	2133473	4.30e-07	65.8
CP035466.1	CP002824.1	97.368	38	1	0	821346	821383	2263336	2263299	4.30e-07	65.8
CP035466.1	CP002824.1	97.368	38	1	0	2317856	2317893	2351848	2351885	4.30e-07	65.8
CP035466.1	CP002824.1	100.000	35	0	0	3291169	3291203	2568734	2568700	4.30e-07	65.8
CP035466.1	CP002824.1	100.000	35	0	0	2893531	2893565	2643767	2643733	4.30e-07	65.8
CP035466.1	CP002824.1	97.368	38	1	0	248065	248102	3100265	3100228	4.30e-07	65.8
CP035466.1	CP002824.1	93.182	44	3	0	4284062	4284105	3394298	3394255	4.30e-07	65.8
CP035466.1	CP002824.1	100.000	35	0	0	3979371	3979405	3571822	3571856	4.30e-07	65.8
CP035466.1	CP002824.1	100.000	35	0	0	1002583	1002617	3571859	3571825	4.30e-07	65.8
CP035466.1	CP002824.1	97.368	38	1	0	1083990	1084027	3728851	3728814	4.30e-07	65.8
CP035466.1	CP002824.1	100.000	35	0	0	3291166	3291200	4278532	4278566	4.30e-07	65.8
CP035466.1	CP002824.1	97.297	37	1	0	507997	508033	312676	312640	1.55e-06	63.9
CP035466.1	CP002824.1	97.297	37	1	0	166076	166112	353924	353888	1.55e-06	63.9
CP035466.1	CP002824.1	97.297	37	1	0	162403	162439	357597	357561	1.55e-06	63.9
CP035466.1	CP002824.1	100.000	34	0	0	4100169	4100202	357594	357561	1.55e-06	63.9
CP035466.1	CP002824.1	100.000	34	0	0	741863	741896	439782	439749	1.55e-06	63.9
CP035466.1	CP002824.1	100.000	34	0	0	2893530	2893563	523197	523164	1.55e-06	63.9
CP035466.1	CP002824.1	95.122	41	1	1	2893523	2893563	523309	523270	1.55e-06	63.9
CP035466.1	CP002824.1	97.297	37	1	0	507997	508033	643103	643139	1.55e-06	63.9
CP035466.1	CP002824.1	100.000	34	0	0	1154035	1154068	655478	655511	1.55e-06	63.9
CP035466.1	CP002824.1	100.000	34	0	0	3110396	3110429	655511	655478	1.55e-06	63.9
CP035466.1	CP002824.1	97.368	38	0	1	879959	879996	796026	796062	1.55e-06	63.9
CP035466.1	CP002824.1	97.368	38	0	1	3200491	3200528	948210	948174	1.55e-06	63.9
CP035466.1	CP002824.1	100.000	34	0	0	1525345	1525378	948261	948294	1.55e-06	63.9
CP035466.1	CP002824.1	100.000	34	0	0	1525345	1525378	948433	948466	1.55e-06	63.9
CP035466.1	CP002824.1	100.000	34	0	0	1525345	1525378	948519	948552	1.55e-06	63.9
CP035466.1	CP002824.1	100.000	34	0	0	1525345	1525378	948605	948638	1.55e-06	63.9
CP035466.1	CP002824.1	100.000	34	0	0	1525345	1525378	948777	948810	1.55e-06	63.9
CP035466.1	CP002824.1	100.000	34	0	0	1525345	1525378	948863	948896	1.55e-06	63.9
CP035466.1	CP002824.1	83.824	68	9	2	4638739	4638805	1077109	1077043	1.55e-06	63.9
CP035466.1	CP002824.1	90.196	51	2	3	2820732	2820780	1095558	1095509	1.55e-06	63.9
CP035466.1	CP002824.1	86.441	59	6	2	589615	589671	1149192	1149134	1.55e-06	63.9
CP035466.1	CP002824.1	97.297	37	1	0	879960	879996	1149181	1149145	1.55e-06	63.9
CP035466.1	CP002824.1	97.297	37	1	0	3979252	3979288	1215753	1215717	1.55e-06	63.9
CP035466.1	CP002824.1	97.297	37	1	0	3979136	3979172	1215753	1215717	1.55e-06	63.9
CP035466.1	CP002824.1	97.297	37	1	0	3979019	3979055	1215753	1215717	1.55e-06	63.9
CP035466.1	CP002824.1	97.297	37	1	0	3978903	3978939	1215753	1215717	1.55e-06	63.9
CP035466.1	CP002824.1	97.297	37	1	0	2317857	2317893	1297640	1297604	1.55e-06	63.9
CP035466.1	CP002824.1	100.000	34	0	0	3356490	3356523	1350456	1350423	1.55e-06	63.9
CP035466.1	CP002824.1	100.000	34	0	0	450964	450997	1412810	1412843	1.55e-06	63.9
CP035466.1	CP002824.1	97.368	38	0	1	3135879	3135916	1416824	1416788	1.55e-06	63.9
CP035466.1	CP002824.1	97.297	37	1	0	2893532	2893568	1433150	1433114	1.55e-06	63.9
CP035466.1	CP002824.1	100.000	34	0	0	331528	331561	1433117	1433150	1.55e-06	63.9
CP035466.1	CP002824.1	95.122	41	1	1	1480532	1480572	2006006	2005967	1.55e-06	63.9
CP035466.1	CP002824.1	100.000	34	0	0	2820733	2820766	2006005	2005972	1.55e-06	63.9
CP035466.1	CP002824.1	97.297	37	1	0	1480536	1480572	2006311	2006275	1.55e-06	63.9
CP035466.1	CP002824.1	97.368	38	0	1	2290840	2290876	2027404	2027367	1.55e-06	63.9
CP035466.1	CP002824.1	97.368	38	0	1	589624	589660	2027404	2027367	1.55e-06	63.9
CP035466.1	CP002824.1	100.000	34	0	0	2820733	2820766	2133474	2133507	1.55e-06	63.9
CP035466.1	CP002824.1	100.000	34	0	0	2573973	2574006	2205599	2205566	1.55e-06	63.9
CP035466.1	CP002824.1	100.000	34	0	0	1525345	1525378	2328663	2328696	1.55e-06	63.9
CP035466.1	CP002824.1	100.000	34	0	0	1525345	1525378	2328749	2328782	1.55e-06	63.9
CP035466.1	CP002824.1	97.297	37	1	0	589631	589667	2568768	2568804	1.55e-06	63.9
CP035466.1	CP002824.1	97.297	37	1	0	1083989	1084025	2607233	2607197	1.55e-06	63.9
CP035466.1	CP002824.1	95.122	41	1	1	331530	331569	3173021	3172981	1.55e-06	63.9
CP035466.1	CP002824.1	87.273	55	7	0	263829	263883	3215066	3215120	1.55e-06	63.9
CP035466.1	CP002824.1	100.000	34	0	0	1731255	1731288	3428042	3428075	1.55e-06	63.9
CP035466.1	CP002824.1	100.000	34	0	0	2051338	2051371	3428075	3428042	1.55e-06	63.9
CP035466.1	CP002824.1	100.000	34	0	0	741902	741935	3428075	3428042	1.55e-06	63.9
CP035466.1	CP002824.1	89.796	49	5	0	3790329	3790377	3592969	3592921	1.55e-06	63.9
CP035466.1	CP002824.1	100.000	34	0	0	1138508	1138541	3643029	3642996	1.55e-06	63.9
CP035466.1	CP002824.1	100.000	34	0	0	3856807	3856840	4157311	4157344	1.55e-06	63.9
CP035466.1	CP002824.1	100.000	34	0	0	2527616	2527649	4222051	4222018	1.55e-06	63.9
CP035466.1	CP002824.1	100.000	33	0	0	4896555	4896587	62819	62851	5.56e-06	62.1
CP035466.1	CP002824.1	97.222	36	1	0	166304	166339	357654	357689	5.56e-06	62.1
CP035466.1	CP002824.1	97.222	36	1	0	2290900	2290935	455484	455449	5.56e-06	62.1
CP035466.1	CP002824.1	97.222	36	1	0	2290900	2290935	455644	455609	5.56e-06	62.1
CP035466.1	CP002824.1	97.297	37	0	1	1752479	1752515	796061	796026	5.56e-06	62.1
CP035466.1	CP002824.1	97.297	37	0	1	938644	938680	796062	796027	5.56e-06	62.1
CP035466.1	CP002824.1	97.297	37	0	1	938557	938593	796062	796027	5.56e-06	62.1
CP035466.1	CP002824.1	80.952	84	10	5	3189524	3189604	809931	810011	5.56e-06	62.1
CP035466.1	CP002824.1	97.297	37	0	1	4157516	4157551	810011	809975	5.56e-06	62.1
CP035466.1	CP002824.1	97.297	37	0	1	465802	465837	810011	809975	5.56e-06	62.1
CP035466.1	CP002824.1	97.222	36	1	0	166304	166339	842041	842076	5.56e-06	62.1
CP035466.1	CP002824.1	80.952	84	10	5	603530	603610	877593	877513	5.56e-06	62.1
CP035466.1	CP002824.1	97.297	37	0	1	1480370	1480405	948258	948294	5.56e-06	62.1
CP035466.1	CP002824.1	100.000	33	0	0	2820734	2820766	948259	948291	5.56e-06	62.1
CP035466.1	CP002824.1	97.222	36	1	0	1391496	1391531	948261	948296	5.56e-06	62.1
CP035466.1	CP002824.1	97.222	36	1	0	1860964	1860999	948261	948296	5.56e-06	62.1
CP035466.1	CP002824.1	97.297	37	0	1	1480370	1480405	948430	948466	5.56e-06	62.1
CP035466.1	CP002824.1	100.000	33	0	0	2820734	2820766	948431	948463	5.56e-06	62.1
CP035466.1	CP002824.1	82.353	85	2	8	1480537	1480611	948433	948514	5.56e-06	62.1
CP035466.1	CP002824.1	97.222	36	1	0	1391496	1391531	948433	948468	5.56e-06	62.1
CP035466.1	CP002824.1	97.222	36	1	0	1860964	1860999	948433	948468	5.56e-06	62.1
CP035466.1	CP002824.1	97.297	37	0	1	1480370	1480405	948516	948552	5.56e-06	62.1
CP035466.1	CP002824.1	100.000	33	0	0	2820734	2820766	948517	948549	5.56e-06	62.1
CP035466.1	CP002824.1	97.222	36	1	0	1391496	1391531	948519	948554	5.56e-06	62.1
CP035466.1	CP002824.1	97.222	36	1	0	1860964	1860999	948519	948554	5.56e-06	62.1
CP035466.1	CP002824.1	97.297	37	0	1	1480370	1480405	948602	948638	5.56e-06	62.1
CP035466.1	CP002824.1	100.000	33	0	0	2820734	2820766	948603	948635	5.56e-06	62.1
CP035466.1	CP002824.1	97.222	36	1	0	1391496	1391531	948605	948640	5.56e-06	62.1
CP035466.1	CP002824.1	97.222	36	1	0	1860964	1860999	948605	948640	5.56e-06	62.1
CP035466.1	CP002824.1	97.297	37	0	1	1480370	1480405	948774	948810	5.56e-06	62.1
CP035466.1	CP002824.1	100.000	33	0	0	2820734	2820766	948775	948807	5.56e-06	62.1
CP035466.1	CP002824.1	82.353	85	2	8	1480537	1480611	948777	948858	5.56e-06	62.1
CP035466.1	CP002824.1	97.222	36	1	0	1391496	1391531	948777	948812	5.56e-06	62.1
CP035466.1	CP002824.1	97.222	36	1	0	1860964	1860999	948777	948812	5.56e-06	62.1
CP035466.1	CP002824.1	97.297	37	0	1	1480370	1480405	948860	948896	5.56e-06	62.1
CP035466.1	CP002824.1	100.000	33	0	0	2820734	2820766	948861	948893	5.56e-06	62.1
CP035466.1	CP002824.1	82.353	85	2	8	1480537	1480611	948863	948944	5.56e-06	62.1
CP035466.1	CP002824.1	97.222	36	1	0	1391496	1391531	948863	948898	5.56e-06	62.1
CP035466.1	CP002824.1	97.222	36	1	0	1860964	1860999	948863	948898	5.56e-06	62.1
CP035466.1	CP002824.1	100.000	33	0	0	3505891	3505923	1131076	1131044	5.56e-06	62.1
CP035466.1	CP002824.1	88.462	52	4	2	2290831	2290880	1149016	1148965	5.56e-06	62.1
CP035466.1	CP002824.1	97.297	37	0	1	1752479	1752514	1148970	1149006	5.56e-06	62.1
CP035466.1	CP002824.1	97.297	37	0	1	589625	589660	1149093	1149057	5.56e-06	62.1
CP035466.1	CP002824.1	87.273	55	5	2	2290831	2290883	1149192	1149138	5.56e-06	62.1
CP035466.1	CP002824.1	95.000	40	1	1	1752479	1752518	1149146	1149184	5.56e-06	62.1
CP035466.1	CP002824.1	97.297	37	0	1	589625	589660	1149269	1149233	5.56e-06	62.1
CP035466.1	CP002824.1	100.000	33	0	0	3979374	3979406	1398869	1398901	5.56e-06	62.1
CP035466.1	CP002824.1	100.000	33	0	0	2380078	2380110	1433118	1433150	5.56e-06	62.1
CP035466.1	CP002824.1	97.297	37	0	1	1731256	1731291	1517465	1517429	5.56e-06	62.1
CP035466.1	CP002824.1	97.297	37	0	1	1731256	1731291	1517630	1517594	5.56e-06	62.1
CP035466.1	CP002824.1	100.000	33	0	0	1731342	1731374	1517630	1517598	5.56e-06	62.1
CP035466.1	CP002824.1	97.222	36	1	0	741903	741938	1517599	1517634	5.56e-06	62.1
CP035466.1	CP002824.1	97.222	36	1	0	2051339	2051374	1517599	1517634	5.56e-06	62.1
CP035466.1	CP002824.1	97.297	37	0	1	1731256	1731291	1698932	1698896	5.56e-06	62.1
CP035466.1	CP002824.1	97.297	37	0	1	741901	741936	1743768	1743804	5.56e-06	62.1
CP035466.1	CP002824.1	97.297	37	0	1	2051337	2051372	1743768	1743804	5.56e-06	62.1
CP035466.1	CP002824.1	100.000	33	0	0	3171364	3171396	1743803	1743771	5.56e-06	62.1
CP035466.1	CP002824.1	100.000	33	0	0	1731340	1731372	1743804	1743772	5.56e-06	62.1
CP035466.1	CP002824.1	97.297	37	0	1	1860959	1860995	2006006	2005971	5.56e-06	62.1
CP035466.1	CP002824.1	97.297	37	0	1	1860794	1860830	2006006	2005971	5.56e-06	62.1
CP035466.1	CP002824.1	97.297	37	0	1	1391491	1391527	2006006	2005971	5.56e-06	62.1
CP035466.1	CP002824.1	97.297	37	0	1	5062480	5062516	2005971	2006006	5.56e-06	62.1
CP035466.1	CP002824.1	100.000	33	0	0	1480373	1480405	2006309	2006277	5.56e-06	62.1
CP035466.1	CP002824.1	100.000	33	0	0	1860963	1860995	2006311	2006279	5.56e-06	62.1
CP035466.1	CP002824.1	100.000	33	0	0	1391495	1391527	2006311	2006279	5.56e-06	62.1
CP035466.1	CP002824.1	97.222	36	1	0	2842528	2842563	2065355	2065390	5.56e-06	62.1
CP035466.1	CP002824.1	100.000	33	0	0	741901	741933	2133475	2133507	5.56e-06	62.1
CP035466.1	CP002824.1	100.000	33	0	0	2051337	2051369	2133475	2133507	5.56e-06	62.1
CP035466.1	CP002824.1	97.297	37	0	1	1480370	1480405	2328660	2328696	5.56e-06	62.1
CP035466.1	CP002824.1	100.000	33	0	0	2820734	2820766	2328661	2328693	5.56e-06	62.1
CP035466.1	CP002824.1	97.222	36	1	0	1391496	1391531	2328663	2328698	5.56e-06	62.1
CP035466.1	CP002824.1	97.222	36	1	0	1860964	1860999	2328663	2328698	5.56e-06	62.1
CP035466.1	CP002824.1	97.297	37	0	1	1480370	1480405	2328746	2328782	5.56e-06	62.1
CP035466.1	CP002824.1	100.000	33	0	0	2820734	2820766	2328747	2328779	5.56e-06	62.1
CP035466.1	CP002824.1	97.222	36	1	0	1391496	1391531	2328749	2328784	5.56e-06	62.1
CP035466.1	CP002824.1	97.222	36	1	0	1860964	1860999	2328749	2328784	5.56e-06	62.1
CP035466.1	CP002824.1	97.222	36	1	0	2051299	2051334	2328795	2328830	5.56e-06	62.1
CP035466.1	CP002824.1	97.222	36	1	0	3456736	3456771	2351849	2351884	5.56e-06	62.1
CP035466.1	CP002824.1	88.235	51	6	0	606189	606239	2484361	2484311	5.56e-06	62.1
CP035466.1	CP002824.1	100.000	33	0	0	3979256	3979288	2568735	2568703	5.56e-06	62.1
CP035466.1	CP002824.1	100.000	33	0	0	3979140	3979172	2568735	2568703	5.56e-06	62.1
CP035466.1	CP002824.1	100.000	33	0	0	3979023	3979055	2568735	2568703	5.56e-06	62.1
CP035466.1	CP002824.1	100.000	33	0	0	3978907	3978939	2568735	2568703	5.56e-06	62.1
CP035466.1	CP002824.1	100.000	33	0	0	331530	331562	2643735	2643767	5.56e-06	62.1
CP035466.1	CP002824.1	100.000	33	0	0	2893531	2893563	2643854	2643822	5.56e-06	62.1
CP035466.1	CP002824.1	97.222	36	1	0	1896149	1896184	2643868	2643903	5.56e-06	62.1
CP035466.1	CP002824.1	100.000	33	0	0	2893531	2893563	2643941	2643909	5.56e-06	62.1
CP035466.1	CP002824.1	100.000	33	0	0	2893531	2893563	2644115	2644083	5.56e-06	62.1
CP035466.1	CP002824.1	97.297	37	0	1	603574	603610	2800611	2800576	5.56e-06	62.1
CP035466.1	CP002824.1	97.222	36	1	0	166304	166339	3100122	3100087	5.56e-06	62.1
CP035466.1	CP002824.1	97.222	36	1	0	1790660	1790695	3121559	3121594	5.56e-06	62.1
CP035466.1	CP002824.1	97.222	36	1	0	2290900	2290935	3152735	3152700	5.56e-06	62.1
CP035466.1	CP002824.1	97.222	36	1	0	166304	166339	3152796	3152831	5.56e-06	62.1
CP035466.1	CP002824.1	97.222	36	1	0	2290900	2290935	3153164	3153129	5.56e-06	62.1
CP035466.1	CP002824.1	97.222	36	1	0	166304	166339	3172949	3172914	5.56e-06	62.1
CP035466.1	CP002824.1	100.000	33	0	0	2380079	2380111	3173021	3172989	5.56e-06	62.1
CP035466.1	CP002824.1	92.857	42	3	0	3815597	3815638	3215107	3215066	5.56e-06	62.1
CP035466.1	CP002824.1	92.857	42	3	0	2936232	2936273	3215066	3215107	5.56e-06	62.1
CP035466.1	CP002824.1	84.848	66	5	5	1988340	1988403	3377819	3377881	5.56e-06	62.1
CP035466.1	CP002824.1	97.222	36	1	0	2290900	2290935	3394204	3394169	5.56e-06	62.1
CP035466.1	CP002824.1	97.222	36	1	0	166304	166339	3427713	3427748	5.56e-06	62.1
CP035466.1	CP002824.1	100.000	33	0	0	1731341	1731373	3428042	3428074	5.56e-06	62.1
CP035466.1	CP002824.1	100.000	33	0	0	1525345	1525377	3428074	3428042	5.56e-06	62.1
CP035466.1	CP002824.1	81.176	85	8	5	603530	603610	3448140	3448220	5.56e-06	62.1
CP035466.1	CP002824.1	95.000	40	1	1	3217853	3217891	3473052	3473091	5.56e-06	62.1
CP035466.1	CP002824.1	91.111	45	4	0	2711578	2711622	3569277	3569321	5.56e-06	62.1
CP035466.1	CP002824.1	97.297	37	0	1	1931917	1931953	3571969	3572004	5.56e-06	62.1
CP035466.1	CP002824.1	92.857	42	3	0	2936412	2936453	4113310	4113269	5.56e-06	62.1
CP035466.1	CP002824.1	100.000	33	0	0	2290900	2290932	4113315	4113347	5.56e-06	62.1
CP035466.1	CP002824.1	97.222	36	1	0	120982	121017	4222016	4222051	5.56e-06	62.1
CP035466.1	CP002824.1	100.000	32	0	0	1234174	1234205	280227	280258	2.00e-05	60.2
CP035466.1	CP002824.1	100.000	32	0	0	1029049	1029080	310872	310903	2.00e-05	60.2
CP035466.1	CP002824.1	100.000	32	0	0	2290901	2290932	324876	324907	2.00e-05	60.2
CP035466.1	CP002824.1	94.737	38	2	0	589578	589615	339804	339767	2.00e-05	60.2
CP035466.1	CP002824.1	100.000	32	0	0	2769055	2769086	395817	395786	2.00e-05	60.2
CP035466.1	CP002824.1	100.000	32	0	0	1313360	1313391	395817	395786	2.00e-05	60.2
CP035466.1	CP002824.1	94.737	38	2	0	589578	589615	434177	434140	2.00e-05	60.2
CP035466.1	CP002824.1	100.000	32	0	0	4284074	4284105	455588	455557	2.00e-05	60.2
CP035466.1	CP002824.1	97.222	36	0	1	3648109	3648143	606275	606310	2.00e-05	60.2
CP035466.1	CP002824.1	100.000	32	0	0	914088	914119	655307	655338	2.00e-05	60.2
CP035466.1	CP002824.1	100.000	32	0	0	914088	914119	655424	655455	2.00e-05	60.2
CP035466.1	CP002824.1	97.143	35	1	0	242460	242494	796014	795980	2.00e-05	60.2
CP035466.1	CP002824.1	97.143	35	1	0	148285	148319	796014	795980	2.00e-05	60.2
CP035466.1	CP002824.1	100.000	32	0	0	4100171	4100202	841979	841948	2.00e-05	60.2
CP035466.1	CP002824.1	94.872	39	1	1	5062476	5062513	948296	948258	2.00e-05	60.2
CP035466.1	CP002824.1	94.872	39	1	1	1860797	1860834	948258	948296	2.00e-05	60.2
CP035466.1	CP002824.1	100.000	32	0	0	1480537	1480568	948261	948292	2.00e-05	60.2
CP035466.1	CP002824.1	100.000	32	0	0	3171364	3171395	948293	948262	2.00e-05	60.2
CP035466.1	CP002824.1	94.872	39	1	1	5062476	5062513	948468	948430	2.00e-05	60.2
CP035466.1	CP002824.1	94.872	39	1	1	1860797	1860834	948430	948468	2.00e-05	60.2
CP035466.1	CP002824.1	100.000	32	0	0	3171364	3171395	948465	948434	2.00e-05	60.2
CP035466.1	CP002824.1	94.872	39	1	1	5062476	5062513	948554	948516	2.00e-05	60.2
CP035466.1	CP002824.1	94.872	39	1	1	1860797	1860834	948516	948554	2.00e-05	60.2
CP035466.1	CP002824.1	100.000	32	0	0	1480537	1480568	948519	948550	2.00e-05	60.2
CP035466.1	CP002824.1	100.000	32	0	0	3171364	3171395	948551	948520	2.00e-05	60.2
CP035466.1	CP002824.1	94.872	39	1	1	5062476	5062513	948640	948602	2.00e-05	60.2
CP035466.1	CP002824.1	94.872	39	1	1	1860797	1860834	948602	948640	2.00e-05	60.2
CP035466.1	CP002824.1	100.000	32	0	0	1480537	1480568	948605	948636	2.00e-05	60.2
CP035466.1	CP002824.1	100.000	32	0	0	3171364	3171395	948637	948606	2.00e-05	60.2
CP035466.1	CP002824.1	94.872	39	1	1	5062476	5062513	948812	948774	2.00e-05	60.2
CP035466.1	CP002824.1	94.872	39	1	1	1860797	1860834	948774	948812	2.00e-05	60.2
CP035466.1	CP002824.1	100.000	32	0	0	3171364	3171395	948809	948778	2.00e-05	60.2
CP035466.1	CP002824.1	94.872	39	1	1	5062476	5062513	948898	948860	2.00e-05	60.2
CP035466.1	CP002824.1	94.872	39	1	1	1860797	1860834	948860	948898	2.00e-05	60.2
CP035466.1	CP002824.1	100.000	32	0	0	3171364	3171395	948895	948864	2.00e-05	60.2
CP035466.1	CP002824.1	94.872	39	0	2	2587766	2587803	1091056	1091093	2.00e-05	60.2
CP035466.1	CP002824.1	97.222	36	0	1	1171124	1171158	1091093	1091058	2.00e-05	60.2
CP035466.1	CP002824.1	100.000	32	0	0	1731343	1731374	1095525	1095556	2.00e-05	60.2
CP035466.1	CP002824.1	100.000	32	0	0	1860963	1860994	1095556	1095525	2.00e-05	60.2
CP035466.1	CP002824.1	100.000	32	0	0	1525344	1525375	1095556	1095525	2.00e-05	60.2
CP035466.1	CP002824.1	100.000	32	0	0	1480536	1480567	1095556	1095525	2.00e-05	60.2
CP035466.1	CP002824.1	100.000	32	0	0	1391495	1391526	1095556	1095525	2.00e-05	60.2
CP035466.1	CP002824.1	100.000	32	0	0	5062342	5062373	1095525	1095556	2.00e-05	60.2
CP035466.1	CP002824.1	100.000	32	0	0	450913	450944	1125190	1125221	2.00e-05	60.2
CP035466.1	CP002824.1	100.000	32	0	0	1146847	1146878	1125221	1125190	2.00e-05	60.2
CP035466.1	CP002824.1	89.583	48	3	2	589615	589660	1149016	1148969	2.00e-05	60.2
CP035466.1	CP002824.1	100.000	32	0	0	3979374	3979405	1215748	1215717	2.00e-05	60.2
CP035466.1	CP002824.1	100.000	32	0	0	3291169	3291200	1398869	1398900	2.00e-05	60.2
CP035466.1	CP002824.1	100.000	32	0	0	1154035	1154066	1412813	1412844	2.00e-05	60.2
CP035466.1	CP002824.1	100.000	32	0	0	3110398	3110429	1412844	1412813	2.00e-05	60.2
CP035466.1	CP002824.1	94.872	39	1	1	741901	741938	1517431	1517469	2.00e-05	60.2
CP035466.1	CP002824.1	94.872	39	1	1	2051337	2051374	1517431	1517469	2.00e-05	60.2
CP035466.1	CP002824.1	100.000	32	0	0	3171365	3171396	1517465	1517434	2.00e-05	60.2
CP035466.1	CP002824.1	100.000	32	0	0	884419	884450	1517629	1517598	2.00e-05	60.2
CP035466.1	CP002824.1	100.000	32	0	0	1400312	1400343	1526446	1526415	2.00e-05	60.2
CP035466.1	CP002824.1	100.000	32	0	0	2769055	2769086	1622506	1622537	2.00e-05	60.2
CP035466.1	CP002824.1	100.000	32	0	0	204102	204133	1622537	1622506	2.00e-05	60.2
CP035466.1	CP002824.1	94.872	39	1	1	741901	741938	1698898	1698936	2.00e-05	60.2
CP035466.1	CP002824.1	94.872	39	1	1	2051337	2051374	1698898	1698936	2.00e-05	60.2
CP035466.1	CP002824.1	100.000	32	0	0	3171365	3171396	1698932	1698901	2.00e-05	60.2
CP035466.1	CP002824.1	81.707	82	5	5	2598325	2598398	1816611	1816690	2.00e-05	60.2
CP035466.1	CP002824.1	100.000	32	0	0	3171364	3171395	2005970	2006001	2.00e-05	60.2
CP035466.1	CP002824.1	97.222	36	0	1	5062342	5062377	2005972	2006006	2.00e-05	60.2
CP035466.1	CP002824.1	100.000	32	0	0	3171364	3171395	2006278	2006309	2.00e-05	60.2
CP035466.1	CP002824.1	100.000	32	0	0	884419	884450	2006280	2006311	2.00e-05	60.2
CP035466.1	CP002824.1	100.000	32	0	0	5062342	5062373	2006280	2006311	2.00e-05	60.2
CP035466.1	CP002824.1	94.872	39	1	1	5062476	5062513	2328698	2328660	2.00e-05	60.2
CP035466.1	CP002824.1	94.872	39	1	1	1860797	1860834	2328660	2328698	2.00e-05	60.2
CP035466.1	CP002824.1	100.000	32	0	0	1480537	1480568	2328663	2328694	2.00e-05	60.2
CP035466.1	CP002824.1	100.000	32	0	0	3171364	3171395	2328695	2328664	2.00e-05	60.2
CP035466.1	CP002824.1	94.872	39	1	1	5062476	5062513	2328784	2328746	2.00e-05	60.2
CP035466.1	CP002824.1	94.872	39	1	1	1860797	1860834	2328746	2328784	2.00e-05	60.2
CP035466.1	CP002824.1	100.000	32	0	0	1480537	1480568	2328749	2328780	2.00e-05	60.2
CP035466.1	CP002824.1	100.000	32	0	0	3171364	3171395	2328781	2328750	2.00e-05	60.2
CP035466.1	CP002824.1	86.207	58	4	3	394914	394970	2432904	2432850	2.00e-05	60.2
CP035466.1	CP002824.1	100.000	32	0	0	3815497	3815528	2432941	2432910	2.00e-05	60.2
CP035466.1	CP002824.1	100.000	32	0	0	1002458	1002489	2432941	2432910	2.00e-05	60.2
CP035466.1	CP002824.1	100.000	32	0	0	3979374	3979405	2568734	2568703	2.00e-05	60.2
CP035466.1	CP002824.1	88.235	51	5	1	938624	938673	2568818	2568768	2.00e-05	60.2
CP035466.1	CP002824.1	100.000	32	0	0	3200497	3200528	2617555	2617586	2.00e-05	60.2
CP035466.1	CP002824.1	97.143	35	1	0	1896150	1896184	2643956	2643990	2.00e-05	60.2
CP035466.1	CP002824.1	100.000	32	0	0	2893531	2893562	2644028	2643997	2.00e-05	60.2
CP035466.1	CP002824.1	97.143	35	1	0	1896150	1896184	2644130	2644164	2.00e-05	60.2
CP035466.1	CP002824.1	97.222	36	0	1	589625	589659	2893886	2893921	2.00e-05	60.2
CP035466.1	CP002824.1	97.222	36	0	1	2290841	2290875	2893886	2893921	2.00e-05	60.2
CP035466.1	CP002824.1	100.000	32	0	0	2290901	2290932	2943910	2943941	2.00e-05	60.2
CP035466.1	CP002824.1	100.000	32	0	0	1313360	1313391	3048356	3048387	2.00e-05	60.2
CP035466.1	CP002824.1	100.000	32	0	0	204102	204133	3048387	3048356	2.00e-05	60.2
CP035466.1	CP002824.1	97.143	35	1	0	1029049	1029083	3065428	3065394	2.00e-05	60.2
CP035466.1	CP002824.1	94.737	38	2	0	589578	589615	3153004	3152967	2.00e-05	60.2
CP035466.1	CP002824.1	97.143	35	1	0	589578	589612	3172741	3172775	2.00e-05	60.2
CP035466.1	CP002824.1	100.000	32	0	0	1480373	1480404	3428073	3428042	2.00e-05	60.2
CP035466.1	CP002824.1	100.000	32	0	0	1860964	1860995	3428074	3428043	2.00e-05	60.2
CP035466.1	CP002824.1	100.000	32	0	0	1480537	1480568	3428074	3428043	2.00e-05	60.2
CP035466.1	CP002824.1	100.000	32	0	0	1391496	1391527	3428074	3428043	2.00e-05	60.2
CP035466.1	CP002824.1	97.143	35	1	0	3978905	3978939	3571822	3571856	2.00e-05	60.2
CP035466.1	CP002824.1	97.143	35	1	0	3979021	3979055	3571822	3571856	2.00e-05	60.2
CP035466.1	CP002824.1	97.143	35	1	0	3979138	3979172	3571822	3571856	2.00e-05	60.2
CP035466.1	CP002824.1	97.143	35	1	0	3979254	3979288	3571822	3571856	2.00e-05	60.2
CP035466.1	CP002824.1	97.143	35	1	0	5013693	5013727	3828719	3828685	2.00e-05	60.2
CP035466.1	CP002824.1	97.222	36	0	1	394933	394968	3922093	3922127	2.00e-05	60.2
CP035466.1	CP002824.1	100.000	32	0	0	1196945	1196976	3922096	3922127	2.00e-05	60.2
CP035466.1	CP002824.1	100.000	32	0	0	1002586	1002617	4278566	4278535	2.00e-05	60.2
CP035466.1	CP002824.1	70.922	282	74	8	3984708	3984985	4286981	4287258	2.00e-05	60.2
CP035466.1	CP002824.1	97.222	36	0	1	5062338	5062372	4377972	4378007	2.00e-05	60.2
CP035466.1	CP002824.1	97.222	36	0	1	4937447	4937481	4400519	4400484	2.00e-05	60.2
CP035466.1	CP002824.1	92.683	41	3	0	3505882	3505922	4649435	4649475	2.00e-05	60.2
CP035466.1	CP002824.1	100.000	32	0	0	919943	919974	4649475	4649444	2.00e-05	60.2
CP035466.1	CP002824.1	100.000	31	0	0	3200497	3200527	216359	216389	7.19e-05	58.4
CP035466.1	CP002824.1	100.000	31	0	0	4937451	4937481	339649	339679	7.19e-05	58.4
CP035466.1	CP002824.1	100.000	31	0	0	1435605	1435635	433921	433891	7.19e-05	58.4
CP035466.1	CP002824.1	100.000	31	0	0	1196946	1196976	606280	606310	7.19e-05	58.4
CP035466.1	CP002824.1	100.000	31	0	0	4937451	4937481	842019	842049	7.19e-05	58.4
CP035466.1	CP002824.1	100.000	31	0	0	5062342	5062372	948291	948261	7.19e-05	58.4
CP035466.1	CP002824.1	100.000	31	0	0	4077977	4078007	948291	948261	7.19e-05	58.4
CP035466.1	CP002824.1	100.000	31	0	0	884419	884449	948291	948261	7.19e-05	58.4
CP035466.1	CP002824.1	100.000	31	0	0	5062342	5062372	948463	948433	7.19e-05	58.4
CP035466.1	CP002824.1	100.000	31	0	0	4077977	4078007	948463	948433	7.19e-05	58.4
CP035466.1	CP002824.1	100.000	31	0	0	884419	884449	948463	948433	7.19e-05	58.4
CP035466.1	CP002824.1	100.000	31	0	0	5062342	5062372	948549	948519	7.19e-05	58.4
CP035466.1	CP002824.1	100.000	31	0	0	4077977	4078007	948549	948519	7.19e-05	58.4
CP035466.1	CP002824.1	100.000	31	0	0	884419	884449	948549	948519	7.19e-05	58.4
CP035466.1	CP002824.1	100.000	31	0	0	5062342	5062372	948635	948605	7.19e-05	58.4
CP035466.1	CP002824.1	100.000	31	0	0	4077977	4078007	948635	948605	7.19e-05	58.4
CP035466.1	CP002824.1	100.000	31	0	0	884419	884449	948635	948605	7.19e-05	58.4
CP035466.1	CP002824.1	100.000	31	0	0	5062342	5062372	948807	948777	7.19e-05	58.4
CP035466.1	CP002824.1	100.000	31	0	0	4077977	4078007	948807	948777	7.19e-05	58.4
CP035466.1	CP002824.1	100.000	31	0	0	884419	884449	948807	948777	7.19e-05	58.4
CP035466.1	CP002824.1	100.000	31	0	0	5062342	5062372	948893	948863	7.19e-05	58.4
CP035466.1	CP002824.1	100.000	31	0	0	4077977	4078007	948893	948863	7.19e-05	58.4
CP035466.1	CP002824.1	100.000	31	0	0	884419	884449	948893	948863	7.19e-05	58.4
CP035466.1	CP002824.1	100.000	31	0	0	1731257	1731287	1095525	1095555	7.19e-05	58.4
CP035466.1	CP002824.1	100.000	31	0	0	2051339	2051369	1095555	1095525	7.19e-05	58.4
CP035466.1	CP002824.1	100.000	31	0	0	4077977	4078007	1095525	1095555	7.19e-05	58.4
CP035466.1	CP002824.1	100.000	31	0	0	741903	741933	1095555	1095525	7.19e-05	58.4
CP035466.1	CP002824.1	100.000	31	0	0	3291423	3291453	1131089	1131119	7.19e-05	58.4
CP035466.1	CP002824.1	100.000	31	0	0	2155487	2155517	1215619	1215589	7.19e-05	58.4
CP035466.1	CP002824.1	100.000	31	0	0	450967	450997	1381815	1381845	7.19e-05	58.4
CP035466.1	CP002824.1	83.582	67	6	3	2317810	2317873	1389719	1389783	7.19e-05	58.4
CP035466.1	CP002824.1	100.000	31	0	0	2206045	2206075	1416824	1416794	7.19e-05	58.4
CP035466.1	CP002824.1	100.000	31	0	0	1531995	1532025	1427406	1427376	7.19e-05	58.4
CP035466.1	CP002824.1	97.143	35	0	1	2820733	2820766	1517430	1517464	7.19e-05	58.4
CP035466.1	CP002824.1	100.000	31	0	0	1731342	1731372	1517465	1517435	7.19e-05	58.4
CP035466.1	CP002824.1	97.143	35	0	1	2820733	2820766	1517595	1517629	7.19e-05	58.4
CP035466.1	CP002824.1	100.000	31	0	0	4077977	4078007	1517629	1517599	7.19e-05	58.4
CP035466.1	CP002824.1	100.000	31	0	0	3171365	3171395	1517630	1517600	7.19e-05	58.4
CP035466.1	CP002824.1	100.000	31	0	0	242208	242238	1565021	1564991	7.19e-05	58.4
CP035466.1	CP002824.1	85.965	57	5	3	248066	248119	1654099	1654043	7.19e-05	58.4
CP035466.1	CP002824.1	97.143	35	0	1	2820733	2820766	1698897	1698931	7.19e-05	58.4
CP035466.1	CP002824.1	100.000	31	0	0	1731342	1731372	1698932	1698902	7.19e-05	58.4
CP035466.1	CP002824.1	97.143	35	0	1	2820733	2820766	1743767	1743801	7.19e-05	58.4
CP035466.1	CP002824.1	100.000	31	0	0	884419	884449	2005972	2006002	7.19e-05	58.4
CP035466.1	CP002824.1	100.000	31	0	0	4077977	4078007	2005972	2006002	7.19e-05	58.4
CP035466.1	CP002824.1	100.000	31	0	0	1860800	1860830	2006309	2006279	7.19e-05	58.4
CP035466.1	CP002824.1	100.000	31	0	0	5062480	5062510	2006279	2006309	7.19e-05	58.4
CP035466.1	CP002824.1	100.000	31	0	0	2820736	2820766	2006310	2006280	7.19e-05	58.4
CP035466.1	CP002824.1	100.000	31	0	0	4077977	4078007	2006280	2006310	7.19e-05	58.4
CP035466.1	CP002824.1	100.000	31	0	0	4077977	4078007	2133507	2133477	7.19e-05	58.4
CP035466.1	CP002824.1	100.000	31	0	0	1731343	1731373	2133507	2133477	7.19e-05	58.4
CP035466.1	CP002824.1	100.000	31	0	0	884419	884449	2133507	2133477	7.19e-05	58.4
CP035466.1	CP002824.1	97.059	34	1	0	1731208	1731241	2328656	2328623	7.19e-05	58.4
CP035466.1	CP002824.1	100.000	31	0	0	5062342	5062372	2328693	2328663	7.19e-05	58.4
CP035466.1	CP002824.1	100.000	31	0	0	4077977	4078007	2328693	2328663	7.19e-05	58.4
CP035466.1	CP002824.1	100.000	31	0	0	884419	884449	2328693	2328663	7.19e-05	58.4
CP035466.1	CP002824.1	100.000	31	0	0	5062342	5062372	2328779	2328749	7.19e-05	58.4
CP035466.1	CP002824.1	100.000	31	0	0	4077977	4078007	2328779	2328749	7.19e-05	58.4
CP035466.1	CP002824.1	100.000	31	0	0	884419	884449	2328779	2328749	7.19e-05	58.4
CP035466.1	CP002824.1	97.059	34	1	0	938553	938586	2568801	2568768	7.19e-05	58.4
CP035466.1	CP002824.1	100.000	31	0	0	1161933	1161963	2607044	2607074	7.19e-05	58.4
CP035466.1	CP002824.1	100.000	31	0	0	3533562	3533592	2607074	2607044	7.19e-05	58.4
CP035466.1	CP002824.1	100.000	31	0	0	3533472	3533502	2607074	2607044	7.19e-05	58.4
CP035466.1	CP002824.1	100.000	31	0	0	3533382	3533412	2607074	2607044	7.19e-05	58.4
CP035466.1	CP002824.1	100.000	31	0	0	3533292	3533322	2607074	2607044	7.19e-05	58.4
CP035466.1	CP002824.1	100.000	31	0	0	1609941	1609971	2607074	2607044	7.19e-05	58.4
CP035466.1	CP002824.1	100.000	31	0	0	222535	222565	2607074	2607044	7.19e-05	58.4
CP035466.1	CP002824.1	100.000	31	0	0	1028829	1028859	2931294	2931264	7.19e-05	58.4
CP035466.1	CP002824.1	100.000	31	0	0	1028828	1028858	2943873	2943903	7.19e-05	58.4
CP035466.1	CP002824.1	97.059	34	1	0	741863	741896	3100231	3100264	7.19e-05	58.4
CP035466.1	CP002824.1	100.000	31	0	0	4937451	4937481	3152774	3152804	7.19e-05	58.4
CP035466.1	CP002824.1	84.483	58	9	0	4114053	4114110	3283380	3283323	7.19e-05	58.4
CP035466.1	CP002824.1	100.000	31	0	0	1860800	1860830	3428073	3428043	7.19e-05	58.4
CP035466.1	CP002824.1	100.000	31	0	0	5062480	5062510	3428043	3428073	7.19e-05	58.4
CP035466.1	CP002824.1	100.000	31	0	0	884419	884449	3428044	3428074	7.19e-05	58.4
CP035466.1	CP002824.1	100.000	31	0	0	4077977	4078007	3428044	3428074	7.19e-05	58.4
CP035466.1	CP002824.1	100.000	31	0	0	5062342	5062372	3428044	3428074	7.19e-05	58.4
CP035466.1	CP002824.1	100.000	31	0	0	1790665	1790695	3572026	3572056	7.19e-05	58.4
CP035466.1	CP002824.1	100.000	31	0	0	2842533	2842563	3572026	3572056	7.19e-05	58.4
CP035466.1	CP002824.1	100.000	31	0	0	1790665	1790695	3572078	3572108	7.19e-05	58.4
CP035466.1	CP002824.1	100.000	31	0	0	2842533	2842563	3572078	3572108	7.19e-05	58.4
CP035466.1	CP002824.1	100.000	31	0	0	2155487	2155517	4113199	4113169	7.19e-05	58.4
CP035466.1	CP002824.1	94.737	38	0	1	4072677	4072714	4372720	4372685	7.19e-05	58.4
CP035466.1	CP002824.1	100.000	31	0	0	884419	884449	4377977	4378007	7.19e-05	58.4
CP035466.1	CP002824.1	100.000	31	0	0	1731257	1731287	4377977	4378007	7.19e-05	58.4
CP035466.1	CP002824.1	100.000	31	0	0	1731343	1731373	4377977	4378007	7.19e-05	58.4
CP035466.1	CP002824.1	100.000	31	0	0	2820736	2820766	4378007	4377977	7.19e-05	58.4
CP035466.1	CP002824.1	100.000	31	0	0	2051339	2051369	4378007	4377977	7.19e-05	58.4
CP035466.1	CP002824.1	100.000	31	0	0	1860964	1860994	4378007	4377977	7.19e-05	58.4
CP035466.1	CP002824.1	100.000	31	0	0	1525345	1525375	4378007	4377977	7.19e-05	58.4
CP035466.1	CP002824.1	100.000	31	0	0	1480537	1480567	4378007	4377977	7.19e-05	58.4
CP035466.1	CP002824.1	100.000	31	0	0	1391496	1391526	4378007	4377977	7.19e-05	58.4
CP035466.1	CP002824.1	100.000	31	0	0	741903	741933	4378007	4377977	7.19e-05	58.4
CP035466.1	CP002824.1	87.755	49	6	0	671589	671637	4649427	4649475	7.19e-05	58.4
CP035466.1	CP002824.1	100.000	30	0	0	636211	636240	841946	841975	2.59e-04	56.5
CP035466.1	CP002824.1	96.970	33	1	0	635741	635773	842413	842445	2.59e-04	56.5
CP035466.1	CP002824.1	96.970	33	1	0	162410	162442	842445	842413	2.59e-04	56.5
CP035466.1	CP002824.1	100.000	30	0	0	166076	166105	842416	842445	2.59e-04	56.5
CP035466.1	CP002824.1	100.000	30	0	0	4100173	4100202	842445	842416	2.59e-04	56.5
CP035466.1	CP002824.1	100.000	30	0	0	3171366	3171395	1095525	1095554	2.59e-04	56.5
CP035466.1	CP002824.1	100.000	30	0	0	1860800	1860829	1095554	1095525	2.59e-04	56.5
CP035466.1	CP002824.1	100.000	30	0	0	1480373	1480402	1095554	1095525	2.59e-04	56.5
CP035466.1	CP002824.1	100.000	30	0	0	5062481	5062510	1095525	1095554	2.59e-04	56.5
CP035466.1	CP002824.1	96.970	33	1	0	2415042	2415074	1125265	1125233	2.59e-04	56.5
CP035466.1	CP002824.1	100.000	30	0	0	4077977	4078006	1517464	1517435	2.59e-04	56.5
CP035466.1	CP002824.1	100.000	30	0	0	884419	884448	1517464	1517435	2.59e-04	56.5
CP035466.1	CP002824.1	92.308	39	3	0	3955317	3955355	1543330	1543368	2.59e-04	56.5
CP035466.1	CP002824.1	100.000	30	0	0	4077977	4078006	1698931	1698902	2.59e-04	56.5
CP035466.1	CP002824.1	100.000	30	0	0	884419	884448	1698931	1698902	2.59e-04	56.5
CP035466.1	CP002824.1	100.000	30	0	0	4077977	4078006	1743801	1743772	2.59e-04	56.5
CP035466.1	CP002824.1	100.000	30	0	0	884419	884448	1743801	1743772	2.59e-04	56.5
CP035466.1	CP002824.1	100.000	30	0	0	1988373	1988402	2020622	2020651	2.59e-04	56.5
CP035466.1	CP002824.1	100.000	30	0	0	139762	139791	2065315	2065344	2.59e-04	56.5
CP035466.1	CP002824.1	100.000	30	0	0	3171366	3171395	2133507	2133478	2.59e-04	56.5
CP035466.1	CP002824.1	97.059	34	0	1	1622785	1622818	2205615	2205647	2.59e-04	56.5
CP035466.1	CP002824.1	100.000	30	0	0	1745685	1745714	2262173	2262202	2.59e-04	56.5
CP035466.1	CP002824.1	100.000	30	0	0	3648113	3648142	2432883	2432854	2.59e-04	56.5
CP035466.1	CP002824.1	100.000	30	0	0	1196946	1196975	2432883	2432854	2.59e-04	56.5
CP035466.1	CP002824.1	100.000	30	0	0	879967	879996	2568768	2568797	2.59e-04	56.5
CP035466.1	CP002824.1	100.000	30	0	0	1896155	1896184	2644048	2644077	2.59e-04	56.5
CP035466.1	CP002824.1	97.059	34	0	1	1594825	1594858	2878728	2878760	2.59e-04	56.5
CP035466.1	CP002824.1	100.000	30	0	0	1745685	1745714	3377851	3377880	2.59e-04	56.5
CP035466.1	CP002824.1	100.000	30	0	0	2155430	2155459	3922126	3922097	2.59e-04	56.5
CP035466.1	CP002824.1	92.308	39	3	0	1413944	1413982	4255060	4255098	2.59e-04	56.5
CP035466.1	CP002824.1	96.970	33	1	0	1171082	1171114	4278535	4278567	2.59e-04	56.5
CP035466.1	CP002824.1	73.370	184	35	11	3987714	3987890	4283761	4283937	2.59e-04	56.5
CP035466.1	CP002824.1	100.000	30	0	0	3171366	3171395	4377977	4378006	2.59e-04	56.5
CP035466.1	CP002824.1	100.000	30	0	0	1860800	1860829	4378006	4377977	2.59e-04	56.5
CP035466.1	CP002824.1	100.000	30	0	0	1480373	1480402	4378006	4377977	2.59e-04	56.5
CP035466.1	CP002824.1	100.000	30	0	0	5062481	5062510	4377977	4378006	2.59e-04	56.5
CP035466.1	CP002824.1	92.308	39	3	0	2936325	2936363	4400178	4400140	2.59e-04	56.5
CP035466.1	CP002824.1	92.308	39	3	0	263921	263959	4400178	4400140	2.59e-04	56.5
CP035466.1	CP002824.1	100.000	30	0	0	4211462	4211491	4565582	4565553	2.59e-04	56.5
CP035466.1	CP002824.1	100.000	29	0	0	139760	139788	162400	162372	0.001	54.7
CP035466.1	CP002824.1	100.000	29	0	0	636212	636240	357560	357588	0.001	54.7
CP035466.1	CP002824.1	96.875	32	1	0	4937450	4937481	357631	357662	0.001	54.7
CP035466.1	CP002824.1	94.286	35	2	0	2893283	2893317	795980	796014	0.001	54.7
CP035466.1	CP002824.1	100.000	29	0	0	4240642	4240670	1124537	1124509	0.001	54.7
CP035466.1	CP002824.1	80.282	71	14	0	1608690	1608760	1217892	1217822	0.001	54.7
CP035466.1	CP002824.1	100.000	29	0	0	3856089	3856117	1720907	1720879	0.001	54.7
CP035466.1	CP002824.1	100.000	29	0	0	2917415	2917443	1720879	1720907	0.001	54.7
CP035466.1	CP002824.1	94.286	35	2	0	1004733	1004767	1830486	1830452	0.001	54.7
CP035466.1	CP002824.1	96.875	32	1	0	1597478	1597509	2171635	2171604	0.001	54.7
CP035466.1	CP002824.1	100.000	29	0	0	1752479	1752507	2568796	2568768	0.001	54.7
CP035466.1	CP002824.1	96.875	32	1	0	1597478	1597509	3196096	3196065	0.001	54.7
CP035466.1	CP002824.1	100.000	29	0	0	2598370	2598398	3368672	3368644	0.001	54.7
CP035466.1	CP002824.1	100.000	29	0	0	2820771	2820799	3368664	3368692	0.001	54.7
CP035466.1	CP002824.1	92.105	38	3	0	589578	589615	3427921	3427884	0.001	54.7
CP035466.1	CP002824.1	100.000	29	0	0	1171082	1171110	3571825	3571853	0.001	54.7
CP035466.1	CP002824.1	96.875	32	1	0	1597478	1597509	4222216	4222185	0.001	54.7
CP035466.1	CP002824.1	100.000	29	0	0	3013597	3013625	4400178	4400150	0.001	54.7
CP035466.1	CP002824.1	100.000	29	0	0	913406	913434	4594673	4594645	0.001	54.7
CP035466.1	CP002824.1	100.000	28	0	0	4896590	4896617	62843	62870	0.003	52.8
CP035466.1	CP002824.1	100.000	28	0	0	636213	636240	353924	353897	0.003	52.8
CP035466.1	CP002824.1	100.000	28	0	0	3291371	3291398	1131089	1131116	0.003	52.8
CP035466.1	CP002824.1	100.000	28	0	0	2415042	2415069	1131120	1131093	0.003	52.8
CP035466.1	CP002824.1	100.000	28	0	0	1597478	1597505	1720906	1720879	0.003	52.8
CP035466.1	CP002824.1	100.000	28	0	0	3922449	3922476	1720879	1720906	0.003	52.8
CP035466.1	CP002824.1	100.000	28	0	0	507832	507859	1720906	1720879	0.003	52.8
CP035466.1	CP002824.1	100.000	28	0	0	3663048	3663075	3937057	3937030	0.003	52.8
CP035466.1	CP002824.1	100.000	28	0	0	636213	636240	4400585	4400558	0.003	52.8
