CP035466.1	CP001918.1	90.525	20032	1789	88	788115	808085	4794822	4814805	0.0	26376
CP035466.1	CP001918.1	87.263	13896	1600	116	680644	694439	4662742	4676567	0.0	15699
CP035466.1	CP001918.1	93.374	9825	625	19	1488530	1498342	238873	248683	0.0	14513
CP035466.1	CP001918.1	94.833	8690	441	8	35135	43821	4531627	4540311	0.0	13553
CP035466.1	CP001918.1	83.301	14767	2310	113	2229546	2244225	987900	1002597	0.0	13465
CP035466.1	CP001918.1	82.412	15511	2477	210	424511	439917	4365154	4380517	0.0	13298
CP035466.1	CP001918.1	86.045	12354	1615	82	4809681	4821980	3698846	3711144	0.0	13162
CP035466.1	CP001918.1	78.312	17498	3509	242	3013695	3031048	2747773	2730418	0.0	11025
CP035466.1	CP001918.1	88.150	9072	967	90	778503	787528	4785226	4794235	0.0	10698
CP035466.1	CP001918.1	89.648	8221	779	59	1269090	1277272	5297528	5289342	0.0	10401
CP035466.1	CP001918.1	85.725	9527	1292	44	1378497	1388001	5075678	5066198	0.0	9997
CP035466.1	CP001918.1	82.914	11138	1742	127	2250018	2261088	1006404	1017447	0.0	9877
CP035466.1	CP001918.1	82.664	10827	1756	91	248	11019	4024055	4034815	0.0	9483
CP035466.1	CP001918.1	89.004	7457	729	69	2159852	2167286	913349	920736	0.0	9143
CP035466.1	CP001918.1	85.942	8543	1109	60	2219429	2227907	977944	986458	0.0	9038
CP035466.1	CP001918.1	80.817	11818	2007	208	1690397	1702106	555435	567100	0.0	9025
CP035466.1	CP001918.1	88.260	7504	807	64	809596	817059	4816307	4823776	0.0	8909
CP035466.1	CP001918.1	84.113	9146	1362	62	2133639	2142730	887657	896765	0.0	8756
CP035466.1	CP001918.1	83.989	9119	1408	52	2124489	2133580	878535	887628	0.0	8704
CP035466.1	CP001918.1	81.331	10788	1857	114	618783	629519	4595448	4606129	0.0	8619
CP035466.1	CP001918.1	96.804	5163	136	22	1519961	1525113	4790369	4785226	0.0	8593
CP035466.1	CP001918.1	96.584	5211	131	29	1386062	1391264	5271529	5266358	0.0	8593
CP035466.1	CP001918.1	96.338	5188	138	34	1386086	1391261	4024132	4018985	0.0	8480
CP035466.1	CP001918.1	96.726	5070	138	21	778503	783563	5266358	5271408	0.0	8418
CP035466.1	CP001918.1	96.627	5070	143	21	1520053	1525113	5271408	5266358	0.0	8390
CP035466.1	CP001918.1	96.912	5019	125	23	1855558	1860564	265133	270133	0.0	8383
CP035466.1	CP001918.1	96.569	5071	144	23	1386206	1391264	4790278	4785226	0.0	8373
CP035466.1	CP001918.1	96.568	5070	143	24	1520053	1525110	4024035	4018985	0.0	8370
CP035466.1	CP001918.1	81.298	10480	1816	114	2991191	3001601	2780489	2770085	0.0	8362
CP035466.1	CP001918.1	96.509	5070	146	24	778506	783563	4018985	4024035	0.0	8353
CP035466.1	CP001918.1	80.831	10783	1917	124	1502611	1513329	251223	261919	0.0	8323
CP035466.1	CP001918.1	82.474	9198	1529	60	2960476	2969617	2811155	2801985	0.0	7978
CP035466.1	CP001918.1	83.948	8385	1263	68	4772417	4780755	3607991	3616338	0.0	7950
CP035466.1	CP001918.1	84.062	8238	1247	59	3348275	3356482	1644683	1652884	0.0	7878
CP035466.1	CP001918.1	82.850	8752	1362	102	2030018	2038713	819617	828285	0.0	7718
CP035466.1	CP001918.1	81.332	9503	1643	112	1277379	1286820	5289241	5279809	0.0	7600
CP035466.1	CP001918.1	84.904	7406	1053	52	2470537	2477913	1228498	1235867	0.0	7422
CP035466.1	CP001918.1	81.414	9179	1549	118	4436663	4445787	1457717	1448642	0.0	7354
CP035466.1	CP001918.1	78.033	11945	2404	187	4084813	4096652	2187729	2199558	0.0	7319
CP035466.1	CP001918.1	79.345	10143	1855	174	2206159	2216202	967831	977832	0.0	6903
CP035466.1	CP001918.1	77.801	11496	2327	166	5050608	5061990	4007044	4018427	0.0	6883
CP035466.1	CP001918.1	86.349	6300	807	31	1402533	1408799	5254965	5248686	0.0	6820
CP035466.1	CP001918.1	86.478	6190	816	17	728074	734254	4722667	4728844	0.0	6774
CP035466.1	CP001918.1	81.675	8038	1376	76	762195	770183	4762151	4770140	0.0	6593
CP035466.1	CP001918.1	87.623	5704	675	25	1412988	1418673	5233163	5227473	0.0	6593
CP035466.1	CP001918.1	84.517	6646	998	26	1304086	1310714	5144455	5137824	0.0	6543
CP035466.1	CP001918.1	82.692	7436	1201	69	375023	382408	4326114	4333513	0.0	6523
CP035466.1	CP001918.1	79.583	9311	1742	133	711758	720975	4693410	4702654	0.0	6516
CP035466.1	CP001918.1	84.689	6466	895	68	4995771	5002199	3963810	3970217	0.0	6368
CP035466.1	CP001918.1	78.666	9820	1862	185	2264524	2274237	1020688	1030380	0.0	6312
CP035466.1	CP001918.1	86.639	5688	740	15	3304356	3310034	2170504	2176180	0.0	6276
CP035466.1	CP001918.1	86.271	5820	743	49	2061314	2067105	828368	834159	0.0	6270
CP035466.1	CP001918.1	92.545	4346	290	24	1484054	1488382	234519	238847	0.0	6200
CP035466.1	CP001918.1	78.582	9679	1861	153	4859203	4868774	3752568	3762141	0.0	6194
CP035466.1	CP001918.1	80.213	8344	1555	75	1286898	1295198	5279718	5271428	0.0	6174
CP035466.1	CP001918.1	80.722	7947	1449	71	4629362	4637267	3470827	3478731	0.0	6111
CP035466.1	CP001918.1	79.957	8277	1537	100	4230725	4238948	1745846	1737639	0.0	5982
CP035466.1	CP001918.1	80.121	8104	1476	108	3970661	3978692	1927752	1919712	0.0	5915
CP035466.1	CP001918.1	83.256	6480	1036	40	1532104	1538568	276440	282885	0.0	5910
CP035466.1	CP001918.1	78.310	9470	1801	202	3563871	3573220	2394289	2384953	0.0	5875
CP035466.1	CP001918.1	82.249	6873	1154	60	2087149	2093993	848732	855566	0.0	5873
CP035466.1	CP001918.1	86.840	5281	653	31	2417785	2423046	1198045	1203302	0.0	5864
CP035466.1	CP001918.1	86.191	5395	712	27	699747	705127	4679690	4685065	0.0	5805
CP035466.1	CP001918.1	83.526	6234	952	63	148556	154757	4162655	4168845	0.0	5753
CP035466.1	CP001918.1	78.017	9430	1867	168	4399335	4408667	1491557	1482237	0.0	5740
CP035466.1	CP001918.1	86.571	5183	656	32	2763834	2768996	3062799	3057637	0.0	5679
CP035466.1	CP001918.1	97.421	3334	75	11	2261326	2264654	4022054	4018727	0.0	5670
CP035466.1	CP001918.1	83.587	6117	922	63	2514900	2520971	1275578	1281657	0.0	5659
CP035466.1	CP001918.1	82.369	6551	1108	39	3368395	3374921	1664216	1670743	0.0	5655
CP035466.1	CP001918.1	81.266	7126	1215	102	1995576	2002640	802260	809326	0.0	5653
CP035466.1	CP001918.1	80.987	7232	1242	111	1771544	1778705	651579	658747	0.0	5614
CP035466.1	CP001918.1	87.030	4919	611	20	2460589	2465493	1218697	1223602	0.0	5524
CP035466.1	CP001918.1	82.554	6351	1036	44	4977217	4983549	3936862	3943158	0.0	5524
CP035466.1	CP001918.1	97.309	3233	76	11	1476918	1480144	5066080	5062853	0.0	5478
CP035466.1	CP001918.1	97.246	3232	79	10	1476918	1480144	1017463	1020689	0.0	5467
CP035466.1	CP001918.1	97.304	3227	75	12	2261175	2264395	5066080	5062860	0.0	5467
CP035466.1	CP001918.1	97.241	3226	78	11	2261175	2264395	1017463	1020682	0.0	5454
CP035466.1	CP001918.1	97.127	3237	78	15	1476918	1480144	5152615	5149384	0.0	5448
CP035466.1	CP001918.1	97.125	3235	78	14	1476918	1480144	382630	385857	0.0	5445
CP035466.1	CP001918.1	97.122	3231	77	16	2261175	2264395	5152615	5149391	0.0	5437
CP035466.1	CP001918.1	97.058	3229	79	16	2261175	2264395	382630	385850	0.0	5422
CP035466.1	CP001918.1	83.399	5873	942	30	2623816	2629675	3188826	3182974	0.0	5413
CP035466.1	CP001918.1	96.909	3235	83	14	1297246	1300475	1017463	1020685	0.0	5404
CP035466.1	CP001918.1	81.218	6783	1201	52	1359619	1366377	5094519	5087786	0.0	5400
CP035466.1	CP001918.1	96.788	3238	82	18	1297246	1300475	382630	385853	0.0	5384
CP035466.1	CP001918.1	96.785	3235	88	13	1297246	1300475	5066080	5062857	0.0	5384
CP035466.1	CP001918.1	96.604	3239	90	17	1297246	1300475	5152615	5149388	0.0	5354
CP035466.1	CP001918.1	93.361	3615	234	6	48084	51695	4543048	4546659	0.0	5341
CP035466.1	CP001918.1	76.911	9814	2010	222	945992	955678	4956505	4966189	0.0	5334
CP035466.1	CP001918.1	81.282	6737	1127	100	1558100	1564775	301344	308007	0.0	5332
CP035466.1	CP001918.1	97.693	3078	66	5	1477069	1480144	5269428	5266354	0.0	5286
CP035466.1	CP001918.1	97.597	3079	66	7	1477069	1480144	4788295	4785222	0.0	5269
CP035466.1	CP001918.1	97.656	3072	66	6	2261326	2264395	5269428	5266361	0.0	5269
CP035466.1	CP001918.1	97.270	3113	74	10	1477029	1480137	267028	270133	0.0	5267
CP035466.1	CP001918.1	78.246	8371	1702	87	3860151	3868448	1560185	1551861	0.0	5260
CP035466.1	CP001918.1	82.821	5955	942	69	3200496	3206407	2665310	2659394	0.0	5254
CP035466.1	CP001918.1	97.174	3114	75	13	2261286	2264395	267028	270132	0.0	5251
CP035466.1	CP001918.1	97.527	3073	67	9	2261326	2264395	4788295	4785229	0.0	5245
CP035466.1	CP001918.1	97.494	3073	69	8	1477069	1480136	4022054	4018985	0.0	5241
CP035466.1	CP001918.1	83.486	5686	864	51	922386	928044	4928262	4933899	0.0	5228
CP035466.1	CP001918.1	97.187	3093	73	11	1857482	1860571	5269435	5266354	0.0	5217
CP035466.1	CP001918.1	97.098	3101	76	12	1857474	1860571	5065942	5062853	0.0	5216
CP035466.1	CP001918.1	96.892	3121	78	15	1297357	1300473	267028	270133	0.0	5208
CP035466.1	CP001918.1	97.210	3082	73	11	1388186	1391264	5065928	5062857	0.0	5203
CP035466.1	CP001918.1	97.091	3094	73	13	1857482	1860571	4788302	4785222	0.0	5199
CP035466.1	CP001918.1	97.177	3082	74	11	778503	781581	5062857	5065928	0.0	5197
CP035466.1	CP001918.1	97.117	3087	72	13	1388179	1391262	267061	270133	0.0	5192
CP035466.1	CP001918.1	97.145	3082	75	11	1522035	1525113	5065928	5062857	0.0	5192
CP035466.1	CP001918.1	97.085	3087	73	13	778505	781588	270133	267061	0.0	5186
CP035466.1	CP001918.1	96.936	3101	80	12	1857474	1860571	1017601	1020689	0.0	5186
CP035466.1	CP001918.1	96.908	3105	78	16	1857474	1860571	5152477	5149384	0.0	5186
CP035466.1	CP001918.1	97.052	3087	76	13	1857482	1860563	4022061	4018985	0.0	5182
CP035466.1	CP001918.1	97.052	3087	74	13	1522028	1525111	267061	270133	0.0	5180
CP035466.1	CP001918.1	97.080	3082	76	11	1388186	1391264	1017615	1020685	0.0	5180
CP035466.1	CP001918.1	97.079	3081	78	9	1297397	1300475	5269428	5266358	0.0	5180
CP035466.1	CP001918.1	97.047	3082	77	11	778503	781581	1020685	1017615	0.0	5175
CP035466.1	CP001918.1	97.019	3086	75	15	1388186	1391264	5152463	5149388	0.0	5173
CP035466.1	CP001918.1	96.843	3104	78	16	1857474	1860571	382768	385857	0.0	5171
CP035466.1	CP001918.1	97.015	3082	78	11	1522035	1525113	1017615	1020685	0.0	5169
CP035466.1	CP001918.1	96.986	3086	76	15	778503	781581	5149388	5152463	0.0	5168
CP035466.1	CP001918.1	84.784	5205	728	48	2775928	2781105	3045376	3040209	0.0	5166
CP035466.1	CP001918.1	78.698	7985	1528	131	3624341	3632228	2324146	2316238	0.0	5162
CP035466.1	CP001918.1	96.982	3082	78	11	1297397	1300475	4788295	4785226	0.0	5162
CP035466.1	CP001918.1	96.954	3086	77	15	1522035	1525113	5152463	5149388	0.0	5162
CP035466.1	CP001918.1	96.953	3085	75	15	1388186	1391264	382782	385853	0.0	5158
CP035466.1	CP001918.1	96.921	3085	76	15	778503	781581	385853	382782	0.0	5153
CP035466.1	CP001918.1	96.916	3080	81	11	1297397	1300472	4022054	4018985	0.0	5149
CP035466.1	CP001918.1	96.888	3085	77	15	1522035	1525113	382782	385853	0.0	5147
CP035466.1	CP001918.1	85.011	5057	737	15	916397	921445	4923063	4928106	0.0	5120
CP035466.1	CP001918.1	82.252	6012	988	65	535105	541067	4472372	4478353	0.0	5118
CP035466.1	CP001918.1	77.495	8727	1798	122	2479231	2487885	1237454	1246086	0.0	5083
CP035466.1	CP001918.1	82.162	6004	979	60	1459398	1465362	5170090	5164140	0.0	5070
CP035466.1	CP001918.1	88.347	4222	460	20	2971971	2976173	2799871	2795663	0.0	5042
CP035466.1	CP001918.1	82.622	5720	929	55	3955272	3960960	1938337	1932652	0.0	4996
CP035466.1	CP001918.1	84.197	5113	766	39	2505419	2510511	1266146	1271236	0.0	4927
CP035466.1	CP001918.1	77.593	8368	1710	142	2745759	2754046	3076740	3068458	0.0	4913
CP035466.1	CP001918.1	87.394	4260	512	21	2769086	2773335	3057577	3053333	0.0	4868
CP035466.1	CP001918.1	85.441	4657	649	25	4970794	4975436	3927435	3932076	0.0	4817
CP035466.1	CP001918.1	79.435	6978	1270	129	2877737	2884626	2942818	2935918	0.0	4783
CP035466.1	CP001918.1	84.276	4948	716	40	2728420	2733334	3093241	3088323	0.0	4771
CP035466.1	CP001918.1	79.478	6778	1317	56	1736936	1743665	617485	624236	0.0	4743
CP035466.1	CP001918.1	78.472	7474	1449	132	2951385	2958774	2819888	2812491	0.0	4741
CP035466.1	CP001918.1	84.537	4818	700	30	755196	759991	4755204	4759998	0.0	4728
CP035466.1	CP001918.1	83.036	5211	879	5	896074	901281	4902535	4907743	0.0	4721
CP035466.1	CP001918.1	83.697	4950	787	19	2113898	2118839	868001	872938	0.0	4652
CP035466.1	CP001918.1	83.836	4943	743	40	4912779	4917685	3826815	3831737	0.0	4650
CP035466.1	CP001918.1	83.406	5014	774	40	1191928	1196932	39446	34482	0.0	4597
CP035466.1	CP001918.1	83.169	5068	796	45	1093189	1098235	141688	136657	0.0	4580
CP035466.1	CP001918.1	85.382	4474	586	53	210453	214899	4212820	4217252	0.0	4577
CP035466.1	CP001918.1	79.367	6601	1238	101	2282450	2288999	1089652	1096179	0.0	4530
CP035466.1	CP001918.1	78.979	6755	1334	79	2537178	2543887	1297736	1304449	0.0	4529
CP035466.1	CP001918.1	91.639	3265	258	13	3395840	3399093	2471297	2468037	0.0	4503
CP035466.1	CP001918.1	81.228	5620	988	56	4423099	4428687	1471108	1465525	0.0	4471
CP035466.1	CP001918.1	88.492	3728	386	28	415877	419592	4355501	4359197	0.0	4468
CP035466.1	CP001918.1	81.415	5483	962	51	3223336	3228788	2638662	2633207	0.0	4427
CP035466.1	CP001918.1	83.058	4958	758	57	1435649	1440582	5204947	5200048	0.0	4427
CP035466.1	CP001918.1	81.184	5559	983	50	5017287	5022807	3984750	3990283	0.0	4412
CP035466.1	CP001918.1	79.480	6350	1186	92	133290	139588	4147741	4154024	0.0	4399
CP035466.1	CP001918.1	80.477	5875	1041	81	4825304	4831115	3714561	3720392	0.0	4397
CP035466.1	CP001918.1	87.788	3775	429	17	559437	563186	4514946	4518713	0.0	4388
CP035466.1	CP001918.1	81.213	5456	944	71	3322448	3327875	1617085	1622487	0.0	4322
CP035466.1	CP001918.1	88.933	3488	382	4	1224992	1228479	6028	2545	0.0	4300
CP035466.1	CP001918.1	81.116	5486	926	80	1731381	1736815	602198	607624	0.0	4290
CP035466.1	CP001918.1	86.110	4010	520	30	1786660	1790649	4716473	4712481	0.0	4285
CP035466.1	CP001918.1	82.920	4760	791	20	4078026	4082774	2142688	2147436	0.0	4266
CP035466.1	CP001918.1	83.085	4759	736	57	3177890	3182610	2279938	2275211	0.0	4265
CP035466.1	CP001918.1	93.296	2864	192	0	31463	34326	4528687	4531550	0.0	4226
CP035466.1	CP001918.1	80.915	5444	957	67	4723294	4728684	3551890	3557304	0.0	4222
CP035466.1	CP001918.1	85.775	3993	554	12	3399113	3403100	2467957	2463974	0.0	4215
CP035466.1	CP001918.1	80.253	5702	1040	64	721010	726662	4702713	4708377	0.0	4213
CP035466.1	CP001918.1	87.893	3626	383	40	1473231	1476834	5156219	5152628	0.0	4213
CP035466.1	CP001918.1	81.631	5199	847	83	1969719	1974864	772196	777339	0.0	4211
CP035466.1	CP001918.1	78.473	6564	1299	92	3426659	3433169	2417479	2410977	0.0	4189
CP035466.1	CP001918.1	83.363	4556	720	31	1714782	1719324	581741	586271	0.0	4180
CP035466.1	CP001918.1	82.800	4686	765	30	1744553	1749214	626496	631164	0.0	4150
CP035466.1	CP001918.1	80.127	5671	1034	78	901343	906965	4907751	4913376	0.0	4143
CP035466.1	CP001918.1	76.588	7842	1653	155	955839	963593	4966356	4974101	0.0	4141
CP035466.1	CP001918.1	80.311	5587	1007	75	828407	833935	4841214	4846765	0.0	4137
CP035466.1	CP001918.1	80.663	5399	972	59	3805391	3810758	2691818	2697175	0.0	4120
CP035466.1	CP001918.1	88.999	3336	349	14	2009129	2012456	816205	819530	0.0	4111
CP035466.1	CP001918.1	82.728	4655	769	26	2696495	2701123	3121400	3116755	0.0	4109
CP035466.1	CP001918.1	80.264	5538	1010	60	673551	679058	4655683	4661167	0.0	4095
CP035466.1	CP001918.1	79.453	5850	1146	41	4568246	4574061	3397576	3403403	0.0	4093
CP035466.1	CP001918.1	79.459	5881	1123	78	2930316	2936154	2841702	2835865	0.0	4089
CP035466.1	CP001918.1	84.548	4129	592	36	705180	709297	4686816	4690909	0.0	4048
CP035466.1	CP001918.1	79.303	5885	1107	88	1428087	1433922	5212524	5206702	0.0	4017
CP035466.1	CP001918.1	84.872	3986	595	8	1022603	1026584	233268	229287	0.0	4013
CP035466.1	CP001918.1	79.648	5621	1078	54	1164759	1170348	51662	57247	0.0	3982
CP035466.1	CP001918.1	79.403	5758	1095	75	3257582	3263293	2589953	2584241	0.0	3978
CP035466.1	CP001918.1	83.701	4215	649	29	204182	208381	4204362	4208553	0.0	3943
CP035466.1	CP001918.1	79.807	5487	1031	66	1055323	1060769	201659	196210	0.0	3923
CP035466.1	CP001918.1	80.111	5410	952	78	2791396	2796760	3030571	3025241	0.0	3916
CP035466.1	CP001918.1	80.045	5342	1002	56	222653	227961	4224733	4230043	0.0	3901
CP035466.1	CP001918.1	80.540	5226	889	81	1571527	1576708	316211	321352	0.0	3899
CP035466.1	CP001918.1	82.648	4472	700	52	3295029	3299477	2551185	2546767	0.0	3890
CP035466.1	CP001918.1	86.894	3487	437	14	1350774	1354249	5103113	5099636	0.0	3890
CP035466.1	CP001918.1	85.311	3792	520	29	929650	933425	4936725	4940495	0.0	3882
CP035466.1	CP001918.1	78.659	5979	1154	108	2658428	2664345	3169679	3163762	0.0	3860
CP035466.1	CP001918.1	83.029	4266	681	31	1525923	1530161	270326	274575	0.0	3827
CP035466.1	CP001918.1	83.250	4203	667	33	1449201	1453379	5180524	5176335	0.0	3827
CP035466.1	CP001918.1	88.026	3232	367	18	1121812	1125037	115170	111953	0.0	3807
CP035466.1	CP001918.1	82.140	4513	738	56	1653828	1658302	527402	531884	0.0	3807
CP035466.1	CP001918.1	80.510	5059	899	65	1564848	1569859	308123	313141	0.0	3799
CP035466.1	CP001918.1	85.782	3608	488	18	1580847	1584443	324514	328107	0.0	3797
CP035466.1	CP001918.1	81.723	4689	703	104	2781176	2785794	3040200	3035596	0.0	3770
CP035466.1	CP001918.1	78.511	5910	1117	110	112918	118759	4128938	4134762	0.0	3736
CP035466.1	CP001918.1	79.362	5456	996	109	396553	401936	4343517	4348914	0.0	3718
CP035466.1	CP001918.1	85.261	3623	502	23	1978248	1981865	782999	786594	0.0	3703
CP035466.1	CP001918.1	81.554	4543	771	53	197262	201768	4197595	4202106	0.0	3685
CP035466.1	CP001918.1	80.103	5031	920	68	4431626	4436620	1462766	1457781	0.0	3670
CP035466.1	CP001918.1	88.122	3115	306	40	2981596	2984681	2790061	2786982	0.0	3644
CP035466.1	CP001918.1	86.392	3351	430	17	1931962	1935308	749959	753287	0.0	3639
CP035466.1	CP001918.1	83.628	3909	599	23	1927967	1931866	745974	749850	0.0	3635
CP035466.1	CP001918.1	82.126	4280	727	31	1086863	1091116	150682	146415	0.0	3631
CP035466.1	CP001918.1	84.393	3729	549	28	1466871	1470577	5162598	5158881	0.0	3631
CP035466.1	CP001918.1	83.633	3892	594	32	1074705	1078579	166325	162460	0.0	3618
CP035466.1	CP001918.1	82.357	4234	662	61	2664588	2668766	3162332	3158129	0.0	3602
CP035466.1	CP001918.1	81.511	4446	757	54	1622871	1627287	364236	368645	0.0	3596
CP035466.1	CP001918.1	81.189	4577	763	69	2921476	2926013	2867287	2862770	0.0	3592
CP035466.1	CP001918.1	79.104	5355	988	105	191900	197201	4192231	4197507	0.0	3568
CP035466.1	CP001918.1	90.256	2730	258	7	4906789	4909514	3823229	3825954	0.0	3561
CP035466.1	CP001918.1	80.823	4615	820	52	3586768	3591346	2370691	2366106	0.0	3559
CP035466.1	CP001918.1	81.453	4405	764	48	546150	550527	4494274	4498652	0.0	3559
CP035466.1	CP001918.1	84.428	3686	493	59	1048102	1051736	209773	206118	0.0	3552
CP035466.1	CP001918.1	83.147	3940	608	39	3285307	3289225	2561824	2557920	0.0	3546
CP035466.1	CP001918.1	77.383	6106	1265	102	1331101	1337143	5122892	5116840	0.0	3518
CP035466.1	CP001918.1	83.716	3746	586	18	1079565	1083299	159189	155457	0.0	3517
CP035466.1	CP001918.1	82.774	3994	635	46	2179629	2183592	934506	938476	0.0	3515
CP035466.1	CP001918.1	76.317	6874	1449	153	4986866	4993649	3951042	3957826	0.0	3509
CP035466.1	CP001918.1	80.193	4776	842	72	2833124	2837832	3000857	2996119	0.0	3483
CP035466.1	CP001918.1	83.026	3900	604	40	1988412	1992279	795202	799075	0.0	3482
CP035466.1	CP001918.1	82.911	3903	622	37	1440658	1444542	5188951	5185076	0.0	3470
CP035466.1	CP001918.1	83.320	3789	598	27	2703611	2707388	3114912	3111147	0.0	3465
CP035466.1	CP001918.1	81.703	4192	719	36	1613192	1617367	353450	357609	0.0	3448
CP035466.1	CP001918.1	85.645	3302	446	16	4668558	4671852	3509997	3513277	0.0	3446
CP035466.1	CP001918.1	78.401	5440	1069	77	1373041	1378429	5081189	5075805	0.0	3439
CP035466.1	CP001918.1	88.391	2877	306	23	1231314	1234173	5314435	5311570	0.0	3437
CP035466.1	CP001918.1	76.180	6738	1458	118	3985207	3991867	1906900	1900233	0.0	3415
CP035466.1	CP001918.1	80.578	4567	773	80	243530	248051	4245344	4249841	0.0	3415
CP035466.1	CP001918.1	86.780	3071	394	11	4806519	4809582	3695777	3698842	0.0	3411
CP035466.1	CP001918.1	88.869	2776	302	7	2170361	2173132	923338	926110	0.0	3408
CP035466.1	CP001918.1	83.661	3660	548	42	2142970	2146604	896956	900590	0.0	3400
CP035466.1	CP001918.1	80.202	4647	828	77	884469	889067	4890888	4895490	0.0	3400
CP035466.1	CP001918.1	76.585	6402	1356	120	4736969	4743293	3575676	3582011	0.0	3386
CP035466.1	CP001918.1	80.960	4312	784	28	1682935	1687227	549065	553358	0.0	3380
CP035466.1	CP001918.1	83.545	3622	578	16	17736	21349	4041745	4045356	0.0	3371
CP035466.1	CP001918.1	96.707	2004	50	12	2259094	2261088	380618	382614	0.0	3321
CP035466.1	CP001918.1	77.187	5808	1251	65	656443	662212	4638854	4644625	0.0	3317
CP035466.1	CP001918.1	84.666	3326	504	6	1676577	1679899	544383	547705	0.0	3312
CP035466.1	CP001918.1	80.340	4466	801	52	459822	464248	4395015	4399442	0.0	3312
CP035466.1	CP001918.1	83.115	3660	582	28	4467815	4471454	1396435	1392792	0.0	3302
CP035466.1	CP001918.1	85.692	3138	436	11	3649968	3653100	3312097	3308968	0.0	3295
CP035466.1	CP001918.1	77.353	5802	1160	118	3846194	3851915	1573640	1567913	0.0	3293
CP035466.1	CP001918.1	96.404	2002	58	10	1519858	1521850	380516	382512	0.0	3286
CP035466.1	CP001918.1	82.687	3737	612	26	391161	394873	4338152	4341877	0.0	3284
CP035466.1	CP001918.1	96.304	2002	61	10	1519857	1521850	265030	267026	0.0	3275
CP035466.1	CP001918.1	80.805	4251	744	63	4358164	4362377	1530154	1525939	0.0	3264
CP035466.1	CP001918.1	83.018	3645	575	36	236834	240460	4238765	4242383	0.0	3262
CP035466.1	CP001918.1	88.054	2754	317	9	3364009	3366754	1659814	1662563	0.0	3253
CP035466.1	CP001918.1	81.877	3879	668	29	1207096	1210959	23402	19544	0.0	3236
CP035466.1	CP001918.1	82.669	3687	600	30	1605398	1609060	340278	343949	0.0	3232
CP035466.1	CP001918.1	80.567	4271	758	61	2424612	2428840	1204852	1209092	0.0	3223
CP035466.1	CP001918.1	79.951	4469	822	64	4707444	4711875	3538437	3542868	0.0	3221
CP035466.1	CP001918.1	80.270	4364	784	63	3666718	3671039	4833044	4837372	0.0	3217
CP035466.1	CP001918.1	85.691	3082	388	40	4386558	4389615	1505152	1502100	0.0	3199
CP035466.1	CP001918.1	81.673	3885	675	30	21470	25341	4045429	4049289	0.0	3195
CP035466.1	CP001918.1	97.150	1895	44	7	1519962	1521850	1015455	1017345	0.0	3192
CP035466.1	CP001918.1	96.579	1929	55	8	1474911	1476834	5068015	5066093	0.0	3186
CP035466.1	CP001918.1	76.969	5753	1218	92	3680085	3685787	2275132	2269437	0.0	3184
CP035466.1	CP001918.1	96.947	1900	49	6	2259091	2260985	4790373	4788478	0.0	3179
CP035466.1	CP001918.1	82.232	3709	623	30	2873812	2877501	2946735	2943044	0.0	3166
CP035466.1	CP001918.1	93.067	2178	124	12	15403	17570	4039574	4041734	0.0	3160
CP035466.1	CP001918.1	96.788	1899	48	10	2259094	2260984	265133	267026	0.0	3157
CP035466.1	CP001918.1	85.447	3051	424	18	838023	841063	4850715	4853755	0.0	3157
CP035466.1	CP001918.1	84.288	3265	476	26	214977	218228	4217275	4220515	0.0	3153
CP035466.1	CP001918.1	78.903	4797	900	89	2077612	2082358	843929	848663	0.0	3149
CP035466.1	CP001918.1	96.543	1909	55	8	1295256	1297159	1015545	1017447	0.0	3149
CP035466.1	CP001918.1	78.952	4713	929	55	4899016	4903702	3815639	3820314	0.0	3149
CP035466.1	CP001918.1	96.728	1895	52	7	781766	783654	1017345	1015455	0.0	3147
CP035466.1	CP001918.1	96.681	1898	50	10	781766	783655	267026	265134	0.0	3144
CP035466.1	CP001918.1	96.628	1898	53	8	1855557	1857447	1015452	1017345	0.0	3140
CP035466.1	CP001918.1	96.425	1902	59	6	1855559	1857455	4790369	4788472	0.0	3127
CP035466.1	CP001918.1	96.104	1925	59	13	1295243	1297159	380698	382614	0.0	3125
CP035466.1	CP001918.1	83.209	3496	496	68	1720728	1724168	586412	589871	0.0	3120
CP035466.1	CP001918.1	96.419	1899	54	10	781766	783655	382512	380619	0.0	3118
CP035466.1	CP001918.1	76.309	6150	1272	153	4453033	4459069	1418044	1411967	0.0	3114
CP035466.1	CP001918.1	79.612	4434	826	63	2531100	2535499	1291690	1296079	0.0	3109
CP035466.1	CP001918.1	96.316	1900	55	11	1855558	1857447	380618	382512	0.0	3107
CP035466.1	CP001918.1	96.122	1908	61	9	1474932	1476831	1015545	1017447	0.0	3101
CP035466.1	CP001918.1	96.023	1911	62	9	2259187	2261091	5067995	5066093	0.0	3096
CP035466.1	CP001918.1	97.366	1822	40	6	1474911	1476728	5271428	5269611	0.0	3092
CP035466.1	CP001918.1	85.512	2968	413	16	5029113	5032071	3998646	4001605	0.0	3083
CP035466.1	CP001918.1	80.233	4209	738	78	123945	128109	4138572	4142730	0.0	3077
CP035466.1	CP001918.1	95.506	1936	70	13	1295233	1297162	5068017	5066093	0.0	3077
CP035466.1	CP001918.1	95.866	1911	62	13	1474932	1476831	380710	382614	0.0	3075
CP035466.1	CP001918.1	95.727	1919	60	17	2259187	2261091	5154538	5152628	0.0	3070
CP035466.1	CP001918.1	83.588	3333	473	56	5009101	5012408	3976947	3980230	0.0	3057
CP035466.1	CP001918.1	83.059	3400	542	28	105596	108979	4119894	4123275	0.0	3057
CP035466.1	CP001918.1	96.983	1823	46	6	1474911	1476728	4024055	4022237	0.0	3053
CP035466.1	CP001918.1	95.216	1944	68	21	1295233	1297162	5154560	5152628	0.0	3051
CP035466.1	CP001918.1	77.332	5329	1097	90	5045125	5050398	4001562	4006834	0.0	3046
CP035466.1	CP001918.1	82.640	3485	561	29	109339	112797	4125309	4128775	0.0	3044
CP035466.1	CP001918.1	80.318	4085	751	39	3173585	3177653	2284130	2280083	0.0	3040
CP035466.1	CP001918.1	79.210	4507	838	88	4917770	4922225	3831793	3836251	0.0	3040
CP035466.1	CP001918.1	80.558	4017	724	46	4743404	4747386	3582068	3586061	0.0	3038
CP035466.1	CP001918.1	84.737	3040	451	11	1516749	1519783	261989	265020	0.0	3031
CP035466.1	CP001918.1	80.560	3961	724	45	3815714	3819648	2701968	2705908	0.0	3007
CP035466.1	CP001918.1	92.340	2115	156	5	1659681	1661791	533189	535301	0.0	3003
CP035466.1	CP001918.1	80.968	3862	673	54	2290995	2294825	1098812	1102642	0.0	3003
CP035466.1	CP001918.1	96.448	1830	48	14	1386185	1388001	5154558	5152733	0.0	3003
CP035466.1	CP001918.1	81.715	3615	647	12	4961367	4964975	3876232	3879838	0.0	3001
CP035466.1	CP001918.1	96.569	1807	50	10	1295256	1297055	265225	267026	0.0	2983
CP035466.1	CP001918.1	96.370	1818	57	7	1295243	1297056	4790290	4788478	0.0	2983
CP035466.1	CP001918.1	96.227	1829	55	11	1295233	1297056	5271430	5269611	0.0	2983
CP035466.1	CP001918.1	80.305	4006	737	41	2815184	2819172	3014047	3010077	0.0	2979
CP035466.1	CP001918.1	85.554	2859	399	14	978275	981127	5021817	5024667	0.0	2979
CP035466.1	CP001918.1	82.063	3529	595	28	817165	820678	4823900	4827405	0.0	2976
CP035466.1	CP001918.1	78.578	4584	921	55	2837938	2842491	2996026	2991474	0.0	2968
CP035466.1	CP001918.1	85.190	2917	404	17	873829	876737	4880923	4883819	0.0	2968
CP035466.1	CP001918.1	96.399	1805	53	7	2259187	2260985	4024035	4022237	0.0	2963
CP035466.1	CP001918.1	85.051	2930	408	23	4948866	4951785	3868761	3871670	0.0	2957
CP035466.1	CP001918.1	96.341	1804	55	7	2259187	2260985	5271408	5269611	0.0	2955
CP035466.1	CP001918.1	85.143	2901	412	18	3317882	3320772	1612632	1615523	0.0	2952
CP035466.1	CP001918.1	81.159	3694	678	18	4109144	4112828	1867693	1864009	0.0	2950
CP035466.1	CP001918.1	79.636	4174	793	52	264022	268166	4265603	4269748	0.0	2946
CP035466.1	CP001918.1	96.231	1804	57	7	1386206	1388001	1015545	1017345	0.0	2944
CP035466.1	CP001918.1	95.847	1830	61	11	1295233	1297056	4024057	4022237	0.0	2944
CP035466.1	CP001918.1	96.179	1806	55	11	1386206	1388001	265225	267026	0.0	2940
CP035466.1	CP001918.1	96.124	1806	56	11	1474932	1476727	265225	267026	0.0	2935
CP035466.1	CP001918.1	96.024	1811	60	7	1855651	1857455	4024035	4022231	0.0	2935
CP035466.1	CP001918.1	96.120	1804	60	7	1474932	1476728	4790278	4788478	0.0	2935
CP035466.1	CP001918.1	96.120	1804	58	7	1520053	1521850	5067995	5066198	0.0	2933
CP035466.1	CP001918.1	95.967	1810	62	7	1855651	1857455	5271408	5269605	0.0	2928
CP035466.1	CP001918.1	95.960	1807	58	11	1386206	1388001	380710	382512	0.0	2918
CP035466.1	CP001918.1	84.509	2963	448	11	2914353	2917310	2874313	2871357	0.0	2918
CP035466.1	CP001918.1	95.953	1804	61	7	781766	783563	5066198	5067995	0.0	2916
CP035466.1	CP001918.1	82.844	3270	540	19	2276836	2280095	1084199	1087457	0.0	2911
CP035466.1	CP001918.1	95.806	1812	56	15	1520053	1521850	5154538	5152733	0.0	2907
CP035466.1	CP001918.1	87.759	2508	278	24	734391	736884	4733787	4736279	0.0	2904
CP035466.1	CP001918.1	95.843	1804	62	8	1855651	1857447	5067995	5066198	0.0	2904
CP035466.1	CP001918.1	81.795	3499	604	30	1217968	1221449	12598	9116	0.0	2902
CP035466.1	CP001918.1	80.172	3949	723	41	2346572	2350484	1107888	1103964	0.0	2900
CP035466.1	CP001918.1	76.492	5462	1200	73	251014	256435	4252731	4258148	0.0	2896
CP035466.1	CP001918.1	77.098	5183	1075	104	2097537	2102660	859144	864273	0.0	2892
CP035466.1	CP001918.1	82.697	3300	530	31	2711291	2714577	3109949	3106678	0.0	2892
CP035466.1	CP001918.1	95.640	1812	59	15	781766	783563	5152733	5154538	0.0	2891
CP035466.1	CP001918.1	77.250	5178	1016	139	155013	160110	4169098	4174193	0.0	2887
CP035466.1	CP001918.1	81.999	3422	595	16	452899	456310	4391369	4394779	0.0	2887
CP035466.1	CP001918.1	82.561	3303	551	20	1591451	1594739	332705	335996	0.0	2885
CP035466.1	CP001918.1	82.619	3291	544	20	1704568	1707848	569416	572688	0.0	2883
CP035466.1	CP001918.1	78.282	4609	912	66	4849528	4854100	3742975	3747530	0.0	2883
CP035466.1	CP001918.1	87.416	2519	304	9	1310716	1313229	5137773	5135263	0.0	2883
CP035466.1	CP001918.1	80.051	3950	735	46	2155567	2159493	909184	913103	0.0	2880
CP035466.1	CP001918.1	95.530	1812	60	16	1855651	1857447	5154538	5152733	0.0	2878
CP035466.1	CP001918.1	78.203	4597	933	54	2842580	2847140	2991464	2986901	0.0	2874
CP035466.1	CP001918.1	81.808	3452	598	28	3274595	3278031	2573177	2569741	0.0	2868
CP035466.1	CP001918.1	76.786	5277	1117	87	3237339	3242547	2621220	2615984	0.0	2859
CP035466.1	CP001918.1	80.637	3734	688	32	2936693	2940409	2835726	2832011	0.0	2857
CP035466.1	CP001918.1	78.584	4450	858	73	736906	741304	4736345	4740750	0.0	2850
CP035466.1	CP001918.1	79.990	3908	726	46	2403313	2407193	1188265	1192143	0.0	2833
CP035466.1	CP001918.1	82.882	3178	518	21	1112415	1115586	122709	119552	0.0	2832
CP035466.1	CP001918.1	79.348	4140	766	54	1444634	1448744	5184945	5180866	0.0	2826
CP035466.1	CP001918.1	84.280	2939	408	36	233827	236726	4235773	4238696	0.0	2819
CP035466.1	CP001918.1	77.287	5006	998	120	4263328	4268270	2494989	2499918	0.0	2817
CP035466.1	CP001918.1	81.645	3405	601	20	2724939	2728331	3096675	3093283	0.0	2804
CP035466.1	CP001918.1	83.639	2995	472	18	1757843	1760828	641585	644570	0.0	2800
CP035466.1	CP001918.1	83.007	3119	502	24	2717559	2720660	3103814	3100707	0.0	2798
CP035466.1	CP001918.1	82.494	3216	533	26	2521098	2524301	1281757	1284954	0.0	2793
CP035466.1	CP001918.1	79.307	4069	776	55	2651849	2655886	3173887	3169854	0.0	2789
CP035466.1	CP001918.1	79.241	4085	784	54	2429461	2433509	1209250	1213306	0.0	2787
CP035466.1	CP001918.1	77.851	4551	964	39	1324413	1328941	5127638	5123110	0.0	2780
CP035466.1	CP001918.1	81.745	3369	573	24	1356013	1359347	5097883	5094523	0.0	2776
CP035466.1	CP001918.1	80.942	3589	615	54	834450	837999	4847105	4850663	0.0	2774
CP035466.1	CP001918.1	76.541	5290	1107	109	3342766	3347984	1639156	1644382	0.0	2771
CP035466.1	CP001918.1	86.569	2524	322	15	1228658	1231174	2514	1	0.0	2767
CP035466.1	CP001918.1	85.840	2613	359	9	2948025	2950633	2823204	2820599	0.0	2765
CP035466.1	CP001918.1	80.596	3659	645	44	842661	846288	4855729	4859353	0.0	2763
CP035466.1	CP001918.1	82.028	3255	572	11	334355	337604	3077635	3080881	0.0	2758
CP035466.1	CP001918.1	82.063	3267	545	35	636269	639520	4611682	4614922	0.0	2748
CP035466.1	CP001918.1	77.164	4909	1000	96	2884724	2889564	2935126	2930271	0.0	2743
CP035466.1	CP001918.1	80.519	3619	661	39	3686889	3690486	2239980	2236385	0.0	2737
CP035466.1	CP001918.1	89.435	2177	215	9	2773400	2775562	3053321	3051146	0.0	2732
CP035466.1	CP001918.1	81.246	3418	603	35	2094022	2097420	855630	859028	0.0	2726
CP035466.1	CP001918.1	80.736	3561	629	40	4637324	4640846	3478737	3482278	0.0	2723
CP035466.1	CP001918.1	87.941	2322	264	15	27368	29679	4519625	4521940	0.0	2723
CP035466.1	CP001918.1	79.889	3774	711	37	3505938	3509683	3189473	3193226	0.0	2721
CP035466.1	CP001918.1	83.482	2924	473	10	4279961	4282879	2508908	2511826	0.0	2715
CP035466.1	CP001918.1	81.483	3359	576	31	551953	555278	4500110	4503455	0.0	2715
CP035466.1	CP001918.1	82.998	3035	480	32	4290019	4293033	2517709	2520727	0.0	2713
CP035466.1	CP001918.1	77.055	4938	993	110	4886676	4891547	3805423	3810286	0.0	2713
CP035466.1	CP001918.1	84.776	2726	385	27	1135709	1138424	5189844	5192549	0.0	2708
CP035466.1	CP001918.1	76.102	5398	1159	104	2191591	2196914	953522	958862	0.0	2700
CP035466.1	CP001918.1	79.899	3751	694	53	101588	105313	4115909	4119624	0.0	2695
CP035466.1	CP001918.1	84.109	2794	431	12	2546870	2549656	1308068	1310855	0.0	2687
CP035466.1	CP001918.1	84.837	2671	388	15	121109	123771	4135857	4138518	0.0	2673
CP035466.1	CP001918.1	79.353	3865	736	56	1346916	1350751	5107012	5103181	0.0	2660
CP035466.1	CP001918.1	79.881	3683	699	37	2187843	2191503	949848	953510	0.0	2658
CP035466.1	CP001918.1	79.361	3852	736	50	3973454	3977277	1646201	1650021	0.0	2654
CP035466.1	CP001918.1	82.420	3066	510	24	2524368	2527422	1285073	1288120	0.0	2649
CP035466.1	CP001918.1	79.271	3869	740	54	4794978	4798815	3682836	3686673	0.0	2645
CP035466.1	CP001918.1	88.315	2208	252	5	4831162	4833367	3720396	3722599	0.0	2643
CP035466.1	CP001918.1	81.521	3274	546	42	4213324	4216573	1752791	1749553	0.0	2639
CP035466.1	CP001918.1	84.461	2690	405	12	1260800	1263482	5305214	5302531	0.0	2639
CP035466.1	CP001918.1	84.355	2723	391	18	1084061	1086781	153360	150671	0.0	2636
CP035466.1	CP001918.1	83.409	2863	442	26	696522	699368	4676722	4679567	0.0	2625
CP035466.1	CP001918.1	79.711	3736	664	74	1214133	1217816	16385	12692	0.0	2614
CP035466.1	CP001918.1	79.517	3725	721	37	2668826	2672531	3157070	3153369	0.0	2614
CP035466.1	CP001918.1	80.129	3558	657	43	2374645	2378179	1157049	1160579	0.0	2608
CP035466.1	CP001918.1	77.902	4385	832	102	1339765	1344074	5114142	5109820	0.0	2603
CP035466.1	CP001918.1	93.642	1730	106	4	51832	53559	4546796	4548523	0.0	2582
CP035466.1	CP001918.1	79.112	3873	714	72	645164	648996	4620328	4624145	0.0	2582
CP035466.1	CP001918.1	85.343	2504	358	8	1344172	1346672	5109709	5107212	0.0	2582
CP035466.1	CP001918.1	84.120	2670	420	4	3252668	3255335	2594806	2592139	0.0	2579
CP035466.1	CP001918.1	89.633	2045	184	21	1322170	1324196	5129891	5127857	0.0	2577
CP035466.1	CP001918.1	79.532	3718	680	63	186494	190177	4185745	4189415	0.0	2575
CP035466.1	CP001918.1	79.431	3690	716	38	3349956	3353622	1924793	1921124	0.0	2569
CP035466.1	CP001918.1	87.907	2183	252	7	419694	421874	4359268	4361440	0.0	2558
CP035466.1	CP001918.1	86.675	2334	272	33	3433399	3435713	2410720	2408407	0.0	2551
CP035466.1	CP001918.1	81.266	3192	561	27	4942243	4945422	3857593	3860759	0.0	2547
CP035466.1	CP001918.1	84.988	2518	361	16	3415588	3418099	2444356	2441850	0.0	2540
CP035466.1	CP001918.1	76.920	4597	980	68	4026665	4031223	2064366	2068919	0.0	2536
CP035466.1	CP001918.1	81.509	3142	522	51	1610005	1613128	345328	348428	0.0	2529
CP035466.1	CP001918.1	79.880	3494	668	30	3419792	3423268	2436214	2432739	0.0	2525
CP035466.1	CP001918.1	83.542	2710	428	16	3010856	3013557	2750561	2747862	0.0	2518
CP035466.1	CP001918.1	80.325	3385	616	39	4474408	4477758	1391126	1387758	0.0	2516
CP035466.1	CP001918.1	79.758	3552	652	53	972268	975786	5017695	5021212	0.0	2514
CP035466.1	CP001918.1	86.219	2322	316	4	3857746	3860065	1562596	1560277	0.0	2512
CP035466.1	CP001918.1	80.896	3214	576	36	2510882	2514076	1271603	1274797	0.0	2499
CP035466.1	CP001918.1	84.528	2540	374	19	1755181	1757710	638995	641525	0.0	2495
CP035466.1	CP001918.1	82.944	2779	460	14	1125128	1127900	111953	109183	0.0	2494
CP035466.1	CP001918.1	82.389	2913	462	32	445061	447957	4384790	4387667	0.0	2490
CP035466.1	CP001918.1	79.765	3484	662	36	2120657	2124128	874757	878209	0.0	2488
CP035466.1	CP001918.1	80.780	3231	578	31	1395923	1399126	5261792	5258578	0.0	2486
CP035466.1	CP001918.1	80.787	3201	593	18	3278329	3281519	2568302	2565114	0.0	2484
CP035466.1	CP001918.1	80.340	3357	596	48	1366450	1369782	5087716	5084400	0.0	2484
CP035466.1	CP001918.1	82.154	2925	491	22	145108	148013	4159598	4162510	0.0	2481
CP035466.1	CP001918.1	80.088	3400	626	42	515000	518367	4440317	4443697	0.0	2481
CP035466.1	CP001918.1	76.722	4631	969	90	3615138	3619713	2333181	2328605	0.0	2479
CP035466.1	CP001918.1	80.463	3327	580	54	3265574	3268870	2579592	2576306	0.0	2479
CP035466.1	CP001918.1	85.702	2385	300	35	440828	443182	4380609	4382982	0.0	2477
CP035466.1	CP001918.1	77.738	4191	830	87	1033539	1037684	222580	218448	0.0	2475
CP035466.1	CP001918.1	87.018	2203	268	10	1925662	1927860	743278	745466	0.0	2468
CP035466.1	CP001918.1	80.457	3285	597	40	4373620	4376884	1517980	1514721	0.0	2468
CP035466.1	CP001918.1	84.494	2528	356	24	1749329	1751827	633380	635900	0.0	2464
CP035466.1	CP001918.1	81.277	3055	545	21	2005166	2008202	812426	815471	0.0	2447
CP035466.1	CP001918.1	77.756	4100	827	69	276279	280338	4280504	4284558	0.0	2440
CP035466.1	CP001918.1	76.814	4494	937	89	2201583	2206024	963296	967736	0.0	2429
CP035466.1	CP001918.1	85.178	2422	299	43	5002275	5004669	3970233	3972621	0.0	2429
CP035466.1	CP001918.1	80.133	3302	606	43	4931851	4935128	3847507	3850782	0.0	2418
CP035466.1	CP001918.1	75.168	5509	1174	153	2646310	2651745	3179383	3173996	0.0	2416
CP035466.1	CP001918.1	77.029	4362	905	80	2986670	2990989	2784980	2780674	0.0	2414
CP035466.1	CP001918.1	76.585	4591	957	107	4798963	4803494	3686815	3691346	0.0	2414
CP035466.1	CP001918.1	86.786	2172	276	9	1910937	1913101	739817	741984	0.0	2410
CP035466.1	CP001918.1	82.287	2834	457	37	130355	133171	4144874	4147679	0.0	2410
CP035466.1	CP001918.1	83.677	2567	406	11	177232	179791	4183065	4185625	0.0	2407
CP035466.1	CP001918.1	80.557	3194	564	45	2821861	2825025	3009311	3006146	0.0	2405
CP035466.1	CP001918.1	84.084	2488	391	5	1555513	1557998	298762	301246	0.0	2396
CP035466.1	CP001918.1	85.614	2280	320	7	528117	530392	4453281	4455556	0.0	2386
CP035466.1	CP001918.1	79.103	3522	689	43	3161570	3165067	3242315	3238817	0.0	2383
CP035466.1	CP001918.1	86.434	2182	282	9	1764772	1766946	648948	651122	0.0	2377
CP035466.1	CP001918.1	86.418	2172	292	3	4844140	4846308	3737633	3739804	0.0	2374
CP035466.1	CP001918.1	83.418	2563	413	11	4704783	4707339	3535811	3538367	0.0	2368
CP035466.1	CP001918.1	79.553	3404	629	52	4343477	4346851	4629662	4633027	0.0	2368
CP035466.1	CP001918.1	78.845	3602	687	57	2183766	2187339	938527	942081	0.0	2361
CP035466.1	CP001918.1	81.979	2819	472	34	3007846	3010645	2763909	2761108	0.0	2359
CP035466.1	CP001918.1	86.872	2110	267	9	3080412	3082515	2542361	2544466	0.0	2353
CP035466.1	CP001918.1	79.214	3459	656	57	4207922	4211349	1758341	1754915	0.0	2346
CP035466.1	CP001918.1	79.932	3239	612	34	270704	273923	4271396	4274615	0.0	2346
CP035466.1	CP001918.1	81.700	2847	490	27	889420	892252	4895800	4898629	0.0	2342
CP035466.1	CP001918.1	77.531	4001	820	63	858217	862176	4869550	4873512	0.0	2335
CP035466.1	CP001918.1	85.151	2283	334	5	981231	983511	5024811	5027090	0.0	2333
CP035466.1	CP001918.1	85.505	2256	299	19	2468195	2470444	1226226	1228459	0.0	2329
CP035466.1	CP001918.1	78.970	3514	666	49	3575302	3578774	2383782	2380301	0.0	2327
CP035466.1	CP001918.1	79.858	3237	604	39	2407256	2410472	1192166	1195374	0.0	2322
CP035466.1	CP001918.1	82.643	2679	408	42	4904066	4906723	3820582	3823224	0.0	2318
CP035466.1	CP001918.1	83.746	2461	384	13	2197213	2199665	958934	961386	0.0	2314
CP035466.1	CP001918.1	84.488	2353	355	7	5026735	5029079	3996293	3998643	0.0	2314
CP035466.1	CP001918.1	85.918	2173	290	15	864246	866411	4878656	4880819	0.0	2303
CP035466.1	CP001918.1	79.083	3404	661	46	3209655	3213036	2657456	2654082	0.0	2294
CP035466.1	CP001918.1	84.665	2315	335	18	4922304	4924608	3836351	3838655	0.0	2290
CP035466.1	CP001918.1	81.997	2744	448	32	3003478	3006201	2768260	2765543	0.0	2289
CP035466.1	CP001918.1	78.401	3602	720	48	4879678	4883262	3798498	3802058	0.0	2289
CP035466.1	CP001918.1	79.659	3230	609	42	3597780	3600986	2359791	2356587	0.0	2281
CP035466.1	CP001918.1	77.410	3962	809	66	1408871	1412781	5237921	5233995	0.0	2279
CP035466.1	CP001918.1	80.045	3107	593	27	1369871	1372965	5084299	5081208	0.0	2278
CP035466.1	CP001918.1	78.296	3603	718	58	3513939	3517508	2456296	2452725	0.0	2263
CP035466.1	CP001918.1	80.297	3101	519	66	4846418	4849471	3739909	3742964	0.0	2257
CP035466.1	CP001918.1	80.125	3044	580	23	2074467	2077497	840890	843921	0.0	2246
CP035466.1	CP001918.1	80.652	2946	522	37	3882681	3885609	3497170	3500084	0.0	2239
CP035466.1	CP001918.1	87.327	1949	247	0	4295189	4297137	2527773	2529721	0.0	2231
CP035466.1	CP001918.1	83.770	2366	366	13	2372167	2374528	1135574	1137925	0.0	2226
CP035466.1	CP001918.1	78.523	3520	662	82	3042827	3046297	2718240	2714766	0.0	2226
CP035466.1	CP001918.1	80.925	2831	515	24	877119	879938	4884114	4886930	0.0	2213
CP035466.1	CP001918.1	83.069	2457	382	27	2826955	2829394	3003369	3000930	0.0	2202
CP035466.1	CP001918.1	83.957	2300	365	4	4680387	4682684	3521305	3523602	0.0	2200
CP035466.1	CP001918.1	80.408	2940	535	30	2574044	2576967	4107452	4110366	0.0	2200
CP035466.1	CP001918.1	81.417	2696	492	9	4193067	4195757	1782851	1780160	0.0	2194
CP035466.1	CP001918.1	81.784	2668	443	37	4855668	4858314	3749102	3751747	0.0	2194
CP035466.1	CP001918.1	85.221	2145	287	25	1026647	1028775	229196	227066	0.0	2178
CP035466.1	CP001918.1	79.304	3218	583	67	4379975	4383140	1511758	1508572	0.0	2176
CP035466.1	CP001918.1	81.978	2619	420	34	2693574	2696168	3124290	3121700	0.0	2174
CP035466.1	CP001918.1	85.056	2148	305	14	523450	525589	4447078	4449217	0.0	2174
CP035466.1	CP001918.1	78.246	3443	693	52	1004393	1007805	5042808	5046224	0.0	2158
CP035466.1	CP001918.1	82.469	2487	411	17	4428891	4431357	1465318	1462837	0.0	2154
CP035466.1	CP001918.1	77.649	3633	746	59	2944334	2947935	2826837	2823240	0.0	2150
CP035466.1	CP001918.1	80.102	2945	541	37	3653632	3656557	3308457	3305539	0.0	2150
CP035466.1	CP001918.1	79.807	3011	560	41	230509	233496	4232459	4235444	0.0	2148
CP035466.1	CP001918.1	83.478	2306	369	12	385014	387313	4335781	4338080	0.0	2137
CP035466.1	CP001918.1	75.496	4534	1016	87	3726954	3731442	2039097	2034614	0.0	2130
CP035466.1	CP001918.1	81.702	2585	442	22	4377066	4379633	1514619	1512049	0.0	2124
CP035466.1	CP001918.1	79.261	3168	560	75	846938	850050	4860021	4863146	0.0	2121
CP035466.1	CP001918.1	74.886	5057	1070	152	139945	144898	4154482	4159441	0.0	2119
CP035466.1	CP001918.1	76.184	4140	913	58	4073171	4077276	2137761	2141861	0.0	2115
CP035466.1	CP001918.1	85.394	2054	280	16	1781318	1783365	662988	665027	0.0	2113
CP035466.1	CP001918.1	80.355	2871	494	59	402094	404925	4348996	4351835	0.0	2113
CP035466.1	CP001918.1	81.617	2573	452	20	2618849	2621412	3217031	3214471	0.0	2111
CP035466.1	CP001918.1	79.208	3107	582	54	4945516	4948589	3860920	3863995	0.0	2100
CP035466.1	CP001918.1	77.881	3445	714	42	2799569	2802989	3022414	3018994	0.0	2097
CP035466.1	CP001918.1	79.288	3061	585	43	3214801	3217843	2650711	2647682	0.0	2095
CP035466.1	CP001918.1	80.364	2801	509	37	1178601	1181381	51108	48329	0.0	2087
CP035466.1	CP001918.1	84.778	2076	308	8	1148051	1150122	104238	102167	0.0	2076
CP035466.1	CP001918.1	88.603	1711	185	5	3255405	3257109	2592124	2590418	0.0	2071
CP035466.1	CP001918.1	88.178	1734	197	8	1549374	1551103	287296	289025	0.0	2060
CP035466.1	CP001918.1	86.883	1845	231	11	3246521	3248361	2600566	2598729	0.0	2056
CP035466.1	CP001918.1	83.726	2163	344	8	3533627	3535785	345328	347486	0.0	2037
CP035466.1	CP001918.1	82.932	2285	362	21	1197016	1199284	34463	32191	0.0	2034
CP035466.1	CP001918.1	89.133	1638	171	6	1702294	1703930	567167	568798	0.0	2032
CP035466.1	CP001918.1	91.838	1458	116	3	770432	771888	4770360	4771815	0.0	2030
CP035466.1	CP001918.1	86.240	1875	255	3	907313	909185	4915009	4916882	0.0	2030
CP035466.1	CP001918.1	82.783	2300	354	24	1724777	1727053	590477	592757	0.0	2015
CP035466.1	CP001918.1	82.545	2303	390	10	4340932	4343228	4627135	4629431	0.0	2015
CP035466.1	CP001918.1	85.073	1983	288	8	1265048	1267026	5301053	5299075	0.0	2015
CP035466.1	CP001918.1	82.561	2288	392	5	1014884	1017169	5053295	5055577	0.0	2008
CP035466.1	CP001918.1	76.443	3812	824	68	3956092	3959864	5231416	5227640	0.0	1997
CP035466.1	CP001918.1	81.502	2476	415	33	2714944	2717405	3106337	3103891	0.0	1995
CP035466.1	CP001918.1	84.547	2019	306	6	1314151	1316166	5134806	5132791	0.0	1995
CP035466.1	CP001918.1	76.699	3781	764	106	3619845	3623567	2328480	2324759	0.0	1993
CP035466.1	CP001918.1	76.490	3858	789	98	4924664	4928455	3838662	3842467	0.0	1991
CP035466.1	CP001918.1	80.512	2617	478	30	2246295	2248896	1002690	1005289	0.0	1978
CP035466.1	CP001918.1	82.531	2284	366	22	2743423	2745701	3083251	3080996	0.0	1977
CP035466.1	CP001918.1	86.175	1830	245	7	4554494	4556318	1331409	1329583	0.0	1971
CP035466.1	CP001918.1	81.957	2361	386	29	3591472	3593816	2365932	2363596	0.0	1964
CP035466.1	CP001918.1	77.632	3344	672	58	4768201	4771509	3603812	3607114	0.0	1962
CP035466.1	CP001918.1	84.465	1989	306	3	1752541	1754527	636026	638013	0.0	1958
CP035466.1	CP001918.1	78.092	3145	650	35	4009090	4012213	1879890	1876764	0.0	1954
CP035466.1	CP001918.1	84.515	2002	280	19	1337358	1339338	5116635	5114643	0.0	1953
CP035466.1	CP001918.1	81.250	2448	427	25	996763	999198	5034406	5036833	0.0	1949
CP035466.1	CP001918.1	80.401	2592	480	25	939277	941855	4948809	4951385	0.0	1947
CP035466.1	CP001918.1	83.460	2104	334	13	4135070	4137167	1821529	1819434	0.0	1945
CP035466.1	CP001918.1	76.291	3775	819	65	3088572	3092304	1967458	1963718	0.0	1943
CP035466.1	CP001918.1	85.036	1918	272	12	2907295	2909208	2881426	2879520	0.0	1938
CP035466.1	CP001918.1	81.979	2314	389	18	5024389	5026694	3993925	3996218	0.0	1938
CP035466.1	CP001918.1	81.176	2433	421	32	4565545	4567957	3394906	3397321	0.0	1921
CP035466.1	CP001918.1	79.323	2805	529	39	2544058	2546848	1304636	1307403	0.0	1919
CP035466.1	CP001918.1	81.598	2353	397	28	2571541	2573883	4103504	4105830	0.0	1914
CP035466.1	CP001918.1	82.963	2113	357	3	4560538	4562648	1916728	1914617	0.0	1905
CP035466.1	CP001918.1	80.384	2554	461	34	748690	751222	4748771	4751305	0.0	1905
CP035466.1	CP001918.1	76.063	3810	806	93	1414763	1418522	1937489	1933736	0.0	1886
CP035466.1	CP001918.1	76.063	3739	821	60	1846169	1849879	2002258	1998566	0.0	1879
CP035466.1	CP001918.1	77.955	3080	624	49	4286832	4289885	2514544	2517594	0.0	1875
CP035466.1	CP001918.1	79.047	2749	562	13	4449414	4452155	1444966	1442225	0.0	1873
CP035466.1	CP001918.1	79.784	2592	511	11	852753	855339	4865718	4868301	0.0	1871
CP035466.1	CP001918.1	81.437	2338	389	31	1425726	1428031	5214942	5212618	0.0	1871
CP035466.1	CP001918.1	76.900	3407	720	56	2365094	2368473	1131999	1135365	0.0	1869
CP035466.1	CP001918.1	79.655	2664	489	42	1711986	1714616	578931	581574	0.0	1868
CP035466.1	CP001918.1	80.471	2463	463	13	2979036	2981492	2792604	2790154	0.0	1868
CP035466.1	CP001918.1	95.025	1186	59	0	809637	810822	236352	235167	0.0	1864
CP035466.1	CP001918.1	79.694	2615	502	24	1896227	1898828	727640	730238	0.0	1860
CP035466.1	CP001918.1	75.897	3792	816	83	1391857	1395606	5265888	5262153	0.0	1849
CP035466.1	CP001918.1	83.254	2090	271	55	3031360	3033420	2730106	2728067	0.0	1847
CP035466.1	CP001918.1	81.065	2366	402	34	3315483	3317819	1609108	1611456	0.0	1845
CP035466.1	CP001918.1	94.693	1187	61	2	1484698	1485882	4817536	4816350	0.0	1842
CP035466.1	CP001918.1	82.012	2207	356	20	2682900	2685095	3137518	3135342	0.0	1838
CP035466.1	CP001918.1	80.632	2406	437	21	4047164	4049548	2090617	2093014	0.0	1834
CP035466.1	CP001918.1	81.633	2205	400	5	4839076	4841278	3732618	3734819	0.0	1823
CP035466.1	CP001918.1	80.466	2406	446	20	1792385	1794777	4710906	4708512	0.0	1818
CP035466.1	CP001918.1	84.972	1790	262	6	4447584	4449368	1446755	1444968	0.0	1808
CP035466.1	CP001918.1	81.835	2169	377	12	1253705	1255867	5308161	5306004	0.0	1807
CP035466.1	CP001918.1	77.592	3106	614	72	1760913	1763985	644712	647768	0.0	1805
CP035466.1	CP001918.1	79.021	2698	518	42	2866395	2869073	2954390	2951722	0.0	1803
CP035466.1	CP001918.1	82.987	2022	315	26	820732	822738	4827420	4829427	0.0	1801
CP035466.1	CP001918.1	81.946	2138	373	12	2848854	2850984	2981713	2979582	0.0	1797
CP035466.1	CP001918.1	82.105	2157	335	31	2643914	2646034	3181656	3179515	0.0	1797
CP035466.1	CP001918.1	81.681	2189	371	21	4370022	4372194	1521397	1519223	0.0	1794
CP035466.1	CP001918.1	80.297	2426	424	37	1400089	1402481	5257656	5255252	0.0	1783
CP035466.1	CP001918.1	79.149	2609	517	24	1107321	1109915	127622	125027	0.0	1779
CP035466.1	CP001918.1	80.191	2403	446	23	1211078	1213465	19501	17114	0.0	1773
CP035466.1	CP001918.1	85.587	1686	242	1	2723199	2724883	3098385	3096700	0.0	1766
CP035466.1	CP001918.1	79.502	2532	479	32	4248319	4250837	2478053	2480557	0.0	1764
CP035466.1	CP001918.1	76.220	3444	743	71	3637634	3641034	2310432	2307022	0.0	1753
CP035466.1	CP001918.1	78.524	2696	554	17	2786672	2789361	3035214	3032538	0.0	1748
CP035466.1	CP001918.1	85.714	1652	228	7	2872005	2873654	2948443	2946798	0.0	1736
CP035466.1	CP001918.1	84.199	1810	263	19	4894447	4896248	3813178	3814972	0.0	1736
CP035466.1	CP001918.1	78.239	2771	543	53	2740630	2743373	3085995	3083258	0.0	1722
CP035466.1	CP001918.1	79.465	2469	473	26	2070705	2073153	837796	840250	0.0	1720
CP035466.1	CP001918.1	74.316	4279	988	94	3578874	3583098	2378521	2374300	0.0	1711
CP035466.1	CP001918.1	75.071	3891	859	87	4787062	4790880	3626753	3630604	0.0	1709
CP035466.1	CP001918.1	79.761	2426	433	45	1784038	1786446	678735	681119	0.0	1707
CP035466.1	CP001918.1	77.832	2860	567	49	4868796	4871636	3762225	3765036	0.0	1707
CP035466.1	CP001918.1	84.101	1780	270	13	862373	864146	4875471	4877243	0.0	1707
CP035466.1	CP001918.1	77.211	2997	627	42	665073	668030	4647383	4650362	0.0	1700
CP035466.1	CP001918.1	82.443	1965	312	19	541214	543170	4478534	4480473	0.0	1687
CP035466.1	CP001918.1	80.290	2273	410	30	518456	520711	4443757	4446008	0.0	1681
CP035466.1	CP001918.1	86.247	1556	201	10	557807	559355	4513379	4514928	0.0	1676
CP035466.1	CP001918.1	81.783	2053	325	42	4983714	4985733	3943338	3945374	0.0	1674
CP035466.1	CP001918.1	86.060	1571	197	18	443261	444818	4383029	4384590	0.0	1668
CP035466.1	CP001918.1	80.782	2149	394	19	466020	468159	4412404	4414542	0.0	1663
CP035466.1	CP001918.1	85.925	1556	219	0	1790709	1792264	4712459	4710904	0.0	1661
CP035466.1	CP001918.1	77.778	2790	554	53	219708	222461	4221858	4224617	0.0	1657
CP035466.1	CP001918.1	81.669	2013	337	27	892281	894279	4898713	4900707	0.0	1644
CP035466.1	CP001918.1	75.094	3742	817	94	2862683	2866356	2962407	2958713	0.0	1640
CP035466.1	CP001918.1	80.959	2085	381	14	914161	916238	4920806	4922881	0.0	1637
CP035466.1	CP001918.1	78.346	2600	510	43	2384039	2386617	1169504	1172071	0.0	1633
CP035466.1	CP001918.1	78.806	2463	495	24	4157702	4160153	1811571	1809125	0.0	1631
CP035466.1	CP001918.1	74.863	3823	848	92	4040491	4044261	2074576	2078337	0.0	1631
CP035466.1	CP001918.1	81.412	2012	359	14	4200367	4202371	1769122	1767119	0.0	1629
CP035466.1	CP001918.1	79.433	2363	440	37	1127956	1130299	5192680	5195015	0.0	1629
CP035466.1	CP001918.1	77.852	2682	552	33	4255564	4258227	2485327	2487984	0.0	1624
CP035466.1	CP001918.1	79.558	2309	434	35	2672553	2674842	3147751	3145462	0.0	1615
CP035466.1	CP001918.1	81.457	1990	348	17	669435	671411	4651821	4653802	0.0	1611
CP035466.1	CP001918.1	77.362	2805	575	51	1955780	1958548	756979	759759	0.0	1607
CP035466.1	CP001918.1	76.591	3033	643	63	1068760	1071760	172377	169380	0.0	1605
CP035466.1	CP001918.1	78.742	2465	476	45	3336841	3339281	1633405	1635845	0.0	1605
CP035466.1	CP001918.1	85.221	1563	227	4	2569899	2571459	4327683	4326123	0.0	1604
CP035466.1	CP001918.1	82.717	1811	304	9	2976476	2978281	2795333	2793527	0.0	1602
CP035466.1	CP001918.1	77.861	2656	533	50	1200046	1202676	29912	27287	0.0	1596
CP035466.1	CP001918.1	84.151	1672	239	17	2173752	2175418	930602	932252	0.0	1596
CP035466.1	CP001918.1	80.074	2163	410	18	3843826	3845979	1576005	1573855	0.0	1587
CP035466.1	CP001918.1	87.964	1346	158	4	3299607	3300950	2546759	2545416	0.0	1585
CP035466.1	CP001918.1	79.973	2212	388	40	1060901	1063089	196167	193988	0.0	1580
CP035466.1	CP001918.1	80.854	2037	359	24	709445	711459	4691092	4693119	0.0	1572
CP035466.1	CP001918.1	83.961	1646	257	6	2280189	2281832	1087505	1089145	0.0	1570
CP035466.1	CP001918.1	84.557	1593	237	8	4717537	4719125	3547237	3548824	0.0	1570
CP035466.1	CP001918.1	83.721	1677	255	14	894309	895977	4900782	4902448	0.0	1568
CP035466.1	CP001918.1	81.575	1905	344	7	2466069	2467969	1224176	1226077	0.0	1567
CP035466.1	CP001918.1	77.011	2810	594	47	1037798	1040582	218307	215525	0.0	1563
CP035466.1	CP001918.1	87.064	1376	176	2	2893572	2894947	2926673	2925300	0.0	1554
CP035466.1	CP001918.1	79.353	2257	430	14	525697	527947	4450907	4453133	0.0	1554
CP035466.1	CP001918.1	79.494	2214	421	30	3694584	3696778	2233747	2231548	0.0	1543
CP035466.1	CP001918.1	84.856	1532	222	9	331673	333200	3935055	3936580	0.0	1535
CP035466.1	CP001918.1	73.889	4186	936	130	5004793	5008895	3972758	3976869	0.0	1530
CP035466.1	CP001918.1	81.247	1909	341	17	910596	912494	4918102	4920003	0.0	1526
CP035466.1	CP001918.1	75.885	3164	662	85	2895712	2898830	2924563	2921456	0.0	1522
CP035466.1	CP001918.1	78.917	2253	461	13	4096867	4099113	2201218	2203462	0.0	1517
CP035466.1	CP001918.1	86.010	1401	193	3	2857449	2858847	2968107	2966708	0.0	1498
CP035466.1	CP001918.1	85.130	1466	211	6	605309	606770	4579175	4580637	0.0	1493
CP035466.1	CP001918.1	81.250	1840	335	10	2891313	2893147	2928570	2926736	0.0	1478
CP035466.1	CP001918.1	84.715	1472	225	0	2433703	2435174	1213459	1214930	0.0	1472
CP035466.1	CP001918.1	79.278	2133	422	15	3375104	3377226	1670887	1673009	0.0	1472
CP035466.1	CP001918.1	76.138	2900	636	52	2757405	2760276	3066780	3063909	0.0	1471
CP035466.1	CP001918.1	85.531	1403	193	10	4780843	4782240	3616433	3617830	0.0	1458
CP035466.1	CP001918.1	82.287	1705	282	19	4940468	4942164	3855854	3857546	0.0	1458
CP035466.1	CP001918.1	79.341	2125	400	33	1620623	1622729	362020	364123	0.0	1456
CP035466.1	CP001918.1	75.699	3074	658	66	531982	535020	4456190	4459209	0.0	1456
CP035466.1	CP001918.1	84.410	1501	213	19	1434092	1435585	5206533	5205047	0.0	1456
CP035466.1	CP001918.1	82.270	1692	290	8	652624	654312	4635178	4636862	0.0	1454
CP035466.1	CP001918.1	77.755	2486	466	73	3357146	3359585	1652968	1655412	0.0	1447
CP035466.1	CP001918.1	85.081	1421	202	8	1465402	1466817	5164127	5162712	0.0	1441
CP035466.1	CP001918.1	76.920	2604	556	39	4284122	4286700	2511905	2514488	0.0	1437
CP035466.1	CP001918.1	81.647	1749	301	14	2488029	2489766	1246209	1247948	0.0	1434
CP035466.1	CP001918.1	74.217	3766	818	129	2614524	2618216	3221325	3217640	0.0	1434
CP035466.1	CP001918.1	83.707	1516	241	6	1629023	1630535	377926	379438	0.0	1426
CP035466.1	CP001918.1	82.667	1627	264	17	1673361	1674979	538247	539863	0.0	1426
CP035466.1	CP001918.1	78.581	2241	423	50	1993252	1995462	799998	802211	0.0	1426
CP035466.1	CP001918.1	81.974	1692	295	10	3928606	3930292	1946053	1944367	0.0	1426
CP035466.1	CP001918.1	76.587	2725	556	58	4243632	4246315	1678269	1675586	0.0	1423
CP035466.1	CP001918.1	78.889	2160	399	44	3612711	3614839	2335680	2333547	0.0	1410
CP035466.1	CP001918.1	80.903	1817	316	28	2733742	2735545	3087905	3086107	0.0	1404
CP035466.1	CP001918.1	79.491	2004	388	19	3413401	3415393	2446552	2444561	0.0	1402
CP035466.1	CP001918.1	75.072	3133	714	61	774077	777174	1269340	1266240	0.0	1397
CP035466.1	CP001918.1	81.749	1704	279	17	1687354	1689039	553431	555120	0.0	1395
CP035466.1	CP001918.1	81.168	1763	308	21	4953476	4955224	3874290	3876042	0.0	1395
CP035466.1	CP001918.1	78.089	2250	460	27	1639557	1641788	4430350	4428116	0.0	1393
CP035466.1	CP001918.1	86.410	1273	171	2	639639	640910	4615056	4616327	0.0	1391
CP035466.1	CP001918.1	78.809	2133	402	41	4253346	4255454	2483102	2485208	0.0	1389
CP035466.1	CP001918.1	75.413	3026	659	77	2676829	2679812	3142956	3139974	0.0	1387
CP035466.1	CP001918.1	78.189	2242	433	43	5012851	5015049	3980312	3982540	0.0	1380
CP035466.1	CP001918.1	79.089	2042	395	29	4623340	4625369	3451568	3453589	0.0	1376
CP035466.1	CP001918.1	84.599	1396	200	13	2847226	2848616	2986866	2985481	0.0	1373
CP035466.1	CP001918.1	76.291	2712	556	65	4160263	4162939	1795019	1792360	0.0	1365
CP035466.1	CP001918.1	85.086	1341	196	3	1320623	1321961	5131239	5129901	0.0	1365
CP035466.1	CP001918.1	78.674	2082	418	24	3489472	3491540	2423232	2421164	0.0	1362
CP035466.1	CP001918.1	84.233	1408	210	12	1985616	1987015	790326	791729	0.0	1360
CP035466.1	CP001918.1	81.885	1623	284	8	3618067	3619684	3310469	3312086	0.0	1360
CP035466.1	CP001918.1	78.223	2172	440	26	4701641	4703795	3532422	3534577	0.0	1360
CP035466.1	CP001918.1	76.381	2697	538	80	935172	937836	4942133	4944762	0.0	1360
CP035466.1	CP001918.1	83.101	1509	237	15	285762	287263	4290853	4292350	0.0	1358
CP035466.1	CP001918.1	78.720	2063	409	26	160245	162291	4174247	4176295	0.0	1351
CP035466.1	CP001918.1	77.763	2262	457	38	4752769	4755009	3589180	3591416	0.0	1349
CP035466.1	CP001918.1	84.786	1354	193	8	882857	884203	4889409	4890756	0.0	1347
CP035466.1	CP001918.1	83.612	1434	231	4	1139997	1141428	107790	106359	0.0	1343
CP035466.1	CP001918.1	85.872	1267	173	6	1130563	1131826	5195279	5196542	0.0	1343
CP035466.1	CP001918.1	83.174	1462	238	8	2889797	2891254	2930042	2928585	0.0	1330
CP035466.1	CP001918.1	83.049	1463	246	2	3993613	3995074	1899320	1897859	0.0	1327
CP035466.1	CP001918.1	84.732	1323	202	0	4783454	4784776	3623195	3624517	0.0	1325
CP035466.1	CP001918.1	83.698	1417	218	12	1234260	1235670	5311550	5310141	0.0	1325
CP035466.1	CP001918.1	81.010	1664	306	9	4682928	4684586	3523834	3525492	0.0	1314
CP035466.1	CP001918.1	74.641	3135	717	61	2505513	2508608	4779587	4776492	0.0	1314
CP035466.1	CP001918.1	81.358	1620	294	7	3649981	3651596	2328636	2330251	0.0	1312
CP035466.1	CP001918.1	78.776	2026	376	45	4715263	4717263	3545043	3547039	0.0	1310
CP035466.1	CP001918.1	87.217	1150	141	5	1263597	1264742	5302414	5301267	0.0	1304
CP035466.1	CP001918.1	78.702	1972	400	18	4012555	4014516	1876407	1874446	0.0	1297
CP035466.1	CP001918.1	78.233	2049	429	17	4036016	4038056	2072470	2074509	0.0	1297
CP035466.1	CP001918.1	82.440	1492	252	8	4563294	4564781	3392626	3394111	0.0	1295
CP035466.1	CP001918.1	80.382	1728	318	16	1530251	1531968	274616	276332	0.0	1293
CP035466.1	CP001918.1	84.354	1323	203	3	4823899	4825219	3713123	3714443	0.0	1293
CP035466.1	CP001918.1	82.837	1445	244	4	4951872	4953314	3871788	3873230	0.0	1291
CP035466.1	CP001918.1	86.775	1172	137	14	1110939	1112099	124187	123023	0.0	1290
CP035466.1	CP001918.1	81.943	1534	263	13	394974	396501	4341971	4343496	0.0	1286
CP035466.1	CP001918.1	81.254	1659	250	48	4766264	4767902	3601903	3603520	0.0	1284
CP035466.1	CP001918.1	76.977	2289	493	29	3902028	3904300	5175176	5172906	0.0	1277
CP035466.1	CP001918.1	78.133	2035	423	19	2630438	2632465	2150920	2148901	0.0	1273
CP035466.1	CP001918.1	82.970	1421	225	15	3249990	3251402	2597304	2595893	0.0	1267
CP035466.1	CP001918.1	84.043	1316	204	6	4878148	4879460	3796961	3798273	0.0	1262
CP035466.1	CP001918.1	75.707	2688	560	75	288613	291264	4296760	4299390	0.0	1260
CP035466.1	CP001918.1	78.296	1995	405	27	3456792	3458772	4472305	4470325	0.0	1260
CP035466.1	CP001918.1	83.967	1316	201	9	1065399	1066708	191660	190349	0.0	1253
CP035466.1	CP001918.1	86.171	1157	154	6	2691245	2692398	3126810	3125657	0.0	1245
CP035466.1	CP001918.1	75.324	2776	584	76	630033	632747	4606150	4608885	0.0	1238
CP035466.1	CP001918.1	76.729	2299	484	38	2685855	2688125	3132539	3130264	0.0	1234
CP035466.1	CP001918.1	87.088	1092	136	5	2416601	2417689	1196909	1197998	0.0	1230
CP035466.1	CP001918.1	79.814	1719	320	21	1983924	1985622	788556	790267	0.0	1227
CP035466.1	CP001918.1	77.575	2078	432	30	3235140	3237201	2623424	2621365	0.0	1225
CP035466.1	CP001918.1	87.667	1046	126	2	190731	191774	4191158	4192202	0.0	1214
CP035466.1	CP001918.1	81.501	1492	259	16	4935593	4937075	3851305	3852788	0.0	1210
CP035466.1	CP001918.1	76.355	2343	496	50	2796924	2799237	3025085	3022772	0.0	1205
CP035466.1	CP001918.1	85.251	1173	160	9	928226	929393	4934029	4935193	0.0	1195
CP035466.1	CP001918.1	77.621	2051	400	48	228368	230388	4230316	4232337	0.0	1190
CP035466.1	CP001918.1	76.874	2214	443	56	3230983	3233151	2628967	2626778	0.0	1188
CP035466.1	CP001918.1	77.649	1991	419	22	4493092	4495074	3376810	3378782	0.0	1188
CP035466.1	CP001918.1	85.009	1174	171	4	909266	910437	4916896	4918066	0.0	1188
CP035466.1	CP001918.1	82.496	1354	233	3	4276443	4277794	2507424	2508775	0.0	1184
CP035466.1	CP001918.1	79.363	1696	324	23	2413322	2415005	707194	705513	0.0	1170
CP035466.1	CP001918.1	77.968	1929	382	42	1063390	1065297	193688	191782	0.0	1168
CP035466.1	CP001918.1	82.886	1303	217	6	2607318	2608617	3233649	3232350	0.0	1166
CP035466.1	CP001918.1	89.935	924	62	23	2722062	2722978	3099346	3098447	0.0	1162
CP035466.1	CP001918.1	77.157	2040	438	24	1595099	1597124	336108	338133	0.0	1160
CP035466.1	CP001918.1	77.268	2006	434	20	3996915	3998909	1896316	1894322	0.0	1158
CP035466.1	CP001918.1	81.155	1454	256	13	1267066	1268510	5298983	5297539	0.0	1151
CP035466.1	CP001918.1	80.115	1559	292	14	3635862	3637409	2312126	2310575	0.0	1146
CP035466.1	CP001918.1	84.114	1196	178	12	4652321	4653509	3483980	3485170	0.0	1146
CP035466.1	CP001918.1	78.749	1774	324	39	2396126	2397882	1181040	1182777	0.0	1138
CP035466.1	CP001918.1	82.692	1300	208	12	3248612	3249903	2598729	2597439	0.0	1138
CP035466.1	CP001918.1	76.960	2105	413	64	4100211	4102276	2206888	2208959	0.0	1134
CP035466.1	CP001918.1	82.602	1299	211	14	464376	465667	4400963	4402253	0.0	1133
CP035466.1	CP001918.1	81.085	1438	248	21	1354364	1355784	5099544	5098114	0.0	1127
CP035466.1	CP001918.1	78.365	1798	344	40	3852620	3854394	1567205	1565430	0.0	1123
CP035466.1	CP001918.1	85.465	1087	149	9	3251471	3252552	2595891	2594809	0.0	1123
CP035466.1	CP001918.1	83.266	1237	192	15	2790052	2791281	3031864	3030636	0.0	1123
CP035466.1	CP001918.1	82.819	1263	208	8	1987055	1988313	791738	792995	0.0	1122
CP035466.1	CP001918.1	77.442	1986	359	61	3677787	3679728	2286288	2284348	0.0	1103
CP035466.1	CP001918.1	73.228	3287	775	84	4301776	4305014	2531950	2535179	0.0	1098
CP035466.1	CP001918.1	75.150	2503	534	79	2002694	2005157	809905	812358	0.0	1096
CP035466.1	CP001918.1	83.868	1153	181	5	2549711	2550860	1314400	1315550	0.0	1094
CP035466.1	CP001918.1	75.508	2364	510	53	3656646	3658970	3305413	3303080	0.0	1094
CP035466.1	CP001918.1	76.559	2052	448	30	4792733	4794769	3630812	3632845	0.0	1094
CP035466.1	CP001918.1	84.913	1087	157	7	1134236	1135319	5198830	5199912	0.0	1092
CP035466.1	CP001918.1	79.683	1516	302	6	4150507	4152019	1818877	1817365	0.0	1088
CP035466.1	CP001918.1	75.258	2425	526	65	4016941	4019325	2081269	2083659	0.0	1086
CP035466.1	CP001918.1	77.225	1888	406	23	3732905	3734780	2033171	2031296	0.0	1083
CP035466.1	CP001918.1	74.619	2628	585	69	642161	644749	4617606	4620190	0.0	1083
CP035466.1	CP001918.1	83.666	1151	181	6	2913105	2914252	2875581	2874435	0.0	1077
CP035466.1	CP001918.1	80.473	1439	254	24	1181668	1183093	46479	45055	0.0	1075
CP035466.1	CP001918.1	75.640	2225	505	33	4152338	4154541	1817052	1814844	0.0	1072
CP035466.1	CP001918.1	79.169	1565	311	13	1795416	1796972	4721359	4719802	0.0	1070
CP035466.1	CP001918.1	77.632	1748	381	10	2987128	2988870	1858591	1860333	0.0	1053
CP035466.1	CP001918.1	77.506	1796	370	33	3103535	3105313	1435287	1437065	0.0	1048
CP035466.1	CP001918.1	88.343	875	99	3	61621	62493	4061055	4061928	0.0	1048
CP035466.1	CP001918.1	85.225	1022	148	3	1453548	1454567	5176243	5175223	0.0	1048
CP035466.1	CP001918.1	73.619	2915	685	69	4102569	4105438	2209252	2212127	0.0	1046
CP035466.1	CP001918.1	81.775	1262	218	10	2900566	2901821	2919085	2917830	0.0	1046
CP035466.1	CP001918.1	77.665	1773	345	41	990873	992621	5027155	5028900	0.0	1033
CP035466.1	CP001918.1	76.046	2079	445	43	2901910	2903960	2917724	2915671	0.0	1031
CP035466.1	CP001918.1	80.531	1356	247	14	4137608	4138956	45133	46478	0.0	1026
CP035466.1	CP001918.1	82.483	1176	200	4	1909668	1910842	738547	739717	0.0	1026
CP035466.1	CP001918.1	75.355	2183	510	25	2941566	2943734	2829606	2827438	0.0	1026
CP035466.1	CP001918.1	81.392	1279	218	15	544224	545495	4492866	4494131	0.0	1026
CP035466.1	CP001918.1	79.139	1510	291	22	2084820	2086319	4409809	4408314	0.0	1022
CP035466.1	CP001918.1	80.414	1353	251	12	4477911	4479256	1372803	1371458	0.0	1018
CP035466.1	CP001918.1	81.886	1209	217	2	3041404	3042611	2719561	2718354	0.0	1018
CP035466.1	CP001918.1	84.091	1056	166	2	4751644	4752698	3588107	3589161	0.0	1018
CP035466.1	CP001918.1	77.882	1700	333	38	3142381	3144057	3283882	3282203	0.0	1016
CP035466.1	CP001918.1	81.446	1245	225	6	2609251	2610492	3226862	3225621	0.0	1014
CP035466.1	CP001918.1	82.807	1140	188	8	3327958	3329093	1622607	1623742	0.0	1013
CP035466.1	CP001918.1	75.213	2348	473	85	4389655	4391947	1502097	1499804	0.0	1011
CP035466.1	CP001918.1	74.989	2331	513	54	2082428	2084717	4412283	4409982	0.0	1011
CP035466.1	CP001918.1	85.804	951	129	6	1116489	1117436	118739	117792	0.0	1003
CP035466.1	CP001918.1	77.784	1670	339	27	4842368	4844018	3735891	3737547	0.0	1000
CP035466.1	CP001918.1	79.275	1462	278	19	3320843	3322293	1615554	1617001	0.0	998
CP035466.1	CP001918.1	76.114	1997	426	35	999268	1001243	5036947	5038913	0.0	998
CP035466.1	CP001918.1	74.913	2300	516	46	3802937	3805212	1994374	1992112	0.0	994
CP035466.1	CP001918.1	81.667	1200	210	7	2067326	2068519	834352	835547	0.0	989
CP035466.1	CP001918.1	80.863	1275	225	16	1729889	1731153	600793	602058	0.0	985
CP035466.1	CP001918.1	80.941	1254	230	7	1138549	1139799	109176	107929	0.0	983
CP035466.1	CP001918.1	83.225	1079	172	5	3144360	3145431	3281891	3280815	0.0	981
CP035466.1	CP001918.1	82.585	1114	188	6	1966245	1967355	768151	769261	0.0	977
CP035466.1	CP001918.1	75.791	2024	438	49	2102795	2104791	864289	866287	0.0	976
CP035466.1	CP001918.1	77.383	1689	348	28	760122	761793	4760110	4761781	0.0	972
CP035466.1	CP001918.1	78.969	1436	292	10	1002745	1004175	5041143	5042573	0.0	970
CP035466.1	CP001918.1	83.254	1057	166	10	1680074	1681125	547913	548963	0.0	961
CP035466.1	CP001918.1	76.914	1724	376	19	4509831	4511542	3385343	3387056	0.0	959
CP035466.1	CP001918.1	74.722	2251	517	47	4676345	4678568	3517252	3519477	0.0	957
CP035466.1	CP001918.1	79.300	1372	276	7	1547347	1548714	285651	287018	0.0	953
CP035466.1	CP001918.1	81.841	1173	178	29	3213222	3214375	2653909	2652753	0.0	953
CP035466.1	CP001918.1	81.679	1179	186	15	632946	634117	4608969	4610124	0.0	953
CP035466.1	CP001918.1	78.852	1428	282	19	3841187	3842605	1583411	1581995	0.0	946
CP035466.1	CP001918.1	81.314	1172	213	5	3208330	3209498	2658758	2657590	0.0	946
CP035466.1	CP001918.1	78.726	1429	284	19	3841187	3842606	1588377	1586960	0.0	937
CP035466.1	CP001918.1	90.055	724	69	2	1982081	1982801	786696	787419	0.0	935
CP035466.1	CP001918.1	79.359	1342	249	20	3132753	3134085	2103724	2102402	0.0	918
CP035466.1	CP001918.1	80.097	1241	240	7	2969807	2971044	2801793	2800557	0.0	917
CP035466.1	CP001918.1	78.870	1363	274	13	4217941	4219296	1748232	1746877	0.0	909
CP035466.1	CP001918.1	80.694	1181	218	10	826225	827400	4837781	4838956	0.0	909
CP035466.1	CP001918.1	80.612	1176	225	2	1031270	1032445	224858	223686	0.0	905
CP035466.1	CP001918.1	87.044	795	103	0	3633791	3634585	2313594	2312800	0.0	898
CP035466.1	CP001918.1	83.540	966	154	3	448794	449758	4388439	4389400	0.0	898
CP035466.1	CP001918.1	88.843	726	81	0	1260027	1260752	5305952	5305227	0.0	893
CP035466.1	CP001918.1	76.338	1775	355	42	1588531	1590277	329827	331564	0.0	891
CP035466.1	CP001918.1	83.633	947	153	2	404996	405942	4351866	4352810	0.0	889
CP035466.1	CP001918.1	76.499	1668	361	25	2177520	2179172	932381	934032	0.0	880
CP035466.1	CP001918.1	81.991	1055	173	15	2423426	2424472	1203695	1204740	0.0	880
CP035466.1	CP001918.1	89.610	693	70	2	2682187	2682878	3138290	3137599	0.0	880
CP035466.1	CP001918.1	83.438	954	149	9	881599	882546	4888103	4889053	0.0	878
CP035466.1	CP001918.1	85.461	846	117	4	2858953	2859797	2966635	2965795	0.0	876
CP035466.1	CP001918.1	76.741	1608	348	22	1617539	1619133	357781	359375	0.0	874
CP035466.1	CP001918.1	78.582	1354	268	17	25371	26711	4049361	4050705	0.0	874
CP035466.1	CP001918.1	78.651	1349	260	24	964043	965379	4974483	4975815	0.0	870
CP035466.1	CP001918.1	80.800	1125	199	12	4721118	4722235	3549731	3550845	0.0	865
CP035466.1	CP001918.1	88.762	703	76	3	2415093	2415795	1195505	1196204	0.0	857
CP035466.1	CP001918.1	76.496	1638	348	27	5015371	5016996	3982867	3984479	0.0	857
CP035466.1	CP001918.1	79.801	1208	218	24	1854149	1855343	718738	717544	0.0	856
CP035466.1	CP001918.1	78.264	1348	280	12	2535717	2537057	1296320	1297661	0.0	854
CP035466.1	CP001918.1	79.813	1174	227	10	2388588	2389756	1174669	1175837	0.0	846
CP035466.1	CP001918.1	80.122	1147	214	13	1189905	1191044	43961	42822	0.0	843
CP035466.1	CP001918.1	81.549	1046	169	20	3002365	3003399	2769294	2768262	0.0	841
CP035466.1	CP001918.1	79.568	1204	219	17	3312283	3313478	1124156	1122972	0.0	835
CP035466.1	CP001918.1	75.568	1760	389	39	994718	996456	5032423	5034162	0.0	830
CP035466.1	CP001918.1	78.488	1283	262	13	1906433	1907708	730345	731620	0.0	828
CP035466.1	CP001918.1	77.090	1471	313	21	4363399	4364858	1524922	1523465	0.0	828
CP035466.1	CP001918.1	85.409	795	115	1	1115650	1116443	119533	118739	0.0	824
CP035466.1	CP001918.1	83.315	917	128	21	2688529	2689431	3129527	3128622	0.0	822
CP035466.1	CP001918.1	81.220	1033	183	9	449842	450869	4389437	4390463	0.0	822
CP035466.1	CP001918.1	81.213	1022	190	2	742282	743302	4740810	4741830	0.0	822
CP035466.1	CP001918.1	82.898	918	148	9	4198097	4199010	1771188	1770276	0.0	817
CP035466.1	CP001918.1	78.470	1268	257	13	1576862	1578121	321447	322706	0.0	815
CP035466.1	CP001918.1	81.337	1002	181	6	2382087	2383085	1167548	1168546	0.0	809
CP035466.1	CP001918.1	75.239	1777	397	36	3934343	3936097	1944292	1942537	0.0	804
CP035466.1	CP001918.1	81.041	1018	184	8	1541082	1542097	284655	285665	0.0	802
CP035466.1	CP001918.1	75.566	1723	368	46	4653518	4655214	3489272	3490967	0.0	800
CP035466.1	CP001918.1	88.323	668	76	2	29500	30166	4522139	4522805	0.0	800
CP035466.1	CP001918.1	77.962	1325	256	32	4586460	4587768	3432340	3433644	0.0	797
CP035466.1	CP001918.1	79.713	1114	213	12	2244525	2245631	2843569	2842462	0.0	793
CP035466.1	CP001918.1	73.769	2173	501	57	3095723	3097855	1420490	1422633	0.0	791
CP035466.1	CP001918.1	75.150	1831	380	63	2860846	2862635	2964713	2962917	0.0	791
CP035466.1	CP001918.1	77.887	1325	257	32	1300503	1301809	5149388	5148082	0.0	791
CP035466.1	CP001918.1	83.066	874	142	4	827462	828332	4838976	4839846	0.0	789
CP035466.1	CP001918.1	75.431	1681	379	29	2701840	2703503	3116662	3114999	0.0	785
CP035466.1	CP001918.1	83.732	836	130	5	2553179	2554011	4294248	4293416	0.0	785
CP035466.1	CP001918.1	76.794	1435	302	29	2153960	2155378	907736	909155	0.0	776
CP035466.1	CP001918.1	80.431	1022	185	14	1001423	1002438	5039970	5040982	0.0	765
CP035466.1	CP001918.1	80.275	1019	195	6	1982881	1983896	787482	788497	0.0	763
CP035466.1	CP001918.1	78.183	1233	241	24	2675527	2676745	3144822	3143604	0.0	761
CP035466.1	CP001918.1	80.058	1033	194	10	4045849	4046875	2089337	2090363	0.0	756
CP035466.1	CP001918.1	75.193	1681	373	38	466079	467737	3079478	3077820	0.0	754
CP035466.1	CP001918.1	88.799	616	64	4	1743733	1744346	625775	626387	0.0	750
CP035466.1	CP001918.1	79.423	1074	211	9	382524	383592	4333700	4334768	0.0	750
CP035466.1	CP001918.1	82.139	879	147	10	808643	809517	4815358	4816230	0.0	745
CP035466.1	CP001918.1	73.496	2128	486	63	4329936	4332027	1843501	1841416	0.0	734
CP035466.1	CP001918.1	84.471	747	110	6	203348	204091	4203614	4204357	0.0	732
CP035466.1	CP001918.1	81.674	884	158	4	30583	31464	4523306	4524187	0.0	732
CP035466.1	CP001918.1	77.705	1229	251	17	3972039	3973257	1644783	1645998	0.0	730
CP035466.1	CP001918.1	78.771	1074	218	10	2803132	2804202	3018893	3017827	0.0	712
CP035466.1	CP001918.1	84.669	711	109	0	2940476	2941186	2831904	2831194	0.0	710
CP035466.1	CP001918.1	79.002	1062	206	15	671686	672743	4653859	4654907	0.0	710
CP035466.1	CP001918.1	76.160	1422	296	34	3136670	3138070	3289532	3288133	0.0	708
CP035466.1	CP001918.1	76.078	1392	310	21	1158464	1159841	82640	81258	0.0	704
CP035466.1	CP001918.1	93.617	470	24	6	4393895	4394361	1497849	1497383	0.0	697
CP035466.1	CP001918.1	83.180	761	126	2	2275909	2276667	1083332	1084092	0.0	695
CP035466.1	CP001918.1	77.390	1203	249	21	4118817	4120009	1854042	1852853	0.0	693
CP035466.1	CP001918.1	85.457	667	92	4	4728919	4729583	3567839	3568502	0.0	689
CP035466.1	CP001918.1	81.863	816	142	5	242645	243457	4244462	4245274	0.0	682
CP035466.1	CP001918.1	78.505	1070	209	16	1418783	1419847	5227145	5226092	0.0	682
CP035466.1	CP001918.1	82.458	781	133	4	1043069	1043847	212566	211788	0.0	680
CP035466.1	CP001918.1	78.157	1085	225	12	3418493	3419571	2437494	2436416	0.0	680
CP035466.1	CP001918.1	78.477	1064	209	19	3870319	3871372	1976004	1974951	0.0	678
CP035466.1	CP001918.1	78.922	1020	197	17	2529483	2530494	1290113	1291122	0.0	676
CP035466.1	CP001918.1	83.894	714	109	6	209427	210137	4208640	4209350	0.0	676
CP035466.1	CP001918.1	93.464	459	20	8	650952	651408	4634696	4635146	0.0	673
CP035466.1	CP001918.1	81.585	820	144	7	4362470	4363285	1525816	1525000	0.0	671
CP035466.1	CP001918.1	77.673	1169	211	32	4113182	4114343	1863632	1862507	0.0	667
CP035466.1	CP001918.1	77.660	1128	228	20	4854428	4855543	3747933	3749048	0.0	665
CP035466.1	CP001918.1	81.518	817	137	12	1109994	1110803	125024	124215	0.0	660
CP035466.1	CP001918.1	78.158	1053	214	13	1570415	1571460	313641	314684	0.0	656
CP035466.1	CP001918.1	82.620	748	120	10	383860	384601	4334888	4335631	0.0	652
CP035466.1	CP001918.1	76.672	1226	254	28	4312384	4313593	1130065	1128856	0.0	651
CP035466.1	CP001918.1	83.194	720	112	8	913374	914090	4920054	4920767	0.0	651
CP035466.1	CP001918.1	87.302	567	69	3	4985954	4986518	3945414	3945979	0.0	645
CP035466.1	CP001918.1	76.617	1206	257	25	3736025	3737217	2029547	2028354	1.57e-180	641
CP035466.1	CP001918.1	77.160	1134	235	21	2228068	2229189	986487	987608	2.03e-179	638
CP035466.1	CP001918.1	83.000	700	117	2	1727192	1727890	592930	593628	9.46e-178	632
CP035466.1	CP001918.1	79.249	906	184	4	1960265	1961168	763267	764170	1.22e-176	628
CP035466.1	CP001918.1	76.876	1146	241	19	4835465	4836594	3729952	3731089	4.40e-176	627
CP035466.1	CP001918.1	78.543	988	184	21	468529	469507	4414675	4415643	1.58e-175	625
CP035466.1	CP001918.1	87.664	535	66	0	3855559	3856093	1563414	1562880	5.69e-175	623
CP035466.1	CP001918.1	80.307	848	147	19	4259520	4260357	2489153	2489990	5.69e-175	623
CP035466.1	CP001918.1	75.724	1277	288	16	1707875	1709143	572776	574038	2.05e-174	621
CP035466.1	CP001918.1	78.999	919	181	11	2397884	2398796	1182812	1183724	2.65e-173	617
CP035466.1	CP001918.1	96.277	376	12	2	26845	27218	4050784	4051159	9.53e-173	616
CP035466.1	CP001918.1	86.549	565	65	9	3362200	3362757	1658118	1658678	1.23e-171	612
CP035466.1	CP001918.1	83.259	669	107	5	4462046	4462712	1407698	1407033	4.43e-171	610
CP035466.1	CP001918.1	82.621	702	106	12	1301791	1302479	5146748	5146050	5.73e-170	606
CP035466.1	CP001918.1	84.109	623	98	1	555419	556040	4503469	4504091	2.67e-168	601
CP035466.1	CP001918.1	92.584	418	23	5	778064	778475	4784811	4785226	4.46e-166	593
CP035466.1	CP001918.1	89.126	469	51	0	975934	976402	5021252	5021720	2.69e-163	584
CP035466.1	CP001918.1	72.910	1842	440	55	3926279	3928091	1948738	1946927	9.66e-163	582
CP035466.1	CP001918.1	79.582	813	160	3	407680	408489	4354503	4355312	4.50e-161	577
CP035466.1	CP001918.1	77.132	1032	211	20	3672529	3673546	2288481	2287461	1.62e-160	575
CP035466.1	CP001918.1	77.383	986	205	17	1976086	1977061	778620	779597	7.52e-159	569
CP035466.1	CP001918.1	84.561	570	86	2	2073253	2073821	840267	840835	3.50e-157	564
CP035466.1	CP001918.1	78.094	913	184	14	520776	521678	4446030	4446936	3.50e-157	564
CP035466.1	CP001918.1	78.291	866	186	2	4618744	4619608	3424411	3425275	5.86e-155	556
CP035466.1	CP001918.1	92.913	381	26	1	120557	120937	4135426	4135805	7.58e-154	553
CP035466.1	CP001918.1	88.132	455	54	0	1764004	1764458	648365	648819	1.64e-150	542
CP035466.1	CP001918.1	78.427	839	165	14	4490958	4491788	3364693	3365523	9.87e-148	532
CP035466.1	CP001918.1	79.759	746	138	9	1252910	1253649	5308971	5308233	1.28e-146	529
CP035466.1	CP001918.1	78.092	849	171	14	3199138	3199978	2666665	2665824	5.94e-145	523
CP035466.1	CP001918.1	84.499	529	82	0	2860091	2860619	2965529	2965001	5.94e-145	523
CP035466.1	CP001918.1	76.200	1042	215	26	3105497	3106522	1437196	1438220	7.68e-144	520
CP035466.1	CP001918.1	80.113	709	131	10	3144437	3145140	3353861	3354564	7.68e-144	520
CP035466.1	CP001918.1	74.777	1233	269	39	2720765	2721976	3100636	3099425	9.94e-143	516
CP035466.1	CP001918.1	74.563	1258	280	33	4202775	4204014	1763515	1762280	3.57e-142	514
CP035466.1	CP001918.1	81.406	640	108	10	3269038	3269671	2576150	2575516	1.29e-141	512
CP035466.1	CP001918.1	81.876	629	94	17	4893241	4893859	3811976	3812594	1.29e-141	512
CP035466.1	CP001918.1	82.788	581	86	9	2008300	2008873	815523	816096	5.98e-140	507
CP035466.1	CP001918.1	75.360	1112	241	22	4871894	4872978	3765362	3766467	2.15e-139	505
CP035466.1	CP001918.1	75.390	1089	242	21	2200010	2201082	961693	962771	7.74e-139	503
CP035466.1	CP001918.1	85.185	486	72	0	3691748	3692233	2235076	2234591	1.00e-137	499
CP035466.1	CP001918.1	76.061	990	217	19	4130455	4131434	2131978	2132957	3.60e-137	497
CP035466.1	CP001918.1	80.831	626	114	5	857156	857778	4868440	4869062	7.79e-134	486
CP035466.1	CP001918.1	82.689	543	92	2	325839	326380	4302043	4302584	3.63e-132	481
CP035466.1	CP001918.1	80.062	647	126	3	3139262	3139906	3348831	3349476	4.69e-131	477
CP035466.1	CP001918.1	77.987	795	147	14	369410	370196	4324464	4325238	6.07e-130	473
CP035466.1	CP001918.1	74.831	1180	227	44	4489382	4490542	1863632	1862504	7.85e-129	470
CP035466.1	CP001918.1	88.491	391	42	3	4747423	4747811	3587669	3588058	7.85e-129	470
CP035466.1	CP001918.1	83.838	495	77	3	1083470	1083963	153866	153374	2.82e-128	468
CP035466.1	CP001918.1	80.389	617	118	3	1500125	1500740	248745	249359	1.02e-127	466
CP035466.1	CP001918.1	73.391	1383	315	44	4354710	4356065	1533644	1532288	1.02e-127	466
CP035466.1	CP001918.1	90.831	349	28	3	120062	120409	4134925	4135270	3.65e-127	464
CP035466.1	CP001918.1	82.397	534	92	2	937967	938499	4944881	4945413	3.65e-127	464
CP035466.1	CP001918.1	79.724	651	122	9	3329654	3330301	1624342	1624985	1.31e-126	462
CP035466.1	CP001918.1	92.593	324	19	5	3218020	3218341	2650704	2650384	4.72e-126	460
CP035466.1	CP001918.1	74.336	1130	266	24	2664738	2665855	741896	740779	1.70e-125	459
CP035466.1	CP001918.1	77.212	825	161	12	3040532	3041352	2720376	2719575	6.11e-125	457
CP035466.1	CP001918.1	73.635	1282	295	37	4325263	4326524	1588480	1587222	2.20e-124	455
CP035466.1	CP001918.1	78.172	733	146	12	3953799	3954524	1939631	1938906	2.20e-124	455
CP035466.1	CP001918.1	93.729	303	18	1	2950878	2951180	2820320	2820019	7.90e-124	453
CP035466.1	CP001918.1	78.771	716	120	19	563259	563964	4518826	4519519	2.84e-123	451
CP035466.1	CP001918.1	80.167	600	113	6	1578471	1579067	323026	323622	4.76e-121	444
CP035466.1	CP001918.1	81.970	538	83	13	1703977	1704504	568883	569416	4.76e-121	444
CP035466.1	CP001918.1	80.584	582	107	6	2507051	2507629	3849183	3848605	4.76e-121	444
CP035466.1	CP001918.1	72.937	1430	320	53	81908	83308	1957908	1956517	2.86e-118	435
CP035466.1	CP001918.1	73.023	1290	322	25	3445623	3446899	2402053	2400777	3.70e-117	431
CP035466.1	CP001918.1	74.438	1068	239	26	3583288	3584332	2374152	2373096	1.33e-116	429
CP035466.1	CP001918.1	82.713	457	78	1	1213588	1214044	16950	16495	2.24e-109	405
CP035466.1	CP001918.1	79.617	574	105	11	4365053	4365620	1523365	1522798	2.90e-108	401
CP035466.1	CP001918.1	80.147	544	100	7	3311629	3312168	2148717	2148178	1.04e-107	399
CP035466.1	CP001918.1	74.336	1017	219	33	4471795	4472791	1392450	1391456	4.86e-106	394
CP035466.1	CP001918.1	71.961	1637	362	68	2689441	2691047	3128455	3126886	6.29e-105	390
CP035466.1	CP001918.1	79.525	547	108	4	63472	64016	4062924	4063468	8.13e-104	387
CP035466.1	CP001918.1	92.884	267	16	3	1300503	1300768	1020685	1020949	2.92e-103	385
CP035466.1	CP001918.1	92.857	266	16	3	2264524	2264788	5149385	5149122	1.05e-102	383
CP035466.1	CP001918.1	79.317	556	106	5	2163720	2164275	917497	918043	3.78e-102	381
CP035466.1	CP001918.1	75.769	780	162	21	173975	174739	2449629	2450396	2.95e-98	368
CP035466.1	CP001918.1	77.548	628	128	11	3367167	3367788	1662972	1663592	1.06e-97	366
CP035466.1	CP001918.1	87.821	312	29	8	1046242	1046548	212731	213038	6.38e-95	357
CP035466.1	CP001918.1	86.769	325	36	6	1448819	1449138	5180854	5180532	2.29e-94	355
CP035466.1	CP001918.1	82.663	398	69	0	4756496	4756893	3592052	3592449	8.25e-94	353
CP035466.1	CP001918.1	75.300	834	150	40	4416734	4417548	1477670	1476874	3.84e-92	348
CP035466.1	CP001918.1	76.011	717	141	22	2852162	2852862	2972846	2972145	1.79e-90	342
CP035466.1	CP001918.1	75.253	792	155	25	3006724	3007489	2765047	2764271	2.31e-89	339
CP035466.1	CP001918.1	74.967	767	172	17	3384938	3385695	1673878	1674633	2.99e-88	335
CP035466.1	CP001918.1	86.408	309	39	3	1313420	1313727	5135176	5134870	2.99e-88	335
CP035466.1	CP001918.1	81.401	414	63	9	1845621	1846027	2002674	2002268	1.80e-85	326
CP035466.1	CP001918.1	85.806	310	37	6	3218170	3218476	2647624	2647319	2.33e-84	322
CP035466.1	CP001918.1	79.954	439	83	5	1977484	1977919	779998	780434	3.01e-83	318
CP035466.1	CP001918.1	80.000	440	79	7	4246441	4246878	1675528	1675096	1.08e-82	316
CP035466.1	CP001918.1	86.275	306	19	17	2786045	2786331	3035774	3035473	5.03e-81	311
CP035466.1	CP001918.1	75.804	653	136	18	223863	224504	4227310	4227951	5.03e-81	311
CP035466.1	CP001918.1	87.455	279	19	14	3356845	3357115	1652967	1653237	6.51e-80	307
CP035466.1	CP001918.1	74.480	721	174	10	3979512	3980227	1918227	1917512	8.42e-79	303
CP035466.1	CP001918.1	82.319	345	61	0	1079080	1079424	162398	162054	1.09e-77	300
CP035466.1	CP001918.1	94.792	192	10	0	4896417	4896608	3814897	3815088	1.09e-77	300
CP035466.1	CP001918.1	77.333	525	105	11	248179	248695	4249912	4250430	3.92e-77	298
CP035466.1	CP001918.1	77.203	522	109	8	4054066	4054582	2133117	2133633	1.41e-76	296
CP035466.1	CP001918.1	89.451	237	19	5	3562839	3563070	2394601	2394366	5.07e-76	294
CP035466.1	CP001918.1	70.673	1664	405	72	2813117	2814743	3016060	3014443	1.82e-75	292
CP035466.1	CP001918.1	83.041	342	37	18	1199327	1199659	30548	30219	6.56e-75	291
CP035466.1	CP001918.1	76.548	533	117	8	2577912	2578440	4110524	4111052	3.05e-73	285
CP035466.1	CP001918.1	95.000	180	9	0	29500	29679	4521950	4522129	1.10e-72	283
CP035466.1	CP001918.1	73.403	767	194	9	292858	293619	2303923	2303162	5.11e-71	278
CP035466.1	CP001918.1	97.546	163	3	1	3562755	3562916	2394605	2394443	5.11e-71	278
CP035466.1	CP001918.1	91.220	205	15	3	1970041	1970244	772648	772850	1.84e-70	276
CP035466.1	CP001918.1	75.204	613	137	11	2622472	2623077	3209961	3209357	1.84e-70	276
CP035466.1	CP001918.1	74.676	695	141	29	4481001	4481682	3290866	3291538	1.84e-70	276
CP035466.1	CP001918.1	90.431	209	11	6	1970157	1970359	772530	772735	1.11e-67	267
CP035466.1	CP001918.1	79.528	381	72	5	744379	744757	4742886	4743262	1.11e-67	267
CP035466.1	CP001918.1	93.333	180	10	2	1151743	1151920	101917	101738	3.98e-67	265
CP035466.1	CP001918.1	94.675	169	9	0	3214957	3215125	2647624	2647456	1.43e-66	263
CP035466.1	CP001918.1	96.226	159	6	0	2494981	2495139	1250620	1250778	5.14e-66	261
CP035466.1	CP001918.1	74.141	669	155	13	3102687	3103346	2093898	2093239	5.14e-66	261
CP035466.1	CP001918.1	94.675	169	7	2	4896406	4896574	3035863	3035697	5.14e-66	261
CP035466.1	CP001918.1	73.641	736	168	21	3459437	3460159	4469721	4468999	5.14e-66	261
CP035466.1	CP001918.1	77.093	454	100	4	1167744	1168195	1267863	1268314	1.85e-65	259
CP035466.1	CP001918.1	87.773	229	18	5	1339464	1339692	5114396	5114178	1.85e-65	259
CP035466.1	CP001918.1	72.311	874	224	16	1784038	1784904	667106	667968	6.65e-65	257
CP035466.1	CP001918.1	83.045	289	44	4	4766312	4766599	1930945	1931229	6.65e-65	257
CP035466.1	CP001918.1	76.740	503	89	22	4766891	4767376	1931488	1931979	2.39e-64	255
CP035466.1	CP001918.1	79.943	349	67	3	2179261	2179608	934086	934432	8.60e-64	254
CP035466.1	CP001918.1	96.129	155	6	0	2785843	2785997	3035853	3035699	8.60e-64	254
CP035466.1	CP001918.1	80.938	320	60	1	1992307	1992626	799074	799392	3.09e-63	252
CP035466.1	CP001918.1	80.294	340	61	6	3153587	3153923	3340268	3340604	3.09e-63	252
CP035466.1	CP001918.1	93.103	174	9	3	4495321	4495492	3385282	3385110	3.09e-63	252
CP035466.1	CP001918.1	89.706	204	10	5	244954	245157	4246643	4246835	1.11e-62	250
CP035466.1	CP001918.1	89.706	204	7	7	244834	245036	4246756	4246946	4.00e-62	248
CP035466.1	CP001918.1	89.691	194	14	4	1	191	1015735	1015545	1.86e-60	243
CP035466.1	CP001918.1	98.529	136	2	0	1391292	1391427	385853	385988	6.70e-60	241
CP035466.1	CP001918.1	98.529	136	2	0	1480168	1480303	385853	385988	6.70e-60	241
CP035466.1	CP001918.1	98.529	136	2	0	1525141	1525276	385853	385988	6.70e-60	241
CP035466.1	CP001918.1	98.529	136	2	0	1860595	1860730	385853	385988	6.70e-60	241
CP035466.1	CP001918.1	95.973	149	5	1	4491907	4492054	3375021	3375169	6.70e-60	241
CP035466.1	CP001918.1	93.293	164	9	2	2785843	2786004	3814897	3815060	6.70e-60	241
CP035466.1	CP001918.1	98.529	136	2	0	1300503	1300638	4785226	4785091	6.70e-60	241
CP035466.1	CP001918.1	97.183	142	4	0	1860595	1860736	5266358	5266217	6.70e-60	241
CP035466.1	CP001918.1	97.183	142	4	0	1525141	1525282	5266358	5266217	6.70e-60	241
CP035466.1	CP001918.1	97.183	142	4	0	1480168	1480309	5266358	5266217	6.70e-60	241
CP035466.1	CP001918.1	97.183	142	4	0	1391292	1391433	5266358	5266217	6.70e-60	241
CP035466.1	CP001918.1	98.519	135	2	0	778341	778475	1020819	1020685	2.41e-59	239
CP035466.1	CP001918.1	92.353	170	9	4	1525141	1525309	5062857	5062691	2.41e-59	239
CP035466.1	CP001918.1	97.826	138	3	0	778338	778475	5149251	5149388	2.41e-59	239
CP035466.1	CP001918.1	98.507	134	2	0	1300503	1300636	385853	385986	8.67e-59	237
CP035466.1	CP001918.1	98.507	134	2	0	778342	778475	385986	385853	8.67e-59	237
CP035466.1	CP001918.1	98.507	134	2	0	1391292	1391425	1020685	1020818	8.67e-59	237
CP035466.1	CP001918.1	98.507	134	2	0	1480168	1480301	1020685	1020818	8.67e-59	237
CP035466.1	CP001918.1	98.507	134	2	0	1525141	1525274	1020685	1020818	8.67e-59	237
CP035466.1	CP001918.1	98.507	134	2	0	1860595	1860728	1020685	1020818	8.67e-59	237
CP035466.1	CP001918.1	98.507	134	2	0	1860595	1860728	4785226	4785093	8.67e-59	237
CP035466.1	CP001918.1	98.507	134	2	0	1525141	1525274	4785226	4785093	8.67e-59	237
CP035466.1	CP001918.1	98.507	134	2	0	1480168	1480301	4785226	4785093	8.67e-59	237
CP035466.1	CP001918.1	98.507	134	2	0	1391292	1391425	4785226	4785093	8.67e-59	237
CP035466.1	CP001918.1	92.308	169	9	4	1480168	1480335	5062857	5062692	8.67e-59	237
CP035466.1	CP001918.1	97.810	137	3	0	1860595	1860731	5149388	5149252	8.67e-59	237
CP035466.1	CP001918.1	97.810	137	3	0	1525141	1525277	5149388	5149252	8.67e-59	237
CP035466.1	CP001918.1	97.810	137	3	0	1480168	1480304	5149388	5149252	8.67e-59	237
CP035466.1	CP001918.1	97.810	137	3	0	1391292	1391428	5149388	5149252	8.67e-59	237
CP035466.1	CP001918.1	98.507	134	2	0	778342	778475	5266225	5266358	8.67e-59	237
CP035466.1	CP001918.1	98.507	134	2	0	1300503	1300636	5266358	5266225	8.67e-59	237
CP035466.1	CP001918.1	89.119	193	16	4	1	191	265414	265225	3.12e-58	235
CP035466.1	CP001918.1	97.122	139	4	0	1391289	1391427	270131	270269	3.12e-58	235
CP035466.1	CP001918.1	97.122	139	4	0	1525138	1525276	270131	270269	3.12e-58	235
CP035466.1	CP001918.1	97.794	136	3	0	1480168	1480303	270134	270269	3.12e-58	235
CP035466.1	CP001918.1	97.794	136	3	0	1860595	1860730	270134	270269	3.12e-58	235
CP035466.1	CP001918.1	72.393	844	197	27	1590293	1591116	331614	332441	3.12e-58	235
CP035466.1	CP001918.1	97.122	139	4	0	1860598	1860736	4018857	4018719	3.12e-58	235
CP035466.1	CP001918.1	97.122	139	4	0	1525144	1525282	4018857	4018719	3.12e-58	235
CP035466.1	CP001918.1	97.122	139	4	0	1480171	1480309	4018857	4018719	3.12e-58	235
CP035466.1	CP001918.1	97.122	139	4	0	1391295	1391433	4018857	4018719	3.12e-58	235
CP035466.1	CP001918.1	98.496	133	2	0	2264524	2264656	4785223	4785091	3.12e-58	235
CP035466.1	CP001918.1	97.794	136	3	0	1860595	1860730	5062857	5062722	3.12e-58	235
CP035466.1	CP001918.1	97.794	136	3	0	1391292	1391427	5062857	5062722	3.12e-58	235
CP035466.1	CP001918.1	95.862	145	4	2	4495349	4495492	3375026	3375169	1.12e-57	233
CP035466.1	CP001918.1	97.080	137	4	0	1300500	1300636	270131	270267	4.03e-57	231
CP035466.1	CP001918.1	97.080	137	4	0	778342	778478	270267	270131	4.03e-57	231
CP035466.1	CP001918.1	98.473	131	2	0	2264524	2264654	385856	385986	4.03e-57	231
CP035466.1	CP001918.1	95.238	147	6	1	4491909	4492054	3379060	3379206	4.03e-57	231
CP035466.1	CP001918.1	93.590	156	8	1	2785539	2785692	3814897	3815052	4.03e-57	231
CP035466.1	CP001918.1	98.473	131	2	0	778342	778472	4018727	4018857	4.03e-57	231
CP035466.1	CP001918.1	98.473	131	2	0	1300506	1300636	4018857	4018727	4.03e-57	231
CP035466.1	CP001918.1	87.685	203	19	5	1	201	4790089	4790287	4.03e-57	231
CP035466.1	CP001918.1	97.761	134	3	0	778342	778475	5062724	5062857	4.03e-57	231
CP035466.1	CP001918.1	97.761	134	3	0	1300503	1300636	5062857	5062724	4.03e-57	231
CP035466.1	CP001918.1	98.473	131	2	0	2264524	2264654	5266355	5266225	4.03e-57	231
CP035466.1	CP001918.1	95.205	146	5	2	1819500	1819644	681926	682070	1.45e-56	230
CP035466.1	CP001918.1	86.636	217	18	8	1	213	4023848	4024057	1.45e-56	230
CP035466.1	CP001918.1	97.710	131	3	0	2264524	2264654	270137	270267	1.88e-55	226
CP035466.1	CP001918.1	87.255	204	19	5	1	201	380900	380701	1.88e-55	226
CP035466.1	CP001918.1	95.139	144	5	2	4495350	4495492	3379064	3379206	1.88e-55	226
CP035466.1	CP001918.1	97.710	131	3	0	2264524	2264654	5062854	5062724	1.88e-55	226
CP035466.1	CP001918.1	89.773	176	16	2	2786253	2786426	3035774	3035599	6.75e-55	224
CP035466.1	CP001918.1	89.888	178	12	6	4511655	4511828	3385282	3385107	6.75e-55	224
CP035466.1	CP001918.1	73.100	658	163	9	3096040	3096687	3321664	3321011	2.43e-54	222
CP035466.1	CP001918.1	84.889	225	28	6	4511604	4511825	3374948	3375169	2.43e-54	222
CP035466.1	CP001918.1	96.269	134	5	0	778097	778230	4018725	4018858	8.73e-54	220
CP035466.1	CP001918.1	95.620	137	5	1	778097	778232	385988	385852	3.14e-53	219
CP035466.1	CP001918.1	90.854	164	13	2	3418187	3418349	2437830	2437668	3.14e-53	219
CP035466.1	CP001918.1	95.620	137	5	1	778097	778232	5266223	5266359	3.14e-53	219
CP035466.1	CP001918.1	72.395	739	184	18	2694912	2695640	2921776	2922504	1.13e-52	217
CP035466.1	CP001918.1	90.000	170	14	3	1525140	1525309	4784977	4784811	1.13e-52	217
CP035466.1	CP001918.1	96.212	132	5	0	2264522	2264653	4784976	4784845	1.13e-52	217
CP035466.1	CP001918.1	90.000	170	14	3	778064	778232	5062691	5062858	1.13e-52	217
CP035466.1	CP001918.1	95.556	135	5	1	778099	778232	1020818	1020684	4.06e-52	215
CP035466.1	CP001918.1	94.928	138	5	2	4491919	4492054	3385247	3385110	4.06e-52	215
CP035466.1	CP001918.1	85.437	206	30	0	62833	63038	4062723	4062928	4.06e-52	215
CP035466.1	CP001918.1	75.519	482	95	18	744840	745302	4743354	4743831	4.06e-52	215
CP035466.1	CP001918.1	89.941	169	14	3	1480167	1480335	4784977	4784812	4.06e-52	215
CP035466.1	CP001918.1	95.556	135	5	1	778099	778232	4785093	4785227	4.06e-52	215
CP035466.1	CP001918.1	94.928	138	6	1	778096	778232	5149252	5149389	4.06e-52	215
CP035466.1	CP001918.1	94.891	137	6	1	778097	778232	270269	270133	1.46e-51	213
CP035466.1	CP001918.1	84.279	229	24	11	4511606	4511828	3378987	3379209	1.46e-51	213
CP035466.1	CP001918.1	94.891	137	6	1	1860594	1860730	4784977	4784842	1.46e-51	213
CP035466.1	CP001918.1	94.891	137	6	1	1391291	1391427	4784977	4784842	1.46e-51	213
CP035466.1	CP001918.1	95.522	134	5	1	778343	778476	4784845	4784977	1.46e-51	213
CP035466.1	CP001918.1	95.522	134	5	1	1300502	1300635	4784977	4784845	1.46e-51	213
CP035466.1	CP001918.1	85.185	216	22	8	1	213	5271222	5271430	1.46e-51	213
CP035466.1	CP001918.1	78.466	339	59	6	173537	173862	2449179	2449516	1.89e-50	209
CP035466.1	CP001918.1	73.411	598	141	16	2897820	2898408	3122275	3122863	6.79e-50	207
CP035466.1	CP001918.1	91.447	152	11	2	45618	45768	4542891	4543041	6.79e-50	207
CP035466.1	CP001918.1	83.796	216	29	6	3060929	3061140	1694488	1694701	1.14e-47	200
CP035466.1	CP001918.1	93.382	136	6	3	1649524	1649658	4415643	4415510	4.09e-47	198
CP035466.1	CP001918.1	74.894	470	98	17	4934590	4935049	53517	53058	1.47e-46	196
CP035466.1	CP001918.1	83.871	217	24	8	1	213	5067808	5068017	1.47e-46	196
CP035466.1	CP001918.1	83.871	217	24	8	1	213	5154351	5154560	1.47e-46	196
CP035466.1	CP001918.1	94.488	127	5	2	1649554	1649679	525287	525412	5.29e-46	195
CP035466.1	CP001918.1	88.820	161	15	3	3214709	3214866	2650623	2650463	5.29e-46	195
CP035466.1	CP001918.1	84.615	221	6	8	119693	119913	4134811	4135003	5.29e-46	195
CP035466.1	CP001918.1	80.723	249	48	0	166349	166597	4180516	4180764	5.29e-46	195
CP035466.1	CP001918.1	92.537	134	10	0	3046164	3046297	2711720	2711587	1.90e-45	193
CP035466.1	CP001918.1	72.642	636	153	21	988862	989486	2262371	2261746	6.84e-45	191
CP035466.1	CP001918.1	77.612	335	61	12	832217	832544	2497832	2498159	6.84e-45	191
CP035466.1	CP001918.1	97.321	112	3	0	4896497	4896608	3035454	3035343	6.84e-45	191
CP035466.1	CP001918.1	93.130	131	7	2	4511702	4511830	3386937	3387067	6.84e-45	191
CP035466.1	CP001918.1	85.561	187	20	6	1690005	1690191	555224	555403	2.46e-44	189
CP035466.1	CP001918.1	93.651	126	8	0	4553891	4554016	1332965	1332840	2.46e-44	189
CP035466.1	CP001918.1	93.023	129	9	0	4509597	4509725	3375133	3375005	2.46e-44	189
CP035466.1	CP001918.1	93.077	130	7	2	4509597	4509725	3379170	3379042	2.46e-44	189
CP035466.1	CP001918.1	97.248	109	3	0	4509596	4509704	3385146	3385254	3.18e-43	185
CP035466.1	CP001918.1	84.541	207	7	9	2785922	2786128	3035552	3035371	4.12e-42	182
CP035466.1	CP001918.1	92.857	126	7	2	4495369	4495492	3386937	3387062	4.12e-42	182
CP035466.1	CP001918.1	92.126	127	10	0	2917316	2917442	187213	187339	1.48e-41	180
CP035466.1	CP001918.1	92.126	127	10	0	3922350	3922476	3322094	3322220	1.48e-41	180
CP035466.1	CP001918.1	94.118	119	5	2	4511425	4511542	3375046	3375163	1.48e-41	180
CP035466.1	CP001918.1	94.118	119	6	1	4511425	4511542	3385234	3385116	1.48e-41	180
CP035466.1	CP001918.1	92.857	126	6	3	4491932	4492054	3386937	3387062	1.48e-41	180
CP035466.1	CP001918.1	82.915	199	32	2	2899850	2900047	2920416	2920219	5.33e-41	178
CP035466.1	CP001918.1	85.393	178	18	5	4393945	4394119	3128723	3128895	5.33e-41	178
CP035466.1	CP001918.1	91.406	128	11	0	3856089	3856216	3322221	3322094	1.92e-40	176
CP035466.1	CP001918.1	92.000	125	10	0	120982	121106	3322094	3322218	1.92e-40	176
CP035466.1	CP001918.1	92.683	123	8	1	2183617	2183738	3322096	3322218	1.92e-40	176
CP035466.1	CP001918.1	93.277	119	6	2	469352	469469	525413	525296	6.89e-40	174
CP035466.1	CP001918.1	86.792	159	18	3	2551014	2551171	1324944	1325100	6.89e-40	174
CP035466.1	CP001918.1	90.625	128	12	0	866412	866539	187210	187337	8.91e-39	171
CP035466.1	CP001918.1	86.842	152	20	0	1967348	1967499	769344	769495	8.91e-39	171
CP035466.1	CP001918.1	90.625	128	12	0	2917316	2917443	3322094	3322221	8.91e-39	171
CP035466.1	CP001918.1	81.395	215	34	3	4937114	4937326	3852797	3853007	8.91e-39	171
CP035466.1	CP001918.1	90.000	130	13	0	3856090	3856219	187339	187210	3.21e-38	169
CP035466.1	CP001918.1	92.437	119	7	2	4511425	4511542	3379083	3379200	3.21e-38	169
CP035466.1	CP001918.1	90.000	130	12	1	2183617	2183745	187215	187344	1.15e-37	167
CP035466.1	CP001918.1	100.000	89	0	0	2786240	2786328	3035467	3035379	4.15e-37	165
CP035466.1	CP001918.1	88.112	143	12	4	2785980	2786120	3035616	3035477	4.15e-37	165
CP035466.1	CP001918.1	90.400	125	12	0	866415	866539	3322094	3322218	4.15e-37	165
CP035466.1	CP001918.1	89.844	128	13	0	2527522	2527649	3322223	3322096	4.15e-37	165
CP035466.1	CP001918.1	89.922	129	9	4	3922350	3922476	187213	187339	1.49e-36	163
CP035466.1	CP001918.1	100.000	88	0	0	1970273	1970360	772531	772618	1.49e-36	163
CP035466.1	CP001918.1	100.000	88	0	0	1970042	1970129	772764	772851	1.49e-36	163
CP035466.1	CP001918.1	72.184	586	146	16	3641414	3641991	2306387	2305811	1.49e-36	163
CP035466.1	CP001918.1	95.238	105	2	3	119427	119529	4134811	4134914	1.49e-36	163
CP035466.1	CP001918.1	100.000	87	0	0	1690252	1690338	555317	555403	5.36e-36	161
CP035466.1	CP001918.1	98.901	91	0	1	1339097	1339186	772735	772645	5.36e-36	161
CP035466.1	CP001918.1	88.321	137	12	4	3356673	3356808	1652971	1653104	5.36e-36	161
CP035466.1	CP001918.1	89.764	127	9	3	120982	121106	187213	187337	1.93e-35	159
CP035466.1	CP001918.1	74.453	411	85	18	386923	387323	3872187	3871787	1.93e-35	159
CP035466.1	CP001918.1	91.597	119	5	5	119812	119929	4134798	4134912	1.93e-35	159
CP035466.1	CP001918.1	88.462	130	15	0	2527526	2527655	187338	187209	6.94e-35	158
CP035466.1	CP001918.1	98.864	88	1	0	1339096	1339183	772618	772531	6.94e-35	158
CP035466.1	CP001918.1	98.864	88	1	0	1339096	1339183	772851	772764	6.94e-35	158
CP035466.1	CP001918.1	100.000	85	0	0	1484226	1484310	1653228	1653144	6.94e-35	158
CP035466.1	CP001918.1	90.678	118	11	0	4794758	4794875	3682600	3682717	6.94e-35	158
CP035466.1	CP001918.1	98.876	89	0	1	120052	120140	4134810	4134897	6.94e-35	158
CP035466.1	CP001918.1	98.864	88	1	0	1970042	1970129	5114798	5114885	6.94e-35	158
CP035466.1	CP001918.1	98.864	88	1	0	1970273	1970360	5114798	5114885	6.94e-35	158
CP035466.1	CP001918.1	79.545	220	43	2	4460200	4460418	1408263	1408045	2.50e-34	156
CP035466.1	CP001918.1	97.802	91	1	1	1970154	1970244	5114795	5114884	2.50e-34	156
CP035466.1	CP001918.1	97.778	90	1	1	4509596	4509684	3387026	3386937	8.98e-34	154
CP035466.1	CP001918.1	100.000	83	0	0	245075	245157	4246642	4246724	8.98e-34	154
CP035466.1	CP001918.1	95.789	95	3	1	1649519	1649613	407589	407682	3.23e-33	152
CP035466.1	CP001918.1	95.789	95	2	2	2274153	2274246	1020867	1020960	3.23e-33	152
CP035466.1	CP001918.1	90.435	115	11	0	1295084	1295198	5154672	5154558	3.23e-33	152
CP035466.1	CP001918.1	81.818	187	27	5	2722104	2722288	3098987	3098806	1.16e-32	150
CP035466.1	CP001918.1	100.000	81	0	0	1484504	1484584	4785087	4785007	1.16e-32	150
CP035466.1	CP001918.1	95.699	93	2	2	4468086	4468176	555408	555316	4.18e-32	148
CP035466.1	CP001918.1	100.000	80	0	0	1690250	1690329	555435	555514	4.18e-32	148
CP035466.1	CP001918.1	100.000	80	0	0	4468096	4468175	555516	555437	4.18e-32	148
CP035466.1	CP001918.1	96.629	89	3	0	4893261	4893349	3812115	3812203	4.18e-32	148
CP035466.1	CP001918.1	97.701	87	1	1	2274153	2274238	5149206	5149120	4.18e-32	148
CP035466.1	CP001918.1	98.795	83	0	1	1339224	1339305	226889	226971	1.50e-31	147
CP035466.1	CP001918.1	97.647	85	2	0	3357323	3357407	234773	234689	1.50e-31	147
CP035466.1	CP001918.1	97.647	85	2	0	3357023	3357107	234773	234689	1.50e-31	147
CP035466.1	CP001918.1	100.000	79	0	0	778259	778337	235047	234969	1.50e-31	147
CP035466.1	CP001918.1	95.604	91	4	0	3476196	3476286	473362	473272	1.50e-31	147
CP035466.1	CP001918.1	96.591	88	3	0	3476196	3476283	486576	486663	1.50e-31	147
CP035466.1	CP001918.1	98.795	83	0	1	1300686	1300768	1030296	1030377	1.50e-31	147
CP035466.1	CP001918.1	98.795	83	0	1	2264704	2264786	1030296	1030377	1.50e-31	147
CP035466.1	CP001918.1	96.591	88	3	0	4893378	4893465	3811998	3812085	1.50e-31	147
CP035466.1	CP001918.1	100.000	79	0	0	119435	119513	4134925	4135003	1.50e-31	147
CP035466.1	CP001918.1	100.000	79	0	0	119701	119779	4134925	4135003	1.50e-31	147
CP035466.1	CP001918.1	100.000	79	0	0	244836	244914	4246868	4246946	1.50e-31	147
CP035466.1	CP001918.1	98.780	82	0	1	1690399	1690479	555317	555398	5.40e-31	145
CP035466.1	CP001918.1	100.000	78	0	0	1690105	1690182	555437	555514	5.40e-31	145
CP035466.1	CP001918.1	84.667	150	17	5	4240554	4240700	2538280	2538426	5.40e-31	145
CP035466.1	CP001918.1	98.780	82	0	1	2785428	2785509	3035454	3035374	5.40e-31	145
CP035466.1	CP001918.1	100.000	78	0	0	2785428	2785505	3035774	3035697	5.40e-31	145
CP035466.1	CP001918.1	100.000	78	0	0	2722104	2722181	3099195	3099118	5.40e-31	145
CP035466.1	CP001918.1	98.765	81	1	0	2786042	2786122	3814974	3815054	5.40e-31	145
CP035466.1	CP001918.1	100.000	78	0	0	2785428	2785505	3814977	3815054	5.40e-31	145
CP035466.1	CP001918.1	98.750	80	1	0	1690399	1690478	1396070	1396149	1.94e-30	143
CP035466.1	CP001918.1	77.165	254	52	6	3845441	3845691	1826803	1826553	1.94e-30	143
CP035466.1	CP001918.1	100.000	77	0	0	2785427	2785503	3035553	3035477	1.94e-30	143
CP035466.1	CP001918.1	100.000	77	0	0	692729	692805	4246723	4246647	1.94e-30	143
CP035466.1	CP001918.1	100.000	77	0	0	692729	692805	4246834	4246758	1.94e-30	143
CP035466.1	CP001918.1	100.000	77	0	0	692729	692805	4246944	4246868	1.94e-30	143
CP035466.1	CP001918.1	98.750	80	1	0	244958	245037	4674953	4674874	1.94e-30	143
CP035466.1	CP001918.1	98.750	80	1	0	244836	244915	4674953	4674874	1.94e-30	143
CP035466.1	CP001918.1	100.000	77	0	0	245080	245156	4674953	4674877	1.94e-30	143
CP035466.1	CP001918.1	95.556	90	1	2	1690252	1690341	1396070	1396156	6.99e-30	141
CP035466.1	CP001918.1	100.000	76	0	0	1690105	1690180	1396070	1396145	6.99e-30	141
CP035466.1	CP001918.1	97.561	82	2	0	2785617	2785698	3035454	3035373	6.99e-30	141
CP035466.1	CP001918.1	100.000	76	0	0	2785922	2785997	3035454	3035379	6.99e-30	141
CP035466.1	CP001918.1	98.734	79	1	0	2785617	2785695	3035552	3035474	6.99e-30	141
CP035466.1	CP001918.1	100.000	76	0	0	4896497	4896572	3035552	3035477	6.99e-30	141
CP035466.1	CP001918.1	96.471	85	3	0	2785617	2785701	3035956	3035872	6.99e-30	141
CP035466.1	CP001918.1	97.590	83	1	1	4896497	4896579	3035956	3035875	6.99e-30	141
CP035466.1	CP001918.1	97.590	83	1	1	2785922	2786004	3035956	3035875	6.99e-30	141
CP035466.1	CP001918.1	98.750	80	0	1	2786250	2786328	3035960	3035881	6.99e-30	141
CP035466.1	CP001918.1	100.000	76	0	0	2786045	2786120	3035956	3035881	6.99e-30	141
CP035466.1	CP001918.1	98.734	79	1	0	2722333	2722411	3098690	3098612	6.99e-30	141
CP035466.1	CP001918.1	97.590	83	0	2	2722433	2722515	3098881	3098801	6.99e-30	141
CP035466.1	CP001918.1	100.000	76	0	0	2722544	2722619	3098988	3098913	6.99e-30	141
CP035466.1	CP001918.1	98.734	79	1	0	2722735	2722813	3099082	3099004	6.99e-30	141
CP035466.1	CP001918.1	100.000	76	0	0	2786253	2786328	3814977	3815052	6.99e-30	141
CP035466.1	CP001918.1	88.034	117	14	0	248	364	5068015	5068131	2.51e-29	139
CP035466.1	CP001918.1	78.829	222	34	7	4490243	4490462	1931229	1931019	9.04e-29	137
CP035466.1	CP001918.1	80.526	190	28	6	2722434	2722619	3099305	3099121	9.04e-29	137
CP035466.1	CP001918.1	92.632	95	5	2	469419	469512	407682	407589	3.25e-28	135
CP035466.1	CP001918.1	100.000	72	0	0	5062580	5062651	385988	385917	1.17e-27	134
CP035466.1	CP001918.1	75.161	310	64	11	4766380	4766684	2765515	2765214	1.17e-27	134
CP035466.1	CP001918.1	97.436	78	2	0	5062574	5062651	4018719	4018796	1.17e-27	134
CP035466.1	CP001918.1	100.000	72	0	0	5062580	5062651	5062722	5062793	1.17e-27	134
CP035466.1	CP001918.1	97.436	78	2	0	5062574	5062651	5266217	5266294	1.17e-27	134
CP035466.1	CP001918.1	96.250	80	3	0	3214552	3214631	2650704	2650625	4.21e-27	132
CP035466.1	CP001918.1	100.000	70	0	0	5062582	5062651	1020818	1020749	1.51e-26	130
CP035466.1	CP001918.1	75.000	316	61	15	10324	10630	3031111	3031417	1.51e-26	130
CP035466.1	CP001918.1	100.000	70	0	0	5062582	5062651	4785093	4785162	1.51e-26	130
CP035466.1	CP001918.1	98.630	73	1	0	5062579	5062651	5149252	5149324	1.51e-26	130
CP035466.1	CP001918.1	91.489	94	8	0	248	341	5271428	5271521	1.51e-26	130
CP035466.1	CP001918.1	98.611	72	1	0	5062580	5062651	270269	270198	5.44e-26	128
CP035466.1	CP001918.1	90.816	98	6	2	2714643	2714739	3106659	3106564	5.44e-26	128
CP035466.1	CP001918.1	76.226	265	47	10	1459093	1459349	2047923	2047667	1.96e-25	126
CP035466.1	CP001918.1	88.889	99	11	0	3377691	3377789	408464	408366	2.53e-24	122
CP035466.1	CP001918.1	82.857	140	20	4	1023984	1024121	1668590	1668453	2.53e-24	122
CP035466.1	CP001918.1	87.736	106	11	1	3377691	3377794	2753147	2753042	2.53e-24	122
CP035466.1	CP001918.1	88.889	99	11	0	3377691	3377789	4319144	4319242	2.53e-24	122
CP035466.1	CP001918.1	88.776	98	11	0	3377691	3377788	2184171	2184268	9.11e-24	121
CP035466.1	CP001918.1	97.183	71	2	0	3083053	3083123	2711650	2711580	9.11e-24	121
CP035466.1	CP001918.1	97.183	71	2	0	3083053	3083123	2714829	2714759	9.11e-24	121
CP035466.1	CP001918.1	88.776	98	11	0	3377691	3377788	2829946	2829849	9.11e-24	121
CP035466.1	CP001918.1	88.776	98	11	0	3377691	3377788	2983219	2983122	9.11e-24	121
CP035466.1	CP001918.1	88.776	98	11	0	3377691	3377788	3566402	3566305	9.11e-24	121
CP035466.1	CP001918.1	88.776	98	11	0	3377691	3377788	3673543	3673640	9.11e-24	121
CP035466.1	CP001918.1	93.750	80	5	0	4935172	4935251	3850852	3850931	9.11e-24	121
CP035466.1	CP001918.1	76.543	243	39	18	4294968	4295203	2521761	2521992	1.18e-22	117
CP035466.1	CP001918.1	93.590	78	5	0	1484140	1484217	3243736	3243659	1.18e-22	117
CP035466.1	CP001918.1	90.805	87	8	0	507832	507918	3322220	3322134	1.18e-22	117
CP035466.1	CP001918.1	95.833	72	3	0	5062580	5062651	4784842	4784913	1.18e-22	117
CP035466.1	CP001918.1	92.500	80	6	0	3562758	3562837	2394521	2394442	4.24e-22	115
CP035466.1	CP001918.1	92.500	80	6	0	3562918	3562997	2394602	2394523	4.24e-22	115
CP035466.1	CP001918.1	74.086	301	66	9	2761962	2762256	1990610	1990904	1.52e-21	113
CP035466.1	CP001918.1	80.263	152	26	4	4490389	4490538	3300916	3301065	5.48e-21	111
CP035466.1	CP001918.1	87.129	101	8	5	507821	507918	187351	187253	1.97e-20	110
CP035466.1	CP001918.1	73.098	368	75	16	3466028	3466383	2967621	2967976	1.97e-20	110
CP035466.1	CP001918.1	91.250	80	7	0	2261187	2261266	3812206	3812127	1.97e-20	110
CP035466.1	CP001918.1	91.250	80	7	0	1476930	1477009	3812206	3812127	1.97e-20	110
CP035466.1	CP001918.1	91.250	80	7	0	1297258	1297337	3812206	3812127	1.97e-20	110
CP035466.1	CP001918.1	87.368	95	10	2	469418	469510	416360	416266	7.09e-20	108
CP035466.1	CP001918.1	88.636	88	8	2	1206480	1206565	23556	23469	2.55e-19	106
CP035466.1	CP001918.1	92.000	75	6	0	925934	926008	1401455	1401529	2.55e-19	106
CP035466.1	CP001918.1	78.395	162	35	0	4741783	4741944	1668477	1668638	2.55e-19	106
CP035466.1	CP001918.1	100.000	57	0	0	469615	469671	4415587	4415643	2.55e-19	106
CP035466.1	CP001918.1	100.000	57	0	0	1649361	1649417	4415643	4415587	2.55e-19	106
CP035466.1	CP001918.1	90.909	77	7	0	4893273	4893349	382722	382646	9.17e-19	104
CP035466.1	CP001918.1	90.909	77	7	0	4893273	4893349	1017555	1017479	9.17e-19	104
CP035466.1	CP001918.1	89.286	84	8	1	914084	914166	3747895	3747812	9.17e-19	104
CP035466.1	CP001918.1	90.909	77	7	0	2261190	2261266	3812086	3812010	9.17e-19	104
CP035466.1	CP001918.1	90.909	77	7	0	1476933	1477009	3812086	3812010	9.17e-19	104
CP035466.1	CP001918.1	90.909	77	7	0	1297261	1297337	3812086	3812010	9.17e-19	104
CP035466.1	CP001918.1	90.909	77	7	0	4893273	4893349	5065988	5066064	9.17e-19	104
CP035466.1	CP001918.1	90.909	77	7	0	4893273	4893349	5152523	5152599	9.17e-19	104
CP035466.1	CP001918.1	90.789	76	7	0	2722214	2722289	3098987	3098912	3.30e-18	102
CP035466.1	CP001918.1	90.789	76	7	0	2722434	2722509	3099195	3099120	3.30e-18	102
CP035466.1	CP001918.1	85.437	103	9	4	1295099	1295198	5068114	5068015	3.30e-18	102
CP035466.1	CP001918.1	90.667	75	7	0	2722104	2722178	3098880	3098806	1.19e-17	100
CP035466.1	CP001918.1	90.789	76	4	3	919943	920018	1890106	1890178	4.27e-17	99.0
CP035466.1	CP001918.1	91.781	73	2	3	394898	394968	3722675	3722605	4.27e-17	99.0
CP035466.1	CP001918.1	90.541	74	5	2	914088	914161	2939404	2939333	1.53e-16	97.1
CP035466.1	CP001918.1	95.082	61	3	0	248	308	5154558	5154618	1.53e-16	97.1
CP035466.1	CP001918.1	70.874	515	122	25	917584	918084	303514	303014	5.52e-16	95.3
CP035466.1	CP001918.1	95.082	61	2	1	1649554	1649614	416301	416360	5.52e-16	95.3
CP035466.1	CP001918.1	95.000	60	3	0	3214552	3214611	2647592	2647533	5.52e-16	95.3
CP035466.1	CP001918.1	95.000	60	3	0	3214552	3214611	2650522	2650463	5.52e-16	95.3
CP035466.1	CP001918.1	88.462	78	9	0	933964	934041	4940953	4941030	5.52e-16	95.3
CP035466.1	CP001918.1	89.610	77	5	3	914088	914161	5021807	5021731	5.52e-16	95.3
CP035466.1	CP001918.1	96.491	57	1	1	1152376	1152432	100417	100362	1.98e-15	93.5
CP035466.1	CP001918.1	98.113	53	1	0	4782253	4782305	718840	718788	1.98e-15	93.5
CP035466.1	CP001918.1	98.113	53	1	0	4782253	4782305	977931	977879	1.98e-15	93.5
CP035466.1	CP001918.1	90.411	73	4	1	919943	920015	2555219	2555150	1.98e-15	93.5
CP035466.1	CP001918.1	88.462	78	8	1	919942	920018	3747892	3747815	1.98e-15	93.5
CP035466.1	CP001918.1	93.548	62	4	0	1295137	1295198	4024116	4024055	1.98e-15	93.5
CP035466.1	CP001918.1	89.474	76	5	3	919943	920018	4620227	4620299	1.98e-15	93.5
CP035466.1	CP001918.1	94.915	59	2	1	1649196	1649254	407593	407650	7.14e-15	91.6
CP035466.1	CP001918.1	88.312	77	8	1	914088	914163	1897794	1897718	7.14e-15	91.6
CP035466.1	CP001918.1	96.364	55	2	0	4782252	4782306	2142622	2142676	7.14e-15	91.6
CP035466.1	CP001918.1	89.189	74	6	1	919943	920016	2939404	2939333	7.14e-15	91.6
CP035466.1	CP001918.1	89.333	75	3	3	919942	920016	344055	343986	2.57e-14	89.8
CP035466.1	CP001918.1	93.443	61	3	1	4782254	4782313	678721	678661	2.57e-14	89.8
CP035466.1	CP001918.1	74.370	238	48	12	1167838	1168069	2173776	2173546	2.57e-14	89.8
CP035466.1	CP001918.1	93.333	60	4	0	3218020	3218079	2647592	2647533	2.57e-14	89.8
CP035466.1	CP001918.1	93.333	60	4	0	3218020	3218079	2650522	2650463	2.57e-14	89.8
CP035466.1	CP001918.1	100.000	48	0	0	4896758	4896805	3035646	3035599	2.57e-14	89.8
CP035466.1	CP001918.1	88.462	78	3	2	914086	914163	3385022	3385093	2.57e-14	89.8
CP035466.1	CP001918.1	89.041	73	5	2	914088	914160	2555219	2555150	9.24e-14	87.9
CP035466.1	CP001918.1	88.312	77	3	4	919942	920018	3385023	3385093	9.24e-14	87.9
CP035466.1	CP001918.1	88.158	76	5	3	919943	920018	3868685	3868756	9.24e-14	87.9
CP035466.1	CP001918.1	88.158	76	6	3	919942	920017	5036933	5036861	9.24e-14	87.9
CP035466.1	CP001918.1	93.103	58	4	0	4782253	4782310	276427	276370	3.32e-13	86.1
CP035466.1	CP001918.1	96.154	52	2	0	4782253	4782304	340228	340279	3.32e-13	86.1
CP035466.1	CP001918.1	86.250	80	9	2	1931877	1931954	826774	826853	3.32e-13	86.1
CP035466.1	CP001918.1	90.625	64	6	0	4782254	4782317	2597343	2597406	3.32e-13	86.1
CP035466.1	CP001918.1	93.103	58	4	0	4490400	4490457	2765444	2765501	3.32e-13	86.1
CP035466.1	CP001918.1	96.154	52	2	0	4782255	4782306	3080979	3080928	3.32e-13	86.1
CP035466.1	CP001918.1	86.420	81	7	4	1931876	1931954	3747893	3747815	3.32e-13	86.1
CP035466.1	CP001918.1	96.154	52	2	0	4782252	4782303	4898646	4898697	3.32e-13	86.1
CP035466.1	CP001918.1	94.444	54	3	0	4782252	4782305	3009912	3009965	1.19e-12	84.2
CP035466.1	CP001918.1	94.545	55	2	1	56961	57014	4051108	4051162	1.19e-12	84.2
CP035466.1	CP001918.1	86.250	80	7	3	919937	920016	4902452	4902527	1.19e-12	84.2
CP035466.1	CP001918.1	94.340	53	3	0	4782252	4782304	369506	369558	4.30e-12	82.4
CP035466.1	CP001918.1	96.000	50	2	0	4782255	4782304	2996050	2996099	4.30e-12	82.4
CP035466.1	CP001918.1	87.013	77	4	4	914087	914163	3379223	3379293	4.30e-12	82.4
CP035466.1	CP001918.1	94.340	53	3	0	4782253	4782305	4093530	4093478	4.30e-12	82.4
CP035466.1	CP001918.1	97.826	46	1	0	4782253	4782298	2841741	2841786	1.55e-11	80.5
CP035466.1	CP001918.1	94.231	52	3	0	4782254	4782305	2935143	2935194	1.55e-11	80.5
CP035466.1	CP001918.1	86.250	80	3	3	3291168	3291247	4661243	4661172	1.55e-11	80.5
CP035466.1	CP001918.1	87.324	71	7	2	4782248	4782317	5162694	5162625	1.55e-11	80.5
CP035466.1	CP001918.1	87.879	66	8	0	4809601	4809666	12602	12667	5.56e-11	78.7
CP035466.1	CP001918.1	84.091	88	6	6	914086	914166	542195	542109	5.56e-11	78.7
CP035466.1	CP001918.1	92.593	54	4	0	4782249	4782302	648841	648894	5.56e-11	78.7
CP035466.1	CP001918.1	83.750	80	13	0	3307415	3307494	54950	54871	2.00e-10	76.8
CP035466.1	CP001918.1	88.889	63	5	2	1649356	1649417	407589	407650	2.00e-10	76.8
CP035466.1	CP001918.1	84.524	84	6	4	919940	920018	826772	826853	2.00e-10	76.8
CP035466.1	CP001918.1	90.164	61	3	3	4782254	4782313	926194	926136	2.00e-10	76.8
CP035466.1	CP001918.1	92.453	53	4	0	4782260	4782312	1310948	1310896	2.00e-10	76.8
CP035466.1	CP001918.1	92.453	53	4	0	4782253	4782305	3173896	3173948	2.00e-10	76.8
CP035466.1	CP001918.1	85.526	76	7	3	914088	914163	3868685	3868756	2.00e-10	76.8
CP035466.1	CP001918.1	84.337	83	8	5	4809590	4809668	4661250	4661169	2.00e-10	76.8
CP035466.1	CP001918.1	83.908	87	7	5	1931874	1931957	4926605	4926687	2.00e-10	76.8
CP035466.1	CP001918.1	94.000	50	3	0	4782253	4782302	4977497	4977546	2.00e-10	76.8
CP035466.1	CP001918.1	100.000	40	0	0	1597507	1597546	187249	187210	7.19e-10	75.0
CP035466.1	CP001918.1	87.879	66	5	3	469615	469679	407650	407587	7.19e-10	75.0
CP035466.1	CP001918.1	95.652	46	2	0	4782253	4782298	671528	671483	7.19e-10	75.0
CP035466.1	CP001918.1	97.674	43	1	0	2821143	2821185	2446643	2446601	7.19e-10	75.0
CP035466.1	CP001918.1	85.714	77	2	7	1790620	1790694	720608	720677	2.59e-09	73.1
CP035466.1	CP001918.1	84.211	76	9	2	1790620	1790694	58669	58596	9.30e-09	71.3
CP035466.1	CP001918.1	100.000	38	0	0	1931917	1931954	718786	718749	9.30e-09	71.3
CP035466.1	CP001918.1	83.333	84	7	5	914087	914165	826774	826855	9.30e-09	71.3
CP035466.1	CP001918.1	89.286	56	6	0	2229336	2229391	987758	987813	9.30e-09	71.3
CP035466.1	CP001918.1	84.932	73	7	4	919942	920012	2047654	2047584	9.30e-09	71.3
CP035466.1	CP001918.1	87.302	63	6	2	1023062	1023123	3581338	3581277	9.30e-09	71.3
CP035466.1	CP001918.1	97.561	41	1	0	1002585	1002625	4661210	4661250	9.30e-09	71.3
CP035466.1	CP001918.1	100.000	37	0	0	618740	618776	336083	336047	3.35e-08	69.4
CP035466.1	CP001918.1	95.455	44	0	2	394929	394972	371576	371535	3.35e-08	69.4
CP035466.1	CP001918.1	83.117	77	11	2	1931878	1931954	809417	809343	3.35e-08	69.4
CP035466.1	CP001918.1	100.000	37	0	0	1597507	1597543	3322130	3322094	3.35e-08	69.4
CP035466.1	CP001918.1	95.455	44	1	1	618730	618772	4352865	4352822	3.35e-08	69.4
CP035466.1	CP001918.1	100.000	37	0	0	618740	618776	4624153	4624189	3.35e-08	69.4
CP035466.1	CP001918.1	93.617	47	2	1	4782253	4782298	4878628	4878582	3.35e-08	69.4
CP035466.1	CP001918.1	100.000	37	0	0	3505891	3505927	5036901	5036937	3.35e-08	69.4
CP035466.1	CP001918.1	100.000	36	0	0	507997	508032	187248	187213	1.20e-07	67.6
CP035466.1	CP001918.1	84.000	75	7	2	914087	914161	344055	343986	1.20e-07	67.6
CP035466.1	CP001918.1	86.885	61	6	2	4782258	4782317	592900	592841	1.20e-07	67.6
CP035466.1	CP001918.1	83.544	79	6	5	914088	914163	809417	809343	1.20e-07	67.6
CP035466.1	CP001918.1	91.837	49	3	1	618724	618772	1310846	1310893	1.20e-07	67.6
CP035466.1	CP001918.1	97.436	39	1	0	388035	388073	1971634	1971672	1.20e-07	67.6
CP035466.1	CP001918.1	100.000	36	0	0	618740	618775	2946757	2946792	1.20e-07	67.6
CP035466.1	CP001918.1	100.000	36	0	0	618739	618774	3010008	3009973	1.20e-07	67.6
CP035466.1	CP001918.1	97.436	39	1	0	4782265	4782303	3181706	3181668	1.20e-07	67.6
CP035466.1	CP001918.1	100.000	36	0	0	507997	508032	3322129	3322094	1.20e-07	67.6
CP035466.1	CP001918.1	95.238	42	2	0	618734	618775	3616339	3616380	1.20e-07	67.6
CP035466.1	CP001918.1	84.722	72	5	4	4809601	4809666	4446949	4447020	1.20e-07	67.6
CP035466.1	CP001918.1	97.436	39	1	0	671605	671643	4661210	4661248	1.20e-07	67.6
CP035466.1	CP001918.1	87.302	63	3	3	4240642	4240701	4920114	4920054	1.20e-07	67.6
CP035466.1	CP001918.1	100.000	35	0	0	2666798	2666832	184868	184902	4.33e-07	65.8
CP035466.1	CP001918.1	95.122	41	2	0	1964335	1964375	766209	766249	4.33e-07	65.8
CP035466.1	CP001918.1	84.211	76	3	3	1931878	1931953	855556	855622	4.33e-07	65.8
CP035466.1	CP001918.1	100.000	35	0	0	2666798	2666832	937750	937716	4.33e-07	65.8
CP035466.1	CP001918.1	100.000	35	0	0	618740	618774	1274853	1274819	4.33e-07	65.8
CP035466.1	CP001918.1	95.122	41	2	0	2888153	2888193	1952733	1952693	4.33e-07	65.8
CP035466.1	CP001918.1	100.000	35	0	0	1931923	1931957	3385062	3385096	4.33e-07	65.8
CP035466.1	CP001918.1	97.368	38	1	0	4782266	4782303	3616420	3616383	4.33e-07	65.8
CP035466.1	CP001918.1	91.667	48	2	2	1076762	1076807	3831784	3831737	4.33e-07	65.8
CP035466.1	CP001918.1	100.000	35	0	0	2666798	2666832	4478516	4478482	4.33e-07	65.8
CP035466.1	CP001918.1	100.000	35	0	0	919984	920018	4676708	4676674	4.33e-07	65.8
CP035466.1	CP001918.1	100.000	35	0	0	1931921	1931955	4889106	4889072	4.33e-07	65.8
CP035466.1	CP001918.1	100.000	35	0	0	5012805	5012839	5164127	5164093	4.33e-07	65.8
CP035466.1	CP001918.1	97.368	38	0	1	4157637	4157673	23423	23460	1.56e-06	63.9
CP035466.1	CP001918.1	100.000	34	0	0	450913	450946	344054	344021	1.56e-06	63.9
CP035466.1	CP001918.1	100.000	34	0	0	450913	450946	542193	542160	1.56e-06	63.9
CP035466.1	CP001918.1	100.000	34	0	0	2074375	2074408	717534	717501	1.56e-06	63.9
CP035466.1	CP001918.1	97.368	38	0	1	3291416	3291453	718786	718750	1.56e-06	63.9
CP035466.1	CP001918.1	100.000	34	0	0	1391495	1391528	761476	761509	1.56e-06	63.9
CP035466.1	CP001918.1	100.000	34	0	0	1480536	1480569	761476	761509	1.56e-06	63.9
CP035466.1	CP001918.1	100.000	34	0	0	1860963	1860996	761476	761509	1.56e-06	63.9
CP035466.1	CP001918.1	100.000	34	0	0	1649145	1649178	761544	761511	1.56e-06	63.9
CP035466.1	CP001918.1	100.000	34	0	0	914086	914119	977839	977872	1.56e-06	63.9
CP035466.1	CP001918.1	97.368	38	0	1	1076762	1076798	1083280	1083317	1.56e-06	63.9
CP035466.1	CP001918.1	97.368	38	0	1	919938	919974	1160636	1160599	1.56e-06	63.9
CP035466.1	CP001918.1	100.000	34	0	0	3505891	3505924	1160599	1160632	1.56e-06	63.9
CP035466.1	CP001918.1	81.481	81	12	2	914087	914164	1371297	1371217	1.56e-06	63.9
CP035466.1	CP001918.1	100.000	34	0	0	450913	450946	1371296	1371263	1.56e-06	63.9
CP035466.1	CP001918.1	95.122	41	1	1	4809629	4809668	1525898	1525858	1.56e-06	63.9
CP035466.1	CP001918.1	97.368	38	0	1	139755	139791	2043185	2043222	1.56e-06	63.9
CP035466.1	CP001918.1	100.000	34	0	0	2666798	2666831	2683615	2683582	1.56e-06	63.9
CP035466.1	CP001918.1	100.000	34	0	0	919942	919975	2926724	2926691	1.56e-06	63.9
CP035466.1	CP001918.1	82.051	78	10	3	914087	914161	3182536	3182460	1.56e-06	63.9
CP035466.1	CP001918.1	97.297	37	1	0	618740	618776	3214459	3214423	1.56e-06	63.9
CP035466.1	CP001918.1	97.297	37	1	0	4157639	4157675	4446979	4446943	1.56e-06	63.9
CP035466.1	CP001918.1	93.182	44	1	2	618741	618784	4603993	4603952	1.56e-06	63.9
CP035466.1	CP001918.1	97.297	37	1	0	3979369	3979405	4661247	4661211	1.56e-06	63.9
CP035466.1	CP001918.1	100.000	34	0	0	3291420	3291453	4889107	4889074	1.56e-06	63.9
CP035466.1	CP001918.1	81.609	87	6	9	1790613	1790695	4890760	4890840	1.56e-06	63.9
CP035466.1	CP001918.1	97.297	37	1	0	4157639	4157675	5135209	5135173	1.56e-06	63.9
CP035466.1	CP001918.1	100.000	34	0	0	2666800	2666833	5212572	5212605	1.56e-06	63.9
CP035466.1	CP001918.1	97.297	37	1	0	1931921	1931957	5305998	5305962	1.56e-06	63.9
CP035466.1	CP001918.1	100.000	34	0	0	3291420	3291453	5305999	5305966	1.56e-06	63.9
CP035466.1	CP001918.1	100.000	33	0	0	2666800	2666832	16999	16967	5.60e-06	62.1
CP035466.1	CP001918.1	100.000	33	0	0	919986	920018	336037	336005	5.60e-06	62.1
CP035466.1	CP001918.1	100.000	33	0	0	1146846	1146878	344022	344054	5.60e-06	62.1
CP035466.1	CP001918.1	100.000	33	0	0	1146846	1146878	542161	542193	5.60e-06	62.1
CP035466.1	CP001918.1	100.000	33	0	0	914087	914119	589562	589594	5.60e-06	62.1
CP035466.1	CP001918.1	97.222	36	1	0	914130	914165	718782	718747	5.60e-06	62.1
CP035466.1	CP001918.1	100.000	33	0	0	919942	919974	756413	756445	5.60e-06	62.1
CP035466.1	CP001918.1	100.000	33	0	0	3505891	3505923	756445	756413	5.60e-06	62.1
CP035466.1	CP001918.1	100.000	33	0	0	1525344	1525376	761476	761508	5.60e-06	62.1
CP035466.1	CP001918.1	100.000	33	0	0	1731342	1731374	761508	761476	5.60e-06	62.1
CP035466.1	CP001918.1	81.818	77	11	3	919943	920018	809417	809343	5.60e-06	62.1
CP035466.1	CP001918.1	97.222	36	1	0	914088	914123	934441	934476	5.60e-06	62.1
CP035466.1	CP001918.1	100.000	33	0	0	450913	450945	934441	934473	5.60e-06	62.1
CP035466.1	CP001918.1	100.000	33	0	0	1146846	1146878	934473	934441	5.60e-06	62.1
CP035466.1	CP001918.1	100.000	33	0	0	450913	450945	977841	977873	5.60e-06	62.1
CP035466.1	CP001918.1	100.000	33	0	0	1146846	1146878	977873	977841	5.60e-06	62.1
CP035466.1	CP001918.1	93.023	43	1	2	2320346	2320386	1119142	1119100	5.60e-06	62.1
CP035466.1	CP001918.1	100.000	33	0	0	1146846	1146878	1371264	1371296	5.60e-06	62.1
CP035466.1	CP001918.1	97.222	36	1	0	1480371	1480406	1519171	1519206	5.60e-06	62.1
CP035466.1	CP001918.1	100.000	33	0	0	1146846	1146878	1897762	1897794	5.60e-06	62.1
CP035466.1	CP001918.1	100.000	33	0	0	450913	450945	1897794	1897762	5.60e-06	62.1
CP035466.1	CP001918.1	97.222	36	1	0	1146843	1146878	2555184	2555219	5.60e-06	62.1
CP035466.1	CP001918.1	100.000	33	0	0	450913	450945	2555219	2555187	5.60e-06	62.1
CP035466.1	CP001918.1	100.000	33	0	0	4157640	4157672	2701911	2701943	5.60e-06	62.1
CP035466.1	CP001918.1	100.000	33	0	0	3505891	3505923	2926692	2926724	5.60e-06	62.1
CP035466.1	CP001918.1	97.222	36	1	0	618737	618772	3173988	3173953	5.60e-06	62.1
CP035466.1	CP001918.1	86.207	58	7	1	2769028	2769084	3182517	3182460	5.60e-06	62.1
CP035466.1	CP001918.1	100.000	33	0	0	914087	914119	3375186	3375218	5.60e-06	62.1
CP035466.1	CP001918.1	95.000	40	1	1	1146840	1146878	3385063	3385024	5.60e-06	62.1
CP035466.1	CP001918.1	100.000	33	0	0	3291421	3291453	3747848	3747816	5.60e-06	62.1
CP035466.1	CP001918.1	100.000	33	0	0	1790664	1790696	4128822	4128790	5.60e-06	62.1
CP035466.1	CP001918.1	95.000	40	0	2	919987	920026	4889104	4889067	5.60e-06	62.1
CP035466.1	CP001918.1	100.000	33	0	0	3505891	3505923	4926640	4926608	5.60e-06	62.1
CP035466.1	CP001918.1	100.000	33	0	0	618740	618772	4933927	4933959	5.60e-06	62.1
CP035466.1	CP001918.1	100.000	33	0	0	1745684	1745716	5158785	5158817	5.60e-06	62.1
CP035466.1	CP001918.1	100.000	33	0	0	914088	914120	5189491	5189523	5.60e-06	62.1
CP035466.1	CP001918.1	97.222	36	1	0	914088	914123	5255204	5255239	5.60e-06	62.1
CP035466.1	CP001918.1	91.304	46	3	1	1931922	1931967	5289288	5289244	5.60e-06	62.1
CP035466.1	CP001918.1	100.000	32	0	0	3648111	3648142	34480	34511	2.01e-05	60.2
CP035466.1	CP001918.1	100.000	32	0	0	1931923	1931954	336036	336005	2.01e-05	60.2
CP035466.1	CP001918.1	94.872	39	0	1	3291423	3291459	344015	343977	2.01e-05	60.2
CP035466.1	CP001918.1	97.143	35	1	0	687788	687822	364164	364198	2.01e-05	60.2
CP035466.1	CP001918.1	100.000	32	0	0	450913	450944	589563	589594	2.01e-05	60.2
CP035466.1	CP001918.1	100.000	32	0	0	1146847	1146878	589594	589563	2.01e-05	60.2
CP035466.1	CP001918.1	100.000	32	0	0	394900	394931	635925	635956	2.01e-05	60.2
CP035466.1	CP001918.1	100.000	32	0	0	919987	920018	718780	718749	2.01e-05	60.2
CP035466.1	CP001918.1	100.000	32	0	0	4157640	4157671	720639	720608	2.01e-05	60.2
CP035466.1	CP001918.1	100.000	32	0	0	2842531	2842562	720646	720677	2.01e-05	60.2
CP035466.1	CP001918.1	97.143	35	1	0	884419	884453	761507	761473	2.01e-05	60.2
CP035466.1	CP001918.1	97.143	35	1	0	1731256	1731290	761508	761474	2.01e-05	60.2
CP035466.1	CP001918.1	100.000	32	0	0	5062342	5062373	761507	761476	2.01e-05	60.2
CP035466.1	CP001918.1	100.000	32	0	0	741903	741934	761477	761508	2.01e-05	60.2
CP035466.1	CP001918.1	100.000	32	0	0	2051339	2051370	761477	761508	2.01e-05	60.2
CP035466.1	CP001918.1	100.000	32	0	0	5062479	5062510	761509	761478	2.01e-05	60.2
CP035466.1	CP001918.1	100.000	32	0	0	1860800	1860831	761478	761509	2.01e-05	60.2
CP035466.1	CP001918.1	100.000	32	0	0	139760	139791	783923	783954	2.01e-05	60.2
CP035466.1	CP001918.1	100.000	32	0	0	919986	920017	1103890	1103921	2.01e-05	60.2
CP035466.1	CP001918.1	100.000	32	0	0	3790337	3790368	1124080	1124111	2.01e-05	60.2
CP035466.1	CP001918.1	97.143	35	1	0	671604	671638	1160597	1160631	2.01e-05	60.2
CP035466.1	CP001918.1	91.111	45	3	1	1525336	1525379	1519162	1519206	2.01e-05	60.2
CP035466.1	CP001918.1	100.000	32	0	0	5062481	5062512	1519202	1519171	2.01e-05	60.2
CP035466.1	CP001918.1	100.000	32	0	0	1860798	1860829	1519171	1519202	2.01e-05	60.2
CP035466.1	CP001918.1	100.000	32	0	0	919943	919974	1652896	1652927	2.01e-05	60.2
CP035466.1	CP001918.1	100.000	32	0	0	3505891	3505922	1652927	1652896	2.01e-05	60.2
CP035466.1	CP001918.1	100.000	32	0	0	3505891	3505922	1890137	1890106	2.01e-05	60.2
CP035466.1	CP001918.1	100.000	32	0	0	3505893	3505924	2047624	2047655	2.01e-05	60.2
CP035466.1	CP001918.1	100.000	32	0	0	5012809	5012840	2133046	2133077	2.01e-05	60.2
CP035466.1	CP001918.1	100.000	32	0	0	3291421	3291452	2939364	2939333	2.01e-05	60.2
CP035466.1	CP001918.1	100.000	32	0	0	1931921	1931952	2939364	2939333	2.01e-05	60.2
CP035466.1	CP001918.1	100.000	32	0	0	1146847	1146878	2939373	2939404	2.01e-05	60.2
CP035466.1	CP001918.1	100.000	32	0	0	450913	450944	2939404	2939373	2.01e-05	60.2
CP035466.1	CP001918.1	94.872	39	1	1	914088	914125	2946829	2946791	2.01e-05	60.2
CP035466.1	CP001918.1	100.000	32	0	0	1146847	1146878	2946798	2946829	2.01e-05	60.2
CP035466.1	CP001918.1	100.000	32	0	0	450913	450944	2946829	2946798	2.01e-05	60.2
CP035466.1	CP001918.1	97.143	35	1	0	914083	914117	3017767	3017801	2.01e-05	60.2
CP035466.1	CP001918.1	100.000	32	0	0	1146847	1146878	3182504	3182535	2.01e-05	60.2
CP035466.1	CP001918.1	100.000	32	0	0	450913	450944	3182535	3182504	2.01e-05	60.2
CP035466.1	CP001918.1	100.000	32	0	0	450913	450944	3375187	3375218	2.01e-05	60.2
CP035466.1	CP001918.1	100.000	32	0	0	1146847	1146878	3375218	3375187	2.01e-05	60.2
CP035466.1	CP001918.1	100.000	32	0	0	450913	450944	3379224	3379255	2.01e-05	60.2
CP035466.1	CP001918.1	100.000	32	0	0	1146847	1146878	3379255	3379224	2.01e-05	60.2
CP035466.1	CP001918.1	100.000	32	0	0	450913	450944	3385024	3385055	2.01e-05	60.2
CP035466.1	CP001918.1	97.143	35	1	0	1530165	1530199	3433745	3433711	2.01e-05	60.2
CP035466.1	CP001918.1	92.857	42	2	1	1790658	1790699	3568577	3568617	2.01e-05	60.2
CP035466.1	CP001918.1	100.000	32	0	0	2842533	2842564	3568583	3568614	2.01e-05	60.2
CP035466.1	CP001918.1	97.143	35	1	0	1146850	1146884	3715198	3715164	2.01e-05	60.2
CP035466.1	CP001918.1	94.737	38	2	0	1146841	1146878	3747854	3747891	2.01e-05	60.2
CP035466.1	CP001918.1	100.000	32	0	0	450913	450944	3747891	3747860	2.01e-05	60.2
CP035466.1	CP001918.1	100.000	32	0	0	1931923	1931954	3868725	3868756	2.01e-05	60.2
CP035466.1	CP001918.1	100.000	32	0	0	5012809	5012840	3970918	3970949	2.01e-05	60.2
CP035466.1	CP001918.1	100.000	32	0	0	2842532	2842563	4128822	4128791	2.01e-05	60.2
CP035466.1	CP001918.1	100.000	32	0	0	1790663	1790694	4185686	4185717	2.01e-05	60.2
CP035466.1	CP001918.1	100.000	32	0	0	2842531	2842562	4185686	4185717	2.01e-05	60.2
CP035466.1	CP001918.1	86.207	58	5	2	4809615	4809669	4290788	4290845	2.01e-05	60.2
CP035466.1	CP001918.1	100.000	32	0	0	2842533	2842564	4480505	4480474	2.01e-05	60.2
CP035466.1	CP001918.1	82.051	78	6	6	1790620	1790695	4480546	4480475	2.01e-05	60.2
CP035466.1	CP001918.1	100.000	32	0	0	3505891	3505922	4620258	4620227	2.01e-05	60.2
CP035466.1	CP001918.1	94.737	38	2	0	1171076	1171113	4661248	4661211	2.01e-05	60.2
CP035466.1	CP001918.1	100.000	32	0	0	3979257	3979288	4661242	4661211	2.01e-05	60.2
CP035466.1	CP001918.1	100.000	32	0	0	3979141	3979172	4661242	4661211	2.01e-05	60.2
CP035466.1	CP001918.1	100.000	32	0	0	3979024	3979055	4661242	4661211	2.01e-05	60.2
CP035466.1	CP001918.1	100.000	32	0	0	3978908	3978939	4661242	4661211	2.01e-05	60.2
CP035466.1	CP001918.1	100.000	32	0	0	1931923	1931954	4676705	4676674	2.01e-05	60.2
CP035466.1	CP001918.1	100.000	32	0	0	1146847	1146878	4712481	4712512	2.01e-05	60.2
CP035466.1	CP001918.1	100.000	32	0	0	914088	914119	4712512	4712481	2.01e-05	60.2
CP035466.1	CP001918.1	100.000	32	0	0	450913	450944	4712512	4712481	2.01e-05	60.2
CP035466.1	CP001918.1	100.000	32	0	0	2842533	2842564	4890810	4890841	2.01e-05	60.2
CP035466.1	CP001918.1	92.683	41	3	0	1146838	1146878	5021767	5021807	2.01e-05	60.2
CP035466.1	CP001918.1	100.000	32	0	0	450913	450944	5021807	5021776	2.01e-05	60.2
CP035466.1	CP001918.1	100.000	32	0	0	450913	450944	5189491	5189522	2.01e-05	60.2
CP035466.1	CP001918.1	100.000	32	0	0	1146847	1146878	5189522	5189491	2.01e-05	60.2
CP035466.1	CP001918.1	100.000	32	0	0	450913	450944	5255204	5255235	2.01e-05	60.2
CP035466.1	CP001918.1	100.000	32	0	0	1146847	1146878	5255235	5255204	2.01e-05	60.2
CP035466.1	CP001918.1	92.683	41	3	0	919987	920027	5289287	5289247	2.01e-05	60.2
CP035466.1	CP001918.1	100.000	31	0	0	1745685	1745715	12629	12599	7.24e-05	58.4
CP035466.1	CP001918.1	100.000	31	0	0	1196945	1196975	34481	34511	7.24e-05	58.4
CP035466.1	CP001918.1	100.000	31	0	0	2155429	2155459	34512	34482	7.24e-05	58.4
CP035466.1	CP001918.1	97.059	34	1	0	5012809	5012842	58640	58673	7.24e-05	58.4
CP035466.1	CP001918.1	92.500	40	3	0	88294	88333	232763	232802	7.24e-05	58.4
CP035466.1	CP001918.1	100.000	31	0	0	3291423	3291453	336036	336006	7.24e-05	58.4
CP035466.1	CP001918.1	82.051	78	4	5	1931877	1931952	344055	343986	7.24e-05	58.4
CP035466.1	CP001918.1	94.595	37	2	0	5012810	5012846	542144	542108	7.24e-05	58.4
CP035466.1	CP001918.1	100.000	31	0	0	1745685	1745715	568828	568858	7.24e-05	58.4
CP035466.1	CP001918.1	100.000	31	0	0	2073931	2073961	717534	717504	7.24e-05	58.4
CP035466.1	CP001918.1	94.595	37	2	0	3291365	3291401	718786	718750	7.24e-05	58.4
CP035466.1	CP001918.1	94.595	37	2	0	4077977	4078013	761507	761471	7.24e-05	58.4
CP035466.1	CP001918.1	97.059	34	1	0	2820733	2820766	761474	761507	7.24e-05	58.4
CP035466.1	CP001918.1	97.059	34	1	0	777841	777874	761509	761476	7.24e-05	58.4
CP035466.1	CP001918.1	100.000	31	0	0	1480373	1480403	761478	761508	7.24e-05	58.4
CP035466.1	CP001918.1	100.000	31	0	0	3171365	3171395	761508	761478	7.24e-05	58.4
CP035466.1	CP001918.1	100.000	31	0	0	1790620	1790650	783925	783955	7.24e-05	58.4
CP035466.1	CP001918.1	100.000	31	0	0	3291423	3291453	826822	826852	7.24e-05	58.4
CP035466.1	CP001918.1	100.000	31	0	0	1931923	1931953	1103891	1103921	7.24e-05	58.4
CP035466.1	CP001918.1	100.000	31	0	0	3291423	3291453	1103891	1103921	7.24e-05	58.4
CP035466.1	CP001918.1	84.127	63	6	4	4554038	4554097	1332266	1332205	7.24e-05	58.4
CP035466.1	CP001918.1	92.683	41	2	1	5062342	5062381	1519202	1519162	7.24e-05	58.4
CP035466.1	CP001918.1	92.683	41	2	1	1391487	1391526	1519162	1519202	7.24e-05	58.4
CP035466.1	CP001918.1	92.683	41	2	1	1480528	1480567	1519162	1519202	7.24e-05	58.4
CP035466.1	CP001918.1	92.683	41	2	1	1860955	1860994	1519162	1519202	7.24e-05	58.4
CP035466.1	CP001918.1	97.143	35	0	1	884418	884451	1519203	1519169	7.24e-05	58.4
CP035466.1	CP001918.1	100.000	31	0	0	3171366	3171396	1519202	1519172	7.24e-05	58.4
CP035466.1	CP001918.1	100.000	31	0	0	2820737	2820767	1519173	1519203	7.24e-05	58.4
CP035466.1	CP001918.1	97.059	34	1	0	5012809	5012842	1622558	1622525	7.24e-05	58.4
CP035466.1	CP001918.1	100.000	31	0	0	1790620	1790650	2043193	2043223	7.24e-05	58.4
CP035466.1	CP001918.1	100.000	31	0	0	5012808	5012838	2423369	2423339	7.24e-05	58.4
CP035466.1	CP001918.1	100.000	31	0	0	681408	681438	2985717	2985747	7.24e-05	58.4
CP035466.1	CP001918.1	97.059	34	1	0	2074375	2074408	3106388	3106421	7.24e-05	58.4
CP035466.1	CP001918.1	97.143	35	0	1	919982	920016	3232202	3232235	7.24e-05	58.4
CP035466.1	CP001918.1	100.000	31	0	0	1931922	1931952	3232205	3232235	7.24e-05	58.4
CP035466.1	CP001918.1	100.000	31	0	0	3291422	3291452	3232205	3232235	7.24e-05	58.4
CP035466.1	CP001918.1	100.000	31	0	0	3291423	3291453	3385062	3385092	7.24e-05	58.4
CP035466.1	CP001918.1	100.000	31	0	0	687792	687822	3509980	3509950	7.24e-05	58.4
CP035466.1	CP001918.1	97.059	34	1	0	450908	450941	3715165	3715198	7.24e-05	58.4
CP035466.1	CP001918.1	92.500	40	3	0	914088	914127	3715170	3715209	7.24e-05	58.4
CP035466.1	CP001918.1	100.000	31	0	0	4157641	4157671	3868715	3868685	7.24e-05	58.4
CP035466.1	CP001918.1	100.000	31	0	0	3291423	3291453	3868725	3868755	7.24e-05	58.4
CP035466.1	CP001918.1	100.000	31	0	0	394900	394930	4208632	4208602	7.24e-05	58.4
CP035466.1	CP001918.1	100.000	31	0	0	919986	920016	4334812	4334782	7.24e-05	58.4
CP035466.1	CP001918.1	100.000	31	0	0	394900	394930	4354434	4354464	7.24e-05	58.4
CP035466.1	CP001918.1	100.000	31	0	0	394900	394930	4472323	4472353	7.24e-05	58.4
CP035466.1	CP001918.1	100.000	31	0	0	5012808	5012838	4620267	4620297	7.24e-05	58.4
CP035466.1	CP001918.1	100.000	31	0	0	3291423	3291453	4676705	4676675	7.24e-05	58.4
CP035466.1	CP001918.1	94.595	37	2	0	914130	914166	4889106	4889070	7.24e-05	58.4
CP035466.1	CP001918.1	97.059	34	1	0	3291368	3291401	4889107	4889074	7.24e-05	58.4
CP035466.1	CP001918.1	100.000	31	0	0	3291423	3291453	4926653	4926683	7.24e-05	58.4
CP035466.1	CP001918.1	100.000	31	0	0	687792	687822	5279793	5279763	7.24e-05	58.4
CP035466.1	CP001918.1	97.143	35	0	1	3291419	3291452	5289292	5289258	7.24e-05	58.4
CP035466.1	CP001918.1	97.059	34	1	0	3291368	3291401	5305999	5305966	7.24e-05	58.4
CP035466.1	CP001918.1	100.000	31	0	0	919987	920017	5305996	5305966	7.24e-05	58.4
CP035466.1	CP001918.1	94.595	37	1	1	1988373	1988408	12629	12593	2.60e-04	56.5
CP035466.1	CP001918.1	100.000	30	0	0	394938	394967	34482	34511	2.60e-04	56.5
CP035466.1	CP001918.1	100.000	30	0	0	4157642	4157671	51186	51215	2.60e-04	56.5
CP035466.1	CP001918.1	100.000	30	0	0	2842533	2842562	58625	58596	2.60e-04	56.5
CP035466.1	CP001918.1	96.970	33	1	0	1597477	1597509	187340	187308	2.60e-04	56.5
CP035466.1	CP001918.1	100.000	30	0	0	2415040	2415069	336003	336032	2.60e-04	56.5
CP035466.1	CP001918.1	100.000	30	0	0	1988373	1988402	568828	568857	2.60e-04	56.5
CP035466.1	CP001918.1	100.000	30	0	0	2842533	2842562	665635	665606	2.60e-04	56.5
CP035466.1	CP001918.1	100.000	30	0	0	1790665	1790694	665635	665606	2.60e-04	56.5
CP035466.1	CP001918.1	100.000	30	0	0	2415040	2415069	809341	809370	2.60e-04	56.5
CP035466.1	CP001918.1	96.970	33	1	0	3291421	3291453	809376	809344	2.60e-04	56.5
CP035466.1	CP001918.1	100.000	30	0	0	5012809	5012838	826804	826775	2.60e-04	56.5
CP035466.1	CP001918.1	100.000	30	0	0	5012809	5012838	1160677	1160648	2.60e-04	56.5
CP035466.1	CP001918.1	96.970	33	1	0	914087	914119	1209167	1209199	2.60e-04	56.5
CP035466.1	CP001918.1	100.000	30	0	0	4157642	4157671	1448584	1448613	2.60e-04	56.5
CP035466.1	CP001918.1	97.059	34	0	1	741904	741936	1519173	1519206	2.60e-04	56.5
CP035466.1	CP001918.1	97.059	34	0	1	2051340	2051372	1519173	1519206	2.60e-04	56.5
CP035466.1	CP001918.1	97.059	34	0	1	1731340	1731372	1519206	1519173	2.60e-04	56.5
CP035466.1	CP001918.1	97.059	34	0	1	1731254	1731286	1519206	1519173	2.60e-04	56.5
CP035466.1	CP001918.1	100.000	30	0	0	4077977	4078006	1519202	1519173	2.60e-04	56.5
CP035466.1	CP001918.1	97.059	34	0	1	4157642	4157674	2141905	2141938	2.60e-04	56.5
CP035466.1	CP001918.1	97.059	34	0	1	5012809	5012842	2366071	2366103	2.60e-04	56.5
CP035466.1	CP001918.1	97.059	34	0	1	4157642	4157675	2831951	2831983	2.60e-04	56.5
CP035466.1	CP001918.1	100.000	30	0	0	5012809	5012838	2867338	2867367	2.60e-04	56.5
CP035466.1	CP001918.1	100.000	30	0	0	5012809	5012838	2878752	2878781	2.60e-04	56.5
CP035466.1	CP001918.1	100.000	30	0	0	3291369	3291398	2939364	2939335	2.60e-04	56.5
CP035466.1	CP001918.1	100.000	30	0	0	450913	450942	3017772	3017801	2.60e-04	56.5
CP035466.1	CP001918.1	100.000	30	0	0	1146849	1146878	3017801	3017772	2.60e-04	56.5
CP035466.1	CP001918.1	97.059	34	0	1	1313356	1313389	3182492	3182460	2.60e-04	56.5
CP035466.1	CP001918.1	100.000	30	0	0	204104	204133	3182460	3182489	2.60e-04	56.5
CP035466.1	CP001918.1	100.000	30	0	0	3505895	3505924	3188894	3188923	2.60e-04	56.5
CP035466.1	CP001918.1	100.000	30	0	0	5012809	5012838	3337685	3337714	2.60e-04	56.5
CP035466.1	CP001918.1	100.000	30	0	0	4809635	4809664	3732535	3732564	2.60e-04	56.5
CP035466.1	CP001918.1	94.595	37	1	1	2415033	2415069	3747807	3747842	2.60e-04	56.5
CP035466.1	CP001918.1	96.970	33	1	0	3291369	3291401	3747848	3747816	2.60e-04	56.5
CP035466.1	CP001918.1	100.000	30	0	0	687793	687822	3827719	3827748	2.60e-04	56.5
CP035466.1	CP001918.1	100.000	30	0	0	2415040	2415069	3868758	3868729	2.60e-04	56.5
CP035466.1	CP001918.1	96.970	33	1	0	1931923	1931955	4334811	4334779	2.60e-04	56.5
CP035466.1	CP001918.1	100.000	30	0	0	3291423	3291452	4334811	4334782	2.60e-04	56.5
CP035466.1	CP001918.1	100.000	30	0	0	5012809	5012838	4580694	4580665	2.60e-04	56.5
CP035466.1	CP001918.1	100.000	30	0	0	2415040	2415069	4676672	4676701	2.60e-04	56.5
CP035466.1	CP001918.1	100.000	30	0	0	1931923	1931952	4902498	4902527	2.60e-04	56.5
CP035466.1	CP001918.1	100.000	30	0	0	3291423	3291452	4902498	4902527	2.60e-04	56.5
CP035466.1	CP001918.1	100.000	30	0	0	5012809	5012838	5036891	5036862	2.60e-04	56.5
CP035466.1	CP001918.1	100.000	30	0	0	1988373	1988402	5158786	5158815	2.60e-04	56.5
CP035466.1	CP001918.1	96.875	32	1	0	914132	914163	336036	336005	0.001	54.7
CP035466.1	CP001918.1	92.308	39	1	1	3291371	3291407	344015	343977	0.001	54.7
CP035466.1	CP001918.1	100.000	29	0	0	4995739	4995767	783951	783923	0.001	54.7
CP035466.1	CP001918.1	96.875	32	1	0	450913	450944	1209168	1209199	0.001	54.7
CP035466.1	CP001918.1	96.875	32	1	0	1146847	1146878	1209199	1209168	0.001	54.7
CP035466.1	CP001918.1	96.875	32	1	0	139760	139791	1969243	1969212	0.001	54.7
CP035466.1	CP001918.1	90.244	41	4	0	4995726	4995766	2043232	2043192	0.001	54.7
CP035466.1	CP001918.1	96.875	32	1	0	913406	913437	2538396	2538365	0.001	54.7
CP035466.1	CP001918.1	100.000	29	0	0	919941	919969	2869625	2869653	0.001	54.7
CP035466.1	CP001918.1	96.875	32	1	0	450913	450944	2970454	2970485	0.001	54.7
CP035466.1	CP001918.1	96.875	32	1	0	914088	914119	2970454	2970485	0.001	54.7
CP035466.1	CP001918.1	96.875	32	1	0	1146847	1146878	2970485	2970454	0.001	54.7
CP035466.1	CP001918.1	100.000	29	0	0	919942	919970	3188922	3188894	0.001	54.7
CP035466.1	CP001918.1	100.000	29	0	0	3291370	3291398	3232205	3232233	0.001	54.7
CP035466.1	CP001918.1	96.875	32	1	0	1597478	1597509	3322220	3322189	0.001	54.7
CP035466.1	CP001918.1	96.875	32	1	0	914132	914163	4676705	4676674	0.001	54.7
CP035466.1	CP001918.1	100.000	29	0	0	3291370	3291398	5289288	5289260	0.001	54.7
CP035466.1	CP001918.1	100.000	28	0	0	450913	450940	175840	175867	0.003	52.8
CP035466.1	CP001918.1	100.000	28	0	0	914088	914115	175840	175867	0.003	52.8
CP035466.1	CP001918.1	100.000	28	0	0	1146851	1146878	175867	175840	0.003	52.8
CP035466.1	CP001918.1	94.118	34	2	0	450913	450946	308109	308076	0.003	52.8
CP035466.1	CP001918.1	100.000	28	0	0	1146851	1146878	308082	308109	0.003	52.8
CP035466.1	CP001918.1	100.000	28	0	0	914088	914115	308109	308082	0.003	52.8
CP035466.1	CP001918.1	96.774	31	1	0	3291371	3291401	336036	336006	0.003	52.8
CP035466.1	CP001918.1	96.774	31	1	0	2415039	2415069	718746	718776	0.003	52.8
CP035466.1	CP001918.1	100.000	28	0	0	3291371	3291398	826822	826849	0.003	52.8
CP035466.1	CP001918.1	100.000	28	0	0	2415042	2415069	826853	826826	0.003	52.8
CP035466.1	CP001918.1	100.000	28	0	0	3291371	3291398	1103891	1103918	0.003	52.8
CP035466.1	CP001918.1	100.000	28	0	0	937718	937745	1292521	1292494	0.003	52.8
CP035466.1	CP001918.1	100.000	28	0	0	2415041	2415068	1890179	1890152	0.003	52.8
CP035466.1	CP001918.1	100.000	28	0	0	4995740	4995767	1969216	1969243	0.003	52.8
CP035466.1	CP001918.1	100.000	28	0	0	4965300	4965327	2215614	2215641	0.003	52.8
CP035466.1	CP001918.1	100.000	28	0	0	3505896	3505923	2869653	2869626	0.003	52.8
CP035466.1	CP001918.1	100.000	28	0	0	3291371	3291398	3385062	3385089	0.003	52.8
CP035466.1	CP001918.1	100.000	28	0	0	2415042	2415069	3385093	3385066	0.003	52.8
CP035466.1	CP001918.1	100.000	28	0	0	3291371	3291398	3868725	3868752	0.003	52.8
CP035466.1	CP001918.1	100.000	28	0	0	3291371	3291398	4334811	4334784	0.003	52.8
CP035466.1	CP001918.1	96.774	31	1	0	3291371	3291401	4676705	4676675	0.003	52.8
CP035466.1	CP001918.1	100.000	28	0	0	2415042	2415069	4889073	4889100	0.003	52.8
CP035466.1	CP001918.1	100.000	28	0	0	3291371	3291398	4902498	4902525	0.003	52.8
CP035466.1	CP001918.1	100.000	28	0	0	3291371	3291398	4926653	4926680	0.003	52.8
