{
  "rmse_model_per_step": [
    0.0,
    0.044039910286664964,
    0.06160278730094433,
    0.07478021867573262,
    0.08574973754584789,
    0.0946150403469801,
    0.10294953435659408,
    0.11019002236425876,
    0.11684557162225247,
    0.12323184832930564,
    0.12919084988534452,
    0.13456346169114114,
    0.139674761146307,
    0.14506421387195587,
    0.14989973604679108
  ],
  "rmse_persistence_per_step": [
    0.0,
    0.053573640435934065,
    0.0866164904087782,
    0.11780696026980877,
    0.1482921361923218,
    0.17832548618316652,
    0.20787745267152785,
    0.23686124831438066,
    0.2653358981013298,
    0.2932740837335587,
    0.3206766232848167,
    0.3472873568534851,
    0.3731501027941704,
    0.39854082018136977,
    0.42301319241523744
  ],
  "rmse_climatology_per_step": [
    0.36077751964330673,
    0.3606750130653381,
    0.3605995073914528,
    0.3603351145982742,
    0.3600688621401787,
    0.36010330468416213,
    0.3601266637444496,
    0.360117107629776,
    0.36035232692956926,
    0.36029739677906036,
    0.3604298114776611,
    0.3605606064200401,
    0.3608651623129845,
    0.36100105941295624,
    0.3613371402025223
  ],
  "skill_vs_persistence": [
    0,
    0.17795561533045334,
    0.28878684635897967,
    0.3652308954881245,
    0.4217512826530595,
    0.4694250251486962,
    0.5047585342539909,
    0.5347908400026415,
    0.5596314993245655,
    0.579806552421923,
    0.5971304407474675,
    0.612529914966322,
    0.6256874643731464,
    0.6360116541990871,
    0.6456381532903901
  ],
  "beats_persistence_at_step_1": true,
  "beats_persistence_at_step_3": true,
  "beats_persistence_at_step_7": true,
  "beats_persistence_at_step_14": true,
  "is_real_data": false,
  "wall_time_s": 95.68228030204773,
  "best_train_loss": 0.0018774206982925534,
  "hparams": {
    "out": "results/era5",
    "data": "data/era5.npz",
    "K": 6,
    "seg_len": 4,
    "n_traj": 32,
    "epochs_per_mu": 50,
    "lr": 0.001,
    "lr_q": 0.01,
    "device": "cuda"
  }
}