{
  "task": "binary",
  "model": "results_large/dapt_roberta_large/final",
  "args": {
    "data_dir": "data/processed_paper/binary",
    "task": "binary",
    "model": "results_large/dapt_roberta_large/final",
    "out": "results_large/roberta-large_OSTI_binary",
    "epochs": 3.0,
    "batch": 64,
    "per_device_batch": 8,
    "grad_accum": 3,
    "eval_batch": 64,
    "lr": 1e-05,
    "max_len": 512,
    "warmup": 0.06,
    "weight_decay": 0.01,
    "fp16": false,
    "bf16": true,
    "seed": 42
  },
  "n_train": 23987,
  "n_val": 2998,
  "n_test": 2999,
  "num_labels": 2,
  "train_seconds": 428.35702991485596,
  "val": {
    "eval_loss": 0.18059992790222168,
    "eval_accuracy": 0.9369579719813209,
    "eval_precision": 0.6928327645051194,
    "eval_recall": 0.6721854304635762,
    "eval_f1": 0.6823529411764706,
    "eval_runtime": 3.1156,
    "eval_samples_per_second": 962.264,
    "eval_steps_per_second": 5.135,
    "epoch": 2.997
  },
  "test": {
    "test_loss": 0.1609605848789215,
    "test_accuracy": 0.9433144381460487,
    "test_precision": 0.7375886524822695,
    "test_recall": 0.6842105263157895,
    "test_f1": 0.7098976109215016,
    "test_runtime": 3.1298,
    "test_samples_per_second": 958.221,
    "test_steps_per_second": 5.112,
    "epoch": 2.997
  },
  "classification_report": {
    "0": {
      "precision": 0.9646669120353331,
      "recall": 0.9725417439703155,
      "f1-score": 0.9685883222468588,
      "support": 2695.0
    },
    "1": {
      "precision": 0.7375886524822695,
      "recall": 0.6842105263157895,
      "f1-score": 0.7098976109215016,
      "support": 304.0
    },
    "accuracy": 0.9433144381460487,
    "macro avg": {
      "precision": 0.8511277822588013,
      "recall": 0.8283761351430525,
      "f1-score": 0.8392429665841802,
      "support": 2999.0
    },
    "weighted avg": {
      "precision": 0.9416486423107144,
      "recall": 0.9433144381460487,
      "f1-score": 0.9423655892548919,
      "support": 2999.0
    }
  }
}