     velsurf            thk        divflux          usurf        icemask   thk_positive   slidingco_positive   arrhenius_positive       thk_regu      slid_regu      arrh_regu           glen
    148.2044      2535.0654         0.0000         0.0000         0.0000         0.0000         0.0000         0.0000         0.0000         0.0000         0.0000         0.0000
    148.5389      2515.5251         0.0000         0.0000         0.0000         0.0000         0.0000         0.0000     20776.8164         0.0000         0.0000         0.0000
    148.4021      2511.8760         0.0000         0.0043         0.0000         0.0000         0.0000         0.0000     20909.3770         0.0000         0.0072         0.0000
    148.4379      2506.9382         0.0000         0.0114         0.0000         0.0000         0.0000         0.0000     20394.8496         0.0000         0.0163         0.0000
    148.4406      2502.3606         0.0000         0.0209         0.0000         0.0000         0.0000         0.0000     20335.9727         0.0000         0.0285         0.0000
    148.4465      2498.4319         0.0000         0.0307         0.0000         0.0000         0.0000         0.0000     20193.0840         0.0000         0.0391         0.0000
    148.4503      2494.3669         0.0000         0.0417         0.0000         0.0000         0.0000         0.0000     19759.1230         0.0000         0.0507         0.0000
    148.4574      2490.9338         0.0000         0.0547         0.0000         0.0000         0.0000         0.0000     19163.3711         0.0000         0.0638         0.0000
    148.4546      2486.9146         0.0000         0.0688         0.0000         0.0000         0.0000         0.0000     19069.9727         0.0000         0.0779         0.0000
    148.4595      2484.1455         0.0000         0.0839         0.0000         0.0000         0.0000         0.0000     18991.5391         0.0000         0.0920         0.0028
    148.4147      2480.2529         0.0000         0.1008         0.0000         0.0000         0.0000         0.0000     19183.2461         0.0000         0.1074         0.0028
    148.4123      2477.9878         0.0000         0.1175         0.0000         0.0000         0.0000         0.0000     19056.8477         0.0000         0.1205         0.0028
    148.4109      2475.0750         0.0000         0.1360         0.0000         0.0000         0.0000         0.0000     18781.9453         0.0000         0.1343         0.0028
    148.4091      2471.9512         0.0000         0.1560         0.0000         0.0000         0.0000         0.0000     18600.5254         0.0000         0.1502         0.0028
    148.4117      2468.3005         0.0000         0.1765         0.0000         0.0000         0.0000         0.0000     18624.8379         0.0000         0.1662         0.0028
    148.4091      2464.8713         0.0000         0.1985         0.0000         0.0000         0.0000         0.0000     18567.6484         0.0000         0.1834         0.0028
    148.4082      2461.3364         0.0000         0.2217         0.0000         0.0000         0.0000         0.0000     18483.0625         0.0000         0.2010         0.0028
    148.4021      2457.8267         0.0000         0.2467         0.0000         0.0000         0.0000         0.0000     18421.2676         0.0000         0.2209         0.0028
    148.3969      2454.0327         0.0000         0.2732         0.0000         0.0000         0.0000         0.0000     18369.7578         0.0000         0.2421         0.0028
    148.3965      2451.0522         0.0000         0.3020         0.0000         0.0000         0.0000         0.0000     18192.3652         0.0000         0.2643         0.0022
    148.3436      2448.2302         0.0000         0.3325         0.0000         0.0000         0.0000         0.0000     19494.2305         0.0000         0.2886         0.0022
    148.3396      2446.8579         0.0000         0.3590         0.0000         0.0000         0.0000         0.0000     18745.8301         0.0000         0.3076         0.0022
    148.3366      2445.2312         0.0000         0.3868         0.0000         0.0000         0.0000         0.0000     18416.7207         0.0000         0.3296         0.0022
    148.3347      2443.3572         0.0000         0.4168         0.0000         0.0000         0.0000         0.0000     18204.7949         0.0000         0.3554         0.0022
    148.3317      2440.6479         0.0000         0.4480         0.0000         0.0000         0.0000         0.0000     17927.1035         0.0000         0.3813         0.0022
    148.3306      2438.3308         0.0000         0.4807         0.0000         0.0000         0.0000         0.0000     17568.3340         0.0000         0.4067         0.0022
    148.3311      2436.3855         0.0000         0.5144         0.0000         0.0000         0.0000         0.0000     17412.8379         0.0000         0.4328         0.0022
    148.3296      2434.8577         0.0000         0.5485         0.0000         0.0000         0.0000         0.0000     16965.1133         0.0000         0.4592         0.0022
    148.3266      2432.6641         0.0000         0.5848         0.0000         0.0000         0.0000         0.0000     17216.3652         0.0000         0.4865         0.0022
    148.3253      2430.5291         0.0000         0.6236         0.0000         0.0000         0.0000         0.0000     17448.2598         0.0000         0.5183         0.0018
    148.2735      2428.1182         0.0000         0.6649         0.0000         0.0000         0.0000         0.0000     20907.4395         0.0000         0.5518         0.0018
    148.2749      2428.4619         0.0000         0.7004         0.0000         0.0000         0.0000         0.0000     20345.5215         0.0000         0.5797         0.0018
    148.2725      2428.1440         0.0000         0.7377         0.0000         0.0000         0.0000         0.0000     19555.3105         0.0000         0.6119         0.0018
    148.2708      2427.3765         0.0000         0.7758         0.0000         0.0000         0.0000         0.0000     18135.4824         0.0000         0.6466         0.0018
    148.2708      2426.7415         0.0000         0.8141         0.0000         0.0000         0.0000         0.0000     17479.3965         0.0000         0.6814         0.0018
    148.2686      2424.5359         0.0000         0.8529         0.0000         0.0000         0.0000         0.0000     17408.5156         0.0000         0.7184         0.0018
    148.2680      2423.2551         0.0000         0.8947         0.0000         0.0000         0.0000         0.0000     16888.7109         0.0000         0.7547         0.0018
    148.2675      2421.6216         0.0000         0.9372         0.0000         0.0000         0.0000         0.0000     16898.8750         0.0000         0.7940         0.0018
    148.2676      2420.2349         0.0000         0.9810         0.0000         0.0000         0.0000         0.0000     16260.4355         0.0000         0.8303         0.0018
    148.2688      2417.8711         0.0000         1.0258         0.0000         0.0000         0.0000         0.0000     16287.1582         0.0000         0.8670         0.0015
    148.2280      2415.8975         0.0000         1.0713         0.0000         0.0000         0.0000         0.0000     20442.0195         0.0000         0.9037         0.0015
    148.2315      2416.2314         0.0000         1.1088         0.0000         0.0000         0.0000         0.0000     19081.8184         0.0000         0.9359         0.0015
    148.2286      2416.1184         0.0000         1.1481         0.0000         0.0000         0.0000         0.0000     18717.4746         0.0000         0.9696         0.0015
    148.2321      2415.6807         0.0000         1.1903         0.0000         0.0000         0.0000         0.0000     17616.1289         0.0000         1.0016         0.0015
    148.2258      2414.2976         0.0000         1.2293         0.0000         0.0000         0.0000         0.0000     17324.6602         0.0000         1.0365         0.0015
    148.2274      2412.6377         0.0000         1.2721         0.0000         0.0000         0.0000         0.0000     17145.0938         0.0000         1.0765         0.0015
    148.2249      2410.2727         0.0000         1.3141         0.0000         0.0000         0.0000         0.0000     17147.3789         0.0000         1.1097         0.0015
    148.2276      2408.3640         0.0000         1.3572         0.0000         0.0000         0.0000         0.0000     16113.6445         0.0000         1.1455         0.0015
    148.2227      2406.5933         0.0000         1.4016         0.0000         0.0000         0.0000         0.0000     16574.9238         0.0000         1.1875         0.0015
    148.2212      2404.5542         0.0000         1.4451         0.0000         0.0000         0.0000         0.0000     15262.1074         0.0000         1.2276         0.0014
    148.1910      2403.6592         0.0000         1.4933         0.0000         0.0000         0.0000         0.0000     17766.4648         0.0000         1.2704         0.0014
    148.1964      2402.3105         0.0000         1.5256         0.0000         0.0000         0.0000         0.0000     17012.2871         0.0000         1.2972         0.0014
    148.1918      2401.5823         0.0000         1.5583         0.0000         0.0000         0.0000         0.0000     15191.4531         0.0000         1.3284         0.0014
    148.1916      2400.3508         0.0000         1.6008         0.0000         0.0000         0.0000         0.0000     14617.0811         0.0000         1.3571         0.0014
    148.1892      2398.1401         0.0000         1.6435         0.0000         0.0000         0.0000         0.0000     13156.6133         0.0000         1.3910         0.0014
    148.1878      2396.8689         0.0000         1.6828         0.0000         0.0000         0.0000         0.0000     13265.0000         0.0000         1.4336         0.0014
    148.1869      2396.0261         0.0000         1.7151         0.0000         0.0000         0.0000         0.0000     12625.9980         0.0000         1.4572         0.0014
    148.1817      2394.3948         0.0000         1.7572         0.0000         0.0000         0.0000         0.0000     12681.0430         0.0000         1.4905         0.0014
    148.1834      2391.7747         0.0000         1.7977         0.0000         0.0000         0.0000         0.0000     12257.0400         0.0000         1.5262         0.0014
    148.1815      2390.8550         0.0000         1.8413         0.0000         0.0000         0.0000         0.0000     12029.9961         0.0000         1.5665         0.0013
    148.1684      2389.0547         0.0000         1.8808         0.0000         0.0000         0.0000         0.0000     13794.1816         0.0000         1.6056         0.0013
    148.1718      2388.8831         0.0000         1.9156         0.0000         0.0000         0.0000         0.0000     12466.6455         0.0000         1.6377         0.0013
    148.1716      2386.4182         0.0000         1.9483         0.0000         0.0000         0.0000         0.0000     11779.2764         0.0000         1.6797         0.0013
    148.1727      2387.1582         0.0000         1.9820         0.0000         0.0000         0.0000         0.0000     11241.0488         0.0000         1.7113         0.0013
    148.1705      2385.5540         0.0000         2.0089         0.0000         0.0000         0.0000         0.0000     10417.5830         0.0000         1.7489         0.0013
    148.1720      2384.5063         0.0000         2.0462         0.0000         0.0000         0.0000         0.0000     10664.5488         0.0000         1.7832         0.0013
    148.1691      2382.7544         0.0000         2.0749         0.0000         0.0000         0.0000         0.0000     10564.5215         0.0000         1.8104         0.0013
    148.1671      2379.4375         0.0000         2.1060         0.0000         0.0000         0.0000         0.0000      9961.1348         0.0000         1.8304         0.0013
    148.1639      2378.1772         0.0000         2.1332         0.0000         0.0000         0.0000         0.0000      9659.1152         0.0000         1.8579         0.0013
    148.1638      2376.3533         0.0000         2.1589         0.0000         0.0000         0.0000         0.0000      9310.2129         0.0000         1.8806         0.0014
    148.1603      2374.2422         0.0000         2.1893         0.0000         0.0000         0.0000         0.0000      8421.5352         0.0000         1.8957         0.0014
    148.1578      2372.5608         0.0000         2.2186         0.0000         0.0000         0.0000         0.0000      8040.3457         0.0000         1.9173         0.0014
    148.1609      2370.9387         0.0000         2.2448         0.0000         0.0000         0.0000         0.0000      8123.6455         0.0000         1.9322         0.0014
    148.1494      2370.5190         0.0000         2.2793         0.0000         0.0000         0.0000         0.0000      7953.4004         0.0000         1.9558         0.0014
    148.1531      2368.0972         0.0000         2.3050         0.0000         0.0000         0.0000         0.0000      7753.8467         0.0000         1.9845         0.0014
    148.1524      2368.3928         0.0000         2.3435         0.0000         0.0000         0.0000         0.0000      7227.1963         0.0000         2.0111         0.0014
    148.1555      2366.5400         0.0000         2.3741         0.0000         0.0000         0.0000         0.0000      7633.7061         0.0000         2.0283         0.0014
    148.1478      2363.8086         0.0000         2.4129         0.0000         0.0000         0.0000         0.0000      6863.5864         0.0000         2.0599         0.0014
    148.1474      2362.3184         0.0000         2.4474         0.0000         0.0000         0.0000         0.0000      6973.6191         0.0000         2.0906         0.0014
    148.1533      2359.6228         0.0000         2.4776         0.0000         0.0000         0.0000         0.0000      6904.5752         0.0000         2.1005         0.0013
    148.1538      2359.3113         0.0000         2.5083         0.0000         0.0000         0.0000         0.0000      6438.8467         0.0000         2.1422         0.0013
    148.1523      2358.2397         0.0000         2.5418         0.0000         0.0000         0.0000         0.0000      5868.6821         0.0000         2.1692         0.0013
    148.1476      2355.6863         0.0000         2.5705         0.0000         0.0000         0.0000         0.0000      5785.0239         0.0000         2.1828         0.0013
    148.1478      2355.7434         0.0000         2.6068         0.0000         0.0000         0.0000         0.0000      5276.8677         0.0000         2.2013         0.0013
    148.1415      2353.4851         0.0000         2.6401         0.0000         0.0000         0.0000         0.0000      5226.1230         0.0000         2.2201         0.0013
    148.1413      2352.0015         0.0000         2.6654         0.0000         0.0000         0.0000         0.0000      5948.3257         0.0000         2.2490         0.0013
    148.1428      2350.5452         0.0000         2.6918         0.0000         0.0000         0.0000         0.0000      4940.2207         0.0000         2.2701         0.0013
    148.1365      2349.3655         0.0000         2.7238         0.0000         0.0000         0.0000         0.0000      5644.9800         0.0000         2.2810         0.0013
    148.1412      2348.3337         0.0000         2.7570         0.0000         0.0000         0.0000         0.0000      4945.0796         0.0000         2.3057         0.0013
    148.1463      2346.4336         0.0000         2.7940         0.0000         0.0000         0.0000         0.0000      5253.6641         0.0000         2.3119         0.0012
    148.1487      2344.3535         0.0000         2.8326         0.0000         0.0000         0.0000         0.0000      4854.9033         0.0000         2.3410         0.0012
    148.1488      2341.4856         0.0000         2.8676         0.0000         0.0000         0.0000         0.0000      4602.5396         0.0000         2.3666         0.0012
    148.1396      2340.1875         0.0000         2.9077         0.0000         0.0000         0.0000         0.0000      4924.0991         0.0000         2.3849         0.0012
    148.1457      2337.8042         0.0000         2.9322         0.0000         0.0000         0.0000         0.0000      4694.5186         0.0000         2.3892         0.0012
    148.1379      2336.1946         0.0000         2.9718         0.0000         0.0000         0.0000         0.0000      4257.6997         0.0000         2.4139         0.0012
    148.1376      2334.9226         0.0000         2.9955         0.0000         0.0000         0.0000         0.0000      4612.8315         0.0000         2.4301         0.0012
    148.1378      2335.3301         0.0000         3.0207         0.0000         0.0000         0.0000         0.0000      4660.3320         0.0000         2.4457         0.0012
    148.1355      2334.3816         0.0000         3.0553         0.0000         0.0000         0.0000         0.0000      4446.4395         0.0000         2.4746         0.0012
    148.1346      2331.7400         0.0000         3.0925         0.0000         0.0000         0.0000         0.0000      4884.7944         0.0000         2.4960         0.0012
    148.1341      2333.5171         0.0000         3.1169         0.0000         0.0000         0.0000         0.0000      4891.8428         0.0000         2.4977         0.0011
    148.1454      2335.4763         0.0000         3.1486         0.0000         0.0000         0.0000         0.0000      5781.1895         0.0000         2.5160         0.0011
    148.1440      2332.1946         0.0000         3.1791         0.0000         0.0000         0.0000         0.0000      4472.3096         0.0000         2.5473         0.0011
    148.1412      2329.5571         0.0000         3.2238         0.0000         0.0000         0.0000         0.0000      4239.3203         0.0000         2.5786         0.0011
    148.1410      2326.5317         0.0000         3.2612         0.0000         0.0000         0.0000         0.0000      4058.3286         0.0000         2.5921         0.0011
    148.1369      2323.7463         0.0000         3.3013         0.0000         0.0000         0.0000         0.0000      3916.2700         0.0000         2.6060         0.0011
    148.1434      2322.8569         0.0000         3.3294         0.0000         0.0000         0.0000         0.0000      4131.5581         0.0000         2.6205         0.0011
    148.1393      2320.2163         0.0000         3.3566         0.0000         0.0000         0.0000         0.0000      4360.3364         0.0000         2.6294         0.0011
    148.1439      2319.6970         0.0000         3.4002         0.0000         0.0000         0.0000         0.0000      4204.8589         0.0000         2.6386         0.0011
    148.1335      2317.4795         0.0000         3.4198         0.0000         0.0000         0.0000         0.0000      4226.2773         0.0000         2.6561         0.0011
    148.1376      2316.8040         0.0000         3.4617         0.0000         0.0000         0.0000         0.0000      4083.0190         0.0000         2.6644         0.0010
    148.1491      2319.0437         0.0000         3.4878         0.0000         0.0000         0.0000         0.0000      5406.2080         0.0000         2.6685         0.0010
    148.1409      2314.0078         0.0000         3.5344         0.0000         0.0000         0.0000         0.0000      4135.9082         0.0000         2.7152         0.0010
    148.1409      2309.3643         0.0000         3.5653         0.0000         0.0000         0.0000         0.0000      4547.5356         0.0000         2.7341         0.0010
    148.1395      2307.6807         0.0000         3.6046         0.0000         0.0000         0.0000         0.0000      4040.3855         0.0000         2.7614         0.0010
    148.1400      2305.7700         0.0000         3.6225         0.0000         0.0000         0.0000         0.0000      4019.4836         0.0000         2.7650         0.0010
    148.1380      2306.1274         0.0000         3.6603         0.0000         0.0000         0.0000         0.0000      4293.8535         0.0000         2.7773         0.0010
    148.1421      2305.4851         0.0000         3.6820         0.0000         0.0000         0.0000         0.0000      3796.3503         0.0000         2.7825         0.0010
    148.1382      2304.8660         0.0000         3.7283         0.0000         0.0000         0.0000         0.0000      3956.3953         0.0000         2.8024         0.0010
    148.1408      2304.5288         0.0000         3.7631         0.0000         0.0000         0.0000         0.0000      4108.2085         0.0000         2.8060         0.0010
    148.1399      2303.8640         0.0000         3.8108         0.0000         0.0000         0.0000         0.0000      3781.6035         0.0000         2.8186         0.0010
    148.1528      2301.5757         0.0000         3.8453         0.0000         0.0000         0.0000         0.0000      5066.2568         0.0000         2.8299         0.0010
    148.1464      2296.3855         0.0000         3.8912         0.0000         0.0000         0.0000         0.0000      4193.0283         0.0000         2.8742         0.0010
    148.1431      2296.1177         0.0000         3.9211         0.0000         0.0000         0.0000         0.0000      3950.4961         0.0000         2.8900         0.0010
    148.1470      2292.7288         0.0000         3.9382         0.0000         0.0000         0.0000         0.0000      4357.7837         0.0000         2.8795         0.0010
    148.1458      2293.3645         0.0000         3.9921         0.0000         0.0000         0.0000         0.0000      3716.5640         0.0000         2.8951         0.0010
    148.1453      2291.3230         0.0000         3.9991         0.0000         0.0000         0.0000         0.0000      4214.9561         0.0000         2.8936         0.0010
    148.1398      2288.2485         0.0000         4.0487         0.0000         0.0000         0.0000         0.0000      3816.0630         0.0000         2.9129         0.0010
    148.1390      2286.2207         0.0000         4.0850         0.0000         0.0000         0.0000         0.0000      3959.0132         0.0000         2.9288         0.0010
    148.1429      2284.4951         0.0000         4.1028         0.0000         0.0000         0.0000         0.0000      4021.6174         0.0000         2.9193         0.0010
    148.1387      2281.7852         0.0001         4.1365         0.0000         0.0000         0.0000         0.0000      3689.9294         0.0000         2.9398         0.0008
    148.1512      2280.7515         0.0000         4.1773         0.0000         0.0000         0.0000         0.0000      4887.4131         0.0000         2.9694         0.0008
    148.1484      2276.5344         0.0000         4.2262         0.0000         0.0000         0.0000         0.0000      4122.4697         0.0000         3.0106         0.0008
    148.1465      2273.8716         0.0000         4.2630         0.0000         0.0000         0.0000         0.0000      4182.6216         0.0000         3.0344         0.0008
    148.1464      2271.3154         0.0000         4.3080         0.0000         0.0000         0.0000         0.0000      3920.9736         0.0000         3.0579         0.0008
    148.1433      2272.4397         0.0000         4.3553         0.0000         0.0000         0.0000         0.0000      3867.4011         0.0000         3.0825         0.0008
    148.1465      2269.5071         0.0001         4.3968         0.0000         0.0000         0.0000         0.0000      4097.6328         0.0000         3.0730         0.0008
    148.1484      2270.0989         0.0001         4.4332         0.0000         0.0000         0.0000         0.0000      4137.0928         0.0000         3.0781         0.0008
    148.1442      2266.5635         0.0001         4.4664         0.0000         0.0000         0.0000         0.0000      3670.7493         0.0000         3.1090         0.0008
    148.1484      2268.0300         0.0001         4.4835         0.0000         0.0000         0.0000         0.0000      3899.4258         0.0000         3.1134         0.0008
    148.1461      2266.8418         0.0001         4.5027         0.0000         0.0000         0.0000         0.0000      3543.8718         0.0000         3.1086         0.0008
    148.1603      2266.6814         0.0000         4.5298         0.0000         0.0000         0.0000         0.0000      4928.8691         0.0000         3.1270         0.0008
    148.1528      2259.2915         0.0000         4.5772         0.0000         0.0000         0.0000         0.0000      3727.5166         0.0000         3.1908         0.0008
    148.1525      2254.5569         0.0001         4.6118         0.0000         0.0000         0.0000         0.0000      4025.5115         0.0000         3.2022         0.0008
    148.1499      2253.4485         0.0001         4.6636         0.0000         0.0000         0.0000         0.0000      3957.6609         0.0000         3.2083         0.0008
    148.1483      2249.8718         0.0001         4.6942         0.0000         0.0000         0.0000         0.0000      3932.2705         0.0000         3.2419         0.0008
    148.1501      2250.0676         0.0001         4.7114         0.0000         0.0000         0.0000         0.0000      3878.1870         0.0000         3.2396         0.0008
    148.1467      2248.2200         0.0001         4.7845         0.0000         0.0000         0.0000         0.0000      3540.2244         0.0000         3.2835         0.0008
    148.1476      2246.9031         0.0001         4.8083         0.0000         0.0000         0.0000         0.0000      3874.1748         0.0000         3.2700         0.0008
    148.1465      2244.3889         0.0001         4.8635         0.0000         0.0000         0.0000         0.0000      3945.2188         0.0000         3.2955         0.0008
    148.1501      2243.6841         0.0001         4.9073         0.0000         0.0000         0.0000         0.0000      3699.9907         0.0000         3.2940         0.0007
    148.1568      2238.5645         0.0001         4.9275         0.0000         0.0000         0.0000         0.0000      5001.9414         0.0000         3.3133         0.0007
    148.1504      2233.9094         0.0001         4.9743         0.0000         0.0000         0.0000         0.0000      3804.2568         0.0000         3.3900         0.0007
    148.1531      2232.4292         0.0001         5.0227         0.0000         0.0000         0.0000         0.0000      4423.0146         0.0000         3.3992         0.0007
    148.1472      2229.7837         0.0001         5.0570         0.0000         0.0000         0.0000         0.0000      3913.5454         0.0000         3.4184         0.0007
    148.1494      2230.0793         0.0001         5.1074         0.0000         0.0000         0.0000         0.0000      4249.0176         0.0000         3.4315         0.0007
    148.1473      2228.7327         0.0001         5.1544         0.0000         0.0000         0.0000         0.0000      3603.1565         0.0000         3.4625         0.0007
    148.1497      2227.3347         0.0001         5.2089         0.0000         0.0000         0.0000         0.0000      4329.0923         0.0000         3.4858         0.0007
    148.1510      2224.0190         0.0001         5.2521         0.0000         0.0000         0.0000         0.0000      4082.9619         0.0000         3.4819         0.0007
    148.1503      2226.3137         0.0001         5.2917         0.0000         0.0000         0.0000         0.0000      4024.3777         0.0000         3.5155         0.0007
    148.1500      2226.1292         0.0001         5.3336         0.0000         0.0000         0.0000         0.0000      3716.6074         0.0000         3.5291         0.0007
    148.1590      2222.8191         0.0001         5.3728         0.0000         0.0000         0.0000         0.0000      4991.2529         0.0000         3.5477         0.0007
    148.1561      2216.7944         0.0001         5.4327         0.0000         0.0000         0.0000         0.0000      4322.9131         0.0000         3.6023         0.0007
    148.1517      2212.7888         0.0001         5.4771         0.0000         0.0000         0.0000         0.0000      3933.0493         0.0000         3.6470         0.0007
    148.1547      2212.4243         0.0001         5.5203         0.0000         0.0000         0.0000         0.0000      4251.6855         0.0000         3.6718         0.0007
    148.1487      2208.1826         0.0001         5.5764         0.0000         0.0000         0.0000         0.0000      3918.8611         0.0000         3.7025         0.0007
    148.1514      2206.6584         0.0001         5.6016         0.0000         0.0000         0.0000         0.0000      4029.1079         0.0000         3.6987         0.0007
    148.1510      2205.3213         0.0001         5.6421         0.0000         0.0000         0.0000         0.0000      3764.4592         0.0000         3.7225         0.0007
    148.1527      2201.0808         0.0001         5.6882         0.0000         0.0000         0.0000         0.0000      3804.5447         0.0000         3.7298         0.0007
    148.1506      2200.6797         0.0001         5.7232         0.0000         0.0000         0.0000         0.0000      4172.9375         0.0000         3.7356         0.0007
    148.1550      2198.1301         0.0001         5.7542         0.0000         0.0000         0.0000         0.0000      4214.9990         0.0000         3.7375         0.0007
    148.1606      2193.4514         0.0001         5.8247         0.0000         0.0000         0.0000         0.0000      4810.3525         0.0000         3.7811         0.0007
    148.1542      2189.5193         0.0001         5.8833         0.0000         0.0000         0.0000         0.0000      4084.8843         0.0000         3.8219         0.0007
    148.1559      2186.6147         0.0001         5.9331         0.0000         0.0000         0.0000         0.0000      4139.1494         0.0000         3.8547         0.0007
    148.1560      2184.3699         0.0001         5.9652         0.0000         0.0000         0.0000         0.0000      3779.5557         0.0000         3.8731         0.0007
    148.1563      2180.8682         0.0001         6.0032         0.0000         0.0000         0.0000         0.0000      3817.4478         0.0000         3.9150         0.0007
    148.1542      2179.2749         0.0001         6.0445         0.0000         0.0000         0.0000         0.0000      3797.6125         0.0000         3.9262         0.0007
    148.1567      2179.5630         0.0001         6.0624         0.0000         0.0000         0.0000         0.0000      4008.8071         0.0000         3.9303         0.0007
    148.1564      2179.5867         0.0001         6.1164         0.0000         0.0000         0.0000         0.0000      4321.3335         0.0000         3.9548         0.0007
    148.1536      2178.6814         0.0001         6.1533         0.0000         0.0000         0.0000         0.0000      3686.5918         0.0000         3.9702         0.0007
    148.1575      2180.6975         0.0001         6.1981         0.0000         0.0000         0.0000         0.0000      3939.9939         0.0000         3.9788         0.0006
    148.1615      2177.3850         0.0001         6.2342         0.0000         0.0000         0.0000         0.0000      4428.2109         0.0000         4.0044         0.0006
    148.1579      2173.9192         0.0001         6.2936         0.0000         0.0000         0.0000         0.0000      3695.1855         0.0000         4.0361         0.0006
    148.1572      2171.3630         0.0001         6.3325         0.0000         0.0000         0.0000         0.0000      4013.6111         0.0000         4.0413         0.0006
    148.1556      2169.9539         0.0001         6.3571         0.0000         0.0000         0.0000         0.0000      3949.4385         0.0000         4.0550         0.0006
    148.1538      2167.7673         0.0001         6.3904         0.0000         0.0000         0.0000         0.0000      3759.2944         0.0000         4.0798         0.0006
    148.1516      2165.7266         0.0001         6.4444         0.0000         0.0000         0.0000         0.0000      3781.5571         0.0000         4.1168         0.0006
    148.1528      2163.7151         0.0001         6.4919         0.0000         0.0000         0.0000         0.0000      3915.3013         0.0000         4.1232         0.0006
    148.1493      2162.4597         0.0001         6.5269         0.0000         0.0000         0.0000         0.0000      3904.4846         0.0000         4.1280         0.0006
    148.1557      2166.0439         0.0001         6.5646         0.0000         0.0000         0.0000         0.0000      4002.7451         0.0000         4.1363         0.0006
    148.1517      2163.8325         0.0001         6.6064         0.0000         0.0000         0.0000         0.0000      3894.5803         0.0000         4.1403         0.0006
    148.1563      2159.2485         0.0001         6.6578         0.0000         0.0000         0.0000         0.0000      4586.0879         0.0000         4.1800         0.0006
    148.1547      2158.2566         0.0001         6.7271         0.0000         0.0000         0.0000         0.0000      3997.1943         0.0000         4.2178         0.0006
    148.1542      2155.1699         0.0001         6.7889         0.0000         0.0000         0.0000         0.0000      4142.8228         0.0000         4.2409         0.0006
    148.1573      2156.4524         0.0001         6.8251         0.0000         0.0000         0.0000         0.0000      3616.3381         0.0000         4.2540         0.0006
    148.1567      2153.5959         0.0001         6.8598         0.0000         0.0000         0.0000         0.0000      4117.7095         0.0000         4.2424         0.0006
    148.1579      2153.0244         0.0001         6.9022         0.0000         0.0000         0.0000         0.0000      3909.9756         0.0000         4.2202         0.0006
    148.1555      2150.7310         0.0001         6.9623         0.0000         0.0000         0.0000         0.0000      3713.4893         0.0000         4.2567         0.0006
    148.1535      2147.9016         0.0001         6.9959         0.0000         0.0000         0.0000         0.0000      3592.4355         0.0000         4.2672         0.0006
    148.1581      2147.8906         0.0001         7.0454         0.0000         0.0000         0.0000         0.0000      4060.3213         0.0000         4.2642         0.0006
    148.1538      2147.3545         0.0001         7.1063         0.0000         0.0000         0.0000         0.0000      3699.1506         0.0000         4.3026         0.0006
    148.1607      2146.2280         0.0001         7.1383         0.0000         0.0000         0.0000         0.0000      4592.3809         0.0000         4.2868         0.0006
    148.1575      2141.6279         0.0001         7.2043         0.0000         0.0000         0.0000         0.0000      4091.0007         0.0000         4.3478         0.0006
    148.1566      2140.8782         0.0001         7.2726         0.0000         0.0000         0.0000         0.0000      3683.4470         0.0000         4.3744         0.0006
    148.1582      2137.7241         0.0001         7.3285         0.0000         0.0000         0.0000         0.0000      3746.1716         0.0000         4.3998         0.0006
    148.1539      2137.7310         0.0001         7.3901         0.0000         0.0000         0.0000         0.0000      3674.2126         0.0000         4.3872         0.0006
    148.1562      2135.8623         0.0001         7.4513         0.0000         0.0000         0.0000         0.0000      3697.8494         0.0000         4.4304         0.0006
    148.1610      2135.4148         0.0001         7.4963         0.0000         0.0000         0.0000         0.0000      3475.0254         0.0000         4.4519         0.0006
    148.1586      2133.0259         0.0001         7.5306         0.0000         0.0000         0.0000         0.0000      3763.1968         0.0000         4.4807         0.0006
    148.1575      2131.7883         0.0001         7.5809         0.0000         0.0000         0.0000         0.0000      4158.7559         0.0000         4.5086         0.0006
    148.1568      2130.5461         0.0001         7.6301         0.0000         0.0000         0.0000         0.0000      3397.7354         0.0000         4.5254         0.0006
    148.1622      2128.6086         0.0001         7.6878         0.0000         0.0000         0.0000         0.0000      3960.2988         0.0000         4.5369         0.0006
    148.1603      2128.2678         0.0001         7.7554         0.0000         0.0000         0.0000         0.0000      3667.7566         0.0000         4.5793         0.0006
    148.1580      2124.1565         0.0001         7.8081         0.0000         0.0000         0.0000         0.0000      3770.4968         0.0000         4.6164         0.0006
    148.1604      2122.3220         0.0001         7.8508         0.0000         0.0000         0.0000         0.0000      3405.9849         0.0000         4.6259         0.0006
    148.1628      2123.4297         0.0001         7.9019         0.0000         0.0000         0.0000         0.0000      3966.9189         0.0000         4.6451         0.0006
    148.1591      2122.3953         0.0001         7.9476         0.0000         0.0000         0.0000         0.0000      3487.9153         0.0000         4.6627         0.0006
    148.1595      2119.6624         0.0001         7.9906         0.0000         0.0000         0.0000         0.0000      3953.4482         0.0000         4.6993         0.0006
    148.1599      2118.2537         0.0001         8.0207         0.0000         0.0000         0.0000         0.0000      3744.2380         0.0000         4.6884         0.0006
    148.1590      2116.0449         0.0001         8.0530         0.0000         0.0000         0.0000         0.0000      3965.9983         0.0000         4.6701         0.0006
    148.1610      2116.4832         0.0001         8.0983         0.0000         0.0000         0.0000         0.0000      3438.2041         0.0000         4.6376         0.0006
    148.1651      2113.4421         0.0001         8.1487         0.0000         0.0000         0.0000         0.0000      3632.9648         0.0000         4.6746         0.0006
    148.1601      2110.0222         0.0001         8.2199         0.0000         0.0000         0.0000         0.0000      3585.4202         0.0000         4.7212         0.0006
    148.1622      2106.4614         0.0001         8.2802         0.0000         0.0000         0.0000         0.0000      3505.3186         0.0000         4.7452         0.0006
    148.1626      2106.0281         0.0001         8.3313         0.0000         0.0000         0.0000         0.0000      3503.4250         0.0000         4.7664         0.0006
    148.1586      2106.5520         0.0001         8.3968         0.0000         0.0000         0.0000         0.0000      3657.8750         0.0000         4.7495         0.0006
    148.1624      2105.8655         0.0001         8.4216         0.0000         0.0000         0.0000         0.0000      3432.3442         0.0000         4.7682         0.0006
    148.1595      2105.2610         0.0001         8.4767         0.0000         0.0000         0.0000         0.0000      3325.7075         0.0000         4.7690         0.0006
    148.1621      2106.0630         0.0001         8.5183         0.0000         0.0000         0.0000         0.0000      3557.9731         0.0000         4.7733         0.0006
    148.1582      2102.9827         0.0001         8.5811         0.0000         0.0000         0.0000         0.0000      3437.4756         0.0000         4.7929         0.0006
    148.1572      2100.2234         0.0001         8.6194         0.0000         0.0000         0.0000         0.0000      3726.2227         0.0000         4.8126         0.0005
    148.1622      2100.8357         0.0001         8.6782         0.0000         0.0000         0.0000         0.0000      4120.0728         0.0000         4.8315         0.0005
    148.1599      2098.8340         0.0001         8.7468         0.0000         0.0000         0.0000         0.0000      3653.3198         0.0000         4.9043         0.0005
    148.1637      2096.6323         0.0001         8.7765         0.0000         0.0000         0.0000         0.0000      3826.9331         0.0000         4.9089         0.0005
    148.1637      2092.3625         0.0001         8.8095         0.0000         0.0000         0.0000         0.0000      3708.0312         0.0000         4.9117         0.0005
    148.1626      2091.5190         0.0001         8.8453         0.0000         0.0000         0.0000         0.0000      4026.4839         0.0000         4.9350         0.0005
    148.1589      2089.7615         0.0001         8.9206         0.0000         0.0000         0.0000         0.0000      3613.5437         0.0000         4.9492         0.0005
    148.1589      2087.3599         0.0001         8.9618         0.0000         0.0000         0.0000         0.0000      3629.9329         0.0000         4.9190         0.0005
    148.1584      2087.4138         0.0001         9.0232         0.0000         0.0000         0.0000         0.0000      3836.6597         0.0000         4.9641         0.0005
    148.1611      2082.7146         0.0001         9.0560         0.0000         0.0000         0.0000         0.0000      3850.5032         0.0000         4.9668         0.0005
    148.1600      2081.0125         0.0001         9.1014         0.0000         0.0000         0.0000         0.0000      3869.7695         0.0000         4.9884         0.0005
    148.1654      2077.8865         0.0001         9.1285         0.0000         0.0000         0.0000         0.0000      4698.3970         0.0000         4.9969         0.0005
    148.1585      2077.2847         0.0001         9.2129         0.0000         0.0000         0.0000         0.0000      3716.2876         0.0000         5.0457         0.0005
    148.1635      2078.9954         0.0001         9.2564         0.0000         0.0000         0.0000         0.0000      4096.4800         0.0000         5.0728         0.0005
    148.1628      2078.4919         0.0001         9.2976         0.0000         0.0000         0.0000         0.0000      3835.1216         0.0000         5.0708         0.0005
    148.1637      2077.1909         0.0001         9.3527         0.0000         0.0000         0.0000         0.0000      3872.3750         0.0000         5.0551         0.0005
    148.1603      2073.7725         0.0001         9.4093         0.0000         0.0000         0.0000         0.0000      3716.9351         0.0000         5.0717         0.0005
    148.1611      2073.6338         0.0001         9.4587         0.0000         0.0000         0.0000         0.0000      3591.8198         0.0000         5.0850         0.0005
    148.1577      2074.7891         0.0001         9.4647         0.0000         0.0000         0.0000         0.0000      3902.1433         0.0000         5.0632         0.0005
    148.1630      2075.2646         0.0001         9.5078         0.0000         0.0000         0.0000         0.0000      3955.7310         0.0000         5.0641         0.0005
    148.1587      2071.6179         0.0001         9.5392         0.0000         0.0000         0.0000         0.0000      3632.5342         0.0000         5.1114         0.0005
    148.1643      2072.5693         0.0001         9.5858         0.0000         0.0000         0.0000         0.0000      4012.8879         0.0000         5.1131         0.0005
    148.1622      2071.6360         0.0001         9.6649         0.0000         0.0000         0.0000         0.0000      3815.3586         0.0000         5.1278         0.0005
    148.1660      2070.0120         0.0001         9.7068         0.0000         0.0000         0.0000         0.0000      3513.6184         0.0000         5.1521         0.0005
    148.1608      2066.0273         0.0001         9.7469         0.0000         0.0000         0.0000         0.0000      4186.7964         0.0000         5.1990         0.0005
    148.1645      2063.4639         0.0001         9.8084         0.0000         0.0000         0.0000         0.0000      3418.1880         0.0000         5.1967         0.0005
    148.1615      2063.1074         0.0001         9.8483         0.0000         0.0000         0.0000         0.0000      3547.9553         0.0000         5.2118         0.0005
    148.1649      2059.2834         0.0001         9.9159         0.0000         0.0000         0.0000         0.0000      3716.2178         0.0000         5.2121         0.0005
    148.1605      2059.6135         0.0001         9.9782         0.0000         0.0000         0.0000         0.0000      3400.6172         0.0000         5.2437         0.0005
    148.1624      2055.8972         0.0001        10.0041         0.0000         0.0000         0.0000         0.0000      3688.1841         0.0000         5.2392         0.0005
    148.1637      2055.2224         0.0001        10.0904         0.0000         0.0000         0.0000         0.0000      3294.8857         0.0000         5.2780         0.0005
    148.1651      2052.1814         0.0001        10.1229         0.0000         0.0000         0.0000         0.0000      4026.7703         0.0000         5.2706         0.0005
    148.1626      2051.5779         0.0001        10.2181         0.0000         0.0000         0.0000         0.0000      3715.4822         0.0000         5.3169         0.0005
    148.1612      2049.1650         0.0001        10.2799         0.0000         0.0000         0.0000         0.0000      3693.5022         0.0000         5.3604         0.0005
    148.1610      2047.4862         0.0002        10.3451         0.0000         0.0000         0.0000         0.0000      3311.2913         0.0000         5.3911         0.0005
    148.1605      2048.4277         0.0001        10.3776         0.0000         0.0000         0.0000         0.0000      3355.9241         0.0000         5.3715         0.0005
    148.1603      2048.2383         0.0002        10.4485         0.0000         0.0000         0.0000         0.0000      3625.0347         0.0000         5.3757         0.0005
    148.1622      2047.3074         0.0002        10.4922         0.0000         0.0000         0.0000         0.0000      3565.5117         0.0000         5.4050         0.0005
    148.1600      2046.7521         0.0002        10.5301         0.0000         0.0000         0.0000         0.0000      3492.8447         0.0000         5.4075         0.0005
    148.1613      2041.9897         0.0002        10.6112         0.0000         0.0000         0.0000         0.0000      3675.5405         0.0000         5.4542         0.0005
    148.1573      2039.8169         0.0002        10.6370         0.0000         0.0000         0.0000         0.0000      3479.4399         0.0000         5.4586         0.0005
    148.1619      2039.1685         0.0001        10.6803         0.0000         0.0000         0.0000         0.0000      3792.8074         0.0000         5.4523         0.0005
    148.1600      2035.9503         0.0001        10.7815         0.0000         0.0000         0.0000         0.0000      3736.6187         0.0000         5.5030         0.0005
    148.1624      2035.1716         0.0001        10.8451         0.0000         0.0000         0.0000         0.0000      3583.0571         0.0000         5.5328         0.0005
    148.1640      2033.1598         0.0002        10.9111         0.0000         0.0000         0.0000         0.0000      3522.6763         0.0000         5.5467         0.0005
    148.1608      2030.6323         0.0002        10.9730         0.0000         0.0000         0.0000         0.0000      3331.0737         0.0000         5.5839         0.0005
    148.1622      2029.1974         0.0002        11.0436         0.0000         0.0000         0.0000         0.0000      3426.2925         0.0000         5.6173         0.0005
    148.1594      2028.6215         0.0002        11.0918         0.0000         0.0000         0.0000         0.0000      3530.6968         0.0000         5.6061         0.0005
    148.1642      2027.2632         0.0002        11.1477         0.0000         0.0000         0.0000         0.0000      3596.2283         0.0000         5.6128         0.0005
    148.1619      2025.6979         0.0002        11.2056         0.0000         0.0000         0.0000         0.0000      3434.3154         0.0000         5.6432         0.0005
    148.1637      2024.7299         0.0002        11.2841         0.0000         0.0000         0.0000         0.0000      3820.1768         0.0000         5.6798         0.0005
    148.1655      2025.5870         0.0002        11.3253         0.0000         0.0000         0.0000         0.0000      3643.8196         0.0000         5.6974         0.0005
    148.1626      2023.6791         0.0002        11.3808         0.0000         0.0000         0.0000         0.0000      3395.2759         0.0000         5.7217         0.0005
    148.1622      2020.3307         0.0002        11.4531         0.0000         0.0000         0.0000         0.0000      3268.6597         0.0000         5.7226         0.0005
    148.1619      2017.3534         0.0002        11.5123         0.0000         0.0000         0.0000         0.0000      3845.0410         0.0000         5.7256         0.0005
    148.1609      2014.0535         0.0002        11.5790         0.0000         0.0000         0.0000         0.0000      3100.4226         0.0000         5.7312         0.0005
    148.1633      2011.8677         0.0002        11.6492         0.0000         0.0000         0.0000         0.0000      3298.1509         0.0000         5.7454         0.0005
    148.1607      2010.2429         0.0002        11.6839         0.0000         0.0000         0.0000         0.0000      3357.2944         0.0000         5.7807         0.0005
    148.1621      2008.0482         0.0002        11.7566         0.0000         0.0000         0.0000         0.0000      3316.1089         0.0000         5.7947         0.0005
    148.1618      2005.3934         0.0002        11.7903         0.0000         0.0000         0.0000         0.0000      3898.0935         0.0000         5.7677         0.0005
    148.1602      2005.9830         0.0002        11.8481         0.0000         0.0000         0.0000         0.0000      3186.0791         0.0000         5.8042         0.0005
    148.1627      2005.9388         0.0002        11.9000         0.0000         0.0000         0.0000         0.0000      3385.6519         0.0000         5.8017         0.0005
    148.1619      2004.2299         0.0002        11.9734         0.0000         0.0000         0.0000         0.0000      3304.5828         0.0000         5.8173         0.0005
    148.1595      2000.7206         0.0002        12.0460         0.0000         0.0000         0.0000         0.0000      3366.7263         0.0000         5.8276         0.0005
    148.1587      1999.2928         0.0002        12.1119         0.0000         0.0000         0.0000         0.0000      3435.3140         0.0000         5.8393         0.0005
    148.1596      1999.1990         0.0002        12.1958         0.0000         0.0000         0.0000         0.0000      3276.5757         0.0000         5.8659         0.0005
    148.1593      1996.6124         0.0002        12.2278         0.0000         0.0000         0.0000         0.0000      3692.0349         0.0000         5.8394         0.0005
    148.1609      1996.4135         0.0002        12.2978         0.0000         0.0000         0.0000         0.0000      3492.5532         0.0000         5.8590         0.0005
    148.1607      1995.9008         0.0002        12.3347         0.0000         0.0000         0.0000         0.0000      3571.5305         0.0000         5.8658         0.0005
    148.1622      1995.1738         0.0002        12.4058         0.0000         0.0000         0.0000         0.0000      3448.2842         0.0000         5.8857         0.0005
    148.1599      1994.2167         0.0002        12.4514         0.0000         0.0000         0.0000         0.0000      3426.9937         0.0000         5.9263         0.0004
    148.1640      1991.3328         0.0002        12.5194         0.0000         0.0000         0.0000         0.0000      3909.6377         0.0000         5.9205         0.0004
    148.1618      1988.7590         0.0002        12.6000         0.0000         0.0000         0.0000         0.0000      3404.9048         0.0000         5.9736         0.0004
    148.1610      1986.6537         0.0002        12.6672         0.0000         0.0000         0.0000         0.0000      3444.0601         0.0000         5.9776         0.0004
    148.1603      1985.1278         0.0002        12.7547         0.0000         0.0000         0.0000         0.0000      3186.1372         0.0000         6.0188         0.0004
    148.1597      1982.6543         0.0002        12.8265         0.0000         0.0000         0.0000         0.0000      3444.6294         0.0000         6.0204         0.0004
    148.1604      1982.4320         0.0002        12.9282         0.0000         0.0000         0.0000         0.0000      3109.7158         0.0000         6.0703         0.0004
    148.1593      1980.4907         0.0002        12.9857         0.0000         0.0000         0.0000         0.0000      3264.8882         0.0000         6.0967         0.0004
    148.1588      1979.6368         0.0002        13.0381         0.0000         0.0000         0.0000         0.0000      3222.6968         0.0000         6.1167         0.0004
    148.1578      1978.2428         0.0002        13.0528         0.0000         0.0000         0.0000         0.0000      3235.5801         0.0000         6.1322         0.0004
    148.1602      1980.2908         0.0002        13.0842         0.0000         0.0000         0.0000         0.0000      3171.9927         0.0000         6.0980         0.0004
    148.1637      1977.8711         0.0002        13.1699         0.0000         0.0000         0.0000         0.0000      3165.0232         0.0000         6.1151         0.0004
    148.1636      1978.1527         0.0002        13.2267         0.0000         0.0000         0.0000         0.0000      3621.1365         0.0000         6.1044         0.0004
    148.1634      1977.8998         0.0002        13.3279         0.0000         0.0000         0.0000         0.0000      3231.9885         0.0000         6.1693         0.0004
    148.1638      1976.1296         0.0002        13.3455         0.0000         0.0000         0.0000         0.0000      3605.8347         0.0000         6.1487         0.0004
    148.1629      1974.4551         0.0002        13.4531         0.0000         0.0000         0.0000         0.0000      3296.0854         0.0000         6.2004         0.0004
    148.1619      1972.6024         0.0002        13.5251         0.0000         0.0000         0.0000         0.0000      3047.1338         0.0000         6.2202         0.0004
    148.1630      1970.8280         0.0002        13.5684         0.0000         0.0000         0.0000         0.0000      3146.8887         0.0000         6.2593         0.0004
    148.1630      1969.1733         0.0002        13.6456         0.0000         0.0000         0.0000         0.0000      3454.8208         0.0000         6.2739         0.0004
    148.1631      1967.5277         0.0002        13.7185         0.0000         0.0000         0.0000         0.0000      3238.8032         0.0000         6.2938         0.0004
    148.1625      1964.7921         0.0002        13.7544         0.0000         0.0000         0.0000         0.0000      3374.3145         0.0000         6.2758         0.0004
    148.1626      1964.7092         0.0002        13.8451         0.0000         0.0000         0.0000         0.0000      3809.9541         0.0000         6.3486         0.0004
    148.1667      1964.3654         0.0002        13.9038         0.0000         0.0000         0.0000         0.0000      3298.9980         0.0000         6.3899         0.0004
    148.1665      1959.9077         0.0002        13.9405         0.0000         0.0000         0.0000         0.0000      3610.3994         0.0000         6.4043         0.0004
    148.1659      1957.4424         0.0002        14.0115         0.0000         0.0000         0.0000         0.0000      3148.1821         0.0000         6.4608         0.0004
    148.1657      1955.3506         0.0002        14.0456         0.0000         0.0000         0.0000         0.0000      3212.2285         0.0000         6.4588         0.0004
    148.1665      1953.0358         0.0002        14.0656         0.0000         0.0000         0.0000         0.0000      3524.1736         0.0000         6.4132         0.0004
    148.1649      1952.7579         0.0002        14.1695         0.0000         0.0000         0.0000         0.0000      3094.1873         0.0000         6.4698         0.0004
    148.1666      1952.1260         0.0002        14.2183         0.0000         0.0000         0.0000         0.0000      3156.3330         0.0000         6.4639         0.0004
    148.1646      1947.8112         0.0002        14.3282         0.0000         0.0000         0.0000         0.0000      3282.6982         0.0000         6.4755         0.0004
    148.1662      1945.5426         0.0002        14.3435         0.0000         0.0000         0.0000         0.0000      3252.8237         0.0000         6.4520         0.0004
    148.1632      1941.4309         0.0002        14.3891         0.0000         0.0000         0.0000         0.0000      4041.8064         0.0000         6.4165         0.0004
    148.1656      1940.3254         0.0002        14.5460         0.0000         0.0000         0.0000         0.0000      3295.7490         0.0000         6.5058         0.0004
    148.1642      1937.9635         0.0002        14.6018         0.0000         0.0000         0.0000         0.0000      3504.3215         0.0000         6.4893         0.0004
    148.1621      1938.3815         0.0002        14.7003         0.0000         0.0000         0.0000         0.0000      3209.7910         0.0000         6.5612         0.0004
    148.1638      1935.7375         0.0002        14.7909         0.0000         0.0000         0.0000         0.0000      3411.6006         0.0000         6.5886         0.0004
    148.1647      1934.1656         0.0002        14.8423         0.0000         0.0000         0.0000         0.0000      3395.1270         0.0000         6.6037         0.0004
    148.1646      1931.6635         0.0002        14.9198         0.0000         0.0000         0.0000         0.0000      3860.8706         0.0000         6.6416         0.0004
    148.1652      1930.6305         0.0002        14.9661         0.0000         0.0000         0.0000         0.0000      3174.5388         0.0000         6.6043         0.0004
    148.1674      1930.9373         0.0002        15.0144         0.0000         0.0000         0.0000         0.0000      3461.4475         0.0000         6.6074         0.0004
    148.1659      1930.9283         0.0002        15.0857         0.0000         0.0000         0.0000         0.0000      3085.6570         0.0000         6.5959         0.0004
    148.1644      1926.3005         0.0002        15.1709         0.0000         0.0000         0.0000         0.0000      3927.8223         0.0000         6.6426         0.0004
    148.1664      1928.4327         0.0002        15.2529         0.0000         0.0000         0.0000         0.0000      3563.2068         0.0000         6.6800         0.0004
    148.1651      1926.0027         0.0002        15.3503         0.0000         0.0000         0.0000         0.0000      3518.2791         0.0000         6.7563         0.0004
    148.1661      1923.2498         0.0002        15.4495         0.0000         0.0000         0.0000         0.0000      3776.1184         0.0000         6.7867         0.0004
    148.1652      1923.5762         0.0002        15.5062         0.0000         0.0000         0.0000         0.0000      3577.9600         0.0000         6.8103         0.0004
    148.1637      1919.4712         0.0002        15.5541         0.0000         0.0000         0.0000         0.0000      3773.4812         0.0000         6.8298         0.0004
    148.1653      1920.4460         0.0002        15.6266         0.0000         0.0000         0.0000         0.0000      3149.2629         0.0000         6.8790         0.0004
    148.1650      1915.9987         0.0002        15.6831         0.0000         0.0000         0.0000         0.0000      3462.1235         0.0000         6.9099         0.0004
    148.1644      1915.4143         0.0002        15.7339         0.0000         0.0000         0.0000         0.0000      3199.1406         0.0000         6.8996         0.0004
    148.1637      1909.7063         0.0002        15.7849         0.0000         0.0000         0.0000         0.0000      3399.2942         0.0000         6.9031         0.0004
    148.1630      1906.0449         0.0002        15.8453         0.0000         0.0000         0.0000         0.0000      3712.3545         0.0000         6.9186         0.0004
    148.1637      1904.8680         0.0002        15.9335         0.0000         0.0000         0.0000         0.0000      3127.4905         0.0000         6.9678         0.0004
    148.1657      1904.9270         0.0002        15.9945         0.0000         0.0000         0.0000         0.0000      3813.8010         0.0000         6.9484         0.0004
    148.1657      1903.8751         0.0002        16.1053         0.0000         0.0000         0.0000         0.0000      3167.5039         0.0000         7.0333         0.0004
    148.1659      1901.4644         0.0002        16.1256         0.0000         0.0000         0.0000         0.0000      3525.2463         0.0000         7.0130         0.0004
    148.1649      1901.6772         0.0002        16.2307         0.0000         0.0000         0.0000         0.0000      3000.4832         0.0000         7.0969         0.0004
    148.1628      1896.9597         0.0002        16.2805         0.0000         0.0000         0.0000         0.0000      3112.0425         0.0000         7.1051         0.0004
    148.1664      1899.4442         0.0002        16.3542         0.0000         0.0000         0.0000         0.0000      3140.2026         0.0000         7.1731         0.0004
    148.1648      1898.9216         0.0002        16.3998         0.0000         0.0000         0.0000         0.0000      3473.2993         0.0000         7.1626         0.0004
    148.1622      1894.7521         0.0002        16.4673         0.0000         0.0000         0.0000         0.0000      3243.1294         0.0000         7.2040         0.0004
    148.1643      1894.3604         0.0002        16.5732         0.0000         0.0000         0.0000         0.0000      3722.0488         0.0000         7.2933         0.0004
    148.1660      1893.2007         0.0002        16.6449         0.0000         0.0000         0.0000         0.0000      3377.5232         0.0000         7.3431         0.0004
    148.1638      1891.2090         0.0002        16.6874         0.0000         0.0000         0.0000         0.0000      3364.5212         0.0000         7.3634         0.0004
    148.1657      1887.5748         0.0002        16.7842         0.0000         0.0000         0.0000         0.0000      3593.1714         0.0000         7.3645         0.0004
    148.1639      1887.0562         0.0002        16.8897         0.0000         0.0000         0.0000         0.0000      3385.8518         0.0000         7.4587         0.0004
    148.1660      1884.9479         0.0002        16.9750         0.0000         0.0000         0.0000         0.0000      3094.2844         0.0000         7.4796         0.0004
    148.1646      1882.3098         0.0002        17.0257         0.0000         0.0000         0.0000         0.0000      3128.6416         0.0000         7.4889         0.0004
    148.1658      1880.3260         0.0002        17.0529         0.0000         0.0000         0.0000         0.0000      3175.7163         0.0000         7.5221         0.0004
    148.1660      1879.8705         0.0002        17.1178         0.0000         0.0000         0.0000         0.0000      3184.0598         0.0000         7.5291         0.0004
    148.1657      1876.2445         0.0002        17.1757         0.0000         0.0000         0.0000         0.0000      3273.6765         0.0000         7.5519         0.0004
    148.1631      1874.4186         0.0002        17.2529         0.0000         0.0000         0.0000         0.0000      3764.7581         0.0000         7.5587         0.0004
    148.1664      1872.6761         0.0002        17.3915         0.0000         0.0000         0.0000         0.0000      3576.7263         0.0000         7.6223         0.0004
    148.1642      1872.2502         0.0003        17.4980         0.0000         0.0000         0.0000         0.0000      3663.0667         0.0000         7.6865         0.0004
    148.1633      1872.2095         0.0003        17.5608         0.0000         0.0000         0.0000         0.0000      3647.9961         0.0000         7.7105         0.0004
    148.1639      1871.2126         0.0003        17.6408         0.0000         0.0000         0.0000         0.0000      3596.9114         0.0000         7.7265         0.0004
    148.1653      1871.6426         0.0003        17.7806         0.0000         0.0000         0.0000         0.0000      3262.0781         0.0000         7.8085         0.0004
    148.1653      1869.3942         0.0003        17.8697         0.0000         0.0000         0.0000         0.0000      3487.9351         0.0000         7.8745         0.0004
    148.1648      1865.9603         0.0003        17.9188         0.0000         0.0000         0.0000         0.0000      3680.5544         0.0000         7.8715         0.0004
    148.1637      1862.7690         0.0003        17.9965         0.0000         0.0000         0.0000         0.0000      3346.9463         0.0000         7.8893         0.0004
    148.1638      1861.3293         0.0003        18.1302         0.0000         0.0000         0.0000         0.0000      3296.5930         0.0000         7.9358         0.0004
    148.1638      1860.4673         0.0003        18.2044         0.0000         0.0000         0.0000         0.0000      4112.4854         0.0000         7.9553         0.0004
    148.1656      1861.8613         0.0003        18.3610         0.0000         0.0000         0.0000         0.0000      3723.6523         0.0000         8.0595         0.0004
    148.1641      1859.4182         0.0003        18.4748         0.0000         0.0000         0.0000         0.0000      3600.5935         0.0000         8.1286         0.0004
    148.1641      1855.1899         0.0003        18.5735         0.0000         0.0000         0.0000         0.0000      3792.1846         0.0000         8.1816         0.0004
    148.1646      1851.6781         0.0003        18.6913         0.0000         0.0000         0.0000         0.0000      3612.9497         0.0000         8.2654         0.0004
    148.1653      1849.7614         0.0003        18.7674         0.0000         0.0000         0.0000         0.0000      3671.7891         0.0000         8.3174         0.0004
    148.1647      1847.3781         0.0003        18.8361         0.0000         0.0000         0.0000         0.0000      3859.6475         0.0000         8.3605         0.0004
    148.1648      1847.7394         0.0003        18.9153         0.0000         0.0000         0.0000         0.0000      3454.2593         0.0000         8.4207         0.0004
    148.1644      1846.9993         0.0003        18.9660         0.0000         0.0000         0.0000         0.0000      3255.3286         0.0000         8.3945         0.0004
    148.1639      1845.1140         0.0003        19.0638         0.0000         0.0000         0.0000         0.0000      3294.9976         0.0000         8.4345         0.0004
    148.1642      1842.8735         0.0003        19.1763         0.0000         0.0000         0.0000         0.0000      3971.1206         0.0000         8.4764         0.0004
    148.1648      1843.6616         0.0003        19.3136         0.0000         0.0000         0.0000         0.0000      3439.8677         0.0000         8.5788         0.0004
    148.1631      1839.4617         0.0003        19.4337         0.0000         0.0000         0.0000         0.0000      3429.6753         0.0000         8.6487         0.0004
    148.1643      1842.2949         0.0003        19.5199         0.0000         0.0000         0.0000         0.0000      3657.2017         0.0000         8.6894         0.0004
    148.1640      1840.8441         0.0003        19.6432         0.0000         0.0000         0.0000         0.0000      3512.9641         0.0000         8.7577         0.0004
    148.1617      1839.0358         0.0003        19.6968         0.0000         0.0000         0.0000         0.0000      3466.6199         0.0000         8.8237         0.0004
    148.1636      1839.8538         0.0003        19.7817         0.0000         0.0000         0.0000         0.0000      3348.1890         0.0000         8.8496         0.0004
    148.1626      1838.1404         0.0003        19.8758         0.0000         0.0000         0.0000         0.0000      3635.4458         0.0000         8.8868         0.0004
    148.1628      1838.3846         0.0003        20.0135         0.0000         0.0000         0.0000         0.0000      3469.8220         0.0000         8.9700         0.0004
    148.1606      1835.7532         0.0003        20.0963         0.0000         0.0000         0.0000         0.0000      3897.3328         0.0000         8.9578         0.0004
    148.1623      1835.2819         0.0003        20.2291         0.0000         0.0000         0.0000         0.0000      3942.4546         0.0000         9.0214         0.0004
    148.1626      1833.7704         0.0003        20.3987         0.0000         0.0000         0.0000         0.0000      3749.2427         0.0000         9.1277         0.0004
    148.1622      1834.2620         0.0003        20.5018         0.0000         0.0000         0.0000         0.0000      4255.6328         0.0000         9.2301         0.0004
    148.1622      1831.9833         0.0003        20.6171         0.0000         0.0000         0.0000         0.0000      3543.3835         0.0000         9.3180         0.0004
    148.1619      1831.6799         0.0003        20.7136         0.0000         0.0000         0.0000         0.0000      4279.8247         0.0000         9.3485         0.0004
    148.1623      1827.6882         0.0003        20.8078         0.0000         0.0000         0.0000         0.0000      3369.8174         0.0000         9.4313         0.0004
    148.1630      1827.7983         0.0003        20.9493         0.0000         0.0000         0.0000         0.0000      3674.7986         0.0000         9.5155         0.0004
    148.1627      1825.9369         0.0003        21.0605         0.0000         0.0000         0.0000         0.0000      3386.5051         0.0000         9.5237         0.0004
    148.1644      1826.9415         0.0004        21.2392         0.0000         0.0000         0.0000         0.0000      3441.8286         0.0000         9.6376         0.0004
    148.1622      1825.2720         0.0004        21.3392         0.0000         0.0000         0.0000         0.0000      3362.8992         0.0000         9.6471         0.0004
    148.1642      1823.8940         0.0003        21.4314         0.0000         0.0000         0.0000         0.0000      4291.0942         0.0000         9.6898         0.0004
    148.1656      1822.6823         0.0003        21.5916         0.0000         0.0000         0.0000         0.0000      3779.0605         0.0000         9.8529         0.0004
    148.1640      1823.1956         0.0003        21.7538         0.0000         0.0000         0.0000         0.0000      3797.1533         0.0000         9.9056         0.0004
    148.1636      1823.2703         0.0003        21.8753         0.0000         0.0000         0.0000         0.0000      3974.7205         0.0000         9.9873         0.0004
    148.1652      1824.3580         0.0003        22.0404         0.0000         0.0000         0.0000         0.0000      4166.9053         0.0000        10.0949         0.0004
    148.1646      1823.1691         0.0004        22.2362         0.0000         0.0000         0.0000         0.0000      3748.4312         0.0000        10.2259         0.0004
    148.1646      1822.1447         0.0004        22.3250         0.0000         0.0000         0.0000         0.0000      3795.1150         0.0000        10.2573         0.0004
    148.1650      1822.9250         0.0004        22.4773         0.0000         0.0000         0.0000         0.0000      3380.9346         0.0000        10.3483         0.0004
    148.1644      1821.9082         0.0004        22.6155         0.0000         0.0000         0.0000         0.0000      3462.6909         0.0000        10.3913         0.0004
    148.1601      1817.3279         0.0004        22.7273         0.0000         0.0000         0.0000         0.0000      3349.8555         0.0000        10.4207         0.0003
    148.1635      1816.9868         0.0003        22.8378         0.0000         0.0000         0.0000         0.0000      4704.5610         0.0000        10.4384         0.0003
    148.1649      1815.4857         0.0003        23.0081         0.0000         0.0000         0.0000         0.0000      3949.4448         0.0000        10.5850         0.0003
    148.1628      1814.0936         0.0003        23.1856         0.0000         0.0000         0.0000         0.0000      4195.3066         0.0000        10.6678         0.0003
    148.1632      1811.3638         0.0004        23.3403         0.0000         0.0000         0.0000         0.0000      3718.3154         0.0000        10.7684         0.0003
    148.1630      1812.1637         0.0003        23.4943         0.0000         0.0000         0.0000         0.0000      3682.1995         0.0000        10.8425         0.0003
    148.1638      1809.4446         0.0004        23.6712         0.0000         0.0000         0.0000         0.0000      3376.7478         0.0000        10.9568         0.0003
    148.1628      1807.3887         0.0004        23.8290         0.0000         0.0000         0.0000         0.0000      3648.0457         0.0000        11.0280         0.0003
    148.1624      1804.9495         0.0004        23.9119         0.0000         0.0000         0.0000         0.0000      3821.0664         0.0000        11.0622         0.0003
    148.1642      1805.8746         0.0004        24.0286         0.0000         0.0000         0.0000         0.0000      3595.6033         0.0000        11.1670         0.0003
    148.1631      1806.8706         0.0004        24.1454         0.0000         0.0000         0.0000         0.0000      3481.9380         0.0000        11.2344         0.0004
    148.1639      1806.2947         0.0003        24.2542         0.0000         0.0000         0.0000         0.0000      4089.6677         0.0000        11.2761         0.0004
    148.1628      1806.5258         0.0004        24.4734         0.0000         0.0000         0.0000         0.0000      3978.1929         0.0000        11.4192         0.0004
    148.1618      1803.5780         0.0004        24.6375         0.0000         0.0000         0.0000         0.0000      4033.1311         0.0000        11.4833         0.0004
    148.1618      1800.0035         0.0004        24.8533         0.0000         0.0000         0.0000         0.0000      3575.0793         0.0000        11.6544         0.0004
    148.1626      1799.5941         0.0004        24.9784         0.0000         0.0000         0.0000         0.0000      4172.9023         0.0000        11.7405         0.0004
    148.1616      1794.6552         0.0004        25.1409         0.0000         0.0000         0.0000         0.0000      4073.8135         0.0000        11.8072         0.0004
    148.1608      1793.0231         0.0004        25.2412         0.0000         0.0000         0.0000         0.0000      3621.2354         0.0000        11.8662         0.0004
    148.1601      1789.4882         0.0004        25.4218         0.0000         0.0000         0.0000         0.0000      3596.5798         0.0000        11.9581         0.0004
    148.1622      1789.8395         0.0004        25.5398         0.0000         0.0000         0.0000         0.0000      4301.5532         0.0000        11.9973         0.0004
    148.1603      1787.5469         0.0004        25.6482         0.0000         0.0000         0.0000         0.0000      3260.7070         0.0000        12.0459         0.0004
    148.1630      1787.0305         0.0004        25.8571         0.0000         0.0000         0.0000         0.0000      4541.6226         0.0000        12.1540         0.0004
    148.1623      1787.0283         0.0004        26.0334         0.0000         0.0000         0.0000         0.0000      4127.8618         0.0000        12.3413         0.0004
    148.1630      1786.3204         0.0004        26.1810         0.0000         0.0000         0.0000         0.0000      4153.5176         0.0000        12.4305         0.0004
    148.1604      1783.0734         0.0005        26.3574         0.0000         0.0000         0.0000         0.0000      3693.8547         0.0000        12.4927         0.0004
    148.1623      1784.5618         0.0004        26.5353         0.0000         0.0000         0.0000         0.0000      3957.8503         0.0000        12.5965         0.0004
    148.1590      1781.2191         0.0005        26.6317         0.0000         0.0000         0.0000         0.0000      3811.9167         0.0000        12.6608         0.0004
    148.1614      1780.0961         0.0005        26.7430         0.0000         0.0000         0.0000         0.0000      3697.9763         0.0000        12.7339         0.0004
    148.1600      1777.5601         0.0005        26.8713         0.0000         0.0000         0.0000         0.0000      3715.0259         0.0000        12.7990         0.0004
    148.1600      1774.3730         0.0005        26.9603         0.0000         0.0000         0.0000         0.0000      3802.1409         0.0000        12.8193         0.0004
    148.1579      1774.1611         0.0005        27.0592         0.0000         0.0000         0.0000         0.0000      3529.2625         0.0000        12.8312         0.0003
    148.1626      1773.1666         0.0004        27.1767         0.0000         0.0000         0.0000         0.0000      4871.3457         0.0000        12.9011         0.0003
    148.1606      1773.2444         0.0004        27.4048         0.0000         0.0000         0.0000         0.0000      4284.5977         0.0000        13.0932         0.0003
    148.1600      1772.8704         0.0005        27.6315         0.0000         0.0000         0.0000         0.0000      3924.5261         0.0000        13.2807         0.0003
    148.1580      1770.0487         0.0005        27.7889         0.0000         0.0000         0.0000         0.0000      3894.2834         0.0000        13.3325         0.0003
    148.1608      1770.8953         0.0005        27.9548         0.0000         0.0000         0.0000         0.0000      4211.9966         0.0000        13.4083         0.0003
    148.1598      1773.1774         0.0005        28.1645         0.0000         0.0000         0.0000         0.0000      3638.9724         0.0000        13.5584         0.0003
    148.1609      1770.9850         0.0005        28.3259         0.0000         0.0000         0.0000         0.0000      3715.2925         0.0000        13.6658         0.0003
    148.1598      1766.6351         0.0005        28.4047         0.0000         0.0000         0.0000         0.0000      4291.3691         0.0000        13.6025         0.0003
    148.1605      1766.9215         0.0005        28.6117         0.0000         0.0000         0.0000         0.0000      3856.4307         0.0000        13.7731         0.0003
    148.1597      1764.0018         0.0005        28.7513         0.0000         0.0000         0.0000         0.0000      4097.2812         0.0000        13.8247         0.0003
    148.1592      1764.9404         0.0004        28.9668         0.0000         0.0000         0.0000         0.0000      4367.2881         0.0000        13.9495         0.0003
    148.1611      1762.7310         0.0005        29.2193         0.0000         0.0000         0.0000         0.0000      3908.6643         0.0000        14.1257         0.0003
    148.1634      1762.0880         0.0005        29.4520         0.0000         0.0000         0.0000         0.0000      3746.7454         0.0000        14.2696         0.0003
    148.1602      1758.0824         0.0005        29.6298         0.0000         0.0000         0.0000         0.0000      4192.2354         0.0000        14.3362         0.0003
    148.1613      1757.9346         0.0005        29.8101         0.0000         0.0000         0.0000         0.0000      3929.4949         0.0000        14.4488         0.0003
    148.1603      1758.7159         0.0005        30.0084         0.0000         0.0000         0.0000         0.0000      3871.7461         0.0000        14.5785         0.0003
    148.1593      1756.9178         0.0006        30.2474         0.0000         0.0000         0.0000         0.0000      3689.4543         0.0000        14.7435         0.0003
    148.1585      1754.3243         0.0006        30.4300         0.0000         0.0000         0.0000         0.0000      4095.3711         0.0000        14.8493         0.0003
    148.1586      1751.1248         0.0006        30.6498         0.0000         0.0000         0.0000         0.0000      3885.9902         0.0000        14.9440         0.0003
    148.1589      1751.3177         0.0006        30.7900         0.0000         0.0000         0.0000         0.0000      3539.2056         0.0000        15.0087         0.0003
    148.1617      1752.8977         0.0005        30.8725         0.0000         0.0000         0.0000         0.0000      4573.8857         0.0000        15.0574         0.0003
    148.1627      1751.4148         0.0005        31.1041         0.0000         0.0000         0.0000         0.0000      3744.4456         0.0000        15.2152         0.0003
    148.1618      1748.6920         0.0005        31.2946         0.0000         0.0000         0.0000         0.0000      4245.7754         0.0000        15.3050         0.0003
    148.1583      1742.6541         0.0006        31.5568         0.0000         0.0000         0.0000         0.0000      3735.7759         0.0000        15.4875         0.0003
    148.1590      1742.4751         0.0005        31.6953         0.0000         0.0000         0.0000         0.0000      3949.6133         0.0000        15.4715         0.0003
    148.1601      1741.5601         0.0006        31.9255         0.0000         0.0000         0.0000         0.0000      3906.6003         0.0000        15.6157         0.0003
    148.1586      1740.6168         0.0006        32.0944         0.0000         0.0000         0.0000         0.0000      4119.2754         0.0000        15.7589         0.0003
    148.1558      1738.7197         0.0006        32.2505         0.0000         0.0000         0.0000         0.0000      4114.6528         0.0000        15.8141         0.0003
    148.1554      1738.9541         0.0006        32.3910         0.0000         0.0000         0.0000         0.0000      3958.8809         0.0000        15.8796         0.0003
    148.1570      1739.2339         0.0007        32.5958         0.0000         0.0000         0.0000         0.0000      3547.6113         0.0000        15.9744         0.0003
    148.1578      1739.9297         0.0006        32.7190         0.0000         0.0000         0.0000         0.0000      4302.6636         0.0000        15.9993         0.0003
    148.1559      1736.0432         0.0007        32.9799         0.0000         0.0000         0.0000         0.0000      4076.2085         0.0000        16.2014         0.0003
    148.1578      1733.9818         0.0007        33.2005         0.0000         0.0000         0.0000         0.0000      3951.4297         0.0000        16.3628         0.0003
    148.1563      1732.6451         0.0008        33.4262         0.0000         0.0000         0.0000         0.0000      3771.9976         0.0000        16.5285         0.0003
    148.1544      1729.4468         0.0008        33.5748         0.0000         0.0000         0.0000         0.0000      3884.6375         0.0000        16.6333         0.0003
    148.1555      1729.9447         0.0008        33.7051         0.0000         0.0000         0.0000         0.0000      4141.3828         0.0000        16.6527         0.0003
    148.1551      1727.4266         0.0008        33.8626         0.0000         0.0000         0.0000         0.0000      3852.8259         0.0000        16.7046         0.0003
    148.1548      1727.0759         0.0008        33.9289         0.0000         0.0000         0.0000         0.0000      3931.7036         0.0000        16.6865         0.0003
    148.1565      1728.4667         0.0008        34.1115         0.0000         0.0000         0.0000         0.0000      3803.3728         0.0000        16.7874         0.0003
    148.1567      1728.7429         0.0007        34.3344         0.0000         0.0000         0.0000         0.0000      3671.6526         0.0000        16.9613         0.0003
    148.1586      1728.9978         0.0006        34.4864         0.0000         0.0000         0.0000         0.0000      4611.2441         0.0000        17.0687         0.0003
    148.1556      1726.9542         0.0007        34.7625         0.0000         0.0000         0.0000         0.0000      3962.3604         0.0000        17.2990         0.0003
    148.1571      1727.9822         0.0007        35.0853         0.0000         0.0000         0.0000         0.0000      3713.0352         0.0000        17.5418         0.0003
    148.1566      1725.7555         0.0007        35.2833         0.0000         0.0000         0.0000         0.0000      4058.0979         0.0000        17.6646         0.0003
    148.1564      1724.8142         0.0007        35.4758         0.0000         0.0000         0.0000         0.0000      4319.8877         0.0000        17.7132         0.0003
    148.1532      1722.0490         0.0008        35.6592         0.0000         0.0000         0.0000         0.0000      4386.2627         0.0000        17.7775         0.0003
    148.1535      1720.5150         0.0008        35.8706         0.0000         0.0000         0.0000         0.0000      3842.7241         0.0000        17.9270         0.0003
    148.1538      1720.6741         0.0009        36.0849         0.0000         0.0000         0.0000         0.0000      3724.4226         0.0000        18.0768         0.0003
    148.1526      1717.1024         0.0009        36.1553         0.0000         0.0000         0.0000         0.0000      3446.4424         0.0000        18.0365         0.0003
    148.1534      1713.8191         0.0008        36.2634         0.0000         0.0000         0.0000         0.0000      3966.6255         0.0000        18.0168         0.0003
    148.1557      1714.3029         0.0007        36.4000         0.0000         0.0000         0.0000         0.0000      4007.0339         0.0000        18.0812         0.0003
    148.1552      1711.7985         0.0008        36.6741         0.0000         0.0000         0.0000         0.0000      4012.4941         0.0000        18.2741         0.0003
    148.1555      1714.0916         0.0008        36.9557         0.0000         0.0000         0.0000         0.0000      3642.1750         0.0000        18.4402         0.0003
    148.1519      1709.5376         0.0009        37.1545         0.0000         0.0000         0.0000         0.0000      3901.4136         0.0000        18.5652         0.0003
    148.1505      1709.9707         0.0009        37.3450         0.0000         0.0000         0.0000         0.0000      3975.9819         0.0000        18.6763         0.0003
    148.1522      1708.6224         0.0010        37.5398         0.0000         0.0000         0.0000         0.0000      4065.7908         0.0000        18.6902         0.0003
    148.1503      1705.5079         0.0011        37.7381         0.0000         0.0000         0.0000         0.0000      3666.5015         0.0000        18.8129         0.0003
    148.1513      1703.4796         0.0010        37.8497         0.0000         0.0000         0.0000         0.0000      4024.6357         0.0000        18.8353         0.0003
    148.1504      1701.6990         0.0011        38.0439         0.0000         0.0000         0.0000         0.0000      3757.7744         0.0000        18.9119         0.0003
    148.1526      1700.6434         0.0011        38.3008         0.0000         0.0000         0.0000         0.0000      3562.9861         0.0000        19.0337         0.0003
    148.1526      1700.1005         0.0010        38.4544         0.0000         0.0000         0.0000         0.0000      4730.6465         0.0000        19.0543         0.0003
    148.1555      1701.0466         0.0011        38.8491         0.0000         0.0000         0.0000         0.0000      3921.3928         0.0000        19.4139         0.0003
    148.1527      1699.4200         0.0010        39.1002         0.0000         0.0000         0.0000         0.0000      4143.8877         0.0000        19.5691         0.0003
    148.1527      1696.0156         0.0009        39.2620         0.0000         0.0000         0.0000         0.0000      4449.3101         0.0000        19.6239         0.0003
    148.1506      1693.8291         0.0011        39.4109         0.0000         0.0000         0.0000         0.0000      3745.0850         0.0000        19.6879         0.0003
    148.1525      1692.1017         0.0010        39.5924         0.0000         0.0000         0.0000         0.0000      4028.0334         0.0000        19.7491         0.0003
    148.1540      1691.3876         0.0009        39.8591         0.0000         0.0000         0.0000         0.0000      4461.7183         0.0000        19.8657         0.0003
    148.1532      1689.2422         0.0010        40.0903         0.0000         0.0000         0.0000         0.0000      3904.7800         0.0000        19.9855         0.0003
    148.1512      1686.4678         0.0012        40.2199         0.0000         0.0000         0.0000         0.0000      4346.7568         0.0000        19.9535         0.0003
    148.1493      1684.2886         0.0012        40.4968         0.0000         0.0000         0.0000         0.0000      3581.7322         0.0000        20.0548         0.0003
    148.1557      1682.7836         0.0010        40.6655         0.0000         0.0000         0.0000         0.0000      5019.5752         0.0000        20.1289         0.0003
    148.1530      1683.3270         0.0011        40.9519         0.0000         0.0000         0.0000         0.0000      4020.6729         0.0000        20.4034         0.0003
    148.1518      1681.9188         0.0011        41.2251         0.0000         0.0000         0.0000         0.0000      4670.7075         0.0000        20.5264         0.0003
    148.1536      1680.9413         0.0012        41.4511         0.0000         0.0000         0.0000         0.0000      4406.6494         0.0000        20.6357         0.0003
    148.1532      1682.7417         0.0012        41.7861         0.0000         0.0000         0.0000         0.0000      4116.4077         0.0000        20.8899         0.0003
    148.1544      1683.8516         0.0012        42.1414         0.0000         0.0000         0.0000         0.0000      4234.4990         0.0000        21.0828         0.0003
    148.1542      1682.5675         0.0011        42.3389         0.0000         0.0000         0.0000         0.0000      4430.0513         0.0000        21.1482         0.0003
    148.1501      1676.1372         0.0011        42.4717         0.0000         0.0000         0.0000         0.0000      3807.2195         0.0000        21.1048         0.0003
    148.1527      1675.7405         0.0011        42.7818         0.0000         0.0000         0.0000         0.0000      3830.2598         0.0000        21.1940         0.0003
    148.1545      1677.8314         0.0010        42.9884         0.0000         0.0000         0.0000         0.0000      3746.7964         0.0000        21.3323         0.0003
    148.1533      1675.3254         0.0009        43.1735         0.0000         0.0000         0.0000         0.0000      4756.6631         0.0000        21.3375         0.0003
    148.1543      1676.4871         0.0010        43.5402         0.0000         0.0000         0.0000         0.0000      4069.5994         0.0000        21.6285         0.0003
    148.1535      1677.1246         0.0011        43.8565         0.0000         0.0000         0.0000         0.0000      4152.8081         0.0000        21.8355         0.0003
    148.1525      1672.8584         0.0011        44.0652         0.0000         0.0000         0.0000         0.0000      3863.9316         0.0000        21.8979         0.0003
    148.1521      1673.5679         0.0011        44.3327         0.0000         0.0000         0.0000         0.0000      4531.1572         0.0000        22.0594         0.0003
    148.1525      1673.5088         0.0011        44.6885         0.0000         0.0000         0.0000         0.0000      3851.6128         0.0000        22.2852         0.0003
    148.1513      1674.6115         0.0012        44.9900         0.0000         0.0000         0.0000         0.0000      4534.0166         0.0000        22.3854         0.0003
    148.1517      1674.0558         0.0012        45.2012         0.0000         0.0000         0.0000         0.0000      3658.6550         0.0000        22.4400         0.0003
    148.1514      1672.9352         0.0014        45.4759         0.0000         0.0000         0.0000         0.0000      3664.3337         0.0000        22.6268         0.0003
    148.1498      1674.0718         0.0013        45.6975         0.0000         0.0000         0.0000         0.0000      3952.2046         0.0000        22.7131         0.0003
    148.1532      1673.9188         0.0012        45.9593         0.0000         0.0000         0.0000         0.0000      4215.5171         0.0000        22.8181         0.0003
    148.1508      1671.2950         0.0013        46.2782         0.0000         0.0000         0.0000         0.0000      3760.7925         0.0000        23.0238         0.0003
    148.1519      1669.9633         0.0014        46.5604         0.0000         0.0000         0.0000         0.0000      4056.9438         0.0000        23.1745         0.0003
    148.1494      1667.1412         0.0012        46.7535         0.0000         0.0000         0.0000         0.0000      4104.2168         0.0000        23.2680         0.0003
    148.1510      1668.4248         0.0011        46.9812         0.0000         0.0000         0.0000         0.0000      4155.7651         0.0000        23.3668         0.0003
    148.1491      1662.4824         0.0012        47.0556         0.0000         0.0000         0.0000         0.0000      4036.2534         0.0000        23.2880         0.0003
    148.1525      1662.4362         0.0012        47.4391         0.0000         0.0000         0.0000         0.0000      3607.7935         0.0000        23.5091         0.0003
    148.1496      1659.8594         0.0012        47.7643         0.0000         0.0000         0.0000         0.0000      3734.5498         0.0000        23.6465         0.0003
    148.1503      1658.3499         0.0013        48.0430         0.0000         0.0000         0.0000         0.0000      4001.8794         0.0000        23.7695         0.0003
    148.1497      1657.2467         0.0013        48.3099         0.0000         0.0000         0.0000         0.0000      3769.5652         0.0000        23.8811         0.0003
    148.1511      1654.8903         0.0011        48.4725         0.0000         0.0000         0.0000         0.0000      4661.6221         0.0000        23.9091         0.0003
    148.1506      1654.5229         0.0012        48.8829         0.0000         0.0000         0.0000         0.0000      3830.4624         0.0000        24.1665         0.0003
    148.1481      1652.7815         0.0011        49.0027         0.0000         0.0000         0.0000         0.0000      4379.0322         0.0000        24.1365         0.0003
    148.1495      1649.8538         0.0012        49.3177         0.0000         0.0000         0.0000         0.0000      3839.3311         0.0000        24.3133         0.0003
    148.1512      1648.3016         0.0012        49.5594         0.0000         0.0000         0.0000         0.0000      3662.7917         0.0000        24.3397         0.0003
    148.1533      1647.4363         0.0013        49.8904         0.0000         0.0000         0.0000         0.0000      3798.5996         0.0000        24.4730         0.0003
    148.1486      1644.2650         0.0014        50.0825         0.0000         0.0000         0.0000         0.0000      4277.8691         0.0000        24.5281         0.0003
    148.1504      1642.4058         0.0014        50.3549         0.0000         0.0000         0.0000         0.0000      3704.6438         0.0000        24.6527         0.0003
    148.1511      1639.8582         0.0013        50.5736         0.0000         0.0000         0.0000         0.0000      3639.7295         0.0000        24.6889         0.0003
    148.1523      1638.0979         0.0014        50.6978         0.0000         0.0000         0.0000         0.0000      3910.5010         0.0000        24.6792         0.0002
    148.1489      1636.1448         0.0013        50.9700         0.0000         0.0000         0.0000         0.0000      4094.4941         0.0000        24.6979         0.0002
    148.1516      1639.8534         0.0014        51.3384         0.0000         0.0000         0.0000         0.0000      3746.8542         0.0000        24.9262         0.0002
    148.1497      1637.0496         0.0014        51.5784         0.0000         0.0000         0.0000         0.0000      4421.6470         0.0000        25.0231         0.0002
    148.1505      1636.0466         0.0015        51.8596         0.0000         0.0000         0.0000         0.0000      3766.1743         0.0000        25.1863         0.0002
    148.1510      1636.4430         0.0014        52.1113         0.0000         0.0000         0.0000         0.0000      3581.5259         0.0000        25.2433         0.0002
    148.1487      1634.6841         0.0015        52.2593         0.0000         0.0000         0.0000         0.0000      4511.6138         0.0000        25.2396         0.0002
    148.1486      1635.1357         0.0015        52.4670         0.0000         0.0000         0.0000         0.0000      4126.3525         0.0000        25.3335         0.0002
    148.1521      1631.9381         0.0016        52.6382         0.0000         0.0000         0.0000         0.0000      3610.8193         0.0000        25.3272         0.0002
    148.1498      1629.6228         0.0014        52.6770         0.0000         0.0000         0.0000         0.0000      4702.3169         0.0000        25.2397         0.0002
    148.1526      1632.0975         0.0016        52.8925         0.0000         0.0000         0.0000         0.0000      3820.2002         0.0000        25.3614         0.0002
    148.1542      1632.6327         0.0013        53.1237         0.0000         0.0000         0.0000         0.0000      4544.3833         0.0000        25.4467         0.0002
    148.1506      1629.2498         0.0015        53.4167         0.0000         0.0000         0.0000         0.0000      4728.1284         0.0000        25.5954         0.0002
    148.1518      1627.5552         0.0016        53.7848         0.0000         0.0000         0.0000         0.0000      4074.3452         0.0000        25.8179         0.0002
    148.1490      1628.2496         0.0014        54.0736         0.0000         0.0000         0.0000         0.0000      3837.5037         0.0000        25.9437         0.0002
    148.1515      1628.7622         0.0015        54.3676         0.0000         0.0000         0.0000         0.0000      3890.0991         0.0000        26.1330         0.0002
    148.1501      1626.7783         0.0015        54.6508         0.0000         0.0000         0.0000         0.0000      3941.7798         0.0000        26.2858         0.0002
    148.1515      1627.3019         0.0014        54.9187         0.0000         0.0000         0.0000         0.0000      4238.3052         0.0000        26.3699         0.0002
    148.1501      1624.4094         0.0015        55.0828         0.0000         0.0000         0.0000         0.0000      4098.8237         0.0000        26.3714         0.0002
    148.1508      1624.7269         0.0016        55.3841         0.0000         0.0000         0.0000         0.0000      3834.4658         0.0000        26.4885         0.0002
    148.1500      1623.5557         0.0017        55.7069         0.0000         0.0000         0.0000         0.0000      4018.9866         0.0000        26.6233         0.0002
    148.1503      1619.8141         0.0016        55.8863         0.0000         0.0000         0.0000         0.0000      4482.2129         0.0000        26.7212         0.0002
    148.1499      1621.3771         0.0016        56.2574         0.0000         0.0000         0.0000         0.0000      4024.4861         0.0000        27.0153         0.0002
    148.1504      1621.0592         0.0017        56.5103         0.0000         0.0000         0.0000         0.0000      4012.1082         0.0000        27.1288         0.0002
    148.1475      1620.1606         0.0017        56.8511         0.0000         0.0000         0.0000         0.0000      4048.8989         0.0000        27.3361         0.0002
    148.1446      1618.0083         0.0016        57.1039         0.0000         0.0000         0.0000         0.0000      3994.0637         0.0000        27.4249         0.0002
    148.1454      1618.1543         0.0017        57.4429         0.0000         0.0000         0.0000         0.0000      4090.1055         0.0000        27.5876         0.0002
    148.1473      1618.7056         0.0019        57.6818         0.0000         0.0000         0.0000         0.0000      3712.5635         0.0000        27.6911         0.0002
    148.1454      1620.3982         0.0018        58.0415         0.0000         0.0000         0.0000         0.0000      3924.9839         0.0000        27.8811         0.0002
    148.1476      1617.6606         0.0020        58.2928         0.0000         0.0000         0.0000         0.0000      4031.4370         0.0000        27.9456         0.0002
    148.1458      1617.1288         0.0021        58.6111         0.0000         0.0000         0.0000         0.0000      3734.4272         0.0000        28.0812         0.0002
    148.1442      1612.0605         0.0021        58.7881         0.0000         0.0000         0.0000         0.0000      4027.8994         0.0000        28.1414         0.0002
    148.1453      1612.5253         0.0020        59.0476         0.0000         0.0000         0.0000         0.0000      4142.3687         0.0000        28.2346         0.0002
    148.1463      1613.3336         0.0021        59.3706         0.0000         0.0000         0.0000         0.0000      4525.2275         0.0000        28.4188         0.0002
    148.1451      1612.7368         0.0023        59.6018         0.0000         0.0000         0.0000         0.0000      4497.7158         0.0000        28.4658         0.0002
    148.1443      1610.7551         0.0021        59.7785         0.0000         0.0000         0.0000         0.0000      3985.2908         0.0000        28.5123         0.0002
    148.1457      1612.4642         0.0022        60.0643         0.0000         0.0000         0.0000         0.0000      4053.0684         0.0000        28.6174         0.0002
    148.1456      1613.4703         0.0021        60.3586         0.0000         0.0000         0.0000         0.0000      4186.3057         0.0000        28.7226         0.0002
    148.1476      1612.5770         0.0019        60.6296         0.0000         0.0000         0.0000         0.0000      3937.4189         0.0000        28.8809         0.0002
    148.1462      1610.9584         0.0018        60.8701         0.0000         0.0000         0.0000         0.0000      4091.8242         0.0000        29.0391         0.0002
    148.1436      1611.8829         0.0019        61.0904         0.0000         0.0000         0.0000         0.0000      4086.0791         0.0000        29.1028         0.0002
    148.1468      1608.2186         0.0020        61.2673         0.0000         0.0000         0.0000         0.0000      4006.0046         0.0000        29.0108         0.0002
    148.1484      1610.8931         0.0020        61.5054         0.0000         0.0000         0.0000         0.0000      3800.9033         0.0000        29.1230         0.0002
    148.1452      1609.8732         0.0019        61.7989         0.0000         0.0000         0.0000         0.0000      3727.1287         0.0000        29.3236         0.0002
    148.1446      1608.7703         0.0018        61.8938         0.0000         0.0000         0.0000         0.0000      4187.1641         0.0000        29.2295         0.0002
    148.1451      1608.2081         0.0020        62.1675         0.0000         0.0000         0.0000         0.0000      4153.6958         0.0000        29.3284         0.0002
    148.1441      1607.5974         0.0018        62.4170         0.0000         0.0000         0.0000         0.0000      3757.9038         0.0000        29.4452         0.0002
    148.1426      1605.4651         0.0020        62.7755         0.0000         0.0000         0.0000         0.0000      4080.0488         0.0000        29.6518         0.0002
    148.1443      1605.0415         0.0021        62.9761         0.0000         0.0000         0.0000         0.0000      3674.1196         0.0000        29.7280         0.0002
    148.1421      1601.3378         0.0021        63.3245         0.0000         0.0000         0.0000         0.0000      3931.5493         0.0000        29.9194         0.0002
    148.1458      1600.4384         0.0020        63.5112         0.0000         0.0000         0.0000         0.0000      4234.1338         0.0000        29.8880         0.0002
    148.1446      1599.2448         0.0019        63.6645         0.0000         0.0000         0.0000         0.0000      3875.7336         0.0000        29.9515         0.0002
    148.1454      1601.0897         0.0021        64.0828         0.0000         0.0000         0.0000         0.0000      3950.9810         0.0000        30.1999         0.0002
    148.1434      1598.8436         0.0021        64.3469         0.0000         0.0000         0.0000         0.0000      3937.6443         0.0000        30.2937         0.0002
    148.1431      1597.8793         0.0022        64.6915         0.0000         0.0000         0.0000         0.0000      3957.1709         0.0000        30.4013         0.0002
    148.1424      1596.7485         0.0022        64.8492         0.0000         0.0000         0.0000         0.0000      3918.7866         0.0000        30.4920         0.0002
    148.1454      1596.9597         0.0023        65.0960         0.0000         0.0000         0.0000         0.0000      3764.0417         0.0000        30.5493         0.0002
    148.1414      1597.8356         0.0021        65.3105         0.0000         0.0000         0.0000         0.0000      3758.1689         0.0000        30.6057         0.0002
    148.1454      1596.8656         0.0023        65.5759         0.0000         0.0000         0.0000         0.0000      3897.7021         0.0000        30.6391         0.0002
    148.1439      1594.4525         0.0023        65.8745         0.0000         0.0000         0.0000         0.0000      3675.1028         0.0000        30.6939         0.0002
    148.1461      1594.6908         0.0022        66.0043         0.0000         0.0000         0.0000         0.0000      3775.3569         0.0000        30.6399         0.0002
    148.1452      1594.4290         0.0022        66.2958         0.0000         0.0000         0.0000         0.0000      3828.2383         0.0000        30.7572         0.0002
    148.1444      1592.6510         0.0023        66.5245         0.0000         0.0000         0.0000         0.0000      3725.8042         0.0000        30.7810         0.0002
    148.1449      1592.9177         0.0022        66.7252         0.0000         0.0000         0.0000         0.0000      4173.6665         0.0000        30.8496         0.0002
    148.1437      1591.3965         0.0023        67.0292         0.0000         0.0000         0.0000         0.0000      3851.5183         0.0000        30.8946         0.0002
    148.1435      1592.2249         0.0024        67.1724         0.0000         0.0000         0.0000         0.0000      3765.4141         0.0000        30.9340         0.0002
    148.1421      1591.1732         0.0023        67.4117         0.0000         0.0000         0.0000         0.0000      3813.2363         0.0000        31.0505         0.0002
    148.1433      1591.3793         0.0023        67.6185         0.0000         0.0000         0.0000         0.0000      3595.1211         0.0000        31.0809         0.0002
    148.1441      1591.7280         0.0023        67.9026         0.0000         0.0000         0.0000         0.0000      3721.7507         0.0000        31.1205         0.0002
    148.1424      1589.8912         0.0023        68.0196         0.0000         0.0000         0.0000         0.0000      4086.2637         0.0000        31.1236         0.0002
    148.1422      1589.9911         0.0024        68.2194         0.0000         0.0000         0.0000         0.0000      4008.1133         0.0000        31.2081         0.0002
    148.1413      1590.5699         0.0022        68.3734         0.0000         0.0000         0.0000         0.0000      4150.2827         0.0000        31.2618         0.0002
    148.1427      1587.6439         0.0023        68.5321         0.0000         0.0000         0.0000         0.0000      4229.8804         0.0000        31.2376         0.0002
    148.1413      1589.0968         0.0025        68.8104         0.0000         0.0000         0.0000         0.0000      3896.9248         0.0000        31.3638         0.0002
    148.1447      1589.8413         0.0027        69.1332         0.0000         0.0000         0.0000         0.0000      3874.4849         0.0000        31.5654         0.0002
    148.1430      1586.8282         0.0026        69.2412         0.0000         0.0000         0.0000         0.0000      3661.1099         0.0000        31.5745         0.0002
    148.1426      1585.5825         0.0024        69.4141         0.0000         0.0000         0.0000         0.0000      4428.3652         0.0000        31.6225         0.0002
    148.1420      1581.6475         0.0028        69.5430         0.0000         0.0000         0.0000         0.0000      4029.4360         0.0000        31.6215         0.0002
    148.1423      1584.2950         0.0027        69.8100         0.0000         0.0000         0.0000         0.0000      3827.6804         0.0000        31.6656         0.0002
    148.1420      1582.4016         0.0030        69.9602         0.0000         0.0000         0.0000         0.0000      3908.9648         0.0000        31.6894         0.0002
    148.1452      1583.6163         0.0028        70.2279         0.0000         0.0000         0.0000         0.0000      3818.6895         0.0000        31.8847         0.0001
    148.1447      1580.9359         0.0028        70.3841         0.0000         0.0000         0.0000         0.0000      3970.7075         0.0000        31.9130         0.0001
    148.1401      1578.1249         0.0026        70.4807         0.0000         0.0000         0.0000         0.0000      3802.4656         0.0000        31.8960         0.0001
    148.1428      1579.1399         0.0028        70.7427         0.0000         0.0000         0.0000         0.0000      3753.6643         0.0000        31.9946         0.0001
    148.1433      1578.4142         0.0026        70.8750         0.0000         0.0000         0.0000         0.0000      3582.5784         0.0000        31.9930         0.0001
    148.1438      1576.6945         0.0028        71.1473         0.0000         0.0000         0.0000         0.0000      3570.8721         0.0000        32.0732         0.0001
    148.1432      1575.5748         0.0025        71.3828         0.0000         0.0000         0.0000         0.0000      3498.1411         0.0000        32.1346         0.0001
    148.1403      1572.9855         0.0025        71.5283         0.0000         0.0000         0.0000         0.0000      4060.5977         0.0000        32.1808         0.0001
    148.1411      1574.2410         0.0026        71.7065         0.0000         0.0000         0.0000         0.0000      3817.7871         0.0000        32.2084         0.0001
    148.1447      1574.2468         0.0028        71.9950         0.0000         0.0000         0.0000         0.0000      3687.4014         0.0000        32.3389         0.0001
    148.1428      1570.9637         0.0027        72.1078         0.0000         0.0000         0.0000         0.0000      3397.7441         0.0000        32.3124         0.0001
    148.1416      1569.2368         0.0027        72.1814         0.0000         0.0000         0.0000         0.0000      4813.6729         0.0000        32.2327         0.0001
    148.1437      1570.2050         0.0028        72.4846         0.0000         0.0000         0.0000         0.0000      3727.9927         0.0000        32.3841         0.0001
    148.1422      1569.5574         0.0025        72.6803         0.0000         0.0000         0.0000         0.0000      3842.3960         0.0000        32.4314         0.0001
    148.1425      1570.0343         0.0029        72.8069         0.0000         0.0000         0.0000         0.0000      4138.0132         0.0000        32.4125         0.0001
    148.1425      1570.5034         0.0025        73.0406         0.0000         0.0000         0.0000         0.0000      3734.9614         0.0000        32.4967         0.0001
    148.1433      1568.2555         0.0028        73.2230         0.0000         0.0000         0.0000         0.0000      3788.7571         0.0000        32.5937         0.0001
    148.1427      1566.9614         0.0024        73.3870         0.0000         0.0000         0.0000         0.0000      3675.7671         0.0000        32.5244         0.0001
    148.1439      1568.1796         0.0028        73.6543         0.0000         0.0000         0.0000         0.0000      3533.8198         0.0000        32.6809         0.0001
    148.1469      1570.0348         0.0028        73.9735         0.0000         0.0000         0.0000         0.0000      3525.2820         0.0000        32.8036         0.0001
    148.1435      1569.2084         0.0026        73.9789         0.0000         0.0000         0.0000         0.0000      4441.7974         0.0000        32.6892         0.0001
    148.1460      1567.5189         0.0029        74.3342         0.0000         0.0000         0.0000         0.0000      3525.9446         0.0000        32.9133         0.0001
    148.1449      1564.3063         0.0025        74.3624         0.0000         0.0000         0.0000         0.0000      3737.6499         0.0000        32.8514         0.0001
    148.1437      1565.5975         0.0026        74.5143         0.0000         0.0000         0.0000         0.0000      3640.9861         0.0000        32.9354         0.0001
    148.1437      1560.5289         0.0026        74.7592         0.0000         0.0000         0.0000         0.0000      3391.7893         0.0000        33.0146         0.0001
    148.1430      1561.3064         0.0025        74.8888         0.0000         0.0000         0.0000         0.0000      3603.2932         0.0000        33.0324         0.0001
    148.1444      1560.1107         0.0027        74.9962         0.0000         0.0000         0.0000         0.0000      3322.7749         0.0000        33.1312         0.0001
    148.1432      1560.4344         0.0026        75.0417         0.0000         0.0000         0.0000         0.0000      3704.6353         0.0000        33.0294         0.0001
    148.1449      1557.9521         0.0025        75.3253         0.0000         0.0000         0.0000         0.0000      3150.4312         0.0000        33.1524         0.0001
    148.1430      1560.9106         0.0022        75.4967         0.0000         0.0000         0.0000         0.0000      3283.6790         0.0000        33.1129         0.0001
    148.1428      1557.3284         0.0026        75.7059         0.0000         0.0000         0.0000         0.0000      3076.8650         0.0000        33.1140         0.0001
    148.1426      1555.1716         0.0028        75.9216         0.0000         0.0000         0.0000         0.0000      3406.9404         0.0000        33.2076         0.0001
    148.1437      1552.2858         0.0027        75.9278         0.0000         0.0000         0.0000         0.0000      3414.7170         0.0000        33.0998         0.0001
    148.1405      1551.8081         0.0029        76.2322         0.0000         0.0000         0.0000         0.0000      3075.7620         0.0000        33.2285         0.0001
    148.1416      1552.9811         0.0026        76.2674         0.0000         0.0000         0.0000         0.0000      3213.6038         0.0000        33.1633         0.0001
    148.1421      1553.9747         0.0025        76.5088         0.0000         0.0000         0.0000         0.0000      3040.2397         0.0000        33.2242         0.0001
    148.1431      1553.3253         0.0026        76.6259         0.0000         0.0000         0.0000         0.0000      3277.4631         0.0000        33.2530         0.0001
    148.1438      1553.4602         0.0024        76.8268         0.0000         0.0000         0.0000         0.0000      3324.2305         0.0000        33.2708         0.0001
    148.1448      1552.8577         0.0024        76.9308         0.0000         0.0000         0.0000         0.0000      3488.6152         0.0000        33.2664         0.0001
    148.1435      1554.1046         0.0023        76.9974         0.0000         0.0000         0.0000         0.0000      3186.0842         0.0000        33.2191         0.0001
    148.1421      1550.0778         0.0021        77.1819         0.0000         0.0000         0.0000         0.0000      3457.0786         0.0000        33.1733         0.0001
    148.1439      1553.0973         0.0025        77.3358         0.0000         0.0000         0.0000         0.0000      3563.0796         0.0000        33.1844         0.0001
    148.1421      1550.6113         0.0022        77.4559         0.0000         0.0000         0.0000         0.0000      3199.9077         0.0000        33.1297         0.0001
    148.1422      1553.8447         0.0025        77.6693         0.0000         0.0000         0.0000         0.0000      3426.7412         0.0000        33.2485         0.0001
    148.1415      1548.7216         0.0024        77.6589         0.0000         0.0000         0.0000         0.0000      3429.5522         0.0000        33.1022         0.0001
    148.1413      1550.6985         0.0025        77.8567         0.0000         0.0000         0.0000         0.0000      3274.4607         0.0000        33.1831         0.0001
    148.1419      1547.9314         0.0027        78.0895         0.0000         0.0000         0.0000         0.0000      3199.0354         0.0000        33.2579         0.0001
    148.1428      1546.9419         0.0026        78.3815         0.0000         0.0000         0.0000         0.0000      2991.0129         0.0000        33.3344         0.0001
    148.1405      1542.6489         0.0026        78.4865         0.0000         0.0000         0.0000         0.0000      3195.4062         0.0000        33.3040         0.0001
    148.1407      1542.1265         0.0027        78.6088         0.0000         0.0000         0.0000         0.0000      3322.8652         0.0000        33.2624         0.0001
    148.1421      1544.0554         0.0027        78.8293         0.0000         0.0000         0.0000         0.0000      3047.5828         0.0000        33.3032         0.0001
    148.1431      1541.5081         0.0029        78.8118         0.0000         0.0000         0.0000         0.0000      3611.0696         0.0000        33.1826         0.0001
    148.1427      1539.3661         0.0025        78.8278         0.0000         0.0000         0.0000         0.0000      3206.8301         0.0000        33.1070         0.0001
    148.1417      1538.6565         0.0027        78.9648         0.0000         0.0000         0.0000         0.0000      3224.9463         0.0000        33.1845         0.0001
    148.1403      1536.8767         0.0025        78.9265         0.0000         0.0000         0.0000         0.0000      3354.9646         0.0000        33.0503         0.0001
    148.1393      1534.4625         0.0028        79.1254         0.0000         0.0000         0.0000         0.0000      3722.6401         0.0000        33.0312         0.0001
    148.1403      1533.6429         0.0027        79.3577         0.0000         0.0000         0.0000         0.0000      3702.1035         0.0000        33.0931         0.0001
    148.1407      1535.0360         0.0029        79.4833         0.0000         0.0000         0.0000         0.0000      3139.8794         0.0000        33.1496         0.0001
    148.1404      1532.7590         0.0027        79.4868         0.0000         0.0000         0.0000         0.0000      3008.7661         0.0000        33.0158         0.0001
    148.1399      1533.2551         0.0028        79.6534         0.0000         0.0000         0.0000         0.0000      3181.1680         0.0000        33.0490         0.0001
    148.1415      1534.3431         0.0025        79.7748         0.0000         0.0000         0.0000         0.0000      3386.8525         0.0000        33.0596         0.0000
    148.1403      1532.9775         0.0031        79.8848         0.0000         0.0000         0.0000         0.0000      3534.5947         0.0000        33.0411         0.0000
    148.1413      1530.1780         0.0029        79.9197         0.0000         0.0000         0.0000         0.0000      2988.8682         0.0000        32.9588         0.0000
    148.1399      1529.3896         0.0027        79.7920         0.0000         0.0000         0.0000         0.0000      3308.5732         0.0000        32.8461         0.0000
    148.1420      1531.6459         0.0028        79.9232         0.0000         0.0000         0.0000         0.0000      2818.4546         0.0000        32.9610         0.0000
    148.1436      1527.6913         0.0026        80.0022         0.0000         0.0000         0.0000         0.0000      3165.7803         0.0000        32.8782         0.0000
    148.1406      1528.4396         0.0028        80.0990         0.0000         0.0000         0.0000         0.0000      3101.4382         0.0000        32.8985         0.0000
    148.1403      1524.3433         0.0026        80.1503         0.0000         0.0000         0.0000         0.0000      3387.1133         0.0000        32.7929         0.0000
    148.1397      1524.2507         0.0027        80.3208         0.0000         0.0000         0.0000         0.0000      3028.7869         0.0000        32.8571         0.0000
    148.1416      1524.8064         0.0025        80.4854         0.0000         0.0000         0.0000         0.0000      3614.4778         0.0000        32.8825         0.0000
    148.1415      1525.0448         0.0027        80.6036         0.0000         0.0000         0.0000         0.0000      3473.9189         0.0000        32.9186         0.0000
    148.1389      1524.3114         0.0034        80.7531         0.0000         0.0000         0.0000         0.0000      4171.6401         0.0000        32.9568         0.0000
    148.1400      1521.4438         0.0031        80.8119         0.0000         0.0000         0.0000         0.0000      3689.9277         0.0000        32.9547         0.0000
    148.1411      1522.5642         0.0030        80.9189         0.0000         0.0000         0.0000         0.0000      3427.3970         0.0000        32.8874         0.0000
    148.1378      1521.8730         0.0032        80.8937         0.0000         0.0000         0.0000         0.0000      3116.8030         0.0000        32.9718         0.0000
    148.1403      1524.1376         0.0032        81.0156         0.0000         0.0000         0.0000         0.0000      3036.2668         0.0000        33.0308         0.0000
    148.1389      1522.0071         0.0034        81.0684         0.0000         0.0000         0.0000         0.0000      3202.3938         0.0000        33.0025         0.0000
    148.1406      1520.5359         0.0032        81.1741         0.0000         0.0000         0.0000         0.0000      3494.0522         0.0000        32.9663         0.0000
    148.1403      1519.9661         0.0028        81.2272         0.0000         0.0000         0.0000         0.0000      3400.8882         0.0000        33.0037         0.0000
    148.1414      1520.9344         0.0029        81.2948         0.0000         0.0000         0.0000         0.0000      3162.1877         0.0000        32.9800         0.0000
    148.1392      1517.0386         0.0031        81.3887         0.0000         0.0000         0.0000         0.0000      3219.1345         0.0000        32.9205        -0.0000
    148.1379      1520.0018         0.0034        81.5559         0.0000         0.0000         0.0000         0.0000      3569.3262         0.0000        32.9487        -0.0000
    148.1389      1519.9950         0.0034        81.5145         0.0000         0.0000         0.0000         0.0000      3443.2026         0.0000        32.8306        -0.0000
    148.1368      1518.7998         0.0033        81.5184         0.0000         0.0000         0.0000         0.0000      3512.5271         0.0000        32.7845        -0.0000
    148.1362      1518.4343         0.0033        81.5961         0.0000         0.0000         0.0000         0.0000      3281.9839         0.0000        32.7687        -0.0000
    148.1387      1515.7258         0.0032        81.5381         0.0000         0.0000         0.0000         0.0000      3480.3052         0.0000        32.6875        -0.0000
    148.1365      1516.0687         0.0034        81.6977         0.0000         0.0000         0.0000         0.0000      3397.0596         0.0000        32.7117        -0.0000
    148.1390      1515.3497         0.0031        81.6866         0.0000         0.0000         0.0000         0.0000      3136.7402         0.0000        32.6863        -0.0000
    148.1364      1513.1698         0.0033        81.8475         0.0000         0.0000         0.0000         0.0000      3280.9263         0.0000        32.7892        -0.0000
    148.1386      1511.9849         0.0031        81.7773         0.0000         0.0000         0.0000         0.0000      3464.5725         0.0000        32.6587        -0.0000
    148.1370      1512.2922         0.0033        81.9843         0.0000         0.0000         0.0000         0.0000      3125.9448         0.0000        32.6746        -0.0000
    148.1343      1511.9760         0.0039        82.1024         0.0000         0.0000         0.0000         0.0000      3601.6616         0.0000        32.6512        -0.0000
    148.1319      1509.8601         0.0040        82.0586         0.0000         0.0000         0.0000         0.0000      3429.7058         0.0000        32.5336        -0.0000
    148.1341      1511.5260         0.0039        82.1665         0.0000         0.0000         0.0000         0.0000      3592.5786         0.0000        32.5510        -0.0000
    148.1327      1513.3541         0.0040        82.4025         0.0000         0.0000         0.0000         0.0000      3154.7717         0.0000        32.5970        -0.0000
    148.1336      1511.9790         0.0037        82.4908         0.0000         0.0000         0.0000         0.0000      3307.9050         0.0000        32.5178        -0.0000
    148.1349      1512.2869         0.0039        82.5369         0.0000         0.0000         0.0000         0.0000      3098.7424         0.0000        32.5413        -0.0000
    148.1329      1509.3026         0.0035        82.5007         0.0000         0.0000         0.0000         0.0000      3471.3560         0.0000        32.4457        -0.0000
    148.1353      1511.6675         0.0035        82.6087         0.0000         0.0000         0.0000         0.0000      3156.1562         0.0000        32.4337        -0.0000
    148.1350      1512.9132         0.0036        82.6824         0.0000         0.0000         0.0000         0.0000      3497.0266         0.0000        32.4968        -0.0000
    148.1330      1511.4443         0.0033        82.4973         0.0000         0.0000         0.0000         0.0000      3227.0706         0.0000        32.3325        -0.0000
    148.1290      1510.1821         0.0043        82.7325         0.0000         0.0000         0.0000         0.0000      3681.1543         0.0000        32.2808        -0.0000
    148.1294      1511.9937         0.0039        82.7077         0.0000         0.0000         0.0000         0.0000      3614.5566         0.0000        32.1919        -0.0000
    148.1279      1512.8175         0.0041        82.8954         0.0000         0.0000         0.0000         0.0000      3686.5425         0.0000        32.2754        -0.0000
    148.1292      1515.0404         0.0043        83.1053         0.0000         0.0000         0.0000         0.0000      3484.3896         0.0000        32.3409        -0.0000
    148.1287      1512.0437         0.0040        82.9920         0.0000         0.0000         0.0000         0.0000      3634.5774         0.0000        32.2169        -0.0000
    148.1320      1512.7429         0.0037        83.0497         0.0000         0.0000         0.0000         0.0000      3578.7725         0.0000        32.1917        -0.0000
    148.1308      1513.0364         0.0038        83.0420         0.0000         0.0000         0.0000         0.0000      3523.0054         0.0000        32.1339        -0.0000
    148.1318      1514.0245         0.0037        83.1576         0.0000         0.0000         0.0000         0.0000      3637.9885         0.0000        32.0637        -0.0000
    148.1298      1512.5125         0.0039        83.2953         0.0000         0.0000         0.0000         0.0000      3517.7373         0.0000        32.1099        -0.0000
    148.1285      1513.7614         0.0036        83.3694         0.0000         0.0000         0.0000         0.0000      3195.4614         0.0000        32.0344        -0.0001
    148.1259      1513.6514         0.0047        83.3738         0.0000         0.0000         0.0000         0.0000      4710.5161         0.0000        31.9347        -0.0001
    148.1234      1513.7609         0.0049        83.4846         0.0000         0.0000         0.0000         0.0000      3842.6501         0.0000        31.9611        -0.0001
    148.1263      1513.7915         0.0045        83.4702         0.0000         0.0000         0.0000         0.0000      3614.6521         0.0000        31.8479        -0.0001
    148.1259      1512.0800         0.0043        83.4174         0.0000         0.0000         0.0000         0.0000      3766.5762         0.0000        31.7306        -0.0001
    148.1273      1511.7885         0.0041        83.3546         0.0000         0.0000         0.0000         0.0000      3626.1738         0.0000        31.5884        -0.0001
    148.1241      1511.3044         0.0044        83.5040         0.0000         0.0000         0.0000         0.0000      3612.3562         0.0000        31.6071        -0.0001
    148.1259      1507.4935         0.0043        83.3532         0.0000         0.0000         0.0000         0.0000      3823.2849         0.0000        31.4570        -0.0001
    148.1242      1510.6715         0.0045        83.5582         0.0000         0.0000         0.0000         0.0000      3795.9463         0.0000        31.4916        -0.0001
    148.1269      1509.5201         0.0044        83.6106         0.0000         0.0000         0.0000         0.0000      3390.4961         0.0000        31.4884        -0.0001
    148.1245      1508.5945         0.0044        83.6897         0.0000         0.0000         0.0000         0.0000      3179.5608         0.0000        31.4144        -0.0001
    148.1158      1505.9553         0.0057        83.5995         0.0000         0.0000         0.0000         0.0000      4534.7905         0.0000        31.3284        -0.0001
    148.1200      1509.4696         0.0057        83.5995         0.0000         0.0000         0.0000         0.0000      3864.3772         0.0000        31.3328        -0.0001
    148.1182      1509.3812         0.0052        83.6827         0.0000         0.0000         0.0000         0.0000      3784.1177         0.0000        31.2394        -0.0001
    148.1201      1508.6215         0.0049        83.6603         0.0000         0.0000         0.0000         0.0000      3575.5569         0.0000        31.2209        -0.0001
    148.1194      1506.4948         0.0052        83.6415         0.0000         0.0000         0.0000         0.0000      4063.9355         0.0000        31.2148        -0.0001
    148.1187      1507.0283         0.0049        83.7048         0.0000         0.0000         0.0000         0.0000      3586.9863         0.0000        31.2236        -0.0001
    148.1184      1508.0140         0.0048        83.7201         0.0000         0.0000         0.0000         0.0000      3419.2441         0.0000        31.2089        -0.0001
    148.1216      1508.0543         0.0049        83.7898         0.0000         0.0000         0.0000         0.0000      3547.3115         0.0000        31.2594        -0.0001
    148.1185      1507.1844         0.0050        83.8549         0.0000         0.0000         0.0000         0.0000      3545.7297         0.0000        31.2587        -0.0001
    148.1215      1507.3247         0.0048        83.8440         0.0000         0.0000         0.0000         0.0000      3400.0503         0.0000        31.1734        -0.0001
    148.1080      1506.0371         0.0067        83.8722         0.0000         0.0000         0.0000         0.0000      4098.8398         0.0000        31.1881        -0.0001
    148.1082      1507.3564         0.0065        83.9549         0.0000         0.0000         0.0000         0.0000      3736.3328         0.0000        31.2155        -0.0001
    148.1127      1509.0330         0.0061        83.9487         0.0000         0.0000         0.0000         0.0000      3715.1125         0.0000        31.1691        -0.0001
    148.1090      1507.6274         0.0060        83.9678         0.0000         0.0000         0.0000         0.0000      3730.9868         0.0000        31.1144        -0.0001
    148.1139      1508.0995         0.0058        84.0248         0.0000         0.0000         0.0000         0.0000      3727.4722         0.0000        31.0576        -0.0001
    148.1142      1507.2167         0.0060        84.0650         0.0000         0.0000         0.0000         0.0000      3460.8369         0.0000        31.0881        -0.0001
    148.1149      1506.0709         0.0058        83.9958         0.0000         0.0000         0.0000         0.0000      3661.7324         0.0000        31.0137        -0.0001
    148.1156      1505.7395         0.0058        84.0796         0.0000         0.0000         0.0000         0.0000      3645.8892         0.0000        31.0370        -0.0001
    148.1173      1506.4657         0.0059        84.0947         0.0000         0.0000         0.0000         0.0000      3676.8452         0.0000        31.0705        -0.0001
    148.1190      1508.1896         0.0057        84.1691         0.0000         0.0000         0.0000         0.0000      3334.6235         0.0000        31.0768        -0.0001
    148.1022      1508.5023         0.0073        84.1495         0.0000         0.0000         0.0000         0.0000      4499.8726         0.0000        30.9530        -0.0001
    148.1029      1509.5815         0.0071        84.2142         0.0000         0.0000         0.0000         0.0000      3786.3408         0.0000        30.9564        -0.0001
    148.1068      1511.1357         0.0068        84.1709         0.0000         0.0000         0.0000         0.0000      3874.5806         0.0000        30.8567        -0.0001
    148.1054      1511.9280         0.0072        84.2520         0.0000         0.0000         0.0000         0.0000      4044.4827         0.0000        30.8727        -0.0001
    148.1103      1513.2219         0.0065        84.3278         0.0000         0.0000         0.0000         0.0000      3702.5754         0.0000        30.8998        -0.0001
    148.1118      1512.7850         0.0065        84.3759         0.0000         0.0000         0.0000         0.0000      3622.8647         0.0000        30.9363        -0.0001
    148.1117      1512.3062         0.0063        84.4667         0.0000         0.0000         0.0000         0.0000      3591.5505         0.0000        30.9552        -0.0001
    148.1139      1509.6790         0.0062        84.3408         0.0000         0.0000         0.0000         0.0000      3929.5713         0.0000        30.8426        -0.0001
    148.1151      1509.6580         0.0065        84.4728         0.0000         0.0000         0.0000         0.0000      3641.8870         0.0000        30.9128        -0.0001
    148.1179      1511.4783         0.0062        84.5578         0.0000         0.0000         0.0000         0.0000      3623.3628         0.0000        30.9514        -0.0001
    148.0965      1508.6776         0.0089        84.6205         0.0000         0.0000         0.0000         0.0000      4610.2012         0.0000        30.9276        -0.0001
    148.1029      1510.2277         0.0087        84.6255         0.0000         0.0000         0.0000         0.0000      4321.2202         0.0000        30.9923        -0.0001
    148.1060      1511.0331         0.0086        84.6836         0.0000         0.0000         0.0000         0.0000      3747.6169         0.0000        30.9873        -0.0001
    148.1031      1509.7784         0.0078        84.5985         0.0000         0.0000         0.0000         0.0000      4564.3521         0.0000        30.8944        -0.0001
    148.1056      1509.2325         0.0080        84.5905         0.0000         0.0000         0.0000         0.0000      3843.8184         0.0000        30.9879        -0.0001
    148.1059      1507.1101         0.0077        84.6230         0.0000         0.0000         0.0000         0.0000      3766.9485         0.0000        30.9233        -0.0001
    148.1060      1507.6179         0.0080        84.6332         0.0000         0.0000         0.0000         0.0000      3660.0112         0.0000        30.9376        -0.0001
    148.1095      1508.0273         0.0074        84.5240         0.0000         0.0000         0.0000         0.0000      3645.0979         0.0000        30.7947        -0.0001
    148.1066      1504.8348         0.0075        84.5564         0.0000         0.0000         0.0000         0.0000      3600.7278         0.0000        30.8011        -0.0001
    148.1095      1505.3900         0.0073        84.6319         0.0000         0.0000         0.0000         0.0000      3489.9709         0.0000        30.7150        -0.0001
    148.0932      1505.2906         0.0107        84.4999         0.0000         0.0000         0.0000         0.0000      4556.8994         0.0000        30.6567        -0.0001
    148.0956      1505.8673         0.0105        84.4635         0.0000         0.0000         0.0000         0.0000      4510.8794         0.0000        30.6163        -0.0001
    148.0937      1507.8513         0.0100        84.5045         0.0000         0.0000         0.0000         0.0000      4137.2910         0.0000        30.6006        -0.0001
    148.0963      1505.5388         0.0096        84.4746         0.0000         0.0000         0.0000         0.0000      3932.3623         0.0000        30.5678        -0.0001
    148.0958      1509.6260         0.0097        84.4993         0.0000         0.0000         0.0000         0.0000      3978.1897         0.0000        30.5474        -0.0001
    148.0971      1507.4944         0.0093        84.4343         0.0000         0.0000         0.0000         0.0000      3971.8262         0.0000        30.5104        -0.0001
    148.1011      1508.3136         0.0090        84.3193         0.0000         0.0000         0.0000         0.0000      3988.3833         0.0000        30.4145        -0.0001
    148.1053      1507.8643         0.0093        84.3192         0.0000         0.0000         0.0000         0.0000      4119.8018         0.0000        30.4321        -0.0001
    148.1020      1508.2727         0.0087        84.2709         0.0000         0.0000         0.0000         0.0000      3871.9753         0.0000        30.3555        -0.0001
    148.1048      1508.9489         0.0090        84.3061         0.0000         0.0000         0.0000         0.0000      3651.6938         0.0000        30.3932        -0.0001
    148.0774      1508.6716         0.0128        84.3407         0.0000         0.0000         0.0000         0.0000      5024.9746         0.0000        30.2775        -0.0001
    148.0794      1510.7589         0.0123        84.3371         0.0000         0.0000         0.0000         0.0000      4479.8091         0.0000        30.2643        -0.0001
    148.0838      1510.7140         0.0124        84.3451         0.0000         0.0000         0.0000         0.0000      4382.2554         0.0000        30.2408        -0.0001
    148.0804      1512.7271         0.0118        84.3620         0.0000         0.0000         0.0000         0.0000      3883.1152         0.0000        30.2298        -0.0001
    148.0858      1513.7917         0.0111        84.3677         0.0000         0.0000         0.0000         0.0000      4348.2734         0.0000        30.1157        -0.0001
    148.0872      1515.2767         0.0108        84.2877         0.0000         0.0000         0.0000         0.0000      3877.0439         0.0000        30.0647        -0.0001
    148.0821      1514.1830         0.0107        84.2934         0.0000         0.0000         0.0000         0.0000      3851.1548         0.0000        30.0239        -0.0001
    148.0872      1515.6637         0.0107        84.2824         0.0000         0.0000         0.0000         0.0000      3762.2925         0.0000        29.9651        -0.0001
    148.0836      1514.4915         0.0104        84.2753         0.0000         0.0000         0.0000         0.0000      3867.4033         0.0000        29.9556        -0.0001
    148.0916      1517.5732         0.0101        84.3171         0.0000         0.0000         0.0000         0.0000      3675.8718         0.0000        29.9145        -0.0001
    148.0593      1514.8798         0.0140        84.2861         0.0000         0.0000         0.0000         0.0000      5410.8730         0.0000        29.7905        -0.0001
    148.0677      1517.4911         0.0137        84.3512         0.0000         0.0000         0.0000         0.0000      4321.1289         0.0000        29.9326        -0.0001
    148.0659      1514.7090         0.0136        84.3572         0.0000         0.0000         0.0000         0.0000      4469.1597         0.0000        29.8603        -0.0001
    148.0727      1517.9692         0.0129        84.3647         0.0000         0.0000         0.0000         0.0000      4148.1162         0.0000        29.8399        -0.0001
    148.0678      1515.4238         0.0128        84.3600         0.0000         0.0000         0.0000         0.0000      4057.2319         0.0000        29.8072        -0.0001
    148.0732      1517.6725         0.0120        84.3818         0.0000         0.0000         0.0000         0.0000      3995.7571         0.0000        29.7918        -0.0001
    148.0723      1519.9091         0.0110        84.3977         0.0000         0.0000         0.0000         0.0000      3885.9727         0.0000        29.6856        -0.0001
    148.0779      1520.7505         0.0118        84.4325         0.0000         0.0000         0.0000         0.0000      3707.5884         0.0000        29.7474        -0.0001
    148.0798      1517.8923         0.0115        84.3975         0.0000         0.0000         0.0000         0.0000      4164.1494         0.0000        29.6378        -0.0001
    148.0748      1518.0608         0.0117        84.4874         0.0000         0.0000         0.0000         0.0000      3728.8613         0.0000        29.6563        -0.0000
    148.0436      1517.6270         0.0160        84.4672         0.0000         0.0000         0.0000         0.0000      5175.3022         0.0000        29.5561        -0.0000
    148.0495      1517.7250         0.0157        84.4435         0.0000         0.0000         0.0000         0.0000      4639.3042         0.0000        29.5801        -0.0000
    148.0554      1519.4438         0.0155        84.5251         0.0000         0.0000         0.0000         0.0000      4489.5732         0.0000        29.5829        -0.0000
    148.0523      1517.5262         0.0154        84.5794         0.0000         0.0000         0.0000         0.0000      4329.4565         0.0000        29.6140        -0.0000
    148.0525      1518.6130         0.0152        84.6781         0.0000         0.0000         0.0000         0.0000      4153.8057         0.0000        29.6496        -0.0000
    148.0570      1518.3900         0.0149        84.6151         0.0000         0.0000         0.0000         0.0000      4101.1406         0.0000        29.5800        -0.0000
    148.0592      1518.1992         0.0146        84.7101         0.0000         0.0000         0.0000         0.0000      4205.9263         0.0000        29.6266        -0.0000
    148.0616      1517.3925         0.0136        84.7270         0.0000         0.0000         0.0000         0.0000      4178.1162         0.0000        29.5659        -0.0000
    148.0639      1520.4598         0.0126        84.7319         0.0000         0.0000         0.0000         0.0000      4134.2256         0.0000        29.5449        -0.0000
    148.0676      1520.9247         0.0122        84.6979         0.0000         0.0000         0.0000         0.0000      3849.2451         0.0000        29.4985        -0.0000
    148.0395      1522.6975         0.0170        84.6488         0.0000         0.0000         0.0000         0.0000      5104.6948         0.0000        29.5211        -0.0000
    148.0438      1523.8893         0.0168        84.6406         0.0000         0.0000         0.0000         0.0000      4566.4570         0.0000        29.4894        -0.0000
    148.0445      1524.9755         0.0162        84.6226         0.0000         0.0000         0.0000         0.0000      4611.9990         0.0000        29.4715        -0.0000
    148.0467      1523.9248         0.0166        84.6307         0.0000         0.0000         0.0000         0.0000      4607.6812         0.0000        29.4458        -0.0000
    148.0472      1526.3967         0.0158        84.5688         0.0000         0.0000         0.0000         0.0000      4206.6006         0.0000        29.3879        -0.0000
    148.0498      1527.3073         0.0157        84.5675         0.0000         0.0000         0.0000         0.0000      4295.9854         0.0000        29.4135        -0.0000
    148.0487      1525.3597         0.0159        84.5177         0.0000         0.0000         0.0000         0.0000      4240.8599         0.0000        29.3616        -0.0000
    148.0523      1528.2659         0.0151        84.5546         0.0000         0.0000         0.0000         0.0000      4187.0962         0.0000        29.3983        -0.0000
    148.0552      1528.7587         0.0154        84.6176         0.0000         0.0000         0.0000         0.0000      4108.1831         0.0000        29.2993        -0.0000
    148.0518      1529.1085         0.0149        84.6650         0.0000         0.0000         0.0000         0.0000      4010.6467         0.0000        29.2880         0.0000
    148.0322      1528.1685         0.0199        84.6579         0.0000         0.0000         0.0000         0.0000      5348.0767         0.0000        29.2732         0.0000
    148.0428      1530.7263         0.0197        84.6464         0.0000         0.0000         0.0000         0.0000      4360.5488         0.0000        29.2501         0.0000
    148.0364      1531.6241         0.0182        84.7310         0.0000         0.0000         0.0000         0.0000      4451.7871         0.0000        29.2454         0.0000
    148.0388      1532.5370         0.0189        84.8093         0.0000         0.0000         0.0000         0.0000      4352.6733         0.0000        29.3249         0.0000
    148.0396      1531.8268         0.0177        84.8442         0.0000         0.0000         0.0000         0.0000      4211.2988         0.0000        29.2694         0.0000
    148.0514      1533.7175         0.0179        84.8182         0.0000         0.0000         0.0000         0.0000      4631.4111         0.0000        29.2716         0.0000
    148.0445      1531.5925         0.0177        84.8185         0.0000         0.0000         0.0000         0.0000      4185.5684         0.0000        29.1922         0.0000
    148.0483      1532.3870         0.0177        84.8412         0.0000         0.0000         0.0000         0.0000      4501.0244         0.0000        29.1636         0.0000
    148.0503      1530.2092         0.0166        84.8468         0.0000         0.0000         0.0000         0.0000      4330.4365         0.0000        29.2454         0.0000
    148.0528      1529.9795         0.0158        84.7830         0.0000         0.0000         0.0000         0.0000      4459.0425         0.0000        29.2354         0.0000
    148.0299      1528.3101         0.0214        84.8855         0.0000         0.0000         0.0000         0.0000      5705.4463         0.0000        29.1969         0.0000
    148.0359      1531.6884         0.0217        84.8868         0.0000         0.0000         0.0000         0.0000      4993.8501         0.0000        29.1748         0.0000
    148.0341      1533.9530         0.0211        84.8301         0.0000         0.0000         0.0000         0.0000      4733.1309         0.0000        29.0708         0.0000
    148.0257      1534.7444         0.0203        84.8273         0.0000         0.0000         0.0000         0.0000      4533.5649         0.0000        29.0209         0.0000
    148.0373      1535.5381         0.0193        84.8336         0.0000         0.0000         0.0000         0.0000      4516.7842         0.0000        28.9708         0.0000
    148.0271      1534.7278         0.0198        84.9180         0.0000         0.0000         0.0000         0.0000      4424.6807         0.0000        28.9579         0.0000
    148.0327      1533.6931         0.0196        84.9473         0.0000         0.0000         0.0000         0.0000      4139.4658         0.0000        28.9513         0.0000
    148.0338      1534.7468         0.0207        85.0120         0.0000         0.0000         0.0000         0.0000      5235.4785         0.0000        28.9555         0.0000
    148.0361      1535.6348         0.0195        84.9491         0.0000         0.0000         0.0000         0.0000      4204.0068         0.0000        28.9352         0.0000
    148.0336      1537.4631         0.0184        84.8731         0.0000         0.0000         0.0000         0.0000      4331.2480         0.0000        28.8177         0.0001
    148.0165      1535.1144         0.0232        84.9246         0.0000         0.0000         0.0000         0.0000      5469.3550         0.0000        28.7250         0.0001
    148.0147      1537.0857         0.0240        84.8993         0.0000         0.0000         0.0000         0.0000      4954.3438         0.0000        28.7513         0.0001
    148.0314      1537.4113         0.0224        84.8830         0.0000         0.0000         0.0000         0.0000      4743.6514         0.0000        28.7601         0.0001
    148.0305      1540.6858         0.0208        84.8416         0.0000         0.0000         0.0000         0.0000      4857.5176         0.0000        28.7547         0.0001
    148.0296      1538.5104         0.0230        84.9184         0.0000         0.0000         0.0000         0.0000      4772.5117         0.0000        28.7201         0.0001
    148.0250      1537.7935         0.0236        84.8838         0.0000         0.0000         0.0000         0.0000      4859.7617         0.0000        28.7181         0.0001
    148.0251      1536.0922         0.0226        84.9057         0.0000         0.0000         0.0000         0.0000      4562.4585         0.0000        28.7503         0.0001
    148.0262      1539.2998         0.0216        84.8885         0.0000         0.0000         0.0000         0.0000      4343.8892         0.0000        28.7933         0.0001
    148.0240      1537.3065         0.0222        84.9128         0.0000         0.0000         0.0000         0.0000      4247.4814         0.0000        28.7046         0.0001
    148.0285      1539.2649         0.0216        84.8671         0.0000         0.0000         0.0000         0.0000      4468.2100         0.0000        28.7544         0.0001
    148.0224      1540.9832         0.0237        84.9520         0.0000         0.0000         0.0000         0.0000      5577.0098         0.0000        28.7601         0.0001
    148.0140      1541.7288         0.0246        84.9325         0.0000         0.0000         0.0000         0.0000      4661.0503         0.0000        28.6554         0.0001
    148.0263      1540.2103         0.0245        84.9902         0.0000         0.0000         0.0000         0.0000      4928.4395         0.0000        28.6553         0.0001
    148.0274      1543.5139         0.0218        85.0004         0.0000         0.0000         0.0000         0.0000      4665.1841         0.0000        28.6534         0.0001
    148.0271      1541.9495         0.0217        85.0868         0.0000         0.0000         0.0000         0.0000      4509.8999         0.0000        28.6773         0.0001
    148.0272      1543.5127         0.0207        85.0243         0.0000         0.0000         0.0000         0.0000      4742.6753         0.0000        28.6195         0.0001
    148.0185      1543.1035         0.0231        85.0812         0.0000         0.0000         0.0000         0.0000      4653.2686         0.0000        28.6214         0.0001
    148.0266      1545.4092         0.0219        85.1929         0.0000         0.0000         0.0000         0.0000      4454.8232         0.0000        28.6304         0.0001
    148.0230      1545.0815         0.0234        85.2394         0.0000         0.0000         0.0000         0.0000      4359.1665         0.0000        28.6252         0.0001
    148.0320      1548.7769         0.0211        85.2372         0.0000         0.0000         0.0000         0.0000      4455.2466         0.0000        28.6325         0.0001
    148.0246      1547.5455         0.0244        85.1953         0.0000         0.0000         0.0000         0.0000      6099.5015         0.0000        28.5444         0.0001
    148.0239      1547.2421         0.0249        85.2726         0.0000         0.0000         0.0000         0.0000      5158.9541         0.0000        28.6322         0.0001
    148.0207      1547.2949         0.0247        85.3564         0.0000         0.0000         0.0000         0.0000      4386.1582         0.0000        28.5984         0.0001
    148.0303      1548.8711         0.0238        85.3685         0.0000         0.0000         0.0000         0.0000      4972.0981         0.0000        28.6535         0.0001
    148.0296      1549.7205         0.0243        85.4534         0.0000         0.0000         0.0000         0.0000      4707.1973         0.0000        28.6414         0.0001
    148.0231      1549.3125         0.0240        85.4710         0.0000         0.0000         0.0000         0.0000      4930.6523         0.0000        28.6601         0.0001
    148.0215      1548.9762         0.0236        85.5174         0.0000         0.0000         0.0000         0.0000      4661.1758         0.0000        28.6303         0.0001
    148.0230      1552.0635         0.0218        85.4985         0.0000         0.0000         0.0000         0.0000      4558.8228         0.0000        28.6344         0.0001
    148.0263      1551.4247         0.0232        85.4265         0.0000         0.0000         0.0000         0.0000      4634.9131         0.0000        28.5877         0.0001
    148.0233      1554.0812         0.0208        85.4379         0.0000         0.0000         0.0000         0.0000      4542.0791         0.0000        28.6309         0.0001
    148.0185      1552.7454         0.0223        85.4863         0.0000         0.0000         0.0000         0.0000      4781.7168         0.0000        28.6424         0.0001
    148.0213      1553.7294         0.0232        85.5380         0.0000         0.0000         0.0000         0.0000      5163.9697         0.0000        28.6797         0.0001
    148.0101      1552.8906         0.0229        85.4774         0.0000         0.0000         0.0000         0.0000      4679.8984         0.0000        28.5459         0.0001
    148.0246      1554.4683         0.0240        85.5451         0.0000         0.0000         0.0000         0.0000      4813.6079         0.0000        28.6292         0.0001
    148.0166      1554.9957         0.0223        85.5370         0.0000         0.0000         0.0000         0.0000      4310.0991         0.0000        28.5356         0.0001
    148.0319      1556.5304         0.0209        85.6121         0.0000         0.0000         0.0000         0.0000      4814.9229         0.0000        28.5819         0.0001
    148.0202      1560.4053         0.0208        85.5731         0.0000         0.0000         0.0000         0.0000      4491.5908         0.0000        28.5210         0.0001
    148.0218      1558.5673         0.0212        85.6509         0.0000         0.0000         0.0000         0.0000      4396.8662         0.0000        28.5448         0.0001
    148.0181      1559.8053         0.0213        85.7100         0.0000         0.0000         0.0000         0.0000      4563.5146         0.0000        28.5183         0.0001
    148.0274      1562.1050         0.0214        85.7774         0.0000         0.0000         0.0000         0.0000      4501.7427         0.0000        28.5929         0.0001
    148.0260      1563.6930         0.0190        85.7108         0.0000         0.0000         0.0000         0.0000      4773.8882         0.0000        28.4967         0.0001
    148.0355      1563.0594         0.0200        85.7859         0.0000         0.0000         0.0000         0.0000      4375.8091         0.0000        28.5877         0.0001
    148.0313      1560.1593         0.0191        85.6473         0.0000         0.0000         0.0000         0.0000      4336.1685         0.0000        28.4579         0.0001
    148.0424      1560.1622         0.0185        85.7561         0.0000         0.0000         0.0000         0.0000      4231.3315         0.0000        28.5352         0.0001
    148.0288      1557.6974         0.0184        85.6755         0.0000         0.0000         0.0000         0.0000      4458.0903         0.0000        28.4370         0.0001
    148.0399      1555.0945         0.0199        85.8036         0.0000         0.0000         0.0000         0.0000      4130.5645         0.0000        28.5681         0.0001
    148.0257      1554.7356         0.0188        85.7331         0.0000         0.0000         0.0000         0.0000      4359.0981         0.0000        28.4068         0.0001
    148.0290      1555.0189         0.0189        85.8610         0.0000         0.0000         0.0000         0.0000      4345.1748         0.0000        28.4879         0.0001
    148.0273      1553.6505         0.0196        85.8417         0.0000         0.0000         0.0000         0.0000      4738.4209         0.0000        28.4184         0.0001
    148.0285      1555.3406         0.0189        85.9325         0.0000         0.0000         0.0000         0.0000      4367.3613         0.0000        28.4649         0.0001
    148.0304      1555.5217         0.0176        85.8665         0.0000         0.0000         0.0000         0.0000      5014.7935         0.0000        28.3348         0.0001
    148.0341      1556.8821         0.0172        85.9544         0.0000         0.0000         0.0000         0.0000      4366.0815         0.0000        28.4323         0.0001
    148.0412      1556.6855         0.0169        85.9319         0.0000         0.0000         0.0000         0.0000      4665.4717         0.0000        28.4393         0.0001
    148.0259      1554.7325         0.0167        85.8441         0.0000         0.0000         0.0000         0.0000      4192.5381         0.0000        28.3112         0.0001
    148.0420      1557.0352         0.0181        85.9566         0.0000         0.0000         0.0000         0.0000      4261.2119         0.0000        28.3897         0.0001
    148.0386      1555.9977         0.0173        85.8564         0.0000         0.0000         0.0000         0.0000      4487.5728         0.0000        28.2451         0.0001
    148.0359      1557.7251         0.0180        85.8978         0.0000         0.0000         0.0000         0.0000      4193.0156         0.0000        28.2949         0.0001
    148.0406      1556.4003         0.0175        85.8520         0.0000         0.0000         0.0000         0.0000      4381.5210         0.0000        28.1767         0.0001
    148.0472      1557.9503         0.0182        85.8999         0.0000         0.0000         0.0000         0.0000      4186.3525         0.0000        28.1465         0.0001
    148.0469      1559.3756         0.0174        85.8148         0.0000         0.0000         0.0000         0.0000      4317.8848         0.0000        28.1114         0.0001
    148.0570      1559.9565         0.0161        85.8184         0.0000         0.0000         0.0000         0.0000      4572.0391         0.0000        28.1411         0.0001
    148.0537      1554.9344         0.0165        85.8233         0.0000         0.0000         0.0000         0.0000      3923.5913         0.0000        28.1605         0.0001
    148.0507      1553.1859         0.0171        85.8623         0.0000         0.0000         0.0000         0.0000      4257.0962         0.0000        28.1148         0.0001
    148.0496      1552.1586         0.0165        85.8424         0.0000         0.0000         0.0000         0.0000      4034.0166         0.0000        28.0408         0.0001
    148.0528      1554.0082         0.0171        85.8931         0.0000         0.0000         0.0000         0.0000      4133.6855         0.0000        28.0652         0.0001
    148.0432      1552.1656         0.0165        85.9100         0.0000         0.0000         0.0000         0.0000      3960.6021         0.0000        28.0524         0.0001
    148.0447      1551.5767         0.0171        85.8626         0.0000         0.0000         0.0000         0.0000      4016.3228         0.0000        27.9433         0.0001
    148.0512      1549.7296         0.0166        85.8913         0.0000         0.0000         0.0000         0.0000      3879.0403         0.0000        27.9121         0.0001
    148.0416      1549.6847         0.0166        85.7961         0.0000         0.0000         0.0000         0.0000      3780.8201         0.0000        27.8863         0.0001
    148.0449      1547.3766         0.0163        85.8539         0.0000         0.0000         0.0000         0.0000      3928.5825         0.0000        27.9055         0.0001
    148.0471      1548.9802         0.0150        85.8286         0.0000         0.0000         0.0000         0.0000      4304.1504         0.0000        27.8273         0.0001
    148.0497      1544.3428         0.0149        85.9738         0.0000         0.0000         0.0000         0.0000      3808.7637         0.0000        27.9201         0.0001
    148.0444      1544.0769         0.0156        85.9511         0.0000         0.0000         0.0000         0.0000      3913.2026         0.0000        27.8754         0.0001
    148.0454      1542.5043         0.0154        85.9437         0.0000         0.0000         0.0000         0.0000      4227.7456         0.0000        27.8392         0.0001
    148.0454      1543.1807         0.0149        85.9846         0.0000         0.0000         0.0000         0.0000      3742.1099         0.0000        27.8217         0.0001
    148.0495      1543.6791         0.0145        85.9617         0.0000         0.0000         0.0000         0.0000      4172.6870         0.0000        27.7292         0.0001
    148.0425      1540.8690         0.0148        86.0363         0.0000         0.0000         0.0000         0.0000      3690.4072         0.0000        27.7629         0.0001
    148.0459      1541.1567         0.0148        86.0711         0.0000         0.0000         0.0000         0.0000      3734.1067         0.0000        27.7112         0.0001
    148.0381      1539.7078         0.0154        86.0418         0.0000         0.0000         0.0000         0.0000      3817.3428         0.0000        27.6378         0.0001
    148.0540      1540.9454         0.0147        86.0141         0.0000         0.0000         0.0000         0.0000      4113.5757         0.0000        27.5529         0.0001
    148.0603      1539.4442         0.0132        86.0115         0.0000         0.0000         0.0000         0.0000      3942.9822         0.0000        27.5292         0.0001
    148.0714      1539.4111         0.0125        86.0930         0.0000         0.0000         0.0000         0.0000      4042.2009         0.0000        27.5870         0.0001
    148.0598      1538.2242         0.0123        86.0530         0.0000         0.0000         0.0000         0.0000      3745.3293         0.0000        27.5606         0.0001
    148.0634      1537.7010         0.0125        86.0834         0.0000         0.0000         0.0000         0.0000      4615.3120         0.0000        27.6323         0.0001
    148.0560      1535.5167         0.0126        86.1024         0.0000         0.0000         0.0000         0.0000      4578.2720         0.0000        27.5822         0.0001
    148.0564      1537.0011         0.0123        86.0945         0.0000         0.0000         0.0000         0.0000      4338.7407         0.0000        27.6199         0.0001
    148.0632      1537.1417         0.0123        86.1474         0.0000         0.0000         0.0000         0.0000      4068.4353         0.0000        27.6742         0.0001
    148.0589      1537.5040         0.0135        86.1532         0.0000         0.0000         0.0000         0.0000      4117.5591         0.0000        27.6651         0.0001
    148.0632      1534.5989         0.0130        86.1824         0.0000         0.0000         0.0000         0.0000      4154.8872         0.0000        27.6994         0.0001
    148.0634      1533.9333         0.0140        86.1689         0.0000         0.0000         0.0000         0.0000      4093.3330         0.0000        27.5734         0.0001
    148.0697      1532.1892         0.0116        86.2188         0.0000         0.0000         0.0000         0.0000      4185.2017         0.0000        27.6205         0.0001
    148.0718      1528.5458         0.0119        86.1554         0.0000         0.0000         0.0000         0.0000      3945.2485         0.0000        27.5381         0.0001
    148.0673      1525.7550         0.0115        86.1670         0.0000         0.0000         0.0000         0.0000      4077.5857         0.0000        27.5525         0.0001
    148.0697      1526.8186         0.0119        86.1765         0.0000         0.0000         0.0000         0.0000      3803.8906         0.0000        27.5506         0.0001
    148.0715      1527.1104         0.0115        86.2451         0.0000         0.0000         0.0000         0.0000      4076.1399         0.0000        27.4975         0.0001
    148.0752      1528.4628         0.0117        86.1618         0.0000         0.0000         0.0000         0.0000      4022.2959         0.0000        27.4025         0.0001
    148.0682      1529.9894         0.0113        86.2064         0.0000         0.0000         0.0000         0.0000      3926.5808         0.0000        27.4239         0.0001
    148.0711      1526.2294         0.0119        86.2657         0.0000         0.0000         0.0000         0.0000      3916.5808         0.0000        27.4093         0.0001
    148.0707      1524.0150         0.0119        86.2268         0.0000         0.0000         0.0000         0.0000      3969.7539         0.0000        27.3260         0.0001
    148.0679      1521.7201         0.0120        86.2079         0.0000         0.0000         0.0000         0.0000      3734.0820         0.0000        27.2861         0.0001
    148.0800      1521.9741         0.0103        86.1991         0.0000         0.0000         0.0000         0.0000      4100.6436         0.0000        27.2497         0.0001
    148.0840      1518.8665         0.0110        86.2073         0.0000         0.0000         0.0000         0.0000      3725.2617         0.0000        27.2406         0.0001
    148.0823      1518.7014         0.0106        86.1528         0.0000         0.0000         0.0000         0.0000      4248.1914         0.0000        27.2042         0.0001
    148.0824      1515.8969         0.0110        86.2435         0.0000         0.0000         0.0000         0.0000      3715.5938         0.0000        27.2777         0.0001
    148.0856      1517.8041         0.0106        86.2462         0.0000         0.0000         0.0000         0.0000      3905.3953         0.0000        27.2500         0.0001
    148.0891      1515.4116         0.0111        86.3007         0.0000         0.0000         0.0000         0.0000      3615.8547         0.0000        27.3429         0.0001
    148.0857      1516.8409         0.0109        86.1932         0.0000         0.0000         0.0000         0.0000      3838.4526         0.0000        27.2426         0.0001
    148.0848      1517.0574         0.0116        86.2330         0.0000         0.0000         0.0000         0.0000      3617.6362         0.0000        27.2965         0.0001
    148.0892      1518.7274         0.0110        86.1867         0.0000         0.0000         0.0000         0.0000      3611.5581         0.0000        27.2377         0.0001
    148.0863      1516.0033         0.0117        86.2966         0.0000         0.0000         0.0000         0.0000      3564.3677         0.0000        27.2797         0.0001
    148.0958      1515.1643         0.0095        86.2784         0.0000         0.0000         0.0000         0.0000      3835.9429         0.0000        27.2425         0.0001
    148.0905      1512.4637         0.0105        86.3129         0.0000         0.0000         0.0000         0.0000      3751.4224         0.0000        27.2581         0.0001
    148.0904      1512.2310         0.0098        86.2110         0.0000         0.0000         0.0000         0.0000      3556.3037         0.0000        27.1838         0.0001
    148.0880      1509.4211         0.0106        86.2940         0.0000         0.0000         0.0000         0.0000      3485.7371         0.0000        27.2142         0.0001
    148.0845      1511.1935         0.0097        86.1548         0.0000         0.0000         0.0000         0.0000      4057.3230         0.0000        27.1090         0.0001
    148.0861      1511.0107         0.0104        86.2498         0.0000         0.0000         0.0000         0.0000      3562.8699         0.0000        27.1471         0.0001
    148.0863      1511.9993         0.0099        86.2036         0.0000         0.0000         0.0000         0.0000      3550.4661         0.0000        27.0915         0.0001
    148.0910      1512.3329         0.0097        86.2587         0.0000         0.0000         0.0000         0.0000      3360.9189         0.0000        27.0894         0.0001
    148.0826      1511.6256         0.0102        86.2848         0.0000         0.0000         0.0000         0.0000      3668.1338         0.0000        27.0712         0.0001
    148.0891      1512.4694         0.0101        86.3035         0.0000         0.0000         0.0000         0.0000      3558.3950         0.0000        27.0826         0.0001
    148.0948      1511.0132         0.0083        86.3226         0.0000         0.0000         0.0000         0.0000      3852.1982         0.0000        27.0343         0.0001
    148.0937      1510.4020         0.0090        86.3280         0.0000         0.0000         0.0000         0.0000      3337.5869         0.0000        27.0180         0.0001
    148.0888      1507.7969         0.0090        86.2535         0.0000         0.0000         0.0000         0.0000      3903.7253         0.0000        26.9663         0.0001
    148.0897      1506.4176         0.0090        86.2813         0.0000         0.0000         0.0000         0.0000      3650.5474         0.0000        27.0062         0.0001
    148.0965      1506.0897         0.0088        86.3901         0.0000         0.0000         0.0000         0.0000      4195.9077         0.0000        27.0647         0.0001
    148.0917      1504.9418         0.0090        86.3640         0.0000         0.0000         0.0000         0.0000      3624.8965         0.0000        27.0400         0.0001
    148.0915      1503.7137         0.0088        86.4023         0.0000         0.0000         0.0000         0.0000      3871.7039         0.0000        27.0715         0.0001
    148.0912      1502.2188         0.0087        86.3097         0.0000         0.0000         0.0000         0.0000      3587.8281         0.0000        27.0122         0.0001
    148.0850      1501.1785         0.0091        86.2977         0.0000         0.0000         0.0000         0.0000      3901.6396         0.0000        26.9546         0.0001
    148.0949      1502.5245         0.0086        86.2840         0.0000         0.0000         0.0000         0.0000      3546.6890         0.0000        26.9802         0.0000
    148.0979      1500.5956         0.0077        86.2492         0.0000         0.0000         0.0000         0.0000      4253.6104         0.0000        26.9497         0.0000
    148.1004      1501.5543         0.0081        86.3007         0.0000         0.0000         0.0000         0.0000      3587.8003         0.0000        26.9319         0.0000
    148.0971      1500.7993         0.0080        86.3685         0.0000         0.0000         0.0000         0.0000      3841.8601         0.0000        26.9604         0.0000
    148.0962      1501.7216         0.0080        86.3569         0.0000         0.0000         0.0000         0.0000      3675.4221         0.0000        26.9753         0.0000
    148.0931      1498.7946         0.0080        86.3894         0.0000         0.0000         0.0000         0.0000      3558.1028         0.0000        26.9967         0.0000
    148.0969      1499.2655         0.0079        86.2936         0.0000         0.0000         0.0000         0.0000      3365.9492         0.0000        26.8693         0.0000
    148.0929      1497.1582         0.0081        86.3226         0.0000         0.0000         0.0000         0.0000      3536.9885         0.0000        26.8701         0.0000
    148.0964      1494.1974         0.0082        86.3446         0.0000         0.0000         0.0000         0.0000      3744.3521         0.0000        26.8144         0.0000
    148.0916      1495.6497         0.0082        86.3538         0.0000         0.0000         0.0000         0.0000      3654.5938         0.0000        26.7959         0.0000
    148.0989      1494.2502         0.0081        86.3064         0.0000         0.0000         0.0000         0.0000      3196.0117         0.0000        26.7880         0.0000
    148.0982      1494.7255         0.0072        86.3375         0.0000         0.0000         0.0000         0.0000      3756.8787         0.0000        26.7573         0.0000
    148.1003      1491.9463         0.0073        86.3206         0.0000         0.0000         0.0000         0.0000      3921.9731         0.0000        26.7160         0.0000
    148.0981      1491.6400         0.0068        86.2993         0.0000         0.0000         0.0000         0.0000      3839.0879         0.0000        26.6727         0.0000
    148.0993      1491.3204         0.0072        86.4073         0.0000         0.0000         0.0000         0.0000      3885.3528         0.0000        26.7175         0.0000
    148.0995      1489.7595         0.0072        86.3198         0.0000         0.0000         0.0000         0.0000      3603.5571         0.0000        26.6582         0.0000
    148.1025      1490.6469         0.0074        86.4020         0.0000         0.0000         0.0000         0.0000      3766.6150         0.0000        26.6941         0.0000
    148.0956      1487.6315         0.0076        86.3446         0.0000         0.0000         0.0000         0.0000      3910.6333         0.0000        26.6783         0.0000
    148.0932      1484.3234         0.0076        86.4013         0.0000         0.0000         0.0000         0.0000      4027.5869         0.0000        26.6552         0.0000
    148.0959      1484.8185         0.0078        86.4523         0.0000         0.0000         0.0000         0.0000      3750.0745         0.0000        26.6654         0.0000
    148.0894      1483.0735         0.0076        86.4289         0.0000         0.0000         0.0000         0.0000      3577.3213         0.0000        26.5867         0.0000
    148.1028      1483.3785         0.0069        86.2943         0.0000         0.0000         0.0000         0.0000      4373.2705         0.0000        26.4658         0.0000
    148.0929      1480.5355         0.0071        86.2988         0.0000         0.0000         0.0000         0.0000      4019.3735         0.0000        26.4265         0.0000
    148.0961      1479.3312         0.0073        86.2653         0.0000         0.0000         0.0000         0.0000      4036.4883         0.0000        26.3719         0.0000
    148.0867      1476.3032         0.0074        86.2954         0.0000         0.0000         0.0000         0.0000      4124.1504         0.0000        26.4002         0.0000
    148.0903      1476.1080         0.0076        86.3499         0.0000         0.0000         0.0000         0.0000      3868.7153         0.0000        26.3998         0.0000
    148.0888      1474.2120         0.0080        86.3867         0.0000         0.0000         0.0000         0.0000      3839.4697         0.0000        26.3521         0.0000
    148.0964      1474.5642         0.0079        86.4265         0.0000         0.0000         0.0000         0.0000      4044.6841         0.0000        26.4106         0.0000
    148.0955      1473.7366         0.0080        86.4958         0.0000         0.0000         0.0000         0.0000      3973.7649         0.0000        26.4288         0.0000
    148.0910      1470.9181         0.0078        86.5053         0.0000         0.0000         0.0000         0.0000      3475.2891         0.0000        26.4407         0.0000
    148.0932      1468.8601         0.0084        86.5498         0.0000         0.0000         0.0000         0.0000      3975.8149         0.0000        26.4399         0.0000
    148.1010      1470.6935         0.0078        86.5899         0.0000         0.0000         0.0000         0.0000      3969.4265         0.0000        26.3829         0.0000
    148.0972      1468.9691         0.0082        86.6775         0.0000         0.0000         0.0000         0.0000      3817.5771         0.0000        26.4494         0.0000
    148.0920      1468.8026         0.0082        86.7391         0.0000         0.0000         0.0000         0.0000      3826.4961         0.0000        26.3779         0.0000
    148.0896      1469.1211         0.0080        86.7660         0.0000         0.0000         0.0000         0.0000      3698.0254         0.0000        26.3535         0.0000
    148.0955      1469.5907         0.0083        86.7480         0.0000         0.0000         0.0000         0.0000      3603.1499         0.0000        26.3809         0.0000
    148.0961      1469.7405         0.0082        86.7173         0.0000         0.0000         0.0000         0.0000      3495.8425         0.0000        26.3298         0.0000
    148.0944      1466.0253         0.0083        86.8338         0.0000         0.0000         0.0000         0.0000      3544.3665         0.0000        26.3443         0.0000
    148.0897      1464.3076         0.0081        86.7282         0.0000         0.0000         0.0000         0.0000      3528.8953         0.0000        26.2406         0.0000
    148.0953      1463.5309         0.0085        86.8515         0.0000         0.0000         0.0000         0.0000      3527.2192         0.0000        26.2920         0.0000
    148.0933      1462.9763         0.0081        86.8457         0.0000         0.0000         0.0000         0.0000      3347.9019         0.0000        26.2223        -0.0000
    148.0934      1460.2223         0.0085        86.8506         0.0000         0.0000         0.0000         0.0000      3773.4353         0.0000        26.2092        -0.0000
    148.0926      1459.8955         0.0082        86.8813         0.0000         0.0000         0.0000         0.0000      3648.7866         0.0000        26.3011        -0.0000
    148.0909      1459.4863         0.0083        86.8224         0.0000         0.0000         0.0000         0.0000      3816.4062         0.0000        26.1736        -0.0000
    148.0933      1459.3921         0.0083        86.8951         0.0000         0.0000         0.0000         0.0000      3374.3657         0.0000        26.2512        -0.0000
    148.0914      1458.5078         0.0083        86.8039         0.0000         0.0000         0.0000         0.0000      3812.3003         0.0000        26.1541        -0.0000
    148.0991      1459.1372         0.0084        86.9169         0.0000         0.0000         0.0000         0.0000      3256.8613         0.0000        26.2339        -0.0000
    148.0949      1458.7817         0.0083        86.8937         0.0000         0.0000         0.0000         0.0000      3505.1738         0.0000        26.1523        -0.0000
    148.0942      1458.7338         0.0084        86.8543         0.0000         0.0000         0.0000         0.0000      3744.9697         0.0000        26.1255        -0.0000
    148.0998      1460.0995         0.0082        86.8477         0.0000         0.0000         0.0000         0.0000      3677.9937         0.0000        26.1164        -0.0000
    148.0948      1461.0608         0.0082        86.8623         0.0000         0.0000         0.0000         0.0000      3533.1421         0.0000        26.1440        -0.0000
    148.0967      1458.4746         0.0080        86.9260         0.0000         0.0000         0.0000         0.0000      3659.4888         0.0000        26.1298        -0.0000
    148.0904      1456.9373         0.0081        86.9759         0.0000         0.0000         0.0000         0.0000      3802.9033         0.0000        26.2038        -0.0000
    148.0922      1457.4121         0.0079        87.0510         0.0000         0.0000         0.0000         0.0000      3782.5444         0.0000        26.1957        -0.0000
    148.0892      1457.3827         0.0080        87.0532         0.0000         0.0000         0.0000         0.0000      3944.1680         0.0000        26.1699        -0.0000
    148.0866      1456.1598         0.0078        87.0224         0.0000         0.0000         0.0000         0.0000      3583.0613         0.0000        26.1630        -0.0000
    148.0906      1456.8907         0.0078        87.0530         0.0000         0.0000         0.0000         0.0000      3423.6724         0.0000        26.1426        -0.0000
    148.0904      1455.5398         0.0079        87.1873         0.0000         0.0000         0.0000         0.0000      3829.3037         0.0000        26.1980        -0.0000
    148.0894      1455.2974         0.0078        87.1569         0.0000         0.0000         0.0000         0.0000      3588.3215         0.0000        26.1845        -0.0000
    148.0874      1453.4999         0.0077        87.1387         0.0000         0.0000         0.0000         0.0000      3563.7505         0.0000        26.1928        -0.0000
    148.0935      1453.9861         0.0074        87.1038         0.0000         0.0000         0.0000         0.0000      3779.7742         0.0000        26.1147        -0.0000
    148.0868      1451.0834         0.0079        87.0974         0.0000         0.0000         0.0000         0.0000      3851.4099         0.0000        26.1106        -0.0000
    148.0902      1451.4778         0.0081        87.1736         0.0000         0.0000         0.0000         0.0000      3652.3867         0.0000        26.1222        -0.0000
    148.0877      1450.7422         0.0081        87.2534         0.0000         0.0000         0.0000         0.0000      3413.5681         0.0000        26.1557        -0.0000
    148.0908      1450.2742         0.0078        87.2021         0.0000         0.0000         0.0000         0.0000      3520.0461         0.0000        26.0961        -0.0000
    148.0892      1450.6722         0.0078        87.3349         0.0000         0.0000         0.0000         0.0000      3986.1570         0.0000        26.2083        -0.0000
    148.0884      1450.3656         0.0080        87.2639         0.0000         0.0000         0.0000         0.0000      3480.6863         0.0000        26.0838        -0.0000
    148.0928      1450.7659         0.0080        87.3259         0.0000         0.0000         0.0000         0.0000      3602.2573         0.0000        26.1299        -0.0000
    148.0923      1448.9755         0.0080        87.2567         0.0000         0.0000         0.0000         0.0000      3509.8254         0.0000        26.0591        -0.0000
    148.0870      1448.3700         0.0083        87.3877         0.0000         0.0000         0.0000         0.0000      3572.2261         0.0000        26.1088        -0.0000
    148.0876      1446.9879         0.0080        87.3449         0.0000         0.0000         0.0000         0.0000      3293.2788         0.0000        26.0884        -0.0000
    148.0822      1449.3771         0.0083        87.4254         0.0000         0.0000         0.0000         0.0000      3860.5540         0.0000        26.0975        -0.0000
    148.0875      1450.2795         0.0082        87.5171         0.0000         0.0000         0.0000         0.0000      3827.3662         0.0000        26.1241        -0.0000
    148.0816      1449.2244         0.0082        87.4867         0.0000         0.0000         0.0000         0.0000      3778.3083         0.0000        26.0438        -0.0000
    148.0881      1449.9042         0.0079        87.5560         0.0000         0.0000         0.0000         0.0000      3565.9683         0.0000        26.0991        -0.0000
    148.0858      1447.2426         0.0078        87.5224         0.0000         0.0000         0.0000         0.0000      3576.1143         0.0000        26.0530        -0.0000
    148.0893      1446.3220         0.0080        87.5425         0.0000         0.0000         0.0000         0.0000      3944.8511         0.0000        26.0763        -0.0000
    148.0874      1445.0392         0.0080        87.5934         0.0000         0.0000         0.0000         0.0000      3693.3345         0.0000        26.0673        -0.0000
    148.0926      1445.7577         0.0079        87.5723         0.0000         0.0000         0.0000         0.0000      3618.9624         0.0000        26.1213        -0.0000
    148.0901      1444.1294         0.0077        87.5931         0.0000         0.0000         0.0000         0.0000      3588.1165         0.0000        26.0435        -0.0000
    148.0895      1442.7581         0.0078        87.6411         0.0000         0.0000         0.0000         0.0000      3467.0522         0.0000        26.0639        -0.0000
    148.0807      1444.0928         0.0080        87.5533         0.0000         0.0000         0.0000         0.0000      4465.5454         0.0000        25.9618        -0.0000
    148.0834      1444.6737         0.0082        87.6701         0.0000         0.0000         0.0000         0.0000      3568.3306         0.0000        26.0965        -0.0000
    148.0810      1444.6256         0.0077        87.6225         0.0000         0.0000         0.0000         0.0000      4032.8879         0.0000        25.9716        -0.0000
    148.0832      1445.6306         0.0076        87.6718         0.0000         0.0000         0.0000         0.0000      3836.6992         0.0000        26.0013        -0.0000
    148.0843      1443.8618         0.0079        87.6213         0.0000         0.0000         0.0000         0.0000      3831.9363         0.0000        25.9343        -0.0000
    148.0819      1444.2596         0.0078        87.7612         0.0000         0.0000         0.0000         0.0000      3418.4922         0.0000        26.0126        -0.0000
    148.0858      1442.6760         0.0075        87.6653         0.0000         0.0000         0.0000         0.0000      3879.6497         0.0000        25.8874        -0.0000
    148.0887      1443.7465         0.0075        87.7392         0.0000         0.0000         0.0000         0.0000      3418.1479         0.0000        25.9678        -0.0000
    148.0893      1441.9479         0.0074        87.6876         0.0000         0.0000         0.0000         0.0000      3968.3181         0.0000        25.8946        -0.0000
    148.0882      1441.6136         0.0076        87.7388         0.0000         0.0000         0.0000         0.0000      3431.2473         0.0000        25.9316         0.0000
    148.0765      1440.9614         0.0083        87.7673         0.0000         0.0000         0.0000         0.0000      4103.1323         0.0000        25.9105         0.0000
    148.0781      1440.3516         0.0083        87.8473         0.0000         0.0000         0.0000         0.0000      3535.1655         0.0000        26.0275         0.0000
    148.0760      1440.2631         0.0085        87.8359         0.0000         0.0000         0.0000         0.0000      4137.3247         0.0000        25.9400         0.0000
    148.0741      1442.1506         0.0086        87.7671         0.0000         0.0000         0.0000         0.0000      3585.9648         0.0000        25.9663         0.0000
    148.0771      1440.4727         0.0086        87.8155         0.0000         0.0000         0.0000         0.0000      3723.8389         0.0000        25.9009         0.0000
    148.0719      1439.5076         0.0082        87.7746         0.0000         0.0000         0.0000         0.0000      3667.8113         0.0000        25.9027         0.0000
    148.0716      1438.8284         0.0081        87.7234         0.0000         0.0000         0.0000         0.0000      3980.1711         0.0000        25.7749         0.0000
    148.0726      1438.4044         0.0082        87.8089         0.0000         0.0000         0.0000         0.0000      3684.3916         0.0000        25.8690         0.0000
    148.0750      1439.7798         0.0084        87.8882         0.0000         0.0000         0.0000         0.0000      3730.8413         0.0000        25.8825         0.0000
    148.0721      1438.9030         0.0081        87.8335         0.0000         0.0000         0.0000         0.0000      3464.5164         0.0000        25.8321         0.0000
    148.0675      1437.4908         0.0087        87.8257         0.0000         0.0000         0.0000         0.0000      3963.7698         0.0000        25.7849         0.0000
    148.0668      1437.4700         0.0091        87.9465         0.0000         0.0000         0.0000         0.0000      3698.1914         0.0000        25.8967         0.0000
    148.0688      1437.6880         0.0088        87.8743         0.0000         0.0000         0.0000         0.0000      3803.7993         0.0000        25.8846         0.0000
    148.0731      1438.5850         0.0090        87.8978         0.0000         0.0000         0.0000         0.0000      3665.8557         0.0000        25.8974         0.0000
    148.0728      1439.5322         0.0085        87.8987         0.0000         0.0000         0.0000         0.0000      3572.0703         0.0000        25.8788         0.0000
    148.0817      1440.3573         0.0080        87.9548         0.0000         0.0000         0.0000         0.0000      4653.7603         0.0000        25.9333         0.0000
    148.0765      1441.5253         0.0085        88.0098         0.0000         0.0000         0.0000         0.0000      3788.2490         0.0000        25.9364         0.0000
    148.0746      1440.6240         0.0086        88.0191         0.0000         0.0000         0.0000         0.0000      4115.8291         0.0000        25.9667         0.0000
    148.0795      1440.9377         0.0081        88.0026         0.0000         0.0000         0.0000         0.0000      4004.7593         0.0000        25.9200         0.0000
    148.0774      1439.8340         0.0087        88.0363         0.0000         0.0000         0.0000         0.0000      3886.4431         0.0000        25.9490         0.0000
    148.0737      1440.3767         0.0091        88.0608         0.0000         0.0000         0.0000         0.0000      4357.5776         0.0000        25.9714         0.0000
    148.0708      1440.5159         0.0089        88.0880         0.0000         0.0000         0.0000         0.0000      3817.9441         0.0000        25.9517         0.0000
    148.0770      1440.5737         0.0088        88.0726         0.0000         0.0000         0.0000         0.0000      4851.6694         0.0000        25.9026         0.0000
    148.0733      1440.4498         0.0089        88.0861         0.0000         0.0000         0.0000         0.0000      3788.4497         0.0000        25.9408         0.0000
    148.0774      1438.7047         0.0087        88.0731         0.0000         0.0000         0.0000         0.0000      3878.9585         0.0000        25.8658         0.0000
    148.0820      1439.2240         0.0089        88.1437         0.0000         0.0000         0.0000         0.0000      4144.1826         0.0000        25.9637         0.0000
    148.0819      1438.8970         0.0086        88.1593         0.0000         0.0000         0.0000         0.0000      3901.3894         0.0000        25.9442         0.0000
    148.0769      1439.9697         0.0084        88.2053         0.0000         0.0000         0.0000         0.0000      3726.2278         0.0000        25.9614         0.0000
    148.0830      1439.9449         0.0085        88.1845         0.0000         0.0000         0.0000         0.0000      3503.1235         0.0000        25.9137         0.0000
    148.0765      1439.1499         0.0086        88.2522         0.0000         0.0000         0.0000         0.0000      3703.7119         0.0000        25.9760         0.0000
    148.0674      1437.0809         0.0094        88.2833         0.0000         0.0000         0.0000         0.0000      4522.0894         0.0000        25.9619         0.0000
    148.0766      1436.4076         0.0092        88.3466         0.0000         0.0000         0.0000         0.0000      4057.3618         0.0000        25.9933         0.0000
    148.0714      1437.1056         0.0092        88.4310         0.0000         0.0000         0.0000         0.0000      3933.0776         0.0000        26.0246         0.0000
    148.0697      1437.5942         0.0092        88.4751         0.0000         0.0000         0.0000         0.0000      4358.9883         0.0000        25.9801         0.0000
    148.0691      1437.5413         0.0090        88.4408         0.0000         0.0000         0.0000         0.0000      3979.0505         0.0000        26.0110         0.0000
    148.0636      1436.9944         0.0090        88.3748         0.0000         0.0000         0.0000         0.0000      3939.3130         0.0000        25.9413         0.0000
    148.0653      1435.7253         0.0091        88.4106         0.0000         0.0000         0.0000         0.0000      3846.9690         0.0000        25.9431         0.0000
    148.0607      1435.7079         0.0093        88.4653         0.0000         0.0000         0.0000         0.0000      3853.3035         0.0000        25.8964         0.0000
    148.0702      1438.3290         0.0093        88.5228         0.0000         0.0000         0.0000         0.0000      3732.7949         0.0000        25.9844         0.0000
    148.0569      1438.8354         0.0093        88.5851         0.0000         0.0000         0.0000         0.0000      3691.3474         0.0000        25.9406         0.0000
    148.0551      1439.1125         0.0102        88.6846         0.0000         0.0000         0.0000         0.0000      4247.4253         0.0000        26.0453         0.0000
    148.0571      1437.1310         0.0102        88.6768         0.0000         0.0000         0.0000         0.0000      3990.3892         0.0000        26.0318         0.0000
    148.0563      1438.3176         0.0097        88.6681         0.0000         0.0000         0.0000         0.0000      3614.8379         0.0000        25.9923         0.0000
    148.0596      1436.6704         0.0099        88.6977         0.0000         0.0000         0.0000         0.0000      3928.3547         0.0000        26.0092         0.0000
    148.0678      1439.1135         0.0092        88.6470         0.0000         0.0000         0.0000         0.0000      3856.7524         0.0000        25.9709         0.0000
    148.0635      1437.4979         0.0096        88.7542         0.0000         0.0000         0.0000         0.0000      4086.0786         0.0000        26.0433         0.0000
    148.0624      1439.0940         0.0092        88.7881         0.0000         0.0000         0.0000         0.0000      3832.4292         0.0000        25.9884         0.0000
    148.0586      1438.4490         0.0093        88.7399         0.0000         0.0000         0.0000         0.0000      3826.2471         0.0000        25.9643         0.0000
    148.0587      1436.2520         0.0093        88.7267         0.0000         0.0000         0.0000         0.0000      3832.6096         0.0000        25.9613         0.0000
    148.0621      1437.0537         0.0089        88.8599         0.0000         0.0000         0.0000         0.0000      3829.4248         0.0000        26.0481         0.0000
    148.0571      1436.1036         0.0100        88.8903         0.0000         0.0000         0.0000         0.0000      3878.2288         0.0000        26.0034         0.0000
    148.0588      1433.6476         0.0100        88.8801         0.0000         0.0000         0.0000         0.0000      4289.7646         0.0000        25.9630         0.0000
    148.0584      1433.3187         0.0098        88.9522         0.0000         0.0000         0.0000         0.0000      3955.4431         0.0000        26.0274         0.0000
    148.0583      1433.6091         0.0098        88.9914         0.0000         0.0000         0.0000         0.0000      4251.3042         0.0000        25.9969         0.0000
    148.0536      1433.1951         0.0099        88.9118         0.0000         0.0000         0.0000         0.0000      4590.4487         0.0000        25.8965         0.0000
    148.0575      1433.4430         0.0101        89.0479         0.0000         0.0000         0.0000         0.0000      4184.0107         0.0000        25.9996         0.0000
    148.0584      1435.0223         0.0099        89.0084         0.0000         0.0000         0.0000         0.0000      3834.5630         0.0000        25.9731         0.0000
    148.0578      1433.5823         0.0101        88.9985         0.0000         0.0000         0.0000         0.0000      3884.0659         0.0000        25.9696         0.0000
    148.0612      1435.4003         0.0096        89.1171         0.0000         0.0000         0.0000         0.0000      3887.3706         0.0000        25.9852         0.0000
    148.0604      1433.5624         0.0098        89.0695         0.0000         0.0000         0.0000         0.0000      3689.5439         0.0000        25.9605         0.0000
    148.0503      1431.7153         0.0103        89.0624         0.0000         0.0000         0.0000         0.0000      4308.2744         0.0000        25.8635         0.0000
    148.0523      1431.1080         0.0103        89.1035         0.0000         0.0000         0.0000         0.0000      3767.3135         0.0000        25.8928         0.0000
    148.0535      1430.5344         0.0099        89.0647         0.0000         0.0000         0.0000         0.0000      4034.0188         0.0000        25.8702         0.0000
    148.0583      1431.0826         0.0099        89.1010         0.0000         0.0000         0.0000         0.0000      3737.8567         0.0000        25.9014         0.0000
    148.0579      1431.5219         0.0105        89.0612         0.0000         0.0000         0.0000         0.0000      3898.0100         0.0000        25.8368         0.0000
    148.0608      1432.8502         0.0100        89.1443         0.0000         0.0000         0.0000         0.0000      3780.6704         0.0000        25.9326         0.0000
    148.0538      1431.5616         0.0097        89.0596         0.0000         0.0000         0.0000         0.0000      4100.1855         0.0000        25.8346         0.0000
    148.0589      1431.8391         0.0100        89.1715         0.0000         0.0000         0.0000         0.0000      3681.8101         0.0000        25.9104         0.0000
    148.0525      1429.9425         0.0105        89.1320         0.0000         0.0000         0.0000         0.0000      3520.5222         0.0000        25.8166         0.0000
    148.0571      1429.5916         0.0106        89.2171         0.0000         0.0000         0.0000         0.0000      3648.6194         0.0000        25.9084         0.0000
    148.0490      1429.4744         0.0107        89.1505         0.0000         0.0000         0.0000         0.0000      4020.8589         0.0000        25.8498         0.0000
    148.0499      1427.7867         0.0110        89.2725         0.0000         0.0000         0.0000         0.0000      3925.7744         0.0000        25.9362         0.0000
    148.0560      1429.8125         0.0102        89.2302         0.0000         0.0000         0.0000         0.0000      4007.2056         0.0000        25.8590         0.0000
    148.0607      1428.4631         0.0105        89.2715         0.0000         0.0000         0.0000         0.0000      3879.9131         0.0000        25.9310         0.0000
    148.0598      1430.2975         0.0103        89.2042         0.0000         0.0000         0.0000         0.0000      3486.6851         0.0000        25.8489         0.0000
    148.0558      1429.3757         0.0103        89.2329         0.0000         0.0000         0.0000         0.0000      4033.2002         0.0000        25.8250         0.0000
    148.0613      1430.0519         0.0099        89.2579         0.0000         0.0000         0.0000         0.0000      3794.3665         0.0000        25.8511         0.0000
    148.0635      1428.5314         0.0101        89.2501         0.0000         0.0000         0.0000         0.0000      3741.8142         0.0000        25.8734         0.0000
    148.0611      1428.8015         0.0105        89.2061         0.0000         0.0000         0.0000         0.0000      3841.2495         0.0000        25.8441         0.0000
    148.0634      1427.8228         0.0111        89.2299         0.0000         0.0000         0.0000         0.0000      3869.6643         0.0000        25.8432         0.0000
    148.0493      1427.2144         0.0103        89.2200         0.0000         0.0000         0.0000         0.0000      4343.1523         0.0000        25.7989         0.0000
    148.0524      1426.2156         0.0109        89.2537         0.0000         0.0000         0.0000         0.0000      3831.9453         0.0000        25.8456         0.0000
    148.0602      1427.1741         0.0103        89.1981         0.0000         0.0000         0.0000         0.0000      3982.3970         0.0000        25.7817         0.0000
    148.0514      1426.7631         0.0108        89.1989         0.0000         0.0000         0.0000         0.0000      3759.8140         0.0000        25.7521         0.0000
    148.0606      1426.1637         0.0107        89.2557         0.0000         0.0000         0.0000         0.0000      4084.7190         0.0000        25.7343         0.0000
    148.0656      1427.4050         0.0107        89.2843         0.0000         0.0000         0.0000         0.0000      3555.1760         0.0000        25.7926         0.0000
    148.0614      1428.5920         0.0104        89.2352         0.0000         0.0000         0.0000         0.0000      3923.5728         0.0000        25.6432         0.0000
    148.0679      1427.7195         0.0107        89.3330         0.0000         0.0000         0.0000         0.0000      4152.0503         0.0000        25.7468         0.0000
    148.0546      1426.3354         0.0105        89.3191         0.0000         0.0000         0.0000         0.0000      3777.8650         0.0000        25.6841         0.0000
    148.0611      1426.1021         0.0102        89.4601         0.0000         0.0000         0.0000         0.0000      3806.6797         0.0000        25.7635         0.0001
    148.0538      1424.2092         0.0102        89.4003         0.0000         0.0000         0.0000         0.0000      4279.9663         0.0000        25.6290         0.0001
    148.0614      1422.6128         0.0108        89.4562         0.0000         0.0000         0.0000         0.0000      4175.0449         0.0000        25.7133         0.0001
    148.0494      1423.6382         0.0103        89.3812         0.0000         0.0000         0.0000         0.0000      3959.6609         0.0000        25.5857         0.0001
    148.0642      1423.6665         0.0099        89.5123         0.0000         0.0000         0.0000         0.0000      3564.8208         0.0000        25.7043         0.0001
    148.0472      1422.1368         0.0102        89.4357         0.0000         0.0000         0.0000         0.0000      4078.9194         0.0000        25.6256         0.0001
    148.0637      1421.7708         0.0105        89.5255         0.0000         0.0000         0.0000         0.0000      3855.1487         0.0000        25.7339         0.0001
    148.0521      1421.4204         0.0101        89.5345         0.0000         0.0000         0.0000         0.0000      3672.3589         0.0000        25.6530         0.0001
    148.0576      1420.8685         0.0102        89.6017         0.0000         0.0000         0.0000         0.0000      3817.7300         0.0000        25.6540         0.0001
    148.0531      1420.8789         0.0101        89.6257         0.0000         0.0000         0.0000         0.0000      3657.2852         0.0000        25.5956         0.0001
    148.0596      1420.5609         0.0100        89.7136         0.0000         0.0000         0.0000         0.0000      3590.3491         0.0000        25.6554         0.0001
    148.0556      1421.0813         0.0097        89.6734         0.0000         0.0000         0.0000         0.0000      4196.8350         0.0000        25.5555         0.0001
    148.0554      1421.8892         0.0103        89.8198         0.0000         0.0000         0.0000         0.0000      3609.3469         0.0000        25.6806         0.0001
    148.0578      1421.2811         0.0098        89.8258         0.0000         0.0000         0.0000         0.0000      3729.6450         0.0000        25.6465         0.0001
    148.0632      1421.1656         0.0097        89.9358         0.0000         0.0000         0.0000         0.0000      3784.0237         0.0000        25.6740         0.0001
    148.0664      1422.4186         0.0091        89.8871         0.0000         0.0000         0.0000         0.0000      3855.6030         0.0000        25.6011         0.0001
    148.0583      1422.4812         0.0097        89.9424         0.0000         0.0000         0.0000         0.0000      3999.7603         0.0000        25.6449         0.0001
    148.0628      1420.3917         0.0095        89.9363         0.0000         0.0000         0.0000         0.0000      3809.9246         0.0000        25.5837         0.0001
    148.0586      1419.8519         0.0100        90.0023         0.0000         0.0000         0.0000         0.0000      3719.4048         0.0000        25.5793         0.0001
    148.0644      1419.4330         0.0098        89.9468         0.0000         0.0000         0.0000         0.0000      3520.9829         0.0000        25.5090         0.0001
    148.0644      1419.2679         0.0100        89.9547         0.0000         0.0000         0.0000         0.0000      3531.2634         0.0000        25.5067         0.0001
    148.0615      1419.2113         0.0098        89.9083         0.0000         0.0000         0.0000         0.0000      3462.0413         0.0000        25.4470         0.0001
    148.0627      1419.9227         0.0094        89.9705         0.0000         0.0000         0.0000         0.0000      3916.2275         0.0000        25.4591         0.0001
    148.0692      1420.2006         0.0093        89.9941         0.0000         0.0000         0.0000         0.0000      3598.3623         0.0000        25.5127         0.0001
    148.0681      1421.0277         0.0088        90.0473         0.0000         0.0000         0.0000         0.0000      4004.0613         0.0000        25.4444         0.0001
    148.0560      1418.9969         0.0094        90.0667         0.0000         0.0000         0.0000         0.0000      3565.9023         0.0000        25.4919         0.0001
    148.0604      1420.6169         0.0093        90.1257         0.0000         0.0000         0.0000         0.0000      3942.7983         0.0000        25.4737         0.0001
    148.0605      1420.6713         0.0092        90.1749         0.0000         0.0000         0.0000         0.0000      3376.6523         0.0000        25.5476         0.0001
    148.0626      1420.5201         0.0093        90.2209         0.0000         0.0000         0.0000         0.0000      3934.2056         0.0000        25.5503         0.0001
    148.0632      1419.7148         0.0092        90.2661         0.0000         0.0000         0.0000         0.0000      3429.8850         0.0000        25.5744         0.0001
    148.0639      1421.8219         0.0090        90.2776         0.0000         0.0000         0.0000         0.0000      3967.9878         0.0000        25.5790         0.0001
    148.0605      1421.2146         0.0093        90.3542         0.0000         0.0000         0.0000         0.0000      3737.8857         0.0000        25.6623         0.0001
    148.0637      1422.1868         0.0090        90.3123         0.0000         0.0000         0.0000         0.0000      3646.1860         0.0000        25.6004         0.0001
    148.0653      1421.9596         0.0085        90.3293         0.0000         0.0000         0.0000         0.0000      3706.1445         0.0000        25.6512         0.0001
    148.0585      1422.6759         0.0091        90.3864         0.0000         0.0000         0.0000         0.0000      3789.5000         0.0000        25.5967         0.0001
    148.0603      1422.3975         0.0090        90.3948         0.0000         0.0000         0.0000         0.0000      3703.3223         0.0000        25.5801         0.0001
    148.0605      1420.8645         0.0092        90.4414         0.0000         0.0000         0.0000         0.0000      3834.8108         0.0000        25.6217         0.0001
    148.0573      1422.2231         0.0087        90.3290         0.0000         0.0000         0.0000         0.0000      3922.3303         0.0000        25.5334         0.0001
    148.0658      1422.9971         0.0088        90.3820         0.0000         0.0000         0.0000         0.0000      3511.8992         0.0000        25.5390         0.0001
    148.0634      1421.6827         0.0086        90.3459         0.0000         0.0000         0.0000         0.0000      3711.5054         0.0000        25.5181         0.0001
    148.0639      1421.6289         0.0088        90.4863         0.0000         0.0000         0.0000         0.0000      3449.2908         0.0000        25.5845         0.0001
    148.0679      1421.3115         0.0085        90.4933         0.0000         0.0000         0.0000         0.0000      3769.1987         0.0000        25.4882         0.0001
    148.0662      1421.0663         0.0086        90.5434         0.0000         0.0000         0.0000         0.0000      3402.5146         0.0000        25.5055         0.0001
    148.0645      1418.9723         0.0087        90.5687         0.0000         0.0000         0.0000         0.0000      3418.3428         0.0000        25.4861         0.0001
    148.0628      1416.6321         0.0086        90.5644         0.0000         0.0000         0.0000         0.0000      3814.1719         0.0000        25.5052         0.0001
    148.0670      1418.0879         0.0085        90.6071         0.0000         0.0000         0.0000         0.0000      3577.8706         0.0000        25.5038         0.0001
    148.0656      1417.3571         0.0087        90.6659         0.0000         0.0000         0.0000         0.0000      3325.2900         0.0000        25.5315         0.0001
    148.0690      1418.6971         0.0084        90.5493         0.0000         0.0000         0.0000         0.0000      3457.6550         0.0000        25.4379         0.0001
    148.0768      1418.4377         0.0084        90.5911         0.0000         0.0000         0.0000         0.0000      3482.1790         0.0000        25.4836         0.0001
    148.0676      1416.7589         0.0086        90.4759         0.0000         0.0000         0.0000         0.0000      3486.0583         0.0000        25.4427         0.0001
    148.0772      1418.2018         0.0085        90.5673         0.0000         0.0000         0.0000         0.0000      3613.9109         0.0000        25.5301         0.0001
    148.0753      1418.3136         0.0081        90.5538         0.0000         0.0000         0.0000         0.0000      3506.9497         0.0000        25.4535         0.0001
    148.0696      1418.4982         0.0080        90.5763         0.0000         0.0000         0.0000         0.0000      3584.4104         0.0000        25.4194         0.0001
    148.0798      1419.8789         0.0080        90.5914         0.0000         0.0000         0.0000         0.0000      3518.3047         0.0000        25.3947         0.0001
    148.0768      1419.6460         0.0081        90.6448         0.0000         0.0000         0.0000         0.0000      3522.6753         0.0000        25.3704         0.0001
    148.0794      1418.0212         0.0078        90.5808         0.0000         0.0000         0.0000         0.0000      3708.5669         0.0000        25.3823         0.0001
    148.0768      1417.1047         0.0079        90.6538         0.0000         0.0000         0.0000         0.0000      3295.5420         0.0000        25.2968         0.0001
    148.0750      1416.1750         0.0081        90.6611         0.0000         0.0000         0.0000         0.0000      3898.1245         0.0000        25.3237         0.0001
    148.0712      1416.9415         0.0083        90.7674         0.0000         0.0000         0.0000         0.0000      3369.9761         0.0000        25.3396         0.0001
    148.0692      1415.8719         0.0082        90.7175         0.0000         0.0000         0.0000         0.0000      3640.0024         0.0000        25.2970         0.0001
    148.0748      1417.9684         0.0081        90.8017         0.0000         0.0000         0.0000         0.0000      3173.9148         0.0000        25.3386         0.0000
    148.0742      1415.8512         0.0080        90.7589         0.0000         0.0000         0.0000         0.0000      3195.3154         0.0000        25.2702         0.0000
    148.0730      1417.4037         0.0082        90.8601         0.0000         0.0000         0.0000         0.0000      3630.8149         0.0000        25.2797         0.0000
    148.0709      1415.8861         0.0082        90.8442         0.0000         0.0000         0.0000         0.0000      3096.7151         0.0000        25.2371         0.0000
    148.0720      1414.7498         0.0080        90.8273         0.0000         0.0000         0.0000         0.0000      3413.7002         0.0000        25.2013         0.0000
    148.0654      1414.9270         0.0078        90.8115         0.0000         0.0000         0.0000         0.0000      3302.6660         0.0000        25.1740         0.0000
    148.0667      1412.4216         0.0079        90.8447         0.0000         0.0000         0.0000         0.0000      3597.3923         0.0000        25.1173         0.0000
    148.0703      1413.6426         0.0079        90.7515         0.0000         0.0000         0.0000         0.0000      3389.2852         0.0000        25.0751         0.0000
    148.0708      1411.8817         0.0079        90.8088         0.0000         0.0000         0.0000         0.0000      3450.7932         0.0000        25.0714         0.0000
    148.0658      1412.7845         0.0077        90.7968         0.0000         0.0000         0.0000         0.0000      3445.7061         0.0000        25.0259         0.0000
    148.0676      1410.7496         0.0076        90.8886         0.0000         0.0000         0.0000         0.0000      3440.3699         0.0000        25.0845         0.0000
    148.0731      1411.3315         0.0072        90.8897         0.0000         0.0000         0.0000         0.0000      3570.0828         0.0000        25.0054         0.0000
    148.0662      1410.6506         0.0076        90.9383         0.0000         0.0000         0.0000         0.0000      3202.8943         0.0000        25.0406         0.0000
    148.0647      1412.2273         0.0075        90.9069         0.0000         0.0000         0.0000         0.0000      3208.4985         0.0000        25.0256         0.0000
    148.0716      1411.3104         0.0077        91.0033         0.0000         0.0000         0.0000         0.0000      3396.6306         0.0000        25.0232         0.0000
    148.0711      1412.2399         0.0075        90.9947         0.0000         0.0000         0.0000         0.0000      3114.8621         0.0000        24.9794         0.0000
    148.0675      1410.5039         0.0076        91.0491         0.0000         0.0000         0.0000         0.0000      3206.0371         0.0000        24.9746         0.0000
    148.0678      1412.0714         0.0076        91.0430         0.0000         0.0000         0.0000         0.0000      3205.2102         0.0000        24.9418         0.0000
    148.0700      1410.0170         0.0079        91.0669         0.0000         0.0000         0.0000         0.0000      3276.5117         0.0000        24.9365         0.0000
    148.0631      1410.2937         0.0076        91.0283         0.0000         0.0000         0.0000         0.0000      3204.2358         0.0000        24.8937         0.0000
    148.0670      1408.2428         0.0078        91.1261         0.0000         0.0000         0.0000         0.0000      3354.1313         0.0000        24.9596         0.0000
    148.0765      1407.1819         0.0075        91.0523         0.0000         0.0000         0.0000         0.0000      3266.6160         0.0000        24.8985         0.0000
    148.0770      1405.6954         0.0075        91.1124         0.0000         0.0000         0.0000         0.0000      3506.0698         0.0000        24.9490         0.0000
    148.0787      1405.4384         0.0074        91.0313         0.0000         0.0000         0.0000         0.0000      3173.3906         0.0000        24.8691         0.0000
    148.0785      1404.0804         0.0076        91.1622         0.0000         0.0000         0.0000         0.0000      3245.9207         0.0000        24.9126         0.0000
    148.0739      1402.9098         0.0077        91.2120         0.0000         0.0000         0.0000         0.0000      3471.9216         0.0000        24.9060         0.0000
    148.0781      1403.7526         0.0074        91.1758         0.0000         0.0000         0.0000         0.0000      3019.8020         0.0000        24.8513         0.0000
    148.0712      1401.7391         0.0075        91.1678         0.0000         0.0000         0.0000         0.0000      3217.1714         0.0000        24.8200         0.0000
    148.0785      1403.1084         0.0072        91.2615         0.0000         0.0000         0.0000         0.0000      3283.7625         0.0000        24.8865         0.0000
    148.0806      1401.6606         0.0076        91.2982         0.0000         0.0000         0.0000         0.0000      3891.4854         0.0000        24.8225         0.0000
    148.0777      1399.3635         0.0073        91.2984         0.0000         0.0000         0.0000         0.0000      3209.6724         0.0000        24.7982         0.0000
    148.0867      1401.9082         0.0068        91.2563         0.0000         0.0000         0.0000         0.0000      3797.7356         0.0000        24.7502         0.0000
    148.0827      1400.1389         0.0069        91.4156         0.0000         0.0000         0.0000         0.0000      3255.5457         0.0000        24.9001         0.0000
    148.0770      1398.4653         0.0069        91.3632         0.0000         0.0000         0.0000         0.0000      3499.3137         0.0000        24.8100         0.0000
    148.0754      1396.3136         0.0070        91.4230         0.0000         0.0000         0.0000         0.0000      3293.3545         0.0000        24.8336         0.0000
    148.0807      1397.4220         0.0071        91.4152         0.0000         0.0000         0.0000         0.0000      3412.8884         0.0000        24.7982         0.0000
    148.0792      1396.5826         0.0072        91.4414         0.0000         0.0000         0.0000         0.0000      2857.3411         0.0000        24.8025         0.0000
    148.0807      1396.3096         0.0071        91.4228         0.0000         0.0000         0.0000         0.0000      3393.6917         0.0000        24.7418         0.0000
    148.0761      1395.3469         0.0071        91.4295         0.0000         0.0000         0.0000         0.0000      3331.9536         0.0000        24.7108         0.0000
    148.0791      1395.3655         0.0071        91.4016         0.0000         0.0000         0.0000         0.0000      3376.8457         0.0000        24.7270         0.0000
    148.0773      1394.5800         0.0072        91.4401         0.0000         0.0000         0.0000         0.0000      3150.6667         0.0000        24.6957         0.0000
    148.0847      1394.4474         0.0072        91.4167         0.0000         0.0000         0.0000         0.0000      3258.0259         0.0000        24.7100         0.0000
    148.0817      1392.4349         0.0074        91.4519         0.0000         0.0000         0.0000         0.0000      3257.8315         0.0000        24.6334         0.0000
    148.0813      1392.0491         0.0077        91.5228         0.0000         0.0000         0.0000         0.0000      3038.7173         0.0000        24.7026         0.0000
    148.0817      1390.6602         0.0074        91.3596         0.0000         0.0000         0.0000         0.0000      3126.8337         0.0000        24.5962         0.0000
    148.0828      1389.9918         0.0076        91.4089         0.0000         0.0000         0.0000         0.0000      3159.4170         0.0000        24.6767         0.0000
    148.0917      1389.2461         0.0076        91.4243         0.0000         0.0000         0.0000         0.0000      3315.1943         0.0000        24.6539         0.0000
    148.0830      1391.0616         0.0074        91.3302         0.0000         0.0000         0.0000         0.0000      3318.3328         0.0000        24.5929         0.0000
    148.0889      1390.6058         0.0076        91.4612         0.0000         0.0000         0.0000         0.0000      3479.9492         0.0000        24.6285         0.0000
    148.0877      1392.5975         0.0075        91.4632         0.0000         0.0000         0.0000         0.0000      3216.7163         0.0000        24.6232         0.0000
    148.0892      1390.8141         0.0077        91.5295         0.0000         0.0000         0.0000         0.0000      3050.8657         0.0000        24.6100         0.0000
    148.0914      1390.1309         0.0074        91.4965         0.0000         0.0000         0.0000         0.0000      3031.0972         0.0000        24.5819         0.0000
    148.0940      1391.2574         0.0075        91.5175         0.0000         0.0000         0.0000         0.0000      3201.9277         0.0000        24.5605         0.0000
    148.0881      1388.8403         0.0073        91.5331         0.0000         0.0000         0.0000         0.0000      3243.3638         0.0000        24.5168         0.0000
    148.0933      1389.0006         0.0072        91.6126         0.0000         0.0000         0.0000         0.0000      3059.1787         0.0000        24.5229         0.0000
    148.0912      1390.2927         0.0074        91.5576         0.0000         0.0000         0.0000         0.0000      3120.6384         0.0000        24.4859         0.0000
    148.0884      1388.2659         0.0072        91.6122         0.0000         0.0000         0.0000         0.0000      2913.1411         0.0000        24.4618         0.0000
    148.0925      1389.4575         0.0073        91.6073         0.0000         0.0000         0.0000         0.0000      2942.7329         0.0000        24.4738         0.0000
    148.0921      1388.3795         0.0071        91.5878         0.0000         0.0000         0.0000         0.0000      3143.7065         0.0000        24.4667         0.0000
    148.0923      1389.2129         0.0073        91.6501         0.0000         0.0000         0.0000         0.0000      3051.4797         0.0000        24.4605         0.0000
    148.0835      1388.4117         0.0073        91.6152         0.0000         0.0000         0.0000         0.0000      3136.2039         0.0000        24.3237         0.0000
    148.0946      1388.3030         0.0074        91.6796         0.0000         0.0000         0.0000         0.0000      3262.7012         0.0000        24.3536         0.0000
    148.0872      1385.4712         0.0074        91.6483         0.0000         0.0000         0.0000         0.0000      3010.6858         0.0000        24.3593         0.0000
    148.0916      1387.7312         0.0072        91.7082         0.0000         0.0000         0.0000         0.0000      3115.3276         0.0000        24.4077         0.0000
    148.0861      1387.5214         0.0073        91.7072         0.0000         0.0000         0.0000         0.0000      3414.4346         0.0000        24.3671         0.0000
    148.0893      1385.5891         0.0074        91.6917         0.0000         0.0000         0.0000         0.0000      3325.0940         0.0000        24.3515         0.0000
    148.0839      1387.5421         0.0074        91.7157         0.0000         0.0000         0.0000         0.0000      3501.5271         0.0000        24.3333         0.0000
    148.0921      1385.7653         0.0074        91.7389         0.0000         0.0000         0.0000         0.0000      3178.1370         0.0000        24.3623         0.0000
    148.0858      1387.5370         0.0069        91.7732         0.0000         0.0000         0.0000         0.0000      3233.4753         0.0000        24.3484         0.0000
    148.0907      1387.1812         0.0068        91.7665         0.0000         0.0000         0.0000         0.0000      3222.9373         0.0000        24.3027         0.0000
    148.0912      1387.6511         0.0072        91.8292         0.0000         0.0000         0.0000         0.0000      3237.0249         0.0000        24.3342         0.0000
    148.0939      1385.9916         0.0070        91.8206         0.0000         0.0000         0.0000         0.0000      3413.5957         0.0000        24.3319         0.0000
    148.0901      1387.6772         0.0071        91.8931         0.0000         0.0000         0.0000         0.0000      3385.6758         0.0000        24.3326         0.0000
    148.0903      1386.2954         0.0066        91.9127         0.0000         0.0000         0.0000         0.0000      2963.2751         0.0000        24.3164         0.0000
    148.0910      1387.9312         0.0069        91.9084         0.0000         0.0000         0.0000         0.0000      3591.6929         0.0000        24.3403         0.0000
    148.0915      1386.6279         0.0069        91.8898         0.0000         0.0000         0.0000         0.0000      3311.1721         0.0000        24.2508         0.0000
    148.0892      1386.4098         0.0071        91.9046         0.0000         0.0000         0.0000         0.0000      3584.6304         0.0000        24.2586         0.0000
    148.0816      1385.6930         0.0066        91.8419         0.0000         0.0000         0.0000         0.0000      3241.6348         0.0000        24.1966         0.0000
    148.0900      1385.4874         0.0070        91.8330         0.0000         0.0000         0.0000         0.0000      3199.9246         0.0000        24.1962         0.0000
    148.0905      1387.2256         0.0069        91.8821         0.0000         0.0000         0.0000         0.0000      3746.0947         0.0000        24.2124         0.0000
    148.0931      1386.8821         0.0070        91.8901         0.0000         0.0000         0.0000         0.0000      3373.8098         0.0000        24.2171         0.0000
    148.0829      1384.3462         0.0071        91.8835         0.0000         0.0000         0.0000         0.0000      3453.6399         0.0000        24.2143         0.0000
    148.0873      1384.9059         0.0072        91.9067         0.0000         0.0000         0.0000         0.0000      3386.6978         0.0000        24.2198         0.0000
    148.0799      1384.2933         0.0071        91.8643         0.0000         0.0000         0.0000         0.0000      3131.2168         0.0000        24.1546         0.0000
    148.0902      1384.2771         0.0071        91.9769         0.0000         0.0000         0.0000         0.0000      3430.7988         0.0000        24.2524         0.0000
    148.0843      1383.1514         0.0070        91.8926         0.0000         0.0000         0.0000         0.0000      3477.8975         0.0000        24.1474         0.0000
    148.0898      1381.4852         0.0072        91.9165         0.0000         0.0000         0.0000         0.0000      3104.8242         0.0000        24.1721         0.0000
    148.0850      1380.7607         0.0073        91.8988         0.0000         0.0000         0.0000         0.0000      3156.9399         0.0000        24.1030         0.0000
    148.0883      1380.6622         0.0072        91.9840         0.0000         0.0000         0.0000         0.0000      3375.0247         0.0000        24.1523         0.0000
    148.0845      1379.8051         0.0073        91.9426         0.0000         0.0000         0.0000         0.0000      3320.6328         0.0000        24.0414         0.0000
    148.0918      1380.6990         0.0076        92.0777         0.0000         0.0000         0.0000         0.0000      3246.4822         0.0000        24.1853        -0.0000
    148.0855      1378.4438         0.0074        92.0813         0.0000         0.0000         0.0000         0.0000      3125.2568         0.0000        24.1421        -0.0000
    148.0839      1379.0330         0.0075        92.0338         0.0000         0.0000         0.0000         0.0000      3440.1819         0.0000        24.1456        -0.0000
    148.0855      1376.4158         0.0075        92.1644         0.0000         0.0000         0.0000         0.0000      3185.5308         0.0000        24.1739        -0.0000
    148.0825      1376.3868         0.0077        92.1473         0.0000         0.0000         0.0000         0.0000      3516.7207         0.0000        24.1371        -0.0000
    148.0857      1374.2738         0.0077        92.1897         0.0000         0.0000         0.0000         0.0000      3389.0874         0.0000        24.1597        -0.0000
    148.0840      1373.7618         0.0079        92.2254         0.0000         0.0000         0.0000         0.0000      3119.8928         0.0000        24.1825        -0.0000
    148.0862      1374.1464         0.0078        92.2169         0.0000         0.0000         0.0000         0.0000      3132.0022         0.0000        24.1383        -0.0000
    148.0829      1375.2904         0.0078        92.2171         0.0000         0.0000         0.0000         0.0000      3802.3538         0.0000        24.1227        -0.0000
    148.0887      1372.5746         0.0078        92.2588         0.0000         0.0000         0.0000         0.0000      3444.2021         0.0000        24.1588        -0.0000
    148.0902      1373.8201         0.0075        92.2293         0.0000         0.0000         0.0000         0.0000      3176.3108         0.0000        24.1221         0.0000
    148.0827      1372.1840         0.0078        92.1072         0.0000         0.0000         0.0000         0.0000      3601.8259         0.0000        24.0567         0.0000
    148.0841      1372.2329         0.0077        92.1640         0.0000         0.0000         0.0000         0.0000      3249.0723         0.0000        24.0484         0.0000
    148.0855      1372.7786         0.0078        92.2090         0.0000         0.0000         0.0000         0.0000      3366.9570         0.0000        24.0477         0.0000
    148.0876      1373.8600         0.0079        92.1833         0.0000         0.0000         0.0000         0.0000      3284.7861         0.0000        24.0230         0.0000
    148.0902      1374.2034         0.0069        92.1731         0.0000         0.0000         0.0000         0.0000      3101.7258         0.0000        23.9506         0.0000
    148.0933      1373.9830         0.0077        92.2509         0.0000         0.0000         0.0000         0.0000      3809.0415         0.0000        24.0449         0.0000
    148.0889      1372.1066         0.0075        92.1932         0.0000         0.0000         0.0000         0.0000      3222.5586         0.0000        23.9712         0.0000
    148.0893      1372.0653         0.0072        92.2783         0.0000         0.0000         0.0000         0.0000      3445.8716         0.0000        24.0470         0.0000
    148.0849      1370.6407         0.0071        92.2263         0.0000         0.0000         0.0000         0.0000      3298.5405         0.0000        23.9855         0.0000
    148.0903      1370.7567         0.0077        92.2684         0.0000         0.0000         0.0000         0.0000      3225.8811         0.0000        23.9692         0.0000
    148.0823      1371.9283         0.0079        92.1906         0.0000         0.0000         0.0000         0.0000      3286.3040         0.0000        23.8973         0.0000
    148.0852      1372.1799         0.0072        92.2737         0.0000         0.0000         0.0000         0.0000      3028.0710         0.0000        23.8846         0.0000
    148.0863      1370.4327         0.0079        92.2411         0.0000         0.0000         0.0000         0.0000      3480.9268         0.0000        23.8470         0.0000
    148.0868      1371.4822         0.0077        92.3332         0.0000         0.0000         0.0000         0.0000      3094.4885         0.0000        23.8874         0.0000
    148.0899      1370.6292         0.0073        92.2660         0.0000         0.0000         0.0000         0.0000      3189.5994         0.0000        23.8488         0.0000
    148.0844      1370.7386         0.0074        92.3161         0.0000         0.0000         0.0000         0.0000      3106.4106         0.0000        23.8367         0.0000
    148.0913      1370.9695         0.0074        92.2679         0.0000         0.0000         0.0000         0.0000      3045.2366         0.0000        23.8246         0.0000
    148.0949      1372.1107         0.0071        92.3423         0.0000         0.0000         0.0000         0.0000      3246.3625         0.0000        23.8334         0.0000
    148.0948      1373.1923         0.0078        92.2934         0.0000         0.0000         0.0000         0.0000      3126.3237         0.0000        23.8345         0.0000
    148.0909      1372.2360         0.0078        92.3570         0.0000         0.0000         0.0000         0.0000      3203.6934         0.0000        23.8461         0.0000
    148.0853      1371.6471         0.0083        92.2898         0.0000         0.0000         0.0000         0.0000      3378.9336         0.0000        23.8179         0.0000
    148.0879      1373.7578         0.0080        92.3424         0.0000         0.0000         0.0000         0.0000      2903.4482         0.0000        23.8843         0.0000
    148.0852      1370.2875         0.0080        92.2911         0.0000         0.0000         0.0000         0.0000      3462.3020         0.0000        23.8177         0.0000
    148.0826      1368.5431         0.0084        92.3677         0.0000         0.0000         0.0000         0.0000      3336.6489         0.0000        23.8711         0.0000
    148.0823      1368.5699         0.0086        92.4563         0.0000         0.0000         0.0000         0.0000      2844.6108         0.0000        23.9215         0.0000
    148.0799      1368.0499         0.0085        92.4170         0.0000         0.0000         0.0000         0.0000      3254.0312         0.0000        23.8294         0.0000
    148.0847      1367.6711         0.0086        92.5381         0.0000         0.0000         0.0000         0.0000      2944.6719         0.0000        23.9181         0.0000
    148.0826      1369.0322         0.0082        92.4962         0.0000         0.0000         0.0000         0.0000      3089.6335         0.0000        23.8602         0.0000
    148.0857      1369.6561         0.0084        92.5651         0.0000         0.0000         0.0000         0.0000      3140.5996         0.0000        23.8784         0.0000
    148.0828      1370.2106         0.0086        92.5188         0.0000         0.0000         0.0000         0.0000      3459.8440         0.0000        23.8820         0.0000
    148.0724      1368.7631         0.0091        92.5649         0.0000         0.0000         0.0000         0.0000      3124.3552         0.0000        23.8594         0.0000
    148.0693      1370.5120         0.0091        92.5237         0.0000         0.0000         0.0000         0.0000      3474.9011         0.0000        23.8471         0.0000
    148.0704      1368.6764         0.0085        92.5843         0.0000         0.0000         0.0000         0.0000      3081.7148         0.0000        23.8268         0.0000
    148.0713      1367.8319         0.0082        92.5655         0.0000         0.0000         0.0000         0.0000      3187.6123         0.0000        23.8273         0.0000
    148.0723      1367.0667         0.0093        92.5623         0.0000         0.0000         0.0000         0.0000      3112.8223         0.0000        23.7457         0.0000
    148.0751      1368.7213         0.0088        92.5962         0.0000         0.0000         0.0000         0.0000      3343.4778         0.0000        23.8192         0.0000
    148.0747      1368.4642         0.0090        92.6346         0.0000         0.0000         0.0000         0.0000      3182.6812         0.0000        23.7960         0.0000
    148.0733      1368.7283         0.0087        92.6053         0.0000         0.0000         0.0000         0.0000      3227.2754         0.0000        23.8448         0.0000
    148.0759      1367.9147         0.0086        92.5685         0.0000         0.0000         0.0000         0.0000      3028.0691         0.0000        23.8009         0.0000
    148.0694      1367.6025         0.0088        92.5303         0.0000         0.0000         0.0000         0.0000      3019.9192         0.0000        23.7986        -0.0000
    148.0568      1365.9467         0.0092        92.4714         0.0000         0.0000         0.0000         0.0000      3488.0000         0.0000        23.6952        -0.0000
    148.0628      1367.9789         0.0092        92.5196         0.0000         0.0000         0.0000         0.0000      3229.5850         0.0000        23.7629        -0.0000
    148.0595      1368.6293         0.0090        92.5782         0.0000         0.0000         0.0000         0.0000      3150.6580         0.0000        23.7374        -0.0000
    148.0663      1369.6371         0.0085        92.5457         0.0000         0.0000         0.0000         0.0000      3225.5127         0.0000        23.8009        -0.0000
    148.0714      1368.9882         0.0084        92.5278         0.0000         0.0000         0.0000         0.0000      3035.5640         0.0000        23.7512        -0.0000
    148.0723      1370.6792         0.0079        92.4745         0.0000         0.0000         0.0000         0.0000      3306.8047         0.0000        23.7394        -0.0000
    148.0708      1369.6195         0.0088        92.5017         0.0000         0.0000         0.0000         0.0000      2972.5513         0.0000        23.7114        -0.0000
    148.0721      1371.4694         0.0087        92.6118         0.0000         0.0000         0.0000         0.0000      3011.2881         0.0000        23.7739        -0.0000
    148.0699      1369.4935         0.0083        92.6028         0.0000         0.0000         0.0000         0.0000      3349.5178         0.0000        23.7650        -0.0000
    148.0734      1369.5243         0.0079        92.6617         0.0000         0.0000         0.0000         0.0000      3067.8569         0.0000        23.8119         0.0000
    148.0644      1369.3357         0.0091        92.5981         0.0000         0.0000         0.0000         0.0000      3231.2583         0.0000        23.7364         0.0000
    148.0657      1370.6262         0.0090        92.6485         0.0000         0.0000         0.0000         0.0000      3162.0874         0.0000        23.8000         0.0000
    148.0660      1370.6747         0.0091        92.5881         0.0000         0.0000         0.0000         0.0000      3539.6643         0.0000        23.7228         0.0000
    148.0770      1372.9091         0.0086        92.6171         0.0000         0.0000         0.0000         0.0000      3040.6470         0.0000        23.7348         0.0000
    148.0677      1371.2498         0.0086        92.6010         0.0000         0.0000         0.0000         0.0000      3091.9800         0.0000        23.6917         0.0000
    148.0741      1371.9917         0.0087        92.5855         0.0000         0.0000         0.0000         0.0000      3315.9868         0.0000        23.6587         0.0000
    148.0782      1370.0326         0.0084        92.7348         0.0000         0.0000         0.0000         0.0000      3154.1431         0.0000        23.6877         0.0000
    148.0753      1370.2008         0.0093        92.7097         0.0000         0.0000         0.0000         0.0000      3096.9163         0.0000        23.6746         0.0000
    148.0757      1371.2584         0.0093        92.7556         0.0000         0.0000         0.0000         0.0000      3421.5857         0.0000        23.6821         0.0000
    148.0798      1370.7637         0.0092        92.7284         0.0000         0.0000         0.0000         0.0000      3282.5256         0.0000        23.6601         0.0000
    148.0781      1371.1138         0.0093        92.7615         0.0000         0.0000         0.0000         0.0000      3340.1372         0.0000        23.6793         0.0000
    148.0803      1370.1982         0.0096        92.7832         0.0000         0.0000         0.0000         0.0000      3213.2773         0.0000        23.6736         0.0000
    148.0817      1371.3829         0.0093        92.8284         0.0000         0.0000         0.0000         0.0000      3114.8857         0.0000        23.7139         0.0000
    148.0765      1370.8738         0.0094        92.7613         0.0000         0.0000         0.0000         0.0000      3231.1870         0.0000        23.7007         0.0000
    148.0784      1368.5198         0.0096        92.8348         0.0000         0.0000         0.0000         0.0000      3408.9089         0.0000        23.7308         0.0000
    148.0798      1370.0261         0.0092        92.7620         0.0000         0.0000         0.0000         0.0000      3085.9866         0.0000        23.6789         0.0000
    148.0793      1367.5989         0.0097        92.8961         0.0000         0.0000         0.0000         0.0000      3333.0762         0.0000        23.7934         0.0000
    148.0812      1368.3729         0.0091        92.8158         0.0000         0.0000         0.0000         0.0000      3285.2112         0.0000        23.7387         0.0000
    148.0849      1370.1597         0.0092        92.9247         0.0000         0.0000         0.0000         0.0000      3061.7566         0.0000        23.8113         0.0000
    148.0869      1369.2744         0.0091        92.8620         0.0000         0.0000         0.0000         0.0000      3133.9233         0.0000        23.7707         0.0000
    148.0811      1368.7927         0.0095        92.8376         0.0000         0.0000         0.0000         0.0000      3034.9050         0.0000        23.7178         0.0000
    148.0844      1367.1472         0.0098        92.9773         0.0000         0.0000         0.0000         0.0000      3179.5486         0.0000        23.7980         0.0000
    148.0851      1368.9133         0.0093        92.8696         0.0000         0.0000         0.0000         0.0000      3183.1885         0.0000        23.6871         0.0000
    148.0909      1368.0277         0.0101        93.0300         0.0000         0.0000         0.0000         0.0000      3127.8052         0.0000        23.8546         0.0000
    148.0804      1366.7510         0.0098        92.9041         0.0000         0.0000         0.0000         0.0000      3251.0681         0.0000        23.7041         0.0000
    148.0886      1365.1519         0.0101        93.0811         0.0000         0.0000         0.0000         0.0000      2756.1990         0.0000        23.8568         0.0000
    148.0871      1367.4384         0.0102        93.1362         0.0000         0.0000         0.0000         0.0000      3011.9307         0.0000        23.8618         0.0000
    148.0874      1366.3418         0.0102        93.1346         0.0000         0.0000         0.0000         0.0000      2697.5142         0.0000        23.8115         0.0000
    148.0895      1365.7684         0.0099        93.0016         0.0000         0.0000         0.0000         0.0000      3547.2764         0.0000        23.6831         0.0000
    148.0849      1364.3107         0.0099        93.1096         0.0000         0.0000         0.0000         0.0000      2987.5940         0.0000        23.7556        -0.0000
    148.0840      1364.7692         0.0104        93.0409         0.0000         0.0000         0.0000         0.0000      3236.6792         0.0000        23.6858        -0.0000
    148.0822      1364.6392         0.0101        93.1018         0.0000         0.0000         0.0000         0.0000      3287.9343         0.0000        23.7402        -0.0000
    148.0830      1362.8418         0.0104        93.0937         0.0000         0.0000         0.0000         0.0000      2946.8159         0.0000        23.7161        -0.0000
    148.0847      1364.6077         0.0101        93.2255         0.0000         0.0000         0.0000         0.0000      3283.6206         0.0000        23.7451        -0.0000
    148.0820      1364.0078         0.0105        93.1246         0.0000         0.0000         0.0000         0.0000      3021.0376         0.0000        23.6580        -0.0000
    148.0786      1364.5192         0.0105        93.2222         0.0000         0.0000         0.0000         0.0000      3140.3887         0.0000        23.7467        -0.0000
    148.0803      1364.2736         0.0105        93.1745         0.0000         0.0000         0.0000         0.0000      3093.6841         0.0000        23.6963        -0.0000
    148.0810      1362.4252         0.0102        93.2714         0.0000         0.0000         0.0000         0.0000      3075.2063         0.0000        23.7599        -0.0000
    148.0783      1359.8851         0.0103        93.1861         0.0000         0.0000         0.0000         0.0000      3201.9985         0.0000        23.6314        -0.0000
    148.0763      1360.6702         0.0100        93.2194         0.0000         0.0000         0.0000         0.0000      3122.6768         0.0000        23.6333        -0.0000
    148.0816      1360.1671         0.0104        93.3136         0.0000         0.0000         0.0000         0.0000      3066.7605         0.0000        23.6742        -0.0000
    148.0830      1359.6421         0.0100        93.2935         0.0000         0.0000         0.0000         0.0000      3253.5837         0.0000        23.6586        -0.0000
    148.0830      1358.4087         0.0103        93.4177         0.0000         0.0000         0.0000         0.0000      2938.0840         0.0000        23.6857        -0.0000
    148.0860      1361.5577         0.0100        93.4671         0.0000         0.0000         0.0000         0.0000      2711.5610         0.0000        23.7170        -0.0000
    148.0821      1359.1034         0.0106        93.5132         0.0000         0.0000         0.0000         0.0000      3201.0327         0.0000        23.7283        -0.0000
    148.0852      1359.2852         0.0103        93.4119         0.0000         0.0000         0.0000         0.0000      2929.2422         0.0000        23.6774        -0.0000
    148.0822      1358.0977         0.0103        93.4753         0.0000         0.0000         0.0000         0.0000      3222.7461         0.0000        23.6772        -0.0000
    148.0857      1357.8276         0.0104        93.4257         0.0000         0.0000         0.0000         0.0000      2945.0620         0.0000        23.6452        -0.0000
    148.0802      1355.6296         0.0106        93.4974         0.0000         0.0000         0.0000         0.0000      2916.3513         0.0000        23.6896        -0.0000
    148.0854      1355.1376         0.0106        93.4713         0.0000         0.0000         0.0000         0.0000      2906.5930         0.0000        23.6393         0.0000
    148.0801      1354.1625         0.0109        93.5182         0.0000         0.0000         0.0000         0.0000      3116.1519         0.0000        23.6087         0.0000
    148.0812      1353.3773         0.0110        93.5400         0.0000         0.0000         0.0000         0.0000      2940.6465         0.0000        23.5702         0.0000
    148.0821      1352.8866         0.0107        93.6458         0.0000         0.0000         0.0000         0.0000      3036.6411         0.0000        23.6309         0.0000
    148.0773      1351.7864         0.0109        93.5425         0.0000         0.0000         0.0000         0.0000      2869.4397         0.0000        23.5503         0.0000
    148.0779      1352.4791         0.0109        93.6187         0.0000         0.0000         0.0000         0.0000      2894.5957         0.0000        23.5949         0.0000
    148.0792      1351.4360         0.0114        93.5449         0.0000         0.0000         0.0000         0.0000      2944.3127         0.0000        23.4950         0.0000
    148.0793      1352.8136         0.0114        93.6138         0.0000         0.0000         0.0000         0.0000      2949.1304         0.0000        23.5393         0.0000
    148.0770      1351.0283         0.0112        93.5246         0.0000         0.0000         0.0000         0.0000      2992.5146         0.0000        23.4087         0.0000
    148.0791      1350.1692         0.0112        93.6649         0.0000         0.0000         0.0000         0.0000      2752.7202         0.0000        23.5142         0.0000
    148.0700      1350.6382         0.0110        93.5593         0.0000         0.0000         0.0000         0.0000      2933.7075         0.0000        23.4341        -0.0000
    148.0665      1350.6776         0.0115        93.6301         0.0000         0.0000         0.0000         0.0000      2892.3076         0.0000        23.4133        -0.0000
    148.0728      1347.9180         0.0114        93.6342         0.0000         0.0000         0.0000         0.0000      2818.4558         0.0000        23.4710        -0.0000
    148.0685      1346.8044         0.0116        93.6871         0.0000         0.0000         0.0000         0.0000      2980.2102         0.0000        23.4889        -0.0000
    148.0737      1346.1301         0.0116        93.6334         0.0000         0.0000         0.0000         0.0000      2968.8560         0.0000        23.3961        -0.0000
    148.0772      1345.8486         0.0118        93.8047         0.0000         0.0000         0.0000         0.0000      2799.4504         0.0000        23.4637        -0.0000
    148.0789      1345.9846         0.0116        93.8957         0.0000         0.0000         0.0000         0.0000      3047.4224         0.0000        23.4973        -0.0000
    148.0796      1347.0809         0.0114        93.9521         0.0000         0.0000         0.0000         0.0000      3037.9683         0.0000        23.5439        -0.0000
    148.0756      1345.2782         0.0120        93.8550         0.0000         0.0000         0.0000         0.0000      2775.9429         0.0000        23.4314        -0.0000
    148.0765      1346.3890         0.0123        93.9514         0.0000         0.0000         0.0000         0.0000      3187.6592         0.0000        23.4927        -0.0000
    148.0809      1346.2695         0.0120        93.9600         0.0000         0.0000         0.0000         0.0000      2925.4495         0.0000        23.5026        -0.0000
    148.0795      1345.5518         0.0122        93.9535         0.0000         0.0000         0.0000         0.0000      3167.0657         0.0000        23.4445        -0.0000
    148.0774      1347.2809         0.0118        93.9860         0.0000         0.0000         0.0000         0.0000      2818.0139         0.0000        23.4696        -0.0000
    148.0812      1345.8690         0.0121        93.9832         0.0000         0.0000         0.0000         0.0000      3095.3770         0.0000        23.4553        -0.0000
    148.0799      1347.1096         0.0118        94.0580         0.0000         0.0000         0.0000         0.0000      3147.9609         0.0000        23.4997        -0.0000
    148.0817      1346.0931         0.0116        93.9749         0.0000         0.0000         0.0000         0.0000      3001.7134         0.0000        23.4870        -0.0000
    148.0779      1347.3202         0.0111        94.0582         0.0000         0.0000         0.0000         0.0000      2701.9307         0.0000        23.4833        -0.0000
    148.0835      1345.9921         0.0110        94.0887         0.0000         0.0000         0.0000         0.0000      3013.4795         0.0000        23.4722        -0.0000
    148.0781      1347.2651         0.0114        94.0467         0.0000         0.0000         0.0000         0.0000      3194.4976         0.0000        23.4122        -0.0000
    148.0836      1346.8975         0.0110        94.0518         0.0000         0.0000         0.0000         0.0000      3162.9399         0.0000        23.4433        -0.0000
    148.0804      1346.6132         0.0113        94.1529         0.0000         0.0000         0.0000         0.0000      2960.3196         0.0000        23.4470        -0.0000
    148.0791      1345.5760         0.0112        94.1078         0.0000         0.0000         0.0000         0.0000      3052.0317         0.0000        23.4557        -0.0000
    148.0777      1345.5424         0.0114        94.2179         0.0000         0.0000         0.0000         0.0000      2891.3721         0.0000        23.4652        -0.0000
    148.0818      1345.5111         0.0113        94.1821         0.0000         0.0000         0.0000         0.0000      3327.9644         0.0000        23.4882        -0.0000
    148.0809      1347.2076         0.0111        94.2821         0.0000         0.0000         0.0000         0.0000      2974.4714         0.0000        23.5230        -0.0000
    148.0824      1345.9502         0.0111        94.2095         0.0000         0.0000         0.0000         0.0000      2841.5278         0.0000        23.4847        -0.0000
    148.0803      1345.7781         0.0112        94.3424         0.0000         0.0000         0.0000         0.0000      2895.4543         0.0000        23.4995        -0.0000
    148.0815      1345.0341         0.0110        94.3231         0.0000         0.0000         0.0000         0.0000      2956.7178         0.0000        23.4723        -0.0000
    148.0839      1347.1837         0.0107        94.4127         0.0000         0.0000         0.0000         0.0000      2851.1963         0.0000        23.5031        -0.0000
    148.0880      1344.2524         0.0105        94.3664         0.0000         0.0000         0.0000         0.0000      2913.8164         0.0000        23.4900        -0.0000
    148.0881      1344.3739         0.0105        94.4988         0.0000         0.0000         0.0000         0.0000      2713.3606         0.0000        23.5315        -0.0000
    148.0847      1345.3256         0.0110        94.4107         0.0000         0.0000         0.0000         0.0000      2821.8567         0.0000        23.4885        -0.0000
    148.0836      1346.4313         0.0108        94.5091         0.0000         0.0000         0.0000         0.0000      2970.8896         0.0000        23.5549        -0.0000
    148.0868      1344.8538         0.0105        94.3550         0.0000         0.0000         0.0000         0.0000      2870.3623         0.0000        23.4239        -0.0000
    148.0843      1345.6906         0.0106        94.4385         0.0000         0.0000         0.0000         0.0000      2774.9258         0.0000        23.4861        -0.0000
    148.0864      1344.3943         0.0103        94.3952         0.0000         0.0000         0.0000         0.0000      2773.6602         0.0000        23.4317        -0.0000
    148.0862      1343.9523         0.0105        94.4774         0.0000         0.0000         0.0000         0.0000      2764.2456         0.0000        23.5131        -0.0000
    148.0880      1341.8198         0.0108        94.3884         0.0000         0.0000         0.0000         0.0000      2848.9487         0.0000        23.4360        -0.0000
    148.0876      1341.8833         0.0108        94.4696         0.0000         0.0000         0.0000         0.0000      2812.4753         0.0000        23.4920        -0.0000
    148.0861      1343.0442         0.0109        94.4561         0.0000         0.0000         0.0000         0.0000      2803.7864         0.0000        23.4141        -0.0000
    148.0831      1344.0297         0.0106        94.5852         0.0000         0.0000         0.0000         0.0000      2909.0906         0.0000        23.5056        -0.0000
    148.0781      1342.8456         0.0113        94.5486         0.0000         0.0000         0.0000         0.0000      3340.6443         0.0000        23.4053        -0.0000
    148.0806      1343.7307         0.0112        94.5188         0.0000         0.0000         0.0000         0.0000      2823.8525         0.0000        23.4162        -0.0000
    148.0744      1343.0225         0.0117        94.4136         0.0000         0.0000         0.0000         0.0000      2625.9443         0.0000        23.3133        -0.0000
    148.0814      1342.9188         0.0114        94.4958         0.0000         0.0000         0.0000         0.0000      2775.9521         0.0000        23.3574        -0.0000
    148.0763      1341.0120         0.0112        94.4628         0.0000         0.0000         0.0000         0.0000      2702.3289         0.0000        23.3025        -0.0000
    148.0816      1341.5764         0.0111        94.5326         0.0000         0.0000         0.0000         0.0000      2835.4785         0.0000        23.3450        -0.0000
    148.0741      1340.7262         0.0101        94.4339         0.0000         0.0000         0.0000         0.0000      2709.6392         0.0000        23.2341        -0.0000
    148.0802      1340.7261         0.0101        94.5647         0.0000         0.0000         0.0000         0.0000      2732.2529         0.0000        23.3287        -0.0000
    148.0766      1341.0704         0.0113        94.4144         0.0000         0.0000         0.0000         0.0000      3030.5566         0.0000        23.1885        -0.0000
    148.0777      1341.1686         0.0108        94.5081         0.0000         0.0000         0.0000         0.0000      2618.9661         0.0000        23.2611        -0.0000
    148.0783      1338.4343         0.0111        94.4464         0.0000         0.0000         0.0000         0.0000      2880.4773         0.0000        23.2117        -0.0000
    148.0790      1339.0399         0.0114        94.5256         0.0000         0.0000         0.0000         0.0000      3020.5581         0.0000        23.2932        -0.0000
    148.0842      1339.3275         0.0112        94.4927         0.0000         0.0000         0.0000         0.0000      2840.7590         0.0000        23.2218        -0.0000
    148.0810      1339.1312         0.0116        94.5283         0.0000         0.0000         0.0000         0.0000      2945.6548         0.0000        23.2544        -0.0000
    148.0775      1336.6486         0.0113        94.5575         0.0000         0.0000         0.0000         0.0000      2801.2603         0.0000        23.2308        -0.0000
    148.0850      1337.2052         0.0112        94.5654         0.0000         0.0000         0.0000         0.0000      2859.8743         0.0000        23.2872        -0.0000
    148.0808      1334.7533         0.0114        94.5401         0.0000         0.0000         0.0000         0.0000      2921.4255         0.0000        23.2449        -0.0000
    148.0840      1335.7715         0.0118        94.6036         0.0000         0.0000         0.0000         0.0000      2928.1831         0.0000        23.2681        -0.0000
    148.0804      1336.5349         0.0116        94.5826         0.0000         0.0000         0.0000         0.0000      2744.7556         0.0000        23.2567        -0.0000
    148.0851      1335.7643         0.0119        94.6949         0.0000         0.0000         0.0000         0.0000      3112.3892         0.0000        23.3475        -0.0000
    148.0842      1334.2510         0.0118        94.6173         0.0000         0.0000         0.0000         0.0000      2894.3909         0.0000        23.2358        -0.0000
    148.0840      1336.0142         0.0116        94.6893         0.0000         0.0000         0.0000         0.0000      2896.6470         0.0000        23.2589        -0.0000
    148.0838      1333.7050         0.0113        94.6889         0.0000         0.0000         0.0000         0.0000      2673.7815         0.0000        23.2390        -0.0000
    148.0888      1334.7242         0.0117        94.7508         0.0000         0.0000         0.0000         0.0000      3152.9268         0.0000        23.2457        -0.0000
    148.0802      1334.1362         0.0103        94.6731         0.0000         0.0000         0.0000         0.0000      2722.3867         0.0000        23.1843        -0.0000
    148.0834      1335.9130         0.0106        94.7251         0.0000         0.0000         0.0000         0.0000      3017.4607         0.0000        23.2002        -0.0000
    148.0843      1335.5997         0.0103        94.6937         0.0000         0.0000         0.0000         0.0000      2777.9429         0.0000        23.1880        -0.0000
    148.0895      1335.1365         0.0113        94.7336         0.0000         0.0000         0.0000         0.0000      3009.5569         0.0000        23.2110        -0.0000
    148.0849      1333.4618         0.0110        94.7335         0.0000         0.0000         0.0000         0.0000      2739.3271         0.0000        23.1924        -0.0000
    148.0835      1332.5206         0.0107        94.7471         0.0000         0.0000         0.0000         0.0000      2919.9124         0.0000        23.1922        -0.0000
    148.0820      1331.4420         0.0108        94.6915         0.0000         0.0000         0.0000         0.0000      2799.1577         0.0000        23.1615        -0.0000
    148.0819      1330.3173         0.0112        94.7739         0.0000         0.0000         0.0000         0.0000      3055.6150         0.0000        23.1801        -0.0000
    148.0800      1329.6042         0.0107        94.6980         0.0000         0.0000         0.0000         0.0000      3008.3916         0.0000        23.1474        -0.0000
    148.0838      1330.0427         0.0113        94.7791         0.0000         0.0000         0.0000         0.0000      2918.7124         0.0000        23.1578        -0.0000
    148.0813      1327.9884         0.0110        94.7788         0.0000         0.0000         0.0000         0.0000      3016.5068         0.0000        23.1485        -0.0000
    148.0771      1328.9930         0.0101        94.8329         0.0000         0.0000         0.0000         0.0000      2919.7754         0.0000        23.1607        -0.0000
    148.0801      1327.9733         0.0108        94.8607         0.0000         0.0000         0.0000         0.0000      2870.7446         0.0000        23.1764        -0.0000
    148.0777      1329.4048         0.0115        94.7471         0.0000         0.0000         0.0000         0.0000      3099.4194         0.0000        23.0856        -0.0000
    148.0741      1329.6293         0.0116        94.8507         0.0000         0.0000         0.0000         0.0000      3170.4746         0.0000        23.1436        -0.0000
    148.0779      1328.7556         0.0120        94.8023         0.0000         0.0000         0.0000         0.0000      3359.4919         0.0000        23.1299        -0.0000
    148.0833      1327.5947         0.0122        94.7548         0.0000         0.0000         0.0000         0.0000      2962.7622         0.0000        23.1225        -0.0000
    148.0758      1328.8264         0.0120        94.8141         0.0000         0.0000         0.0000         0.0000      3269.9668         0.0000        23.1618        -0.0000
    148.0789      1327.3695         0.0126        94.8270         0.0000         0.0000         0.0000         0.0000      2960.1777         0.0000        23.1408        -0.0000
    148.0743      1325.9792         0.0125        94.7694         0.0000         0.0000         0.0000         0.0000      3118.1270         0.0000        23.1223        -0.0000
    148.0788      1326.3489         0.0129        94.8818         0.0000         0.0000         0.0000         0.0000      2929.8984         0.0000        23.1684        -0.0000
    148.0806      1326.3696         0.0123        94.8299         0.0000         0.0000         0.0000         0.0000      2940.3662         0.0000        23.1502        -0.0000
    148.0801      1325.5388         0.0125        94.8711         0.0000         0.0000         0.0000         0.0000      2715.2554         0.0000        23.1546        -0.0000
    148.0805      1326.0370         0.0120        94.8626         0.0000         0.0000         0.0000         0.0000      2933.9197         0.0000        23.1355        -0.0000
    148.0779      1326.5214         0.0117        94.9115         0.0000         0.0000         0.0000         0.0000      2611.4304         0.0000        23.0801        -0.0000
    148.0882      1326.7754         0.0115        95.0068         0.0000         0.0000         0.0000         0.0000      2766.6453         0.0000        23.1312        -0.0001
    148.0803      1327.0848         0.0119        94.9211         0.0000         0.0000         0.0000         0.0000      2680.7322         0.0000        23.0402        -0.0001
    148.0868      1325.3503         0.0118        94.9686         0.0000         0.0000         0.0000         0.0000      2779.0012         0.0000        23.1092        -0.0001
    148.0831      1327.5865         0.0111        94.9906         0.0000         0.0000         0.0000         0.0000      2995.1416         0.0000        23.1150        -0.0001
    148.0840      1326.0511         0.0106        94.9431         0.0000         0.0000         0.0000         0.0000      2818.5911         0.0000        23.0797        -0.0001
    148.0891      1325.7363         0.0104        95.0279         0.0000         0.0000         0.0000         0.0000      2719.7190         0.0000        23.0732        -0.0001
    148.0881      1326.9958         0.0119        95.1222         0.0000         0.0000         0.0000         0.0000      2978.9082         0.0000        23.1607        -0.0001
    148.0860      1325.8915         0.0120        95.0076         0.0000         0.0000         0.0000         0.0000      2892.0869         0.0000        23.0210        -0.0001
    148.0898      1326.1044         0.0121        95.1098         0.0000         0.0000         0.0000         0.0000      2791.5166         0.0000        23.1489        -0.0001
    148.0849      1325.4884         0.0115        95.0315         0.0000         0.0000         0.0000         0.0000      2748.4824         0.0000        23.0554        -0.0001
    148.0900      1325.1212         0.0118        95.1363         0.0000         0.0000         0.0000         0.0000      2659.0654         0.0000        23.1145        -0.0001
    148.0832      1326.2267         0.0118        95.0861         0.0000         0.0000         0.0000         0.0000      3196.2085         0.0000        23.0517        -0.0001
    148.0914      1326.4237         0.0117        95.1670         0.0000         0.0000         0.0000         0.0000      2815.0168         0.0000        23.1354        -0.0001
    148.0849      1325.9030         0.0121        95.0799         0.0000         0.0000         0.0000         0.0000      2828.0752         0.0000        23.1062        -0.0001
    148.0850      1326.3831         0.0117        95.1620         0.0000         0.0000         0.0000         0.0000      2548.5674         0.0000        23.0957        -0.0001
    148.0857      1326.1633         0.0121        95.2108         0.0000         0.0000         0.0000         0.0000      2747.7026         0.0000        23.1266        -0.0001
    148.0816      1325.1504         0.0114        95.1586         0.0000         0.0000         0.0000         0.0000      2825.3992         0.0000        23.1464        -0.0001
    148.0845      1324.8761         0.0106        95.2309         0.0000         0.0000         0.0000         0.0000      2897.4307         0.0000        23.1590        -0.0001
    148.0824      1322.5322         0.0110        95.1346         0.0000         0.0000         0.0000         0.0000      2785.2954         0.0000        23.0582        -0.0001
    148.0815      1324.2969         0.0110        95.1652         0.0000         0.0000         0.0000         0.0000      2916.6946         0.0000        23.0908        -0.0001
    148.0809      1323.8015         0.0107        95.1297         0.0000         0.0000         0.0000         0.0000      2735.6497         0.0000        23.0294        -0.0001
    148.0756      1324.6697         0.0111        95.2503         0.0000         0.0000         0.0000         0.0000      2681.0696         0.0000        23.0824        -0.0001
    148.0769      1321.9070         0.0114        95.1963         0.0000         0.0000         0.0000         0.0000      2918.8513         0.0000        23.0341        -0.0001
    148.0806      1322.4290         0.0109        95.2890         0.0000         0.0000         0.0000         0.0000      2747.7041         0.0000        23.0674        -0.0001
    148.0753      1322.5709         0.0111        95.2859         0.0000         0.0000         0.0000         0.0000      2787.9250         0.0000        23.0515        -0.0001
    148.0772      1322.0002         0.0119        95.3283         0.0000         0.0000         0.0000         0.0000      2845.4666         0.0000        23.0808        -0.0001
    148.0699      1319.9886         0.0121        95.3099         0.0000         0.0000         0.0000         0.0000      2807.8025         0.0000        23.0408        -0.0001
    148.0732      1318.9591         0.0125        95.3921         0.0000         0.0000         0.0000         0.0000      2966.0972         0.0000        23.0820        -0.0001
    148.0749      1318.2600         0.0122        95.3603         0.0000         0.0000         0.0000         0.0000      2663.7969         0.0000        23.0166        -0.0001
    148.0720      1318.1709         0.0128        95.4046         0.0000         0.0000         0.0000         0.0000      3087.3828         0.0000        23.0549        -0.0001
    148.0773      1318.3008         0.0126        95.4239         0.0000         0.0000         0.0000         0.0000      2563.9902         0.0000        23.0516        -0.0001
    148.0676      1318.7072         0.0127        95.4595         0.0000         0.0000         0.0000         0.0000      3296.7710         0.0000        23.0772        -0.0001
    148.0663      1318.2792         0.0133        95.5149         0.0000         0.0000         0.0000         0.0000      2688.1345         0.0000        23.0919        -0.0001
    148.0772      1320.0245         0.0132        95.5965         0.0000         0.0000         0.0000         0.0000      2758.4785         0.0000        23.1905        -0.0001
    148.0746      1319.8392         0.0140        95.5372         0.0000         0.0000         0.0000         0.0000      2844.0110         0.0000        23.1151        -0.0001
    148.0848      1321.8422         0.0133        95.6387         0.0000         0.0000         0.0000         0.0000      3225.1040         0.0000        23.2127        -0.0001
    148.0794      1321.6926         0.0134        95.5650         0.0000         0.0000         0.0000         0.0000      2840.9031         0.0000        23.1404        -0.0001
    148.0820      1320.5472         0.0129        95.6242         0.0000         0.0000         0.0000         0.0000      2927.3667         0.0000        23.1900        -0.0001
    148.0783      1321.0630         0.0122        95.5796         0.0000         0.0000         0.0000         0.0000      2643.2546         0.0000        23.1667        -0.0001
    148.0776      1319.7126         0.0132        95.5927         0.0000         0.0000         0.0000         0.0000      2800.6777         0.0000        23.1194        -0.0001
    148.0752      1319.1453         0.0126        95.6011         0.0000         0.0000         0.0000         0.0000      2908.0869         0.0000        23.1328        -0.0001
    148.0721      1317.0868         0.0137        95.6723         0.0000         0.0000         0.0000         0.0000      2921.3748         0.0000        23.1265        -0.0001
    148.0750      1316.9191         0.0134        95.6839         0.0000         0.0000         0.0000         0.0000      2782.1436         0.0000        23.1486        -0.0001
    148.0713      1317.5082         0.0131        95.7326         0.0000         0.0000         0.0000         0.0000      2830.4836         0.0000        23.1556        -0.0001
    148.0755      1316.0734         0.0125        95.8314         0.0000         0.0000         0.0000         0.0000      2843.8906         0.0000        23.1808        -0.0001
    148.0752      1315.3595         0.0130        95.7807         0.0000         0.0000         0.0000         0.0000      2849.1555         0.0000        23.1065        -0.0001
    148.0800      1316.5649         0.0134        95.8747         0.0000         0.0000         0.0000         0.0000      2988.1213         0.0000        23.2214        -0.0001
    148.0759      1317.2535         0.0132        95.7554         0.0000         0.0000         0.0000         0.0000      3014.0200         0.0000        23.1170        -0.0001
    148.0799      1316.0217         0.0132        95.9023         0.0000         0.0000         0.0000         0.0000      2743.1760         0.0000        23.2408        -0.0001
    148.0764      1316.6561         0.0128        95.8083         0.0000         0.0000         0.0000         0.0000      2973.3572         0.0000        23.1272        -0.0001
    148.0809      1317.5804         0.0132        95.9626         0.0000         0.0000         0.0000         0.0000      2700.6943         0.0000        23.2329        -0.0001
    148.0760      1316.3955         0.0127        95.9382         0.0000         0.0000         0.0000         0.0000      2928.4607         0.0000        23.1642        -0.0001
    148.0776      1315.0723         0.0135        96.0429         0.0000         0.0000         0.0000         0.0000      2637.4783         0.0000        23.2444        -0.0001
    148.0770      1315.4961         0.0134        96.0734         0.0000         0.0000         0.0000         0.0000      2967.9556         0.0000        23.2407        -0.0001
    148.0807      1315.2933         0.0136        96.0217         0.0000         0.0000         0.0000         0.0000      2957.7314         0.0000        23.1917        -0.0001
    148.0781      1316.1840         0.0135        96.0854         0.0000         0.0000         0.0000         0.0000      2643.1565         0.0000        23.2182        -0.0001
    148.0809      1316.7191         0.0139        96.0291         0.0000         0.0000         0.0000         0.0000      3024.2251         0.0000        23.1830        -0.0001
    148.0803      1316.7898         0.0134        96.0658         0.0000         0.0000         0.0000         0.0000      2639.9270         0.0000        23.1786        -0.0001
    148.0857      1317.1842         0.0128        96.1255         0.0000         0.0000         0.0000         0.0000      2804.6279         0.0000        23.2013        -0.0001
    148.0841      1317.7092         0.0128        96.1316         0.0000         0.0000         0.0000         0.0000      2570.3210         0.0000        23.1621        -0.0001
    148.0820      1316.9368         0.0137        96.1478         0.0000         0.0000         0.0000         0.0000      3082.9004         0.0000        23.1481        -0.0001
    148.0786      1315.4941         0.0136        96.1556         0.0000         0.0000         0.0000         0.0000      3052.7959         0.0000        23.1447        -0.0001
    148.0770      1315.0800         0.0145        96.2612         0.0000         0.0000         0.0000         0.0000      3102.2546         0.0000        23.1932        -0.0001
    148.0797      1314.7777         0.0137        96.2406         0.0000         0.0000         0.0000         0.0000      2874.3386         0.0000        23.1752        -0.0001
    148.0820      1314.5536         0.0135        96.2136         0.0000         0.0000         0.0000         0.0000      2871.9277         0.0000        23.1180        -0.0001
    148.0769      1313.6421         0.0140        96.3357         0.0000         0.0000         0.0000         0.0000      2752.3257         0.0000        23.1970        -0.0001
    148.0811      1314.4895         0.0135        96.2785         0.0000         0.0000         0.0000         0.0000      2919.3745         0.0000        23.1307        -0.0001
    148.0780      1313.9506         0.0132        96.3458         0.0000         0.0000         0.0000         0.0000      2705.5596         0.0000        23.2101        -0.0001
    148.0761      1312.2759         0.0135        96.4508         0.0000         0.0000         0.0000         0.0000      3389.0659         0.0000        23.2341        -0.0001
    148.0774      1311.3699         0.0131        96.3818         0.0000         0.0000         0.0000         0.0000      2730.1804         0.0000        23.2125        -0.0001
    148.0788      1310.8107         0.0130        96.3639         0.0000         0.0000         0.0000         0.0000      3154.2451         0.0000        23.2101        -0.0001
    148.0788      1310.6974         0.0127        96.3718         0.0000         0.0000         0.0000         0.0000      3061.9797         0.0000        23.1962        -0.0001
    148.0831      1310.1998         0.0129        96.5004         0.0000         0.0000         0.0000         0.0000      2945.7019         0.0000        23.2230        -0.0001
    148.0757      1310.5839         0.0131        96.5137         0.0000         0.0000         0.0000         0.0000      2786.0322         0.0000        23.2019        -0.0001
    148.0804      1310.5045         0.0136        96.6480         0.0000         0.0000         0.0000         0.0000      3111.1538         0.0000        23.2791        -0.0001
    148.0776      1311.5681         0.0134        96.5722         0.0000         0.0000         0.0000         0.0000      2780.5186         0.0000        23.1951        -0.0001
    148.0796      1312.1963         0.0130        96.6867         0.0000         0.0000         0.0000         0.0000      2944.0286         0.0000        23.2994        -0.0001
    148.0748      1310.2738         0.0136        96.6279         0.0000         0.0000         0.0000         0.0000      2977.8757         0.0000        23.2026        -0.0001
    148.0776      1311.6266         0.0135        96.6181         0.0000         0.0000         0.0000         0.0000      2904.0649         0.0000        23.2845        -0.0001
    148.0764      1311.7422         0.0132        96.5472         0.0000         0.0000         0.0000         0.0000      3052.6782         0.0000        23.2004        -0.0001
    148.0768      1311.5981         0.0128        96.6253         0.0000         0.0000         0.0000         0.0000      2953.1851         0.0000        23.2798        -0.0001
    148.0832      1312.3711         0.0134        96.5795         0.0000         0.0000         0.0000         0.0000      3054.9915         0.0000        23.2039        -0.0001
    148.0791      1311.1606         0.0134        96.7084         0.0000         0.0000         0.0000         0.0000      3017.2068         0.0000        23.3116        -0.0001
    148.0782      1309.7786         0.0137        96.6266         0.0000         0.0000         0.0000         0.0000      2801.3218         0.0000        23.2063        -0.0001
    148.0812      1309.0245         0.0138        96.6991         0.0000         0.0000         0.0000         0.0000      2941.9497         0.0000        23.2663        -0.0001
    148.0797      1307.6553         0.0140        96.5987         0.0000         0.0000         0.0000         0.0000      2896.0208         0.0000        23.1442        -0.0001
    148.0806      1308.3995         0.0138        96.6248         0.0000         0.0000         0.0000         0.0000      2789.9629         0.0000        23.2176        -0.0001
    148.0806      1307.1765         0.0139        96.5590         0.0000         0.0000         0.0000         0.0000      2858.3315         0.0000        23.1361        -0.0001
    148.0818      1309.6666         0.0136        96.5787         0.0000         0.0000         0.0000         0.0000      2836.0500         0.0000        23.1354        -0.0001
    148.0782      1308.8466         0.0121        96.5911         0.0000         0.0000         0.0000         0.0000      2682.1836         0.0000        23.1812        -0.0001
    148.0797      1310.0245         0.0122        96.6193         0.0000         0.0000         0.0000         0.0000      2769.1018         0.0000        23.1915        -0.0001
    148.0847      1311.4370         0.0127        96.6304         0.0000         0.0000         0.0000         0.0000      2835.3242         0.0000        23.2097        -0.0001
    148.0907      1311.4189         0.0131        96.6156         0.0000         0.0000         0.0000         0.0000      2567.2656         0.0000        23.1832        -0.0001
    148.0915      1312.1942         0.0134        96.6660         0.0000         0.0000         0.0000         0.0000      2788.5452         0.0000        23.2098        -0.0001
    148.0925      1311.4110         0.0137        96.7050         0.0000         0.0000         0.0000         0.0000      2923.3596         0.0000        23.2012        -0.0001
    148.0872      1310.1014         0.0134        96.8098         0.0000         0.0000         0.0000         0.0000      2600.6116         0.0000        23.2382        -0.0001
    148.0920      1310.8384         0.0135        96.8711         0.0000         0.0000         0.0000         0.0000      3150.5293         0.0000        23.2522        -0.0001
    148.0904      1310.5394         0.0136        96.8645         0.0000         0.0000         0.0000         0.0000      2871.7339         0.0000        23.2522        -0.0001
    148.0902      1309.5718         0.0135        96.9078         0.0000         0.0000         0.0000         0.0000      2965.4495         0.0000        23.2271        -0.0001
    148.0934      1310.6603         0.0134        96.8897         0.0000         0.0000         0.0000         0.0000      3029.3113         0.0000        23.2240        -0.0001
    148.0918      1310.5007         0.0137        96.8519         0.0000         0.0000         0.0000         0.0000      3252.0098         0.0000        23.1762        -0.0001
    148.0951      1310.1383         0.0140        97.0028         0.0000         0.0000         0.0000         0.0000      3001.5964         0.0000        23.2167        -0.0001
    148.0920      1309.7675         0.0141        97.0389         0.0000         0.0000         0.0000         0.0000      3014.9282         0.0000        23.2137        -0.0001
    148.0891      1307.0350         0.0145        97.0613         0.0000         0.0000         0.0000         0.0000      2967.0049         0.0000        23.2386        -0.0001
    148.0907      1305.9115         0.0144        97.1596         0.0000         0.0000         0.0000         0.0000      3153.8379         0.0000        23.2981        -0.0001
    148.0901      1305.6584         0.0143        97.0446         0.0000         0.0000         0.0000         0.0000      2792.0938         0.0000        23.2367        -0.0001
    148.0877      1303.9855         0.0140        97.1122         0.0000         0.0000         0.0000         0.0000      2807.2427         0.0000        23.2913        -0.0001
    148.0864      1304.9564         0.0142        97.1226         0.0000         0.0000         0.0000         0.0000      2850.2119         0.0000        23.3035        -0.0001
    148.0841      1304.4910         0.0150        97.2054         0.0000         0.0000         0.0000         0.0000      2673.8782         0.0000        23.3347        -0.0001
    148.0842      1304.9485         0.0144        97.2491         0.0000         0.0000         0.0000         0.0000      2524.3411         0.0000        23.3654        -0.0001
    148.0852      1303.3450         0.0142        97.2197         0.0000         0.0000         0.0000         0.0000      2723.3081         0.0000        23.3243        -0.0001
    148.0915      1305.2488         0.0143        97.2656         0.0000         0.0000         0.0000         0.0000      2680.1602         0.0000        23.3196        -0.0001
    148.0924      1304.9448         0.0146        97.2408         0.0000         0.0000         0.0000         0.0000      2991.8799         0.0000        23.3045        -0.0001
    148.0874      1305.2063         0.0143        97.3009         0.0000         0.0000         0.0000         0.0000      2846.0403         0.0000        23.3406        -0.0001
    148.0908      1305.8647         0.0146        97.3041         0.0000         0.0000         0.0000         0.0000      2972.8933         0.0000        23.2965        -0.0001
    148.0899      1306.4026         0.0143        97.3527         0.0000         0.0000         0.0000         0.0000      3027.8979         0.0000        23.2556        -0.0001
    148.0932      1306.5428         0.0146        97.4835         0.0000         0.0000         0.0000         0.0000      2734.7229         0.0000        23.3512        -0.0001
    148.0915      1306.6005         0.0125        97.5182         0.0000         0.0000         0.0000         0.0000      2828.6062         0.0000        23.3824        -0.0001
    148.0909      1306.0879         0.0142        97.4468         0.0000         0.0000         0.0000         0.0000      2682.5679         0.0000        23.3312        -0.0001
    148.0943      1306.8810         0.0148        97.4777         0.0000         0.0000         0.0000         0.0000      2802.2344         0.0000        23.3784        -0.0001
    148.0925      1306.0270         0.0148        97.5249         0.0000         0.0000         0.0000         0.0000      2807.5703         0.0000        23.3731        -0.0001
    148.0964      1305.6021         0.0145        97.5574         0.0000         0.0000         0.0000         0.0000      2593.7129         0.0000        23.3883        -0.0001
    148.0901      1306.2302         0.0125        97.5365         0.0000         0.0000         0.0000         0.0000      2481.8179         0.0000        23.3710        -0.0001
    148.0933      1306.0868         0.0128        97.6214         0.0000         0.0000         0.0000         0.0000      2764.5432         0.0000        23.4228        -0.0001
    148.1000      1305.8726         0.0145        97.6589         0.0000         0.0000         0.0000         0.0000      2674.5383         0.0000        23.4212        -0.0001
    148.0955      1304.6666         0.0144        97.6138         0.0000         0.0000         0.0000         0.0000      2792.1235         0.0000        23.4345        -0.0001
    148.1001      1305.2271         0.0142        97.6968         0.0000         0.0000         0.0000         0.0000      3052.4751         0.0000        23.4502        -0.0001
    148.0968      1305.4889         0.0141        97.7028         0.0000         0.0000         0.0000         0.0000      2767.9575         0.0000        23.4427        -0.0001
    148.0955      1303.7299         0.0122        97.7681         0.0000         0.0000         0.0000         0.0000      2891.5630         0.0000        23.4930        -0.0001
    148.0964      1302.6449         0.0141        97.6837         0.0000         0.0000         0.0000         0.0000      2776.6101         0.0000        23.4197        -0.0001
    148.0948      1301.9807         0.0143        97.7748         0.0000         0.0000         0.0000         0.0000      2903.9971         0.0000        23.4905        -0.0001
    148.0935      1301.8209         0.0139        97.7503         0.0000         0.0000         0.0000         0.0000      2806.7329         0.0000        23.4317        -0.0001
    148.0893      1302.8500         0.0144        97.8436         0.0000         0.0000         0.0000         0.0000      2565.4956         0.0000        23.4981        -0.0001
    148.0877      1302.3663         0.0121        97.8341         0.0000         0.0000         0.0000         0.0000      2786.9189         0.0000        23.4763        -0.0001
    148.0925      1302.8383         0.0139        97.8403         0.0000         0.0000         0.0000         0.0000      2809.0459         0.0000        23.4860        -0.0001
    148.0871      1302.2297         0.0142        97.8341         0.0000         0.0000         0.0000         0.0000      2591.4443         0.0000        23.4372        -0.0001
    148.0932      1301.6519         0.0126        97.9026         0.0000         0.0000         0.0000         0.0000      2466.0920         0.0000        23.5088        -0.0001
    148.0926      1301.7135         0.0142        97.8649         0.0000         0.0000         0.0000         0.0000      2653.4241         0.0000        23.4258        -0.0001
    148.0910      1301.1005         0.0146        97.9152         0.0000         0.0000         0.0000         0.0000      2563.5950         0.0000        23.4674        -0.0001
    148.0881      1301.1404         0.0145        97.8878         0.0000         0.0000         0.0000         0.0000      2698.4648         0.0000        23.3945        -0.0001
    148.0881      1300.4949         0.0147        97.9689         0.0000         0.0000         0.0000         0.0000      2534.2222         0.0000        23.4417        -0.0001
    148.0854      1299.4661         0.0127        97.9631         0.0000         0.0000         0.0000         0.0000      2653.9622         0.0000        23.3748        -0.0001
    148.0897      1299.0331         0.0140        98.0059         0.0000         0.0000         0.0000         0.0000      2572.3145         0.0000        23.4173        -0.0001
    148.0906      1299.7413         0.0136        97.9588         0.0000         0.0000         0.0000         0.0000      2683.2842         0.0000        23.3569        -0.0001
    148.0836      1299.9009         0.0117        97.9796         0.0000         0.0000         0.0000         0.0000      2707.3560         0.0000        23.3464        -0.0001
    148.0894      1299.3579         0.0127        98.0178         0.0000         0.0000         0.0000         0.0000      2492.7329         0.0000        23.3619        -0.0001
    148.0882      1299.9830         0.0129        98.0031         0.0000         0.0000         0.0000         0.0000      2611.6162         0.0000        23.3549        -0.0001
    148.0929      1299.5555         0.0116        97.9807         0.0000         0.0000         0.0000         0.0000      2502.2903         0.0000        23.3368        -0.0001
    148.0902      1299.7607         0.0132        97.9938         0.0000         0.0000         0.0000         0.0000      2542.5115         0.0000        23.4016        -0.0001
    148.0954      1298.7379         0.0133        97.8977         0.0000         0.0000         0.0000         0.0000      2687.1235         0.0000        23.2905        -0.0001
    148.0926      1297.8619         0.0130        97.9200         0.0000         0.0000         0.0000         0.0000      2562.2874         0.0000        23.3320        -0.0001
    148.0922      1298.3284         0.0132        97.9309         0.0000         0.0000         0.0000         0.0000      3070.0044         0.0000        23.2823        -0.0001
    148.0888      1298.0803         0.0132        98.0551         0.0000         0.0000         0.0000         0.0000      2791.2622         0.0000        23.3256        -0.0001
    148.0911      1297.6190         0.0138        98.1093         0.0000         0.0000         0.0000         0.0000      2669.9785         0.0000        23.3371        -0.0001
    148.0908      1298.1827         0.0139        98.1736         0.0000         0.0000         0.0000         0.0000      2537.0845         0.0000        23.3883        -0.0001
    148.0939      1298.8635         0.0137        98.2046         0.0000         0.0000         0.0000         0.0000      2464.5767         0.0000        23.3936        -0.0001
    148.0918      1297.7131         0.0137        98.1194         0.0000         0.0000         0.0000         0.0000      2721.3025         0.0000        23.3216        -0.0001
    148.0939      1297.8680         0.0141        98.2097         0.0000         0.0000         0.0000         0.0000      2754.8530         0.0000        23.4050        -0.0001
    148.0910      1296.9718         0.0137        98.1259         0.0000         0.0000         0.0000         0.0000      2714.4141         0.0000        23.3500        -0.0001
    148.0926      1297.5426         0.0138        98.1664         0.0000         0.0000         0.0000         0.0000      2483.1858         0.0000        23.3931        -0.0001
    148.0919      1297.5400         0.0136        98.1387         0.0000         0.0000         0.0000         0.0000      2740.0054         0.0000        23.3688        -0.0001
    148.0891      1297.0612         0.0141        98.2261         0.0000         0.0000         0.0000         0.0000      2791.9946         0.0000        23.4432        -0.0001
    148.0893      1298.6016         0.0139        98.2315         0.0000         0.0000         0.0000         0.0000      2669.4639         0.0000        23.4354        -0.0001
    148.0850      1297.6901         0.0140        98.2722         0.0000         0.0000         0.0000         0.0000      2670.6816         0.0000        23.4611        -0.0001
    148.0888      1297.1802         0.0133        98.2847         0.0000         0.0000         0.0000         0.0000      2549.4448         0.0000        23.4776        -0.0001
    148.0862      1296.0762         0.0137        98.3170         0.0000         0.0000         0.0000         0.0000      2609.2759         0.0000        23.4607        -0.0001
    148.0853      1294.2373         0.0135        98.3528         0.0000         0.0000         0.0000         0.0000      2757.0596         0.0000        23.5082        -0.0001
    148.0852      1293.2897         0.0136        98.3822         0.0000         0.0000         0.0000         0.0000      2748.2034         0.0000        23.5221        -0.0001
    148.0838      1291.8687         0.0134        98.3514         0.0000         0.0000         0.0000         0.0000      2795.0317         0.0000        23.4890        -0.0001
    148.0853      1292.0096         0.0131        98.3678         0.0000         0.0000         0.0000         0.0000      2598.6902         0.0000        23.4800        -0.0001
    148.0864      1292.7028         0.0134        98.4644         0.0000         0.0000         0.0000         0.0000      2764.7944         0.0000        23.5614        -0.0001
    148.0879      1291.8401         0.0141        98.4213         0.0000         0.0000         0.0000         0.0000      3254.7837         0.0000        23.5341        -0.0001
    148.0906      1292.0739         0.0136        98.4261         0.0000         0.0000         0.0000         0.0000      2570.3953         0.0000        23.5555        -0.0001
    148.0873      1292.3430         0.0134        98.3869         0.0000         0.0000         0.0000         0.0000      2711.7451         0.0000        23.4822        -0.0001
    148.0900      1292.0525         0.0134        98.3909         0.0000         0.0000         0.0000         0.0000      2718.2483         0.0000        23.4836        -0.0001
    148.0870      1290.8260         0.0131        98.3336         0.0000         0.0000         0.0000         0.0000      3038.9512         0.0000        23.4404        -0.0001
    148.0900      1290.4395         0.0133        98.3475         0.0000         0.0000         0.0000         0.0000      2559.6863         0.0000        23.4380        -0.0001
    148.0899      1289.5673         0.0133        98.3210         0.0000         0.0000         0.0000         0.0000      2837.0264         0.0000        23.4029        -0.0001
    148.0913      1289.2361         0.0131        98.4019         0.0000         0.0000         0.0000         0.0000      2699.2085         0.0000        23.4785        -0.0001
    148.0924      1289.0531         0.0130        98.3614         0.0000         0.0000         0.0000         0.0000      2692.1831         0.0000        23.4864        -0.0001
    148.0926      1290.9198         0.0131        98.3702         0.0000         0.0000         0.0000         0.0000      2982.6431         0.0000        23.5402        -0.0001
    148.0932      1289.6858         0.0135        98.3538         0.0000         0.0000         0.0000         0.0000      2848.3230         0.0000        23.5074        -0.0001
    148.0941      1291.3259         0.0133        98.4202         0.0000         0.0000         0.0000         0.0000      2553.7278         0.0000        23.5411        -0.0001
    148.0927      1289.0591         0.0130        98.3304         0.0000         0.0000         0.0000         0.0000      2678.8259         0.0000        23.5112        -0.0001
    148.0941      1288.8678         0.0128        98.3066         0.0000         0.0000         0.0000         0.0000      2626.1548         0.0000        23.4531        -0.0001
    148.0937      1288.7958         0.0127        98.3982         0.0000         0.0000         0.0000         0.0000      2662.2920         0.0000        23.5260        -0.0001
    148.0903      1289.8375         0.0122        98.3952         0.0000         0.0000         0.0000         0.0000      2553.7056         0.0000        23.5020        -0.0001
    148.0933      1290.0209         0.0121        98.3492         0.0000         0.0000         0.0000         0.0000      2571.0598         0.0000        23.4450        -0.0001
    148.0925      1289.6768         0.0125        98.4029         0.0000         0.0000         0.0000         0.0000      2637.9116         0.0000        23.4609        -0.0001
    148.0883      1287.9332         0.0128        98.3945         0.0000         0.0000         0.0000         0.0000      2705.8816         0.0000        23.4649        -0.0001
    148.0910      1287.8545         0.0127        98.4716         0.0000         0.0000         0.0000         0.0000      2469.5811         0.0000        23.5573        -0.0001
    148.0904      1287.4159         0.0129        98.4276         0.0000         0.0000         0.0000         0.0000      3038.2290         0.0000        23.4708        -0.0001
    148.0878      1286.6702         0.0119        98.4204         0.0000         0.0000         0.0000         0.0000      2516.6013         0.0000        23.5042        -0.0001
    148.0912      1286.2076         0.0123        98.4021         0.0000         0.0000         0.0000         0.0000      2848.3062         0.0000        23.4719        -0.0001
    148.0882      1286.2653         0.0127        98.4361         0.0000         0.0000         0.0000         0.0000      2625.8076         0.0000        23.5010        -0.0001
    148.0867      1287.8129         0.0124        98.4519         0.0000         0.0000         0.0000         0.0000      2458.7727         0.0000        23.4540        -0.0001
    148.0871      1286.5442         0.0126        98.5309         0.0000         0.0000         0.0000         0.0000      2754.0261         0.0000        23.5459        -0.0001
    148.0856      1287.2241         0.0121        98.5262         0.0000         0.0000         0.0000         0.0000      2451.4194         0.0000        23.5084        -0.0001
    148.0889      1286.9991         0.0123        98.5786         0.0000         0.0000         0.0000         0.0000      2609.9417         0.0000        23.6121        -0.0001
    148.0889      1286.3705         0.0109        98.4611         0.0000         0.0000         0.0000         0.0000      2570.6426         0.0000        23.4804        -0.0001
    148.0894      1286.2223         0.0120        98.5349         0.0000         0.0000         0.0000         0.0000      2552.3879         0.0000        23.5757        -0.0001
    148.0971      1287.8833         0.0119        98.4460         0.0000         0.0000         0.0000         0.0000      2621.2185         0.0000        23.4956        -0.0001
    148.0915      1287.3406         0.0119        98.5644         0.0000         0.0000         0.0000         0.0000      2433.3516         0.0000        23.5550        -0.0001
    148.0927      1288.0492         0.0119        98.5276         0.0000         0.0000         0.0000         0.0000      2840.4624         0.0000        23.4544        -0.0001
    148.0939      1288.0717         0.0119        98.6436         0.0000         0.0000         0.0000         0.0000      2467.1318         0.0000        23.5878        -0.0001
    148.0911      1287.9944         0.0119        98.6221         0.0000         0.0000         0.0000         0.0000      2532.7078         0.0000        23.4906        -0.0001
    148.0893      1287.7091         0.0119        98.6956         0.0000         0.0000         0.0000         0.0000      2578.2629         0.0000        23.5929        -0.0001
    148.0920      1288.6633         0.0114        98.6396         0.0000         0.0000         0.0000         0.0000      2620.4072         0.0000        23.5421        -0.0001
    148.0900      1287.1815         0.0117        98.6973         0.0000         0.0000         0.0000         0.0000      2422.8584         0.0000        23.6044        -0.0001
    148.0925      1287.8500         0.0112        98.6340         0.0000         0.0000         0.0000         0.0000      2492.1675         0.0000        23.4972        -0.0001
    148.0906      1287.8251         0.0113        98.6616         0.0000         0.0000         0.0000         0.0000      2391.3503         0.0000        23.5601        -0.0001
    148.0913      1289.9923         0.0116        98.5781         0.0000         0.0000         0.0000         0.0000      2599.9426         0.0000        23.4726        -0.0001
    148.0905      1289.4757         0.0118        98.6251         0.0000         0.0000         0.0000         0.0000      2284.7336         0.0000        23.5312        -0.0001
    148.0948      1289.9529         0.0118        98.5778         0.0000         0.0000         0.0000         0.0000      2402.1440         0.0000        23.4688        -0.0001
    148.0990      1291.4579         0.0111        98.5430         0.0000         0.0000         0.0000         0.0000      2363.0325         0.0000        23.4656        -0.0001
    148.0982      1290.8489         0.0110        98.5480         0.0000         0.0000         0.0000         0.0000      2401.2266         0.0000        23.4020        -0.0001
    148.0962      1290.1798         0.0113        98.5275         0.0000         0.0000         0.0000         0.0000      2454.1819         0.0000        23.3754        -0.0001
    148.0928      1289.7389         0.0118        98.5942         0.0000         0.0000         0.0000         0.0000      2383.8220         0.0000        23.4351        -0.0001
    148.0915      1288.2501         0.0112        98.5490         0.0000         0.0000         0.0000         0.0000      2470.9727         0.0000        23.3869        -0.0001
    148.0953      1289.0948         0.0109        98.5445         0.0000         0.0000         0.0000         0.0000      2335.7607         0.0000        23.3339        -0.0001
    148.0976      1289.6184         0.0096        98.5444         0.0000         0.0000         0.0000         0.0000      2571.5923         0.0000        23.3029        -0.0001
    148.0947      1288.5352         0.0112        98.5039         0.0000         0.0000         0.0000         0.0000      2573.9717         0.0000        23.2846        -0.0001
    148.0949      1289.6888         0.0113        98.4955         0.0000         0.0000         0.0000         0.0000      2456.7947         0.0000        23.2997        -0.0001
    148.0970      1289.5311         0.0115        98.5711         0.0000         0.0000         0.0000         0.0000      2442.8103         0.0000        23.3427        -0.0001
    148.0953      1287.6075         0.0109        98.5361         0.0000         0.0000         0.0000         0.0000      2501.5269         0.0000        23.2972        -0.0001
    148.0901      1288.5255         0.0106        98.6378         0.0000         0.0000         0.0000         0.0000      2506.1562         0.0000        23.3396        -0.0001
    148.0885      1287.3763         0.0102        98.5692         0.0000         0.0000         0.0000         0.0000      2326.2158         0.0000        23.2731        -0.0001
    148.0917      1289.5966         0.0104        98.6101         0.0000         0.0000         0.0000         0.0000      2540.8542         0.0000        23.2763        -0.0001
    148.0939      1289.4594         0.0111        98.6445         0.0000         0.0000         0.0000         0.0000      2558.3127         0.0000        23.3037        -0.0001
    148.0912      1290.4973         0.0111        98.5970         0.0000         0.0000         0.0000         0.0000      2493.0557         0.0000        23.3176        -0.0001
    148.0932      1288.5074         0.0112        98.5757         0.0000         0.0000         0.0000         0.0000      2528.6021         0.0000        23.2865        -0.0001
    148.0930      1288.2159         0.0118        98.4878         0.0000         0.0000         0.0000         0.0000      2604.6509         0.0000        23.2487        -0.0001
    148.0904      1286.5229         0.0105        98.5114         0.0000         0.0000         0.0000         0.0000      2496.3833         0.0000        23.1920        -0.0001
    148.0919      1286.2061         0.0117        98.4804         0.0000         0.0000         0.0000         0.0000      2504.4324         0.0000        23.1843        -0.0001
    148.0926      1286.5139         0.0114        98.5083         0.0000         0.0000         0.0000         0.0000      2439.9531         0.0000        23.1899        -0.0001
    148.0926      1286.1208         0.0118        98.4892         0.0000         0.0000         0.0000         0.0000      2460.8943         0.0000        23.1993        -0.0001
    148.0877      1285.2296         0.0118        98.4339         0.0000         0.0000         0.0000         0.0000      2527.5901         0.0000        23.1182        -0.0001
    148.0877      1284.1024         0.0121        98.4947         0.0000         0.0000         0.0000         0.0000      2657.1816         0.0000        23.1691        -0.0001
    148.0836      1283.5352         0.0120        98.4693         0.0000         0.0000         0.0000         0.0000      2514.3735         0.0000        23.1794        -0.0001
    148.0865      1285.0249         0.0121        98.5642         0.0000         0.0000         0.0000         0.0000      3099.6042         0.0000        23.1917        -0.0001
    148.0850      1286.2518         0.0118        98.5034         0.0000         0.0000         0.0000         0.0000      2650.9326         0.0000        23.0956        -0.0001
    148.0841      1284.5559         0.0114        98.5592         0.0000         0.0000         0.0000         0.0000      2627.8179         0.0000        23.1298        -0.0001
    148.0820      1285.8252         0.0121        98.5683         0.0000         0.0000         0.0000         0.0000      2617.3042         0.0000        23.1386        -0.0001
    148.0805      1285.3712         0.0124        98.6450         0.0000         0.0000         0.0000         0.0000      2419.0581         0.0000        23.1627        -0.0001
    148.0841      1286.3053         0.0122        98.6710         0.0000         0.0000         0.0000         0.0000      2524.5620         0.0000        23.1505        -0.0001
    148.0849      1284.6816         0.0122        98.6340         0.0000         0.0000         0.0000         0.0000      2553.6860         0.0000        23.1036        -0.0001
    148.0802      1284.9653         0.0121        98.5445         0.0000         0.0000         0.0000         0.0000      2507.6917         0.0000        23.0538        -0.0001
    148.0840      1285.4291         0.0120        98.6096         0.0000         0.0000         0.0000         0.0000      2394.5225         0.0000        23.0852        -0.0001
    148.0847      1283.8754         0.0122        98.5858         0.0000         0.0000         0.0000         0.0000      2550.9758         0.0000        23.0509        -0.0001
    148.0885      1284.8358         0.0122        98.6675         0.0000         0.0000         0.0000         0.0000      2647.7554         0.0000        23.1406        -0.0001
    148.0847      1284.3147         0.0123        98.6064         0.0000         0.0000         0.0000         0.0000      2509.7446         0.0000        23.0830        -0.0001
    148.0806      1283.6136         0.0129        98.6637         0.0000         0.0000         0.0000         0.0000      2553.4788         0.0000        23.1375        -0.0001
    148.0815      1284.2032         0.0131        98.5783         0.0000         0.0000         0.0000         0.0000      2552.4761         0.0000        23.0653        -0.0001
    148.0820      1285.3176         0.0129        98.7318         0.0000         0.0000         0.0000         0.0000      2499.5103         0.0000        23.1568        -0.0001
    148.0786      1284.2148         0.0131        98.6580         0.0000         0.0000         0.0000         0.0000      2503.2974         0.0000        23.0776        -0.0001
    148.0810      1284.1832         0.0128        98.7247         0.0000         0.0000         0.0000         0.0000      2400.2786         0.0000        23.1247        -0.0001
    148.0806      1283.8955         0.0127        98.6282         0.0000         0.0000         0.0000         0.0000      2667.9741         0.0000        23.0252        -0.0001
    148.0800      1284.1176         0.0126        98.6758         0.0000         0.0000         0.0000         0.0000      2544.6331         0.0000        23.0311        -0.0001
    148.0820      1284.0835         0.0130        98.6910         0.0000         0.0000         0.0000         0.0000      2317.0381         0.0000        23.0324        -0.0001
    148.0863      1284.2423         0.0122        98.7053         0.0000         0.0000         0.0000         0.0000      2580.3491         0.0000        23.0255        -0.0001
    148.0884      1283.4114         0.0121        98.7203         0.0000         0.0000         0.0000         0.0000      2637.4050         0.0000        23.0134        -0.0001
    148.0812      1283.2109         0.0133        98.7221         0.0000         0.0000         0.0000         0.0000      2628.6130         0.0000        23.0047        -0.0001
    148.0840      1283.4191         0.0132        98.8428         0.0000         0.0000         0.0000         0.0000      2658.5688         0.0000        23.0298        -0.0001
    148.0836      1283.4690         0.0132        98.7875         0.0000         0.0000         0.0000         0.0000      2413.7014         0.0000        23.0127        -0.0001
    148.0799      1283.9683         0.0131        98.8093         0.0000         0.0000         0.0000         0.0000      2475.4934         0.0000        23.0419        -0.0001
    148.0822      1283.0901         0.0130        98.8556         0.0000         0.0000         0.0000         0.0000      2463.3894         0.0000        23.0528        -0.0001
    148.0831      1282.7333         0.0134        98.8420         0.0000         0.0000         0.0000         0.0000      2404.5208         0.0000        23.0067        -0.0001
    148.0863      1284.8745         0.0130        98.8918         0.0000         0.0000         0.0000         0.0000      2279.5725         0.0000        23.0281        -0.0001
    148.0836      1283.8516         0.0134        98.8715         0.0000         0.0000         0.0000         0.0000      2696.1299         0.0000        23.0168        -0.0001
    148.0859      1285.1545         0.0134        98.9097         0.0000         0.0000         0.0000         0.0000      2549.4680         0.0000        23.0300        -0.0001
    148.0820      1284.3917         0.0136        98.8043         0.0000         0.0000         0.0000         0.0000      2733.5298         0.0000        22.9661        -0.0001
    148.0770      1284.6981         0.0142        98.9275         0.0000         0.0000         0.0000         0.0000      2322.9460         0.0000        23.0401        -0.0001
    148.0831      1284.0088         0.0138        98.8650         0.0000         0.0000         0.0000         0.0000      2532.6174         0.0000        22.9635        -0.0001
    148.0792      1283.5763         0.0138        98.9698         0.0000         0.0000         0.0000         0.0000      2489.6021         0.0000        23.0277        -0.0001
    148.0781      1282.2302         0.0139        98.9708         0.0000         0.0000         0.0000         0.0000      2503.7771         0.0000        22.9979        -0.0001
    148.0820      1284.2455         0.0139        98.9049         0.0000         0.0000         0.0000         0.0000      2490.5764         0.0000        22.9553        -0.0001
    148.0826      1283.9424         0.0141        98.9940         0.0000         0.0000         0.0000         0.0000      2474.5242         0.0000        22.9656        -0.0001
    148.0798      1284.6859         0.0139        98.9550         0.0000         0.0000         0.0000         0.0000      2255.5845         0.0000        22.9355        -0.0001
    148.0823      1285.7350         0.0137        98.9824         0.0000         0.0000         0.0000         0.0000      2491.9470         0.0000        22.9135        -0.0001
    148.0824      1284.7935         0.0136        99.0593         0.0000         0.0000         0.0000         0.0000      2565.1899         0.0000        22.9444        -0.0001
    148.0820      1285.0210         0.0134        99.0894         0.0000         0.0000         0.0000         0.0000      2579.8987         0.0000        22.9609        -0.0001
    148.0823      1286.4166         0.0130        99.1015         0.0000         0.0000         0.0000         0.0000      2252.8721         0.0000        22.9658        -0.0001
    148.0845      1287.6183         0.0134        99.1244         0.0000         0.0000         0.0000         0.0000      2358.8169         0.0000        22.9886        -0.0001
    148.0842      1288.1986         0.0130        99.0642         0.0000         0.0000         0.0000         0.0000      2447.8347         0.0000        22.9051        -0.0001
    148.0857      1287.1575         0.0130        99.0936         0.0000         0.0000         0.0000         0.0000      2831.2600         0.0000        22.9164        -0.0001
    148.0814      1286.2791         0.0128        99.0420         0.0000         0.0000         0.0000         0.0000      2649.6189         0.0000        22.8849        -0.0001
    148.0839      1285.1136         0.0131        99.0848         0.0000         0.0000         0.0000         0.0000      2495.5994         0.0000        22.9305        -0.0001
    148.0860      1284.8652         0.0130        99.1385         0.0000         0.0000         0.0000         0.0000      2518.7881         0.0000        22.9658        -0.0001
    148.0848      1285.0679         0.0130        99.1211         0.0000         0.0000         0.0000         0.0000      2418.4775         0.0000        22.9768        -0.0001
    148.0864      1285.6624         0.0128        99.0598         0.0000         0.0000         0.0000         0.0000      2426.7534         0.0000        22.8862        -0.0001
    148.0850      1285.0232         0.0133        99.1065         0.0000         0.0000         0.0000         0.0000      2404.2996         0.0000        22.8785        -0.0001
    148.0846      1285.8721         0.0129        99.0581         0.0000         0.0000         0.0000         0.0000      2674.1980         0.0000        22.8292        -0.0001
    148.0891      1283.8955         0.0131        99.2271         0.0000         0.0000         0.0000         0.0000      2441.8162         0.0000        22.9454        -0.0001
    148.0840      1284.5780         0.0130        99.1662         0.0000         0.0000         0.0000         0.0000      2693.7109         0.0000        22.8619        -0.0001
    148.0860      1283.2811         0.0134        99.2943         0.0000         0.0000         0.0000         0.0000      2389.7329         0.0000        22.9450        -0.0001
    148.0851      1285.0979         0.0134        99.2710         0.0000         0.0000         0.0000         0.0000      2416.3015         0.0000        22.9001        -0.0001
    148.0824      1282.8536         0.0136        99.2672         0.0000         0.0000         0.0000         0.0000      2395.1621         0.0000        22.9011        -0.0001
    148.0906      1283.3387         0.0138        99.2418         0.0000         0.0000         0.0000         0.0000      2664.6619         0.0000        22.8810        -0.0001
    148.0860      1283.1006         0.0139        99.3252         0.0000         0.0000         0.0000         0.0000      2408.5051         0.0000        22.9478        -0.0001
    148.0894      1283.9092         0.0142        99.3097         0.0000         0.0000         0.0000         0.0000      2687.4565         0.0000        22.9030        -0.0001
    148.0874      1282.3672         0.0138        99.3353         0.0000         0.0000         0.0000         0.0000      2380.3882         0.0000        22.9268        -0.0001
    148.0873      1281.9719         0.0142        99.2491         0.0000         0.0000         0.0000         0.0000      2641.0229         0.0000        22.8628        -0.0001
    148.0849      1281.7169         0.0142        99.2770         0.0000         0.0000         0.0000         0.0000      2718.0369         0.0000        22.8606        -0.0001
    148.0868      1282.4659         0.0144        99.3065         0.0000         0.0000         0.0000         0.0000      2368.9590         0.0000        22.8615        -0.0001
    148.0835      1282.4169         0.0143        99.3401         0.0000         0.0000         0.0000         0.0000      2359.1262         0.0000        22.9286        -0.0001
    148.0845      1281.1014         0.0143        99.3031         0.0000         0.0000         0.0000         0.0000      2397.6963         0.0000        22.9032        -0.0001
    148.0843      1279.2350         0.0144        99.3727         0.0000         0.0000         0.0000         0.0000      2651.0015         0.0000        22.9587        -0.0001
    148.0843      1280.9540         0.0145        99.2975         0.0000         0.0000         0.0000         0.0000      2340.1602         0.0000        22.9113        -0.0001
    148.0874      1279.8445         0.0142        99.2661         0.0000         0.0000         0.0000         0.0000      2781.8359         0.0000        22.8564        -0.0001
    148.0853      1280.9387         0.0142        99.3413         0.0000         0.0000         0.0000         0.0000      2329.3750         0.0000        22.8713        -0.0001
    148.0833      1278.9972         0.0141        99.2386         0.0000         0.0000         0.0000         0.0000      2480.4202         0.0000        22.8053        -0.0001
    148.0834      1279.8828         0.0147        99.3727         0.0000         0.0000         0.0000         0.0000      2523.2476         0.0000        22.8488        -0.0001
    148.0866      1279.9454         0.0144        99.3922         0.0000         0.0000         0.0000         0.0000      2578.7119         0.0000        22.8534        -0.0001
    148.0825      1281.2350         0.0147        99.3425         0.0000         0.0000         0.0000         0.0000      2474.0549         0.0000        22.7820        -0.0001
    148.0852      1281.2949         0.0144        99.3714         0.0000         0.0000         0.0000         0.0000      2530.9963         0.0000        22.8102        -0.0001
    148.0876      1281.1511         0.0146        99.5073         0.0000         0.0000         0.0000         0.0000      2652.2261         0.0000        22.8803        -0.0001
    148.0857      1279.6846         0.0147        99.4310         0.0000         0.0000         0.0000         0.0000      2405.9412         0.0000        22.8091        -0.0001
    148.0859      1279.6421         0.0148        99.5075         0.0000         0.0000         0.0000         0.0000      2547.4294         0.0000        22.8557        -0.0001
    148.0843      1280.2689         0.0145        99.4529         0.0000         0.0000         0.0000         0.0000      2563.9604         0.0000        22.8372        -0.0001
    148.0888      1281.0103         0.0142        99.5850         0.0000         0.0000         0.0000         0.0000      2657.8164         0.0000        22.9096        -0.0001
    148.0854      1280.0869         0.0144        99.4907         0.0000         0.0000         0.0000         0.0000      2551.8169         0.0000        22.8222        -0.0001
    148.0862      1281.7461         0.0142        99.5237         0.0000         0.0000         0.0000         0.0000      2739.8486         0.0000        22.8203        -0.0001
    148.0858      1281.3419         0.0140        99.4909         0.0000         0.0000         0.0000         0.0000      2575.6426         0.0000        22.8015        -0.0001
    148.0883      1282.2739         0.0140        99.4999         0.0000         0.0000         0.0000         0.0000      2432.5254         0.0000        22.7941        -0.0001
    148.0881      1283.7102         0.0136        99.4283         0.0000         0.0000         0.0000         0.0000      2680.7522         0.0000        22.7802        -0.0001
    148.0858      1283.7422         0.0134        99.4322         0.0000         0.0000         0.0000         0.0000      2443.8472         0.0000        22.7953        -0.0001
    148.0871      1284.5819         0.0137        99.4950         0.0000         0.0000         0.0000         0.0000      2432.3438         0.0000        22.8193        -0.0001
    148.0887      1283.6384         0.0134        99.4405         0.0000         0.0000         0.0000         0.0000      2501.6797         0.0000        22.7532        -0.0001
    148.0849      1283.3700         0.0133        99.5012         0.0000         0.0000         0.0000         0.0000      2499.3633         0.0000        22.7694        -0.0001
    148.0877      1283.3298         0.0132        99.5298         0.0000         0.0000         0.0000         0.0000      2262.8108         0.0000        22.7812        -0.0001
    148.0855      1282.6531         0.0136        99.4740         0.0000         0.0000         0.0000         0.0000      2542.1782         0.0000        22.7381        -0.0001
    148.0877      1282.8002         0.0135        99.5562         0.0000         0.0000         0.0000         0.0000      2438.9902         0.0000        22.8178        -0.0001
    148.0831      1282.9191         0.0133        99.4862         0.0000         0.0000         0.0000         0.0000      2423.9368         0.0000        22.7488        -0.0001
    148.0869      1281.2755         0.0129        99.5337         0.0000         0.0000         0.0000         0.0000      2410.8254         0.0000        22.7342        -0.0001
    148.0883      1282.1172         0.0126        99.5479         0.0000         0.0000         0.0000         0.0000      2559.3528         0.0000        22.7066        -0.0001
    148.0849      1280.8187         0.0125        99.4498         0.0000         0.0000         0.0000         0.0000      2400.4148         0.0000        22.6648        -0.0001
    148.0882      1281.1428         0.0126        99.5288         0.0000         0.0000         0.0000         0.0000      2163.8416         0.0000        22.6992        -0.0001
    148.0887      1281.4183         0.0125        99.4871         0.0000         0.0000         0.0000         0.0000      2272.8916         0.0000        22.6827        -0.0001
    148.0907      1281.4541         0.0124        99.5992         0.0000         0.0000         0.0000         0.0000      2523.6763         0.0000        22.7082        -0.0001
    148.0905      1281.8064         0.0125        99.5992         0.0000         0.0000         0.0000         0.0000      2402.2166         0.0000        22.7484        -0.0001
    148.0847      1281.6667         0.0125        99.5663         0.0000         0.0000         0.0000         0.0000      2325.3586         0.0000        22.6787        -0.0001
    148.0876      1279.5632         0.0125        99.6338         0.0000         0.0000         0.0000         0.0000      2425.6460         0.0000        22.7222        -0.0001
    148.0915      1280.4099         0.0125        99.5299         0.0000         0.0000         0.0000         0.0000      2624.1313         0.0000        22.6338        -0.0001
    148.0921      1281.0023         0.0124        99.5825         0.0000         0.0000         0.0000         0.0000      2381.7437         0.0000        22.6660        -0.0001
    148.0924      1281.0300         0.0127        99.5650         0.0000         0.0000         0.0000         0.0000      2700.5547         0.0000        22.6508        -0.0001
    148.0936      1280.8110         0.0125        99.4883         0.0000         0.0000         0.0000         0.0000      2571.0339         0.0000        22.6223        -0.0001
    148.0896      1280.4899         0.0128        99.5250         0.0000         0.0000         0.0000         0.0000      2457.4929         0.0000        22.6445        -0.0001
    148.0889      1280.1440         0.0133        99.5205         0.0000         0.0000         0.0000         0.0000      2619.6074         0.0000        22.6446        -0.0001
    148.0898      1280.5482         0.0128        99.5675         0.0000         0.0000         0.0000         0.0000      2444.5483         0.0000        22.6742        -0.0001
    148.0893      1281.6993         0.0124        99.5455         0.0000         0.0000         0.0000         0.0000      2486.5688         0.0000        22.6479        -0.0001
    148.0868      1280.9343         0.0126        99.6227         0.0000         0.0000         0.0000         0.0000      2272.7551         0.0000        22.7252        -0.0001
    148.0852      1280.6591         0.0124        99.5821         0.0000         0.0000         0.0000         0.0000      2652.1978         0.0000        22.6449        -0.0001
    148.0869      1279.8879         0.0124        99.6243         0.0000         0.0000         0.0000         0.0000      2319.6313         0.0000        22.7031        -0.0001
    148.0908      1278.5485         0.0123        99.5870         0.0000         0.0000         0.0000         0.0000      2459.8020         0.0000        22.6373        -0.0001
    148.0872      1277.6586         0.0124        99.6234         0.0000         0.0000         0.0000         0.0000      2265.4775         0.0000        22.6570        -0.0001
    148.0897      1277.9060         0.0124        99.5831         0.0000         0.0000         0.0000         0.0000      2455.6526         0.0000        22.6138        -0.0001
    148.0865      1277.7650         0.0124        99.5569         0.0000         0.0000         0.0000         0.0000      2552.4141         0.0000        22.6121        -0.0001
    148.0888      1276.3171         0.0129        99.6053         0.0000         0.0000         0.0000         0.0000      2349.2048         0.0000        22.5968        -0.0001
    148.0847      1275.1827         0.0129        99.5842         0.0000         0.0000         0.0000         0.0000      2264.8167         0.0000        22.6204        -0.0001
    148.0857      1275.5918         0.0134        99.6478         0.0000         0.0000         0.0000         0.0000      2531.1338         0.0000        22.6418        -0.0001
    148.0854      1276.0007         0.0133        99.6984         0.0000         0.0000         0.0000         0.0000      2303.1489         0.0000        22.6594        -0.0001
    148.0851      1276.4225         0.0138        99.7529         0.0000         0.0000         0.0000         0.0000      2295.8787         0.0000        22.6685        -0.0001
    148.0854      1275.6931         0.0135        99.7054         0.0000         0.0000         0.0000         0.0000      2525.4355         0.0000        22.5964        -0.0001
    148.0827      1276.0305         0.0137        99.7507         0.0000         0.0000         0.0000         0.0000      2212.8613         0.0000        22.6356        -0.0001
    148.0851      1275.9875         0.0131        99.7487         0.0000         0.0000         0.0000         0.0000      2326.6926         0.0000        22.5959        -0.0001
    148.0834      1274.7766         0.0131        99.7599         0.0000         0.0000         0.0000         0.0000      2548.0920         0.0000        22.5770        -0.0001
    148.0835      1274.8225         0.0130        99.8097         0.0000         0.0000         0.0000         0.0000      2411.5447         0.0000        22.5716        -0.0001
    148.0813      1274.7899         0.0126        99.7135         0.0000         0.0000         0.0000         0.0000      2324.4712         0.0000        22.4776        -0.0001
    148.0834      1274.5205         0.0127        99.7439         0.0000         0.0000         0.0000         0.0000      2353.7036         0.0000        22.4859        -0.0001
    148.0872      1274.9547         0.0127        99.6841         0.0000         0.0000         0.0000         0.0000      2380.6794         0.0000        22.4592        -0.0001
    148.0854      1274.5238         0.0120        99.7384         0.0000         0.0000         0.0000         0.0000      2327.5466         0.0000        22.5177        -0.0001
    148.0899      1276.4185         0.0120        99.7533         0.0000         0.0000         0.0000         0.0000      2418.4939         0.0000        22.5412        -0.0001
    148.0860      1276.1432         0.0116        99.7515         0.0000         0.0000         0.0000         0.0000      2227.3684         0.0000        22.5216        -0.0001
    148.0933      1276.1914         0.0110        99.7366         0.0000         0.0000         0.0000         0.0000      2475.7930         0.0000        22.4904        -0.0001
    148.0926      1274.8397         0.0111        99.8636         0.0000         0.0000         0.0000         0.0000      2536.8501         0.0000        22.5909        -0.0001
    148.0909      1274.4220         0.0117        99.8003         0.0000         0.0000         0.0000         0.0000      2613.3887         0.0000        22.5508        -0.0001
    148.0964      1275.5209         0.0114        99.8723         0.0000         0.0000         0.0000         0.0000      2486.5312         0.0000        22.5482        -0.0001
    148.0922      1274.7682         0.0114        99.8181         0.0000         0.0000         0.0000         0.0000      2309.5391         0.0000        22.5075        -0.0001
    148.0909      1275.1567         0.0119        99.8419         0.0000         0.0000         0.0000         0.0000      2619.4580         0.0000        22.5310        -0.0001
    148.0930      1274.7251         0.0117        99.8737         0.0000         0.0000         0.0000         0.0000      2364.6101         0.0000        22.5287        -0.0001
    148.0919      1273.8903         0.0118        99.8259         0.0000         0.0000         0.0000         0.0000      2343.9866         0.0000        22.4934        -0.0001
    148.0939      1273.3785         0.0118        99.9021         0.0000         0.0000         0.0000         0.0000      2505.5176         0.0000        22.5424        -0.0001
    148.0952      1274.1184         0.0116        99.9261         0.0000         0.0000         0.0000         0.0000      2430.3787         0.0000        22.5359        -0.0001
    148.0902      1272.5748         0.0117        99.9278         0.0000         0.0000         0.0000         0.0000      2461.3799         0.0000        22.4972        -0.0001
    148.0960      1274.0071         0.0119        99.9605         0.0000         0.0000         0.0000         0.0000      2374.3882         0.0000        22.5111        -0.0001
    148.0953      1274.4635         0.0114        99.9270         0.0000         0.0000         0.0000         0.0000      2294.4314         0.0000        22.5097        -0.0001
    148.0954      1274.1445         0.0111        99.9365         0.0000         0.0000         0.0000         0.0000      2533.8403         0.0000        22.4776        -0.0001
    148.0952      1272.6785         0.0118        99.9694         0.0000         0.0000         0.0000         0.0000      2390.4758         0.0000        22.5016        -0.0001
    148.0956      1272.1794         0.0119        99.9875         0.0000         0.0000         0.0000         0.0000      2299.4490         0.0000        22.5097        -0.0001
    148.0991      1271.9364         0.0118        99.9107         0.0000         0.0000         0.0000         0.0000      2318.1741         0.0000        22.4378        -0.0001
    148.0980      1272.6030         0.0118        99.9765         0.0000         0.0000         0.0000         0.0000      2263.6570         0.0000        22.5028        -0.0001
    148.1033      1273.3345         0.0115        99.8552         0.0000         0.0000         0.0000         0.0000      2332.7925         0.0000        22.4233        -0.0001
    148.1004      1273.5419         0.0115        99.9107         0.0000         0.0000         0.0000         0.0000      2429.6162         0.0000        22.4865        -0.0001
    148.0997      1272.9863         0.0115        99.9578         0.0000         0.0000         0.0000         0.0000      2464.6191         0.0000        22.4630        -0.0001
    148.1029      1270.9399         0.0116       100.0446         0.0000         0.0000         0.0000         0.0000      2892.8430         0.0000        22.5064        -0.0001
    148.1041      1271.9537         0.0115       100.0460         0.0000         0.0000         0.0000         0.0000      2492.8394         0.0000        22.4934        -0.0001
    148.1013      1271.2468         0.0116       100.0836         0.0000         0.0000         0.0000         0.0000      2548.9841         0.0000        22.5047        -0.0001
    148.0986      1272.0640         0.0121       100.0121         0.0000         0.0000         0.0000         0.0000      2773.9878         0.0000        22.4499        -0.0001
    148.1012      1271.1697         0.0121       100.1262         0.0000         0.0000         0.0000         0.0000      2461.0737         0.0000        22.5115        -0.0001
    148.0963      1270.6082         0.0122       100.0972         0.0000         0.0000         0.0000         0.0000      2434.1467         0.0000        22.5045        -0.0001
    148.0953      1269.7347         0.0119       100.0655         0.0000         0.0000         0.0000         0.0000      2372.4565         0.0000        22.4261        -0.0001
    148.1014      1269.5189         0.0118       100.1172         0.0000         0.0000         0.0000         0.0000      2235.8567         0.0000        22.4720        -0.0001
    148.1017      1269.9849         0.0115       100.0846         0.0000         0.0000         0.0000         0.0000      2511.7346         0.0000        22.4439        -0.0001
    148.1000      1269.0354         0.0119       100.1181         0.0000         0.0000         0.0000         0.0000      2332.8577         0.0000        22.4359        -0.0001
    148.1035      1269.6498         0.0116       100.0266         0.0000         0.0000         0.0000         0.0000      2708.9961         0.0000        22.3741        -0.0001
    148.1029      1268.3892         0.0121       100.1050         0.0000         0.0000         0.0000         0.0000      2308.2148         0.0000        22.4431        -0.0001
    148.1036      1269.2936         0.0118       100.1259         0.0000         0.0000         0.0000         0.0000      2552.4673         0.0000        22.4397        -0.0001
    148.1018      1269.7627         0.0120       100.1746         0.0000         0.0000         0.0000         0.0000      2441.9468         0.0000        22.4754        -0.0001
    148.0999      1269.4686         0.0120       100.1651         0.0000         0.0000         0.0000         0.0000      2488.2397         0.0000        22.4453        -0.0001
    148.1027      1267.9702         0.0119       100.2472         0.0000         0.0000         0.0000         0.0000      2344.5750         0.0000        22.5120        -0.0001
    148.1022      1268.3317         0.0120       100.2389         0.0000         0.0000         0.0000         0.0000      2326.1245         0.0000        22.4588        -0.0001
    148.1055      1267.8217         0.0120       100.2551         0.0000         0.0000         0.0000         0.0000      2483.3022         0.0000        22.4704        -0.0001
    148.1072      1267.4966         0.0119       100.2362         0.0000         0.0000         0.0000         0.0000      2699.1753         0.0000        22.4138        -0.0001
    148.1056      1266.8048         0.0120       100.2842         0.0000         0.0000         0.0000         0.0000      2390.8430         0.0000        22.4386        -0.0001
    148.1062      1268.1068         0.0119       100.2630         0.0000         0.0000         0.0000         0.0000      2771.7004         0.0000        22.3939        -0.0001
    148.1064      1267.8867         0.0119       100.3390         0.0000         0.0000         0.0000         0.0000      2334.7219         0.0000        22.4406        -0.0001
    148.1059      1268.6238         0.0119       100.2455         0.0000         0.0000         0.0000         0.0000      2207.8335         0.0000        22.3659        -0.0001
    148.1049      1267.1869         0.0121       100.3060         0.0000         0.0000         0.0000         0.0000      2481.7251         0.0000        22.4195        -0.0001
    148.1039      1266.8804         0.0120       100.2086         0.0000         0.0000         0.0000         0.0000      2437.8970         0.0000        22.3286        -0.0001
    148.1025      1264.6642         0.0119       100.2777         0.0000         0.0000         0.0000         0.0000      2749.3345         0.0000        22.4296        -0.0001
    148.1059      1266.0830         0.0117       100.2506         0.0000         0.0000         0.0000         0.0000      2587.4121         0.0000        22.4010        -0.0001
    148.1071      1266.0015         0.0120       100.2684         0.0000         0.0000         0.0000         0.0000      2467.7451         0.0000        22.4283        -0.0001
    148.1045      1266.1639         0.0115       100.3319         0.0000         0.0000         0.0000         0.0000      2333.9863         0.0000        22.4194        -0.0001
    148.1035      1264.2767         0.0128       100.3614         0.0000         0.0000         0.0000         0.0000      2379.2590         0.0000        22.4288        -0.0001
    148.1054      1263.8860         0.0127       100.4298         0.0000         0.0000         0.0000         0.0000      2371.5107         0.0000        22.4432        -0.0001
    148.1062      1264.3201         0.0122       100.4135         0.0000         0.0000         0.0000         0.0000      2479.9622         0.0000        22.4601        -0.0001
    148.1031      1263.9878         0.0125       100.4725         0.0000         0.0000         0.0000         0.0000      2492.2800         0.0000        22.4632        -0.0001
    148.1024      1264.2242         0.0120       100.3942         0.0000         0.0000         0.0000         0.0000      2450.2534         0.0000        22.4324        -0.0001
    148.1023      1263.7069         0.0124       100.3497         0.0000         0.0000         0.0000         0.0000      2307.7170         0.0000        22.4158        -0.0001
    148.1035      1264.4005         0.0119       100.3153         0.0000         0.0000         0.0000         0.0000      2262.5298         0.0000        22.4262        -0.0001
    148.1023      1263.5026         0.0125       100.3454         0.0000         0.0000         0.0000         0.0000      2388.5989         0.0000        22.4622        -0.0001
    148.1029      1263.9595         0.0125       100.3902         0.0000         0.0000         0.0000         0.0000      2418.1340         0.0000        22.4335        -0.0001
    148.1022      1263.2810         0.0129       100.4003         0.0000         0.0000         0.0000         0.0000      2664.1418         0.0000        22.4903        -0.0001
    148.1029      1263.4122         0.0125       100.3250         0.0000         0.0000         0.0000         0.0000      2238.5806         0.0000        22.4124        -0.0001
    148.1037      1263.2649         0.0126       100.3108         0.0000         0.0000         0.0000         0.0000      2579.9629         0.0000        22.4390        -0.0001
    148.0998      1263.2974         0.0117       100.3260         0.0000         0.0000         0.0000         0.0000      2328.8499         0.0000        22.3821        -0.0001
    148.1015      1263.5258         0.0126       100.4286         0.0000         0.0000         0.0000         0.0000      2245.5417         0.0000        22.4303        -0.0001
    148.1027      1265.7421         0.0128       100.4196         0.0000         0.0000         0.0000         0.0000      2384.1655         0.0000        22.3746        -0.0001
    148.1027      1265.0410         0.0128       100.5348         0.0000         0.0000         0.0000         0.0000      2304.6873         0.0000        22.4415        -0.0001
    148.1020      1266.3643         0.0128       100.5273         0.0000         0.0000         0.0000         0.0000      2410.3416         0.0000        22.4258        -0.0001
    148.1030      1263.6880         0.0126       100.5108         0.0000         0.0000         0.0000         0.0000      2160.1436         0.0000        22.4098        -0.0001
    148.0992      1266.3805         0.0132       100.6059         0.0000         0.0000         0.0000         0.0000      2329.8936         0.0000        22.4121        -0.0001
    148.0983      1265.3624         0.0129       100.6030         0.0000         0.0000         0.0000         0.0000      2245.0996         0.0000        22.4492        -0.0001
    148.0990      1265.7262         0.0128       100.5599         0.0000         0.0000         0.0000         0.0000      2277.9910         0.0000        22.3871        -0.0001
    148.1019      1266.2223         0.0129       100.6200         0.0000         0.0000         0.0000         0.0000      2477.2014         0.0000        22.4606        -0.0001
    148.1002      1266.0034         0.0130       100.6440         0.0000         0.0000         0.0000         0.0000      2592.4546         0.0000        22.4323        -0.0001
    148.0982      1265.8702         0.0120       100.6890         0.0000         0.0000         0.0000         0.0000      2541.5188         0.0000        22.4562        -0.0001
    148.0998      1264.9860         0.0115       100.6267         0.0000         0.0000         0.0000         0.0000      2363.7783         0.0000        22.4223        -0.0001
    148.0995      1264.8276         0.0125       100.6866         0.0000         0.0000         0.0000         0.0000      2274.3489         0.0000        22.4709        -0.0001
    148.0981      1265.0045         0.0127       100.6999         0.0000         0.0000         0.0000         0.0000      2442.0293         0.0000        22.4646        -0.0001
    148.1012      1264.4669         0.0123       100.7564         0.0000         0.0000         0.0000         0.0000      2494.4104         0.0000        22.4712        -0.0001
    148.0994      1264.1443         0.0131       100.7375         0.0000         0.0000         0.0000         0.0000      2384.0889         0.0000        22.4323        -0.0001
    148.0977      1264.1232         0.0118       100.7742         0.0000         0.0000         0.0000         0.0000      2389.3533         0.0000        22.4633        -0.0001
    148.0971      1264.3132         0.0123       100.7555         0.0000         0.0000         0.0000         0.0000      2708.2566         0.0000        22.4616        -0.0001
    148.0972      1264.8157         0.0130       100.7265         0.0000         0.0000         0.0000         0.0000      2377.0051         0.0000        22.4660        -0.0001
    148.0971      1263.9033         0.0131       100.7617         0.0000         0.0000         0.0000         0.0000      2509.6206         0.0000        22.4847        -0.0001
    148.0996      1263.3032         0.0129       100.7452         0.0000         0.0000         0.0000         0.0000      2386.1482         0.0000        22.4675        -0.0001
    148.0999      1263.9718         0.0130       100.7203         0.0000         0.0000         0.0000         0.0000      2537.2991         0.0000        22.4619        -0.0001
    148.1045      1264.6005         0.0130       100.7255         0.0000         0.0000         0.0000         0.0000      2354.8882         0.0000        22.4649        -0.0001
    148.1006      1265.2368         0.0133       100.6953         0.0000         0.0000         0.0000         0.0000      2462.8071         0.0000        22.4547        -0.0001
    148.1038      1265.1443         0.0134       100.7485         0.0000         0.0000         0.0000         0.0000      2412.2061         0.0000        22.4606        -0.0001
    148.0964      1263.7365         0.0138       100.7576         0.0000         0.0000         0.0000         0.0000      2780.1853         0.0000        22.4516        -0.0001
