        rmsthk      stdthk       rmsvel       stdvel       rmsdiv       stddiv       rmsusurf       stdusurf       vol
-177.7605743408 120.6564941406 -46.0458831787 43.3450317383 0.0000000000 0.0000000000 0.0000000000 0.0000000000 0.0135252913
-177.6425933838 120.6243133545 -45.8931427002 43.3541564941 0.0000000000 0.0000000000 0.0262008514 0.1834772676 0.0422551148
-177.4534912109 120.5646820068 -45.9538803101 43.3492240906 0.0000000000 0.0000000000 0.0475147143 0.2979435921 0.0597210303
-177.2804260254 120.4999389648 -45.9386596680 43.3502273560 0.0000000000 0.0000000000 0.0664896369 0.4033790827 0.0775359869
-177.1284637451 120.4595031738 -45.9433555603 43.3447456360 0.0000000000 0.0000000000 0.0840173885 0.4881580174 0.0913877413
-176.9562835693 120.4422302246 -45.9372787476 43.3478431702 0.0000000000 0.0000000000 0.1019396186 0.5684382319 0.1041515768
-176.8061218262 120.4427032471 -45.9325828552 43.3513221741 0.0000000000 0.0000000000 0.1201269925 0.6502282023 0.1165432036
-176.6347351074 120.4391860962 -45.9300613403 43.3510818481 0.0000000000 0.0000000000 0.1383991838 0.7289576530 0.1287482232
-176.5017242432 120.4464569092 -45.9327659607 43.3506011963 0.0000000000 0.0000000000 0.1550614536 0.8044014573 0.1392960995
-176.3544006348 120.4199218750 -45.9304580688 43.3506546021 0.0000000000 0.0000000000 0.1718561202 0.8815041184 0.1498712599
-176.2695922852 120.4066085815 -45.9468345642 43.3517799377 0.0000000000 0.0000000000 0.1876380742 0.9511311054 0.1554551870
-176.1420898438 120.3882217407 -45.9469604492 43.3524971008 0.0000000000 0.0000000000 0.2043082416 1.0228397846 0.1620398611
-176.0089111328 120.3678665161 -45.9474258423 43.3522262573 0.0000000000 0.0000000000 0.2190650851 1.0954334736 0.1690227687
-175.8721160889 120.3312759399 -45.9485702515 43.3512611389 0.0000000000 0.0000000000 0.2353294194 1.1646460295 0.1760437191
-175.7438201904 120.2916564941 -45.9486846924 43.3506622314 0.0000000000 0.0000000000 0.2531059086 1.2346285582 0.1831894666
-175.5859069824 120.2697296143 -45.9506149292 43.3502960205 0.0000000000 0.0000000000 0.2706755400 1.3041011095 0.1904138178
-175.4369659424 120.2427215576 -45.9494094849 43.3518829346 0.0000000000 0.0000000000 0.2880454361 1.3750975132 0.1973405182
-175.2808837891 120.2033996582 -45.9509048462 43.3517417908 0.0000000000 0.0000000000 0.3055971563 1.4464520216 0.2040470839
-175.1707611084 120.1552352905 -45.9515724182 43.3522605896 0.0000000000 0.0000000000 0.3242644966 1.5200533867 0.2106463015
-175.0608825684 120.1220474243 -45.9520606995 43.3508872986 0.0000000000 0.0000000000 0.3430972993 1.5945044756 0.2178161144
-175.0255737305 120.1055603027 -45.9686927795 43.3518180847 0.0000000000 0.0000000000 0.3616312146 1.6557778120 0.2179465294
-174.9875030518 120.0677490234 -45.9704513550 43.3517189026 0.0000000000 0.0000000000 0.3796910048 1.7175563574 0.2193661332
-174.9244079590 120.0428543091 -45.9705924988 43.3524017334 0.0000000000 0.0000000000 0.3973639011 1.7823270559 0.2232595682
-174.8317108154 120.0030899048 -45.9704170227 43.3526725769 0.0000000000 0.0000000000 0.4143167734 1.8473397493 0.2284605652
-174.7552947998 119.9409255981 -45.9713706970 43.3522567749 0.0000000000 0.0000000000 0.4310115874 1.9130995274 0.2344078869
-174.6909790039 119.9008560181 -45.9699935913 43.3530464172 0.0000000000 0.0000000000 0.4468411505 1.9788130522 0.2405883819
-174.6418914795 119.8554763794 -45.9697456360 43.3525581360 0.0000000000 0.0000000000 0.4625466466 2.0431027412 0.2459165007
-174.5489044189 119.8303604126 -45.9680290222 43.3537521362 0.0000000000 0.0000000000 0.4774553776 2.1096320152 0.2532618642
-174.4669494629 119.8045425415 -45.9690170288 43.3540573120 0.0000000000 0.0000000000 0.4930019975 2.1784856319 0.2602064312
-174.3687896729 119.7859191895 -45.9681243896 43.3537864685 0.0000000000 0.0000000000 0.5075347424 2.2497682571 0.2674400806
-174.4140930176 119.7782058716 -45.9819793701 43.3535346985 0.0000000000 0.0000000000 0.5220054984 2.3088684082 0.2673724592
-174.4394683838 119.7418670654 -45.9825363159 43.3535804749 0.0000000000 0.0000000000 0.5340731144 2.3698709011 0.2686917484
-174.4332122803 119.7065811157 -45.9829521179 43.3541564941 0.0000000000 0.0000000000 0.5467746258 2.4306023121 0.2729646266
-174.4279174805 119.6764221191 -45.9827766418 43.3532371521 0.0000000000 0.0000000000 0.5582552552 2.4902231693 0.2776760757
-174.3253021240 119.6684646606 -45.9818267822 43.3540878296 0.0000000000 0.0000000000 0.5690099597 2.5493979454 0.2860206664
-174.3054199219 119.6237182617 -45.9811782837 43.3547744751 0.0000000000 0.0000000000 0.5828027725 2.6111278534 0.2902822495
-174.2640991211 119.5769805908 -45.9810218811 43.3544883728 0.0000000000 0.0000000000 0.5931620598 2.6731019020 0.2955119610
-174.2257995605 119.5152359009 -45.9809226990 43.3545455933 0.0000000000 0.0000000000 0.6044790745 2.7353761196 0.3011662066
-174.1510314941 119.4652175903 -45.9793281555 43.3544311523 0.0000000000 0.0000000000 0.6174759269 2.7972755432 0.3061439991
-174.0871429443 119.4219055176 -45.9785270691 43.3544006348 0.0000000000 0.0000000000 0.6339408755 2.8581123352 0.3111443818
-174.0928497314 119.4199447632 -45.9855041504 43.3535499573 0.0000000000 0.0000000000 0.6455214620 2.9075915813 0.3108310997
-174.0727386475 119.4408264160 -45.9842147827 43.3540687561 0.0000000000 0.0000000000 0.6613711715 2.9575757980 0.3123068511
-174.0549468994 119.4249725342 -45.9851036072 43.3535385132 0.0000000000 0.0000000000 0.6758604050 3.0108854771 0.3176860213
-173.9647521973 119.4529266357 -45.9832534790 43.3543395996 0.0000000000 0.0000000000 0.6866412163 3.0598602295 0.3239986002
-173.8690643311 119.4682617188 -45.9826927185 43.3556518555 0.0000000000 0.0000000000 0.6984645724 3.1126816273 0.3305364549
-173.7757110596 119.4373474121 -45.9826202393 43.3545761108 0.0000000000 0.0000000000 0.7099061608 3.1636941433 0.3384137452
-173.6725769043 119.4275665283 -45.9804801941 43.3548927307 0.0000000000 0.0000000000 0.7239846587 3.2145066261 0.3430169523
-173.6302185059 119.3852462769 -45.9801406860 43.3552513123 0.0000000000 0.0000000000 0.7373160124 3.2663164139 0.3459484577
-173.5457000732 119.3786621094 -45.9820060730 43.3542480469 0.0000000000 0.0000000000 0.7520571947 3.3159098625 0.3516607285
-173.5273132324 119.3732223511 -45.9817085266 43.3546943665 0.0000000000 0.0000000000 0.7659918070 3.3704214096 0.3565735817
-173.4886627197 119.3781204224 -45.9824447632 43.3532905579 0.0000000000 0.0000000000 0.7770738006 3.4059708118 0.3603754044
-173.4317169189 119.4258117676 -45.9792633057 43.3543548584 0.0000000000 0.0000000000 0.7923248410 3.4406716824 0.3683253527
-173.3910522461 119.4258575439 -45.9805984497 43.3551139832 0.0000000000 0.0000000000 0.8108788133 3.4855530262 0.3776060045
-173.2900848389 119.4485473633 -45.9789085388 43.3561172485 0.0000000000 0.0000000000 0.8258207440 3.5307087898 0.3885368705
-173.2335357666 119.4513549805 -45.9788169861 43.3557167053 0.0000000000 0.0000000000 0.8362862468 3.5724999905 0.3942593634
-173.1720428467 119.5085601807 -45.9785957336 43.3560638428 0.0000000000 0.0000000000 0.8518790007 3.6049189568 0.4000944495
-173.0850524902 119.5252456665 -45.9782867432 43.3556785583 0.0000000000 0.0000000000 0.8613007665 3.6490905285 0.4087403417
-173.0089569092 119.4443588257 -45.9776611328 43.3562202454 0.0000000000 0.0000000000 0.8743094802 3.6901671886 0.4111001492
-172.9218597412 119.4956970215 -45.9780693054 43.3560256958 0.0000000000 0.0000000000 0.8857594728 3.7344090939 0.4206042886
-172.8436431885 119.4964599609 -45.9767608643 43.3567276001 0.0000000000 0.0000000000 0.8976719379 3.7736632824 0.4226489961
-172.8374328613 119.5219650269 -45.9749870300 43.3560905457 0.0000000000 0.0000000000 0.9052439332 3.8086369038 0.4200643301
-172.7189483643 119.4627532959 -45.9749984741 43.3549613953 0.0000000000 0.0000000000 0.9143706560 3.8405771255 0.4211415350
-172.7323455811 119.4828109741 -45.9756355286 43.3532752991 0.0000000000 0.0000000000 0.9240324497 3.8732578754 0.4236597717
-172.6535797119 119.5066375732 -45.9744148254 43.3541908264 0.0000000000 0.0000000000 0.9331856370 3.8987178802 0.4265599549
-172.6040954590 119.4383468628 -45.9735488892 43.3541870117 0.0000000000 0.0000000000 0.9401766658 3.9351725578 0.4295377135
-172.5111389160 119.5033569336 -45.9741783142 43.3542251587 0.0000000000 0.0000000000 0.9460017681 3.9628453255 0.4351518452
-172.3881225586 119.4592361450 -45.9718170166 43.3544502258 0.0000000000 0.0000000000 0.9534301758 3.9923996925 0.4436918497
-172.2802581787 119.4421844482 -45.9712638855 43.3543014526 0.0000000000 0.0000000000 0.9546433091 4.0192480087 0.4487378597
-172.2290344238 119.4426040649 -45.9707221985 43.3534240723 0.0000000000 0.0000000000 0.9608990550 4.0432791710 0.4512712955
-172.1780090332 119.3355407715 -45.9708900452 43.3533897400 0.0000000000 0.0000000000 0.9669089317 4.0717554092 0.4511406422
-172.1005096436 119.2631072998 -45.9706878662 43.3521652222 0.0000000000 0.0000000000 0.9734697342 4.0989546776 0.4567789435
-172.0816192627 119.1511383057 -45.9711380005 43.3519439697 0.0000000000 0.0000000000 0.9805433750 4.1227488518 0.4582206309
-172.0843048096 119.1215362549 -45.9697341919 43.3511619568 0.0000000000 0.0000000000 0.9883328080 4.1542515755 0.4663015902
-172.0065002441 119.0777053833 -45.9692802429 43.3522186279 0.0000000000 0.0000000000 0.9946746826 4.1773610115 0.4703646004
-171.9963989258 119.1189804077 -45.9685554504 43.3517684937 0.0000000000 0.0000000000 1.0022677183 4.2123389244 0.4726091623
-171.9989776611 119.0081176758 -45.9692420959 43.3523254395 0.0000000000 0.0000000000 1.0101048946 4.2393507957 0.4686897397
-171.9287567139 118.8814697266 -45.9700622559 43.3510665894 0.0000000000 0.0000000000 1.0158019066 4.2745008469 0.4756501317
-171.8590545654 118.8777389526 -45.9699401855 43.3512268066 0.0000000000 0.0000000000 1.0238063335 4.3047909737 0.4784458578
-171.7364044189 118.8362808228 -45.9691505432 43.3509368896 0.0000000000 0.0000000000 1.0258072615 4.3322353363 0.4831840396
-171.7667236328 118.7424926758 -45.9674568176 43.3511314392 0.0000000000 0.0000000000 1.0325242281 4.3589582443 0.4819208682
-171.7579498291 118.6950912476 -45.9731369019 43.3493003845 0.0000000000 0.0000000000 1.0446180105 4.3867492676 0.4856010973
-171.6139068604 118.7023696899 -45.9731750488 43.3505210876 0.0000000000 0.0000000000 1.0494824648 4.4116139412 0.4929760993
-171.5980377197 118.7785720825 -45.9713172913 43.3499145508 0.0000000000 0.0000000000 1.0576875210 4.4425282478 0.4972836375
-171.5303649902 118.6903762817 -45.9714050293 43.3507804871 0.0000000000 0.0000000000 1.0658349991 4.4704113007 0.5017394423
-171.4722900391 118.7170333862 -45.9718475342 43.3503456116 0.0000000000 0.0000000000 1.0733503103 4.4912104607 0.5094830394
-171.4458312988 118.6841430664 -45.9700202942 43.3498725891 0.0000000000 0.0000000000 1.0766978264 4.5138554573 0.5097751021
-171.3804321289 118.7694854736 -45.9719200134 43.3500442505 0.0000000000 0.0000000000 1.0874449015 4.5396013260 0.5126709342
-171.2992248535 118.7131118774 -45.9706459045 43.3509025574 0.0000000000 0.0000000000 1.0957754850 4.5667576790 0.5165555477
-171.2518005371 118.6015167236 -45.9701194763 43.3496742249 0.0000000000 0.0000000000 1.1011288166 4.5977644920 0.5175286531
-171.1313934326 118.5794525146 -45.9696693420 43.3493461609 0.0000000000 0.0000000000 1.1084516048 4.6295094490 0.5248489976
-171.0197753906 118.5348205566 -45.9753608704 43.3496360779 0.0000000000 0.0000000000 1.1163341999 4.6577033997 0.5326657295
-170.9727478027 118.5570983887 -45.9740447998 43.3494567871 0.0000000000 0.0000000000 1.1224689484 4.6905918121 0.5374476910
-170.8932800293 118.5288467407 -45.9736404419 43.3494300842 0.0000000000 0.0000000000 1.1251733303 4.7108316422 0.5416378379
-170.8323059082 118.5429382324 -45.9725418091 43.3502273560 0.0000000000 0.0000000000 1.1338239908 4.7422723770 0.5475760102
-170.7844543457 118.5137863159 -45.9726562500 43.3479042053 0.0000000000 0.0000000000 1.1392552853 4.7609310150 0.5512002110
-170.7329101562 118.6462783813 -45.9722023010 43.3494071960 0.0000000000 0.0000000000 1.1465046406 4.7803111076 0.5567262173
-170.7041320801 118.5916137695 -45.9724349976 43.3491134644 0.0000000000 0.0000000000 1.1530364752 4.8075718880 0.5579284430
-170.6574096680 118.4520034790 -45.9734954834 43.3492469788 0.0000000000 0.0000000000 1.1594487429 4.8369455338 0.5576795340
-170.6672210693 118.5353164673 -45.9724426270 43.3494873047 0.0000000000 0.0000000000 1.1647194624 4.8557996750 0.5570925474
-170.7955169678 118.5083694458 -45.9721794128 43.3496055603 0.0000000000 0.0000000000 1.1701956987 4.8805489540 0.5499124527
-170.6457977295 118.4861145020 -45.9802169800 43.3488082886 0.0000000000 0.0000000000 1.1751900911 4.9042501450 0.5651872158
-170.5880889893 118.4250106812 -45.9784698486 43.3489570618 0.0000000000 0.0000000000 1.1858156919 4.9380283356 0.5731537342
-170.4730072021 118.3538894653 -45.9784202576 43.3493499756 0.0000000000 0.0000000000 1.1907093525 4.9670662880 0.5772421956
-170.3636322021 118.3166656494 -45.9758949280 43.3490295410 0.0000000000 0.0000000000 1.2033129930 4.9962511063 0.5872502923
-170.3417205811 118.2785873413 -45.9764938354 43.3486633301 0.0000000000 0.0000000000 1.2016294003 5.0191059113 0.5912377238
-170.2288665771 118.2570037842 -45.9757537842 43.3477210999 0.0000000000 0.0000000000 1.2044522762 5.0400185585 0.5899744034
-170.1977539062 118.2838745117 -45.9764022827 43.3485221863 0.0000000000 0.0000000000 1.2123301029 5.0726871490 0.5919626951
-170.0694122314 118.3184432983 -45.9747009277 43.3490638733 0.0000000000 0.0000000000 1.2182351351 5.0867156982 0.6002258658
-170.1073303223 118.2981262207 -45.9750213623 43.3491363525 0.0000000000 0.0000000000 1.2189524174 5.1193456650 0.6006634831
-170.1389465332 118.4333801270 -45.9736595154 43.3490219116 0.0000000000 0.0000000000 1.2229850292 5.1387290955 0.6034137011
-169.9709472656 118.2933959961 -45.9815444946 43.3494758606 0.0000000000 0.0000000000 1.2364733219 5.1716933250 0.6223204136
-169.7244720459 118.2771682739 -45.9797515869 43.3500785828 0.0000000000 0.0000000000 1.2464883327 5.1931591034 0.6370342970
-169.6951141357 118.2060394287 -45.9785728455 43.3503570557 0.0000000000 0.0000000000 1.2567189932 5.2208476067 0.6396619081
-169.6142425537 118.1895599365 -45.9774513245 43.3494224548 0.0000000000 0.0000000000 1.2615643740 5.2334270477 0.6404646635
-169.6280364990 118.1996231079 -45.9773559570 43.3495216370 0.0000000000 0.0000000000 1.2672924995 5.2608184814 0.6375244260
-169.5723266602 118.2176284790 -45.9770469666 43.3484382629 0.0000000000 0.0000000000 1.2723490000 5.2760834694 0.6426742673
-169.5785369873 118.2253189087 -45.9767074585 43.3488349915 0.0000000000 0.0000000000 1.2803895473 5.3091759682 0.6457287073
-169.5565490723 118.2806701660 -45.9775314331 43.3484611511 0.0000000000 0.0000000000 1.2839161158 5.3344273567 0.6476305723
-169.5410003662 118.2778244019 -45.9766159058 43.3485450745 0.0000000000 0.0000000000 1.2949851751 5.3674182892 0.6484675407
-169.4338531494 118.2032318115 -45.9765548706 43.3485946655 0.0000000000 0.0000000000 1.3032773733 5.3911147118 0.6554142237
-169.1584167480 118.2754135132 -45.9823493958 43.3493652344 0.0000000000 0.0000000000 1.3188921213 5.4212698936 0.6813702583
-169.1063079834 118.4044799805 -45.9804763794 43.3494529724 0.0000000000 0.0000000000 1.3313062191 5.4402933121 0.6959196925
-168.9892730713 118.3337631226 -45.9782829285 43.3490600586 0.0000000000 0.0000000000 1.3272832632 5.4537701607 0.6970354915
-169.0266418457 118.3128356934 -45.9786033630 43.3479728699 0.0000000000 0.0000000000 1.3416898251 5.4897012711 0.6974109411
-168.9055480957 118.2559967041 -45.9778747559 43.3487739563 0.0000000000 0.0000000000 1.3418443203 5.4947638512 0.7014485598
-168.7661132812 118.2416610718 -45.9775924683 43.3486671448 0.0000000000 0.0000000000 1.3516758680 5.5283484459 0.7081793547
-168.7512054443 118.1955490112 -45.9767112732 43.3485755920 0.0000000000 0.0000000000 1.3608973026 5.5522823334 0.7199138403
-168.6491851807 118.2080841064 -45.9762382507 43.3491287231 0.0000000000 0.0000000000 1.3620834351 5.5648093224 0.7151911259
-168.4971160889 118.2372436523 -45.9753417969 43.3478584290 0.0000000000 0.0000000000 1.3709418774 5.5868306160 0.7309043407
-168.4299316406 118.2307281494 -45.9752044678 43.3486442566 0.0000000000 0.0000000000 1.3812294006 5.6134018898 0.7297314405
-168.3035888672 118.1040878296 -45.9818382263 43.3486633301 0.0000000000 0.0000000000 1.3944698572 5.6449341774 0.7475402355
-168.1610870361 118.0549774170 -45.9805450439 43.3489570618 0.0000000000 0.0000000000 1.4052197933 5.6682443619 0.7623515725
-168.0439300537 118.0511474609 -45.9799613953 43.3496589661 0.0000000000 0.0000000000 1.4105749130 5.6986503601 0.7637121081
-168.1573181152 118.0641784668 -45.9797821045 43.3490524292 0.0000000000 0.0000000000 1.4189947844 5.7296314240 0.7676673532
-167.9655761719 118.1273880005 -45.9795112610 43.3492927551 0.0000000000 0.0000000000 1.4283173084 5.7562193871 0.7776928544
-168.0404357910 118.0431976318 -45.9784622192 43.3501777649 0.0000000000 0.0000000000 1.4310550690 5.7808117867 0.7708764672
-167.9156036377 118.0354080200 -45.9788703918 43.3499298096 0.0000000000 0.0000000000 1.4384472370 5.8018832207 0.7845179439
-167.9791107178 118.0844268799 -45.9771690369 43.3505935669 0.0000000000 0.0000000000 1.4419997931 5.8128204346 0.7785525322
-167.8747100830 118.1939010620 -45.9786720276 43.3504409790 0.0000000000 0.0000000000 1.4446450472 5.8253374100 0.7892097831
-167.8861389160 118.2279739380 -45.9780273438 43.3503799438 0.0000000000 0.0000000000 1.4491255283 5.8428130150 0.7907126546
-167.4973297119 118.1689300537 -45.9838905334 43.3514900208 0.0000000000 0.0000000000 1.4665877819 5.8708152771 0.8213645816
-167.2552337646 118.1482162476 -45.9817543030 43.3514595032 0.0000000000 0.0000000000 1.4774690866 5.8916697502 0.8278204203
-167.1392211914 118.2293853760 -45.9802703857 43.3505020142 0.0000000000 0.0000000000 1.4827352762 5.9254126549 0.8366087675
-167.0302886963 118.0948181152 -45.9800186157 43.3509025574 0.0000000000 0.0000000000 1.4920662642 5.9436612129 0.8418809772
-167.0395812988 118.1075973511 -45.9794921875 43.3503723145 0.0000000000 0.0000000000 1.4935073853 5.9548821449 0.8404861689
-166.9622955322 118.1230468750 -45.9795112610 43.3508949280 0.0000000000 0.0000000000 1.5042253733 6.0010766983 0.8501549363
-166.9181518555 118.1225357056 -45.9800262451 43.3503952026 0.0000000000 0.0000000000 1.5055153370 6.0166034698 0.8518657088
-166.8525085449 118.0628890991 -45.9780998230 43.3507423401 0.0000000000 0.0000000000 1.5192931890 6.0498056412 0.8586165905
-166.7600097656 118.0679016113 -45.9789543152 43.3503150940 0.0000000000 0.0000000000 1.5256394148 6.0770540237 0.8558076620
-166.5520477295 118.0265808105 -45.9772377014 43.3503036499 0.0000000000 0.0000000000 1.5272268057 6.0899572372 0.8680514693
-166.2503051758 118.0924987793 -45.9826126099 43.3505706787 0.0000000000 0.0000000000 1.5329799652 6.1191606522 0.8968789577
-166.2271881104 118.0796356201 -45.9811096191 43.3508033752 0.0000000000 0.0000000000 1.5406974554 6.1488008499 0.9008014798
-166.1109466553 118.0642623901 -45.9803466797 43.3506126404 0.0000000000 0.0000000000 1.5488592386 6.1690073013 0.9118924737
-166.1176910400 118.0910720825 -45.9793739319 43.3511505127 0.0000000000 0.0000000000 1.5578392744 6.1993551254 0.9119563699
-166.0781860352 118.0435333252 -45.9785537720 43.3510475159 0.0000000000 0.0000000000 1.5654283762 6.2277464867 0.9171417952
-166.0150299072 118.0850753784 -45.9783248901 43.3511734009 0.0000000000 0.0000000000 1.5730948448 6.2607350349 0.9169772863
-165.8877716064 117.9810714722 -45.9778823853 43.3503494263 0.0000000000 0.0000000000 1.5767581463 6.2873649597 0.9208673239
-165.9832000732 118.0106277466 -45.9771499634 43.3509254456 0.0000000000 0.0000000000 1.5895642042 6.3092637062 0.9230659604
-165.9588623047 118.0504913330 -45.9767112732 43.3510284424 0.0000000000 0.0000000000 1.5907773972 6.3354682922 0.9221221209
-165.8236694336 118.0678100586 -45.9767303467 43.3515701294 0.0000000000 0.0000000000 1.6018097401 6.3574037552 0.9287387133
-165.5994567871 117.9928436279 -45.9815826416 43.3514480591 0.0000000000 0.0000000000 1.6118103266 6.3924446106 0.9490610957
-165.5053100586 117.8109588623 -45.9804992676 43.3515510559 0.0000000000 0.0000000000 1.6166665554 6.4189991951 0.9540418386
-165.4370422363 117.8780670166 -45.9793014526 43.3517036438 0.0000000000 0.0000000000 1.6315958500 6.4420576096 0.9640157819
-165.2032470703 117.8733215332 -45.9784355164 43.3516082764 0.0000000000 0.0000000000 1.6367921829 6.4755053520 0.9704438448
-165.1384735107 117.8829803467 -45.9781875610 43.3517379761 0.0000000000 0.0000000000 1.6465055943 6.4885759354 0.9837372303
-165.0599822998 117.8884811401 -45.9767532349 43.3515701294 0.0000000000 0.0000000000 1.6458642483 6.5136866570 0.9829457998
-164.8790588379 117.7987060547 -45.9779014587 43.3519973755 0.0000000000 0.0000000000 1.6552548409 6.5395374298 0.9934369326
-164.8753662109 117.8168792725 -45.9767608643 43.3514747620 0.0000000000 0.0000000000 1.6622514725 6.5591335297 0.9934781790
-164.8276824951 117.8022766113 -45.9767341614 43.3519706726 0.0000000000 0.0000000000 1.6696238518 6.5761861801 0.9946924448
-164.6707000732 117.6462173462 -45.9758300781 43.3510856628 0.0000000000 0.0000000000 1.6722176075 6.6182713509 0.9978021979
-164.5235595703 117.5978240967 -45.9809989929 43.3514137268 0.0000000000 0.0000000000 1.6770763397 6.6523671150 1.0168600082
-164.4228973389 117.5995864868 -45.9796676636 43.3510360718 0.0000000000 0.0000000000 1.6843053102 6.6804265976 1.0232299566
-164.3265686035 117.6247634888 -45.9780960083 43.3515434265 0.0000000000 0.0000000000 1.6844340563 6.6995906830 1.0327093601
-164.1583709717 117.5626449585 -45.9779434204 43.3506011963 0.0000000000 0.0000000000 1.6906702518 6.7206430435 1.0413002968
-164.1346588135 117.4868774414 -45.9769401550 43.3516006470 0.0000000000 0.0000000000 1.7015690804 6.7424755096 1.0443700552
-164.1289367676 117.5336685181 -45.9760589600 43.3516197205 0.0000000000 0.0000000000 1.7058153152 6.7520184517 1.0461057425
-164.1407165527 117.4805221558 -45.9769248962 43.3521995544 0.0000000000 0.0000000000 1.7163925171 6.7812261581 1.0466338396
-164.1912078857 117.2784805298 -45.9769706726 43.3515167236 0.0000000000 0.0000000000 1.7183182240 6.8024716377 1.0382807255
-164.3101196289 117.3961334229 -45.9762992859 43.3519325256 0.0000000000 0.0000000000 1.7283005714 6.8262572289 1.0413517952
-164.1116027832 117.4414672852 -45.9762535095 43.3518638611 0.0000000000 0.0000000000 1.7337048054 6.8459978104 1.0520843267
-163.9329376221 117.4980163574 -45.9802322388 43.3514289856 0.0000000000 0.0000000000 1.7454513311 6.8776845932 1.0686944723
-163.8375091553 117.4042358398 -45.9803123474 43.3512535095 0.0000000000 0.0000000000 1.7536872625 6.8981580734 1.0714471340
-163.7784576416 117.4911575317 -45.9781265259 43.3512039185 0.0000000000 0.0000000000 1.7612198591 6.9104948044 1.0737334490
-163.7607116699 117.4556121826 -45.9788398743 43.3510284424 0.0000000000 0.0000000000 1.7756057978 6.9260754585 1.0870975256
-163.6068725586 117.5505142212 -45.9771041870 43.3510589600 0.0000000000 0.0000000000 1.7775363922 6.9566664696 1.0968158245
-163.5479125977 117.4206008911 -45.9764709473 43.3513641357 0.0000000000 0.0000000000 1.7876185179 6.9813680649 1.1003037691
-163.4523773193 117.4609680176 -45.9761505127 43.3510131836 0.0000000000 0.0000000000 1.7928467989 7.0000844002 1.1079115868
-163.5787353516 117.4633789062 -45.9753875732 43.3510055542 0.0000000000 0.0000000000 1.7990833521 7.0199608803 1.0987743139
-163.4960632324 117.4367141724 -45.9767112732 43.3510627747 0.0000000000 0.0000000000 1.8065634966 7.0418372154 1.0979918242
-163.3184204102 117.2822952271 -45.9760360718 43.3510513306 0.0000000000 0.0000000000 1.8110290766 7.0698132515 1.1020722389
-163.3134460449 117.3375625610 -45.9803771973 43.3513069153 0.0000000000 0.0000000000 1.8226978779 7.1059260368 1.1092538834
-163.1754608154 117.3973846436 -45.9797172546 43.3511009216 0.0000000000 0.0000000000 1.8340203762 7.1377749443 1.1248813868
-163.2262573242 117.4146957397 -45.9786415100 43.3511199951 0.0000000000 0.0000000000 1.8446129560 7.1552863121 1.1260243654
-162.9947662354 117.4701461792 -45.9782905579 43.3512001038 0.0000000000 0.0000000000 1.8503684998 7.1731605530 1.1317434311
-162.8479461670 117.6120910645 -45.9781494141 43.3518981934 0.0000000000 0.0000000000 1.8512743711 7.1965684891 1.1361994743
-162.7445678711 117.5899658203 -45.9779281616 43.3514213562 0.0000000000 0.0000000000 1.8567472696 7.2284622192 1.1403533220
-162.6961059570 117.5519027710 -45.9786834717 43.3517189026 0.0000000000 0.0000000000 1.8574478626 7.2468686104 1.1472468376
-162.7222290039 117.5257034302 -45.9762802124 43.3518409729 0.0000000000 0.0000000000 1.8651285172 7.2721982002 1.1452231407
-162.7326965332 117.4912643433 -45.9773025513 43.3510360718 0.0000000000 0.0000000000 1.8733710051 7.3034882545 1.1499524117
-162.6877288818 117.4340744019 -45.9765548706 43.3509063721 0.0000000000 0.0000000000 1.8769475222 7.3200592995 1.1505709887
-162.5032043457 117.4363937378 -45.9809684753 43.3508949280 0.0000000000 0.0000000000 1.8874368668 7.3533854485 1.1703541279
-162.4658813477 117.4216384888 -45.9786643982 43.3507995605 0.0000000000 0.0000000000 1.8964796066 7.3881039619 1.1754119396
-162.3059234619 117.4398727417 -45.9783363342 43.3515853882 0.0000000000 0.0000000000 1.8996551037 7.4174847603 1.1901394129
-162.3146209717 117.4590148926 -45.9778594971 43.3515853882 0.0000000000 0.0000000000 1.9051922560 7.4492216110 1.1828024387
-162.1731567383 117.5232849121 -45.9773941040 43.3512763977 0.0000000000 0.0000000000 1.9223998785 7.4776287079 1.1959862709
-162.2600860596 117.4007339478 -45.9773521423 43.3521347046 0.0000000000 0.0000000000 1.9321397543 7.4991459846 1.1915245056
-162.1779937744 117.4090957642 -45.9778442383 43.3520927429 0.0000000000 0.0000000000 1.9348553419 7.5167341232 1.1960470676
-162.0863494873 117.3745574951 -45.9762306213 43.3517684937 0.0000000000 0.0000000000 1.9441578388 7.5410327911 1.1989582777
-161.9781494141 117.4137725830 -45.9765548706 43.3521919250 0.0000000000 0.0000000000 1.9488090277 7.5658812523 1.2032662630
-161.9198303223 117.3660507202 -45.9764633179 43.3511123657 0.0000000000 0.0000000000 1.9582580328 7.5939083099 1.2017375231
-161.8966674805 117.4023666382 -45.9804382324 43.3520164490 0.0000000000 0.0000000000 1.9710762501 7.6261396408 1.2057187557
-161.7296905518 117.2874526978 -45.9797172546 43.3507766724 0.0000000000 0.0000000000 1.9763405323 7.6523566246 1.2153139114
-161.6772460938 117.2156906128 -45.9792175293 43.3508605957 0.0000000000 0.0000000000 1.9874488115 7.6718077660 1.2192238569
-161.7631225586 117.2573623657 -45.9779243469 43.3505363464 0.0000000000 0.0000000000 1.9891177416 7.6979393959 1.2152932882
-161.7150573730 117.2274703979 -45.9786033630 43.3504905701 0.0000000000 0.0000000000 1.9948214293 7.7201929092 1.2196850777
-161.6222534180 117.2605514526 -45.9782791138 43.3504104614 0.0000000000 0.0000000000 1.9973057508 7.7417817116 1.2278463840
-161.5917053223 117.1931076050 -45.9779968262 43.3503036499 0.0000000000 0.0000000000 2.0021739006 7.7560853958 1.2267050743
-161.5129547119 117.2396926880 -45.9773559570 43.3511390686 0.0000000000 0.0000000000 1.9997717142 7.7733421326 1.2314674854
-161.5300750732 117.1871795654 -45.9771194458 43.3510398865 0.0000000000 0.0000000000 1.9996364117 7.7966427803 1.2272452116
-161.4773254395 117.1167297363 -45.9773941040 43.3513870239 0.0000000000 0.0000000000 2.0123670101 7.8191938400 1.2294478416
-161.4355163574 116.9921264648 -45.9803123474 43.3508758545 0.0000000000 0.0000000000 2.0270366669 7.8517737389 1.2422192097
-161.2875061035 116.9498443604 -45.9799194336 43.3508644104 0.0000000000 0.0000000000 2.0344669819 7.8805160522 1.2433999777
-161.3011932373 116.9066925049 -45.9790458679 43.3512611389 0.0000000000 0.0000000000 2.0321712494 7.9069962502 1.2453340292
-161.2823333740 116.9459457397 -45.9792289734 43.3513793945 0.0000000000 0.0000000000 2.0395305157 7.9381637573 1.2476676702
-161.3098907471 116.9330902100 -45.9786834717 43.3507270813 0.0000000000 0.0000000000 2.0463650227 7.9489021301 1.2470698357
-161.2782440186 117.0014343262 -45.9782829285 43.3508071899 0.0000000000 0.0000000000 2.0484528542 7.9760351181 1.2510695457
-161.3633575439 116.9959869385 -45.9782905579 43.3511962891 0.0000000000 0.0000000000 2.0561976433 7.9948911667 1.2492797375
-161.2304840088 116.9817428589 -45.9783096313 43.3519477844 0.0000000000 0.0000000000 2.0594515800 8.0254354477 1.2604137659
-161.1935272217 116.8436431885 -45.9783401489 43.3517913818 0.0000000000 0.0000000000 2.0643093586 8.0432405472 1.2609597445
-161.2109832764 116.7430343628 -45.9772987366 43.3518714905 0.0000000000 0.0000000000 2.0631933212 8.0727195740 1.2575145960
-160.9596099854 116.8357620239 -45.9809303284 43.3518257141 0.0000000000 0.0000000000 2.0686132908 8.1052646637 1.2701426744
-160.9369812012 116.7342300415 -45.9799461365 43.3514938354 0.0000000000 0.0000000000 2.0730481148 8.1187553406 1.2697068453
-160.7485809326 116.7032089233 -45.9788818359 43.3518028259 0.0000000000 0.0000000000 2.0801482201 8.1331892014 1.2858173847
-160.7375335693 116.6766357422 -45.9793739319 43.3517990112 0.0000000000 0.0000000000 2.0782084465 8.1512966156 1.2827745676
-160.5809173584 116.7756805420 -45.9787101746 43.3514251709 0.0000000000 0.0000000000 2.0943188667 8.1840429306 1.2901251316
-160.4804534912 116.7692489624 -45.9784202576 43.3516769409 0.0000000000 0.0000000000 2.1035666466 8.2018117905 1.2920604944
-160.4300994873 116.8070678711 -45.9781036377 43.3518753052 0.0000000000 0.0000000000 2.1089453697 8.2303199768 1.2896627188
-160.2178344727 116.6990356445 -45.9784698486 43.3513679504 0.0000000000 0.0000000000 2.1107771397 8.2457447052 1.3010832071
-160.1229095459 116.7028884888 -45.9771347046 43.3522109985 0.0000000000 0.0000000000 2.1095483303 8.2680606842 1.3012278080
-160.0172576904 116.5503997803 -45.9778251648 43.3521194458 0.0000000000 0.0000000000 2.1112346649 8.2807378769 1.3046264648
-159.9877624512 116.6068267822 -45.9804306030 43.3523139954 0.0000000000 0.0000000000 2.1305818558 8.3164844513 1.3084555864
-160.0477905273 116.6460418701 -45.9801025391 43.3523674011 0.0000000000 0.0000000000 2.1297426224 8.3375959396 1.3084539175
-159.9844512939 116.6304779053 -45.9799079895 43.3519630432 0.0000000000 0.0000000000 2.1385805607 8.3550615311 1.3088322878
-159.9492645264 116.5940246582 -45.9793395996 43.3521575928 0.0000000000 0.0000000000 2.1393690109 8.3812208176 1.3088300228
-159.8118133545 116.5614700317 -45.9790229797 43.3529853821 0.0000000000 0.0000000000 2.1504042149 8.4053726196 1.3220901489
-159.8420257568 116.5860366821 -45.9775314331 43.3532409668 0.0000000000 0.0000000000 2.1478793621 8.4294853210 1.3211131096
-159.9324340820 116.6356430054 -45.9772262573 43.3523254395 0.0000000000 0.0000000000 2.1478755474 8.4323520660 1.3184177876
-160.0018310547 116.5586242676 -45.9782714844 43.3520660400 0.0000000000 0.0000000000 2.1539459229 8.4512100220 1.3151291609
-159.8423919678 116.5390930176 -45.9779853821 43.3519248962 0.0000000000 0.0000000000 2.1507699490 8.4668674469 1.3249793053
-159.9464569092 116.4834213257 -45.9765815735 43.3523139954 0.0000000000 0.0000000000 2.1638925076 8.4855289459 1.3169445992
-159.9563446045 116.5005569458 -45.9801826477 43.3520965576 0.0000000000 0.0000000000 2.1688642502 8.5214376450 1.3255321980
-159.8406982422 116.5529556274 -45.9801101685 43.3522758484 0.0000000000 0.0000000000 2.1774890423 8.5389080048 1.3359955549
-159.6614379883 116.4738922119 -45.9801254272 43.3526077271 0.0000000000 0.0000000000 2.1815409660 8.5566329956 1.3431525230
-159.6134490967 116.3593063354 -45.9793395996 43.3526535034 0.0000000000 0.0000000000 2.1888129711 8.5834960938 1.3454080820
-159.6514282227 116.3048934937 -45.9795074463 43.3533592224 0.0000000000 0.0000000000 2.1957442760 8.6002931595 1.3468041420
-159.4565887451 116.3367309570 -45.9793014526 43.3531837463 0.0000000000 0.0000000000 2.1970636845 8.6313409805 1.3549762964
-159.4188079834 116.4040603638 -45.9779434204 43.3527565002 0.0000000000 0.0000000000 2.2082450390 8.6573343277 1.3584592342
-159.3439025879 116.3235397339 -45.9778862000 43.3525962830 0.0000000000 0.0000000000 2.2110917568 8.6685762405 1.3603645563
-159.3159942627 116.3659057617 -45.9786300659 43.3528442383 0.0000000000 0.0000000000 2.2187457085 8.7063550949 1.3638812304
-159.1837310791 116.3244018555 -45.9778289795 43.3522567749 0.0000000000 0.0000000000 2.2239944935 8.7199077606 1.3656713963
-159.1152343750 116.3522338867 -45.9810028076 43.3521499634 0.0000000000 0.0000000000 2.2398180962 8.7594642639 1.3687646389
-158.9468383789 116.4209671021 -45.9800682068 43.3516769409 0.0000000000 0.0000000000 2.2467808723 8.7858390808 1.3751057386
-158.8395538330 116.4252090454 -45.9796867371 43.3521766663 0.0000000000 0.0000000000 2.2554960251 8.8132572174 1.3782079220
-158.8837890625 116.4553833008 -45.9797592163 43.3527107239 0.0000000000 0.0000000000 2.2490372658 8.8296241760 1.3774554729
-158.8757781982 116.4585723877 -45.9798011780 43.3526992798 0.0000000000 0.0000000000 2.2543859482 8.8603382111 1.3779211044
-158.8512268066 116.4957733154 -45.9798240662 43.3522338867 0.0000000000 0.0000000000 2.2714843750 8.8757133484 1.3746800423
-158.8448333740 116.5096740723 -45.9791221619 43.3524703979 0.0000000000 0.0000000000 2.2694373131 8.8933000565 1.3808382750
-158.6344451904 116.4305648804 -45.9799232483 43.3524093628 0.0000000000 0.0000000000 2.2829904556 8.9262294769 1.3870543242
-158.5251617432 116.4335632324 -45.9790992737 43.3527412415 0.0000000000 0.0000000000 2.2824263573 8.9379367828 1.3862453699
-158.5598602295 116.3463745117 -45.9792518616 43.3524627686 0.0000000000 0.0000000000 2.2812533379 8.9575767517 1.3857119083
-158.4126586914 116.3473663330 -45.9821624756 43.3531951904 0.0000000000 0.0000000000 2.2924132347 8.9998216629 1.3900436163
-158.3113098145 116.4293975830 -45.9815673828 43.3527069092 0.0000000000 0.0000000000 2.2965054512 9.0270099640 1.3948214054
-158.2507934570 116.3700332642 -45.9805564880 43.3527259827 0.0000000000 0.0000000000 2.3038482666 9.0543489456 1.3952409029
-158.1098632812 116.3628387451 -45.9805946350 43.3526000977 0.0000000000 0.0000000000 2.3113126755 9.0797376633 1.4029855728
-158.0697326660 116.3745956421 -45.9796943665 43.3530883789 0.0000000000 0.0000000000 2.3194799423 9.1087179184 1.4064223766
-158.0034179688 116.3781738281 -45.9801216125 43.3526496887 0.0000000000 0.0000000000 2.3260884285 9.1281681061 1.4104413986
-158.0368652344 116.2786331177 -45.9786224365 43.3530540466 0.0000000000 0.0000000000 2.3233838081 9.1533203125 1.4060779810
-158.0807037354 116.1170959473 -45.9788475037 43.3538627625 0.0000000000 0.0000000000 2.3303401470 9.1768512726 1.4114379883
-158.0487670898 116.1407089233 -45.9789352417 43.3532028198 0.0000000000 0.0000000000 2.3330762386 9.2103147507 1.4099149704
-158.0258026123 116.1727523804 -45.9789962769 43.3535957336 0.0000000000 0.0000000000 2.3411571980 9.2261419296 1.4122469425
-157.9186706543 116.1815643311 -45.9809570312 43.3533248901 0.0000000000 0.0000000000 2.3496856689 9.2479734421 1.4144612551
-157.7978515625 116.0834197998 -45.9813308716 43.3535156250 0.0000000000 0.0000000000 2.3577115536 9.2771663666 1.4197438955
-157.7291717529 116.0421142578 -45.9802627563 43.3543663025 0.0000000000 0.0000000000 2.3645110130 9.3009443283 1.4187370539
-157.6040649414 115.9688644409 -45.9802284241 43.3537902832 0.0000000000 0.0000000000 2.3718523979 9.3277072906 1.4263724089
-157.5897064209 115.8463058472 -45.9796714783 43.3541755676 0.0000000000 0.0000000000 2.3875801563 9.3537597656 1.4230322838
-157.5786132812 115.8425521851 -45.9796257019 43.3536987305 0.0000000000 0.0000000000 2.3917720318 9.3675317764 1.4232956171
-157.4174957275 115.9128952026 -45.9794006348 43.3538017273 0.0000000000 0.0000000000 2.3930456638 9.3982067108 1.4325156212
-157.3701019287 115.7932739258 -45.9789314270 43.3533363342 0.0000000000 0.0000000000 2.3970317841 9.4115209579 1.4299836159
-157.4751739502 115.7758636475 -45.9792785645 43.3530960083 0.0000000000 0.0000000000 2.3960747719 9.4363126755 1.4253605604
-157.4286804199 115.8487930298 -45.9791145325 43.3535156250 0.0000000000 0.0000000000 2.4039297104 9.4562664032 1.4315001965
-157.3439788818 115.8351821899 -45.9816093445 43.3536453247 0.0000000000 0.0000000000 2.4144649506 9.4845838547 1.4334419966
-157.1707916260 115.8263626099 -45.9815368652 43.3531608582 0.0000000000 0.0000000000 2.4199223518 9.5137853622 1.4402242899
-157.0925445557 115.8729400635 -45.9816169739 43.3533401489 0.0000000000 0.0000000000 2.4158780575 9.5424737930 1.4410111904
-157.1040802002 115.8995742798 -45.9812622070 43.3531227112 0.0000000000 0.0000000000 2.4298651218 9.5740480423 1.4481625557
-156.9138183594 115.9639739990 -45.9811401367 43.3531455994 0.0000000000 0.0000000000 2.4371671677 9.5855569839 1.4505215883
-156.9858703613 115.9183120728 -45.9802246094 43.3533401489 0.0000000000 0.0000000000 2.4375271797 9.6146221161 1.4453811646
-157.0258789062 115.8227310181 -45.9805984497 43.3537979126 0.0000000000 0.0000000000 2.4437258244 9.6284055710 1.4420218468
-156.9025421143 115.8630828857 -45.9802703857 43.3530235291 0.0000000000 0.0000000000 2.4548566341 9.6550416946 1.4428884983
-156.8424835205 115.9196319580 -45.9805526733 43.3531913757 0.0000000000 0.0000000000 2.4576797485 9.6732225418 1.4479737282
-156.8064727783 115.7763977051 -45.9806404114 43.3530273438 0.0000000000 0.0000000000 2.4664938450 9.6990728378 1.4497445822
-156.7432556152 115.7388305664 -45.9835166931 43.3532676697 0.0000000000 0.0000000000 2.4695606232 9.7314586639 1.4607142210
-156.6802520752 115.7002868652 -45.9829864502 43.3531608582 0.0000000000 0.0000000000 2.4717862606 9.7584562302 1.4590331316
-156.5001983643 115.7378845215 -45.9818763733 43.3527183533 0.0000000000 0.0000000000 2.4834172726 9.7913351059 1.4625569582
-156.4452667236 115.7066726685 -45.9813461304 43.3522682190 0.0000000000 0.0000000000 2.4833242893 9.8206348419 1.4610215425
-156.3831939697 115.8326187134 -45.9822845459 43.3525390625 0.0000000000 0.0000000000 2.4991185665 9.8579769135 1.4660177231
-156.3324279785 115.6926422119 -45.9815406799 43.3524627686 0.0000000000 0.0000000000 2.5033247471 9.8802375793 1.4652335644
-156.2689208984 115.7108764648 -45.9810638428 43.3525886536 0.0000000000 0.0000000000 2.5075924397 9.9003582001 1.4695910215
-156.2385711670 115.5894393921 -45.9804267883 43.3527679443 0.0000000000 0.0000000000 2.5110125542 9.9054012299 1.4718229771
-156.3372955322 115.6865921021 -45.9802627563 43.3523406982 0.0000000000 0.0000000000 2.5154614449 9.9169387817 1.4735016823
-156.3094940186 115.6459884644 -45.9804801941 43.3527641296 0.0000000000 0.0000000000 2.5175116062 9.9509477615 1.4778640270
-156.3382568359 115.5944747925 -45.9837493896 43.3529510498 0.0000000000 0.0000000000 2.5295779705 9.9706802368 1.4718005657
-156.3553009033 115.5864028931 -45.9832611084 43.3528175354 0.0000000000 0.0000000000 2.5393056870 10.0087490082 1.4710536003
-156.2898864746 115.5206909180 -45.9833145142 43.3526992798 0.0000000000 0.0000000000 2.5405583382 10.0154733658 1.4739680290
-156.2006530762 115.4712600708 -45.9826889038 43.3523368835 0.0000000000 0.0000000000 2.5623710155 10.0528163910 1.4812316895
-156.1125793457 115.4531784058 -45.9824638367 43.3519783020 0.0000000000 0.0000000000 2.5663938522 10.0803966522 1.4806463718
-156.0970153809 115.3235702515 -45.9826583862 43.3522758484 0.0000000000 0.0000000000 2.5609817505 10.0989294052 1.4847835302
-155.9644927979 115.3780517578 -45.9826965332 43.3525581360 0.0000000000 0.0000000000 2.5671563148 10.1278963089 1.4880182743
-155.8859863281 115.3857040405 -45.9823265076 43.3530197144 0.0000000000 0.0000000000 2.5683856010 10.1563301086 1.4880983829
-155.8106842041 115.3528137207 -45.9820632935 43.3531188965 0.0000000000 0.0000000000 2.5781910419 10.1680068970 1.4874604940
-155.8621673584 115.3077545166 -45.9821166992 43.3527679443 0.0000000000 0.0000000000 2.5859355927 10.2016439438 1.4889148474
-155.9200439453 115.2773513794 -45.9843482971 43.3525733948 0.0000000000 0.0000000000 2.5842480659 10.2250566483 1.4853893518
-155.6605987549 115.2834548950 -45.9846076965 43.3528518677 0.0000000000 0.0000000000 2.5952663422 10.2366247177 1.4896465540
-155.6366882324 115.1903839111 -45.9833602905 43.3526840210 0.0000000000 0.0000000000 2.5992665291 10.2633275986 1.4923167229
-155.5402374268 115.0882186890 -45.9837913513 43.3523864746 0.0000000000 0.0000000000 2.6092102528 10.2740716934 1.4907611609
-155.3750000000 115.1231307983 -45.9835090637 43.3520355225 0.0000000000 0.0000000000 2.6111977100 10.2813482285 1.5004334450
-155.4426269531 115.0128021240 -45.9831848145 43.3523330688 0.0000000000 0.0000000000 2.6206965446 10.3193044662 1.4970737696
-155.4353790283 115.0854415894 -45.9833641052 43.3526840210 0.0000000000 0.0000000000 2.6198165417 10.3384094238 1.5029512644
-155.2480773926 114.9741668701 -45.9823913574 43.3524589539 0.0000000000 0.0000000000 2.6310245991 10.3780183792 1.5048912764
-155.1891784668 114.9122619629 -45.9828872681 43.3526611328 0.0000000000 0.0000000000 2.6351084709 10.3828716278 1.5087909698
-155.0653839111 114.8771667480 -45.9821624756 43.3523330688 0.0000000000 0.0000000000 2.6387445927 10.3995265961 1.5154017210
-155.0246887207 114.8599853516 -45.9840736389 43.3523597717 0.0000000000 0.0000000000 2.6598765850 10.4543352127 1.5103888512
-154.9494018555 114.7899932861 -45.9844703674 43.3526344299 0.0000000000 0.0000000000 2.6610264778 10.4753608704 1.5143305063
-155.0346832275 114.7533187866 -45.9844703674 43.3526077271 0.0000000000 0.0000000000 2.6756958961 10.5092010498 1.5085668564
-154.9173431396 114.7389144897 -45.9839973450 43.3525085449 0.0000000000 0.0000000000 2.6919724941 10.5394668579 1.5139707327
-154.9248657227 114.7007598877 -45.9833946228 43.3526954651 0.0000000000 0.0000000000 2.6995587349 10.5570144653 1.5148009062
-154.8301239014 114.7236175537 -45.9830665588 43.3528251648 0.0000000000 0.0000000000 2.7225825787 10.5804557800 1.5136425495
-154.7549591064 114.7836761475 -45.9828262329 43.3523597717 0.0000000000 0.0000000000 2.7249910831 10.5973386765 1.5172157288
-154.8334045410 114.7762756348 -45.9826660156 43.3525199890 0.0000000000 0.0000000000 2.7320504189 10.6137104034 1.5104802847
-154.8250579834 114.8341217041 -45.9831428528 43.3526878357 0.0000000000 0.0000000000 2.7394118309 10.6386671066 1.5156379938
-154.7357482910 114.5994186401 -45.9829063416 43.3524475098 0.0000000000 0.0000000000 2.7409892082 10.6702613831 1.5140280724
-154.8278045654 114.6508941650 -45.9856643677 43.3524169922 0.0000000000 0.0000000000 2.7571156025 10.6967906952 1.5168176889
-154.7201995850 114.5315475464 -45.9848861694 43.3529014587 0.0000000000 0.0000000000 2.7554738522 10.7335824966 1.5146360397
-154.6267242432 114.5087814331 -45.9852333069 43.3527336121 0.0000000000 0.0000000000 2.7660183907 10.7677812576 1.5154589415
-154.6830749512 114.5392303467 -45.9844512939 43.3529701233 0.0000000000 0.0000000000 2.7685141563 10.7881851196 1.5169471502
-154.4935760498 114.4434127808 -45.9849090576 43.3526000977 0.0000000000 0.0000000000 2.7613792419 10.8077526093 1.5211735964
-154.5060424805 114.4868927002 -45.9845619202 43.3526496887 0.0000000000 0.0000000000 2.7717623711 10.8319129944 1.5170415640
-154.3520660400 114.4339294434 -45.9844436646 43.3524627686 0.0000000000 0.0000000000 2.7842407227 10.8495559692 1.5252820253
-154.2731170654 114.5174560547 -45.9841918945 43.3523406982 0.0000000000 0.0000000000 2.7869589329 10.8675823212 1.5238858461
-153.9868621826 114.4597625732 -45.9839096069 43.3519630432 0.0000000000 0.0000000000 2.7999479771 10.8829889297 1.5259332657
-153.8406372070 114.3002624512 -45.9844703674 43.3515052795 0.0000000000 0.0000000000 2.8111586571 10.9022703171 1.5319378376
-153.8136596680 114.3389358521 -45.9868736267 43.3517227173 0.0000000000 0.0000000000 2.8155560493 10.9334554672 1.5323648453
-153.8394470215 114.3574981689 -45.9866371155 43.3517074585 0.0000000000 0.0000000000 2.8221132755 10.9540596008 1.5362681150
-153.8092346191 114.3049697876 -45.9871978760 43.3515586853 0.0000000000 0.0000000000 2.8284497261 10.9928436279 1.5281746387
-153.7236785889 114.2123184204 -45.9873428345 43.3519554138 0.0000000000 0.0000000000 2.8363506794 10.9981851578 1.5304480791
-153.6920623779 114.3166580200 -45.9859924316 43.3524971008 0.0000000000 0.0000000000 2.8495609760 11.0329380035 1.5313220024
-153.5363616943 114.1985855103 -45.9864501953 43.3518180847 0.0000000000 0.0000000000 2.8635296822 11.0473556519 1.5357091427
-153.6736145020 114.2066726685 -45.9855117798 43.3514595032 0.0000000000 0.0000000000 2.8693060875 11.0725107193 1.5317242146
-153.6217956543 114.1804428101 -45.9864082336 43.3516502380 0.0000000000 0.0000000000 2.8684434891 11.0891904831 1.5371941328
-153.4193725586 114.1504364014 -45.9857025146 43.3526268005 0.0000000000 0.0000000000 2.8701741695 11.1130628586 1.5463179350
-153.3946685791 114.1428604126 -45.9853858948 43.3518066406 0.0000000000 0.0000000000 2.8875770569 11.1466350555 1.5421401262
-153.3397827148 114.0977478027 -45.9881744385 43.3517112732 0.0000000000 0.0000000000 2.8819468021 11.1738033295 1.5427759886
-153.2802886963 114.1556243896 -45.9882812500 43.3515205383 0.0000000000 0.0000000000 2.8780436516 11.1899976730 1.5459042788
-153.0763549805 114.0799636841 -45.9872016907 43.3518295288 0.0000000000 0.0000000000 2.8906183243 11.2213163376 1.5528346300
-153.0737457275 114.1386337280 -45.9871406555 43.3516197205 0.0000000000 0.0000000000 2.9051809311 11.2551031113 1.5499863625
-153.0594635010 114.0965881348 -45.9869461060 43.3519210815 0.0000000000 0.0000000000 2.9203968048 11.2814702988 1.5511353016
-152.9775238037 113.9617080688 -45.9868812561 43.3517227173 0.0000000000 0.0000000000 2.9290068150 11.2971744537 1.5468959808
-152.9237060547 113.9768753052 -45.9865646362 43.3513717651 0.0000000000 0.0000000000 2.9286925793 11.3068847656 1.5505440235
-152.9862823486 113.9195861816 -45.9860572815 43.3517532349 0.0000000000 0.0000000000 2.9302368164 11.3294534683 1.5493299961
-152.7437133789 113.9711532593 -45.9863166809 43.3522911072 0.0000000000 0.0000000000 2.9388473034 11.3476438522 1.5583552122
-152.7310791016 113.8998413086 -45.9857902527 43.3517913818 0.0000000000 0.0000000000 2.9430310726 11.3737373352 1.5588865280
-152.6648864746 113.8386077881 -45.9878997803 43.3517150879 0.0000000000 0.0000000000 2.9582872391 11.4184122086 1.5552906990
-152.7211761475 113.7738189697 -45.9884033203 43.3511466980 0.0000000000 0.0000000000 2.9760148525 11.4510908127 1.5564947128
-152.7527465820 113.7423324585 -45.9877815247 43.3514633179 0.0000000000 0.0000000000 2.9680519104 11.4750566483 1.5595587492
-152.7757568359 113.7176208496 -45.9881019592 43.3515396118 0.0000000000 0.0000000000 2.9840219021 11.4987993240 1.5610872507
-152.8256835938 113.6320953369 -45.9881057739 43.3512954712 0.0000000000 0.0000000000 2.9980754852 11.5436544418 1.5579311848
-152.7224273682 113.6219863892 -45.9883728027 43.3502769470 0.0000000000 0.0000000000 3.0090422630 11.5716514587 1.5597361326
-152.4716644287 113.5897216797 -45.9877738953 43.3510169983 0.0000000000 0.0000000000 3.0140013695 11.5873279572 1.5634624958
-152.3312225342 113.6056671143 -45.9877700806 43.3509864807 0.0000000000 0.0000000000 3.0211839676 11.6122474670 1.5676037073
-152.2714080811 113.5206527710 -45.9876403809 43.3511238098 0.0000000000 0.0000000000 3.0281553268 11.6564226151 1.5661042929
-152.1393890381 113.7285537720 -45.9875068665 43.3509864807 0.0000000000 0.0000000000 3.0389518738 11.6790533066 1.5686677694
-152.2923889160 113.6466522217 -45.9895439148 43.3508110046 0.0000000000 0.0000000000 3.0566625595 11.7279520035 1.5624589920
-152.1936035156 113.6741867065 -45.9896354675 43.3506011963 0.0000000000 0.0000000000 3.0613245964 11.7654886246 1.5709288120
-151.9992065430 113.5666961670 -45.9892349243 43.3501968384 0.0000000000 0.0000000000 3.0735335350 11.7958192825 1.5720740557
-151.8810424805 113.4582366943 -45.9897575378 43.3503456116 0.0000000000 0.0000000000 3.0782380104 11.8344917297 1.5801141262
-151.8953399658 113.3755950928 -45.9891548157 43.3501243591 0.0000000000 0.0000000000 3.0774931908 11.8603687286 1.5770753622
-151.7392730713 113.4674453735 -45.9887847900 43.3505668640 0.0000000000 0.0000000000 3.0918066502 11.8797979355 1.5890728235
-151.7896423340 113.5075149536 -45.9878883362 43.3502960205 0.0000000000 0.0000000000 3.1067411900 11.9025478363 1.5846973658
-151.7499694824 113.6251068115 -45.9883346558 43.3502655029 0.0000000000 0.0000000000 3.1119799614 11.9182043076 1.5881303549
-151.7630767822 113.5756072998 -45.9877243042 43.3501892090 0.0000000000 0.0000000000 3.1136484146 11.9505405426 1.5823379755
-151.7108764648 113.4465942383 -45.9880599976 43.3504981995 0.0000000000 0.0000000000 3.1324601173 11.9832267761 1.5779829025
-151.7397155762 113.4425888062 -45.9899368286 43.3500137329 0.0000000000 0.0000000000 3.1434929371 12.0260934830 1.5815289021
-151.5588989258 113.3228836060 -45.9901924133 43.3503303528 0.0000000000 0.0000000000 3.1610555649 12.0614061356 1.5832626820
-151.6950683594 113.4062652588 -45.9893493652 43.3502883911 0.0000000000 0.0000000000 3.1678521633 12.0881805420 1.5833129883
-151.5596771240 113.4651260376 -45.9902992249 43.3497734070 0.0000000000 0.0000000000 3.1746578217 12.1271076202 1.5835566521
-151.5662994385 113.2668762207 -45.9900665283 43.3506278992 0.0000000000 0.0000000000 3.1742281914 12.1449146271 1.5863102674
-151.5976257324 113.3162536621 -45.9900245667 43.3498382568 0.0000000000 0.0000000000 3.1836383343 12.1703596115 1.5810958147
-151.5144500732 113.2593841553 -45.9896926880 43.3506927490 0.0000000000 0.0000000000 3.1997046471 12.1970748901 1.5840895176
-151.6112518311 113.2549591064 -45.9899101257 43.3505821228 0.0000000000 0.0000000000 3.2033822536 12.2411899567 1.5808193684
-151.4304962158 113.2645187378 -45.9900169373 43.3502655029 0.0000000000 0.0000000000 3.2146811485 12.2652435303 1.5867077112
-151.5227508545 113.1234130859 -45.9894027710 43.3498802185 0.0000000000 0.0000000000 3.2319912910 12.3039293289 1.5769244432
-151.4635620117 113.1015625000 -45.9917297363 43.3497047424 0.0000000000 0.0000000000 3.2453351021 12.3554573059 1.5839836597
-151.4711456299 113.0097274780 -45.9917449951 43.3493728638 0.0000000000 0.0000000000 3.2430620193 12.3893880844 1.5901901722
-151.3696136475 112.9800338745 -45.9903793335 43.3503990173 0.0000000000 0.0000000000 3.2544162273 12.4236040115 1.5958153009
-151.3027343750 113.1309585571 -45.9905891418 43.3498039246 0.0000000000 0.0000000000 3.2615344524 12.4527645111 1.6026164293
-151.1329345703 113.0615081787 -45.9902153015 43.3499641418 0.0000000000 0.0000000000 3.2646546364 12.4821567535 1.6055856943
-151.2088928223 113.0783233643 -45.9905738831 43.3505134583 0.0000000000 0.0000000000 3.2886724472 12.5211305618 1.5969396830
-151.1090240479 112.9956893921 -45.9905433655 43.3500862122 0.0000000000 0.0000000000 3.2946364880 12.5550603867 1.6049718857
-151.1406250000 113.1061172485 -45.9898223877 43.3502273560 0.0000000000 0.0000000000 3.3095085621 12.6079769135 1.6021404266
-151.0464935303 113.1133956909 -45.9902877808 43.3497352600 0.0000000000 0.0000000000 3.3207745552 12.6366872787 1.6025564671
-151.0907592773 112.9944381714 -45.9894638062 43.3498764038 0.0000000000 0.0000000000 3.3309326172 12.6631879807 1.5963619947
-151.0588836670 112.8993759155 -45.9924354553 43.3498458862 0.0000000000 0.0000000000 3.3440933228 12.7102355957 1.6005131006
-151.0987701416 112.9090805054 -45.9917869568 43.3498687744 0.0000000000 0.0000000000 3.3612499237 12.7566652298 1.6017869711
-151.0133361816 112.9816970825 -45.9919128418 43.3497123718 0.0000000000 0.0000000000 3.3626554012 12.7943410873 1.6085034609
-151.0694274902 113.0215835571 -45.9916648865 43.3502159119 0.0000000000 0.0000000000 3.3829357624 12.8405160904 1.6027340889
-151.0386199951 112.9232864380 -45.9917716980 43.3501472473 0.0000000000 0.0000000000 3.3951673508 12.8981561661 1.6039817333
-151.0195770264 112.9089889526 -45.9913215637 43.3501930237 0.0000000000 0.0000000000 3.3988802433 12.9246749878 1.6073452234
-151.1015777588 112.8427886963 -45.9908599854 43.3497581482 0.0000000000 0.0000000000 3.4083702564 12.9692478180 1.6027421951
-151.1203308105 112.7528228760 -45.9911956787 43.3500633240 0.0000000000 0.0000000000 3.4200992584 13.0087261200 1.5993162394
-150.9444274902 112.6114196777 -45.9908943176 43.3493347168 0.0000000000 0.0000000000 3.4285421371 13.0408382416 1.6115596294
-150.9491271973 112.6622085571 -45.9902763367 43.3490982056 0.0000000000 0.0000000000 3.4373972416 13.0723676682 1.6076900959
-150.9163055420 112.5706481934 -45.9922904968 43.3496665955 0.0000000000 0.0000000000 3.4502327442 13.1210136414 1.6096016169
-150.8399810791 112.5165405273 -45.9926605225 43.3494033813 0.0000000000 0.0000000000 3.4592487812 13.1726427078 1.6057232618
-150.7667541504 112.4108734131 -45.9921302795 43.3492164612 0.0000000000 0.0000000000 3.4663658142 13.2176599503 1.6083133221
-150.7542266846 112.5260086060 -45.9922904968 43.3493080139 0.0000000000 0.0000000000 3.4779980183 13.2611427307 1.6116572618
-150.6335449219 112.4864730835 -45.9918251038 43.3492507935 0.0000000000 0.0000000000 3.4966735840 13.3094902039 1.6156365871
-150.5106506348 112.4800491333 -45.9929504395 43.3492813110 0.0000000000 0.0000000000 3.5071899891 13.3540763855 1.6168948412
-150.3676910400 112.3699493408 -45.9920616150 43.3490028381 0.0000000000 0.0000000000 3.5123059750 13.3775434494 1.6232510805
-150.3557891846 112.4472732544 -45.9915809631 43.3487167358 0.0000000000 0.0000000000 3.5228097439 13.4096622467 1.6236263514
-150.3636627197 112.5462875366 -45.9913940430 43.3495101929 0.0000000000 0.0000000000 3.5345704556 13.4413652420 1.6257177591
-150.2886657715 112.5868682861 -45.9910964966 43.3492622375 0.0000000000 0.0000000000 3.5330090523 13.4741096497 1.6305195093
-150.3959960938 112.6093368530 -45.9931526184 43.3497238159 0.0000000000 0.0000000000 3.5564310551 13.5328807831 1.6233081818
-150.2371673584 112.6175003052 -45.9936294556 43.3487091064 0.0000000000 0.0000000000 3.5619680882 13.5798425674 1.6284183264
-150.0845489502 112.5026321411 -45.9926910400 43.3490447998 0.0000000000 0.0000000000 3.5849244595 13.6372594833 1.6250834465
-150.1039428711 112.4496841431 -45.9929351807 43.3481788635 0.0000000000 0.0000000000 3.5981297493 13.6704206467 1.6252820492
-150.0300598145 112.1857833862 -45.9920310974 43.3490257263 0.0000000000 0.0000000000 3.6122844219 13.7141761780 1.6211655140
-149.8926696777 112.1924285889 -45.9928855896 43.3484878540 0.0000000000 0.0000000000 3.6186027527 13.7417268753 1.6273181438
-149.8325195312 112.0178604126 -45.9919166565 43.3486976624 0.0000000000 0.0000000000 3.6313798428 13.7908525467 1.6331917048
-149.8158111572 112.0379409790 -45.9919548035 43.3478126526 0.0000000000 0.0000000000 3.6350481510 13.8240652084 1.6358582973
-149.6550598145 111.9612045288 -45.9914360046 43.3486251831 0.0000000000 0.0000000000 3.6416819096 13.8536510468 1.6382426023
-149.7653350830 111.8864974976 -45.9911956787 43.3479652405 0.0000000000 0.0000000000 3.6581358910 13.9095106125 1.6266477108
-149.7845611572 111.8800430298 -45.9938125610 43.3481712341 0.0000000000 0.0000000000 3.6566298008 13.9605331421 1.6321721077
-149.7134399414 111.9016571045 -45.9936904907 43.3480834961 0.0000000000 0.0000000000 3.6748082638 13.9979953766 1.6370648146
-149.6312866211 111.7807006836 -45.9930076599 43.3485450745 0.0000000000 0.0000000000 3.6912848949 14.0439777374 1.6405308247
-149.7376098633 111.8034286499 -45.9930992126 43.3477134705 0.0000000000 0.0000000000 3.7101521492 14.0896043777 1.6352441311
-149.6253204346 111.6792144775 -45.9926414490 43.3486022949 0.0000000000 0.0000000000 3.7134072781 14.1160840988 1.6412841082
-149.5838317871 111.7457809448 -45.9921951294 43.3480987549 0.0000000000 0.0000000000 3.7177004814 14.1464796066 1.6429442167
-149.4879760742 111.6917648315 -45.9922676086 43.3483848572 0.0000000000 0.0000000000 3.7218513489 14.1816062927 1.6446362734
-149.4232482910 111.5848693848 -45.9916725159 43.3477630615 0.0000000000 0.0000000000 3.7262663841 14.2055406570 1.6504651308
-149.4505004883 111.5687789917 -45.9916038513 43.3477745056 0.0000000000 0.0000000000 3.7319369316 14.2318668365 1.6557612419
-149.3391571045 111.5683059692 -45.9908905029 43.3480110168 0.0000000000 0.0000000000 3.7418889999 14.2622413635 1.6547017097
-149.3939819336 111.5457611084 -45.9933624268 43.3483009338 0.0000000000 0.0000000000 3.7522308826 14.3233880997 1.6554533243
-149.3457794189 111.5355072021 -45.9930992126 43.3474617004 0.0000000000 0.0000000000 3.7634503841 14.3836202621 1.6524572372
-149.2128601074 111.5006027222 -45.9931411743 43.3480644226 0.0000000000 0.0000000000 3.7713236809 14.4252700806 1.6612468958
-149.2469482422 111.5952453613 -45.9920310974 43.3478431702 0.0000000000 0.0000000000 3.7824263573 14.4682855606 1.6634041071
-149.3823547363 111.5888061523 -45.9925193787 43.3487777710 0.0000000000 0.0000000000 3.7923479080 14.5235652924 1.6594158411
-149.3268890381 111.5189056396 -45.9919242859 43.3484458923 0.0000000000 0.0000000000 3.7979323864 14.5664978027 1.6624766588
-149.1209259033 111.3574829102 -45.9925193787 43.3488235474 0.0000000000 0.0000000000 3.8053328991 14.5861930847 1.6658841372
-149.2073364258 111.3663787842 -45.9915008545 43.3479080200 0.0000000000 0.0000000000 3.8221085072 14.6384811401 1.6647850275
-149.0173187256 111.3071975708 -45.9917373657 43.3486747742 0.0000000000 0.0000000000 3.8289875984 14.6747884750 1.6667910814
-149.1217803955 111.2670135498 -45.9911193848 43.3485183716 0.0000000000 0.0000000000 3.8376107216 14.7311687469 1.6672227383
-149.0065307617 111.2431411743 -45.9940834045 43.3482971191 0.0000000000 0.0000000000 3.8635485172 14.7928133011 1.6701456308
-149.0126495361 111.2532348633 -45.9938545227 43.3482208252 0.0000000000 0.0000000000 3.8767371178 14.8521623611 1.6660820246
-148.8880920410 111.1771011353 -45.9944572449 43.3484458923 0.0000000000 0.0000000000 3.8891918659 14.8967409134 1.6714522839
-148.9473571777 111.0085754395 -45.9934768677 43.3478965759 0.0000000000 0.0000000000 3.8939116001 14.9438390732 1.6713739634
-148.9470367432 111.0584716797 -45.9942283630 43.3479728699 0.0000000000 0.0000000000 3.9004416466 14.9951200485 1.6728338003
-148.8793792725 111.0505905151 -45.9944648743 43.3477172852 0.0000000000 0.0000000000 3.9128036499 15.0555324554 1.6774394512
-148.7734375000 110.9832458496 -45.9938850403 43.3479385376 0.0000000000 0.0000000000 3.9199910164 15.1021041870 1.6841877699
-148.6511688232 110.9927749634 -45.9930763245 43.3478584290 0.0000000000 0.0000000000 3.9474732876 15.1530752182 1.6853643656
-148.6881561279 110.9576568604 -45.9929542542 43.3478507996 0.0000000000 0.0000000000 3.9500489235 15.1893825531 1.6897846460
-148.7822265625 110.9653091431 -45.9919548035 43.3476524353 0.0000000000 0.0000000000 3.9576332569 15.2091121674 1.6977142096
-148.7598724365 110.9304733276 -45.9939498901 43.3489761353 0.0000000000 0.0000000000 3.9786024094 15.2644567490 1.6946299076
-148.7128906250 110.8280944824 -45.9939918518 43.3488769531 0.0000000000 0.0000000000 3.9969546795 15.3095245361 1.6943414211
-148.5024719238 110.6068954468 -45.9944305420 43.3485603333 0.0000000000 0.0000000000 4.0096850395 15.3745584488 1.6956496239
-148.4290008545 110.7179107666 -45.9935417175 43.3474388123 0.0000000000 0.0000000000 4.0212583542 15.4075260162 1.7047129869
-148.3713226318 110.7727661133 -45.9935188293 43.3484916687 0.0000000000 0.0000000000 4.0363326073 15.4632539749 1.7069958448
-148.3824768066 110.6531143188 -45.9938087463 43.3484230042 0.0000000000 0.0000000000 4.0527520180 15.5025815964 1.7017769814
-148.4127655029 110.4871978760 -45.9939460754 43.3484954834 0.0000000000 0.0000000000 4.0542407036 15.5424184799 1.7059648037
-148.4597167969 110.4283294678 -45.9935760498 43.3475456238 0.0000000000 0.0000000000 4.0609130859 15.5767993927 1.7027816772
-148.5532379150 110.3545913696 -45.9929275513 43.3482322693 0.0000000000 0.0000000000 4.0741319656 15.6258802414 1.6999492645
-148.5504608154 110.3851623535 -45.9935913086 43.3474655151 0.0000000000 0.0000000000 4.0802559853 15.6557750702 1.7024068832
-148.3224639893 110.3246383667 -45.9949378967 43.3479690552 0.0000000000 0.0000000000 4.0889725685 15.7200307846 1.7097582817
-148.1768951416 110.2437438965 -45.9946708679 43.3474159241 0.0000000000 0.0000000000 4.0981755257 15.7736816406 1.7113080025
-148.1781768799 110.2035827637 -45.9946441650 43.3476066589 0.0000000000 0.0000000000 4.1151213646 15.8264074326 1.7139389515
-147.9811859131 110.2015380859 -45.9940910339 43.3478240967 0.0000000000 0.0000000000 4.1200294495 15.8626585007 1.7206115723
-147.8834838867 110.3015213013 -45.9935302734 43.3472709656 0.0000000000 0.0000000000 4.1208157539 15.8952608109 1.7261866331
-147.8328399658 110.2019119263 -45.9927787781 43.3483657837 0.0000000000 0.0000000000 4.1235008240 15.9341506958 1.7294216156
-147.7467803955 110.2649002075 -45.9934043884 43.3472862244 0.0000000000 0.0000000000 4.1251192093 15.9503822327 1.7334730625
-147.8747558594 110.2817382812 -45.9927368164 43.3476448059 0.0000000000 0.0000000000 4.1514730453 15.9892921448 1.7253479958
-147.8774108887 110.2438430786 -45.9928932190 43.3481712341 0.0000000000 0.0000000000 4.1617813110 16.0422897339 1.7269437313
-147.9099273682 110.2573928833 -45.9936904907 43.3475875854 0.0000000000 0.0000000000 4.1676235199 16.0786190033 1.7287985086
-147.9299011230 110.0858459473 -45.9952316284 43.3476333618 0.0000000000 0.0000000000 4.1810288429 16.1437053680 1.7312310934
-147.8929901123 110.2106094360 -45.9947586060 43.3470077515 0.0000000000 0.0000000000 4.1950926781 16.2198638916 1.7328734398
-147.7920227051 110.0618591309 -45.9954833984 43.3474159241 0.0000000000 0.0000000000 4.1962790489 16.2683124542 1.7367618084
-147.7293090820 110.1493148804 -45.9941978455 43.3474082947 0.0000000000 0.0000000000 4.2090954781 16.3122730255 1.7454942465
-147.5929565430 110.1195220947 -45.9945793152 43.3476295471 0.0000000000 0.0000000000 4.2143187523 16.3558292389 1.7575100660
-147.5608215332 110.0023651123 -45.9934158325 43.3472633362 0.0000000000 0.0000000000 4.2315850258 16.4030113220 1.7550188303
-147.6404266357 109.9244766235 -45.9934082031 43.3469924927 0.0000000000 0.0000000000 4.2366595268 16.4538650513 1.7554131746
-147.4176940918 109.8999023438 -45.9934310913 43.3467407227 0.0000000000 0.0000000000 4.2364373207 16.4710464478 1.7598620653
-147.3505249023 109.7955780029 -45.9930610657 43.3467941284 0.0000000000 0.0000000000 4.2383174896 16.4967765808 1.7661142349
-147.3266143799 109.8276596069 -45.9921722412 43.3467903137 0.0000000000 0.0000000000 4.2488980293 16.5271492004 1.7633529902
-147.2944946289 109.6882781982 -45.9941406250 43.3476295471 0.0000000000 0.0000000000 4.2593560219 16.5906848907 1.7631187439
-147.2385864258 109.9033966064 -45.9940910339 43.3466644287 0.0000000000 0.0000000000 4.2675738335 16.6563396454 1.7589479685
-146.9866638184 109.8405914307 -45.9949760437 43.3467178345 0.0000000000 0.0000000000 4.2817001343 16.7003879547 1.7687294483
-146.9569854736 109.9516525269 -45.9937248230 43.3463287354 0.0000000000 0.0000000000 4.2903184891 16.7437438965 1.7696744204
-146.8942108154 109.9212036133 -45.9929580688 43.3467140198 0.0000000000 0.0000000000 4.3047513962 16.7865333557 1.7732185125
-146.7671051025 109.8318862915 -45.9928207397 43.3470001221 0.0000000000 0.0000000000 4.3119659424 16.8318672180 1.7733070850
-146.7482604980 109.7459564209 -45.9934730530 43.3459663391 0.0000000000 0.0000000000 4.3144106865 16.8577404022 1.7752671242
-146.6937713623 109.6263732910 -45.9919090271 43.3465080261 0.0000000000 0.0000000000 4.3243026733 16.9012317657 1.7805726528
-146.6463623047 109.6145553589 -45.9925231934 43.3461761475 0.0000000000 0.0000000000 4.3387188911 16.9582405090 1.7782454491
-146.6517791748 109.5960845947 -45.9930992126 43.3456611633 0.0000000000 0.0000000000 4.3515734673 16.9911499023 1.7828996181
-146.7393798828 109.6141128540 -45.9934501648 43.3468437195 0.0000000000 0.0000000000 4.3827824593 17.0758380890 1.7736750841
-146.7039031982 109.4322204590 -45.9951515198 43.3461456299 0.0000000000 0.0000000000 4.3832211494 17.1344413757 1.7768995762
-146.5085601807 109.3817367554 -45.9941253662 43.3460044861 0.0000000000 0.0000000000 4.3859157562 17.1714801788 1.7801399231
-146.4350280762 109.3941421509 -45.9937248230 43.3459663391 0.0000000000 0.0000000000 4.4016370773 17.2021045685 1.7829540968
-146.4770202637 109.2450180054 -45.9932022095 43.3459625244 0.0000000000 0.0000000000 4.4126415253 17.2414474487 1.7857230902
-146.4397735596 109.3026733398 -45.9936408997 43.3458709717 0.0000000000 0.0000000000 4.4335098267 17.2978935242 1.7832725048
-146.2328338623 109.3818283081 -45.9937629700 43.3463821411 0.0000000000 0.0000000000 4.4490809441 17.3472881317 1.7861479521
-146.0941925049 109.3805999756 -45.9925727844 43.3459243774 0.0000000000 0.0000000000 4.4550499916 17.3756122589 1.7897506952
-146.0435943604 109.2443847656 -45.9927940369 43.3466873169 0.0000000000 0.0000000000 4.4617376328 17.4375362396 1.7887526751
-145.9220123291 109.1460952759 -45.9932823181 43.3462829590 0.0000000000 0.0000000000 4.4714574814 17.4736976624 1.7888628244
-145.9661407471 109.1582031250 -45.9953651428 43.3466339111 0.0000000000 0.0000000000 4.4883117676 17.5348339081 1.7898203135
-145.9459075928 109.0638427734 -45.9952239990 43.3465690613 0.0000000000 0.0000000000 4.4925184250 17.5959644318 1.8002554178
-145.8994293213 109.0501785278 -45.9941902161 43.3463668823 0.0000000000 0.0000000000 4.5069274902 17.6436004639 1.8057487011
-145.9877014160 109.1074752808 -45.9938163757 43.3464393616 0.0000000000 0.0000000000 4.5118761063 17.7181243896 1.8003919125
-146.0162048340 109.1486129761 -45.9947929382 43.3453750610 0.0000000000 0.0000000000 4.5327892303 17.7928276062 1.7987289429
-145.9332275391 109.0639266968 -45.9951553345 43.3461647034 0.0000000000 0.0000000000 4.5369987488 17.8361129761 1.8016920090
-145.7044067383 108.9171829224 -45.9938316345 43.3460998535 0.0000000000 0.0000000000 4.5504927635 17.8624382019 1.8090965748
-145.6350555420 108.9157333374 -45.9939193726 43.3455734253 0.0000000000 0.0000000000 4.5645565987 17.9281578064 1.8093955517
-145.7520751953 108.9847793579 -45.9943275452 43.3457946777 0.0000000000 0.0000000000 4.5693535805 17.9729862213 1.8150229454
-145.7109985352 108.9247817993 -45.9938812256 43.3466072083 0.0000000000 0.0000000000 4.5837326050 18.0104846954 1.8205708265
-145.7513732910 108.9034347534 -45.9945411682 43.3470535278 0.0000000000 0.0000000000 4.5943670273 18.0890331268 1.8188991547
-145.7519378662 109.0154724121 -45.9954528809 43.3466911316 0.0000000000 0.0000000000 4.6072840691 18.1555767059 1.8224762678
-145.5349578857 108.9283676147 -45.9953308105 43.3461532593 0.0000000000 0.0000000000 4.6217775345 18.1978282928 1.8251068592
-145.6659088135 108.9244384766 -45.9958267212 43.3460350037 0.0000000000 0.0000000000 4.6303658485 18.2543487549 1.8232436180
-145.7115478516 108.8447189331 -45.9944000244 43.3468551636 0.0000000000 0.0000000000 4.6436734200 18.3287773132 1.8251792192
-145.7240600586 108.9163436890 -45.9945144653 43.3457260132 0.0000000000 0.0000000000 4.6510334015 18.3926010132 1.8240901232
-145.6651306152 108.9272003174 -45.9950904846 43.3464012146 0.0000000000 0.0000000000 4.6614174843 18.4358577728 1.8257021904
-145.6494445801 108.8514633179 -45.9944343567 43.3458518982 0.0000000000 0.0000000000 4.6704816818 18.4930648804 1.8204321861
-145.7153930664 108.8774642944 -45.9952354431 43.3458442688 0.0000000000 0.0000000000 4.6775007248 18.5391750336 1.8244733810
-145.8033905029 108.8171691895 -45.9937896729 43.3465270996 0.0000000000 0.0000000000 4.6857037544 18.5935020447 1.8250168562
-145.7131195068 108.7357254028 -45.9962921143 43.3465538025 0.0000000000 0.0000000000 4.7078790665 18.6563987732 1.8267006874
-145.5880279541 108.7098007202 -45.9964294434 43.3457260132 0.0000000000 0.0000000000 4.7189545631 18.7140197754 1.8301762342
-145.4640502930 108.6115646362 -45.9958343506 43.3457908630 0.0000000000 0.0000000000 4.7221941948 18.7544441223 1.8393239975
-145.5202331543 108.7411117554 -45.9945907593 43.3456878662 0.0000000000 0.0000000000 4.7398176193 18.7985057831 1.8387410641
-145.2702789307 108.6259536743 -45.9952049255 43.3463363647 0.0000000000 0.0000000000 4.7357344627 18.8153629303 1.8558256626
-145.2828826904 108.6668014526 -45.9933433533 43.3464660645 0.0000000000 0.0000000000 4.7604413033 18.8904953003 1.8511303663
-145.2192840576 108.5609588623 -45.9948425293 43.3460578918 0.0000000000 0.0000000000 4.7791514397 18.9545211792 1.8537107706
-145.0245056152 108.6827316284 -45.9949645996 43.3457527161 0.0000000000 0.0000000000 4.7951974869 19.0092086792 1.8545683622
-144.9429168701 108.6374435425 -45.9948654175 43.3456230164 0.0000000000 0.0000000000 4.8032345772 19.0632629395 1.8558185101
-144.8594207764 108.5637130737 -45.9944496155 43.3457527161 0.0000000000 0.0000000000 4.8130497932 19.0948905945 1.8574116230
-144.8285369873 108.5685653687 -45.9953079224 43.3459129333 0.0000000000 0.0000000000 4.8341908455 19.1753425598 1.8589398861
-144.7565002441 108.5567855835 -45.9956855774 43.3460350037 0.0000000000 0.0000000000 4.8323864937 19.2007808685 1.8695815802
-144.6376037598 108.4948730469 -45.9941101074 43.3461151123 0.0000000000 0.0000000000 4.8490304947 19.2620983124 1.8601155281
-144.5529174805 108.3957595825 -45.9959754944 43.3458023071 0.0000000000 0.0000000000 4.8615713120 19.3090782166 1.8605430126
-144.4371948242 108.4923019409 -45.9955635071 43.3460006714 0.0000000000 0.0000000000 4.8708958626 19.3751773834 1.8605700731
-144.3384857178 108.3814086914 -45.9961776733 43.3457908630 0.0000000000 0.0000000000 4.8793377876 19.4126739502 1.8652716875
-144.3070678711 108.2735366821 -45.9948081970 43.3460350037 0.0000000000 0.0000000000 4.8834123611 19.4676952362 1.8692934513
-144.1489868164 108.2497177124 -45.9951858521 43.3462524414 0.0000000000 0.0000000000 4.8930025101 19.5101871490 1.8706290722
-144.0355377197 108.2533874512 -45.9948921204 43.3461952209 0.0000000000 0.0000000000 4.9004874229 19.5337505341 1.8758825064
-143.8733367920 108.2552261353 -45.9958801270 43.3462562561 0.0000000000 0.0000000000 4.9061832428 19.5879917145 1.8804233074
-144.1241149902 108.2970123291 -45.9964790344 43.3456535339 0.0000000000 0.0000000000 4.9284806252 19.6574935913 1.8739993572
-143.9420776367 108.3140411377 -45.9974327087 43.3463478088 0.0000000000 0.0000000000 4.9378743172 19.7039184570 1.8785096407
-143.8335266113 108.4412307739 -45.9961776733 43.3460502625 0.0000000000 0.0000000000 4.9631628990 19.7545986176 1.8780975342
-143.9476165771 108.3422164917 -45.9967803955 43.3459014893 0.0000000000 0.0000000000 4.9729175568 19.8030376434 1.8759759665
-143.8630371094 108.3692245483 -45.9961624146 43.3457069397 0.0000000000 0.0000000000 4.9819130898 19.8306465149 1.8771429062
-143.8415222168 108.3717117310 -45.9954414368 43.3460693359 0.0000000000 0.0000000000 4.9952001572 19.8691654205 1.8752022982
-143.7524719238 108.1713562012 -45.9959793091 43.3452415466 0.0000000000 0.0000000000 5.0046024323 19.9012527466 1.8795490265
-143.6507720947 108.1133193970 -45.9957542419 43.3453750610 0.0000000000 0.0000000000 5.0157451630 19.9062328339 1.8827785254
-143.6934661865 108.2798080444 -45.9943466187 43.3456230164 0.0000000000 0.0000000000 5.0233201981 19.9475879669 1.8783304691
-143.7299957275 108.2711105347 -45.9958915710 43.3458366394 0.0000000000 0.0000000000 5.0366258621 19.9905471802 1.8757683039
-143.6381225586 108.2450332642 -45.9971542358 43.3459968567 0.0000000000 0.0000000000 5.0388202667 20.0485401154 1.8852146864
-143.5038909912 108.1782760620 -45.9958305359 43.3459663391 0.0000000000 0.0000000000 5.0497832298 20.1191043854 1.8813906908
-143.5115356445 108.2170944214 -45.9968719482 43.3457450867 0.0000000000 0.0000000000 5.0558323860 20.1749210358 1.8831031322
-143.4789733887 108.3300094604 -45.9955749512 43.3453483582 0.0000000000 0.0000000000 5.0769062042 20.2278556824 1.8796757460
-143.4238128662 108.2151641846 -45.9968223572 43.3454933167 0.0000000000 0.0000000000 5.0929298401 20.2797527313 1.8749153614
-143.5245056152 108.0653839111 -45.9966506958 43.3450622559 0.0000000000 0.0000000000 5.1107096672 20.3280696869 1.8781120777
-143.3594360352 108.0143737793 -45.9964714050 43.3457794189 0.0000000000 0.0000000000 5.1240329742 20.3569850922 1.8916585445
-143.4116821289 107.9379959106 -45.9956092834 43.3459358215 0.0000000000 0.0000000000 5.1312780380 20.4142799377 1.8858996630
-143.3409729004 107.9199905396 -45.9962692261 43.3458099365 0.0000000000 0.0000000000 5.1431193352 20.4744606018 1.8868516684
-143.0257263184 108.0292739868 -45.9962997437 43.3455238342 0.0000000000 0.0000000000 5.1437959671 20.5093154907 1.8942145109
-143.1617431641 107.9336929321 -45.9963951111 43.3459777832 0.0000000000 0.0000000000 5.1575341225 20.5781211853 1.8931246996
-143.1263885498 108.0158920288 -45.9964866638 43.3454437256 0.0000000000 0.0000000000 5.1789674759 20.6218547821 1.8894456625
-143.1644287109 107.8853912354 -45.9972457886 43.3455162048 0.0000000000 0.0000000000 5.1879968643 20.6855964661 1.8919754028
-143.1345977783 107.7982177734 -45.9966201782 43.3449134827 0.0000000000 0.0000000000 5.2007904053 20.7312107086 1.8963361979
-143.1542358398 107.8700332642 -45.9960861206 43.3454170227 0.0000000000 0.0000000000 5.2067065239 20.7950344086 1.9027551413
-143.1721649170 107.8449096680 -45.9961280823 43.3446540833 0.0000000000 0.0000000000 5.2338552475 20.8341293335 1.8990087509
-143.2977447510 107.8473434448 -45.9965209961 43.3453483582 0.0000000000 0.0000000000 5.2431859970 20.9007358551 1.8945306540
-143.2180938721 107.7544708252 -45.9962615967 43.3448600769 0.0000000000 0.0000000000 5.2571148872 20.9452934265 1.8946356773
-143.1020507812 107.8029251099 -45.9961929321 43.3452796936 0.0000000000 0.0000000000 5.2532243729 21.0069599152 1.9021569490
-142.9064483643 107.6297760010 -45.9962806702 43.3445587158 0.0000000000 0.0000000000 5.2672629356 21.0371284485 1.9022595882
-142.9655761719 107.6373214722 -45.9963226318 43.3452720642 0.0000000000 0.0000000000 5.2915911674 21.0803146362 1.8962103128
-142.9939117432 107.7131118774 -45.9964027405 43.3444328308 0.0000000000 0.0000000000 5.3080410957 21.1374034882 1.8969421387
-142.8932342529 107.7514266968 -45.9965705872 43.3451080322 0.0000000000 0.0000000000 5.3190770149 21.1783275604 1.8972203732
-142.7940826416 107.7987518311 -45.9961624146 43.3449249268 0.0000000000 0.0000000000 5.3356080055 21.2075195312 1.9001924992
-142.8943176270 107.8450317383 -45.9959068298 43.3448715210 0.0000000000 0.0000000000 5.3435254097 21.2593746185 1.9032359123
-142.8907165527 107.9204025269 -45.9956779480 43.3451881409 0.0000000000 0.0000000000 5.3539409637 21.3120708466 1.9070960283
-142.8627929688 107.8441772461 -45.9956474304 43.3450317383 0.0000000000 0.0000000000 5.3688764572 21.3591117859 1.9027403593
-142.7666015625 107.8108901978 -45.9960136414 43.3452529907 0.0000000000 0.0000000000 5.3864045143 21.3997039795 1.9038430452
-142.7875213623 107.8763504028 -45.9954223633 43.3456726074 0.0000000000 0.0000000000 5.3918976784 21.4394626617 1.9043081999
-142.6219482422 107.8237304688 -45.9947853088 43.3452606201 0.0000000000 0.0000000000 5.3991866112 21.4706153870 1.9078171253
-142.8739166260 107.7315597534 -45.9956512451 43.3461875916 0.0000000000 0.0000000000 5.4059662819 21.5132198334 1.9061963558
-142.8450012207 107.7112579346 -45.9967765808 43.3458786011 0.0000000000 0.0000000000 5.4108934402 21.5664882660 1.9037673473
-142.7497100830 107.8153915405 -45.9969787598 43.3448028564 0.0000000000 0.0000000000 5.4171762466 21.5825004578 1.9133838415
-142.7864532471 107.7483520508 -45.9950218201 43.3453102112 0.0000000000 0.0000000000 5.4313955307 21.6296062469 1.9111818075
-142.7976837158 107.6704254150 -45.9965629578 43.3452949524 0.0000000000 0.0000000000 5.4384279251 21.6739406586 1.9167753458
-142.8139953613 107.5500030518 -45.9959526062 43.3452606201 0.0000000000 0.0000000000 5.4447627068 21.7384052277 1.9171700478
-142.7823486328 107.5857315063 -45.9962120056 43.3445625305 0.0000000000 0.0000000000 5.4736595154 21.7680416107 1.9126121998
-142.6305236816 107.5205383301 -45.9960975647 43.3454627991 0.0000000000 0.0000000000 5.4750237465 21.8316364288 1.9140912294
-142.6233062744 107.4515228271 -45.9956550598 43.3450622559 0.0000000000 0.0000000000 5.4895520210 21.8621730804 1.9116293192
-142.5849914551 107.4323120117 -45.9952125549 43.3459053040 0.0000000000 0.0000000000 5.5029091835 21.8868427277 1.9148769379
-142.7593536377 107.3862380981 -45.9963989258 43.3455886841 0.0000000000 0.0000000000 5.5052285194 21.9625797272 1.9120601416
-142.5676269531 107.3543777466 -45.9969444275 43.3455238342 0.0000000000 0.0000000000 5.5106368065 22.0092697144 1.9152227640
-142.7147827148 107.2643737793 -45.9969253540 43.3451499939 0.0000000000 0.0000000000 5.5208077431 22.0692672729 1.9191076756
-142.5322723389 107.3636932373 -45.9969940186 43.3453826904 0.0000000000 0.0000000000 5.5245823860 22.0968914032 1.9254165888
-142.5758514404 107.3111801147 -45.9966735840 43.3452606201 0.0000000000 0.0000000000 5.5423035622 22.1371021271 1.9209244251
-142.6359100342 107.2471313477 -45.9973030090 43.3456916809 0.0000000000 0.0000000000 5.5434083939 22.1755485535 1.9250887632
-142.5421600342 107.2433929443 -45.9961776733 43.3452148438 0.0000000000 0.0000000000 5.5517101288 22.2212905884 1.9247639179
-142.4371795654 107.2369155884 -45.9964179993 43.3458061218 0.0000000000 0.0000000000 5.5774450302 22.2685413361 1.9216849804
-142.4743041992 107.2427825928 -45.9969787598 43.3456687927 0.0000000000 0.0000000000 5.5810484886 22.2909412384 1.9323405027
-142.4579620361 107.2638473511 -45.9961204529 43.3455314636 0.0000000000 0.0000000000 5.5950207710 22.3396987915 1.9178017378
-142.4465332031 107.1726913452 -45.9975051880 43.3457450867 0.0000000000 0.0000000000 5.5975618362 22.3799819946 1.9203228951
-142.3958892822 107.2137298584 -45.9964561462 43.3452796936 0.0000000000 0.0000000000 5.6024627686 22.4145851135 1.9223554134
-142.3201141357 107.1351699829 -45.9965019226 43.3459396362 0.0000000000 0.0000000000 5.6048479080 22.4681892395 1.9314833879
-142.4818725586 107.1536560059 -45.9960632324 43.3456497192 0.0000000000 0.0000000000 5.6182155609 22.4903316498 1.9213513136
-142.4678344727 107.0401153564 -45.9970436096 43.3454017639 0.0000000000 0.0000000000 5.6129817963 22.5341472626 1.9282685518
-142.4685058594 107.0809249878 -45.9968643188 43.3453483582 0.0000000000 0.0000000000 5.6180219650 22.5695819855 1.9233653545
-142.4687194824 107.1990814209 -45.9961624146 43.3455543518 0.0000000000 0.0000000000 5.6232995987 22.6185588837 1.9315412045
-142.4360809326 107.1682891846 -45.9971008301 43.3456993103 0.0000000000 0.0000000000 5.6475534439 22.6332015991 1.9252870083
-142.4132690430 107.1701736450 -45.9969024658 43.3456001282 0.0000000000 0.0000000000 5.6428236961 22.6696586609 1.9341310263
-142.4300231934 107.2106323242 -45.9963226318 43.3454971313 0.0000000000 0.0000000000 5.6458868980 22.6960678101 1.9299644232
-142.3347930908 107.1283645630 -45.9959030151 43.3458709717 0.0000000000 0.0000000000 5.6525135040 22.7223682404 1.9273878336
-142.4198760986 107.1944961548 -45.9968452454 43.3453712463 0.0000000000 0.0000000000 5.6616654396 22.7690277100 1.9273324013
-142.4743347168 107.1846008301 -45.9960823059 43.3460273743 0.0000000000 0.0000000000 5.6670665741 22.8243370056 1.9235450029
-142.3846588135 107.0954132080 -45.9971046448 43.3455963135 0.0000000000 0.0000000000 5.6788101196 22.8403396606 1.9215652943
-142.2543029785 107.0718383789 -45.9967155457 43.3453788757 0.0000000000 0.0000000000 5.6766710281 22.8711280823 1.9258998632
-142.1324768066 106.9735260010 -45.9958763123 43.3454971313 0.0000000000 0.0000000000 5.6758179665 22.8938713074 1.9308911562
-142.2787170410 107.0010757446 -45.9960479736 43.3452568054 0.0000000000 0.0000000000 5.6959762573 22.9354705811 1.9346228838
-142.0584716797 107.0244903564 -45.9956092834 43.3454704285 0.0000000000 0.0000000000 5.7031583786 22.9598617554 1.9353331327
-142.1423950195 107.0909881592 -45.9956321716 43.3453407288 0.0000000000 0.0000000000 5.7176699638 23.0028629303 1.9296579361
-141.9279785156 107.0799636841 -45.9962768555 43.3458251953 0.0000000000 0.0000000000 5.7284569740 23.0273303986 1.9262224436
-141.8644409180 107.0661392212 -45.9965782166 43.3456306458 0.0000000000 0.0000000000 5.7358889580 23.0422458649 1.9333578348
-141.8928070068 107.1516189575 -45.9961357117 43.3449859619 0.0000000000 0.0000000000 5.7487893105 23.0844802856 1.9343971014
-141.8855743408 107.1504058838 -45.9966278076 43.3458099365 0.0000000000 0.0000000000 5.7670392990 23.1028366089 1.9341834784
-141.7431030273 107.1628952026 -45.9960556030 43.3453407288 0.0000000000 0.0000000000 5.7799162865 23.1467227936 1.9337793589
-141.7301483154 107.1355590820 -45.9970664978 43.3453216553 0.0000000000 0.0000000000 5.7834014893 23.1865253448 1.9307581186
-141.5083770752 107.1635971069 -45.9967727661 43.3445053101 0.0000000000 0.0000000000 5.7873125076 23.2106380463 1.9419261217
-141.5808563232 107.1801452637 -45.9960365295 43.3446388245 0.0000000000 0.0000000000 5.7978129387 23.2387084961 1.9415664673
-141.6376190186 107.0152435303 -45.9961776733 43.3445816040 0.0000000000 0.0000000000 5.8234376907 23.2819175720 1.9330193996
-141.4854736328 106.9251174927 -45.9964942932 43.3453559875 0.0000000000 0.0000000000 5.8250832558 23.3008708954 1.9428806305
-141.4572448730 106.8897857666 -45.9963111877 43.3448371887 0.0000000000 0.0000000000 5.8266053200 23.3131275177 1.9471824169
-141.4641876221 106.9418869019 -45.9953994751 43.3452186584 0.0000000000 0.0000000000 5.8415188789 23.3613643646 1.9418578148
-141.3576660156 106.9977951050 -45.9970703125 43.3447608948 0.0000000000 0.0000000000 5.8541560173 23.3916931152 1.9429540634
-141.4585266113 106.9605712891 -45.9965324402 43.3443908691 0.0000000000 0.0000000000 5.8432974815 23.4160404205 1.9446809292
-141.5410003662 106.9167251587 -45.9958686829 43.3453063965 0.0000000000 0.0000000000 5.8577079773 23.4523372650 1.9430818558
-141.4532623291 106.7906341553 -45.9957771301 43.3451156616 0.0000000000 0.0000000000 5.8613681793 23.4825077057 1.9491417408
-141.4603576660 106.7594757080 -45.9967308044 43.3446197510 0.0000000000 0.0000000000 5.8733615875 23.5074329376 1.9484996796
-141.5442352295 106.7371749878 -45.9960708618 43.3448410034 0.0000000000 0.0000000000 5.8838419914 23.5502624512 1.9482568502
-141.6508331299 106.7429122925 -45.9962806702 43.3452873230 0.0000000000 0.0000000000 5.9042868614 23.5993080139 1.9382599592
-141.6121673584 106.7524490356 -45.9971733093 43.3457260132 0.0000000000 0.0000000000 5.9056291580 23.5998840332 1.9507586956
-141.6106872559 106.6928024292 -45.9954376221 43.3450279236 0.0000000000 0.0000000000 5.9217357635 23.6560039520 1.9430270195
-141.5883789062 106.4316024780 -45.9968986511 43.3454093933 0.0000000000 0.0000000000 5.9350066185 23.6574401855 1.9459499121
-141.6433410645 106.4039764404 -45.9966926575 43.3449974060 0.0000000000 0.0000000000 5.9420824051 23.6813507080 1.9491070509
-141.4272766113 106.2856292725 -45.9959411621 43.3454055786 0.0000000000 0.0000000000 5.9561142921 23.7191543579 1.9588667154
-141.4977722168 106.2435302734 -45.9962768555 43.3449172974 0.0000000000 0.0000000000 5.9603195190 23.7399501801 1.9545460939
-141.3456268311 106.2897949219 -45.9952430725 43.3453483582 0.0000000000 0.0000000000 5.9671397209 23.7563152313 1.9544043541
-141.3939361572 106.3848495483 -45.9968070984 43.3453102112 0.0000000000 0.0000000000 5.9657735825 23.7643165588 1.9621393681
-141.2631988525 106.3450393677 -45.9952583313 43.3457717896 0.0000000000 0.0000000000 5.9806947708 23.8082675934 1.9537181854
-141.4715423584 106.3330612183 -45.9966468811 43.3449821472 0.0000000000 0.0000000000 5.9782490730 23.8376731873 1.9543137550
-141.3563690186 106.2286682129 -45.9964218140 43.3446769714 0.0000000000 0.0000000000 5.9896783829 23.8698768616 1.9601286650
-141.2363586426 106.2564010620 -45.9957427979 43.3454933167 0.0000000000 0.0000000000 6.0060243607 23.9018993378 1.9559417963
-141.1185913086 106.2034454346 -45.9962196350 43.3454589844 0.0000000000 0.0000000000 6.0032100677 23.9036407471 1.9596025944
-141.1214141846 106.3249664307 -45.9963417053 43.3451538086 0.0000000000 0.0000000000 6.0133304596 23.9519901276 1.9555981159
-141.2044830322 106.2690963745 -45.9965934753 43.3446769714 0.0000000000 0.0000000000 6.0159850121 23.9572010040 1.9583128691
-141.3154907227 106.1966629028 -45.9955940247 43.3449974060 0.0000000000 0.0000000000 6.0238566399 23.9954986572 1.9527431726
-141.2301177979 106.1838912964 -45.9962310791 43.3449325562 0.0000000000 0.0000000000 6.0257124901 24.0145378113 1.9628549814
-141.2272796631 106.2199325562 -45.9959945679 43.3454856873 0.0000000000 0.0000000000 6.0344591141 24.0457820892 1.9565662146
-141.0779876709 106.2800216675 -45.9971923828 43.3450813293 0.0000000000 0.0000000000 6.0415344238 24.0613059998 1.9598143101
-141.1842193604 106.3056182861 -45.9961814880 43.3456726074 0.0000000000 0.0000000000 6.0363621712 24.0736751556 1.9678189754
-141.0702209473 106.0723724365 -45.9958572388 43.3456611633 0.0000000000 0.0000000000 6.0514578819 24.1005115509 1.9632120132
-141.1964721680 106.2510070801 -45.9957962036 43.3455543518 0.0000000000 0.0000000000 6.0572485924 24.1246013641 1.9681085348
-141.0454864502 106.2934341431 -45.9952354431 43.3456115723 0.0000000000 0.0000000000 6.0602226257 24.1437473297 1.9697006941
-141.1989746094 106.3102188110 -45.9958686829 43.3457107544 0.0000000000 0.0000000000 6.0706753731 24.1764621735 1.9639165401
-140.9629669189 106.2320709229 -45.9951515198 43.3455200195 0.0000000000 0.0000000000 6.0640792847 24.1763877869 1.9768855572
-141.1216583252 106.2399902344 -45.9950103760 43.3458290100 0.0000000000 0.0000000000 6.0744037628 24.2065124512 1.9762331247
-141.0403137207 106.0928268433 -45.9944953918 43.3457870483 0.0000000000 0.0000000000 6.0730071068 24.2453060150 1.9735443592
-140.9262695312 106.0661010742 -45.9951744080 43.3456916809 0.0000000000 0.0000000000 6.0993547440 24.2868328094 1.9725542068
-140.6987457275 105.9915313721 -45.9951438904 43.3452720642 0.0000000000 0.0000000000 6.0963373184 24.3048725128 1.9824062586
-140.7014617920 105.8957824707 -45.9943695068 43.3456573486 0.0000000000 0.0000000000 6.1133460999 24.3207244873 1.9807530642
-140.9062500000 105.7987289429 -45.9940948486 43.3456993103 0.0000000000 0.0000000000 6.1084985733 24.3581809998 1.9805679321
-140.8001403809 105.7638244629 -45.9947280884 43.3460159302 0.0000000000 0.0000000000 6.1175894737 24.3530216217 1.9787852764
-140.6658782959 105.7472229004 -45.9931373596 43.3457832336 0.0000000000 0.0000000000 6.1124334335 24.3569431305 1.9778760672
-140.6709899902 105.7206573486 -45.9939193726 43.3461074829 0.0000000000 0.0000000000 6.1101822853 24.3800029755 1.9807493687
-140.5942382812 105.7668380737 -45.9934883118 43.3460197449 0.0000000000 0.0000000000 6.1145148277 24.3726177216 1.9856996536
-140.3938751221 105.7267456055 -45.9933738708 43.3458709717 0.0000000000 0.0000000000 6.1302495003 24.4012870789 1.9833947420
-140.3966674805 105.7044601440 -45.9928245544 43.3460845947 0.0000000000 0.0000000000 6.1465544701 24.4352550507 1.9716861248
-140.5346527100 105.6863861084 -45.9930076599 43.3459777832 0.0000000000 0.0000000000 6.1375255585 24.4580707550 1.9706436396
-140.3697662354 105.7303085327 -45.9930877686 43.3457984924 0.0000000000 0.0000000000 6.1527867317 24.4548168182 1.9724681377
-140.3371429443 105.7751159668 -45.9935226440 43.3454170227 0.0000000000 0.0000000000 6.1508064270 24.4825420380 1.9714851379
-140.3769683838 105.8785171509 -45.9931983948 43.3458862305 0.0000000000 0.0000000000 6.1612620354 24.4997444153 1.9731752872
-140.4210357666 105.7647018433 -45.9934730530 43.3459205627 0.0000000000 0.0000000000 6.1673560143 24.5161533356 1.9752112627
-140.3513946533 105.6385040283 -45.9921226501 43.3454170227 0.0000000000 0.0000000000 6.1738076210 24.5202274323 1.9746090174
-140.3128814697 105.7330322266 -45.9932365417 43.3455200195 0.0000000000 0.0000000000 6.1797313690 24.4979019165 1.9889974594
-140.4355468750 105.7406692505 -45.9921760559 43.3458023071 0.0000000000 0.0000000000 6.1893396378 24.5168857574 1.9743541479
-140.3288726807 105.5618209839 -45.9920730591 43.3461723328 0.0000000000 0.0000000000 6.2004275322 24.5269756317 1.9790199995
-140.4000396729 105.5190277100 -45.9931602478 43.3461685181 0.0000000000 0.0000000000 6.2096338272 24.5404186249 1.9782257080
-140.1658477783 105.4758071899 -45.9928207397 43.3454780579 0.0000000000 0.0000000000 6.2107973099 24.5484905243 1.9818470478
-140.2255249023 105.4044342041 -45.9931869507 43.3454170227 0.0000000000 0.0000000000 6.2110624313 24.5761852264 1.9830094576
-140.2894592285 105.4782867432 -45.9931716919 43.3454627991 0.0000000000 0.0000000000 6.2245163918 24.5995693207 1.9789372683
-140.2440795898 105.5169677734 -45.9927978516 43.3457984924 0.0000000000 0.0000000000 6.2284331322 24.6177883148 1.9834704399
-140.2952575684 105.4611740112 -45.9923171997 43.3457832336 0.0000000000 0.0000000000 6.2308216095 24.6414585114 1.9775544405
-140.1787414551 105.3645324707 -45.9906768799 43.3460273743 0.0000000000 0.0000000000 6.2353453636 24.6498641968 1.9734345675
-140.2185211182 105.3574676514 -45.9912414551 43.3459815979 0.0000000000 0.0000000000 6.2449083328 24.6647949219 1.9724231958
-140.1949157715 105.4199218750 -45.9914474487 43.3460350037 0.0000000000 0.0000000000 6.2471652031 24.6601352692 1.9752553701
-140.1732025146 105.5186233521 -45.9913177490 43.3460693359 0.0000000000 0.0000000000 6.2575421333 24.6772708893 1.9757679701
-139.9979858398 105.4553833008 -45.9918823242 43.3461875916 0.0000000000 0.0000000000 6.2625207901 24.6845741272 1.9823688269
-139.9922485352 105.4578323364 -45.9910278320 43.3459892273 0.0000000000 0.0000000000 6.2661733627 24.7007656097 1.9860851765
-139.9725494385 105.3229827881 -45.9907722473 43.3460884094 0.0000000000 0.0000000000 6.2710361481 24.7081375122 1.9817465544
-140.0046539307 105.3940963745 -45.9912185669 43.3459281921 0.0000000000 0.0000000000 6.2702145576 24.7192840576 1.9838151932
-139.7361450195 105.4425048828 -45.9909706116 43.3462295532 0.0000000000 0.0000000000 6.2679443359 24.7350482941 1.9889245033
-139.8574676514 105.5415420532 -45.9912986755 43.3457336426 0.0000000000 0.0000000000 6.2807812691 24.7588195801 1.9768117666
-139.8759460449 105.5756301880 -45.9892196655 43.3454704285 0.0000000000 0.0000000000 6.2653913498 24.7560348511 1.9847426414
-139.7594757080 105.5540313721 -45.9893493652 43.3455238342 0.0000000000 0.0000000000 6.2792239189 24.7531585693 1.9749007225
-139.7461242676 105.4830474854 -45.9894142151 43.3453102112 0.0000000000 0.0000000000 6.2734737396 24.7671585083 1.9741930962
-139.6522521973 105.4019165039 -45.9893341064 43.3449592590 0.0000000000 0.0000000000 6.2803392410 24.7560577393 1.9787148237
-139.6948242188 105.3544769287 -45.9894142151 43.3456497192 0.0000000000 0.0000000000 6.2874917984 24.7800083160 1.9789302349
-139.6493988037 105.4116592407 -45.9889068604 43.3459014893 0.0000000000 0.0000000000 6.2927546501 24.7768898010 1.9804582596
-139.4465026855 105.4710311890 -45.9900894165 43.3457908630 0.0000000000 0.0000000000 6.3056030273 24.7995891571 1.9855409861
-139.4607086182 105.3207168579 -45.9893989563 43.3453483582 0.0000000000 0.0000000000 6.3044381142 24.7885627747 1.9939941168
-139.5175018311 105.3361282349 -45.9893188477 43.3456687927 0.0000000000 0.0000000000 6.3191676140 24.8181819916 1.9847347736
-139.4600219727 105.3844299316 -45.9895591736 43.3458938599 0.0000000000 0.0000000000 6.3292765617 24.8346347809 1.9821888208
-139.4209289551 105.3792190552 -45.9864578247 43.3455314636 0.0000000000 0.0000000000 6.3282103539 24.8278636932 1.9871518612
-139.4806213379 105.4212036133 -45.9870185852 43.3452682495 0.0000000000 0.0000000000 6.3402490616 24.8421688080 1.9838536978
-139.5018920898 105.5381851196 -45.9876861572 43.3455009460 0.0000000000 0.0000000000 6.3361058235 24.8811988831 1.9837402105
-139.5203399658 105.4282150269 -45.9876747131 43.3450088501 0.0000000000 0.0000000000 6.3547735214 24.8906307220 1.9748799801
-139.4920501709 105.4303283691 -45.9871482849 43.3452148438 0.0000000000 0.0000000000 6.3548431396 24.8980216980 1.9804197550
-139.3486938477 105.3713455200 -45.9871406555 43.3453598022 0.0000000000 0.0000000000 6.3618850708 24.8904056549 1.9830520153
-139.4934844971 105.4046173096 -45.9874191284 43.3450279236 0.0000000000 0.0000000000 6.3625354767 24.9075794220 1.9744366407
-139.6115264893 105.4032745361 -45.9871978760 43.3454170227 0.0000000000 0.0000000000 6.3624715805 24.9194316864 1.9671505690
-139.4838562012 105.3654708862 -45.9881973267 43.3453559875 0.0000000000 0.0000000000 6.3572344780 24.8910484314 1.9827100039
-139.4328308105 105.3507385254 -45.9881935120 43.3458175659 0.0000000000 0.0000000000 6.3724246025 24.9249248505 1.9738346338
-139.5150451660 105.4264297485 -45.9836349487 43.3451576233 0.0000000000 0.0000000000 6.3672142029 24.9222850800 1.9726451635
-139.5988006592 105.4684982300 -45.9844131470 43.3448219299 0.0000000000 0.0000000000 6.3679037094 24.9522171021 1.9645559788
-139.7247009277 105.4910659790 -45.9840927124 43.3445854187 0.0000000000 0.0000000000 6.3731088638 24.9845161438 1.9651952982
-139.5544586182 105.4713592529 -45.9843215942 43.3440818787 0.0000000000 0.0000000000 6.3722357750 24.9665832520 1.9737361670
-139.4781494141 105.5758132935 -45.9849815369 43.3447341919 0.0000000000 0.0000000000 6.3689923286 24.9766674042 1.9747262001
-139.5239868164 105.6442871094 -45.9852600098 43.3448028564 0.0000000000 0.0000000000 6.3767390251 24.9734439850 1.9790008068
-139.4848785400 105.7236862183 -45.9854393005 43.3455123901 0.0000000000 0.0000000000 6.3844060898 24.9900054932 1.9734457731
-139.3760833740 105.7322845459 -45.9850463867 43.3450775146 0.0000000000 0.0000000000 6.3915576935 25.0102138519 1.9722263813
-139.4908447266 105.6363677979 -45.9854011536 43.3446884155 0.0000000000 0.0000000000 6.3952226639 25.0211181641 1.9682130814
-139.4653625488 105.7101287842 -45.9859199524 43.3441696167 0.0000000000 0.0000000000 6.4001927376 25.0205440521 1.9709240198
-139.4725494385 105.6688766479 -45.9812545776 43.3449707031 0.0000000000 0.0000000000 6.4094467163 25.0358982086 1.9693033695
-139.5094299316 105.6727600098 -45.9808197021 43.3439903259 0.0000000000 0.0000000000 6.4057002068 25.0345458984 1.9633295536
-139.4810028076 105.5294723511 -45.9814987183 43.3441886902 0.0000000000 0.0000000000 6.4017314911 25.0271205902 1.9689590931
-139.4441528320 105.6304626465 -45.9817543030 43.3446121216 0.0000000000 0.0000000000 6.3992576599 25.0177116394 1.9686270952
-139.4286193848 105.5254135132 -45.9819335938 43.3452415466 0.0000000000 0.0000000000 6.4137816429 25.0378742218 1.9654563665
-139.2726898193 105.4064559937 -45.9820518494 43.3442840576 0.0000000000 0.0000000000 6.4229001999 25.0114402771 1.9743603468
-139.4123687744 105.5574035645 -45.9824829102 43.3444862366 0.0000000000 0.0000000000 6.4260067940 25.0434074402 1.9705548286
-139.3451385498 105.5567245483 -45.9821319580 43.3442497253 0.0000000000 0.0000000000 6.4330906868 25.0499496460 1.9682193995
-139.2941436768 105.5607070923 -45.9830131531 43.3444290161 0.0000000000 0.0000000000 6.4284996986 25.0637512207 1.9703972340
-139.2077789307 105.4553222656 -45.9832382202 43.3443260193 0.0000000000 0.0000000000 6.4277825356 25.0495452881 1.9781396389
-139.3491668701 105.6301422119 -45.9768257141 43.3434867859 0.0000000000 0.0000000000 6.4272737503 25.0496692657 1.9692589045
-139.3576660156 105.6073760986 -45.9782257080 43.3435859680 0.0000000000 0.0000000000 6.4357337952 25.0607833862 1.9614875317
-139.2739868164 105.6785964966 -45.9791069031 43.3438873291 0.0000000000 0.0000000000 6.4352936745 25.0573177338 1.9702500105
-139.1329040527 105.6290283203 -45.9787902832 43.3435478210 0.0000000000 0.0000000000 6.4359173775 25.0541572571 1.9739280939
-139.2050170898 105.5949630737 -45.9780502319 43.3431968689 0.0000000000 0.0000000000 6.4467306137 25.0614814758 1.9749324322
-139.2332305908 105.6672973633 -45.9784736633 43.3434829712 0.0000000000 0.0000000000 6.4429512024 25.0648956299 1.9754697084
-139.1889801025 105.7196426392 -45.9786949158 43.3443489075 0.0000000000 0.0000000000 6.4445152283 25.0756244659 1.9762718678
-139.1606750488 105.6914825439 -45.9792137146 43.3446846008 0.0000000000 0.0000000000 6.4396781921 25.0872364044 1.9810928106
-139.2442779541 105.5421676636 -45.9786148071 43.3443145752 0.0000000000 0.0000000000 6.4373493195 25.0861072540 1.9712330103
-139.1762695312 105.5465545654 -45.9789657593 43.3443222046 0.0000000000 0.0000000000 6.4406576157 25.0897541046 1.9696707726
-139.2046051025 105.5907821655 -45.9716491699 43.3429641724 0.0000000000 0.0000000000 6.4470019341 25.1012954712 1.9633476734
-139.2385864258 105.6719360352 -45.9722061157 43.3426055908 0.0000000000 0.0000000000 6.4482717514 25.0999851227 1.9653209448
-139.2499847412 105.6610870361 -45.9731826782 43.3436279297 0.0000000000 0.0000000000 6.4439229965 25.1041450500 1.9609464407
-139.2571411133 105.6949157715 -45.9743499756 43.3433189392 0.0000000000 0.0000000000 6.4546017647 25.1104946136 1.9636628628
-139.2635955811 105.5924530029 -45.9738159180 43.3441009521 0.0000000000 0.0000000000 6.4520726204 25.1175346375 1.9604051113
-139.1489868164 105.6492996216 -45.9741210938 43.3444633484 0.0000000000 0.0000000000 6.4606313705 25.1043128967 1.9722965956
-139.1419219971 105.6301803589 -45.9745025635 43.3444061279 0.0000000000 0.0000000000 6.4702315331 25.1151943207 1.9697946310
-139.2699279785 105.5156478882 -45.9741592407 43.3439331055 0.0000000000 0.0000000000 6.4666104317 25.1185321808 1.9773472548
-139.3640747070 105.5142059326 -45.9745521545 43.3441810608 0.0000000000 0.0000000000 6.4701328278 25.1294631958 1.9651651382
-139.3596649170 105.5537033081 -45.9761581421 43.3436546326 0.0000000000 0.0000000000 6.4686851501 25.1267223358 1.9758911133
-139.4287109375 105.5451278687 -45.9667701721 43.3438339233 0.0000000000 0.0000000000 6.4740247726 25.1356410980 1.9654486179
-139.4755554199 105.6022109985 -45.9678153992 43.3432846069 0.0000000000 0.0000000000 6.4887127876 25.1249675751 1.9624631405
-139.6170959473 105.5955429077 -45.9696464539 43.3438949585 0.0000000000 0.0000000000 6.4804153442 25.1400051117 1.9564995766
-139.7375030518 105.6775588989 -45.9692382812 43.3430290222 0.0000000000 0.0000000000 6.4776005745 25.1527919769 1.9541712999
-139.6682281494 105.6617202759 -45.9710273743 43.3426094055 0.0000000000 0.0000000000 6.4935202599 25.1563339233 1.9580078125
-139.6036834717 105.6590728760 -45.9714050293 43.3425559998 0.0000000000 0.0000000000 6.4983091354 25.1695423126 1.9505439997
-139.4565429688 105.6318969727 -45.9720993042 43.3426742554 0.0000000000 0.0000000000 6.4934706688 25.1507663727 1.9700579643
-139.4102783203 105.7231369019 -45.9722061157 43.3431625366 0.0000000000 0.0000000000 6.4941954613 25.1715717316 1.9615241289
-139.5792694092 105.6515045166 -45.9716262817 43.3429565430 0.0000000000 0.0000000000 6.4970698357 25.1843376160 1.9641060829
-139.4990081787 105.5324630737 -45.9729270935 43.3430709839 0.0000000000 0.0000000000 6.5092434883 25.1911468506 1.9538160563
-139.5724792480 105.5570602417 -45.9613647461 43.3424186707 0.0000000000 0.0000000000 6.5130581856 25.1909580231 1.9482376575
-139.6331481934 105.5716094971 -45.9634704590 43.3418769836 0.0000000000 0.0000000000 6.5129699707 25.2001934052 1.9394052029
-139.5340728760 105.4987792969 -45.9647789001 43.3412246704 0.0000000000 0.0000000000 6.5275230408 25.1829223633 1.9472550154
-139.5779418945 105.4825515747 -45.9651336670 43.3423919678 0.0000000000 0.0000000000 6.5198717117 25.1836261749 1.9306633472
-139.3773651123 105.4669570923 -45.9646224976 43.3420295715 0.0000000000 0.0000000000 6.5212535858 25.1884288788 1.9396904707
-139.3957672119 105.4822845459 -45.9652137756 43.3423881531 0.0000000000 0.0000000000 6.5245771408 25.1891937256 1.9361703396
-139.3773498535 105.5826187134 -45.9651336670 43.3422546387 0.0000000000 0.0000000000 6.5198397636 25.1730823517 1.9383299351
-139.2432403564 105.4212112427 -45.9665946960 43.3424758911 0.0000000000 0.0000000000 6.5149250031 25.1794891357 1.9305394888
-139.2058258057 105.4790039062 -45.9660186768 43.3422317505 0.0000000000 0.0000000000 6.5323410034 25.1869697571 1.9376368523
-139.2128906250 105.4875640869 -45.9670372009 43.3424720764 0.0000000000 0.0000000000 6.5411119461 25.1637210846 1.9416497946
-139.3853302002 105.2799911499 -45.9543609619 43.3413848877 0.0000000000 0.0000000000 6.5478124619 25.1561889648 1.9325903654
-139.4771575928 105.3806991577 -45.9555358887 43.3409271240 0.0000000000 0.0000000000 6.5523524284 25.1615371704 1.9182760715
-139.4757690430 105.1949234009 -45.9565429688 43.3407554626 0.0000000000 0.0000000000 6.5536293983 25.1564445496 1.9182647467
-139.6437530518 105.3697280884 -45.9574813843 43.3409538269 0.0000000000 0.0000000000 6.5667233467 25.1569576263 1.9087527990
-139.5943908691 105.2460403442 -45.9574012756 43.3402671814 0.0000000000 0.0000000000 6.5625782013 25.1477108002 1.9090368748
-139.5989837646 105.3928680420 -45.9587287903 43.3408012390 0.0000000000 0.0000000000 6.5716891289 25.1270179749 1.9140554667
-139.5786437988 105.2968292236 -45.9588088989 43.3409881592 0.0000000000 0.0000000000 6.5734291077 25.1265583038 1.9105300903
-139.4996032715 105.5085830688 -45.9581642151 43.3409843445 0.0000000000 0.0000000000 6.5782213211 25.1175994873 1.9075404406
-139.5762481689 105.4271316528 -45.9594764709 43.3410949707 0.0000000000 0.0000000000 6.5814728737 25.1223621368 1.8955972195
-139.4002838135 105.5875396729 -45.9592247009 43.3406600952 0.0000000000 0.0000000000 6.5885472298 25.1260166168 1.9062867165
-139.5557250977 105.5436630249 -45.9435386658 43.3407783508 0.0000000000 0.0000000000 6.5882186890 25.1255340576 1.8913459778
-139.5741882324 105.5901870728 -45.9458274841 43.3396835327 0.0000000000 0.0000000000 6.5959649086 25.1247768402 1.8880609274
-139.7226867676 105.6019210815 -45.9464225769 43.3401565552 0.0000000000 0.0000000000 6.6009898186 25.1261425018 1.8755371571
-139.7453308105 105.6374511719 -45.9477691650 43.3395919800 0.0000000000 0.0000000000 6.5963692665 25.1282711029 1.8773711920
-139.7297668457 105.7721481323 -45.9491157532 43.3393974304 0.0000000000 0.0000000000 6.5938796997 25.1161746979 1.8765580654
-139.6861724854 105.7314529419 -45.9501075745 43.3398590088 0.0000000000 0.0000000000 6.5934939384 25.1171798706 1.8716627359
-139.7370300293 105.7873001099 -45.9497489929 43.3391761780 0.0000000000 0.0000000000 6.5964417458 25.1146545410 1.8788517714
-139.6962585449 105.7465209961 -45.9504432678 43.3389511108 0.0000000000 0.0000000000 6.5921230316 25.1146678925 1.8684004545
-139.8539886475 105.7968444824 -45.9504165649 43.3393020630 0.0000000000 0.0000000000 6.6028637886 25.1185054779 1.8678157330
-139.7767028809 105.7076568604 -45.9519424438 43.3404006958 0.0000000000 0.0000000000 6.5990819931 25.1145553589 1.8710286617
-139.9120330811 105.6437454224 -45.9355773926 43.3393287659 0.0000000000 0.0000000000 6.6044096947 25.1235256195 1.8593049049
-139.7868499756 105.6478576660 -45.9378967285 43.3393363953 0.0000000000 0.0000000000 6.6107454300 25.1228103638 1.8532109261
-139.8944244385 105.7639389038 -45.9382667542 43.3379440308 0.0000000000 0.0000000000 6.6180291176 25.1220817566 1.8541479111
-139.7495117188 105.7381362915 -45.9402427673 43.3393707275 0.0000000000 0.0000000000 6.6069250107 25.1242694855 1.8573216200
-139.9312744141 105.7408142090 -45.9400978088 43.3391609192 0.0000000000 0.0000000000 6.6104073524 25.1268157959 1.8486144543
-140.0776519775 105.8005142212 -45.9436683655 43.3389739990 0.0000000000 0.0000000000 6.6162748337 25.1278038025 1.8377615213
-140.1207275391 105.7295608521 -45.9456977844 43.3387870789 0.0000000000 0.0000000000 6.6125936508 25.1343078613 1.8325748444
-139.9250793457 105.8080749512 -45.9455146790 43.3384094238 0.0000000000 0.0000000000 6.6163988113 25.1277389526 1.8467257023
-139.9324035645 105.7815475464 -45.9456405640 43.3398094177 0.0000000000 0.0000000000 6.6184067726 25.1415233612 1.8413274288
-139.8522338867 105.8858642578 -45.9447593689 43.3389434814 0.0000000000 0.0000000000 6.6222848892 25.1372814178 1.8515332937
-139.8932037354 105.7512435913 -45.9281349182 43.3394699097 0.0000000000 0.0000000000 6.6302008629 25.1314277649 1.8411462307
-139.9491729736 105.8329238892 -45.9292793274 43.3391265869 0.0000000000 0.0000000000 6.6366548538 25.1427021027 1.8318489790
-139.9520568848 105.7531433105 -45.9311523438 43.3385047913 0.0000000000 0.0000000000 6.6427683830 25.1497364044 1.8264269829
-139.9437103271 105.8177566528 -45.9308815002 43.3376884460 0.0000000000 0.0000000000 6.6490430832 25.1637706757 1.8221336603
-139.8213500977 105.9225769043 -45.9321708679 43.3374748230 0.0000000000 0.0000000000 6.6574792862 25.1515140533 1.8277487755
-139.8804321289 105.7706756592 -45.9329071045 43.3379058838 0.0000000000 0.0000000000 6.6553764343 25.1671714783 1.8162776232
-139.8144836426 105.8331832886 -45.9335975647 43.3377914429 0.0000000000 0.0000000000 6.6647663116 25.1673736572 1.8176685572
-139.9785003662 105.8421478271 -45.9356498718 43.3380165100 0.0000000000 0.0000000000 6.6740484238 25.1656913757 1.8038760424
-140.0769958496 105.8706130981 -45.9383659363 43.3385124207 0.0000000000 0.0000000000 6.6868534088 25.1568908691 1.7993479967
-140.1360473633 105.9505462646 -45.9394302368 43.3379287720 0.0000000000 0.0000000000 6.6841759682 25.1497974396 1.7987002134
-140.1993103027 105.9454574585 -45.9226646423 43.3382492065 0.0000000000 0.0000000000 6.6808552742 25.1493759155 1.7969714403
-140.3821868896 105.8529281616 -45.9232711792 43.3384590149 0.0000000000 0.0000000000 6.6855983734 25.1452465057 1.7869257927
-140.2934570312 105.9462509155 -45.9253578186 43.3374671936 0.0000000000 0.0000000000 6.6913156509 25.1450176239 1.7879859209
-140.4455718994 105.8439559937 -45.9251632690 43.3381538391 0.0000000000 0.0000000000 6.6942291260 25.1343975067 1.7796553373
-140.5019226074 105.8401412964 -45.9271316528 43.3355865479 0.0000000000 0.0000000000 6.6926012039 25.1346244812 1.7746772766
-140.3260498047 105.8209838867 -45.9273719788 43.3359260559 0.0000000000 0.0000000000 6.6892514229 25.1275844574 1.7793997526
-140.5609741211 105.7376403809 -45.9270935059 43.3360481262 0.0000000000 0.0000000000 6.6980342865 25.1311130524 1.7624663115
-140.5413360596 105.8187561035 -45.9298095703 43.3369903564 0.0000000000 0.0000000000 6.6955990791 25.1417922974 1.7715247869
-140.5877227783 105.7908172607 -45.9300994873 43.3378295898 0.0000000000 0.0000000000 6.7078485489 25.1460628510 1.7604043484
-140.5523071289 105.7108078003 -45.9310226440 43.3375778198 0.0000000000 0.0000000000 6.7013192177 25.1466770172 1.7615072727
-140.6745452881 105.7914276123 -45.9150848389 43.3380126953 0.0000000000 0.0000000000 6.7062330246 25.1435337067 1.7522598505
-140.7209014893 105.7354507446 -45.9180488586 43.3383445740 0.0000000000 0.0000000000 6.7088131905 25.1563072205 1.7440494299
-140.8556976318 105.7296829224 -45.9194450378 43.3387451172 0.0000000000 0.0000000000 6.7177944183 25.1663646698 1.7367719412
-140.7506561279 105.8049240112 -45.9188117981 43.3373603821 0.0000000000 0.0000000000 6.7241153717 25.1702156067 1.7385224104
-140.8938903809 105.7935256958 -45.9200363159 43.3369712830 0.0000000000 0.0000000000 6.7405061722 25.1617088318 1.7393593788
-140.7172698975 105.7985687256 -45.9213180542 43.3391685486 0.0000000000 0.0000000000 6.7425379753 25.1612091064 1.7394326925
-140.8561401367 105.7733001709 -45.9215278625 43.3375854492 0.0000000000 0.0000000000 6.7462010384 25.1638298035 1.7330150604
-140.6865386963 105.6817245483 -45.9233779907 43.3371315002 0.0000000000 0.0000000000 6.7516503334 25.1632537842 1.7305929661
-140.7174224854 105.7576522827 -45.9238929749 43.3365440369 0.0000000000 0.0000000000 6.7541794777 25.1524372101 1.7386548519
-140.5590362549 105.7691268921 -45.9242897034 43.3368339539 0.0000000000 0.0000000000 6.7569074631 25.1680030823 1.7450006008
-140.8468475342 105.7684783936 -45.9079093933 43.3385314941 0.0000000000 0.0000000000 6.7683591843 25.1651287079 1.7312204838
-140.8853302002 105.8049011230 -45.9114418030 43.3370666504 0.0000000000 0.0000000000 6.7624087334 25.1577205658 1.7226078510
-140.9529418945 105.8786087036 -45.9129486084 43.3357963562 0.0000000000 0.0000000000 6.7647037506 25.1566524506 1.7289193869
-141.0216217041 105.7118759155 -45.9118690491 43.3347396851 0.0000000000 0.0000000000 6.7674536705 25.1569137573 1.7195653915
-140.9911956787 105.7401580811 -45.9141273499 43.3355140686 0.0000000000 0.0000000000 6.7621665001 25.1717510223 1.7234944105
-140.8833923340 105.7135314941 -45.9136314392 43.3351631165 0.0000000000 0.0000000000 6.7684812546 25.1747055054 1.7200599909
-140.9190063477 105.7902145386 -45.9142532349 43.3337631226 0.0000000000 0.0000000000 6.7633800507 25.1863594055 1.7163534164
-140.9246826172 105.7574310303 -45.9137611389 43.3345336914 0.0000000000 0.0000000000 6.7702579498 25.1745262146 1.7178965807
-140.9402160645 105.9502639771 -45.9146842957 43.3354225159 0.0000000000 0.0000000000 6.7582736015 25.1656570435 1.7156020403
-140.7932128906 105.9371185303 -45.9169311523 43.3341217041 0.0000000000 0.0000000000 6.7657880783 25.1718235016 1.7174665928
-140.9206085205 105.9861831665 -45.9045143127 43.3365745544 0.0000000000 0.0000000000 6.7522268295 25.1714439392 1.7104245424
-140.9503784180 105.8670120239 -45.9044990540 43.3369636536 0.0000000000 0.0000000000 6.7551722527 25.1680679321 1.7070400715
-141.1452331543 105.9200592041 -45.9067153931 43.3366889954 0.0000000000 0.0000000000 6.7521824837 25.1622962952 1.6984899044
-141.0794982910 105.8062896729 -45.9083976746 43.3368835449 0.0000000000 0.0000000000 6.7613239288 25.1720371246 1.6966776848
-140.9623260498 105.8555679321 -45.9069671631 43.3352775574 0.0000000000 0.0000000000 6.7594876289 25.1670341492 1.6975104809
-140.8518676758 105.7911071777 -45.9068222046 43.3335227966 0.0000000000 0.0000000000 6.7583537102 25.1708202362 1.6995177269
-141.0558319092 105.8739166260 -45.9065856934 43.3337974548 0.0000000000 0.0000000000 6.7598624229 25.1676902771 1.6830451488
-140.9245758057 105.8871994019 -45.9092407227 43.3333091736 0.0000000000 0.0000000000 6.7537431717 25.1731891632 1.6919177771
-141.0659027100 105.8599395752 -45.9093284607 43.3319778442 0.0000000000 0.0000000000 6.7506990433 25.1667346954 1.6873756647
-141.1581268311 105.8673324585 -45.9093132019 43.3333625793 0.0000000000 0.0000000000 6.7545142174 25.1792049408 1.6781669855
-141.2150878906 105.9812164307 -45.9013366699 43.3356742859 0.0000000000 0.0000000000 6.7443923950 25.1788177490 1.6815525293
-141.1830902100 105.8190841675 -45.9021606445 43.3343162537 0.0000000000 0.0000000000 6.7436971664 25.1881732941 1.6798559427
-141.3090057373 105.9041519165 -45.9034347534 43.3334846497 0.0000000000 0.0000000000 6.7443156242 25.1896209717 1.6777715683
-141.1513671875 105.9342575073 -45.9058685303 43.3359184265 0.0000000000 0.0000000000 6.7529225349 25.2010421753 1.6681011915
-141.3400115967 105.9109725952 -45.9054641724 43.3341560364 0.0000000000 0.0000000000 6.7571415901 25.1899929047 1.6690119505
-141.2343902588 105.9366226196 -45.9082298279 43.3340835571 0.0000000000 0.0000000000 6.7538299561 25.1999053955 1.6661380529
-141.3950805664 106.0566177368 -45.9048652649 43.3320579529 0.0000000000 0.0000000000 6.7650127411 25.2146339417 1.6705027819
-141.3995819092 105.9175109863 -45.9071578979 43.3331031799 0.0000000000 0.0000000000 6.7661967278 25.2216987610 1.6589533091
-141.6509246826 106.0110168457 -45.9048957825 43.3310241699 0.0000000000 0.0000000000 6.7723579407 25.2196826935 1.6578780413
-141.5662078857 105.9320297241 -45.9086952209 43.3331413269 0.0000000000 0.0000000000 6.7695713043 25.2137985229 1.6558805704
-141.5587158203 105.9693374634 -45.8995246887 43.3324317932 0.0000000000 0.0000000000 6.7698683739 25.2259693146 1.6596741676
-141.5044403076 105.9872970581 -45.9002380371 43.3337135315 0.0000000000 0.0000000000 6.7812728882 25.2361907959 1.6553392410
-141.5995483398 106.0881805420 -45.9010505676 43.3307228088 0.0000000000 0.0000000000 6.7804441452 25.2383308411 1.6515270472
-141.6399993896 106.0679016113 -45.9032936096 43.3319358826 0.0000000000 0.0000000000 6.7877097130 25.2498340607 1.6479446888
-141.6316528320 106.1250381470 -45.9025840759 43.3310775757 0.0000000000 0.0000000000 6.7851343155 25.2533130646 1.6484389305
-141.5522613525 106.1254043579 -45.9021606445 43.3329429626 0.0000000000 0.0000000000 6.7909379005 25.2591037750 1.6473706961
-141.6569061279 106.2755661011 -45.9021530151 43.3298187256 0.0000000000 0.0000000000 6.7895855904 25.2564716339 1.6424481869
-141.6555938721 106.1836013794 -45.9043617249 43.3311805725 0.0000000000 0.0000000000 6.7909173965 25.2447128296 1.6383701563
-141.6864166260 106.3400268555 -45.9040794373 43.3295478821 0.0000000000 0.0000000000 6.7852554321 25.2480411530 1.6419700384
-141.6600036621 106.2125625610 -45.9051742554 43.3316421509 0.0000000000 0.0000000000 6.7940859795 25.2533378601 1.6439208984
-141.6853485107 106.2896118164 -45.9005126953 43.3326568604 0.0000000000 0.0000000000 6.7923345566 25.2619972229 1.6406512260
-141.6866455078 106.2019042969 -45.9009284973 43.3321151733 0.0000000000 0.0000000000 6.7931323051 25.2521820068 1.6445324421
-141.8203582764 106.1288833618 -45.9017601013 43.3317184448 0.0000000000 0.0000000000 6.8050255775 25.2596969604 1.6371675730
-141.7542572021 106.2360687256 -45.9005622864 43.3326644897 0.0000000000 0.0000000000 6.8133940697 25.2561588287 1.6409904957
-141.9249877930 106.2266082764 -45.9021415710 43.3318977356 0.0000000000 0.0000000000 6.8236918449 25.2652740479 1.6343318224
-142.0700988770 106.3651275635 -45.9050750732 43.3348350525 0.0000000000 0.0000000000 6.8196620941 25.2601833344 1.6257485151
-142.0244598389 106.3659820557 -45.9034957886 43.3335227966 0.0000000000 0.0000000000 6.8251438141 25.2710266113 1.6307673454
-142.0217132568 106.4262161255 -45.9044723511 43.3329582214 0.0000000000 0.0000000000 6.8249711990 25.2804298401 1.6334989071
-142.1330413818 106.4652709961 -45.9040107727 43.3336791992 0.0000000000 0.0000000000 6.8402242661 25.2869586945 1.6265798807
-142.1750030518 106.5196990967 -45.9045639038 43.3332023621 0.0000000000 0.0000000000 6.8350958824 25.2778186798 1.6276917458
-142.1458587646 106.5020599365 -45.9043579102 43.3363838196 0.0000000000 0.0000000000 6.8376340866 25.2890071869 1.6246725321
-141.9068603516 106.4737701416 -45.9047164917 43.3365631104 0.0000000000 0.0000000000 6.8318948746 25.2686347961 1.6318817139
-142.1073150635 106.2405014038 -45.9051246643 43.3371086121 0.0000000000 0.0000000000 6.8509435654 25.2806854248 1.6209793091
-141.8213500977 106.3842773438 -45.9066810608 43.3372459412 0.0000000000 0.0000000000 6.8454294205 25.2694301605 1.6338102818
-141.8422546387 106.1391296387 -45.9047355652 43.3356208801 0.0000000000 0.0000000000 6.8559818268 25.2868423462 1.6260932684
-141.6769866943 106.3065414429 -45.9049148560 43.3352470398 0.0000000000 0.0000000000 6.8448624611 25.2787055969 1.6388919353
-141.7977600098 106.2091598511 -45.9030799866 43.3348922729 0.0000000000 0.0000000000 6.8554391861 25.2960624695 1.6330125332
-141.6354980469 106.2471313477 -45.9029808044 43.3362770081 0.0000000000 0.0000000000 6.8584794998 25.2921943665 1.6361613274
-141.8841705322 106.1777420044 -45.9023132324 43.3357086182 0.0000000000 0.0000000000 6.8614859581 25.3057308197 1.6287142038
-141.8243255615 106.2175445557 -45.9043922424 43.3349380493 0.0000000000 0.0000000000 6.8589224815 25.2959976196 1.6340248585
-141.8651428223 106.3629608154 -45.9067878723 43.3378181458 0.0000000000 0.0000000000 6.8625030518 25.3089199066 1.6261590719
-141.8530578613 106.3765411377 -45.9071693420 43.3376159668 0.0000000000 0.0000000000 6.8612780571 25.3056907654 1.6250783205
-141.7189178467 106.4345169067 -45.9074707031 43.3377265930 0.0000000000 0.0000000000 6.8538188934 25.2938270569 1.6401530504
-141.8730163574 106.3611373901 -45.9054527283 43.3365020752 0.0000000000 0.0000000000 6.8596453667 25.3100433350 1.6255465746
-141.8142089844 106.3727722168 -45.9063873291 43.3371276855 0.0000000000 0.0000000000 6.8603105545 25.2940177917 1.6370922327
-141.9392242432 106.3711547852 -45.9093627930 43.3371429443 0.0000000000 0.0000000000 6.8549284935 25.3020229340 1.6319683790
-141.9494018555 106.1980133057 -45.9069786072 43.3377494812 0.0000000000 0.0000000000 6.8657598495 25.2918434143 1.6392015219
-141.9107055664 106.2701110840 -45.9089431763 43.3376121521 0.0000000000 0.0000000000 6.8660430908 25.2993450165 1.6393680573
-142.0663757324 106.2902069092 -45.9083671570 43.3376426697 0.0000000000 0.0000000000 6.8677191734 25.2854194641 1.6354182959
-142.0311431885 106.2825622559 -45.9101524353 43.3381805420 0.0000000000 0.0000000000 6.8699116707 25.2854061127 1.6247044802
-141.7584381104 106.2149047852 -45.9150276184 43.3384742737 0.0000000000 0.0000000000 6.8681449890 25.2866516113 1.6363496780
-141.6298675537 106.2389297485 -45.9141120911 43.3399505615 0.0000000000 0.0000000000 6.8591675758 25.2952556610 1.6445463896
-141.6607513428 106.1575317383 -45.9121742249 43.3383178711 0.0000000000 0.0000000000 6.8727092743 25.2884311676 1.6349384785
-141.6171569824 106.3597946167 -45.9141311646 43.3393859863 0.0000000000 0.0000000000 6.8684902191 25.2976074219 1.6364402771
-141.5563201904 106.3311996460 -45.9143981934 43.3383331299 0.0000000000 0.0000000000 6.8756704330 25.2983169556 1.6378866434
-141.4776763916 106.3086929321 -45.9134941101 43.3374710083 0.0000000000 0.0000000000 6.8698220253 25.2924175262 1.6457904577
-141.5000000000 106.1422271729 -45.9115142822 43.3377532959 0.0000000000 0.0000000000 6.8743195534 25.2957248688 1.6399903297
-141.3866119385 106.3155364990 -45.9144477844 43.3373031616 0.0000000000 0.0000000000 6.8684611320 25.2822704315 1.6515215635
-141.3178100586 106.2248764038 -45.9132804871 43.3352012634 0.0000000000 0.0000000000 6.8733043671 25.2900886536 1.6513402462
-141.3552856445 106.3169479370 -45.9147491455 43.3343200684 0.0000000000 0.0000000000 6.8775238991 25.2849388123 1.6498264074
-141.1177062988 106.2015838623 -45.9181632996 43.3359985352 0.0000000000 0.0000000000 6.8820443153 25.3066825867 1.6584445238
-141.0527343750 106.2552413940 -45.9180984497 43.3352699280 0.0000000000 0.0000000000 6.8838944435 25.3025836945 1.6553012133
-140.9556884766 106.2160720825 -45.9171676636 43.3342056274 0.0000000000 0.0000000000 6.8856596947 25.3009414673 1.6633981466
-140.9382171631 106.2406845093 -45.9183692932 43.3339462280 0.0000000000 0.0000000000 6.8873653412 25.3069381714 1.6609678268
-141.0139770508 106.2223205566 -45.9183578491 43.3331222534 0.0000000000 0.0000000000 6.8854022026 25.3038482666 1.6622651815
-140.8363189697 106.2153167725 -45.9198722839 43.3345947266 0.0000000000 0.0000000000 6.8878369331 25.3149719238 1.6639043093
-140.8556518555 106.2005462646 -45.9180183411 43.3335533142 0.0000000000 0.0000000000 6.8989439011 25.3174514771 1.6619884968
-140.7659149170 106.1718063354 -45.9184951782 43.3322563171 0.0000000000 0.0000000000 6.8996787071 25.3126296997 1.6611785889
-140.8902435303 106.1412658691 -45.9181556702 43.3322067261 0.0000000000 0.0000000000 6.9044885635 25.3069400787 1.6631510258
-140.8172454834 106.1411666870 -45.9204940796 43.3346519470 0.0000000000 0.0000000000 6.9066014290 25.3059482574 1.6611709595
-140.8794250488 106.0068283081 -45.9254875183 43.3349838257 0.0000000000 0.0000000000 6.9171934128 25.3159236908 1.6564981937
-140.6643676758 106.1605300903 -45.9273147583 43.3351783752 0.0000000000 0.0000000000 6.9158682823 25.3099784851 1.6710162163
-140.7830047607 106.0277709961 -45.9271430969 43.3356246948 0.0000000000 0.0000000000 6.9259414673 25.3120155334 1.6629571915
-140.6203918457 106.0552597046 -45.9272003174 43.3343772888 0.0000000000 0.0000000000 6.9286060333 25.3143005371 1.6696906090
-140.6396179199 106.1766128540 -45.9262886047 43.3341484070 0.0000000000 0.0000000000 6.9289875031 25.3129367828 1.6798095703
-140.6840209961 106.1283950806 -45.9263648987 43.3335266113 0.0000000000 0.0000000000 6.9237065315 25.3227519989 1.6674193144
-140.7450256348 106.1039962769 -45.9264030457 43.3337516785 0.0000000000 0.0000000000 6.9209003448 25.3244285583 1.6737360954
-140.6390533447 106.0185394287 -45.9255867004 43.3341865540 0.0000000000 0.0000000000 6.9216399193 25.3288326263 1.6682840586
-140.6226348877 105.9957275391 -45.9255714417 43.3343658447 0.0000000000 0.0000000000 6.9290251732 25.3246803284 1.6727130413
-140.5729675293 105.9671020508 -45.9241294861 43.3339805603 0.0000000000 0.0000000000 6.9329776764 25.3314895630 1.6684316397
-140.2854309082 106.0223617554 -45.9299468994 43.3346595764 0.0000000000 0.0000000000 6.9291434288 25.3225250244 1.6848986149
-140.0414733887 106.0827255249 -45.9296722412 43.3343963623 0.0000000000 0.0000000000 6.9318480492 25.3236198425 1.6953753233
-140.1145324707 106.0952911377 -45.9294509888 43.3347740173 0.0000000000 0.0000000000 6.9346270561 25.3243560791 1.6913622618
-140.0803222656 106.1261749268 -45.9287948608 43.3335838318 0.0000000000 0.0000000000 6.9369149208 25.3345699310 1.6828085184
-140.1284942627 106.2647476196 -45.9302749634 43.3355140686 0.0000000000 0.0000000000 6.9334893227 25.3223381042 1.6936204433
-140.2607727051 106.2878036499 -45.9295578003 43.3358535767 0.0000000000 0.0000000000 6.9353852272 25.3288650513 1.6833201647
-140.1989135742 106.0651550293 -45.9301033020 43.3352661133 0.0000000000 0.0000000000 6.9447999001 25.3356494904 1.6963094473
-140.0078277588 106.0575714111 -45.9292182922 43.3346481323 0.0000000000 0.0000000000 6.9510083199 25.3278083801 1.7003275156
-140.0326385498 105.8450927734 -45.9291114807 43.3339767456 0.0000000000 0.0000000000 6.9552011490 25.3236713409 1.7066236734
-140.0051879883 105.8941955566 -45.9283905029 43.3353309631 0.0000000000 0.0000000000 6.9668579102 25.3190708160 1.7028797865
-139.9406127930 105.7427291870 -45.9344863892 43.3355789185 0.0000000000 0.0000000000 6.9639353752 25.3211746216 1.7069774866
-139.8540649414 105.7980194092 -45.9342193604 43.3361892700 0.0000000000 0.0000000000 6.9679813385 25.3114452362 1.7118772268
-139.8389587402 105.6632308960 -45.9345207214 43.3355674744 0.0000000000 0.0000000000 6.9655447006 25.3264579773 1.7142130136
-139.8663940430 105.8160171509 -45.9340515137 43.3361663818 0.0000000000 0.0000000000 6.9679613113 25.3262062073 1.7173639536
-139.8126831055 105.6845169067 -45.9342727661 43.3380126953 0.0000000000 0.0000000000 6.9751505852 25.3328437805 1.7130259275
-139.8190765381 105.8274917603 -45.9342880249 43.3366165161 0.0000000000 0.0000000000 6.9735980034 25.3162841797 1.7186790705
-140.0057373047 105.6490707397 -45.9346466064 43.3365325928 0.0000000000 0.0000000000 6.9875831604 25.3187236786 1.7120971680
-139.9578704834 105.8186264038 -45.9338569641 43.3362083435 0.0000000000 0.0000000000 6.9872808456 25.3114814758 1.7151900530
-139.8549652100 105.7169647217 -45.9340438843 43.3376579285 0.0000000000 0.0000000000 6.9931268692 25.3272438049 1.7151368856
-139.7631072998 105.7508697510 -45.9335060120 43.3376808167 0.0000000000 0.0000000000 6.9870119095 25.3260498047 1.7189966440
-139.6273498535 105.6953887939 -45.9398384094 43.3385887146 0.0000000000 0.0000000000 6.9940667152 25.3295516968 1.7296983004
-139.5645446777 105.7722015381 -45.9390411377 43.3379707336 0.0000000000 0.0000000000 6.9861388206 25.3156490326 1.7350733280
-139.5212249756 105.6554641724 -45.9396591187 43.3379135132 0.0000000000 0.0000000000 7.0000905991 25.3249073029 1.7381529808
-139.4677581787 105.8026275635 -45.9381942749 43.3371620178 0.0000000000 0.0000000000 6.9951581955 25.3042736053 1.7508434057
-139.6020965576 105.6944961548 -45.9391059875 43.3375282288 0.0000000000 0.0000000000 6.9986181259 25.3183288574 1.7406401634
-139.6610260010 105.7891616821 -45.9386863708 43.3365974426 0.0000000000 0.0000000000 7.0033030510 25.3097381592 1.7451074123
-139.7171936035 105.6524581909 -45.9385375977 43.3370628357 0.0000000000 0.0000000000 7.0039329529 25.3182678223 1.7380193472
-139.6242980957 105.7204055786 -45.9385032654 43.3369369507 0.0000000000 0.0000000000 7.0010867119 25.3231811523 1.7392332554
-139.7146301270 105.7195739746 -45.9381103516 43.3364334106 0.0000000000 0.0000000000 7.0037784576 25.3253879547 1.7372432947
-139.6475982666 105.6827468872 -45.9379386902 43.3369598389 0.0000000000 0.0000000000 7.0035872459 25.3284606934 1.7440494299
-139.7070007324 105.6034469604 -45.9433326721 43.3376846313 0.0000000000 0.0000000000 7.0085377693 25.3279438019 1.7430787086
-139.4635162354 105.6340713501 -45.9421539307 43.3374252319 0.0000000000 0.0000000000 7.0078868866 25.3163547516 1.7537109852
-139.4130706787 105.6112670898 -45.9408569336 43.3365287781 0.0000000000 0.0000000000 7.0095820427 25.3202667236 1.7568573952
-139.3424987793 105.6734390259 -45.9410209656 43.3369369507 0.0000000000 0.0000000000 7.0186586380 25.3349475861 1.7535477877
-139.2031860352 105.6706237793 -45.9426078796 43.3376617432 0.0000000000 0.0000000000 7.0130620003 25.3323764801 1.7596026659
-139.2155151367 105.5433883667 -45.9421958923 43.3374404907 0.0000000000 0.0000000000 7.0163192749 25.3375091553 1.7552040815
-139.2171173096 105.4928894043 -45.9425964355 43.3366775513 0.0000000000 0.0000000000 7.0108547211 25.3244113922 1.7589070797
-139.1969146729 105.4973220825 -45.9422187805 43.3367271423 0.0000000000 0.0000000000 7.0179510117 25.3205375671 1.7624592781
-139.2120513916 105.5834960938 -45.9414176941 43.3358306885 0.0000000000 0.0000000000 7.0161852837 25.3188686371 1.7628433704
-139.2095794678 105.4323425293 -45.9424858093 43.3370285034 0.0000000000 0.0000000000 7.0192303658 25.3125267029 1.7639917135
-139.1699066162 105.5515747070 -45.9469337463 43.3376579285 0.0000000000 0.0000000000 7.0286889076 25.3180351257 1.7727932930
-139.2305755615 105.3768692017 -45.9456481934 43.3374786377 0.0000000000 0.0000000000 7.0224666595 25.3304805756 1.7762489319
-139.2306823730 105.4234619141 -45.9450950623 43.3373489380 0.0000000000 0.0000000000 7.0233573914 25.3283996582 1.7825115919
-139.1204833984 105.3139953613 -45.9457054138 43.3377494812 0.0000000000 0.0000000000 7.0156159401 25.3356666565 1.7868227959
-139.0550689697 105.4744873047 -45.9441261292 43.3380928040 0.0000000000 0.0000000000 7.0169968605 25.3201694489 1.7851306200
-138.9330444336 105.4402008057 -45.9458274841 43.3380393982 0.0000000000 0.0000000000 7.0149087906 25.3253250122 1.7947696447
-138.7994995117 105.3413696289 -45.9445457458 43.3380775452 0.0000000000 0.0000000000 7.0160655975 25.3284759521 1.7891874313
-138.8772735596 105.4549713135 -45.9450454712 43.3386077881 0.0000000000 0.0000000000 7.0165538788 25.3297843933 1.8031214476
-138.9142456055 105.3270797729 -45.9440765381 43.3377380371 0.0000000000 0.0000000000 7.0137419701 25.3230934143 1.7950860262
-138.8256988525 105.4039230347 -45.9462509155 43.3388366699 0.0000000000 0.0000000000 7.0077261925 25.3296623230 1.7972713709
-138.7099151611 105.3531494141 -45.9486274719 43.3394470215 0.0000000000 0.0000000000 7.0104117393 25.3262481689 1.7955782413
-138.5995788574 105.4223480225 -45.9482116699 43.3388633728 0.0000000000 0.0000000000 7.0044274330 25.3245429993 1.8095694780
-138.7166290283 105.2582702637 -45.9484176636 43.3391456604 0.0000000000 0.0000000000 7.0111155510 25.3397464752 1.7986057997
-138.5208740234 105.3230209351 -45.9480857849 43.3385124207 0.0000000000 0.0000000000 7.0092668533 25.3264369965 1.8155809641
-138.6009521484 105.2831344604 -45.9482231140 43.3392829895 0.0000000000 0.0000000000 7.0201225281 25.3364181519 1.8061975241
-138.3832702637 105.2915344238 -45.9478149414 43.3401336670 0.0000000000 0.0000000000 7.0179662704 25.3279399872 1.8204315901
-138.2347106934 105.2533340454 -45.9460830688 43.3390731812 0.0000000000 0.0000000000 7.0240626335 25.3352127075 1.8182231188
-138.2675170898 105.2043075562 -45.9460105896 43.3392066956 0.0000000000 0.0000000000 7.0240383148 25.3432750702 1.8138340712
-138.2106933594 105.1349563599 -45.9457130432 43.3389854431 0.0000000000 0.0000000000 7.0372495651 25.3359146118 1.8210681677
-138.2027893066 105.1869430542 -45.9448890686 43.3388214111 0.0000000000 0.0000000000 7.0355801582 25.3151187897 1.8201090097
-138.0540618896 105.1528854370 -45.9488906860 43.3391609192 0.0000000000 0.0000000000 7.0311880112 25.3170509338 1.8368799686
-138.0121917725 105.1695785522 -45.9467926025 43.3388900757 0.0000000000 0.0000000000 7.0328054428 25.3113002777 1.8351113796
-137.8112945557 105.1816558838 -45.9462432861 43.3384857178 0.0000000000 0.0000000000 7.0321903229 25.3162364960 1.8531225920
-137.8100128174 105.1413955688 -45.9448089600 43.3389434814 0.0000000000 0.0000000000 7.0335912704 25.3244533539 1.8476231098
-137.6589050293 105.2102050781 -45.9446411133 43.3382377625 0.0000000000 0.0000000000 7.0390138626 25.3287582397 1.8514668941
-137.7335968018 105.1152801514 -45.9441795349 43.3388252258 0.0000000000 0.0000000000 7.0467920303 25.3328723907 1.8507105112
-137.6563873291 105.2103347778 -45.9447631836 43.3393745422 0.0000000000 0.0000000000 7.0508413315 25.3426895142 1.8550813198
-137.5138092041 105.1462402344 -45.9445991516 43.3396110535 0.0000000000 0.0000000000 7.0438299179 25.3461341858 1.8564207554
-137.4704132080 104.9838180542 -45.9441719055 43.3399772644 0.0000000000 0.0000000000 7.0455708504 25.3526802063 1.8552168608
-137.5848388672 105.0137786865 -45.9433937073 43.3387222290 0.0000000000 0.0000000000 7.0464873314 25.3587455750 1.8525154591
-137.4525756836 105.0306701660 -45.9465942383 43.3400192261 0.0000000000 0.0000000000 7.0535492897 25.3705959320 1.8610178232
-137.3089599609 105.1963272095 -45.9467964172 43.3394203186 0.0000000000 0.0000000000 7.0553736687 25.3798084259 1.8638560772
-137.3970947266 105.1553649902 -45.9446868896 43.3381805420 0.0000000000 0.0000000000 7.0643358231 25.3815555573 1.8642443419
-137.4369049072 105.1410751343 -45.9448051453 43.3395767212 0.0000000000 0.0000000000 7.0579237938 25.3804950714 1.8641407490
-137.4614715576 105.1484756470 -45.9442977905 43.3399047852 0.0000000000 0.0000000000 7.0643973351 25.3738574982 1.8618221283
-137.3195495605 104.9625091553 -45.9447402954 43.3408851624 0.0000000000 0.0000000000 7.0710916519 25.3903541565 1.8683873415
-137.1935882568 104.9687576294 -45.9439201355 43.3392410278 0.0000000000 0.0000000000 7.0767307281 25.3721389771 1.8711159229
-137.1935272217 104.9705581665 -45.9437828064 43.3400421143 0.0000000000 0.0000000000 7.0735511780 25.3924560547 1.8688802719
-137.2031707764 104.9208450317 -45.9442291260 43.3398704529 0.0000000000 0.0000000000 7.0775609016 25.3904323578 1.8635001183
-136.9394531250 104.9039535522 -45.9451522827 43.3398971558 0.0000000000 0.0000000000 7.0712490082 25.3929538727 1.8734043837
-136.9259796143 104.8925781250 -45.9438629150 43.3406829834 0.0000000000 0.0000000000 7.0654549599 25.3994102478 1.8780064583
-136.8790130615 104.8789215088 -45.9432983398 43.3399124146 0.0000000000 0.0000000000 7.0689845085 25.3891487122 1.8768472672
-136.9066925049 104.9046936035 -45.9431991577 43.3399772644 0.0000000000 0.0000000000 7.0851006508 25.3961086273 1.8777219057
-136.7136840820 104.9904937744 -45.9432868958 43.3400154114 0.0000000000 0.0000000000 7.0844554901 25.3819198608 1.8877000809
-136.8137512207 104.9624404907 -45.9431686401 43.3393440247 0.0000000000 0.0000000000 7.0897040367 25.3982601166 1.8779687881
-136.7088012695 105.0228347778 -45.9445838928 43.3392982483 0.0000000000 0.0000000000 7.0896124840 25.3946228027 1.8839679956
-136.7628631592 105.0681915283 -45.9439239502 43.3396148682 0.0000000000 0.0000000000 7.0841326714 25.3899497986 1.8894935846
-136.8723602295 105.0532989502 -45.9437332153 43.3403854370 0.0000000000 0.0000000000 7.0938611031 25.3861865997 1.8821223974
-136.8279418945 105.1592330933 -45.9446182251 43.3407173157 0.0000000000 0.0000000000 7.0931215286 25.3887042999 1.8868659735
-136.8619537354 104.9509811401 -45.9438476562 43.3395576477 0.0000000000 0.0000000000 7.0961046219 25.3979072571 1.8816049099
-136.6380004883 105.0675125122 -45.9440879822 43.3406295776 0.0000000000 0.0000000000 7.0918693542 25.4069461823 1.8963226080
-136.6396484375 105.1169815063 -45.9428787231 43.3404350281 0.0000000000 0.0000000000 7.0984997749 25.4169082642 1.8951191902
-136.5629119873 105.1818161011 -45.9421195984 43.3412513733 0.0000000000 0.0000000000 7.1071357727 25.4148426056 1.8975926638
-136.5305328369 105.1420516968 -45.9421844482 43.3405723572 0.0000000000 0.0000000000 7.1088871956 25.4095020294 1.9027341604
-136.6075592041 105.1209259033 -45.9420356750 43.3411407471 0.0000000000 0.0000000000 7.1173901558 25.4119338989 1.8969416618
-136.6479034424 104.9803695679 -45.9432144165 43.3406105042 0.0000000000 0.0000000000 7.1134696007 25.4341716766 1.8967356682
-136.6480712891 105.0656890869 -45.9424896240 43.3402862549 0.0000000000 0.0000000000 7.1182451248 25.4280548096 1.8902531862
-136.5984039307 104.9849090576 -45.9435958862 43.3399124146 0.0000000000 0.0000000000 7.1160569191 25.4258022308 1.9014045000
-136.5933380127 105.0402145386 -45.9426498413 43.3402671814 0.0000000000 0.0000000000 7.1260743141 25.4175014496 1.8952342272
-136.3671875000 105.0917739868 -45.9434356689 43.3399696350 0.0000000000 0.0000000000 7.1177530289 25.4188213348 1.9097017050
-136.4250946045 105.0272674561 -45.9404220581 43.3404693604 0.0000000000 0.0000000000 7.1173543930 25.4309291840 1.9097545147
-136.4049987793 105.0276489258 -45.9409713745 43.3405838013 0.0000000000 0.0000000000 7.1179065704 25.4433212280 1.9060283899
-136.3343963623 105.0839309692 -45.9407768250 43.3405799866 0.0000000000 0.0000000000 7.1192226410 25.4348812103 1.9040540457
-136.3641357422 104.9807586670 -45.9419555664 43.3399467468 0.0000000000 0.0000000000 7.1197991371 25.4555969238 1.9064917564
-136.3560943604 105.0291824341 -45.9411582947 43.3402099609 0.0000000000 0.0000000000 7.1200666428 25.4443645477 1.9054117203
-136.4382934570 104.9140319824 -45.9414749146 43.3387565613 0.0000000000 0.0000000000 7.1244502068 25.4528789520 1.9016941786
-136.2339630127 105.0519790649 -45.9411315918 43.3397674561 0.0000000000 0.0000000000 7.1200790405 25.4432315826 1.9121425152
-136.2639007568 104.9997940063 -45.9415969849 43.3388328552 0.0000000000 0.0000000000 7.1295533180 25.4611740112 1.9062343836
-136.1116333008 105.0517654419 -45.9400177002 43.3388252258 0.0000000000 0.0000000000 7.1313514709 25.4539413452 1.9121656418
-136.2178192139 105.0871658325 -45.9404067993 43.3378829956 0.0000000000 0.0000000000 7.1425032616 25.4634571075 1.9049477577
-136.2817840576 105.1334152222 -45.9385528564 43.3391990662 0.0000000000 0.0000000000 7.1417760849 25.4780712128 1.9059128761
-136.3482818604 104.9985809326 -45.9391632080 43.3392791748 0.0000000000 0.0000000000 7.1501255035 25.4709491730 1.9028561115
-136.4224853516 104.9923934937 -45.9394798279 43.3390998840 0.0000000000 0.0000000000 7.1586217880 25.4794483185 1.8928283453
-136.2776184082 104.9816741943 -45.9401969910 43.3392715454 0.0000000000 0.0000000000 7.1567935944 25.4746780396 1.8961415291
-136.3127593994 104.8902969360 -45.9400482178 43.3387222290 0.0000000000 0.0000000000 7.1598677635 25.4769763947 1.8957959414
-136.1144866943 104.9437179565 -45.9401931763 43.3394241333 0.0000000000 0.0000000000 7.1562223434 25.4859848022 1.9050407410
-136.1395874023 104.9886322021 -45.9393692017 43.3399200439 0.0000000000 0.0000000000 7.1579914093 25.4821758270 1.9020439386
-136.0859832764 104.9183120728 -45.9402618408 43.3401451111 0.0000000000 0.0000000000 7.1582369804 25.4853820801 1.9059929848
-136.0278930664 104.8664932251 -45.9404258728 43.3407897949 0.0000000000 0.0000000000 7.1631231308 25.4915390015 1.9065605402
-136.1123657227 104.8993911743 -45.9396667480 43.3408660889 0.0000000000 0.0000000000 7.1616401672 25.4781703949 1.9051985741
-136.1248474121 104.9349288940 -45.9364929199 43.3422126770 0.0000000000 0.0000000000 7.1673021317 25.4949054718 1.9039297104
-136.0553588867 104.9928588867 -45.9364395142 43.3417968750 0.0000000000 0.0000000000 7.1714253426 25.4862880707 1.9022464752
-136.2053070068 104.9164123535 -45.9368209839 43.3421401978 0.0000000000 0.0000000000 7.1733579636 25.4934787750 1.8986428976
-136.0086517334 104.9628982544 -45.9365882874 43.3415069580 0.0000000000 0.0000000000 7.1764335632 25.4846878052 1.9069665670
-136.0836944580 104.9910278320 -45.9363021851 43.3416900635 0.0000000000 0.0000000000 7.1807689667 25.5054130554 1.8985413313
-136.0663604736 104.7878036499 -45.9364471436 43.3400268555 0.0000000000 0.0000000000 7.1765584946 25.4915599823 1.9042357206
-136.1920928955 104.8125534058 -45.9374504089 43.3406715393 0.0000000000 0.0000000000 7.1847410202 25.5008449554 1.8960804939
-136.0732727051 104.6740036011 -45.9383621216 43.3403129578 0.0000000000 0.0000000000 7.1797032356 25.4941749573 1.9059778452
-136.0237731934 104.7698669434 -45.9380493164 43.3414649963 0.0000000000 0.0000000000 7.1781406403 25.5026359558 1.9060561657
-135.9156494141 104.7418823242 -45.9379692078 43.3414039612 0.0000000000 0.0000000000 7.1793818474 25.5067672729 1.9093995094
-135.9502563477 104.7027130127 -45.9326438904 43.3411941528 0.0000000000 0.0000000000 7.1841359138 25.5179615021 1.9070273638
-135.8996734619 104.7820663452 -45.9333572388 43.3412666321 0.0000000000 0.0000000000 7.1800751686 25.5173168182 1.9023393393
-135.9731903076 104.8967819214 -45.9321174622 43.3417053223 0.0000000000 0.0000000000 7.1851186752 25.5051059723 1.8994840384
-135.9325714111 104.7779998779 -45.9323081970 43.3403472900 0.0000000000 0.0000000000 7.1846618652 25.5128402710 1.8952345848
-135.8833618164 104.7981338501 -45.9325942993 43.3407707214 0.0000000000 0.0000000000 7.1849861145 25.5063285828 1.9017831087
-135.9314727783 104.7062072754 -45.9327888489 43.3406715393 0.0000000000 0.0000000000 7.1883192062 25.4973564148 1.8947687149
-135.8931732178 104.6615295410 -45.9330749512 43.3404006958 0.0000000000 0.0000000000 7.1852054596 25.5116462708 1.8995088339
-135.9959716797 104.6621170044 -45.9327583313 43.3393898010 0.0000000000 0.0000000000 7.1958699226 25.5210685730 1.8842080832
-135.8642578125 104.7892150879 -45.9342231750 43.3386840820 0.0000000000 0.0000000000 7.1899824142 25.5141506195 1.8994122744
-135.9202728271 104.6575317383 -45.9339904785 43.3393402100 0.0000000000 0.0000000000 7.1953020096 25.5114364624 1.8898640871
-135.9480438232 104.5487976074 -45.9293594360 43.3401870728 0.0000000000 0.0000000000 7.1963992119 25.5300598145 1.8916985989
-135.9203796387 104.5576553345 -45.9286842346 43.3398246765 0.0000000000 0.0000000000 7.2048807144 25.5163440704 1.8878271580
-135.9515075684 104.6498336792 -45.9298171997 43.3402595520 0.0000000000 0.0000000000 7.2094526291 25.5187377930 1.8885428905
-135.9599456787 104.7099990845 -45.9304428101 43.3398971558 0.0000000000 0.0000000000 7.2180366516 25.5164508820 1.8806903362
-136.0087585449 104.7366943359 -45.9314613342 43.3392410278 0.0000000000 0.0000000000 7.2218360901 25.5241737366 1.8800309896
-136.0780639648 104.7618637085 -45.9334335327 43.3404464722 0.0000000000 0.0000000000 7.2205352783 25.5331592560 1.8798720837
-136.1583709717 104.5756607056 -45.9321365356 43.3398208618 0.0000000000 0.0000000000 7.2229566574 25.5339298248 1.8704478741
-136.1747436523 104.5518951416 -45.9332542419 43.3392715454 0.0000000000 0.0000000000 7.2216315269 25.5317192078 1.8716526031
-136.1475677490 104.5435333252 -45.9335899353 43.3395423889 0.0000000000 0.0000000000 7.2153439522 25.5387859344 1.8706755638
-136.1422576904 104.5441970825 -45.9334793091 43.3397216797 0.0000000000 0.0000000000 7.2150182724 25.5427074432 1.8753408194
-136.3311614990 104.3099670410 -45.9288711548 43.3406600952 0.0000000000 0.0000000000 7.2091903687 25.5486125946 1.8647042513
-136.2572021484 104.3808670044 -45.9296836853 43.3403282166 0.0000000000 0.0000000000 7.2277212143 25.5409584045 1.8664081097
-136.3252563477 104.2981719971 -45.9299316406 43.3395156860 0.0000000000 0.0000000000 7.2210164070 25.5449714661 1.8601269722
-136.1965026855 104.2224960327 -45.9298553467 43.3395919800 0.0000000000 0.0000000000 7.2290668488 25.5406646729 1.8608959913
-136.3506469727 104.1373214722 -45.9312171936 43.3389053345 0.0000000000 0.0000000000 7.2214951515 25.5538539886 1.8576848507
-136.2171020508 104.2676620483 -45.9304733276 43.3403587341 0.0000000000 0.0000000000 7.2234010696 25.5557651520 1.8605499268
-136.3554229736 104.1613616943 -45.9305648804 43.3399772644 0.0000000000 0.0000000000 7.2253847122 25.5624065399 1.8559280634
-136.2917480469 104.2402267456 -45.9308776855 43.3389015198 0.0000000000 0.0000000000 7.2163643837 25.5616912842 1.8617224693
-136.3317871094 104.1349868774 -45.9312896729 43.3395462036 0.0000000000 0.0000000000 7.2188348770 25.5715789795 1.8574055433
-136.0787963867 104.2460861206 -45.9313888550 43.3391952515 0.0000000000 0.0000000000 7.2191295624 25.5763683319 1.8701875210
-136.2346496582 104.0375747681 -45.9241180420 43.3408164978 0.0000000000 0.0000000000 7.2273941040 25.5839405060 1.8559079170
-136.2492675781 104.1455993652 -45.9266738892 43.3406677246 0.0000000000 0.0000000000 7.2309427261 25.5961265564 1.8596229553
-136.2999420166 104.1563262939 -45.9255714417 43.3403778076 0.0000000000 0.0000000000 7.2367806435 25.6013679504 1.8560290337
-136.2399597168 104.1998748779 -45.9248847961 43.3403472900 0.0000000000 0.0000000000 7.2285923958 25.5983123779 1.8606256247
-136.2493896484 104.1196212769 -45.9254493713 43.3401107788 0.0000000000 0.0000000000 7.2330889702 25.5867309570 1.8580999374
-136.1911621094 104.1148910522 -45.9261703491 43.3390502930 0.0000000000 0.0000000000 7.2310810089 25.5928993225 1.8612604141
-136.2512512207 104.1005096436 -45.9261398315 43.3387031555 0.0000000000 0.0000000000 7.2375540733 25.5996227264 1.8554900885
-136.3352508545 104.2383804321 -45.9260749817 43.3384742737 0.0000000000 0.0000000000 7.2424316406 25.6072120667 1.8581619263
-136.3855133057 104.2371292114 -45.9258232117 43.3389320374 0.0000000000 0.0000000000 7.2476215363 25.6154823303 1.8582934141
-136.3790588379 104.3012237549 -45.9259185791 43.3389167786 0.0000000000 0.0000000000 7.2379384041 25.6337451935 1.8600271940
-136.2734985352 104.2089385986 -45.9207534790 43.3391304016 0.0000000000 0.0000000000 7.2398753166 25.6319808960 1.8579715490
-136.3131256104 104.2097396851 -45.9205169678 43.3398246765 0.0000000000 0.0000000000 7.2388615608 25.6309165955 1.8627986908
-136.1546783447 104.2674636841 -45.9211769104 43.3396606445 0.0000000000 0.0000000000 7.2457728386 25.6335811615 1.8648548126
-136.3280029297 104.2973709106 -45.9200019836 43.3404541016 0.0000000000 0.0000000000 7.2475452423 25.6251640320 1.8537629843
-136.2779998779 104.2092285156 -45.9230880737 43.3398857117 0.0000000000 0.0000000000 7.2510094643 25.6409111023 1.8518043756
-136.3573455811 104.2607498169 -45.9218750000 43.3397789001 0.0000000000 0.0000000000 7.2528958321 25.6456699371 1.8538298607
-136.3112487793 104.2282485962 -45.9230613708 43.3391532898 0.0000000000 0.0000000000 7.2508172989 25.6387424469 1.8485407829
-136.1994476318 104.1613998413 -45.9219627380 43.3392219543 0.0000000000 0.0000000000 7.2485194206 25.6373214722 1.8539218903
-136.2034606934 104.2171630859 -45.9220161438 43.3378791809 0.0000000000 0.0000000000 7.2540502548 25.6565437317 1.8490426540
-136.2269744873 104.1588058472 -45.9230537415 43.3387451172 0.0000000000 0.0000000000 7.2504706383 25.6622924805 1.8511291742
-136.0860748291 104.1602859497 -45.9180450439 43.3394088745 0.0000000000 0.0000000000 7.2586135864 25.6583938599 1.8485289812
-136.1496734619 104.0219650269 -45.9193115234 43.3394622803 0.0000000000 0.0000000000 7.2590274811 25.6695232391 1.8449212313
-136.0653839111 104.1027679443 -45.9196395874 43.3383827209 0.0000000000 0.0000000000 7.2534165382 25.6772098541 1.8474938869
-136.1022949219 104.1043777466 -45.9192886353 43.3387031555 0.0000000000 0.0000000000 7.2553524971 25.6642646790 1.8461309671
-135.9995880127 104.2195816040 -45.9198570251 43.3385200500 0.0000000000 0.0000000000 7.2597899437 25.6842098236 1.8506888151
-136.1454772949 104.1639556885 -45.9180564880 43.3387870789 0.0000000000 0.0000000000 7.2699136734 25.6751976013 1.8434519768
-136.0046844482 104.1646804810 -45.9194908142 43.3394355774 0.0000000000 0.0000000000 7.2643260956 25.6752300262 1.8510869741
-136.2979431152 103.9748764038 -45.9183654785 43.3384780884 0.0000000000 0.0000000000 7.2737936974 25.6910228729 1.8391885757
-136.1125488281 104.0047531128 -45.9208831787 43.3395156860 0.0000000000 0.0000000000 7.2779703140 25.6824264526 1.8455193043
-136.1206817627 103.8302230835 -45.9194259644 43.3389091492 0.0000000000 0.0000000000 7.2828397751 25.6799449921 1.8440830708
-136.0748596191 103.8503952026 -45.9150619507 43.3398437500 0.0000000000 0.0000000000 7.2823729515 25.6864795685 1.8366240263
-136.0846557617 103.8121643066 -45.9145050049 43.3396110535 0.0000000000 0.0000000000 7.2903475761 25.6781635284 1.8330668211
-136.0665435791 103.8580398560 -45.9161834717 43.3398056030 0.0000000000 0.0000000000 7.2906494141 25.6837368011 1.8298280239
-136.1098632812 103.8412322998 -45.9165992737 43.3393363953 0.0000000000 0.0000000000 7.2969417572 25.6757488251 1.8307268620
-136.2594757080 103.8069763184 -45.9160194397 43.3395462036 0.0000000000 0.0000000000 7.2974267006 25.6885528564 1.8146280050
-136.1322021484 103.9166183472 -45.9175148010 43.3385963440 0.0000000000 0.0000000000 7.2953042984 25.6759738922 1.8279349804
-136.1881561279 103.8294906616 -45.9163131714 43.3411560059 0.0000000000 0.0000000000 7.2958354950 25.6932392120 1.8158646822
-135.9639129639 104.0241470337 -45.9164543152 43.3393440247 0.0000000000 0.0000000000 7.3013153076 25.6855316162 1.8264405727
-135.9862365723 103.8875350952 -45.9149703979 43.3394203186 0.0000000000 0.0000000000 7.3005127907 25.6990127563 1.8174133301
-135.8750000000 103.8843994141 -45.9165077209 43.3378829956 0.0000000000 0.0000000000 7.3083181381 25.6864299774 1.8213560581
-135.8241119385 103.7694473267 -45.9131546021 43.3398513794 0.0000000000 0.0000000000 7.3102841377 25.7048549652 1.8192787170
-135.9788208008 103.8488769531 -45.9126777649 43.3388595581 0.0000000000 0.0000000000 7.3085279465 25.6987838745 1.8174525499
-136.0115814209 103.6957550049 -45.9146270752 43.3394622803 0.0000000000 0.0000000000 7.3104805946 25.7046527863 1.8098078966
-136.1163635254 103.7279739380 -45.9158744812 43.3383827209 0.0000000000 0.0000000000 7.3119359016 25.6937580109 1.8102741241
-136.0548858643 103.6999053955 -45.9164962769 43.3385543823 0.0000000000 0.0000000000 7.3233308792 25.6949748993 1.8112715483
-136.0666656494 103.8231658936 -45.9161758423 43.3381156921 0.0000000000 0.0000000000 7.3299345970 25.6969890594 1.8100470304
-136.0295715332 103.7667846680 -45.9165573120 43.3385353088 0.0000000000 0.0000000000 7.3339190483 25.6946334839 1.8105442524
-136.0259246826 103.8007888794 -45.9174652100 43.3374748230 0.0000000000 0.0000000000 7.3324365616 25.6882095337 1.8114079237
-136.0286865234 103.7282714844 -45.9172668457 43.3375740051 0.0000000000 0.0000000000 7.3378167152 25.6903858185 1.8080618382
-136.0049896240 103.7107543945 -45.9165229797 43.3373222351 0.0000000000 0.0000000000 7.3365473747 25.6892032623 1.8175991774
-135.9932403564 103.6522293091 -45.9150161743 43.3383560181 0.0000000000 0.0000000000 7.3267121315 25.6972599030 1.8085947037
-136.0964660645 103.5722503662 -45.9145965576 43.3363990784 0.0000000000 0.0000000000 7.3415718079 25.6843566895 1.8000262976
-136.0457305908 103.5667648315 -45.9160957336 43.3364486694 0.0000000000 0.0000000000 7.3357467651 25.6861381531 1.8085234165
-136.0923919678 103.5237884521 -45.9146041870 43.3366470337 0.0000000000 0.0000000000 7.3512263298 25.6905670166 1.8029103279
-136.1672210693 103.5361480713 -45.9149093628 43.3370437622 0.0000000000 0.0000000000 7.3471198082 25.6961975098 1.8005737066
-136.2069702148 103.5808868408 -45.9158821106 43.3371086121 0.0000000000 0.0000000000 7.3545136452 25.6864299774 1.8061443567
-136.2151184082 103.5243682861 -45.9171409607 43.3377838135 0.0000000000 0.0000000000 7.3587074280 25.7004585266 1.8020912409
-136.0051422119 103.6403656006 -45.9163398743 43.3374862671 0.0000000000 0.0000000000 7.3551926613 25.6993007660 1.8056355715
-136.0699157715 103.6359100342 -45.9161643982 43.3369026184 0.0000000000 0.0000000000 7.3568873405 25.7207450867 1.7979255915
-135.8940429688 103.6395034790 -45.9166069031 43.3361930847 0.0000000000 0.0000000000 7.3587350845 25.7109146118 1.8050850630
-135.9292907715 103.4861221313 -45.9162406921 43.3371086121 0.0000000000 0.0000000000 7.3620405197 25.7186756134 1.7979941368
-135.9524383545 103.6277084351 -45.9162902832 43.3381881714 0.0000000000 0.0000000000 7.3595929146 25.7077083588 1.8002034426
-136.0254974365 103.5586700439 -45.9170150757 43.3377838135 0.0000000000 0.0000000000 7.3675732613 25.7258110046 1.7938518524
-135.8615875244 103.5307006836 -45.9192008972 43.3361854553 0.0000000000 0.0000000000 7.3660111427 25.7143440247 1.7972098589
-135.8956146240 103.5027084351 -45.9167289734 43.3371734619 0.0000000000 0.0000000000 7.3646984100 25.7286872864 1.7928903103
-135.8851928711 103.4827423096 -45.9175910950 43.3373184204 0.0000000000 0.0000000000 7.3656330109 25.7298183441 1.7959372997
-135.8749389648 103.4229507446 -45.9177513123 43.3366203308 0.0000000000 0.0000000000 7.3606491089 25.7416896820 1.7945396900
-135.7906951904 103.5426406860 -45.9178009033 43.3364372253 0.0000000000 0.0000000000 7.3688631058 25.7430610657 1.8002642393
-135.8365478516 103.4663085938 -45.9181632996 43.3358955383 0.0000000000 0.0000000000 7.3668618202 25.7572975159 1.7927744389
-135.8195190430 103.5302276611 -45.9191207886 43.3347244263 0.0000000000 0.0000000000 7.3705849648 25.7499790192 1.7980452776
-135.9279174805 103.5109329224 -45.9208374023 43.3362998962 0.0000000000 0.0000000000 7.3845129013 25.7687301636 1.7921977043
-135.8566131592 103.5552825928 -45.9194755554 43.3352088928 0.0000000000 0.0000000000 7.3907785416 25.7678565979 1.7906243801
-135.8876342773 103.4643859863 -45.9210395813 43.3351097107 0.0000000000 0.0000000000 7.3855152130 25.7864418030 1.7909870148
-136.0021820068 103.4388275146 -45.9215011597 43.3358726501 0.0000000000 0.0000000000 7.3935322762 25.7765846252 1.7873060703
-136.0832672119 103.3941116333 -45.9224891663 43.3358917236 0.0000000000 0.0000000000 7.3938422203 25.7850761414 1.7828859091
-135.9988708496 103.2838821411 -45.9207153320 43.3359222412 0.0000000000 0.0000000000 7.3935003281 25.7842330933 1.7854491472
-135.9234466553 103.3346557617 -45.9203033447 43.3354911804 0.0000000000 0.0000000000 7.3990082741 25.7928810120 1.7875299454
-135.8842926025 103.3749160767 -45.9191665649 43.3344306946 0.0000000000 0.0000000000 7.3980069160 25.7845649719 1.7875142097
-135.9356231689 103.2296981812 -45.9203567505 43.3341293335 0.0000000000 0.0000000000 7.4030628204 25.7843379974 1.7914278507
-135.9496002197 103.2057647705 -45.9203681946 43.3354911804 0.0000000000 0.0000000000 7.3977746964 25.7786674500 1.7855062485
-136.0040283203 103.2412948608 -45.9226417542 43.3349189758 0.0000000000 0.0000000000 7.4080810547 25.7853469849 1.7841231823
-135.9923706055 103.2675781250 -45.9227180481 43.3343086243 0.0000000000 0.0000000000 7.4000129700 25.7913341522 1.7821297646
-135.9554901123 103.3059387207 -45.9239234924 43.3354797363 0.0000000000 0.0000000000 7.4138264656 25.7956066132 1.7867716551
-135.8623046875 103.2327499390 -45.9237632751 43.3360519409 0.0000000000 0.0000000000 7.4059076309 25.8008937836 1.7943460941
-136.0057678223 103.2239532471 -45.9212265015 43.3356628418 0.0000000000 0.0000000000 7.4131016731 25.8079776764 1.7894583941
-136.0671539307 103.1307907104 -45.9212684631 43.3351554871 0.0000000000 0.0000000000 7.4175171852 25.8143348694 1.7870365381
-136.1331024170 103.0481414795 -45.9213562012 43.3362617493 0.0000000000 0.0000000000 7.4209642410 25.8204746246 1.7830244303
-136.0521087646 103.0478515625 -45.9215431213 43.3358955383 0.0000000000 0.0000000000 7.4213333130 25.8273563385 1.7903081179
-136.1360015869 103.1301498413 -45.9216537476 43.3360977173 0.0000000000 0.0000000000 7.4291615486 25.8268966675 1.7838314772
-136.1405944824 103.0838775635 -45.9218521118 43.3378257751 0.0000000000 0.0000000000 7.4284424782 25.8389606476 1.7902100086
-136.1332244873 103.1639862061 -45.9230041504 43.3366241455 0.0000000000 0.0000000000 7.4378790855 25.8297557831 1.7831802368
-136.1507415771 103.1120910645 -45.9244537354 43.3364028931 0.0000000000 0.0000000000 7.4457039833 25.8301296234 1.7853963375
-136.1701354980 103.1123580933 -45.9256286621 43.3370018005 0.0000000000 0.0000000000 7.4516010284 25.8372726440 1.7829560041
-136.1533660889 103.0270538330 -45.9238929749 43.3355674744 0.0000000000 0.0000000000 7.4480443001 25.8395957947 1.7874760628
-136.1527252197 102.8812713623 -45.9236068726 43.3362808228 0.0000000000 0.0000000000 7.4469218254 25.8471412659 1.7778933048
-136.1953582764 102.9622955322 -45.9243469238 43.3365058899 0.0000000000 0.0000000000 7.4449844360 25.8302993774 1.7831425667
-136.3127593994 102.9162292480 -45.9245872498 43.3359489441 0.0000000000 0.0000000000 7.4498167038 25.8371143341 1.7766432762
-136.2751007080 102.8300781250 -45.9254226685 43.3348464966 0.0000000000 0.0000000000 7.4518170357 25.8309497833 1.7828568220
-136.2145538330 102.8550033569 -45.9246902466 43.3360900879 0.0000000000 0.0000000000 7.4636225700 25.8492622375 1.7857831717
-136.2186431885 102.8587570190 -45.9249420166 43.3351097107 0.0000000000 0.0000000000 7.4611620903 25.8510608673 1.7833657265
-136.1595306396 102.8786926270 -45.9269790649 43.3368301392 0.0000000000 0.0000000000 7.4733190536 25.8552989960 1.7875722647
-136.1152038574 102.6947860718 -45.9265708923 43.3372154236 0.0000000000 0.0000000000 7.4719858170 25.8595962524 1.7881833315
-136.0059204102 102.6510772705 -45.9255294800 43.3361434937 0.0000000000 0.0000000000 7.4726815224 25.8587341309 1.7879438400
-136.0676879883 102.6853713989 -45.9255714417 43.3361129761 0.0000000000 0.0000000000 7.4784302711 25.8636741638 1.7854652405
-135.9947662354 102.6726684570 -45.9257431030 43.3364067078 0.0000000000 0.0000000000 7.4754557610 25.8736362457 1.7903684378
-136.1091156006 102.6491699219 -45.9252853394 43.3366775513 0.0000000000 0.0000000000 7.4774489403 25.8550205231 1.7906036377
-136.0890502930 102.6827850342 -45.9260826111 43.3375511169 0.0000000000 0.0000000000 7.4828696251 25.8599166870 1.7870837450
-136.0004577637 102.5988388062 -45.9269485474 43.3372955322 0.0000000000 0.0000000000 7.4749007225 25.8444004059 1.7952816486
-136.1614685059 102.6369323730 -45.9256858826 43.3367385864 0.0000000000 0.0000000000 7.4861454964 25.8552951813 1.7791858912
-136.1126251221 102.6751480103 -45.9275588989 43.3368873596 0.0000000000 0.0000000000 7.4877905846 25.8527259827 1.7863866091
-136.1832427979 102.5945968628 -45.9299774170 43.3367195129 0.0000000000 0.0000000000 7.4928593636 25.8547344208 1.7843509912
-136.2697601318 102.6435241699 -45.9304580688 43.3364257812 0.0000000000 0.0000000000 7.4932193756 25.8569660187 1.7813034058
-136.2018280029 102.7287139893 -45.9313354492 43.3372306824 0.0000000000 0.0000000000 7.4930081367 25.8652896881 1.7815179825
-136.1435852051 102.6624832153 -45.9309501648 43.3373756409 0.0000000000 0.0000000000 7.4980893135 25.8539142609 1.7862519026
-136.0500335693 102.7296218872 -45.9312591553 43.3377037048 0.0000000000 0.0000000000 7.5042414665 25.8634204865 1.7890156507
-136.0670471191 102.6917495728 -45.9301528931 43.3372383118 0.0000000000 0.0000000000 7.5003509521 25.8656787872 1.7864986658
-136.1427917480 102.6906814575 -45.9310226440 43.3369598389 0.0000000000 0.0000000000 7.5018677711 25.8816719055 1.7811841965
-136.0538024902 102.7070388794 -45.9299621582 43.3359527588 0.0000000000 0.0000000000 7.5054006577 25.8729324341 1.7804861069
-136.1662139893 102.6783752441 -45.9302062988 43.3365135193 0.0000000000 0.0000000000 7.5021557808 25.8868980408 1.7774664164
-136.0568084717 102.5531921387 -45.9297027588 43.3367805481 0.0000000000 0.0000000000 7.4930334091 25.8829212189 1.7841660976
-136.1793365479 102.5839004517 -45.9321289062 43.3372230530 0.0000000000 0.0000000000 7.5009694099 25.8962650299 1.7842366695
-136.0886077881 102.5827865601 -45.9309768677 43.3360481262 0.0000000000 0.0000000000 7.5011963844 25.8937397003 1.7835843563
-136.0068511963 102.4901275635 -45.9311180115 43.3363990784 0.0000000000 0.0000000000 7.5038824081 25.8903503418 1.7864197493
-136.0562133789 102.4653167725 -45.9314270020 43.3358802795 0.0000000000 0.0000000000 7.5048313141 25.8876266479 1.7944391966
-135.9025878906 102.4365768433 -45.9317398071 43.3358230591 0.0000000000 0.0000000000 7.5055899620 25.8925437927 1.8005403280
-136.0154724121 102.4375686646 -45.9310722351 43.3363647461 0.0000000000 0.0000000000 7.5107493401 25.8766460419 1.7970104218
-135.9171142578 102.3863906860 -45.9316673279 43.3368186951 0.0000000000 0.0000000000 7.5160818100 25.8839530945 1.7971123457
-135.9557189941 102.3788909912 -45.9312896729 43.3365821838 0.0000000000 0.0000000000 7.5179195404 25.8815650940 1.8057614565
-135.8387908936 102.3888092041 -45.9317626953 43.3360061646 0.0000000000 0.0000000000 7.5223627090 25.8944511414 1.8042415380
-135.8291320801 102.4119033813 -45.9304924011 43.3355522156 0.0000000000 0.0000000000 7.5190854073 25.8955764771 1.8115428686
-135.8267517090 102.4215164185 -45.9343147278 43.3357276917 0.0000000000 0.0000000000 7.5183033943 25.9033145905 1.8065875769
-135.8204040527 102.4919586182 -45.9327354431 43.3352622986 0.0000000000 0.0000000000 7.5117015839 25.9003753662 1.8098738194
-135.8115386963 102.4525833130 -45.9327430725 43.3342399597 0.0000000000 0.0000000000 7.5254592896 25.9112758636 1.8092621565
-135.8197174072 102.5082473755 -45.9325294495 43.3353652954 0.0000000000 0.0000000000 7.5289559364 25.9089260101 1.8079540730
-135.7528686523 102.5193557739 -45.9333038330 43.3353462219 0.0000000000 0.0000000000 7.5348463058 25.9156055450 1.8055801392
-135.7890930176 102.5932388306 -45.9329681396 43.3352661133 0.0000000000 0.0000000000 7.5329823494 25.9152088165 1.8116589785
-135.7267150879 102.4814529419 -45.9333877563 43.3360977173 0.0000000000 0.0000000000 7.5308599472 25.9195137024 1.8110280037
-135.7536621094 102.5070266724 -45.9324188232 43.3355407715 0.0000000000 0.0000000000 7.5352015495 25.9122962952 1.8118160963
-135.6649017334 102.4969635010 -45.9325714111 43.3360633850 0.0000000000 0.0000000000 7.5381097794 25.9265441895 1.8127424717
-135.6205444336 102.4832382202 -45.9320793152 43.3347282410 0.0000000000 0.0000000000 7.5403218269 25.9145126343 1.8122271299
-135.4959259033 102.4980697632 -45.9343757629 43.3371047974 0.0000000000 0.0000000000 7.5427126884 25.9230899811 1.8206776381
-135.5076141357 102.4397201538 -45.9342308044 43.3364410400 0.0000000000 0.0000000000 7.5429191589 25.9105129242 1.8175008297
-135.4582977295 102.4281845093 -45.9353828430 43.3367958069 0.0000000000 0.0000000000 7.5452423096 25.9300327301 1.8223080635
-135.3634948730 102.5267791748 -45.9336471558 43.3362236023 0.0000000000 0.0000000000 7.5466017723 25.9373168945 1.8278646469
-135.3867340088 102.4850234985 -45.9329376221 43.3366775513 0.0000000000 0.0000000000 7.5459232330 25.9319324493 1.8192937374
-135.2687377930 102.5609130859 -45.9336471558 43.3368225098 0.0000000000 0.0000000000 7.5488009453 25.9298667908 1.8238742352
-135.2853088379 102.5363006592 -45.9331436157 43.3358268738 0.0000000000 0.0000000000 7.5486402512 25.9443626404 1.8153288364
-135.1907348633 102.5392150879 -45.9342880249 43.3360977173 0.0000000000 0.0000000000 7.5463976860 25.9506778717 1.8179945946
-135.0908203125 102.4347000122 -45.9335975647 43.3378410339 0.0000000000 0.0000000000 7.5417995453 25.9520378113 1.8189643621
-135.2189483643 102.5358047485 -45.9334754944 43.3371734619 0.0000000000 0.0000000000 7.5441536903 25.9448661804 1.8170726299
-135.1607818604 102.4466018677 -45.9369049072 43.3383102417 0.0000000000 0.0000000000 7.5525131226 25.9669914246 1.8199054003
-135.1199340820 102.4010772705 -45.9360427856 43.3379364014 0.0000000000 0.0000000000 7.5495724678 25.9597682953 1.8282990456
-135.0766754150 102.2881164551 -45.9344253540 43.3376388550 0.0000000000 0.0000000000 7.5500020981 25.9688625336 1.8249640465
-135.1457366943 102.2761764526 -45.9347991943 43.3371047974 0.0000000000 0.0000000000 7.5517425537 25.9671497345 1.8216490746
-135.0090026855 102.3658447266 -45.9349327087 43.3372917175 0.0000000000 0.0000000000 7.5494313240 25.9718551636 1.8280596733
-135.1078033447 102.2633743286 -45.9343643188 43.3378334045 0.0000000000 0.0000000000 7.5553479195 25.9672698975 1.8215687275
-134.9155426025 102.3874740601 -45.9349136353 43.3380889893 0.0000000000 0.0000000000 7.5471811295 25.9706707001 1.8292757273
-134.9464874268 102.4124832153 -45.9346694946 43.3371276855 0.0000000000 0.0000000000 7.5554308891 25.9639797211 1.8236920834
-134.9098205566 102.2802352905 -45.9351844788 43.3370971680 0.0000000000 0.0000000000 7.5562357903 25.9696750641 1.8268127441
-134.8922729492 102.3230819702 -45.9346313477 43.3371505737 0.0000000000 0.0000000000 7.5581922531 25.9655036926 1.8285859823
-134.7367706299 102.3089141846 -45.9371070862 43.3383560181 0.0000000000 0.0000000000 7.5597195625 25.9704837799 1.8262401819
-134.7115173340 102.3336334229 -45.9366836548 43.3365211487 0.0000000000 0.0000000000 7.5593271255 25.9815082550 1.8306627274
-134.6199340820 102.3162384033 -45.9360618591 43.3372802734 0.0000000000 0.0000000000 7.5599789619 25.9561843872 1.8267506361
-134.6272735596 102.2913284302 -45.9372062683 43.3371162415 0.0000000000 0.0000000000 7.5551543236 25.9651794434 1.8315736055
-134.6172027588 102.2175521851 -45.9368324280 43.3375816345 0.0000000000 0.0000000000 7.5539498329 25.9679126740 1.8205988407
-134.6601104736 102.3926086426 -45.9374122620 43.3377990723 0.0000000000 0.0000000000 7.5522656441 25.9538974762 1.8344514370
-134.6226196289 102.4151306152 -45.9372215271 43.3382644653 0.0000000000 0.0000000000 7.5573220253 25.9726181030 1.8323073387
-134.6982727051 102.4910049438 -45.9367294312 43.3382339478 0.0000000000 0.0000000000 7.5523085594 25.9743824005 1.8298401833
-134.6339874268 102.4291305542 -45.9374885559 43.3384590149 0.0000000000 0.0000000000 7.5560016632 25.9835147858 1.8275257349
-134.5760955811 102.4885635376 -45.9361801147 43.3386917114 0.0000000000 0.0000000000 7.5524940491 25.9794425964 1.8304816484
-134.6347351074 102.5027008057 -45.9384803772 43.3390426636 0.0000000000 0.0000000000 7.5542373657 25.9821777344 1.8269127607
-134.5704040527 102.4064025879 -45.9381828308 43.3389244080 0.0000000000 0.0000000000 7.5449833870 25.9872703552 1.8357356787
-134.6352844238 102.3382568359 -45.9378013611 43.3392601013 0.0000000000 0.0000000000 7.5536551476 25.9969844818 1.8274830580
-134.7222595215 102.4072952271 -45.9387779236 43.3385353088 0.0000000000 0.0000000000 7.5550398827 25.9881210327 1.8261629343
-134.5803527832 102.4656448364 -45.9390907288 43.3386726379 0.0000000000 0.0000000000 7.5496730804 25.9980792999 1.8306668997
-134.6335144043 102.4647674561 -45.9384002686 43.3375129700 0.0000000000 0.0000000000 7.5530476570 25.9963359833 1.8344109058
-134.6059112549 102.4125518799 -45.9378623962 43.3380622864 0.0000000000 0.0000000000 7.5470185280 25.9950942993 1.8343503475
-134.6862640381 102.3673706055 -45.9390830994 43.3384933472 0.0000000000 0.0000000000 7.5459623337 26.0049877167 1.8356900215
-134.6324462891 102.3667678833 -45.9384689331 43.3384437561 0.0000000000 0.0000000000 7.5478429794 25.9990673065 1.8408387899
-134.6737365723 102.2536163330 -45.9378166199 43.3387489319 0.0000000000 0.0000000000 7.5527329445 26.0075550079 1.8333435059
-134.5293731689 102.2384033203 -45.9396057129 43.3384017944 0.0000000000 0.0000000000 7.5519828796 26.0029659271 1.8422895670
-134.5984649658 102.3250579834 -45.9398956299 43.3376235962 0.0000000000 0.0000000000 7.5578165054 26.0104789734 1.8368039131
-134.5879058838 102.3954467773 -45.9407768250 43.3376884460 0.0000000000 0.0000000000 7.5552005768 26.0110816956 1.8417530060
-134.4769439697 102.3509368896 -45.9394569397 43.3380279541 0.0000000000 0.0000000000 7.5542063713 26.0089969635 1.8395469189
-134.5626068115 102.4295043945 -45.9395484924 43.3376502991 0.0000000000 0.0000000000 7.5523939133 26.0132064819 1.8391326666
-134.4825134277 102.3596191406 -45.9386558533 43.3377723694 0.0000000000 0.0000000000 7.5516996384 26.0169734955 1.8448221684
-134.5315093994 102.5005722046 -45.9385032654 43.3384895325 0.0000000000 0.0000000000 7.5509591103 26.0224647522 1.8410401344
-134.4664459229 102.5021972656 -45.9394721985 43.3384895325 0.0000000000 0.0000000000 7.5549392700 26.0202789307 1.8440997601
-134.5178070068 102.5515213013 -45.9398384094 43.3392753601 0.0000000000 0.0000000000 7.5563750267 26.0294971466 1.8405551910
-134.4104461670 102.4981918335 -45.9392852783 43.3389282227 0.0000000000 0.0000000000 7.5570654869 26.0279846191 1.8404574394
-134.5219573975 102.5463562012 -45.9395561218 43.3389854431 0.0000000000 0.0000000000 7.5596146584 26.0383815765 1.8416314125
-134.4771118164 102.4678192139 -45.9398307800 43.3384056091 0.0000000000 0.0000000000 7.5603060722 26.0411815643 1.8409048319
-134.6063079834 102.4402084351 -45.9400520325 43.3392944336 0.0000000000 0.0000000000 7.5558209419 26.0418224335 1.8372666836
-134.4835357666 102.4648513794 -45.9407844543 43.3399085999 0.0000000000 0.0000000000 7.5503420830 26.0405597687 1.8404155970
-134.5686035156 102.3813934326 -45.9406356812 43.3387413025 0.0000000000 0.0000000000 7.5536599159 26.0418739319 1.8358598948
-134.5426483154 102.3746032715 -45.9402046204 43.3391113281 0.0000000000 0.0000000000 7.5449271202 26.0347747803 1.8436006308
-134.4865570068 102.3946762085 -45.9398231506 43.3392524719 0.0000000000 0.0000000000 7.5516343117 26.0314502716 1.8384826183
-134.4717864990 102.6147003174 -45.9399986267 43.3384819031 0.0000000000 0.0000000000 7.5506696701 26.0392875671 1.8450220823
-134.5369720459 102.5433807373 -45.9401893616 43.3391685486 0.0000000000 0.0000000000 7.5614514351 26.0373840332 1.8373913765
-134.3898620605 102.5169982910 -45.9401550293 43.3389968872 0.0000000000 0.0000000000 7.5588641167 26.0371150970 1.8500517607
-134.4832305908 102.4100570679 -45.9388198853 43.3388137817 0.0000000000 0.0000000000 7.5620341301 26.0397586823 1.8403581381
-134.4425659180 102.4579162598 -45.9394607544 43.3387413025 0.0000000000 0.0000000000 7.5552458763 26.0352268219 1.8479028940
-134.5335998535 102.3543090820 -45.9387130737 43.3390998840 0.0000000000 0.0000000000 7.5585269928 26.0515556335 1.8370090723
-134.4207458496 102.3431167603 -45.9387092590 43.3398742676 0.0000000000 0.0000000000 7.5543589592 26.0398311615 1.8464863300
-134.3622131348 102.2948532104 -45.9388275146 43.3400993347 0.0000000000 0.0000000000 7.5586347580 26.0422554016 1.8427191973
-134.3312835693 102.2352828979 -45.9391555786 43.3396682739 0.0000000000 0.0000000000 7.5554962158 26.0404396057 1.8444002867
-134.4111022949 102.1538467407 -45.9392356873 43.3401489258 0.0000000000 0.0000000000 7.5575928688 26.0529212952 1.8373364210
-134.3612976074 102.1914062500 -45.9396667480 43.3394393921 0.0000000000 0.0000000000 7.5543208122 26.0475177765 1.8471742868
-134.5045013428 102.1047363281 -45.9390678406 43.3402023315 0.0000000000 0.0000000000 7.5590929985 26.0668735504 1.8352496624
-134.2844696045 102.1474761963 -45.9392204285 43.3391761780 0.0000000000 0.0000000000 7.5561680794 26.0682754517 1.8452934027
-134.3541717529 102.1434707642 -45.9389953613 43.3397712708 0.0000000000 0.0000000000 7.5573143959 26.0606479645 1.8457825184
-134.2685699463 102.0626602173 -45.9380950928 43.3404693604 0.0000000000 0.0000000000 7.5588588715 26.0802364349 1.8445875645
-134.2642822266 102.0545349121 -45.9379882812 43.3401222229 0.0000000000 0.0000000000 7.5533180237 26.0792255402 1.8515858650
-134.2071533203 101.9778976440 -45.9363594055 43.3404464722 0.0000000000 0.0000000000 7.5556364059 26.0850582123 1.8498119116
-134.1302642822 102.0340347290 -45.9374504089 43.3398513794 0.0000000000 0.0000000000 7.5536084175 26.0911159515 1.8499633074
-134.1353149414 101.9955444336 -45.9368896484 43.3391647339 0.0000000000 0.0000000000 7.5514025688 26.0904521942 1.8508700132
-134.2190093994 102.0107116699 -45.9374847412 43.3389930725 0.0000000000 0.0000000000 7.5565242767 26.0889930725 1.8458102942
-134.1721038818 101.8397979736 -45.9382591248 43.3394050598 0.0000000000 0.0000000000 7.5597271919 26.0944652557 1.8432101011
-134.2297668457 101.8984909058 -45.9386978149 43.3387107849 0.0000000000 0.0000000000 7.5665545464 26.0879554749 1.8422522545
-134.1070709229 101.8558349609 -45.9399070740 43.3383712769 0.0000000000 0.0000000000 7.5572924614 26.0719184875 1.8458101749
-134.0948028564 101.8735885620 -45.9379997253 43.3377494812 0.0000000000 0.0000000000 7.5637278557 26.0787696838 1.8442217112
-134.0776062012 102.0006561279 -45.9370346069 43.3381156921 0.0000000000 0.0000000000 7.5589108467 26.0870704651 1.8434597254
-134.2116699219 101.9720764160 -45.9382972717 43.3386230469 0.0000000000 0.0000000000 7.5617308617 26.0822963715 1.8368262053
-134.1607971191 102.0731048584 -45.9381065369 43.3388900757 0.0000000000 0.0000000000 7.5622315407 26.0806007385 1.8426938057
-134.2139892578 101.9382934570 -45.9398956299 43.3393058777 0.0000000000 0.0000000000 7.5624980927 26.0924510956 1.8359560966
-134.0469818115 101.9686279297 -45.9390907288 43.3391265869 0.0000000000 0.0000000000 7.5647163391 26.0829601288 1.8448383808
-134.1800079346 101.8857116699 -45.9391136169 43.3386764526 0.0000000000 0.0000000000 7.5714831352 26.0940475464 1.8332756758
-134.0651702881 101.8953781128 -45.9399185181 43.3380012512 0.0000000000 0.0000000000 7.5704073906 26.0863876343 1.8400946856
-134.1182403564 101.8789901733 -45.9400672913 43.3376960754 0.0000000000 0.0000000000 7.5758218765 26.0912666321 1.8389871120
-134.1319122314 101.9075317383 -45.9390068054 43.3386268616 0.0000000000 0.0000000000 7.5723695755 26.0803394318 1.8389090300
-134.1789703369 101.9472274780 -45.9367103577 43.3397026062 0.0000000000 0.0000000000 7.5713648796 26.0933761597 1.8403127193
-134.1246643066 101.7856750488 -45.9382972717 43.3390464783 0.0000000000 0.0000000000 7.5699276924 26.0887832642 1.8357119560
-134.2110443115 101.8597259521 -45.9376983643 43.3381919861 0.0000000000 0.0000000000 7.5692348480 26.1031055450 1.8336089849
-134.1823120117 101.7785186768 -45.9390487671 43.3396186829 0.0000000000 0.0000000000 7.5729718208 26.0917320251 1.8269512653
-134.2254333496 101.7500000000 -45.9388771057 43.3396148682 0.0000000000 0.0000000000 7.5721559525 26.0996437073 1.8302605152
-134.2229919434 101.7642288208 -45.9385032654 43.3386192322 0.0000000000 0.0000000000 7.5724925995 26.0921592712 1.8245587349
-134.3203735352 101.7439956665 -45.9397239685 43.3386611938 0.0000000000 0.0000000000 7.5784311295 26.1018352509 1.8236232996
-134.3598480225 101.8016662598 -45.9404411316 43.3388748169 0.0000000000 0.0000000000 7.5796003342 26.0940055847 1.8205562830
-134.2654418945 101.8476562500 -45.9400825500 43.3384590149 0.0000000000 0.0000000000 7.5811066628 26.1033134460 1.8279412985
-134.2691802979 101.8429107666 -45.9401588440 43.3385467529 0.0000000000 0.0000000000 7.5782556534 26.0938415527 1.8274780512
-134.4423522949 101.8621215820 -45.9372215271 43.3381156921 0.0000000000 0.0000000000 7.5848770142 26.0999813080 1.8170973063
-134.1513824463 101.8958892822 -45.9386367798 43.3389892578 0.0000000000 0.0000000000 7.5878782272 26.0912361145 1.8292884827
-134.1489410400 101.7424545288 -45.9379615784 43.3387184143 0.0000000000 0.0000000000 7.5774750710 26.1060047150 1.8279680014
-134.1699676514 101.7818832397 -45.9378509521 43.3385658264 0.0000000000 0.0000000000 7.5859255791 26.1171207428 1.8264155388
-134.1163024902 101.8119659424 -45.9368972778 43.3381729126 0.0000000000 0.0000000000 7.5866689682 26.1108932495 1.8335809708
-134.1289978027 101.7804412842 -45.9362449646 43.3386955261 0.0000000000 0.0000000000 7.5851607323 26.1298694611 1.8283364773
-134.1783752441 101.7976837158 -45.9368476868 43.3383102417 0.0000000000 0.0000000000 7.5833449364 26.1239776611 1.8252626657
-134.2732849121 101.7192459106 -45.9378013611 43.3379631042 0.0000000000 0.0000000000 7.5930337906 26.1317176819 1.8191219568
-134.2461700439 101.7428207397 -45.9375648499 43.3381729126 0.0000000000 0.0000000000 7.5944604874 26.1242160797 1.8193852901
-134.1419372559 101.7269134521 -45.9368934631 43.3378639221 0.0000000000 0.0000000000 7.6041378975 26.1284561157 1.8226982355
-134.2143707275 101.8071517944 -45.9345512390 43.3369865417 0.0000000000 0.0000000000 7.5945024490 26.1249561310 1.8237329721
-134.1776428223 101.6659927368 -45.9343948364 43.3372764587 0.0000000000 0.0000000000 7.5986633301 26.1330184937 1.8215775490
-134.1938171387 101.5518112183 -45.9347801208 43.3365669250 0.0000000000 0.0000000000 7.5956015587 26.1310291290 1.8218724728
-134.1498260498 101.5711669922 -45.9354400635 43.3365440369 0.0000000000 0.0000000000 7.6016654968 26.1287765503 1.8195525408
-134.3440399170 101.5453109741 -45.9353523254 43.3359718323 0.0000000000 0.0000000000 7.6032066345 26.1335163116 1.8120509386
-134.3216857910 101.5443115234 -45.9356040955 43.3358116150 0.0000000000 0.0000000000 7.6061534882 26.1385402679 1.8143228292
-134.2960662842 101.5875244141 -45.9355354309 43.3359107971 0.0000000000 0.0000000000 7.6070547104 26.1337966919 1.8165696859
-134.2815551758 101.4905624390 -45.9349975586 43.3362045288 0.0000000000 0.0000000000 7.6081147194 26.1278457642 1.8125422001
-134.2599487305 101.4524002075 -45.9352340698 43.3356819153 0.0000000000 0.0000000000 7.6031494141 26.1234493256 1.8205323219
-134.1907958984 101.4008712769 -45.9348030090 43.3359794617 0.0000000000 0.0000000000 7.6074104309 26.1131877899 1.8218096495
-134.3159637451 101.4171447754 -45.9321289062 43.3361816406 0.0000000000 0.0000000000 7.6062765121 26.1209068298 1.8170824051
-134.3113861084 101.4771499634 -45.9325256348 43.3353881836 0.0000000000 0.0000000000 7.6135144234 26.1277637482 1.8109813929
-134.3746948242 101.4319381714 -45.9324073792 43.3346633911 0.0000000000 0.0000000000 7.6046442986 26.1253738403 1.8111156225
-134.2940826416 101.4476623535 -45.9340133667 43.3350563049 0.0000000000 0.0000000000 7.6051669121 26.1224746704 1.8121811152
-134.3959808350 101.4210128784 -45.9352226257 43.3352737427 0.0000000000 0.0000000000 7.6065440178 26.1139068604 1.8079459667
-134.3301239014 101.4370803833 -45.9355430603 43.3361282349 0.0000000000 0.0000000000 7.6124310493 26.1163692474 1.8086938858
-134.4227142334 101.4747238159 -45.9348411560 43.3363800049 0.0000000000 0.0000000000 7.6112484932 26.1335601807 1.8084388971
-134.3167572021 101.5168762207 -45.9350814819 43.3365097046 0.0000000000 0.0000000000 7.6133728027 26.1315746307 1.8099457026
-134.3240661621 101.4667510986 -45.9345588684 43.3355941772 0.0000000000 0.0000000000 7.6149978638 26.1401062012 1.8054981232
-134.2886962891 101.5081558228 -45.9362945557 43.3345794678 0.0000000000 0.0000000000 7.6163535118 26.1299800873 1.8146282434
-134.4131317139 101.4871368408 -45.9335136414 43.3350448608 0.0000000000 0.0000000000 7.6142015457 26.1383171082 1.8066422939
-134.4333038330 101.5292434692 -45.9337501526 43.3344573975 0.0000000000 0.0000000000 7.6155071259 26.1286964417 1.8105756044
-134.5325012207 101.5840148926 -45.9335327148 43.3351707458 0.0000000000 0.0000000000 7.6237568855 26.1307258606 1.7996083498
-134.4885864258 101.4978942871 -45.9358062744 43.3361892700 0.0000000000 0.0000000000 7.6205692291 26.1291923523 1.8059277534
-134.5576324463 101.4823989868 -45.9353790283 43.3361244202 0.0000000000 0.0000000000 7.6299409866 26.1240844727 1.7991758585
-134.5078735352 101.3093490601 -45.9350700378 43.3363456726 0.0000000000 0.0000000000 7.6264743805 26.1479434967 1.8032678366
-134.4898071289 101.4114532471 -45.9346656799 43.3368415833 0.0000000000 0.0000000000 7.6311130524 26.1427593231 1.8035868406
-134.5968933105 101.3518753052 -45.9344940186 43.3369026184 0.0000000000 0.0000000000 7.6359806061 26.1483631134 1.8002238274
-134.5677947998 101.3406295776 -45.9341850281 43.3372306824 0.0000000000 0.0000000000 7.6372175217 26.1438312531 1.8040195704
-134.6132354736 101.3263854980 -45.9351387024 43.3377990723 0.0000000000 0.0000000000 7.6373362541 26.1488666534 1.8011466265
-134.5805206299 101.2315826416 -45.9342079163 43.3381729126 0.0000000000 0.0000000000 7.6365942955 26.1524028778 1.8048841953
-134.7055969238 101.1741638184 -45.9340019226 43.3372802734 0.0000000000 0.0000000000 7.6392664909 26.1585388184 1.8011645079
-134.6420745850 101.2330856323 -45.9348182678 43.3376350403 0.0000000000 0.0000000000 7.6456875801 26.1463851929 1.8049743176
-134.5584716797 101.1636276245 -45.9345283508 43.3368949890 0.0000000000 0.0000000000 7.6427068710 26.1585083008 1.8095332384
-134.5754852295 101.2061080933 -45.9329299927 43.3368225098 0.0000000000 0.0000000000 7.6445007324 26.1468429565 1.8092989922
-134.5754241943 101.0052490234 -45.9343833923 43.3375129700 0.0000000000 0.0000000000 7.6386303902 26.1690731049 1.8036023378
-134.5787048340 101.0775756836 -45.9343528748 43.3366127014 0.0000000000 0.0000000000 7.6404151917 26.1562709808 1.8062491417
-134.7302398682 101.0457687378 -45.9352416992 43.3369026184 0.0000000000 0.0000000000 7.6441969872 26.1718158722 1.7969845533
-134.7618408203 100.9205551147 -45.9361152649 43.3365783691 0.0000000000 0.0000000000 7.6396360397 26.1635684967 1.7940955162
-134.7240295410 100.9016723633 -45.9364089966 43.3362846375 0.0000000000 0.0000000000 7.6434874535 26.1587066650 1.8023411036
-134.7121429443 100.7900390625 -45.9355201721 43.3364944458 0.0000000000 0.0000000000 7.6473393440 26.1789340973 1.8009216785
-134.7690429688 100.8574829102 -45.9351310730 43.3362884521 0.0000000000 0.0000000000 7.6465692520 26.1626987457 1.8007714748
-134.7224121094 100.8352355957 -45.9369697571 43.3359336853 0.0000000000 0.0000000000 7.6509747505 26.1859226227 1.7933205366
-134.6412658691 100.7818603516 -45.9355125427 43.3361663818 0.0000000000 0.0000000000 7.6536693573 26.1658992767 1.8024402857
-134.5350189209 100.7815780640 -45.9366340637 43.3355941772 0.0000000000 0.0000000000 7.6538128853 26.1928977966 1.8010897636
-134.5785064697 100.9177017212 -45.9358596802 43.3360290527 0.0000000000 0.0000000000 7.6552720070 26.2008895874 1.7987728119
-134.5133514404 100.9629821777 -45.9361801147 43.3360252380 0.0000000000 0.0000000000 7.6510033607 26.2018890381 1.8030738831
-134.4684906006 100.9518051147 -45.9351501465 43.3365287781 0.0000000000 0.0000000000 7.6568026543 26.1798801422 1.8002220392
-134.3618774414 101.0057067871 -45.9365158081 43.3374595642 0.0000000000 0.0000000000 7.6555728912 26.1967372894 1.8059235811
-134.4225616455 101.0452575684 -45.9353828430 43.3359222412 0.0000000000 0.0000000000 7.6566872597 26.1859188080 1.8069516420
-134.5023040771 100.9248809814 -45.9343528748 43.3360290527 0.0000000000 0.0000000000 7.6489667892 26.1974811554 1.8030593395
-134.4098205566 100.8965301514 -45.9348487854 43.3354301453 0.0000000000 0.0000000000 7.6540527344 26.1947536469 1.8072670698
-134.4700927734 100.9461593628 -45.9348678589 43.3352279663 0.0000000000 0.0000000000 7.6566958427 26.2140979767 1.8050388098
-134.4102630615 100.9455566406 -45.9348602295 43.3356628418 0.0000000000 0.0000000000 7.6570048332 26.1986045837 1.8072327375
-134.4427337646 100.9266357422 -45.9350509644 43.3343429565 0.0000000000 0.0000000000 7.6605000496 26.2124748230 1.8053054810
-134.3987274170 100.9697570801 -45.9337921143 43.3346443176 0.0000000000 0.0000000000 7.6604404449 26.2052268982 1.8107399940
-134.3594665527 100.8706741333 -45.9341583252 43.3343811035 0.0000000000 0.0000000000 7.6630110741 26.2192630768 1.8097840548
-134.1514587402 100.8621063232 -45.9330253601 43.3348197937 0.0000000000 0.0000000000 7.6604781151 26.2069873810 1.8169430494
-134.2572479248 100.7733840942 -45.9328651428 43.3347320557 0.0000000000 0.0000000000 7.6599731445 26.2122173309 1.8156136274
-134.2092590332 100.7634735107 -45.9341583252 43.3348770142 0.0000000000 0.0000000000 7.6663236618 26.2247333527 1.8161407709
-134.1888885498 100.7311248779 -45.9331474304 43.3359146118 0.0000000000 0.0000000000 7.6666021347 26.2215824127 1.8152571917
-134.1083831787 100.7850341797 -45.9346733093 43.3347549438 0.0000000000 0.0000000000 7.6774501801 26.2373428345 1.8104940653
-134.3390960693 100.8312454224 -45.9334411621 43.3349342346 0.0000000000 0.0000000000 7.6798582077 26.2441711426 1.8076730967
-134.2791748047 100.7171554565 -45.9349594116 43.3343505859 0.0000000000 0.0000000000 7.6895742416 26.2483520508 1.8105921745
-134.2373962402 100.8017349243 -45.9332122803 43.3348312378 0.0000000000 0.0000000000 7.6839556694 26.2345581055 1.8120363951
-134.1976928711 100.7096862793 -45.9346313477 43.3341255188 0.0000000000 0.0000000000 7.6949396133 26.2410087585 1.8107042313
-134.2324676514 100.6941680908 -45.9343719482 43.3348083496 0.0000000000 0.0000000000 7.6856632233 26.2361679077 1.8078464270
-134.1068572998 100.6704025269 -45.9347229004 43.3340568542 0.0000000000 0.0000000000 7.6913785934 26.2454147339 1.8070598841
-134.0201416016 100.6827011108 -45.9344863892 43.3337135315 0.0000000000 0.0000000000 7.6840920448 26.2435779572 1.8040337563
-133.9712219238 100.6498413086 -45.9346008301 43.3338737488 0.0000000000 0.0000000000 7.6877403259 26.2496566772 1.8084501028
-133.9116973877 100.5957641602 -45.9340934753 43.3338661194 0.0000000000 0.0000000000 7.6926832199 26.2515258789 1.8058832884
-133.9269104004 100.5494461060 -45.9343185425 43.3330268860 0.0000000000 0.0000000000 7.6961154938 26.2666397095 1.8044022322
-133.8312530518 100.6014175415 -45.9340209961 43.3331031799 0.0000000000 0.0000000000 7.6978497505 26.2503890991 1.8075275421
-133.9670257568 100.5540924072 -45.9344215393 43.3342590332 0.0000000000 0.0000000000 7.7042222023 26.2601318359 1.7998507023
-133.8923187256 100.5979843140 -45.9342498779 43.3335533142 0.0000000000 0.0000000000 7.7020754814 26.2495212555 1.8053762913
-133.9696044922 100.6103820801 -45.9340629578 43.3342971802 0.0000000000 0.0000000000 7.7064752579 26.2587203979 1.8043687344
-133.8549652100 100.5742416382 -45.9342498779 43.3340301514 0.0000000000 0.0000000000 7.7077426910 26.2447624207 1.8087222576
-133.8395690918 100.4966201782 -45.9341888428 43.3337974548 0.0000000000 0.0000000000 7.7088088989 26.2658252716 1.8051822186
-133.8796997070 100.4731369019 -45.9346733093 43.3326225281 0.0000000000 0.0000000000 7.7086191177 26.2498016357 1.8058505058
-133.9622344971 100.4350204468 -45.9352264404 43.3323402405 0.0000000000 0.0000000000 7.7170038223 26.2581195831 1.8045557737
-133.8022613525 100.3431930542 -45.9344291687 43.3319931030 0.0000000000 0.0000000000 7.7101020813 26.2607612610 1.8092191219
-133.7630004883 100.3153839111 -45.9345207214 43.3326683044 0.0000000000 0.0000000000 7.7104048729 26.2687358856 1.8098603487
-133.6533813477 100.3543014526 -45.9347610474 43.3325042725 0.0000000000 0.0000000000 7.7117228508 26.2601718903 1.8132596016
-133.6904449463 100.2680282593 -45.9353332520 43.3329391479 0.0000000000 0.0000000000 7.7182192802 26.2843418121 1.8124408722
-133.6418609619 100.3058242798 -45.9350814819 43.3329925537 0.0000000000 0.0000000000 7.7140245438 26.2994136810 1.8103637695
-133.7563171387 100.2530136108 -45.9355621338 43.3326873779 0.0000000000 0.0000000000 7.7193179131 26.3064441681 1.8069308996
-133.6817932129 100.2048797607 -45.9353179932 43.3328056335 0.0000000000 0.0000000000 7.7198228836 26.2915287018 1.8121463060
-133.7519989014 100.1732330322 -45.9342002869 43.3334655762 0.0000000000 0.0000000000 7.7225522995 26.3053874969 1.8143053055
-133.7687683105 100.1209793091 -45.9339179993 43.3329887390 0.0000000000 0.0000000000 7.7223830223 26.3067474365 1.8077178001
-133.7617950439 100.0439224243 -45.9346885681 43.3330078125 0.0000000000 0.0000000000 7.7304615974 26.3033866882 1.8099130392
-133.7903900146 100.0962142944 -45.9345092773 43.3328323364 0.0000000000 0.0000000000 7.7323422432 26.3077640533 1.8088774681
-133.7892303467 99.9831314087 -45.9354515076 43.3327789307 0.0000000000 0.0000000000 7.7345151901 26.3067016602 1.8083844185
-133.8989868164 99.9530868530 -45.9352836609 43.3323097229 0.0000000000 0.0000000000 7.7428712845 26.3156261444 1.7993259430
-133.7817382812 100.1000366211 -45.9359283447 43.3318748474 0.0000000000 0.0000000000 7.7398896217 26.3038711548 1.8041876554
-133.8260650635 100.1117706299 -45.9359092712 43.3334846497 0.0000000000 0.0000000000 7.7424850464 26.3157691956 1.8086202145
-133.7691955566 100.0404739380 -45.9353981018 43.3324012756 0.0000000000 0.0000000000 7.7438373566 26.3200092316 1.8113977909
-133.8409423828 100.1157226562 -45.9354591370 43.3329544067 0.0000000000 0.0000000000 7.7489438057 26.3121166229 1.8128290176
-133.8294067383 100.0784225464 -45.9354400635 43.3323097229 0.0000000000 0.0000000000 7.7526817322 26.3117942810 1.8103640079
-133.8378143311 100.0668869019 -45.9352340698 43.3326911926 0.0000000000 0.0000000000 7.7588725090 26.3253383636 1.8075815439
-133.7876892090 100.0100173950 -45.9359283447 43.3320312500 0.0000000000 0.0000000000 7.7545566559 26.3197498322 1.8066869974
-133.7755889893 100.0270538330 -45.9364662170 43.3314056396 0.0000000000 0.0000000000 7.7619180679 26.3343067169 1.8053487539
-133.7590026855 100.0403366089 -45.9363403320 43.3312644958 0.0000000000 0.0000000000 7.7590308189 26.3297176361 1.8073743582
-133.8397064209 100.0847473145 -45.9372863770 43.3322410583 0.0000000000 0.0000000000 7.7619957924 26.3440303802 1.8028993607
-133.8036804199 100.0181350708 -45.9374427795 43.3317070007 0.0000000000 0.0000000000 7.7556743622 26.3348770142 1.8008346558
-133.8333435059 99.9869308472 -45.9378929138 43.3312759399 0.0000000000 0.0000000000 7.7715458870 26.3503704071 1.7943205833
-133.7932434082 99.9691238403 -45.9381370544 43.3299560547 0.0000000000 0.0000000000 7.7645707130 26.3495044708 1.8029686213
-133.8512573242 100.0868301392 -45.9376296997 43.3304862976 0.0000000000 0.0000000000 7.7702045441 26.3614330292 1.8016427755
-133.7568206787 99.9231567383 -45.9373130798 43.3313827515 0.0000000000 0.0000000000 7.7674422264 26.3552341461 1.7982413769
-133.7174835205 99.9307174683 -45.9374313354 43.3315086365 0.0000000000 0.0000000000 7.7735848427 26.3735046387 1.8050782681
-133.8407440186 99.8531875610 -45.9372711182 43.3316268921 0.0000000000 0.0000000000 7.7745041847 26.3598728180 1.7992359400
-133.9279022217 99.7882766724 -45.9378013611 43.3314628601 0.0000000000 0.0000000000 7.7786746025 26.3735733032 1.7917089462
-133.6966247559 99.8929595947 -45.9381599426 43.3306198120 0.0000000000 0.0000000000 7.7698717117 26.3527832031 1.8014249802
-133.7769622803 99.8375473022 -45.9394950867 43.3315925598 0.0000000000 0.0000000000 7.7676329613 26.3661098480 1.7976639271
-133.6296997070 99.8439483643 -45.9384002686 43.3307151794 0.0000000000 0.0000000000 7.7634596825 26.3607769012 1.8040256500
-133.6544494629 99.7841339111 -45.9391937256 43.3319587708 0.0000000000 0.0000000000 7.7657585144 26.3725681305 1.8014246225
-133.5488433838 99.6997299194 -45.9381675720 43.3311309814 0.0000000000 0.0000000000 7.7667298317 26.3587837219 1.8064539433
-133.6183471680 99.6430130005 -45.9383735657 43.3315048218 0.0000000000 0.0000000000 7.7647328377 26.3716831207 1.8005213737
-133.6470642090 99.7430648804 -45.9377555847 43.3316535950 0.0000000000 0.0000000000 7.7640008926 26.3698520660 1.8049739599
-133.6129455566 99.8394165039 -45.9377288818 43.3316688538 0.0000000000 0.0000000000 7.7675642967 26.3883781433 1.8062411547
-133.5301666260 99.7860488892 -45.9383964539 43.3325271606 0.0000000000 0.0000000000 7.7664651871 26.3831539154 1.8092844486
-133.5936584473 99.7825088501 -45.9377441406 43.3312110901 0.0000000000 0.0000000000 7.7652106285 26.3790035248 1.8058786392
-133.5023803711 99.8261566162 -45.9383621216 43.3318481445 0.0000000000 0.0000000000 7.7607755661 26.3643474579 1.8108552694
-133.5285491943 99.8219604492 -45.9370536804 43.3308067322 0.0000000000 0.0000000000 7.7644696236 26.3757400513 1.8041507006
-133.4570007324 99.7197647095 -45.9379653931 43.3305778503 0.0000000000 0.0000000000 7.7598738670 26.3720855713 1.8088554144
-133.5061798096 99.6718597412 -45.9383049011 43.3311958313 0.0000000000 0.0000000000 7.7681999207 26.3802185059 1.8065663576
-133.4534149170 99.7081909180 -45.9386482239 43.3305931091 0.0000000000 0.0000000000 7.7669858932 26.3656063080 1.8110840321
-133.4255218506 99.7384262085 -45.9379692078 43.3304634094 0.0000000000 0.0000000000 7.7668309212 26.3854846954 1.8143618107
-133.4497070312 99.8580703735 -45.9376564026 43.3307876587 0.0000000000 0.0000000000 7.7634949684 26.3636684418 1.8133670092
-133.5358581543 99.7381744385 -45.9375801086 43.3312377930 0.0000000000 0.0000000000 7.7710375786 26.3756637573 1.8172634840
-133.3228912354 99.8102874756 -45.9372634888 43.3315124512 0.0000000000 0.0000000000 7.7736673355 26.3655357361 1.8173114061
-133.4202117920 99.7202758789 -45.9385108948 43.3309173584 0.0000000000 0.0000000000 7.7764520645 26.3767299652 1.8172985315
-133.3862762451 99.7750167847 -45.9375190735 43.3302650452 0.0000000000 0.0000000000 7.7804889679 26.3705425262 1.8181364536
-133.4460296631 99.7241516113 -45.9379158020 43.3319587708 0.0000000000 0.0000000000 7.7761335373 26.3772335052 1.8145805597
-133.2834777832 99.6715393066 -45.9376716614 43.3301734924 0.0000000000 0.0000000000 7.7828893661 26.3796634674 1.8213580847
-133.3653717041 99.5982666016 -45.9378051758 43.3311309814 0.0000000000 0.0000000000 7.7857775688 26.3800163269 1.8134214878
-133.2174224854 99.6308746338 -45.9377937317 43.3313941956 0.0000000000 0.0000000000 7.7799544334 26.3778896332 1.8156062365
-133.3400878906 99.5115966797 -45.9379768372 43.3319664001 0.0000000000 0.0000000000 7.7868595123 26.3854827881 1.8161091805
-133.3453063965 99.5422973633 -45.9376831055 43.3320655823 0.0000000000 0.0000000000 7.7876191139 26.3820667267 1.8189553022
-133.3663635254 99.4452514648 -45.9378814697 43.3317298889 0.0000000000 0.0000000000 7.7990455627 26.3957176208 1.8108093739
-133.2434692383 99.4146652222 -45.9374389648 43.3313369751 0.0000000000 0.0000000000 7.8011388779 26.3833370209 1.8193012476
-133.3600463867 99.4526977539 -45.9389228821 43.3311386108 0.0000000000 0.0000000000 7.8023452759 26.3938980103 1.8167842627
-133.1629943848 99.4611053467 -45.9380302429 43.3315467834 0.0000000000 0.0000000000 7.8015942574 26.3940620422 1.8240220547
-133.3224945068 99.4165573120 -45.9382438660 43.3316383362 0.0000000000 0.0000000000 7.8040528297 26.4027118683 1.8205329180
-133.2071380615 99.4973983765 -45.9371299744 43.3326492310 0.0000000000 0.0000000000 7.8006868362 26.3919391632 1.8245055676
-133.3062744141 99.5273132324 -45.9376792908 43.3322372437 0.0000000000 0.0000000000 7.8029685020 26.3991374969 1.8189778328
-133.2808227539 99.5386276245 -45.9378509521 43.3318367004 0.0000000000 0.0000000000 7.8017272949 26.3947544098 1.8212413788
-133.2967987061 99.4273757935 -45.9378929138 43.3317413330 0.0000000000 0.0000000000 7.8107185364 26.3981361389 1.8181649446
-133.1560974121 99.4696655273 -45.9376869202 43.3312568665 0.0000000000 0.0000000000 7.8031787872 26.4003467560 1.8214898109
-133.1319274902 99.3821716309 -45.9370880127 43.3313064575 0.0000000000 0.0000000000 7.8085050583 26.4008274078 1.8251280785
-133.0645294189 99.3844146729 -45.9369850159 43.3308219910 0.0000000000 0.0000000000 7.8024659157 26.3941879272 1.8278869390
-133.0540771484 99.2955017090 -45.9375991821 43.3307342529 0.0000000000 0.0000000000 7.8095870018 26.4045829773 1.8254261017
-132.9449768066 99.3517990112 -45.9372138977 43.3309593201 0.0000000000 0.0000000000 7.8031229973 26.3949813843 1.8316366673
-132.9752044678 99.4266510010 -45.9381446838 43.3311805725 0.0000000000 0.0000000000 7.8078641891 26.4058723450 1.8269050121
-132.8550262451 99.3785552979 -45.9374504089 43.3315849304 0.0000000000 0.0000000000 7.8126525879 26.4044151306 1.8285042048
-132.8613891602 99.5186004639 -45.9369544983 43.3319320679 0.0000000000 0.0000000000 7.8100547791 26.4133663177 1.8335604668
-132.8714599609 99.4632492065 -45.9367446899 43.3304061890 0.0000000000 0.0000000000 7.8226661682 26.4138469696 1.8299506903
-132.9296112061 99.5926742554 -45.9364318848 43.3309669495 0.0000000000 0.0000000000 7.8109207153 26.4001255035 1.8356784582
-132.9810638428 99.5354080200 -45.9364395142 43.3310165405 0.0000000000 0.0000000000 7.8189620972 26.4134330750 1.8340780735
-132.8282470703 99.6069030762 -45.9352607727 43.3314628601 0.0000000000 0.0000000000 7.8166117668 26.4067993164 1.8404259682
-132.8436431885 99.4960632324 -45.9353485107 43.3310279846 0.0000000000 0.0000000000 7.8261065483 26.3967952728 1.8346046209
-132.9197998047 99.4883117676 -45.9358901978 43.3311576843 0.0000000000 0.0000000000 7.8155179024 26.4089107513 1.8386459351
-132.9016723633 99.4048843384 -45.9358863831 43.3306999207 0.0000000000 0.0000000000 7.8244824409 26.4082088470 1.8346364498
-132.8681945801 99.3674316406 -45.9351043701 43.3300437927 0.0000000000 0.0000000000 7.8181304932 26.4013576508 1.8390400410
-132.9076080322 99.3934173584 -45.9358139038 43.3303680420 0.0000000000 0.0000000000 7.8272924423 26.4156761169 1.8329977989
-132.7770080566 99.4884490967 -45.9348526001 43.3299560547 0.0000000000 0.0000000000 7.8185558319 26.4104099274 1.8346781731
-132.7659912109 99.5281829834 -45.9358215332 43.3301124573 0.0000000000 0.0000000000 7.8285145760 26.4136886597 1.8354126215
-132.7148742676 99.5954895020 -45.9353675842 43.3306617737 0.0000000000 0.0000000000 7.8221321106 26.4143009186 1.8398206234
-132.7171936035 99.6252136230 -45.9355049133 43.3302612305 0.0000000000 0.0000000000 7.8254032135 26.4207382202 1.8354568481
-132.7058563232 99.6403427124 -45.9354629517 43.3301925659 0.0000000000 0.0000000000 7.8321242332 26.4331607819 1.8336185217
-132.7588958740 99.6214599609 -45.9371337891 43.3305435181 0.0000000000 0.0000000000 7.8259429932 26.4220275879 1.8337987661
-132.6054840088 99.5738449097 -45.9366455078 43.3302001953 0.0000000000 0.0000000000 7.8236784935 26.4298877716 1.8352653980
-132.7473144531 99.6295013428 -45.9360580444 43.3296203613 0.0000000000 0.0000000000 7.8292284012 26.4315681458 1.8300834894
-132.6504974365 99.6441040039 -45.9368362427 43.3310089111 0.0000000000 0.0000000000 7.8247818947 26.4256973267 1.8354070187
-132.6743011475 99.6072769165 -45.9367027283 43.3308334351 0.0000000000 0.0000000000 7.8248476982 26.4385185242 1.8333138227
-132.7629852295 99.6054687500 -45.9374427795 43.3313102722 0.0000000000 0.0000000000 7.8257627487 26.4525108337 1.8321733475
-132.7169342041 99.6122436523 -45.9356498718 43.3309326172 0.0000000000 0.0000000000 7.8256340027 26.4352111816 1.8369351625
-132.7630157471 99.5260162354 -45.9364471436 43.3321189880 0.0000000000 0.0000000000 7.8289341927 26.4496860504 1.8309011459
-132.6629028320 99.6055526733 -45.9352226257 43.3312416077 0.0000000000 0.0000000000 7.8275747299 26.4382572174 1.8347907066
-132.7078857422 99.5515365601 -45.9362792969 43.3315238953 0.0000000000 0.0000000000 7.8360710144 26.4515857697 1.8295854330
-132.7699737549 99.6307678223 -45.9358711243 43.3317451477 0.0000000000 0.0000000000 7.8375759125 26.4435462952 1.8324880600
-132.7426147461 99.6537399292 -45.9372634888 43.3317832947 0.0000000000 0.0000000000 7.8394460678 26.4552230835 1.8258503675
-132.6518859863 99.7286148071 -45.9368896484 43.3312110901 0.0000000000 0.0000000000 7.8369836807 26.4427890778 1.8307676315
-132.7388153076 99.7429428101 -45.9368171692 43.3314170837 0.0000000000 0.0000000000 7.8417425156 26.4537944794 1.8279856443
-132.6977081299 99.7177429199 -45.9370193481 43.3318481445 0.0000000000 0.0000000000 7.8433456421 26.4606990814 1.8276883364
-132.6460876465 99.7230224609 -45.9364433289 43.3319168091 0.0000000000 0.0000000000 7.8406291008 26.4536132812 1.8351066113
-132.6576080322 99.6117782593 -45.9363632202 43.3320350647 0.0000000000 0.0000000000 7.8504137993 26.4616336823 1.8331073523
-132.5189208984 99.6604461670 -45.9376106262 43.3313598633 0.0000000000 0.0000000000 7.8472709656 26.4479999542 1.8389815092
-132.6415405273 99.6054534912 -45.9373855591 43.3308563232 0.0000000000 0.0000000000 7.8465232849 26.4528579712 1.8341543674
-132.5952758789 99.6618499756 -45.9365234375 43.3312988281 0.0000000000 0.0000000000 7.8504385948 26.4463329315 1.8375233412
-132.7180633545 99.5823059082 -45.9367179871 43.3319473267 0.0000000000 0.0000000000 7.8514909744 26.4642486572 1.8270869255
-132.5345153809 99.5601959229 -45.9369201660 43.3304100037 0.0000000000 0.0000000000 7.8487620354 26.4568958282 1.8323893547
-132.5802917480 99.5091247559 -45.9369277954 43.3298072815 0.0000000000 0.0000000000 7.8563342094 26.4686641693 1.8334125280
-132.6244354248 99.4832534790 -45.9368553162 43.3305587769 0.0000000000 0.0000000000 7.8616008759 26.4666252136 1.8286587000
-132.6084899902 99.4466705322 -45.9375457764 43.3304519653 0.0000000000 0.0000000000 7.8680276871 26.4711303711 1.8336434364
-132.4752502441 99.5000991821 -45.9361190796 43.3301010132 0.0000000000 0.0000000000 7.8679814339 26.4683589935 1.8408422470
-132.4457092285 99.3915481567 -45.9355926514 43.3290214539 0.0000000000 0.0000000000 7.8725366592 26.4794254303 1.8355896473
-132.4480590820 99.4021453857 -45.9350051880 43.3284301758 0.0000000000 0.0000000000 7.8699922562 26.4753723145 1.8366740942
-132.4400939941 99.3478393555 -45.9359512329 43.3280448914 0.0000000000 0.0000000000 7.8708772659 26.4818115234 1.8329877853
-132.4310760498 99.4157562256 -45.9354324341 43.3278884888 0.0000000000 0.0000000000 7.8674035072 26.4857482910 1.8363640308
-132.4860076904 99.3757476807 -45.9363594055 43.3279113770 0.0000000000 0.0000000000 7.8692431450 26.4905853271 1.8386719227
-132.5042572021 99.2710266113 -45.9356918335 43.3273544312 0.0000000000 0.0000000000 7.8778996468 26.4963798523 1.8368651867
-132.5932617188 99.3145294189 -45.9350128174 43.3268737793 0.0000000000 0.0000000000 7.8716492653 26.5105457306 1.8302556276
-132.6126403809 99.2326049805 -45.9360580444 43.3275680542 0.0000000000 0.0000000000 7.8766880035 26.5001010895 1.8321619034
-132.7732849121 99.2724533081 -45.9358634949 43.3273277283 0.0000000000 0.0000000000 7.8802051544 26.5143718719 1.8248268366
-132.7641448975 99.2300796509 -45.9358940125 43.3285598755 0.0000000000 0.0000000000 7.8817691803 26.5027942657 1.8258575201
-132.7482757568 99.1702270508 -45.9366950989 43.3282356262 0.0000000000 0.0000000000 7.8842411041 26.5109786987 1.8229572773
-132.7432250977 99.1785202026 -45.9369506836 43.3276710510 0.0000000000 0.0000000000 7.8826022148 26.5047473907 1.8294545412
-132.6830291748 99.1950912476 -45.9378585815 43.3286895752 0.0000000000 0.0000000000 7.8853454590 26.5058994293 1.8323880434
-132.6777496338 99.1029968262 -45.9366188049 43.3281593323 0.0000000000 0.0000000000 7.8818311691 26.5082206726 1.8345366716
-132.5086517334 99.1401062012 -45.9365882874 43.3283348083 0.0000000000 0.0000000000 7.8867745399 26.5174942017 1.8368574381
-132.5582275391 99.0410156250 -45.9363555908 43.3277893066 0.0000000000 0.0000000000 7.8889770508 26.5185775757 1.8380129337
-132.6028900146 99.0582199097 -45.9358062744 43.3278160095 0.0000000000 0.0000000000 7.8882098198 26.5261497498 1.8383584023
-132.5120849609 99.0749130249 -45.9359970093 43.3285713196 0.0000000000 0.0000000000 7.8942947388 26.5392341614 1.8398809433
-132.5064239502 99.0186004639 -45.9358406067 43.3286628723 0.0000000000 0.0000000000 7.8870401382 26.5337543488 1.8420141935
-132.6436920166 99.0211486816 -45.9360313416 43.3288536072 0.0000000000 0.0000000000 7.8885307312 26.5474777222 1.8306497335
-132.6652984619 99.0153884888 -45.9360313416 43.3288269043 0.0000000000 0.0000000000 7.8880810738 26.5296363831 1.8349940777
-132.6403198242 98.9662170410 -45.9359931946 43.3299522400 0.0000000000 0.0000000000 7.8863992691 26.5522747040 1.8332681656
-132.5895843506 99.0723114014 -45.9351463318 43.3295669556 0.0000000000 0.0000000000 7.8882093430 26.5375709534 1.8390462399
-132.6502990723 99.1488800049 -45.9361877441 43.3307418823 0.0000000000 0.0000000000 7.8938627243 26.5591297150 1.8329166174
-132.4828033447 99.2061767578 -45.9353790283 43.3305931091 0.0000000000 0.0000000000 7.8933157921 26.5556278229 1.8379764557
-132.5396575928 98.9886093140 -45.9370841980 43.3301048279 0.0000000000 0.0000000000 7.8985395432 26.5698375702 1.8374668360
-132.5376892090 98.9988021851 -45.9359092712 43.3291358948 0.0000000000 0.0000000000 7.8998208046 26.5740470886 1.8374896049
-132.5356750488 98.9438629150 -45.9362373352 43.3289031982 0.0000000000 0.0000000000 7.8974008560 26.5669879913 1.8355711699
-132.5212554932 98.9897384644 -45.9367256165 43.3289566040 0.0000000000 0.0000000000 7.8972878456 26.5766048431 1.8366186619
-132.5449066162 98.9873809814 -45.9360504150 43.3289833069 0.0000000000 0.0000000000 7.9020314217 26.5667152405 1.8365994692
-132.5382995605 99.0719985962 -45.9361381531 43.3291625977 0.0000000000 0.0000000000 7.8976860046 26.5735435486 1.8339343071
-132.6333770752 98.9948654175 -45.9369392395 43.3298721313 0.0000000000 0.0000000000 7.8991250992 26.5821018219 1.8288381100
-132.6483154297 99.0106887817 -45.9378356934 43.3294105530 0.0000000000 0.0000000000 7.9017248154 26.5822391510 1.8309651613
-132.6247253418 98.9365310669 -45.9381179810 43.3297882080 0.0000000000 0.0000000000 7.9065818787 26.5832328796 1.8268276453
-132.6181488037 98.8629379272 -45.9376869202 43.3277320862 0.0000000000 0.0000000000 7.9011979103 26.5860099792 1.8297315836
-132.6167907715 98.8211441040 -45.9376792908 43.3285636902 0.0000000000 0.0000000000 7.9089403152 26.5995941162 1.8299767971
-132.6021575928 98.8251037598 -45.9362678528 43.3276367188 0.0000000000 0.0000000000 7.9094920158 26.5963268280 1.8301390409
-132.5537719727 98.8497467041 -45.9374351501 43.3283729553 0.0000000000 0.0000000000 7.9164376259 26.5902004242 1.8333160877
-132.5989379883 98.7158279419 -45.9367103577 43.3299293518 0.0000000000 0.0000000000 7.9150433540 26.6089706421 1.8262234926
-132.5890197754 98.8155517578 -45.9366378784 43.3287887573 0.0000000000 0.0000000000 7.9219307899 26.5983200073 1.8291753531
-132.5796661377 98.7524948120 -45.9374847412 43.3295440674 0.0000000000 0.0000000000 7.9145693779 26.6106452942 1.8260629177
-132.4855804443 98.6323089600 -45.9373397827 43.3292846680 0.0000000000 0.0000000000 7.9205021858 26.6246490479 1.8315547705
-132.3746032715 98.6774215698 -45.9364814758 43.3288917542 0.0000000000 0.0000000000 7.9176545143 26.6151351929 1.8369262218
-132.3320159912 98.6316223145 -45.9355201721 43.3294792175 0.0000000000 0.0000000000 7.9186382294 26.6121463776 1.8363780975
-132.2646179199 98.6959762573 -45.9364967346 43.3294258118 0.0000000000 0.0000000000 7.9141378403 26.6146697998 1.8394904137
-132.3648223877 98.5608673096 -45.9370040894 43.3305053711 0.0000000000 0.0000000000 7.9238963127 26.6310920715 1.8319199085
-132.3751831055 98.6164627075 -45.9372138977 43.3294181824 0.0000000000 0.0000000000 7.9276204109 26.6319751740 1.8330554962
-132.4789428711 98.4690628052 -45.9371604919 43.3278236389 0.0000000000 0.0000000000 7.9379973412 26.6490573883 1.8279241323
-132.5496673584 98.5177078247 -45.9375495911 43.3271675110 0.0000000000 0.0000000000 7.9338889122 26.6388931274 1.8307446241
-132.5808105469 98.5332870483 -45.9378356934 43.3274192810 0.0000000000 0.0000000000 7.9311046600 26.6569137573 1.8247104883
-132.4719238281 98.4727401733 -45.9377288818 43.3270988464 0.0000000000 0.0000000000 7.9304933548 26.6482715607 1.8274363279
-132.5312500000 98.5204238892 -45.9378318787 43.3286323547 0.0000000000 0.0000000000 7.9303874969 26.6468353271 1.8244150877
-132.4902496338 98.6166610718 -45.9379768372 43.3284034729 0.0000000000 0.0000000000 7.9298286438 26.6363525391 1.8293324709
-132.5037078857 98.6153869629 -45.9382858276 43.3289604187 0.0000000000 0.0000000000 7.9315323830 26.6475791931 1.8285912275
-132.5158081055 98.6526107788 -45.9384193420 43.3284988403 0.0000000000 0.0000000000 7.9339637756 26.6399688721 1.8329743147
-132.4844665527 98.5509414673 -45.9384613037 43.3299751282 0.0000000000 0.0000000000 7.9356770515 26.6588058472 1.8287563324
-132.4164733887 98.4875259399 -45.9378242493 43.3294448853 0.0000000000 0.0000000000 7.9347567558 26.6468124390 1.8316547871
-132.4467773438 98.3961791992 -45.9382171631 43.3303108215 0.0000000000 0.0000000000 7.9342274666 26.6578445435 1.8267806768
-132.3543395996 98.4313049316 -45.9374389648 43.3302345276 0.0000000000 0.0000000000 7.9358983040 26.6422748566 1.8308013678
-132.4348297119 98.3527832031 -45.9372482300 43.3301773071 0.0000000000 0.0000000000 7.9313721657 26.6475448608 1.8250670433
-132.3604888916 98.3495254517 -45.9370117188 43.3293266296 0.0000000000 0.0000000000 7.9323477745 26.6373710632 1.8275531530
-132.4907379150 98.3993148804 -45.9372406006 43.3300552368 0.0000000000 0.0000000000 7.9289703369 26.6413345337 1.8254479170
-132.4058532715 98.4431381226 -45.9373779297 43.3301544189 0.0000000000 0.0000000000 7.9243469238 26.6445808411 1.8265669346
-132.5464477539 98.4029464722 -45.9390335083 43.3294181824 0.0000000000 0.0000000000 7.9257264137 26.6483936310 1.8176653385
-132.6872100830 98.3469772339 -45.9399032593 43.3300399780 0.0000000000 0.0000000000 7.9265174866 26.6498317719 1.8119934797
-132.6739044189 98.3107910156 -45.9416465759 43.3298530579 0.0000000000 0.0000000000 7.9358758926 26.6448307037 1.8134557009
-132.7262573242 98.3498306274 -45.9411392212 43.3293266296 0.0000000000 0.0000000000 7.9449491501 26.6496829987 1.8171340227
-132.7018127441 98.3086395264 -45.9417037964 43.3304252625 0.0000000000 0.0000000000 7.9477014542 26.6547241211 1.8154494762
-132.6487884521 98.2562637329 -45.9406814575 43.3304176331 0.0000000000 0.0000000000 7.9490895271 26.6700267792 1.8155246973
-132.6443939209 98.3737869263 -45.9402885437 43.3299636841 0.0000000000 0.0000000000 7.9523162842 26.6782531738 1.8154131174
-132.6009979248 98.3912353516 -45.9396667480 43.3304748535 0.0000000000 0.0000000000 7.9511919022 26.6775970459 1.8208218813
-132.5688781738 98.3579559326 -45.9400825500 43.3300514221 0.0000000000 0.0000000000 7.9556541443 26.6827583313 1.8194007874
-132.6417388916 98.3414230347 -45.9399185181 43.3298950195 0.0000000000 0.0000000000 7.9553294182 26.6801509857 1.8173635006
-132.6495208740 98.3246994019 -45.9408493042 43.3304405212 0.0000000000 0.0000000000 7.9575266838 26.6738300323 1.8164002895
-132.6428070068 98.4106445312 -45.9398307800 43.3305206299 0.0000000000 0.0000000000 7.9549565315 26.6972160339 1.8167816401
-132.5686798096 98.3854293823 -45.9404754639 43.3309822083 0.0000000000 0.0000000000 7.9573912621 26.7018947601 1.8167865276
-132.4292907715 98.3252868652 -45.9404106140 43.3298072815 0.0000000000 0.0000000000 7.9522471428 26.7067852020 1.8205003738
-132.3583221436 98.2880859375 -45.9400672913 43.3290023804 0.0000000000 0.0000000000 7.9528536797 26.7213191986 1.8209601641
-132.3688049316 98.1880340576 -45.9400177002 43.3290672302 0.0000000000 0.0000000000 7.9508543015 26.7046890259 1.8214638233
-132.3207244873 98.1167297363 -45.9408912659 43.3289985657 0.0000000000 0.0000000000 7.9524974823 26.7143230438 1.8188009262
-132.3629608154 98.1609420776 -45.9402046204 43.3279266357 0.0000000000 0.0000000000 7.9508090019 26.7163906097 1.8167775869
-132.3785400391 98.0822982788 -45.9405097961 43.3283157349 0.0000000000 0.0000000000 7.9533004761 26.7280406952 1.8145728111
-132.4231567383 98.0830383301 -45.9397964478 43.3281669617 0.0000000000 0.0000000000 7.9488453865 26.7359027863 1.8086160421
-132.3357543945 98.0587234497 -45.9406204224 43.3287849426 0.0000000000 0.0000000000 7.9521374702 26.7305316925 1.8052071333
-132.4122619629 98.1379470825 -45.9407768250 43.3281173706 0.0000000000 0.0000000000 7.9469594955 26.7389354706 1.8074115515
-132.3704986572 98.1229171753 -45.9412231445 43.3291244507 0.0000000000 0.0000000000 7.9475440979 26.7350502014 1.8097977638
-132.3779754639 98.1522750854 -45.9415588379 43.3290481567 0.0000000000 0.0000000000 7.9421253204 26.7456569672 1.8108085394
-132.4484100342 98.1734085083 -45.9409484863 43.3288993835 0.0000000000 0.0000000000 7.9488825798 26.7441158295 1.8083503246
-132.4686279297 98.1658020020 -45.9415321350 43.3284378052 0.0000000000 0.0000000000 7.9484467506 26.7515258789 1.8109010458
-132.4537353516 98.1911773682 -45.9411659241 43.3289108276 0.0000000000 0.0000000000 7.9511470795 26.7702636719 1.8095577955
-132.4385223389 98.1969909668 -45.9414749146 43.3285827637 0.0000000000 0.0000000000 7.9472265244 26.7766227722 1.8104428053
-132.3535766602 98.3184661865 -45.9416732788 43.3293304443 0.0000000000 0.0000000000 7.9532499313 26.7641658783 1.8160099983
-132.4308166504 98.3177032471 -45.9416084290 43.3292083740 0.0000000000 0.0000000000 7.9548268318 26.7683105469 1.8089126348
-132.3197174072 98.3591690063 -45.9418258667 43.3287010193 0.0000000000 0.0000000000 7.9639048576 26.7726707458 1.8158848286
-132.3867645264 98.2380599976 -45.9411888123 43.3286094666 0.0000000000 0.0000000000 7.9641213417 26.7774600983 1.8104544878
-132.4032745361 98.2937927246 -45.9427146912 43.3289871216 0.0000000000 0.0000000000 7.9647908211 26.7741260529 1.8058208227
-132.4569091797 98.2532196045 -45.9436187744 43.3285827637 0.0000000000 0.0000000000 7.9663715363 26.7863407135 1.8048399687
-132.3799285889 98.3253326416 -45.9434394836 43.3291053772 0.0000000000 0.0000000000 7.9682140350 26.7913951874 1.8055403233
-132.3014068604 98.2898025513 -45.9424858093 43.3287506104 0.0000000000 0.0000000000 7.9632778168 26.7861194611 1.8067034483
-132.3796539307 98.2926864624 -45.9425811768 43.3292655945 0.0000000000 0.0000000000 7.9661054611 26.7976818085 1.8050767183
-132.4253387451 98.2650222778 -45.9430236816 43.3290367126 0.0000000000 0.0000000000 7.9647550583 26.7989788055 1.8099781275
-132.2937469482 98.2695770264 -45.9430885315 43.3291397095 0.0000000000 0.0000000000 7.9708967209 26.8068885803 1.8085259199
-132.2740783691 98.2233810425 -45.9435539246 43.3289260864 0.0000000000 0.0000000000 7.9673471451 26.7953510284 1.8156291246
-132.1873626709 98.2717285156 -45.9430160522 43.3291168213 0.0000000000 0.0000000000 7.9641084671 26.8099079132 1.8089991808
-132.2126312256 98.2060470581 -45.9427871704 43.3290748596 0.0000000000 0.0000000000 7.9709968567 26.8042163849 1.8133468628
-132.3288726807 98.2301712036 -45.9436607361 43.3282279968 0.0000000000 0.0000000000 7.9677100182 26.8191032410 1.8080813885
-132.2454376221 98.2380676270 -45.9430732727 43.3286209106 0.0000000000 0.0000000000 7.9744443893 26.8156814575 1.8121167421
-132.2636871338 98.2899398804 -45.9439773560 43.3289222717 0.0000000000 0.0000000000 7.9703874588 26.8178157806 1.8149080276
-132.1917266846 98.3213577271 -45.9430580139 43.3293609619 0.0000000000 0.0000000000 7.9724435806 26.8162879944 1.8135808706
-132.1895599365 98.2793502808 -45.9425125122 43.3298225403 0.0000000000 0.0000000000 7.9636855125 26.8290958405 1.8151608706
-132.1934204102 98.2893600464 -45.9434890747 43.3294372559 0.0000000000 0.0000000000 7.9724645615 26.8208732605 1.8152636290
-132.1215667725 98.3122863770 -45.9427413940 43.3300437927 0.0000000000 0.0000000000 7.9708814621 26.8288364410 1.8152651787
-132.1511383057 98.2513504028 -45.9424133301 43.3299102783 0.0000000000 0.0000000000 7.9715113640 26.8245677948 1.8200592995
-132.1505279541 98.2618942261 -45.9421501160 43.3299713135 0.0000000000 0.0000000000 7.9763236046 26.8352222443 1.8142174482
-132.0925750732 98.1893081665 -45.9419517517 43.3292579651 0.0000000000 0.0000000000 7.9836316109 26.8321838379 1.8200141191
-132.0542755127 98.2355346680 -45.9426574707 43.3296394348 0.0000000000 0.0000000000 7.9808363914 26.8394088745 1.8161191940
-132.0328674316 98.2653579712 -45.9428062439 43.3299751282 0.0000000000 0.0000000000 7.9830775261 26.8317165375 1.8132418394
-132.0067749023 98.2896347046 -45.9441413879 43.3301429749 0.0000000000 0.0000000000 7.9844493866 26.8344058990 1.8167293072
-132.0395507812 98.2170486450 -45.9440650940 43.3299980164 0.0000000000 0.0000000000 7.9887180328 26.8388328552 1.8084528446
-132.0804290771 98.1607971191 -45.9453163147 43.3299407959 0.0000000000 0.0000000000 7.9837813377 26.8381137848 1.8116891384
-132.0566101074 98.1337661743 -45.9445190430 43.3306541443 0.0000000000 0.0000000000 7.9846539497 26.8345108032 1.8110038042
-132.0567779541 98.1780776978 -45.9454765320 43.3309822083 0.0000000000 0.0000000000 7.9737305641 26.8397045135 1.8123631477
-131.9540100098 98.1847610474 -45.9439239502 43.3319129944 0.0000000000 0.0000000000 7.9745492935 26.8251399994 1.8165220022
-131.9822998047 98.1274337769 -45.9440116882 43.3325958252 0.0000000000 0.0000000000 7.9679322243 26.8304290771 1.8152241707
-132.0032043457 98.1267700195 -45.9441642761 43.3319931030 0.0000000000 0.0000000000 7.9734897614 26.8304061890 1.8140472174
-131.9881286621 98.1558303833 -45.9443778992 43.3319664001 0.0000000000 0.0000000000 7.9703626633 26.8498458862 1.8132309914
-131.9196166992 98.2115631104 -45.9444427490 43.3309020996 0.0000000000 0.0000000000 7.9798440933 26.8551025391 1.8126268387
-132.0164184570 98.1441574097 -45.9441719055 43.3314361572 0.0000000000 0.0000000000 7.9736828804 26.8665008545 1.8045569658
-132.0723571777 98.1811141968 -45.9443931580 43.3309249878 0.0000000000 0.0000000000 7.9788808823 26.8695774078 1.8060802221
-131.9656982422 98.2061767578 -45.9451904297 43.3309364319 0.0000000000 0.0000000000 7.9713196754 26.8591327667 1.8097302914
-132.0178222656 98.1551666260 -45.9449119568 43.3307762146 0.0000000000 0.0000000000 7.9715561867 26.8725185394 1.8065550327
-131.9532623291 98.1529006958 -45.9444198608 43.3301582336 0.0000000000 0.0000000000 7.9693017006 26.8607063293 1.8122898340
-131.9371337891 98.1955795288 -45.9442825317 43.3308410645 0.0000000000 0.0000000000 7.9699988365 26.8665275574 1.8075683117
-131.9765625000 98.1462631226 -45.9447479248 43.3303527832 0.0000000000 0.0000000000 7.9662361145 26.8635234833 1.8073385954
-131.9191741943 98.1374969482 -45.9454345703 43.3306159973 0.0000000000 0.0000000000 7.9667453766 26.8763790131 1.8061393499
-131.9848480225 98.2440490723 -45.9452171326 43.3294982910 0.0000000000 0.0000000000 7.9596123695 26.8792934418 1.8037600517
-131.9272766113 98.2204742432 -45.9460449219 43.3300209045 0.0000000000 0.0000000000 7.9693059921 26.8824806213 1.8022778034
-131.9122772217 98.1194763184 -45.9456405640 43.3296890259 0.0000000000 0.0000000000 7.9721784592 26.8834896088 1.8034861088
-131.8315887451 98.1734695435 -45.9468231201 43.3302154541 0.0000000000 0.0000000000 7.9770307541 26.8868503571 1.8057998419
-131.7512664795 98.0742721558 -45.9457855225 43.3299560547 0.0000000000 0.0000000000 7.9734878540 26.8932323456 1.8061445951
-131.7347717285 98.0424804688 -45.9452438354 43.3303070068 0.0000000000 0.0000000000 7.9773216248 26.8964691162 1.8057337999
-131.7080688477 97.9055099487 -45.9453392029 43.3299751282 0.0000000000 0.0000000000 7.9759454727 26.8922901154 1.8072254658
-131.6722869873 97.9843978882 -45.9460220337 43.3298225403 0.0000000000 0.0000000000 7.9790611267 26.8938064575 1.8100699186
-131.7241516113 98.0027465820 -45.9449310303 43.3306999207 0.0000000000 0.0000000000 7.9765419960 26.9089145660 1.8067461252
-131.6319885254 98.0832748413 -45.9446754456 43.3302459717 0.0000000000 0.0000000000 7.9859886169 26.8997116089 1.8086892366
-131.6568145752 98.0912475586 -45.9442710876 43.3304405212 0.0000000000 0.0000000000 7.9830241203 26.9013042450 1.8117371798
-131.6520385742 98.0848464966 -45.9443054199 43.3313179016 0.0000000000 0.0000000000 7.9825501442 26.8956146240 1.8115965128
-131.6273803711 98.0952148438 -45.9450874329 43.3310165405 0.0000000000 0.0000000000 7.9845252037 26.8956260681 1.8073282242
-131.5581207275 98.0912704468 -45.9446563721 43.3314666748 0.0000000000 0.0000000000 7.9870567322 26.8863582611 1.8143935204
-131.5840606689 98.0612182617 -45.9447937012 43.3314285278 0.0000000000 0.0000000000 7.9877252579 26.8882160187 1.8079915047
-131.5346221924 98.0428085327 -45.9448204041 43.3302383423 0.0000000000 0.0000000000 7.9865827560 26.8846187592 1.8090902567
-131.5434570312 98.0120239258 -45.9453697205 43.3303985596 0.0000000000 0.0000000000 7.9876856804 26.8963260651 1.8045775890
-131.5521087646 97.9738540649 -45.9454116821 43.3299026489 0.0000000000 0.0000000000 7.9874205589 26.8903675079 1.8088673353
-131.6589202881 97.9913787842 -45.9462013245 43.3301277161 0.0000000000 0.0000000000 7.9901967049 26.8908634186 1.8039981127
-131.5664215088 98.0505905151 -45.9453277588 43.3302001953 0.0000000000 0.0000000000 7.9899187088 26.8884963989 1.8104687929
-131.6620788574 98.0887298584 -45.9446372986 43.3307609558 0.0000000000 0.0000000000 7.9887251854 26.8987274170 1.8062841892
-131.4268493652 98.1971206665 -45.9448356628 43.3311805725 0.0000000000 0.0000000000 7.9863181114 26.8860912323 1.8147864342
-131.3883209229 98.2477416992 -45.9450798035 43.3323783875 0.0000000000 0.0000000000 7.9908733368 26.8811912537 1.8152034283
-131.4033813477 98.1957168579 -45.9449729919 43.3322448730 0.0000000000 0.0000000000 7.9892191887 26.8953151703 1.8134192228
-131.3196411133 98.3983764648 -45.9448165894 43.3314628601 0.0000000000 0.0000000000 8.0001411438 26.8916206360 1.8162885904
-131.3533477783 98.3346862793 -45.9455413818 43.3314971924 0.0000000000 0.0000000000 7.9986882210 26.8852138519 1.8169225454
-131.3341522217 98.2997436523 -45.9455337524 43.3322181702 0.0000000000 0.0000000000 8.0042476654 26.8915386200 1.8142964840
-131.3341674805 98.1321029663 -45.9453887939 43.3321380615 0.0000000000 0.0000000000 8.0033159256 26.8905792236 1.8174209595
-131.3568115234 98.0878295898 -45.9450035095 43.3316879272 0.0000000000 0.0000000000 8.0057802200 26.9013099670 1.8120269775
-131.3817291260 98.0378494263 -45.9450798035 43.3301887512 0.0000000000 0.0000000000 8.0110616684 26.8931980133 1.8133692741
-131.3202667236 98.0488281250 -45.9447288513 43.3307533264 0.0000000000 0.0000000000 8.0037155151 26.8943138123 1.8176673651
-131.2882232666 98.0326156616 -45.9446296692 43.3311424255 0.0000000000 0.0000000000 8.0110301971 26.8894100189 1.8172528744
-131.3719635010 97.9025421143 -45.9453620911 43.3303489685 0.0000000000 0.0000000000 8.0090703964 26.8950519562 1.8101347685
-131.3528289795 98.0884780884 -45.9444007874 43.3305130005 0.0000000000 0.0000000000 8.0167989731 26.8951034546 1.8152228594
-131.3359832764 97.9846878052 -45.9445304871 43.3305244446 0.0000000000 0.0000000000 8.0110197067 26.9085559845 1.8139119148
-131.3378753662 98.0852813721 -45.9433822632 43.3310127258 0.0000000000 0.0000000000 8.0175590515 26.9059123993 1.8151627779
-131.3938293457 98.0048904419 -45.9447441101 43.3304138184 0.0000000000 0.0000000000 8.0117025375 26.9154510498 1.8132405281
-131.3383636475 98.0180587769 -45.9442405701 43.3307418823 0.0000000000 0.0000000000 8.0207414627 26.8952884674 1.8187395334
-131.4032745361 97.9211502075 -45.9458847046 43.3309097290 0.0000000000 0.0000000000 8.0142602921 26.9081974030 1.8105115891
-131.4214630127 98.0415267944 -45.9451713562 43.3308982849 0.0000000000 0.0000000000 8.0200233459 26.8932571411 1.8097333908
-131.3990478516 98.0661392212 -45.9465789795 43.3309822083 0.0000000000 0.0000000000 8.0159482956 26.9120731354 1.8114436865
-131.4070129395 98.1351089478 -45.9452934265 43.3311805725 0.0000000000 0.0000000000 8.0194263458 26.9055728912 1.8122508526
-131.4711608887 98.0124130249 -45.9468383789 43.3305740356 0.0000000000 0.0000000000 8.0192251205 26.9228687286 1.8082257509
-131.4314270020 97.9921340942 -45.9458045959 43.3311958313 0.0000000000 0.0000000000 8.0255270004 26.9178009033 1.8107784986
-131.4154663086 97.9214324951 -45.9455986023 43.3312606812 0.0000000000 0.0000000000 8.0213050842 26.9299774170 1.8088821173
-131.3930969238 98.0140991211 -45.9452972412 43.3313484192 0.0000000000 0.0000000000 8.0273017883 26.9198722839 1.8070508242
-131.4325408936 97.9164352417 -45.9468536377 43.3314247131 0.0000000000 0.0000000000 8.0180368423 26.9311981201 1.8061074018
-131.4340972900 97.9202346802 -45.9453926086 43.3308830261 0.0000000000 0.0000000000 8.0241022110 26.9199943542 1.8075051308
-131.4248046875 97.9562988281 -45.9472198486 43.3318176270 0.0000000000 0.0000000000 8.0133390427 26.9272937775 1.8027712107
-131.4823608398 98.0435485840 -45.9465408325 43.3312530518 0.0000000000 0.0000000000 8.0168933868 26.9138240814 1.8082236052
-131.4324798584 98.0557098389 -45.9468955994 43.3313713074 0.0000000000 0.0000000000 8.0143489838 26.9215679169 1.8019058704
-131.4622039795 98.0575866699 -45.9461364746 43.3313598633 0.0000000000 0.0000000000 8.0171947479 26.9136924744 1.8014448881
-131.5238037109 98.1318588257 -45.9468917847 43.3319015503 0.0000000000 0.0000000000 8.0129461288 26.9097900391 1.8007757664
-131.4649505615 98.1366882324 -45.9484214783 43.3318634033 0.0000000000 0.0000000000 8.0215492249 26.9079627991 1.8035717010
-131.4861755371 98.0926132202 -45.9488639832 43.3326911926 0.0000000000 0.0000000000 8.0288763046 26.9027423859 1.8055837154
-131.4502716064 98.0443572998 -45.9485969543 43.3317184448 0.0000000000 0.0000000000 8.0300741196 26.9123001099 1.8053586483
-131.3755950928 98.0087051392 -45.9472694397 43.3308982849 0.0000000000 0.0000000000 8.0304098129 26.9054756165 1.8063141108
-131.4339752197 97.9822540283 -45.9477310181 43.3301124573 0.0000000000 0.0000000000 8.0332727432 26.9039535522 1.8049710989
-131.4010467529 98.0651016235 -45.9485893250 43.3319664001 0.0000000000 0.0000000000 8.0305681229 26.9047451019 1.8048483133
-131.4253997803 97.9491577148 -45.9488639832 43.3314094543 0.0000000000 0.0000000000 8.0335197449 26.8978443146 1.8047381639
-131.4775543213 97.9825286865 -45.9482307434 43.3309707642 0.0000000000 0.0000000000 8.0272922516 26.8984432220 1.8048106432
-131.4331665039 98.0447006226 -45.9479331970 43.3317909241 0.0000000000 0.0000000000 8.0361671448 26.9070396423 1.8044127226
-131.3613433838 97.9853210449 -45.9478111267 43.3319091797 0.0000000000 0.0000000000 8.0355606079 26.9020233154 1.8106411695
-131.4012603760 98.0046234131 -45.9483261108 43.3316574097 0.0000000000 0.0000000000 8.0371351242 26.9166603088 1.8075244427
-131.3285369873 98.0263519287 -45.9480514526 43.3309478760 0.0000000000 0.0000000000 8.0397500992 26.9056930542 1.8076659441
-131.4521942139 98.0231704712 -45.9484138489 43.3314857483 0.0000000000 0.0000000000 8.0423889160 26.9109725952 1.8019021749
-131.3647308350 98.0900192261 -45.9482727051 43.3317756653 0.0000000000 0.0000000000 8.0439329147 26.9156265259 1.8051376343
-131.4344787598 98.0885543823 -45.9482269287 43.3315467834 0.0000000000 0.0000000000 8.0471992493 26.9075851440 1.8060176373
-131.2638244629 98.1378021240 -45.9474258423 43.3320121765 0.0000000000 0.0000000000 8.0480499268 26.9041690826 1.8038607836
-131.2663116455 98.1238403320 -45.9481506348 43.3323249817 0.0000000000 0.0000000000 8.0460824966 26.8916854858 1.8056465387
-131.1270751953 98.1504669189 -45.9471817017 43.3326759338 0.0000000000 0.0000000000 8.0469894409 26.8949222565 1.8084172010
-131.1492004395 98.0932922363 -45.9467964172 43.3318367004 0.0000000000 0.0000000000 8.0484094620 26.8898887634 1.8027645350
-131.0442810059 98.2489700317 -45.9467582703 43.3313674927 0.0000000000 0.0000000000 8.0486240387 26.8939838409 1.8048776388
-131.0068969727 98.2971420288 -45.9471168518 43.3319015503 0.0000000000 0.0000000000 8.0524930954 26.8899822235 1.8087081909
-130.9387969971 98.3162689209 -45.9470138550 43.3317031860 0.0000000000 0.0000000000 8.0504522324 26.8823661804 1.8078265190
-130.9515228271 98.2346420288 -45.9469833374 43.3314971924 0.0000000000 0.0000000000 8.0421228409 26.8938961029 1.8044219017
-130.8435363770 98.2713546753 -45.9467658997 43.3308639526 0.0000000000 0.0000000000 8.0433979034 26.8897476196 1.8088932037
-130.9278869629 98.3195495605 -45.9464263916 43.3305892944 0.0000000000 0.0000000000 8.0453672409 26.9032726288 1.8060855865
-130.9699859619 98.3353424072 -45.9467315674 43.3300209045 0.0000000000 0.0000000000 8.0548858643 26.8913688660 1.8046610355
-130.9777374268 98.1733322144 -45.9472198486 43.3302726746 0.0000000000 0.0000000000 8.0564289093 26.8992137909 1.8057006598
-131.0396423340 98.1898345947 -45.9458122253 43.3300056458 0.0000000000 0.0000000000 8.0609226227 26.8992233276 1.8046947718
-131.0522766113 98.1126632690 -45.9459495544 43.3297805786 0.0000000000 0.0000000000 8.0630121231 26.9099922180 1.8021159172
-131.1277465820 98.0286026001 -45.9454040527 43.3297805786 0.0000000000 0.0000000000 8.0651502609 26.9132194519 1.8006501198
-130.9839172363 98.0234298706 -45.9463653564 43.3306503296 0.0000000000 0.0000000000 8.0613613129 26.9088535309 1.8028026819
-130.9451751709 98.0658569336 -45.9463920593 43.3307189941 0.0000000000 0.0000000000 8.0648117065 26.8945178986 1.8023607731
-130.9650878906 98.0744171143 -45.9470672607 43.3298110962 0.0000000000 0.0000000000 8.0668659210 26.9035739899 1.7981362343
-130.8635559082 98.0483322144 -45.9465866089 43.3295516968 0.0000000000 0.0000000000 8.0727863312 26.8982601166 1.8027672768
-130.9221649170 98.0849304199 -45.9468345642 43.3298263550 0.0000000000 0.0000000000 8.0655727386 26.9125690460 1.8042688370
-130.8365325928 98.0855331421 -45.9455451965 43.3300209045 0.0000000000 0.0000000000 8.0658559799 26.9034023285 1.8066419363
-130.8449096680 98.0349273682 -45.9457283020 43.3295135498 0.0000000000 0.0000000000 8.0613412857 26.9132747650 1.8078079224
-130.8209533691 98.1373748779 -45.9439926147 43.3286437988 0.0000000000 0.0000000000 8.0581359863 26.9015464783 1.8053599596
-130.9537200928 98.0462188721 -45.9449424744 43.3290061951 0.0000000000 0.0000000000 8.0594606400 26.9239597321 1.7979556322
-130.8461608887 98.1468811035 -45.9453849792 43.3297653198 0.0000000000 0.0000000000 8.0582542419 26.9133472443 1.8045953512
-130.8938140869 98.0512847900 -45.9450531006 43.3302650452 0.0000000000 0.0000000000 8.0632982254 26.9217472076 1.8026885986
-130.8543548584 98.1140670776 -45.9447669983 43.3300704956 0.0000000000 0.0000000000 8.0623779297 26.9076919556 1.8095991611
-130.9366455078 98.0048675537 -45.9455833435 43.3303604126 0.0000000000 0.0000000000 8.0630006790 26.9145736694 1.8081196547
-130.9530334473 98.0030670166 -45.9451179504 43.3300323486 0.0000000000 0.0000000000 8.0575542450 26.9184665680 1.8079468012
-131.0158081055 97.9407501221 -45.9455261230 43.3298568726 0.0000000000 0.0000000000 8.0581750870 26.9203987122 1.8070036173
-130.9919128418 97.8985748291 -45.9466018677 43.3306198120 0.0000000000 0.0000000000 8.0577239990 26.9227695465 1.8066631556
-130.9893646240 97.8820724487 -45.9466514587 43.3307228088 0.0000000000 0.0000000000 8.0575065613 26.9231052399 1.8069627285
-130.9862365723 97.8619155884 -45.9450759888 43.3295783997 0.0000000000 0.0000000000 8.0594482422 26.9404468536 1.8064714670
-131.0062713623 97.8323287964 -45.9450035095 43.3301696777 0.0000000000 0.0000000000 8.0611095428 26.9317359924 1.8086007833
-131.0440216064 97.8609466553 -45.9448432922 43.3305969238 0.0000000000 0.0000000000 8.0681619644 26.9328613281 1.8071563244
-130.9927062988 97.7938308716 -45.9450912476 43.3298988342 0.0000000000 0.0000000000 8.0737514496 26.9380588531 1.8105845451
-130.9918060303 97.8497772217 -45.9445495605 43.3309745789 0.0000000000 0.0000000000 8.0721902847 26.9365196228 1.8082200289
-131.0487976074 97.9445877075 -45.9445838928 43.3299751282 0.0000000000 0.0000000000 8.0712232590 26.9441928864 1.8104066849
-131.0135498047 97.9010543823 -45.9454040527 43.3305053711 0.0000000000 0.0000000000 8.0808553696 26.9382991791 1.8100472689
-131.0762786865 97.9263839722 -45.9460067749 43.3306350708 0.0000000000 0.0000000000 8.0789537430 26.9445438385 1.8090234995
-131.0048675537 97.9197235107 -45.9453620911 43.3301811218 0.0000000000 0.0000000000 8.0843887329 26.9272594452 1.8137234449
-131.0380706787 97.9238204956 -45.9450607300 43.3306083679 0.0000000000 0.0000000000 8.0802898407 26.9467735291 1.8090293407
-130.9516448975 97.9212036133 -45.9435806274 43.3307380676 0.0000000000 0.0000000000 8.0843715668 26.9362792969 1.8112667799
-131.0150451660 97.8416061401 -45.9446220398 43.3313713074 0.0000000000 0.0000000000 8.0857696533 26.9514122009 1.8040177822
-130.9011383057 97.9292907715 -45.9450035095 43.3300857544 0.0000000000 0.0000000000 8.0884332657 26.9507598877 1.8061439991
-130.9973907471 97.9390716553 -45.9441986084 43.3299598694 0.0000000000 0.0000000000 8.0828237534 26.9426574707 1.8037892580
-131.0067138672 97.9425964355 -45.9455261230 43.3312606812 0.0000000000 0.0000000000 8.0920400620 26.9531269073 1.7994766235
-131.0584259033 97.9918136597 -45.9456977844 43.3311882019 0.0000000000 0.0000000000 8.0884141922 26.9484291077 1.8022751808
-131.1142883301 97.9663391113 -45.9447937012 43.3306922913 0.0000000000 0.0000000000 8.0965690613 26.9500408173 1.8018029928
-131.0928802490 97.9645004272 -45.9460639954 43.3301010132 0.0000000000 0.0000000000 8.0953016281 26.9618377686 1.8010380268
-131.0608520508 97.9675903320 -45.9458694458 43.3310890198 0.0000000000 0.0000000000 8.0959615707 26.9661064148 1.8033057451
-131.2148895264 97.8836288452 -45.9461212158 43.3311080933 0.0000000000 0.0000000000 8.0986680984 26.9670772552 1.7988531590
-131.2443695068 97.9639282227 -45.9465942383 43.3312263489 0.0000000000 0.0000000000 8.1043186188 26.9687824249 1.7950510979
-131.2695617676 98.0180816650 -45.9466819763 43.3317146301 0.0000000000 0.0000000000 8.1035270691 26.9600887299 1.7973543406
-131.2025451660 98.0164947510 -45.9472923279 43.3314132690 0.0000000000 0.0000000000 8.0992441177 26.9657325745 1.8000543118
-131.1907043457 97.9121475220 -45.9480285645 43.3308067322 0.0000000000 0.0000000000 8.0991868973 26.9581012726 1.7973537445
-131.1838378906 97.8465576172 -45.9481315613 43.3307495117 0.0000000000 0.0000000000 8.0939884186 26.9660072327 1.7986285686
-131.1644134521 97.8385238647 -45.9475555420 43.3305664062 0.0000000000 0.0000000000 8.0965433121 26.9732074738 1.7997852564
-131.1357116699 97.8380584717 -45.9469184875 43.3309173584 0.0000000000 0.0000000000 8.0925579071 26.9718208313 1.8028039932
-131.1758422852 97.8725280762 -45.9462165833 43.3305435181 0.0000000000 0.0000000000 8.0953388214 26.9618892670 1.8014830351
-131.1717834473 97.8084640503 -45.9471244812 43.3302993774 0.0000000000 0.0000000000 8.0992860794 26.9676437378 1.8001105785
-131.1941680908 97.8320922852 -45.9466209412 43.3304023743 0.0000000000 0.0000000000 8.0982646942 26.9607620239 1.8005366325
-131.1192626953 97.7795181274 -45.9476928711 43.3301506042 0.0000000000 0.0000000000 8.0939321518 26.9871349335 1.7972756624
-131.1871032715 97.7859878540 -45.9477844238 43.3309898376 0.0000000000 0.0000000000 8.0958662033 26.9775218964 1.7962787151
-131.1524200439 97.6872482300 -45.9481735229 43.3305320740 0.0000000000 0.0000000000 8.0974864960 26.9960269928 1.7943339348
-131.2183837891 97.7614822388 -45.9466857910 43.3299674988 0.0000000000 0.0000000000 8.1005897522 26.9916362762 1.7952897549
-131.1256866455 97.6466064453 -45.9467391968 43.3296203613 0.0000000000 0.0000000000 8.0985183716 26.9916934967 1.7965333462
-131.1491241455 97.6671218872 -45.9461441040 43.3296775818 0.0000000000 0.0000000000 8.1047601700 26.9860515594 1.7954196930
-131.1237945557 97.6825180054 -45.9475135803 43.3304138184 0.0000000000 0.0000000000 8.1035280228 26.9987831116 1.8015582561
-131.1579437256 97.7114868164 -45.9459419250 43.3300819397 0.0000000000 0.0000000000 8.1076841354 26.9952468872 1.8007860184
-131.0523529053 97.7639007568 -45.9465904236 43.3314208984 0.0000000000 0.0000000000 8.1048822403 26.9998760223 1.8016924858
-131.0177917480 97.7594985962 -45.9470176697 43.3307037354 0.0000000000 0.0000000000 8.1104774475 26.9854164124 1.8024610281
-131.0350189209 97.7663345337 -45.9472236633 43.3310394287 0.0000000000 0.0000000000 8.1076126099 26.9904136658 1.8020040989
-131.0563812256 97.7801437378 -45.9472961426 43.3306922913 0.0000000000 0.0000000000 8.1078748703 26.9947090149 1.8008751869
-131.0186920166 97.8533706665 -45.9467697144 43.3302154541 0.0000000000 0.0000000000 8.1112270355 26.9986763000 1.7974674702
-130.9862060547 97.7873916626 -45.9464454651 43.3299713135 0.0000000000 0.0000000000 8.1185579300 26.9909934998 1.8012242317
-130.8748931885 97.7078781128 -45.9466514587 43.3307876587 0.0000000000 0.0000000000 8.1157846451 27.0021438599 1.8042308092
-130.9661407471 97.7509155273 -45.9464035034 43.3307876587 0.0000000000 0.0000000000 8.1113109589 26.9923439026 1.8020784855
-130.9320526123 97.6975021362 -45.9467887878 43.3311996460 0.0000000000 0.0000000000 8.1126823425 26.9872741699 1.8045700788
-130.9790649414 97.7410125732 -45.9470367432 43.3310165405 0.0000000000 0.0000000000 8.1169710159 26.9971389771 1.8063409328
-130.9127960205 97.6337890625 -45.9470138550 43.3308448792 0.0000000000 0.0000000000 8.1111049652 26.9836769104 1.8050652742
-130.9272460938 97.7462310791 -45.9467468262 43.3311729431 0.0000000000 0.0000000000 8.1157302856 27.0021591187 1.8051271439
-130.9313354492 97.7949600220 -45.9458847046 43.3315277100 0.0000000000 0.0000000000 8.1173105240 27.0045738220 1.8083720207
-131.0505065918 97.7714309692 -45.9461708069 43.3313179016 0.0000000000 0.0000000000 8.1200151443 26.9963932037 1.8081213236
-131.0682220459 97.7568511963 -45.9459762573 43.3314018250 0.0000000000 0.0000000000 8.1196107864 27.0008010864 1.8019537926
-131.0619049072 97.7545623779 -45.9465293884 43.3316497803 0.0000000000 0.0000000000 8.1229162216 27.0199241638 1.8006308079
-131.0165557861 97.7184371948 -45.9458351135 43.3324394226 0.0000000000 0.0000000000 8.1240024567 27.0083065033 1.8020061255
-131.0115356445 97.6789703369 -45.9466018677 43.3314628601 0.0000000000 0.0000000000 8.1244182587 27.0195102692 1.8003016710
-131.0582275391 97.6782608032 -45.9453315735 43.3323822021 0.0000000000 0.0000000000 8.1288032532 27.0101032257 1.8016068935
-131.1318206787 97.6575469971 -45.9470252991 43.3321495056 0.0000000000 0.0000000000 8.1334466934 27.0282611847 1.7964462042
-131.0973358154 97.6310501099 -45.9465637207 43.3322067261 0.0000000000 0.0000000000 8.1339693069 27.0141525269 1.8002159595
-131.1230621338 97.7682037354 -45.9467658997 43.3324966431 0.0000000000 0.0000000000 8.1279649734 27.0208358765 1.8026164770
-131.1179199219 97.7502059937 -45.9469947815 43.3329124451 0.0000000000 0.0000000000 8.1280651093 27.0159587860 1.8014923334
-131.1199493408 97.8286972046 -45.9466819763 43.3318023682 0.0000000000 0.0000000000 8.1237058640 27.0185909271 1.8018159866
-131.1321716309 97.9360427856 -45.9467430115 43.3322677612 0.0000000000 0.0000000000 8.1255598068 27.0074348450 1.7971010208
-131.2204742432 97.8735504150 -45.9473991394 43.3312377930 0.0000000000 0.0000000000 8.1278266907 27.0073337555 1.7979346514
-131.1822662354 98.0348434448 -45.9470901489 43.3319549561 0.0000000000 0.0000000000 8.1299533844 27.0159969330 1.7945454121
-131.1590881348 97.9464187622 -45.9474182129 43.3325958252 0.0000000000 0.0000000000 8.1266012192 27.0089359283 1.7945474386
-131.1378784180 97.9318695068 -45.9477043152 43.3323287964 0.0000000000 0.0000000000 8.1282024384 27.0174331665 1.7929862738
-131.0832977295 97.9918899536 -45.9463653564 43.3321342468 0.0000000000 0.0000000000 8.1316318512 27.0206470490 1.7998824120
-131.0691375732 97.9048233032 -45.9465217590 43.3330612183 0.0000000000 0.0000000000 8.1329450607 27.0119876862 1.7975418568
-131.0803222656 97.9253463745 -45.9461059570 43.3335151672 0.0000000000 0.0000000000 8.1294498444 27.0251960754 1.7969765663
-131.0964508057 97.9696960449 -45.9465675354 43.3326034546 0.0000000000 0.0000000000 8.1268329620 27.0156230927 1.7969787121
-131.0167083740 97.8983459473 -45.9463844299 43.3328971863 0.0000000000 0.0000000000 8.1256895065 27.0230045319 1.7978293896
-131.0566101074 97.9009017944 -45.9460487366 43.3333816528 0.0000000000 0.0000000000 8.1252803802 27.0252323151 1.7945021391
-131.0104827881 97.8148574829 -45.9469184875 43.3329162598 0.0000000000 0.0000000000 8.1284675598 27.0097446442 1.7972511053
-131.0466918945 97.7624893188 -45.9481811523 43.3325958252 0.0000000000 0.0000000000 8.1270055771 27.0218791962 1.7915370464
-131.1354217529 97.6742553711 -45.9486236572 43.3321418762 0.0000000000 0.0000000000 8.1230621338 27.0168952942 1.7891438007
-131.1305847168 97.7290802002 -45.9494132996 43.3320846558 0.0000000000 0.0000000000 8.1272754669 27.0322227478 1.7909256220
-131.1607513428 97.7035140991 -45.9487037659 43.3319587708 0.0000000000 0.0000000000 8.1236057281 27.0333213806 1.7882102728
-131.1739501953 97.7063980103 -45.9493751526 43.3320541382 0.0000000000 0.0000000000 8.1222734451 27.0288524628 1.7864229679
-131.0543975830 97.6599426270 -45.9497375488 43.3311691284 0.0000000000 0.0000000000 8.1233806610 27.0385150909 1.7885371447
-131.0151977539 97.8247528076 -45.9492797852 43.3315238953 0.0000000000 0.0000000000 8.1246681213 27.0227413177 1.7954646349
-131.0920562744 97.7822341919 -45.9495201111 43.3332748413 0.0000000000 0.0000000000 8.1265640259 27.0299568176 1.7899208069
-131.1117706299 97.7716598511 -45.9492683411 43.3329010010 0.0000000000 0.0000000000 8.1271924973 27.0271892548 1.7881799936
-131.0374755859 97.8110580444 -45.9487037659 43.3331871033 0.0000000000 0.0000000000 8.1261510849 27.0161437988 1.7932629585
-131.0124816895 97.8272857666 -45.9498710632 43.3332710266 0.0000000000 0.0000000000 8.1326389313 27.0196323395 1.7929912806
-130.9507904053 97.8356552124 -45.9491119385 43.3325500488 0.0000000000 0.0000000000 8.1295995712 27.0198783875 1.7952100039
-130.9929809570 97.8333816528 -45.9491615295 43.3322868347 0.0000000000 0.0000000000 8.1332569122 27.0257301331 1.7947658300
-131.0347137451 97.9142074585 -45.9487953186 43.3325042725 0.0000000000 0.0000000000 8.1376667023 27.0211544037 1.7951240540
-130.9966430664 97.8654937744 -45.9497222900 43.3322219849 0.0000000000 0.0000000000 8.1367139816 27.0328521729 1.7907809019
-130.9675903320 97.7807846069 -45.9488334656 43.3312873840 0.0000000000 0.0000000000 8.1381769180 27.0264148712 1.7934203148
-130.9268035889 97.8205795288 -45.9484786987 43.3309860229 0.0000000000 0.0000000000 8.1353464127 27.0335121155 1.7935099602
-130.8318176270 97.8208312988 -45.9476127625 43.3317489624 0.0000000000 0.0000000000 8.1392812729 27.0268001556 1.7979098558
-130.8548431396 97.7390289307 -45.9491767883 43.3317146301 0.0000000000 0.0000000000 8.1380796432 27.0325565338 1.7958883047
-130.7668151855 97.8419113159 -45.9485816956 43.3315963745 0.0000000000 0.0000000000 8.1363220215 27.0271205902 1.7989001274
-130.8098297119 97.8148193359 -45.9487342834 43.3322906494 0.0000000000 0.0000000000 8.1374998093 27.0228881836 1.7961401939
-130.7870025635 97.6998138428 -45.9487953186 43.3312721252 0.0000000000 0.0000000000 8.1451187134 27.0277538300 1.7934156656
-130.7041015625 97.7293777466 -45.9479637146 43.3313484192 0.0000000000 0.0000000000 8.1417188644 27.0256614685 1.7989904881
-130.7809600830 97.6595993042 -45.9474983215 43.3316917419 0.0000000000 0.0000000000 8.1426162720 27.0347995758 1.7931329012
-130.7609710693 97.6627120972 -45.9476051331 43.3317070007 0.0000000000 0.0000000000 8.1470947266 27.0409336090 1.7943166494
-130.8638916016 97.5839614868 -45.9475898743 43.3315582275 0.0000000000 0.0000000000 8.1532373428 27.0471401215 1.7849521637
-130.8312835693 97.6285934448 -45.9484100342 43.3316268921 0.0000000000 0.0000000000 8.1530113220 27.0401782990 1.7904050350
-130.8619689941 97.5758590698 -45.9488906860 43.3314857483 0.0000000000 0.0000000000 8.1540603638 27.0465755463 1.7848645449
-130.8032684326 97.6162338257 -45.9485321045 43.3315925598 0.0000000000 0.0000000000 8.1591167450 27.0447463989 1.7844398022
-130.7674102783 97.5810928345 -45.9491043091 43.3316802979 0.0000000000 0.0000000000 8.1586666107 27.0465393066 1.7834190130
-130.7132568359 97.6033554077 -45.9486083984 43.3323249817 0.0000000000 0.0000000000 8.1588859558 27.0538425446 1.7891770601
-130.7381896973 97.6195220947 -45.9483184814 43.3324508667 0.0000000000 0.0000000000 8.1585054398 27.0397281647 1.7911924124
-130.7441864014 97.5980072021 -45.9483718872 43.3316001892 0.0000000000 0.0000000000 8.1571359634 27.0446300507 1.7925654650
-130.7780761719 97.5788269043 -45.9485855103 43.3314971924 0.0000000000 0.0000000000 8.1548194885 27.0364952087 1.7919369936
-130.7590484619 97.5560913086 -45.9495964050 43.3316535950 0.0000000000 0.0000000000 8.1534671783 27.0449237823 1.7936118841
-130.9205627441 97.5513839722 -45.9490966797 43.3321609497 0.0000000000 0.0000000000 8.1548433304 27.0467109680 1.7859244347
-130.9213104248 97.5957260132 -45.9501228333 43.3324928284 0.0000000000 0.0000000000 8.1549930573 27.0464076996 1.7849607468
-130.9275054932 97.5326538086 -45.9499130249 43.3323860168 0.0000000000 0.0000000000 8.1613626480 27.0422782898 1.7841222286
-130.8715667725 97.5268554688 -45.9513702393 43.3333320618 0.0000000000 0.0000000000 8.1566801071 27.0624752045 1.7823657990
-130.8576965332 97.5111923218 -45.9504394531 43.3333625793 0.0000000000 0.0000000000 8.1609611511 27.0518169403 1.7829655409
-130.9284820557 97.5629806519 -45.9507827759 43.3331336975 0.0000000000 0.0000000000 8.1617536545 27.0622234344 1.7813684940
-130.8828887939 97.5217285156 -45.9508399963 43.3343048096 0.0000000000 0.0000000000 8.1612262726 27.0543766022 1.7830511332
-130.9443359375 97.5559463501 -45.9504508972 43.3335800171 0.0000000000 0.0000000000 8.1639041901 27.0570812225 1.7835566998
-130.9403991699 97.4958190918 -45.9497909546 43.3331565857 0.0000000000 0.0000000000 8.1674070358 27.0607337952 1.7798204422
-130.8812103271 97.4947204590 -45.9508438110 43.3330574036 0.0000000000 0.0000000000 8.1654071808 27.0542640686 1.7835060358
-130.8854064941 97.4587173462 -45.9505043030 43.3331413269 0.0000000000 0.0000000000 8.1691503525 27.0644054413 1.7820277214
-130.9225921631 97.4891357422 -45.9505119324 43.3339843750 0.0000000000 0.0000000000 8.1646022797 27.0693244934 1.7816427946
-130.8582305908 97.4006271362 -45.9507484436 43.3341369629 0.0000000000 0.0000000000 8.1695852280 27.0680751801 1.7786800861
-130.9488372803 97.3961257935 -45.9503021240 43.3337631226 0.0000000000 0.0000000000 8.1725130081 27.0720195770 1.7806874514
-130.9492492676 97.4229354858 -45.9505119324 43.3342895508 0.0000000000 0.0000000000 8.1783409119 27.0653038025 1.7808262110
-130.9588470459 97.4262619019 -45.9503211975 43.3341026306 0.0000000000 0.0000000000 8.1825037003 27.0654506683 1.7831481695
-130.9085388184 97.4155120850 -45.9511985779 43.3342323303 0.0000000000 0.0000000000 8.1776494980 27.0717792511 1.7849191427
-130.8998107910 97.3203430176 -45.9505424500 43.3339042664 0.0000000000 0.0000000000 8.1788988113 27.0740699768 1.7866435051
-130.8637542725 97.3262023926 -45.9504089355 43.3343734741 0.0000000000 0.0000000000 8.1801853180 27.0623378754 1.7860544920
-130.8825073242 97.3661041260 -45.9512062073 43.3339614868 0.0000000000 0.0000000000 8.1790599823 27.0724029541 1.7835346460
-130.9125518799 97.3924865723 -45.9515571594 43.3337173462 0.0000000000 0.0000000000 8.1745576859 27.0558280945 1.7880795002
-130.9413146973 97.3527297974 -45.9523239136 43.3345031738 0.0000000000 0.0000000000 8.1713571548 27.0650100708 1.7815135717
-130.9118347168 97.3607101440 -45.9519500732 43.3344421387 0.0000000000 0.0000000000 8.1729164124 27.0714893341 1.7829705477
-130.7896423340 97.3477249146 -45.9528732300 43.3350257874 0.0000000000 0.0000000000 8.1724710464 27.0844516754 1.7867192030
-130.9085235596 97.3779296875 -45.9523315430 43.3348083496 0.0000000000 0.0000000000 8.1755151749 27.0837440491 1.7846370935
-130.8998870850 97.3257598877 -45.9526634216 43.3346366882 0.0000000000 0.0000000000 8.1752548218 27.0893669128 1.7873059511
-130.8952178955 97.4326629639 -45.9525756836 43.3351287842 0.0000000000 0.0000000000 8.1731424332 27.0794544220 1.7905402184
-130.8510589600 97.3698196411 -45.9521675110 43.3344841003 0.0000000000 0.0000000000 8.1719560623 27.0966587067 1.7875990868
-130.8058929443 97.4067230225 -45.9515571594 43.3345031738 0.0000000000 0.0000000000 8.1748294830 27.0915050507 1.7893805504
-130.7535095215 97.3928375244 -45.9517669678 43.3338890076 0.0000000000 0.0000000000 8.1735391617 27.0872077942 1.7914643288
-130.7961883545 97.3148956299 -45.9522399902 43.3335456848 0.0000000000 0.0000000000 8.1738348007 27.0947551727 1.7893339396
-130.7611694336 97.3843078613 -45.9532928467 43.3330268860 0.0000000000 0.0000000000 8.1764564514 27.0891571045 1.7945678234
-130.7592620850 97.3036804199 -45.9533920288 43.3337364197 0.0000000000 0.0000000000 8.1824941635 27.0922832489 1.7908405066
-130.7995452881 97.3090438843 -45.9527015686 43.3339653015 0.0000000000 0.0000000000 8.1808576584 27.0792560577 1.7955164909
-130.7747955322 97.2124328613 -45.9533920288 43.3345985413 0.0000000000 0.0000000000 8.1839017868 27.0899181366 1.7948189974
-130.7409362793 97.3197860718 -45.9525756836 43.3349266052 0.0000000000 0.0000000000 8.1827278137 27.0933532715 1.7988053560
-130.7898559570 97.3934097290 -45.9528350830 43.3341445923 0.0000000000 0.0000000000 8.1821279526 27.1007251740 1.7951325178
-130.7383117676 97.4045410156 -45.9523544312 43.3351860046 0.0000000000 0.0000000000 8.1827507019 27.0991420746 1.7975074053
-130.7050628662 97.2575302124 -45.9528427124 43.3339424133 0.0000000000 0.0000000000 8.1853761673 27.1104660034 1.7909899950
-130.6728210449 97.2896652222 -45.9525184631 43.3339271545 0.0000000000 0.0000000000 8.1884756088 27.1082973480 1.7967078686
-130.7051391602 97.1900634766 -45.9524421692 43.3342971802 0.0000000000 0.0000000000 8.1954097748 27.1085987091 1.7920255661
-130.6641082764 97.2293243408 -45.9522666931 43.3347053528 0.0000000000 0.0000000000 8.1894245148 27.1076183319 1.7935247421
-130.6173858643 97.2173690796 -45.9527473450 43.3349456787 0.0000000000 0.0000000000 8.1915988922 27.1140365601 1.7911002636
-130.7286682129 97.2126846313 -45.9531936646 43.3338203430 0.0000000000 0.0000000000 8.1976194382 27.1090984344 1.7910413742
-130.6672973633 97.2808532715 -45.9540977478 43.3338088989 0.0000000000 0.0000000000 8.2018699646 27.1190166473 1.7889287472
-130.7248992920 97.2622375488 -45.9532814026 43.3343276978 0.0000000000 0.0000000000 8.2013359070 27.1053867340 1.7862627506
-130.6315917969 97.2295913696 -45.9537315369 43.3345603943 0.0000000000 0.0000000000 8.1995325089 27.1148605347 1.7871555090
-130.6619110107 97.1377410889 -45.9533309937 43.3339653015 0.0000000000 0.0000000000 8.2038621902 27.0991744995 1.7907158136
-130.5548248291 97.1169433594 -45.9539871216 43.3346519470 0.0000000000 0.0000000000 8.2004404068 27.1104145050 1.7881666422
-130.6291656494 97.1282196045 -45.9531860352 43.3342857361 0.0000000000 0.0000000000 8.2048015594 27.1051006317 1.7920082808
-130.6040954590 97.1818771362 -45.9543609619 43.3356552124 0.0000000000 0.0000000000 8.2034196854 27.1081314087 1.7927021980
-130.6593780518 97.1039657593 -45.9536247253 43.3357391357 0.0000000000 0.0000000000 8.2099065781 27.1155376434 1.7886869907
-130.5402526855 97.1054077148 -45.9534835815 43.3352546692 0.0000000000 0.0000000000 8.2074785233 27.1206245422 1.7937599421
-130.6366882324 96.9701614380 -45.9521255493 43.3353157043 0.0000000000 0.0000000000 8.2127761841 27.1291103363 1.7853747606
-130.6303863525 97.0236740112 -45.9535102844 43.3343887329 0.0000000000 0.0000000000 8.2117490768 27.1270122528 1.7851119041
-130.6578979492 96.9685134888 -45.9535942078 43.3345184326 0.0000000000 0.0000000000 8.2103834152 27.1361331940 1.7843574286
-130.6152191162 97.0531921387 -45.9529342651 43.3346099854 0.0000000000 0.0000000000 8.2121038437 27.1240596771 1.7876077890
-130.6002807617 97.0400695801 -45.9531288147 43.3344116211 0.0000000000 0.0000000000 8.2083711624 27.1186313629 1.7875881195
-130.5970611572 97.0853881836 -45.9533424377 43.3338203430 0.0000000000 0.0000000000 8.2073984146 27.1138553619 1.7902412415
-130.5786743164 97.0519485474 -45.9540977478 43.3332748413 0.0000000000 0.0000000000 8.2090234756 27.1178016663 1.7911567688
-130.5446319580 97.1283950806 -45.9528732300 43.3341484070 0.0000000000 0.0000000000 8.2140903473 27.1228790283 1.7884281874
-130.5417938232 97.0582962036 -45.9519882202 43.3346633911 0.0000000000 0.0000000000 8.2150287628 27.1240768433 1.7868191004
-130.5642089844 97.0750198364 -45.9522399902 43.3345985413 0.0000000000 0.0000000000 8.2117481232 27.1139698029 1.7878239155
-130.6146545410 96.9723892212 -45.9527320862 43.3343048096 0.0000000000 0.0000000000 8.2063226700 27.1135158539 1.7861287594
-130.6496887207 96.9561843872 -45.9531784058 43.3335151672 0.0000000000 0.0000000000 8.2137622833 27.1135044098 1.7821012735
-130.6681671143 96.9367370605 -45.9533729553 43.3327941895 0.0000000000 0.0000000000 8.2145538330 27.1283988953 1.7809240818
-130.8324737549 97.0367279053 -45.9527702332 43.3326644897 0.0000000000 0.0000000000 8.2199382782 27.1254405975 1.7791814804
-130.8359069824 96.9606170654 -45.9532203674 43.3331413269 0.0000000000 0.0000000000 8.2186918259 27.1427917480 1.7770208120
-130.8709869385 97.0405807495 -45.9527816772 43.3334808350 0.0000000000 0.0000000000 8.2232265472 27.1403160095 1.7759978771
-130.7424011230 96.9633560181 -45.9523239136 43.3336410522 0.0000000000 0.0000000000 8.2158718109 27.1401214600 1.7787137032
-130.9306182861 96.9907531738 -45.9528427124 43.3332862854 0.0000000000 0.0000000000 8.2250881195 27.1513385773 1.7743099928
-130.7966918945 96.9873733521 -45.9513854980 43.3333511353 0.0000000000 0.0000000000 8.2209043503 27.1521739960 1.7755419016
-130.8226928711 97.0073547363 -45.9525909424 43.3334503174 0.0000000000 0.0000000000 8.2227773666 27.1452617645 1.7755328417
-130.9190063477 96.9177703857 -45.9531631470 43.3324317932 0.0000000000 0.0000000000 8.2195072174 27.1550979614 1.7684062719
-130.8266601562 96.9801025391 -45.9530715942 43.3330154419 0.0000000000 0.0000000000 8.2244892120 27.1571331024 1.7750802040
-130.7738647461 97.0794448853 -45.9527549744 43.3329620361 0.0000000000 0.0000000000 8.2232398987 27.1641330719 1.7772940397
-130.7623748779 97.0017395020 -45.9525108337 43.3330192566 0.0000000000 0.0000000000 8.2240648270 27.1547145844 1.7782397270
-130.7412414551 97.0493698120 -45.9538955688 43.3329658508 0.0000000000 0.0000000000 8.2221479416 27.1641216278 1.7796436548
-130.7778320312 97.0240097046 -45.9531478882 43.3327522278 0.0000000000 0.0000000000 8.2234497070 27.1656799316 1.7789516449
-130.7673950195 96.9841156006 -45.9530792236 43.3325195312 0.0000000000 0.0000000000 8.2230958939 27.1740970612 1.7752358913
-130.7829437256 96.9864578247 -45.9536628723 43.3325042725 0.0000000000 0.0000000000 8.2258052826 27.1705017090 1.7706120014
-130.7458648682 97.0097732544 -45.9530715942 43.3320159912 0.0000000000 0.0000000000 8.2174682617 27.1784248352 1.7708718777
-130.7543334961 96.9852600098 -45.9536590576 43.3313102722 0.0000000000 0.0000000000 8.2209692001 27.1746158600 1.7723729610
-130.7495422363 97.0207061768 -45.9530372620 43.3318099976 0.0000000000 0.0000000000 8.2168998718 27.1715793610 1.7744644880
-130.7321319580 96.9755401611 -45.9526863098 43.3320388794 0.0000000000 0.0000000000 8.2179565430 27.1764373779 1.7723902464
-130.6391754150 96.9859848022 -45.9526977539 43.3322563171 0.0000000000 0.0000000000 8.2175550461 27.1741371155 1.7765201330
-130.7033996582 96.9984970093 -45.9529075623 43.3321571350 0.0000000000 0.0000000000 8.2187213898 27.1701068878 1.7769236565
-130.7000732422 97.0627441406 -45.9528770447 43.3329238892 0.0000000000 0.0000000000 8.2220811844 27.1698627472 1.7741304636
-130.7364501953 97.0621643066 -45.9533920288 43.3327445984 0.0000000000 0.0000000000 8.2241868973 27.1647834778 1.7729209661
-130.7280578613 97.0785675049 -45.9539680481 43.3317222595 0.0000000000 0.0000000000 8.2239942551 27.1726665497 1.7727693319
-130.6701965332 97.0521469116 -45.9537734985 43.3317413330 0.0000000000 0.0000000000 8.2284650803 27.1726512909 1.7698768377
-130.6525726318 97.0581512451 -45.9532623291 43.3311157227 0.0000000000 0.0000000000 8.2270727158 27.1623573303 1.7708587646
