{
  "advection_DO": {
    "method": "DO",
    "errors": {
      "E[u]_relL2": 44.98492724443762,
      "Var[u]_relL2": 1.144711553210973,
      "E[u]_ubar_relL2": 286.4504355424124,
      "A_pred": [
        2.873817205429077,
        -2.03116512298584
      ],
      "mean_pred_at_0": -0.008342658647894859,
      "mean_exact_at_0": -0.0006709003878719196
    },
    "training_time": 912.9635303020477,
    "n_epochs": 80000,
    "best_loss": 4.287241608835757e-05
  },
  "advection_BO": {
    "method": "BO",
    "errors": {
      "E[u]_relL2": 16.31923016202275,
      "Var[u]_relL2": 0.8625915214627519,
      "E[u]_ubar_relL2": 386.5619677355352,
      "A_pred": [
        -2.618640899658203,
        -1.4801843166351318
      ],
      "mean_pred_at_0": -0.006455892053246498,
      "mean_exact_at_0": -0.0006709003878719196
    },
    "training_time": 949.6750903129578,
    "n_epochs": 80000,
    "best_loss": 3.704241680679843e-05
  },
  "burgers_DO": {
    "E[u]_relL2": 14.085045011235668,
    "Var[u]_relL2": 20.059815608997468,
    "A_pred": [
      20.001117706298828,
      -20.820274353027344
    ],
    "A_exact": [
      2.6586807763582714,
      4.4311346272637895
    ],
    "total_training_time": 2772.0972492694855
  },
  "burgers_BO": {
    "E[u]_relL2": 13.573469560023776,
    "Var[u]_relL2": 18.037640474928388,
    "A_pred": [
      -23.64344024658203,
      18.889812469482422
    ],
    "A_exact": [
      2.6586807763582714,
      4.4311346272637895
    ],
    "total_training_time": 2702.298733472824
  }
}