astA:1:AF161000	CP037943.1	94.845	97	5	0	21	117	171414	171318	6.73e-38	152	117	5689156	83
astA:2:AF161001	CP037943.1	95.876	97	4	0	21	117	171414	171318	1.45e-39	158	117	5689156	83
astA:3:AB042005	CP037943.1	97.938	97	2	0	21	117	171414	171318	6.68e-43	169	117	5689156	83
astA:4:AB042002	CP037943.1	96.907	97	3	0	21	117	171414	171318	3.11e-41	163	117	5689156	83
astA:5:AF160998	CP037943.1	96.907	97	3	0	21	117	171414	171318	3.11e-41	163	117	5689156	83
astA:6:AY545598	CP037943.1	95.876	97	4	0	21	117	171414	171318	1.45e-39	158	117	5689156	83
astA:7:AF411067	CP037943.1	96.907	97	3	0	21	117	171414	171318	3.11e-41	163	117	5689156	83
astA:8:HM099897	CP037943.1	100.000	97	0	0	21	117	171414	171318	3.09e-46	180	117	5689156	83
astA:9:AF160995	CP037943.1	96.907	97	3	0	21	117	171414	171318	3.11e-41	163	117	5689156	83
astA:10:L11241	CP037943.1	95.876	97	4	0	21	117	171414	171318	1.45e-39	158	117	5689156	83
astA:11:HM099896	CP037943.1	98.969	97	1	0	21	117	171414	171318	1.44e-44	174	117	5689156	83
cif:1:AY128537	CP037943.1	99.764	849	1	1	1	849	5038732	5039579	0.0	1555	849	5689156	100
cif:2:AY128535	CP037943.1	99.882	849	0	1	1	849	5038732	5039579	0.0	1561	849	5689156	100
cif:3:AF497476	CP037943.1	99.647	849	2	1	1	849	5038732	5039579	0.0	1550	849	5689156	100
cif:4:AB426049	CP037943.1	99.529	849	3	1	1	849	5038732	5039579	0.0	1544	849	5689156	100
eae-a01-alpha_1:1:NJZM01000013	CP037943.1	92.179	2097	158	6	1	2094	3758997	3761090	0.0	2959	2820	5689156	74
eae-a02-alpha_2:2:AJ744865	CP037943.1	92.225	2058	158	2	1	2057	3758997	3761053	0.0	2913	2820	5689156	73
eae-a03-zeta:3:AJ298279	CP037943.1	91.930	2057	166	0	1	2057	3758997	3761053	0.0	2880	2817	5689156	73
eae-a04-zeta:4:AARNEL010000006	CP037943.1	92.465	2057	155	0	1	2057	3758997	3761053	0.0	2940	2817	5689156	73
eae-a05a-nu:5:AJ705050	CP037943.1	91.072	2061	176	7	1	2057	3758997	3761053	0.0	2780	2823	5689156	73
eae-a05b-nu:6:FJ609831	CP037943.1	91.452	2059	172	4	1	2057	3758997	3761053	0.0	2824	2823	5689156	73
eae-a06-omicron:7:AARBBB010000008	CP037943.1	90.869	2059	184	4	1	2057	3758997	3761053	0.0	2758	2820	5689156	73
eae-a07-tau:8:AY696839	CP037943.1	90.587	2061	186	7	1	2057	3758997	3761053	0.0	2724	2820	5689156	73
eae-a08-alpha_8:9:BJCW01000003	CP037943.1	98.056	2058	38	2	1	2057	3758997	3761053	0.0	3578	2820	5689156	73
eae-a09-alpha_9:10:AB647400	CP037943.1	91.845	2060	162	5	1	2057	3758997	3761053	0.0	2868	2820	5689156	73
eae-a10-alpha_10:11:AB647368	CP037943.1	99.078	2060	19	0	1	2060	3758997	3761056	0.0	3699	2820	5689156	73
eae-a11-alpha_11:12:AB647555	CP037943.1	98.544	2060	30	0	1	2060	3758997	3761056	0.0	3639	2820	5689156	73
eae-a12-alpha_12:13:AAXEHH010000112	CP037943.1	94.272	2060	118	0	1	2060	3758997	3761056	0.0	3151	2817	5689156	73
eae-a13a-alpha_13:14:CP030783	CP037943.1	98.398	2060	33	0	1	2060	3758997	3761056	0.0	3622	2817	5689156	73
eae-a13b-alpha_13:15:BJWP01000035	CP037943.1	98.252	2060	36	0	1	2060	3758997	3761056	0.0	3605	2817	5689156	73
eae-a14-alpha_14:16:AATFCM010000008	CP037943.1	98.397	2058	31	2	1	2057	3758997	3761053	0.0	3616	2820	5689156	73
eae-a15-alpha_15:17:ERR273769	CP037943.1	92.621	2060	152	0	1	2060	3758997	3761056	0.0	2963	2820	5689156	73
eae-a16-alpha_16:18:DADJDF010000010	CP037943.1	92.222	2057	160	0	1	2057	3758997	3761053	0.0	2913	2820	5689156	73
eae-a17-alpha_17:19:LC426072	CP037943.1	91.752	2061	168	2	1	2060	3758997	3761056	0.0	2863	2817	5689156	73
eae-a18-alpha_18:20:LC504588	CP037943.1	92.532	2062	150	3	1	2060	3758997	3761056	0.0	2952	2820	5689156	73
eae-b01a-beta_1a:21:U60002	CP037943.1	99.929	2820	2	0	1	2820	3758997	3761816	0.0	5197	2820	5689156	100
eae-b01b-beta_1b:22:AATQFG010000022	CP037943.1	99.326	2820	19	0	1	2820	3758997	3761816	0.0	5103	2820	5689156	100
eae-b02a-beta_2a:23:AJ715407	CP037943.1	90.893	2822	253	4	1	2820	3758997	3761816	0.0	3784	2820	5689156	100
eae-b02b-beta_2b:24:CADHMX010000105	CP037943.1	90.928	2822	252	4	1	2820	3758997	3761816	0.0	3790	2820	5689156	100
eae-b03-beta_3:25:AAUHQQ010000038	CP037943.1	96.566	2825	87	10	1	2820	3758997	3761816	0.0	4671	2820	5689156	100
eae-b06-beta_4:28:AARRKO010000206	CP037943.1	99.220	2822	15	4	1	2817	3758997	3761816	0.0	5083	2817	5689156	100
eae-b07-beta_7:29:AAXEUQ010000116	CP037943.1	99.255	2820	21	0	1	2820	3758997	3761816	0.0	5092	2820	5689156	100
eae-e01-epsilon_1:31:AJ303141	CP037943.1	98.397	2058	33	0	1	2058	3758997	3761054	0.0	3618	2847	5689156	72
eae-e02-epsilon_2:32:AB647369	CP037943.1	93.149	2058	141	0	1	2058	3758997	3761054	0.0	3020	2847	5689156	72
eae-e03a-epsilon_3:33:AATIGE010000010	CP037943.1	98.008	2058	41	0	1	2058	3758997	3761054	0.0	3574	2847	5689156	72
eae-e03b-epsilon_3:34:BJCZ01000012	CP037943.1	98.591	2058	29	0	1	2058	3758997	3761054	0.0	3640	2847	5689156	72
eae-e04-epsilon_4:35:BBVQ01000011	CP037943.1	99.077	2058	19	0	1	2058	3758997	3761054	0.0	3696	2847	5689156	72
eae-e05-eta_1:36:AJ308550	CP037943.1	91.938	2059	164	2	1	2058	3758997	3761054	0.0	2881	2847	5689156	72
eae-e06-eta_2:37:DABSPF010000009	CP037943.1	92.666	2059	149	2	1	2058	3758997	3761054	0.0	2964	2847	5689156	72
eae-e07-xi:38:CP024134	CP037943.1	98.251	2058	36	0	1	2058	3758997	3761054	0.0	3602	2847	5689156	72
eae-e08-pi:39:FJ609811	CP037943.1	93.635	2058	131	0	1	2058	3758997	3761054	0.0	3075	2847	5689156	72
eae-e09-epsilon_9:40:BJWQ01000081	CP037943.1	92.233	2060	156	3	1	2058	3758997	3761054	0.0	2915	2847	5689156	72
eae-e10-epsilon_10:41:LC504614	CP037943.1	91.695	2059	169	2	1	2058	3758997	3761054	0.0	2854	2847	5689156	72
eae-e11-epsilon_11:42:AAVTRN010000025	CP037943.1	98.008	2058	41	0	1	2058	3758997	3761054	0.0	3574	2847	5689156	72
eae-e12-eta_2:43:AATEXV010000009	CP037943.1	93.392	2058	136	0	1	2058	3758997	3761054	0.0	3048	2847	5689156	72
eae-g01-gamma_1:44:AF071034	CP037943.1	92.711	2058	148	2	1	2057	3758997	3761053	0.0	2968	2805	5689156	73
eae-g02-theta:45:MRVY01000109	CP037943.1	94.380	2064	114	2	1	2063	3758997	3761059	0.0	3168	2820	5689156	73
eae-g03-mu:46:AAROTV010000005	CP037943.1	92.375	2059	153	4	1	2057	3758997	3761053	0.0	2929	2808	5689156	73
eae-g04-sigma:47:AJ781125	CP037943.1	97.716	2058	45	2	1	2057	3758997	3761053	0.0	3539	2808	5689156	73
eae-g05-gamma_5:48:BJWW01000038	CP037943.1	97.619	2058	47	2	1	2057	3758997	3761053	0.0	3528	2805	5689156	73
eae-g06-gamma_6:49:FJ609809	CP037943.1	93.100	2058	140	2	1	2057	3758997	3761053	0.0	3013	2808	5689156	73
eae-g07-gamma_7:50:FM872416	CP037943.1	92.114	2067	162	1	1	2066	3758997	3761063	0.0	2913	2808	5689156	74
eae-g08-gamma_8:51:AB647385	CP037943.1	91.121	2061	175	7	1	2057	3758997	3761053	0.0	2785	2811	5689156	73
eae-g09-gamma_9:52:DAFMFE010000234	CP037943.1	91.808	2063	167	2	1	2062	3758997	3761058	0.0	2872	2808	5689156	73
eae-i01-iota_1:53:AAWNDC010000008	CP037943.1	93.100	2058	140	2	1	2057	3758997	3761053	0.0	3013	2814	5689156	73
eae-i02b-iota_2:54:AY696842	CP037943.1	90.088	2038	194	7	1	2034	3758997	3761030	0.0	2638	2814	5689156	72
eae-i03-upsilon:55:FM872417	CP037943.1	94.215	2057	119	0	1	2057	3758997	3761053	0.0	3140	2814	5689156	73
eae-l01-lambda_1:56:AF530557	CP037943.1	93.003	2058	142	2	1	2057	3758997	3761053	0.0	3001	2817	5689156	73
eae-l02-lambda_2:57:AB647397	CP037943.1	91.015	2059	181	4	1	2057	3758997	3761053	0.0	2776	2817	5689156	73
eae-l03-lambda_3:58:AB647608	CP037943.1	98.105	2058	37	2	1	2057	3758997	3761053	0.0	3583	2817	5689156	73
eae-l04a-lambda_4:59:AEJY01000179	CP037943.1	97.473	2058	50	2	1	2057	3758997	3761053	0.0	3511	2817	5689156	73
eae-l04b-lambda_4:60:BJWO01000079	CP037943.1	97.911	2058	41	2	1	2057	3758997	3761053	0.0	3561	2817	5689156	73
eae-l05-lambda_5:61:BLJL01000150	CP037943.1	98.105	2058	37	2	1	2057	3758997	3761053	0.0	3583	2817	5689156	73
eae-r01-rho_1:62:AATAGH010000006	CP037943.1	91.691	2046	168	2	1	2045	3758997	3761041	0.0	2835	2829	5689156	72
eae-r02-rho_2:63:AM116755	CP037943.1	97.801	2046	43	2	1	2045	3758997	3761041	0.0	3528	2829	5689156	72
eae-r03-rho_3:64:FJ609818	CP037943.1	91.813	1991	161	2	1	1990	3758997	3760986	0.0	2772	2829	5689156	70
eae-r04-rho_4:65:DAFMGB010000271	CP037943.1	92.215	1991	153	2	1	1990	3758997	3760986	0.0	2817	2829	5689156	70
efa1:1:AY840983	CP037943.1	99.152	9672	82	0	1	9672	3779606	3769935	0.0	17407	9672	5689156	100
efa1:2:AJ133705	CP037943.1	98.635	9672	132	0	1	9672	3779606	3769935	0.0	17130	9672	5689156	100
efa1:3:FM180568	CP037943.1	98.656	9672	130	0	1	9672	3779606	3769935	0.0	17141	9672	5689156	100
efa1:4:AP010960	CP037943.1	98.677	9672	128	0	1	9672	3779606	3769935	0.0	17152	9672	5689156	100
efa1:5:AF159462	CP037943.1	98.666	9672	129	0	1	9672	3779606	3769935	0.0	17147	9672	5689156	100
efa1:6:AJ459584	CP037943.1	98.687	9672	127	0	1	9672	3779606	3769935	0.0	17158	9672	5689156	100
efa1:7:AP010958	CP037943.1	98.697	9672	126	0	1	9672	3779606	3769935	0.0	17163	9672	5689156	100
efa1:8:CP001846	CP037943.1	98.708	9672	125	0	1	9672	3779606	3769935	0.0	17169	9672	5689156	100
efa1:9:AF453441	CP037943.1	99.297	9672	68	0	1	9672	3779606	3769935	0.0	17485	9672	5689156	100
efa1:10:AJ303141	CP037943.1	99.969	9672	3	0	1	9672	3779606	3769935	0.0	17845	9672	5689156	100
efa1:11:AJ277443	CP037943.1	99.990	9672	1	0	1	9672	3779606	3769935	0.0	17856	9672	5689156	100
efa1:12:CP031922	CP037943.1	99.979	9672	2	0	1	9672	3779606	3769935	0.0	17850	9672	5689156	100
espA:8:AF064683	CP037943.1	98.618	579	5	3	1	576	3764507	3765085	0.0	1022	576	5689156	100
espA:9:AJ225015	CP037943.1	99.309	579	4	0	1	579	3764507	3765085	0.0	1048	579	5689156	100
espA:10:AJ225021	CP037943.1	99.482	579	3	0	1	579	3764507	3765085	0.0	1053	579	5689156	100
espA:11:AJ303141	CP037943.1	95.009	581	25	3	1	579	3764507	3765085	0.0	909	579	5689156	100
espA:12:AY223511	CP037943.1	95.009	581	25	3	1	579	3764507	3765085	0.0	909	579	5689156	100
espA:13:AF022236	CP037943.1	91.019	579	52	0	1	579	3764507	3765085	0.0	782	579	5689156	100
espA:14:AJ225019	CP037943.1	90.846	579	53	0	1	579	3764507	3765085	0.0	776	579	5689156	100
espA:15:AJ225020	CP037943.1	90.345	580	54	2	1	579	3764507	3765085	0.0	760	579	5689156	100
espA:16:FM986651	CP037943.1	90.172	580	55	2	1	579	3764507	3765085	0.0	754	579	5689156	100
espA:17:FM986652	CP037943.1	90.345	580	54	2	1	579	3764507	3765085	0.0	760	579	5689156	100
espA:18:AP010960	CP037943.1	90.690	580	52	2	1	579	3764507	3765085	0.0	771	579	5689156	100
espA:22:FM201463	CP037943.1	100.000	579	0	0	1	579	3764507	3765085	0.0	1070	579	5689156	100
espA:23:AJ225018	CP037943.1	99.827	579	1	0	1	579	3764507	3765085	0.0	1064	579	5689156	100
espB:7:AP010958	CP037943.1	99.683	945	3	0	1	945	3766261	3767205	0.0	1729	945	5689156	100
espB:8:AJ303141	CP037943.1	99.471	945	5	0	1	945	3766261	3767205	0.0	1718	945	5689156	100
espB:9:AB426060	CP037943.1	99.683	945	3	0	1	945	3766261	3767205	0.0	1729	945	5689156	100
espB:10:X99670	CP037943.1	99.788	945	2	0	1	945	3766261	3767205	0.0	1735	945	5689156	100
espB:11:Y13859	CP037943.1	99.788	945	2	0	1	945	3766261	3767205	0.0	1735	945	5689156	100
espB:12:ECU65681	CP037943.1	99.683	946	1	2	1	945	3766261	3767205	0.0	1729	945	5689156	100
espB:13:AF054421	CP037943.1	100.000	945	0	0	1	945	3766261	3767205	0.0	1746	945	5689156	100
espB:14:AP010953	CP037943.1	99.894	945	1	0	1	945	3766261	3767205	0.0	1740	945	5689156	100
espF:2:AF116900	CP037943.1	100.000	624	0	0	1	624	3768377	3769000	0.0	1153	624	5689156	100
espF:3:AP010958	CP037943.1	93.019	616	43	0	1	616	3768377	3768992	0.0	900	885	5689156	70
espF:4:AJ303141	CP037943.1	93.019	616	43	0	1	616	3768377	3768992	0.0	900	885	5689156	70
espJ:1:AB303060	CP037943.1	100.000	654	0	0	1	654	5045332	5044679	0.0	1208	654	5689156	100
espJ:1:AB303060	CP037943.1	99.235	654	5	0	1	654	5406865	5406212	0.0	1181	654	5689156	100
espP:1:HM138194	CP037944.1	99.974	3903	1	0	1	3903	43074	46976	0.0	7203	3903	88848	100
espP:2:AY258503	CP037944.1	99.206	3903	31	0	1	3903	43074	46976	0.0	7036	3903	88848	100
espP:3:GQ259888	CP037944.1	100.000	3903	0	0	1	3903	43074	46976	0.0	7208	3903	88848	100
espP:4:AB011549	CP037944.1	99.872	3903	5	0	1	3903	43074	46976	0.0	7180	3903	88848	100
fimH:1:NA	CP037943.1	96.728	489	16	0	1	489	3996662	3997150	0.0	815	489	5689156	100
fimH:2:NA	CP037943.1	96.728	489	16	0	1	489	3996662	3997150	0.0	815	489	5689156	100
fimH:3:NA	CP037943.1	96.524	489	17	0	1	489	3996662	3997150	0.0	809	489	5689156	100
fimH:4:NA	CP037943.1	96.524	489	17	0	1	489	3996662	3997150	0.0	809	489	5689156	100
fimH:5:NA	CP037943.1	96.728	489	16	0	1	489	3996662	3997150	0.0	815	489	5689156	100
fimH:6:NA	CP037943.1	96.524	489	17	0	1	489	3996662	3997150	0.0	809	489	5689156	100
fimH:7:NA	CP037943.1	96.524	489	17	0	1	489	3996662	3997150	0.0	809	489	5689156	100
fimH:8:NA	CP037943.1	96.531	490	16	1	1	489	3996662	3997151	0.0	809	489	5689156	100
fimH:9:NA	CP037943.1	95.910	489	20	0	1	489	3996662	3997150	0.0	793	489	5689156	100
fimH:10:NA	CP037943.1	95.893	487	20	0	1	487	3996662	3997148	0.0	789	489	5689156	99
fimH:11:NA	CP037943.1	95.706	489	21	0	1	489	3996662	3997150	0.0	787	489	5689156	100
fimH:12:NA	CP037943.1	96.115	489	19	0	1	489	3996662	3997150	0.0	798	489	5689156	100
fimH:13:NA	CP037943.1	95.706	489	21	0	1	489	3996662	3997150	0.0	787	489	5689156	100
fimH:14:NA	CP037943.1	96.319	489	18	0	1	489	3996662	3997150	0.0	804	489	5689156	100
fimH:15:NA	CP037943.1	96.115	489	19	0	1	489	3996662	3997150	0.0	798	489	5689156	100
fimH:16:NA	CP037943.1	95.910	489	20	0	1	489	3996662	3997150	0.0	793	489	5689156	100
fimH:17:NA	CP037943.1	95.706	489	21	0	1	489	3996662	3997150	0.0	787	489	5689156	100
fimH:18:NA	CP037943.1	95.910	489	20	0	1	489	3996662	3997150	0.0	793	489	5689156	100
fimH:19:NA	CP037943.1	95.706	489	21	0	1	489	3996662	3997150	0.0	787	489	5689156	100
fimH:20:NA	CP037943.1	96.728	489	16	0	1	489	3996662	3997150	0.0	815	489	5689156	100
fimH:21:NA	CP037943.1	96.933	489	15	0	1	489	3996662	3997150	0.0	821	489	5689156	100
fimH:22:NA	CP037943.1	96.728	489	16	0	1	489	3996662	3997150	0.0	815	489	5689156	100
fimH:23:NA	CP037943.1	99.591	489	2	0	1	489	3996662	3997150	0.0	893	489	5689156	100
fimH:24:NA	CP037943.1	99.796	489	1	0	1	489	3996662	3997150	0.0	898	489	5689156	100
fimH:25:NA	CP037943.1	99.387	489	3	0	1	489	3996662	3997150	0.0	887	489	5689156	100
fimH:26:NA	CP037943.1	99.182	489	4	0	1	489	3996662	3997150	0.0	881	489	5689156	100
fimH:27:NA	CP037943.1	99.182	489	4	0	1	489	3996662	3997150	0.0	881	489	5689156	100
fimH:28:NA	CP037943.1	98.978	489	5	0	1	489	3996662	3997150	0.0	876	489	5689156	100
fimH:29:NA	CP037943.1	98.978	489	5	0	1	489	3996662	3997150	0.0	876	489	5689156	100
fimH:30:NA	CP037943.1	97.751	489	11	0	1	489	3996662	3997150	0.0	843	489	5689156	100
fimH:31:NA	CP037943.1	98.364	489	8	0	1	489	3996662	3997150	0.0	859	489	5689156	100
fimH:32:NA	CP037943.1	98.160	489	9	0	1	489	3996662	3997150	0.0	854	489	5689156	100
fimH:33:NA	CP037943.1	98.569	489	7	0	1	489	3996662	3997150	0.0	865	489	5689156	100
fimH:34:NA	CP037943.1	97.955	489	10	0	1	489	3996662	3997150	0.0	848	489	5689156	100
fimH:35:NA	CP037943.1	98.364	489	8	0	1	489	3996662	3997150	0.0	859	489	5689156	100
fimH:36:NA	CP037943.1	97.955	489	10	0	1	489	3996662	3997150	0.0	848	489	5689156	100
fimH:37:NA	CP037943.1	97.955	489	10	0	1	489	3996662	3997150	0.0	848	489	5689156	100
fimH:38:NA	CP037943.1	98.364	489	8	0	1	489	3996662	3997150	0.0	859	489	5689156	100
fimH:39:NA	CP037943.1	98.160	489	9	0	1	489	3996662	3997150	0.0	854	489	5689156	100
fimH:40:NA	CP037943.1	97.955	489	10	0	1	489	3996662	3997150	0.0	848	489	5689156	100
fimH:41:NA	CP037943.1	98.364	489	8	0	1	489	3996662	3997150	0.0	859	489	5689156	100
fimH:42:NA	CP037943.1	98.160	489	9	0	1	489	3996662	3997150	0.0	854	489	5689156	100
fimH:43:NA	CP037943.1	98.364	489	8	0	1	489	3996662	3997150	0.0	859	489	5689156	100
fimH:44:NA	CP037943.1	97.955	489	10	0	1	489	3996662	3997150	0.0	848	489	5689156	100
fimH:45:NA	CP037943.1	98.569	489	7	0	1	489	3996662	3997150	0.0	865	489	5689156	100
fimH:46:NA	CP037943.1	98.978	489	5	0	1	489	3996662	3997150	0.0	876	489	5689156	100
fimH:47:NA	CP037943.1	98.160	489	9	0	1	489	3996662	3997150	0.0	854	489	5689156	100
fimH:48:NA	CP037943.1	98.160	489	9	0	1	489	3996662	3997150	0.0	854	489	5689156	100
fimH:49:NA	CP037943.1	98.160	489	9	0	1	489	3996662	3997150	0.0	854	489	5689156	100
fimH:50:NA	CP037943.1	97.751	489	11	0	1	489	3996662	3997150	0.0	843	489	5689156	100
fimH:51:NA	CP037943.1	97.342	489	13	0	1	489	3996662	3997150	0.0	832	489	5689156	100
fimH:52:NA	CP037943.1	97.137	489	14	0	1	489	3996662	3997150	0.0	826	489	5689156	100
fimH:53:NA	CP037943.1	97.955	489	10	0	1	489	3996662	3997150	0.0	848	489	5689156	100
fimH:54:NA	CP037943.1	97.751	489	11	0	1	489	3996662	3997150	0.0	843	489	5689156	100
fimH:55:NA	CP037943.1	97.546	489	12	0	1	489	3996662	3997150	0.0	837	489	5689156	100
fimH:56:NA	CP037943.1	97.737	486	11	0	1	486	3996662	3997147	0.0	837	489	5689156	99
fimH:57:NA	CP037943.1	97.955	489	10	0	1	489	3996662	3997150	0.0	848	489	5689156	100
fimH:58:NA	CP037943.1	97.546	489	12	0	1	489	3996662	3997150	0.0	837	489	5689156	100
fimH:60:NA	CP037943.1	98.569	489	7	0	1	489	3996662	3997150	0.0	865	489	5689156	100
fimH:61:NA	CP037943.1	98.773	489	6	0	1	489	3996662	3997150	0.0	870	489	5689156	100
fimH:62:NA	CP037943.1	97.955	489	10	0	1	489	3996662	3997150	0.0	848	489	5689156	100
fimH:63:NA	CP037943.1	98.569	489	7	0	1	489	3996662	3997150	0.0	865	489	5689156	100
fimH:64:NA	CP037943.1	98.978	489	5	0	1	489	3996662	3997150	0.0	876	489	5689156	100
fimH:65:NA	CP037943.1	98.160	489	9	0	1	489	3996662	3997150	0.0	854	489	5689156	100
fimH:66:NA	CP037943.1	96.524	489	17	0	1	489	3996662	3997150	0.0	809	489	5689156	100
fimH:67:NA	CP037943.1	96.319	489	18	0	1	489	3996662	3997150	0.0	804	489	5689156	100
fimH:68:NA	CP037943.1	97.751	489	11	0	1	489	3996662	3997150	0.0	843	489	5689156	100
fimH:69:NA	CP037943.1	97.751	489	11	0	1	489	3996662	3997150	0.0	843	489	5689156	100
fimH:70:NA	CP037943.1	95.706	489	21	0	1	489	3996662	3997150	0.0	787	489	5689156	100
fimH:71:NA	CP037943.1	95.706	489	21	0	1	489	3996662	3997150	0.0	787	489	5689156	100
fimH:72:NA	CP037943.1	95.706	489	21	0	1	489	3996662	3997150	0.0	787	489	5689156	100
fimH:73:NA	CP037943.1	95.706	489	21	0	1	489	3996662	3997150	0.0	787	489	5689156	100
fimH:74:NA	CP037943.1	95.501	489	22	0	1	489	3996662	3997150	0.0	782	489	5689156	100
fimH:75:NA	CP037943.1	95.910	489	20	0	1	489	3996662	3997150	0.0	793	489	5689156	100
fimH:76:NA	CP037943.1	96.115	489	19	0	1	489	3996662	3997150	0.0	798	489	5689156	100
fimH:77:NA	CP037943.1	96.728	489	16	0	1	489	3996662	3997150	0.0	815	489	5689156	100
fimH:78:NA	CP037943.1	96.115	489	19	0	1	489	3996662	3997150	0.0	798	489	5689156	100
fimH:79:NA	CP037943.1	98.364	489	8	0	1	489	3996662	3997150	0.0	859	489	5689156	100
fimH:82:NA	CP037943.1	98.160	489	9	0	1	489	3996662	3997150	0.0	854	489	5689156	100
fimH:83:NA	CP037943.1	96.524	489	17	0	1	489	3996662	3997150	0.0	809	489	5689156	100
fimH:84:NA	CP037943.1	98.160	489	9	0	1	489	3996662	3997150	0.0	854	489	5689156	100
fimH:85:NA	CP037943.1	96.319	489	18	0	1	489	3996662	3997150	0.0	804	489	5689156	100
fimH:86:NA	CP037943.1	97.955	489	10	0	1	489	3996662	3997150	0.0	848	489	5689156	100
fimH:87:NA	CP037943.1	98.569	489	7	0	1	489	3996662	3997150	0.0	865	489	5689156	100
fimH:88:NA	CP037943.1	96.319	489	18	0	1	489	3996662	3997150	0.0	804	489	5689156	100
fimH:89:NA	CP037943.1	98.160	489	9	0	1	489	3996662	3997150	0.0	854	489	5689156	100
fimH:90:NA	CP037943.1	97.751	489	11	0	1	489	3996662	3997150	0.0	843	489	5689156	100
fimH:91:NA	CP037943.1	98.160	489	9	0	1	489	3996662	3997150	0.0	854	489	5689156	100
fimH:92:NA	CP037943.1	97.546	489	12	0	1	489	3996662	3997150	0.0	837	489	5689156	100
fimH:93:NA	CP037943.1	97.955	489	10	0	1	489	3996662	3997150	0.0	848	489	5689156	100
fimH:94:NA	CP037943.1	97.751	489	11	0	1	489	3996662	3997150	0.0	843	489	5689156	100
fimH:95:NA	CP037943.1	98.160	489	9	0	1	489	3996662	3997150	0.0	854	489	5689156	100
fimH:96:NA	CP037943.1	98.569	489	7	0	1	489	3996662	3997150	0.0	865	489	5689156	100
fimH:97:NA	CP037943.1	98.364	489	8	0	1	489	3996662	3997150	0.0	859	489	5689156	100
fimH:98:NA	CP037943.1	96.319	489	18	0	1	489	3996662	3997150	0.0	804	489	5689156	100
fimH:99:NA	CP037943.1	97.546	489	12	0	1	489	3996662	3997150	0.0	837	489	5689156	100
fimH:100:NA	CP037943.1	96.524	489	17	0	1	489	3996662	3997150	0.0	809	489	5689156	100
fimH:101:NA	CP037943.1	96.509	487	17	0	1	487	3996662	3997148	0.0	806	489	5689156	99
fimH:102:NA	CP037943.1	95.706	489	21	0	1	489	3996662	3997150	0.0	787	489	5689156	100
fimH:103:NA	CP037943.1	95.706	489	21	0	1	489	3996662	3997150	0.0	787	489	5689156	100
fimH:104:NA	CP037943.1	95.706	489	21	0	1	489	3996662	3997150	0.0	787	489	5689156	100
fimH:105:NA	CP037943.1	95.501	489	22	0	1	489	3996662	3997150	0.0	782	489	5689156	100
fimH:106:NA	CP037943.1	96.509	487	17	0	1	487	3996662	3997148	0.0	806	489	5689156	99
fimH:107:NA	CP037943.1	96.115	489	19	0	1	489	3996662	3997150	0.0	798	489	5689156	100
fimH:108:NA	CP037943.1	98.160	489	9	0	1	489	3996662	3997150	0.0	854	489	5689156	100
fimH:109:NA	CP037943.1	97.546	489	12	0	1	489	3996662	3997150	0.0	837	489	5689156	100
fimH:110:NA	CP037943.1	98.160	489	9	0	1	489	3996662	3997150	0.0	854	489	5689156	100
fimH:111:NA	CP037943.1	97.546	489	12	0	1	489	3996662	3997150	0.0	837	489	5689156	100
fimH:112:NA	CP037943.1	95.706	489	21	0	1	489	3996662	3997150	0.0	787	489	5689156	100
fimH:113:NA	CP037943.1	95.910	489	20	0	1	489	3996662	3997150	0.0	793	489	5689156	100
fimH:114:NA	CP037943.1	96.115	489	19	0	1	489	3996662	3997150	0.0	798	489	5689156	100
fimH:115:NA	CP037943.1	96.524	489	17	0	1	489	3996662	3997150	0.0	809	489	5689156	100
fimH:116:NA	CP037943.1	96.524	489	17	0	1	489	3996662	3997150	0.0	809	489	5689156	100
fimH:117:NA	CP037943.1	96.524	489	17	0	1	489	3996662	3997150	0.0	809	489	5689156	100
fimH:118:NA	CP037943.1	95.688	487	21	0	1	487	3996662	3997148	0.0	784	489	5689156	99
fimH:119:NA	CP037943.1	95.706	489	21	0	1	489	3996662	3997150	0.0	787	489	5689156	100
fimH:120:NA	CP037943.1	96.524	489	17	0	1	489	3996662	3997150	0.0	809	489	5689156	100
fimH:121:NA	CP037943.1	98.160	489	9	0	1	489	3996662	3997150	0.0	854	489	5689156	100
fimH:122:NA	CP037943.1	99.591	489	2	0	1	489	3996662	3997150	0.0	893	489	5689156	100
fimH:123:NA	CP037943.1	98.160	489	9	0	1	489	3996662	3997150	0.0	854	489	5689156	100
fimH:124:NA	CP037943.1	98.160	489	9	0	1	489	3996662	3997150	0.0	854	489	5689156	100
fimH:125:NA	CP037943.1	98.160	489	9	0	1	489	3996662	3997150	0.0	854	489	5689156	100
fimH:126:NA	CP037943.1	96.319	489	18	0	1	489	3996662	3997150	0.0	804	489	5689156	100
fimH:127:NA	CP037943.1	97.955	489	10	0	1	489	3996662	3997150	0.0	848	489	5689156	100
fimH:128:NA	CP037943.1	95.501	489	22	0	1	489	3996662	3997150	0.0	782	489	5689156	100
fimH:129:NA	CP037943.1	96.319	489	18	0	1	489	3996662	3997150	0.0	804	489	5689156	100
fimH:130:NA	CP037943.1	96.524	489	17	0	1	489	3996662	3997150	0.0	809	489	5689156	100
fimH:131:NA	CP037943.1	96.728	489	16	0	1	489	3996662	3997150	0.0	815	489	5689156	100
fimH:132:NA	CP037943.1	96.728	489	16	0	1	489	3996662	3997150	0.0	815	489	5689156	100
fimH:133:NA	CP037943.1	97.955	489	10	0	1	489	3996662	3997150	0.0	848	489	5689156	100
fimH:134:NA	CP037943.1	98.978	489	5	0	1	489	3996662	3997150	0.0	876	489	5689156	100
fimH:135:NA	CP037943.1	96.933	489	15	0	1	489	3996662	3997150	0.0	821	489	5689156	100
fimH:136:NA	CP037943.1	96.933	489	15	0	1	489	3996662	3997150	0.0	821	489	5689156	100
fimH:137:NA	CP037943.1	98.160	489	9	0	1	489	3996662	3997150	0.0	854	489	5689156	100
fimH:138:NA	CP037943.1	97.751	489	11	0	1	489	3996662	3997150	0.0	843	489	5689156	100
fimH:139:NA	CP037943.1	95.277	487	23	0	1	487	3996662	3997148	0.0	773	489	5689156	99
fimH:140:NA	CP037943.1	96.933	489	15	0	1	489	3996662	3997150	0.0	821	489	5689156	100
fimH:141:NA	CP037943.1	98.569	489	7	0	1	489	3996662	3997150	0.0	865	489	5689156	100
fimH:142:NA	CP037943.1	98.978	489	5	0	1	489	3996662	3997150	0.0	876	489	5689156	100
fimH:143:NA	CP037943.1	98.978	489	5	0	1	489	3996662	3997150	0.0	876	489	5689156	100
fimH:144:NA	CP037943.1	96.524	489	17	0	1	489	3996662	3997150	0.0	809	489	5689156	100
fimH:145:NA	CP037943.1	97.955	489	10	0	1	489	3996662	3997150	0.0	848	489	5689156	100
fimH:146:NA	CP037943.1	95.706	489	21	0	1	489	3996662	3997150	0.0	787	489	5689156	100
fimH:147:NA	CP037943.1	96.319	489	18	0	1	489	3996662	3997150	0.0	804	489	5689156	100
fimH:148:NA	CP037943.1	96.524	489	17	0	1	489	3996662	3997150	0.0	809	489	5689156	100
fimH:149:NA	CP037943.1	98.160	489	9	0	1	489	3996662	3997150	0.0	854	489	5689156	100
fimH:150:NA	CP037943.1	92.025	489	39	0	1	489	3996662	3997150	0.0	688	489	5689156	100
fimH:151:NA	CP037943.1	98.364	489	8	0	1	489	3996662	3997150	0.0	859	489	5689156	100
fimH:152:NA	CP037943.1	97.342	489	13	0	1	489	3996662	3997150	0.0	832	489	5689156	100
fimH:153:NA	CP037943.1	96.933	489	15	0	1	489	3996662	3997150	0.0	821	489	5689156	100
fimH:154:NA	CP037943.1	96.524	489	17	0	1	489	3996662	3997150	0.0	809	489	5689156	100
fimH:155:NA	CP037943.1	96.524	489	17	0	1	489	3996662	3997150	0.0	809	489	5689156	100
fimH:156:NA	CP037943.1	96.509	487	17	0	1	487	3996662	3997148	0.0	806	489	5689156	99
fimH:157:NA	CP037943.1	98.569	489	7	0	1	489	3996662	3997150	0.0	865	489	5689156	100
fimH:158:NA	CP037943.1	97.955	489	10	0	1	489	3996662	3997150	0.0	848	489	5689156	100
fimH:159:NA	CP037943.1	98.364	489	8	0	1	489	3996662	3997150	0.0	859	489	5689156	100
fimH:160:NA	CP037943.1	92.434	489	37	0	1	489	3996662	3997150	0.0	699	489	5689156	100
fimH:161:NA	CP037943.1	96.524	489	17	0	1	489	3996662	3997150	0.0	809	489	5689156	100
fimH:162:NA	CP037943.1	96.524	489	17	0	1	489	3996662	3997150	0.0	809	489	5689156	100
fimH:164:NA	CP037943.1	97.546	489	12	0	1	489	3996662	3997150	0.0	837	489	5689156	100
fimH:165:NA	CP037943.1	97.546	489	12	0	1	489	3996662	3997150	0.0	837	489	5689156	100
fimH:166:NA	CP037943.1	98.978	489	5	0	1	489	3996662	3997150	0.0	876	489	5689156	100
fimH:167:NA	CP037943.1	99.182	489	4	0	1	489	3996662	3997150	0.0	881	489	5689156	100
fimH:168:NA	CP037943.1	97.751	489	11	0	1	489	3996662	3997150	0.0	843	489	5689156	100
fimH:169:NA	CP037943.1	97.955	489	10	0	1	489	3996662	3997150	0.0	848	489	5689156	100
fimH:170:NA	CP037943.1	97.751	489	11	0	1	489	3996662	3997150	0.0	843	489	5689156	100
fimH:171:NA	CP037943.1	97.955	489	10	0	1	489	3996662	3997150	0.0	848	489	5689156	100
fimH:172:NA	CP037943.1	97.751	489	11	0	1	489	3996662	3997150	0.0	843	489	5689156	100
fimH:173:NA	CP037943.1	96.524	489	17	0	1	489	3996662	3997150	0.0	809	489	5689156	100
fimH:174:NA	CP037943.1	96.524	489	17	0	1	489	3996662	3997150	0.0	809	489	5689156	100
fimH:175:NA	CP037943.1	96.319	489	18	0	1	489	3996662	3997150	0.0	804	489	5689156	100
fimH:176:NA	CP037943.1	96.728	489	16	0	1	489	3996662	3997150	0.0	815	489	5689156	100
fimH:177:NA	CP037943.1	96.531	490	15	2	1	489	3996662	3997150	0.0	809	489	5689156	100
fimH:178:NA	CP037943.1	96.319	489	18	0	1	489	3996662	3997150	0.0	804	489	5689156	100
fimH:179:NA	CP037943.1	96.524	489	17	0	1	489	3996662	3997150	0.0	809	489	5689156	100
fimH:180:NA	CP037943.1	96.715	487	16	0	1	487	3996662	3997148	0.0	811	489	5689156	99
fimH:181:NA	CP037943.1	96.728	489	16	0	1	489	3996662	3997150	0.0	815	489	5689156	100
fimH:182:NA	CP037943.1	96.524	489	17	0	1	489	3996662	3997150	0.0	809	489	5689156	100
fimH:183:NA	CP037943.1	95.706	489	21	0	1	489	3996662	3997150	0.0	787	489	5689156	100
fimH:184:NA	CP037943.1	95.688	487	21	0	1	487	3996662	3997148	0.0	784	489	5689156	99
fimH:185:NA	CP037943.1	95.706	489	21	0	1	489	3996662	3997150	0.0	787	489	5689156	100
fimH:186:NA	CP037943.1	96.524	489	17	0	1	489	3996662	3997150	0.0	809	489	5689156	100
fimH:187:NA	CP037943.1	96.115	489	19	0	1	489	3996662	3997150	0.0	798	489	5689156	100
fimH:189:NA	CP037943.1	98.160	489	9	0	1	489	3996662	3997150	0.0	854	489	5689156	100
fimH:190:NA	CP037943.1	98.160	489	9	0	1	489	3996662	3997150	0.0	854	489	5689156	100
fimH:191:NA	CP037943.1	97.751	489	11	0	1	489	3996662	3997150	0.0	843	489	5689156	100
fimH:192:NA	CP037943.1	98.364	489	8	0	1	489	3996662	3997150	0.0	859	489	5689156	100
fimH:193:NA	CP037943.1	98.160	489	9	0	1	489	3996662	3997150	0.0	854	489	5689156	100
fimH:194:NA	CP037943.1	98.364	489	8	0	1	489	3996662	3997150	0.0	859	489	5689156	100
fimH:195:NA	CP037943.1	98.364	489	8	0	1	489	3996662	3997150	0.0	859	489	5689156	100
fimH:196:NA	CP037943.1	97.546	489	12	0	1	489	3996662	3997150	0.0	837	489	5689156	100
fimH:197:NA	CP037943.1	97.546	489	12	0	1	489	3996662	3997150	0.0	837	489	5689156	100
fimH:198:NA	CP037943.1	97.546	489	12	0	1	489	3996662	3997150	0.0	837	489	5689156	100
fimH:199:NA	CP037943.1	97.955	489	10	0	1	489	3996662	3997150	0.0	848	489	5689156	100
fimH:201:NA	CP037943.1	96.524	489	17	0	1	489	3996662	3997150	0.0	809	489	5689156	100
fimH:202:NA	CP037943.1	96.933	489	15	0	1	489	3996662	3997150	0.0	821	489	5689156	100
fimH:203:NA	CP037943.1	97.342	489	13	0	1	489	3996662	3997150	0.0	832	489	5689156	100
fimH:204:NA	CP037943.1	96.319	489	18	0	1	489	3996662	3997150	0.0	804	489	5689156	100
fimH:205:NA	CP037943.1	96.524	489	17	0	1	489	3996662	3997150	0.0	809	489	5689156	100
fimH:206:NA	CP037943.1	96.319	489	18	0	1	489	3996662	3997150	0.0	804	489	5689156	100
fimH:207:NA	CP037943.1	96.524	489	17	0	1	489	3996662	3997150	0.0	809	489	5689156	100
fimH:209:NA	CP037943.1	96.524	489	17	0	1	489	3996662	3997150	0.0	809	489	5689156	100
fimH:210:NA	CP037943.1	95.706	489	21	0	1	489	3996662	3997150	0.0	787	489	5689156	100
fimH:211:NA	CP037943.1	95.706	489	21	0	1	489	3996662	3997150	0.0	787	489	5689156	100
fimH:212:NA	CP037943.1	95.910	489	20	0	1	489	3996662	3997150	0.0	793	489	5689156	100
fimH:213:NA	CP037943.1	95.501	489	22	0	1	489	3996662	3997150	0.0	782	489	5689156	100
fimH:214:NA	CP037943.1	97.546	489	12	0	1	489	3996662	3997150	0.0	837	489	5689156	100
fimH:215:NA	CP037943.1	97.546	489	12	0	1	489	3996662	3997150	0.0	837	489	5689156	100
fimH:216:NA	CP037943.1	95.688	487	21	0	1	487	3996662	3997148	0.0	784	489	5689156	99
fimH:217:NA	CP037943.1	97.955	489	10	0	1	489	3996662	3997150	0.0	848	489	5689156	100
fimH:218:NA	CP037943.1	97.751	489	11	0	1	489	3996662	3997150	0.0	843	489	5689156	100
fimH:219:NA	CP037943.1	96.115	489	19	0	1	489	3996662	3997150	0.0	798	489	5689156	100
fimH:220:NA	CP037943.1	98.160	489	9	0	1	489	3996662	3997150	0.0	854	489	5689156	100
fimH:221:NA	CP037943.1	98.569	489	7	0	1	489	3996662	3997150	0.0	865	489	5689156	100
fimH:222:NA	CP037943.1	97.955	489	10	0	1	489	3996662	3997150	0.0	848	489	5689156	100
fimH:223:NA	CP037943.1	96.524	489	17	0	1	489	3996662	3997150	0.0	809	489	5689156	100
fimH:224:NA	CP037943.1	96.524	489	17	0	1	489	3996662	3997150	0.0	809	489	5689156	100
fimH:225:NA	CP037943.1	96.524	489	17	0	1	489	3996662	3997150	0.0	809	489	5689156	100
fimH:226:NA	CP037943.1	96.524	489	17	0	1	489	3996662	3997150	0.0	809	489	5689156	100
fimH:227:NA	CP037943.1	96.319	489	18	0	1	489	3996662	3997150	0.0	804	489	5689156	100
fimH:228:NA	CP037943.1	96.524	489	17	0	1	489	3996662	3997150	0.0	809	489	5689156	100
fimH:229:NA	CP037943.1	97.137	489	14	0	1	489	3996662	3997150	0.0	826	489	5689156	100
fimH:230:NA	CP037943.1	96.524	489	17	0	1	489	3996662	3997150	0.0	809	489	5689156	100
fimH:232:NA	CP037943.1	98.978	489	5	0	1	489	3996662	3997150	0.0	876	489	5689156	100
fimH:233:NA	CP037943.1	99.182	489	4	0	1	489	3996662	3997150	0.0	881	489	5689156	100
fimH:234:NA	CP037943.1	98.160	489	9	0	1	489	3996662	3997150	0.0	854	489	5689156	100
fimH:235:NA	CP037943.1	97.955	489	10	0	1	489	3996662	3997150	0.0	848	489	5689156	100
fimH:236:NA	CP037943.1	97.546	489	12	0	1	489	3996662	3997150	0.0	837	489	5689156	100
fimH:237:NA	CP037943.1	97.955	489	10	0	1	489	3996662	3997150	0.0	848	489	5689156	100
fimH:238:NA	CP037943.1	97.751	489	11	0	1	489	3996662	3997150	0.0	843	489	5689156	100
fimH:239:NA	CP037943.1	95.501	489	22	0	1	489	3996662	3997150	0.0	782	489	5689156	100
fimH:240:NA	CP037943.1	95.910	489	20	0	1	489	3996662	3997150	0.0	793	489	5689156	100
fimH:241:NA	CP037943.1	95.706	489	21	0	1	489	3996662	3997150	0.0	787	489	5689156	100
fimH:242:NA	CP037943.1	95.501	489	22	0	1	489	3996662	3997150	0.0	782	489	5689156	100
fimH:243:NA	CP037943.1	95.910	489	20	0	1	489	3996662	3997150	0.0	793	489	5689156	100
fimH:244:NA	CP037943.1	95.910	489	20	0	1	489	3996662	3997150	0.0	793	489	5689156	100
fimH:245:NA	CP037943.1	96.115	489	19	0	1	489	3996662	3997150	0.0	798	489	5689156	100
fimH:246:NA	CP037943.1	98.569	489	7	0	1	489	3996662	3997150	0.0	865	489	5689156	100
fimH:247:NA	CP037943.1	98.773	489	6	0	1	489	3996662	3997150	0.0	870	489	5689156	100
fimH:248:NA	CP037943.1	97.955	489	10	0	1	489	3996662	3997150	0.0	848	489	5689156	100
fimH:249:NA	CP037943.1	96.524	489	17	0	1	489	3996662	3997150	0.0	809	489	5689156	100
fimH:250:NA	CP037943.1	98.160	489	9	0	1	489	3996662	3997150	0.0	854	489	5689156	100
fimH:251:NA	CP037943.1	95.893	487	20	0	1	487	3996662	3997148	0.0	789	489	5689156	99
fimH:252:NA	CP037943.1	98.160	489	9	0	1	489	3996662	3997150	0.0	854	489	5689156	100
fimH:253:NA	CP037943.1	97.955	489	10	0	1	489	3996662	3997150	0.0	848	489	5689156	100
fimH:254:NA	CP037943.1	97.751	489	11	0	1	489	3996662	3997150	0.0	843	489	5689156	100
fimH:255:NA	CP037943.1	95.688	487	21	0	1	487	3996662	3997148	0.0	784	489	5689156	99
fimH:256:NA	CP037943.1	97.955	489	10	0	1	489	3996662	3997150	0.0	848	489	5689156	100
fimH:257:NA	CP037943.1	95.910	489	20	0	1	489	3996662	3997150	0.0	793	489	5689156	100
fimH:259:NA	CP037943.1	98.364	489	8	0	1	489	3996662	3997150	0.0	859	489	5689156	100
fimH:260:NA	CP037943.1	96.728	489	16	0	1	489	3996662	3997150	0.0	815	489	5689156	100
fimH:262:NA	CP037943.1	96.524	489	17	0	1	489	3996662	3997150	0.0	809	489	5689156	100
fimH:263:NA	CP037943.1	98.160	489	9	0	1	489	3996662	3997150	0.0	854	489	5689156	100
fimH:264:NA	CP037943.1	98.364	489	8	0	1	489	3996662	3997150	0.0	859	489	5689156	100
fimH:265:NA	CP037943.1	96.524	489	17	0	1	489	3996662	3997150	0.0	809	489	5689156	100
fimH:266:NA	CP037943.1	99.387	489	3	0	1	489	3996662	3997150	0.0	887	489	5689156	100
fimH:267:NA	CP037943.1	96.319	489	18	0	1	489	3996662	3997150	0.0	804	489	5689156	100
fimH:268:NA	CP037943.1	97.751	489	11	0	1	489	3996662	3997150	0.0	843	489	5689156	100
fimH:269:NA	CP037943.1	96.728	489	16	0	1	489	3996662	3997150	0.0	815	489	5689156	100
fimH:270:NA	CP037943.1	98.364	489	8	0	1	489	3996662	3997150	0.0	859	489	5689156	100
fimH:272:NA	CP037943.1	98.160	489	9	0	1	489	3996662	3997150	0.0	854	489	5689156	100
fimH:273:NA	CP037943.1	99.182	489	4	0	1	489	3996662	3997150	0.0	881	489	5689156	100
fimH:274:NA	CP037943.1	97.955	489	10	0	1	489	3996662	3997150	0.0	848	489	5689156	100
fimH:275:NA	CP037943.1	96.524	489	17	0	1	489	3996662	3997150	0.0	809	489	5689156	100
fimH:276:NA	CP037943.1	97.955	489	10	0	1	489	3996662	3997150	0.0	848	489	5689156	100
fimH:277:NA	CP037943.1	97.546	489	12	0	1	489	3996662	3997150	0.0	837	489	5689156	100
fimH:278:NA	CP037943.1	98.569	489	7	0	1	489	3996662	3997150	0.0	865	489	5689156	100
fimH:279:NA	CP037943.1	97.955	489	10	0	1	489	3996662	3997150	0.0	848	489	5689156	100
fimH:280:NA	CP037943.1	96.319	489	18	0	1	489	3996662	3997150	0.0	804	489	5689156	100
fimH:281:NA	CP037943.1	97.955	489	10	0	1	489	3996662	3997150	0.0	848	489	5689156	100
fimH:282:NA	CP037943.1	97.137	489	14	0	1	489	3996662	3997150	0.0	826	489	5689156	100
fimH:283:NA	CP037943.1	96.319	489	18	0	1	489	3996662	3997150	0.0	804	489	5689156	100
fimH:284:NA	CP037943.1	96.319	489	18	0	1	489	3996662	3997150	0.0	804	489	5689156	100
fimH:285:NA	CP037943.1	97.955	489	10	0	1	489	3996662	3997150	0.0	848	489	5689156	100
fimH:286:NA	CP037943.1	96.115	489	19	0	1	489	3996662	3997150	0.0	798	489	5689156	100
fimH:287:NA	CP037943.1	97.751	489	11	0	1	489	3996662	3997150	0.0	843	489	5689156	100
fimH:288:NA	CP037943.1	95.910	489	20	0	1	489	3996662	3997150	0.0	793	489	5689156	100
fimH:289:NA	CP037943.1	97.955	489	10	0	1	489	3996662	3997150	0.0	848	489	5689156	100
fimH:291:NA	CP037943.1	97.546	489	12	0	1	489	3996662	3997150	0.0	837	489	5689156	100
fimH:292:NA	CP037943.1	96.524	489	17	0	1	489	3996662	3997150	0.0	809	489	5689156	100
fimH:294:NA	CP037943.1	95.910	489	20	0	1	489	3996662	3997150	0.0	793	489	5689156	100
fimH:295:NA	CP037943.1	97.546	489	12	0	1	489	3996662	3997150	0.0	837	489	5689156	100
fimH:296:NA	CP037943.1	95.910	489	20	0	1	489	3996662	3997150	0.0	793	489	5689156	100
fimH:297:NA	CP037943.1	98.160	489	9	0	1	489	3996662	3997150	0.0	854	489	5689156	100
fimH:298:NA	CP037943.1	96.524	489	17	0	1	489	3996662	3997150	0.0	809	489	5689156	100
fimH:299:NA	CP037943.1	97.955	489	10	0	1	489	3996662	3997150	0.0	848	489	5689156	100
fimH:300:NA	CP037943.1	95.706	489	21	0	1	489	3996662	3997150	0.0	787	489	5689156	100
fimH:301:NA	CP037943.1	97.751	489	11	0	1	489	3996662	3997150	0.0	843	489	5689156	100
fimH:302:NA	CP037943.1	98.160	489	9	0	1	489	3996662	3997150	0.0	854	489	5689156	100
fimH:303:NA	CP037943.1	98.160	489	9	0	1	489	3996662	3997150	0.0	854	489	5689156	100
fimH:304:NA	CP037943.1	96.319	489	18	0	1	489	3996662	3997150	0.0	804	489	5689156	100
fimH:305:NA	CP037943.1	98.569	489	7	0	1	489	3996662	3997150	0.0	865	489	5689156	100
fimH:306:NA	CP037943.1	96.319	489	18	0	1	489	3996662	3997150	0.0	804	489	5689156	100
fimH:308:NA	CP037943.1	96.319	489	18	0	1	489	3996662	3997150	0.0	804	489	5689156	100
fimH:310:NA	CP037943.1	96.524	489	17	0	1	489	3996662	3997150	0.0	809	489	5689156	100
fimH:311:NA	CP037943.1	97.751	489	11	0	1	489	3996662	3997150	0.0	843	489	5689156	100
fimH:312:NA	CP037943.1	97.955	489	10	0	1	489	3996662	3997150	0.0	848	489	5689156	100
fimH:313:NA	CP037943.1	97.751	489	11	0	1	489	3996662	3997150	0.0	843	489	5689156	100
fimH:314:NA	CP037943.1	96.524	489	17	0	1	489	3996662	3997150	0.0	809	489	5689156	100
fimH:316:NA	CP037943.1	96.728	489	16	0	1	489	3996662	3997150	0.0	815	489	5689156	100
fimH:317:NA	CP037943.1	98.160	489	9	0	1	489	3996662	3997150	0.0	854	489	5689156	100
fimH:318:NA	CP037943.1	97.955	489	10	0	1	489	3996662	3997150	0.0	848	489	5689156	100
fimH:319:NA	CP037943.1	97.955	489	10	0	1	489	3996662	3997150	0.0	848	489	5689156	100
fimH:320:NA	CP037943.1	96.524	489	17	0	1	489	3996662	3997150	0.0	809	489	5689156	100
fimH:321:NA	CP037943.1	97.955	489	10	0	1	489	3996662	3997150	0.0	848	489	5689156	100
fimH:322:NA	CP037943.1	96.524	489	17	0	1	489	3996662	3997150	0.0	809	489	5689156	100
fimH:324:NA	CP037943.1	96.728	489	16	0	1	489	3996662	3997150	0.0	815	489	5689156	100
fimH:325:NA	CP037943.1	97.955	489	10	0	1	489	3996662	3997150	0.0	848	489	5689156	100
fimH:326:NA	CP037943.1	96.524	489	17	0	1	489	3996662	3997150	0.0	809	489	5689156	100
fimH:327:NA	CP037943.1	97.546	489	12	0	1	489	3996662	3997150	0.0	837	489	5689156	100
fimH:328:NA	CP037943.1	97.546	489	12	0	1	489	3996662	3997150	0.0	837	489	5689156	100
fimH:329:NA	CP037943.1	97.546	489	12	0	1	489	3996662	3997150	0.0	837	489	5689156	100
fimH:330:NA	CP037943.1	96.524	489	17	0	1	489	3996662	3997150	0.0	809	489	5689156	100
fimH:331:NA	CP037943.1	97.955	489	10	0	1	489	3996662	3997150	0.0	848	489	5689156	100
fimH:332:NA	CP037943.1	96.728	489	16	0	1	489	3996662	3997150	0.0	815	489	5689156	100
fimH:333:NA	CP037943.1	98.569	489	7	0	1	489	3996662	3997150	0.0	865	489	5689156	100
fimH:335:NA	CP037943.1	98.160	489	9	0	1	489	3996662	3997150	0.0	854	489	5689156	100
fimH:336:NA	CP037943.1	96.319	489	18	0	1	489	3996662	3997150	0.0	804	489	5689156	100
fimH:337:NA	CP037943.1	97.751	489	11	0	1	489	3996662	3997150	0.0	843	489	5689156	100
fimH:338:NA	CP037943.1	96.524	489	17	0	1	489	3996662	3997150	0.0	809	489	5689156	100
fimH:339:NA	CP037943.1	96.933	489	15	0	1	489	3996662	3997150	0.0	821	489	5689156	100
fimH:340:NA	CP037943.1	97.546	489	12	0	1	489	3996662	3997150	0.0	837	489	5689156	100
fimH:341:NA	CP037943.1	96.524	489	17	0	1	489	3996662	3997150	0.0	809	489	5689156	100
fimH:342:NA	CP037943.1	98.160	489	9	0	1	489	3996662	3997150	0.0	854	489	5689156	100
fimH:343:NA	CP037943.1	96.735	490	14	2	1	489	3996662	3997150	0.0	815	489	5689156	100
fimH:344:NA	CP037943.1	98.978	489	5	0	1	489	3996662	3997150	0.0	876	489	5689156	100
fimH:345:NA	CP037943.1	96.319	489	18	0	1	489	3996662	3997150	0.0	804	489	5689156	100
fimH:346:NA	CP037943.1	97.955	489	10	0	1	489	3996662	3997150	0.0	848	489	5689156	100
fimH:347:NA	CP037943.1	96.319	489	18	0	1	489	3996662	3997150	0.0	804	489	5689156	100
fimH:348:NA	CP037943.1	98.160	489	9	0	1	489	3996662	3997150	0.0	854	489	5689156	100
fimH:349:NA	CP037943.1	96.524	489	17	0	1	489	3996662	3997150	0.0	809	489	5689156	100
fimH:350:NA	CP037943.1	96.115	489	19	0	1	489	3996662	3997150	0.0	798	489	5689156	100
fimH:352:NA	CP037943.1	96.728	489	16	0	1	489	3996662	3997150	0.0	815	489	5689156	100
fimH:353:NA	CP037943.1	96.524	489	17	0	1	489	3996662	3997150	0.0	809	489	5689156	100
fimH:354:NA	CP037943.1	96.524	489	17	0	1	489	3996662	3997150	0.0	809	489	5689156	100
fimH:355:NA	CP037943.1	96.524	489	17	0	1	489	3996662	3997150	0.0	809	489	5689156	100
fimH:356:NA	CP037943.1	96.728	489	16	0	1	489	3996662	3997150	0.0	815	489	5689156	100
fimH:357:NA	CP037943.1	95.706	489	21	0	1	489	3996662	3997150	0.0	787	489	5689156	100
fimH:358:NA	CP037943.1	98.160	489	9	0	1	489	3996662	3997150	0.0	854	489	5689156	100
fimH:359:NA	CP037943.1	95.706	489	21	0	1	489	3996662	3997150	0.0	787	489	5689156	100
fimH:360:NA	CP037943.1	97.955	489	10	0	1	489	3996662	3997150	0.0	848	489	5689156	100
fimH:361:NA	CP037943.1	95.688	487	21	0	1	487	3996662	3997148	0.0	784	489	5689156	99
fimH:362:NA	CP037943.1	97.955	489	10	0	1	489	3996662	3997150	0.0	848	489	5689156	100
fimH:363:NA	CP037943.1	95.501	489	22	0	1	489	3996662	3997150	0.0	782	489	5689156	100
fimH:364:NA	CP037943.1	97.751	489	11	0	1	489	3996662	3997150	0.0	843	489	5689156	100
fimH:365:NA	CP037943.1	95.501	489	22	0	1	489	3996662	3997150	0.0	782	489	5689156	100
fimH:366:NA	CP037943.1	98.160	489	9	0	1	489	3996662	3997150	0.0	854	489	5689156	100
fimH:367:NA	CP037943.1	96.319	489	18	0	1	489	3996662	3997150	0.0	804	489	5689156	100
fimH:368:NA	CP037943.1	97.751	489	11	0	1	489	3996662	3997150	0.0	843	489	5689156	100
fimH:369:NA	CP037943.1	97.546	489	12	0	1	489	3996662	3997150	0.0	837	489	5689156	100
fimH:370:NA	CP037943.1	97.955	489	10	0	1	489	3996662	3997150	0.0	848	489	5689156	100
fimH:371:NA	CP037943.1	95.688	487	21	0	1	487	3996662	3997148	0.0	784	489	5689156	99
fimH:372:NA	CP037943.1	96.735	490	14	2	1	489	3996662	3997150	0.0	815	489	5689156	100
fimH:373:NA	CP037943.1	98.160	489	9	0	1	489	3996662	3997150	0.0	854	489	5689156	100
fimH:374:NA	CP037943.1	96.728	489	16	0	1	489	3996662	3997150	0.0	815	489	5689156	100
fimH:375:NA	CP037943.1	96.524	489	17	0	1	489	3996662	3997150	0.0	809	489	5689156	100
fimH:376:NA	CP037943.1	96.524	489	17	0	1	489	3996662	3997150	0.0	809	489	5689156	100
fimH:377:NA	CP037943.1	96.524	489	17	0	1	489	3996662	3997150	0.0	809	489	5689156	100
fimH:378:NA	CP037943.1	96.524	489	17	0	1	489	3996662	3997150	0.0	809	489	5689156	100
fimH:379:NA	CP037943.1	96.319	489	18	0	1	489	3996662	3997150	0.0	804	489	5689156	100
fimH:380:NA	CP037943.1	97.751	489	11	0	1	489	3996662	3997150	0.0	843	489	5689156	100
fimH:381:NA	CP037943.1	97.137	489	14	0	1	489	3996662	3997150	0.0	826	489	5689156	100
fimH:382:NA	CP037943.1	97.955	489	10	0	1	489	3996662	3997150	0.0	848	489	5689156	100
fimH:383:NA	CP037943.1	96.524	489	17	0	1	489	3996662	3997150	0.0	809	489	5689156	100
fimH:384:NA	CP037943.1	97.342	489	13	0	1	489	3996662	3997150	0.0	832	489	5689156	100
fimH:385:NA	CP037943.1	96.524	489	17	0	1	489	3996662	3997150	0.0	809	489	5689156	100
fimH:386:NA	CP037943.1	96.715	487	16	0	1	487	3996662	3997148	0.0	811	489	5689156	99
fimH:387:NA	CP037943.1	98.160	489	9	0	1	489	3996662	3997150	0.0	854	489	5689156	100
fimH:388:NA	CP037943.1	97.955	489	10	0	1	489	3996662	3997150	0.0	848	489	5689156	100
fimH:389:NA	CP037943.1	95.910	489	20	0	1	489	3996662	3997150	0.0	793	489	5689156	100
fimH:390:NA	CP037943.1	95.706	489	21	0	1	489	3996662	3997150	0.0	787	489	5689156	100
fimH:391:NA	CP037943.1	96.728	489	16	0	1	489	3996662	3997150	0.0	815	489	5689156	100
fimH:392:NA	CP037943.1	99.387	489	3	0	1	489	3996662	3997150	0.0	887	489	5689156	100
fimH:393:NA	CP037943.1	98.160	489	9	0	1	489	3996662	3997150	0.0	854	489	5689156	100
fimH:394:NA	CP037943.1	98.364	489	8	0	1	489	3996662	3997150	0.0	859	489	5689156	100
fimH:395:NA	CP037943.1	97.955	489	10	0	1	489	3996662	3997150	0.0	848	489	5689156	100
fimH:396:NA	CP037943.1	98.978	489	5	0	1	489	3996662	3997150	0.0	876	489	5689156	100
fimH:397:NA	CP037943.1	98.978	489	5	0	1	489	3996662	3997150	0.0	876	489	5689156	100
fimH:398:NA	CP037943.1	99.387	489	3	0	1	489	3996662	3997150	0.0	887	489	5689156	100
fimH:399:NA	CP037943.1	97.546	489	12	0	1	489	3996662	3997150	0.0	837	489	5689156	100
fimH:400:NA	CP037943.1	98.364	489	8	0	1	489	3996662	3997150	0.0	859	489	5689156	100
fimH:401:NA	CP037943.1	97.955	489	10	0	1	489	3996662	3997150	0.0	848	489	5689156	100
fimH:402:NA	CP037943.1	98.160	489	9	0	1	489	3996662	3997150	0.0	854	489	5689156	100
fimH:403:NA	CP037943.1	98.364	489	8	0	1	489	3996662	3997150	0.0	859	489	5689156	100
fimH:404:NA	CP037943.1	99.591	489	2	0	1	489	3996662	3997150	0.0	893	489	5689156	100
fimH:405:NA	CP037943.1	98.160	489	9	0	1	489	3996662	3997150	0.0	854	489	5689156	100
fimH:406:NA	CP037943.1	98.160	489	9	0	1	489	3996662	3997150	0.0	854	489	5689156	100
fimH:407:NA	CP037943.1	98.160	489	9	0	1	489	3996662	3997150	0.0	854	489	5689156	100
fimH:408:NA	CP037943.1	96.319	489	18	0	1	489	3996662	3997150	0.0	804	489	5689156	100
fimH:409:NA	CP037943.1	98.978	489	5	0	1	489	3996662	3997150	0.0	876	489	5689156	100
fimH:410:NA	CP037943.1	96.735	490	14	2	1	489	3996662	3997150	0.0	815	489	5689156	100
fimH:411:NA	CP037943.1	96.524	489	17	0	1	489	3996662	3997150	0.0	809	489	5689156	100
fimH:412:NA	CP037943.1	98.160	489	9	0	1	489	3996662	3997150	0.0	854	489	5689156	100
fimH:413:NA	CP037943.1	96.319	489	18	0	1	489	3996662	3997150	0.0	804	489	5689156	100
fimH:414:NA	CP037943.1	96.115	489	19	0	1	489	3996662	3997150	0.0	798	489	5689156	100
fimH:415:NA	CP037943.1	96.115	489	19	0	1	489	3996662	3997150	0.0	798	489	5689156	100
fimH:416:NA	CP037943.1	95.910	489	20	0	1	489	3996662	3997150	0.0	793	489	5689156	100
fimH:417:NA	CP037943.1	96.099	487	19	0	1	487	3996662	3997148	0.0	795	489	5689156	99
fimH:418:NA	CP037943.1	97.546	489	12	0	1	489	3996662	3997150	0.0	837	489	5689156	100
fimH:419:NA	CP037943.1	97.531	486	12	0	1	486	3996662	3997147	0.0	832	489	5689156	99
fimH:420:NA	CP037943.1	97.751	489	11	0	1	489	3996662	3997150	0.0	843	489	5689156	100
fimH:421:NA	CP037943.1	96.319	489	18	0	1	489	3996662	3997150	0.0	804	489	5689156	100
fimH:422:NA	CP037943.1	96.524	489	17	0	1	489	3996662	3997150	0.0	809	489	5689156	100
fimH:425:NA	CP037943.1	97.955	489	10	0	1	489	3996662	3997150	0.0	848	489	5689156	100
fimH:426:NA	CP037943.1	97.955	489	10	0	1	489	3996662	3997150	0.0	848	489	5689156	100
fimH:427:NA	CP037943.1	98.978	489	5	0	1	489	3996662	3997150	0.0	876	489	5689156	100
fimH:428:NA	CP037943.1	96.115	489	19	0	1	489	3996662	3997150	0.0	798	489	5689156	100
fimH:429:NA	CP037943.1	96.509	487	17	0	1	487	3996662	3997148	0.0	806	489	5689156	99
fimH:430:NA	CP037943.1	96.524	489	17	0	1	489	3996662	3997150	0.0	809	489	5689156	100
fimH:431:NA	CP037943.1	96.319	489	18	0	1	489	3996662	3997150	0.0	804	489	5689156	100
fimH:432:NA	CP037943.1	95.706	489	21	0	1	489	3996662	3997150	0.0	787	489	5689156	100
fimH:433:NA	CP037943.1	96.115	489	19	0	1	489	3996662	3997150	0.0	798	489	5689156	100
fimH:434:NA	CP037943.1	97.546	489	12	0	1	489	3996662	3997150	0.0	837	489	5689156	100
fimH:435:NA	CP037943.1	97.546	489	12	0	1	489	3996662	3997150	0.0	837	489	5689156	100
fimH:436:NA	CP037943.1	96.524	489	17	0	1	489	3996662	3997150	0.0	809	489	5689156	100
fimH:437:NA	CP037943.1	96.319	489	18	0	1	489	3996662	3997150	0.0	804	489	5689156	100
fimH:438:NA	CP037943.1	96.524	489	17	0	1	489	3996662	3997150	0.0	809	489	5689156	100
fimH:439:NA	CP037943.1	97.955	489	10	0	1	489	3996662	3997150	0.0	848	489	5689156	100
fimH:440:NA	CP037943.1	100.000	489	0	0	1	489	3996662	3997150	0.0	904	489	5689156	100
fimH:441:NA	CP037943.1	97.955	489	10	0	1	489	3996662	3997150	0.0	848	489	5689156	100
fimH:442:NA	CP037943.1	97.546	489	12	0	1	489	3996662	3997150	0.0	837	489	5689156	100
fimH:443:NA	CP037943.1	97.546	489	12	0	1	489	3996662	3997150	0.0	837	489	5689156	100
fimH:444:NA	CP037943.1	97.347	490	12	1	1	490	3996662	3997150	0.0	832	490	5689156	100
fimH:445:NA	CP037943.1	97.546	489	12	0	1	489	3996662	3997150	0.0	837	489	5689156	100
fimH:446:NA	CP037943.1	99.182	489	4	0	1	489	3996662	3997150	0.0	881	489	5689156	100
fimH:447:NA	CP037943.1	96.319	489	18	0	1	489	3996662	3997150	0.0	804	489	5689156	100
fimH:448:NA	CP037943.1	98.160	489	9	0	1	489	3996662	3997150	0.0	854	489	5689156	100
fimH:449:NA	CP037943.1	98.160	489	9	0	1	489	3996662	3997150	0.0	854	489	5689156	100
fimH:450:NA	CP037943.1	97.137	489	14	0	1	489	3996662	3997150	0.0	826	489	5689156	100
fimH:451:NA	CP037943.1	98.364	489	8	0	1	489	3996662	3997150	0.0	859	489	5689156	100
fimH:452:NA	CP037943.1	97.546	489	12	0	1	489	3996662	3997150	0.0	837	489	5689156	100
fimH:453:NA	CP037943.1	97.137	489	14	0	1	489	3996662	3997150	0.0	826	489	5689156	100
fimH:454:NA	CP037943.1	98.160	489	9	0	1	489	3996662	3997150	0.0	854	489	5689156	100
fimH:455:NA	CP037943.1	97.546	489	12	0	1	489	3996662	3997150	0.0	837	489	5689156	100
fimH:456:NA	CP037943.1	95.910	489	20	0	1	489	3996662	3997150	0.0	793	489	5689156	100
fimH:457:NA	CP037943.1	98.569	489	7	0	1	489	3996662	3997150	0.0	865	489	5689156	100
fimH:458:NA	CP037943.1	95.706	489	21	0	1	489	3996662	3997150	0.0	787	489	5689156	100
fimH:459:NA	CP037943.1	96.319	489	18	0	1	489	3996662	3997150	0.0	804	489	5689156	100
fimH:460:NA	CP037943.1	95.688	487	21	0	1	487	3996662	3997148	0.0	784	489	5689156	99
fimH:462:NA	CP037943.1	96.728	489	16	0	1	489	3996662	3997150	0.0	815	489	5689156	100
fimH:463:NA	CP037943.1	96.524	489	17	0	1	489	3996662	3997150	0.0	809	489	5689156	100
fimH:464:NA	CP037943.1	97.546	489	12	0	1	489	3996662	3997150	0.0	837	489	5689156	100
fimH:465:NA	CP037943.1	97.751	489	11	0	1	489	3996662	3997150	0.0	843	489	5689156	100
fimH:466:NA	CP037943.1	95.706	489	21	0	1	489	3996662	3997150	0.0	787	489	5689156	100
fimH:467:NA	CP037943.1	98.160	489	9	0	1	489	3996662	3997150	0.0	854	489	5689156	100
fimH:468:NA	CP037943.1	96.115	489	19	0	1	489	3996662	3997150	0.0	798	489	5689156	100
fimH:469:NA	CP037943.1	97.751	489	11	0	1	489	3996662	3997150	0.0	843	489	5689156	100
fimH:470:NA	CP037943.1	98.160	489	9	0	1	489	3996662	3997150	0.0	854	489	5689156	100
fimH:471:NA	CP037943.1	98.160	489	9	0	1	489	3996662	3997150	0.0	854	489	5689156	100
fimH:472:NA	CP037943.1	97.955	489	10	0	1	489	3996662	3997150	0.0	848	489	5689156	100
fimH:473:NA	CP037943.1	97.546	489	12	0	1	489	3996662	3997150	0.0	837	489	5689156	100
fimH:474:NA	CP037943.1	98.364	489	8	0	1	489	3996662	3997150	0.0	859	489	5689156	100
fimH:475:NA	CP037943.1	99.182	489	4	0	1	489	3996662	3997150	0.0	881	489	5689156	100
fimH:476:NA	CP037943.1	97.955	489	10	0	1	489	3996662	3997150	0.0	848	489	5689156	100
fimH:477:NA	CP037943.1	95.706	489	21	0	1	489	3996662	3997150	0.0	787	489	5689156	100
fimH:478:NA	CP037943.1	96.524	489	17	0	1	489	3996662	3997150	0.0	809	489	5689156	100
fimH:479:NA	CP037943.1	97.546	489	12	0	1	489	3996662	3997150	0.0	837	489	5689156	100
fimH:480:NA	CP037943.1	97.751	489	11	0	1	489	3996662	3997150	0.0	843	489	5689156	100
fimH:481:NA	CP037943.1	95.501	489	22	0	1	489	3996662	3997150	0.0	782	489	5689156	100
fimH:482:NA	CP037943.1	97.751	489	11	0	1	489	3996662	3997150	0.0	843	489	5689156	100
fimH:483:NA	CP037943.1	98.978	489	5	0	1	489	3996662	3997150	0.0	876	489	5689156	100
fimH:484:NA	CP037943.1	96.319	489	18	0	1	489	3996662	3997150	0.0	804	489	5689156	100
fimH:485:NA	CP037943.1	96.524	489	17	0	1	489	3996662	3997150	0.0	809	489	5689156	100
fimH:486:NA	CP037943.1	96.319	489	18	0	1	489	3996662	3997150	0.0	804	489	5689156	100
fimH:487:NA	CP037943.1	97.955	489	10	0	1	489	3996662	3997150	0.0	848	489	5689156	100
fimH:488:NA	CP037943.1	98.160	489	9	0	1	489	3996662	3997150	0.0	854	489	5689156	100
fimH:489:NA	CP037943.1	97.955	489	10	0	1	489	3996662	3997150	0.0	848	489	5689156	100
fimH:490:NA	CP037943.1	99.387	489	3	0	1	489	3996662	3997150	0.0	887	489	5689156	100
fimH:491:NA	CP037943.1	96.728	489	16	0	1	489	3996662	3997150	0.0	815	489	5689156	100
fimH:492:NA	CP037943.1	96.524	489	17	0	1	489	3996662	3997150	0.0	809	489	5689156	100
fimH:493:NA	CP037943.1	95.706	489	21	0	1	489	3996662	3997150	0.0	787	489	5689156	100
fimH:494:NA	CP037943.1	96.524	489	17	0	1	489	3996662	3997150	0.0	809	489	5689156	100
fimH:496:NA	CP037943.1	93.252	489	33	0	1	489	3996662	3997150	0.0	721	489	5689156	100
fimH:497:NA	CP037943.1	97.342	489	13	0	1	489	3996662	3997150	0.0	832	489	5689156	100
fimH:498:NA	CP037943.1	96.115	489	19	0	1	489	3996662	3997150	0.0	798	489	5689156	100
fimH:499:NA	CP037943.1	98.160	489	9	0	1	489	3996662	3997150	0.0	854	489	5689156	100
fimH:500:NA	CP037943.1	97.546	489	12	0	1	489	3996662	3997150	0.0	837	489	5689156	100
fimH:504:NA	CP037943.1	96.566	495	11	1	1	495	3996662	3997150	0.0	815	495	5689156	100
fimH:505:NA	CP037943.1	99.057	318	3	0	1	318	3996662	3996979	1.92e-163	571	450	5689156	71
fimH:506:NA	CP037943.1	97.546	489	12	0	1	489	3996662	3997150	0.0	837	489	5689156	100
fimH:507:NA	CP037943.1	96.524	489	17	0	1	489	3996662	3997150	0.0	809	489	5689156	100
fimH:509:NA	CP037943.1	95.501	489	22	0	1	489	3996662	3997150	0.0	782	489	5689156	100
fimH:510:NA	CP037943.1	98.978	489	5	0	1	489	3996662	3997150	0.0	876	489	5689156	100
fimH:511:NA	CP037943.1	98.978	489	5	0	1	489	3996662	3997150	0.0	876	489	5689156	100
fimH:512:NA	CP037943.1	95.688	487	21	0	1	487	3996662	3997148	0.0	784	489	5689156	99
fimH:514:NA	CP037943.1	98.160	489	9	0	1	489	3996662	3997150	0.0	854	489	5689156	100
fimH:515:NA	CP037943.1	96.524	489	17	0	1	489	3996662	3997150	0.0	809	489	5689156	100
fimH:516:NA	CP037943.1	96.524	489	17	0	1	489	3996662	3997150	0.0	809	489	5689156	100
fimH:517:NA	CP037943.1	99.182	489	4	0	1	489	3996662	3997150	0.0	881	489	5689156	100
fimH:518:NA	CP037943.1	96.933	489	15	0	1	489	3996662	3997150	0.0	821	489	5689156	100
fimH:519:NA	CP037943.1	97.546	489	12	0	1	489	3996662	3997150	0.0	837	489	5689156	100
fimH:520:NA	CP037943.1	98.364	489	8	0	1	489	3996662	3997150	0.0	859	489	5689156	100
fimH:521:NA	CP037943.1	97.546	489	12	0	1	489	3996662	3997150	0.0	837	489	5689156	100
fimH:522:NA	CP037943.1	98.364	489	8	0	1	489	3996662	3997150	0.0	859	489	5689156	100
fimH:523:NA	CP037943.1	95.501	489	22	0	1	489	3996662	3997150	0.0	782	489	5689156	100
fimH:524:NA	CP037943.1	97.955	489	10	0	1	489	3996662	3997150	0.0	848	489	5689156	100
fimH:525:NA	CP037943.1	97.955	489	10	0	1	489	3996662	3997150	0.0	848	489	5689156	100
fimH:526:NA	CP037943.1	95.910	489	20	0	1	489	3996662	3997150	0.0	793	489	5689156	100
fimH:528:NA	CP037943.1	98.773	489	6	0	1	489	3996662	3997150	0.0	870	489	5689156	100
fimH:529:NA	CP037943.1	99.591	489	2	0	1	489	3996662	3997150	0.0	893	489	5689156	100
fimH:530:NA	CP037943.1	97.546	489	12	0	1	489	3996662	3997150	0.0	837	489	5689156	100
fimH:531:NA	CP037943.1	98.978	489	5	0	1	489	3996662	3997150	0.0	876	489	5689156	100
fimH:532:NA	CP037943.1	98.978	489	5	0	1	489	3996662	3997150	0.0	876	489	5689156	100
fimH:533:NA	CP037943.1	97.546	489	12	0	1	489	3996662	3997150	0.0	837	489	5689156	100
fimH:534:NA	CP037943.1	97.546	489	12	0	1	489	3996662	3997150	0.0	837	489	5689156	100
fimH:535:NA	CP037943.1	97.546	489	12	0	1	489	3996662	3997150	0.0	837	489	5689156	100
fimH:536:NA	CP037943.1	98.978	489	5	0	1	489	3996662	3997150	0.0	876	489	5689156	100
fimH:537:NA	CP037943.1	98.569	489	7	0	1	489	3996662	3997150	0.0	865	489	5689156	100
fimH:538:NA	CP037943.1	98.364	489	8	0	1	489	3996662	3997150	0.0	859	489	5689156	100
fimH:539:NA	CP037943.1	97.137	489	14	0	1	489	3996662	3997150	0.0	826	489	5689156	100
fimH:540:NA	CP037943.1	98.160	489	9	0	1	489	3996662	3997150	0.0	854	489	5689156	100
fimH:541:NA	CP037943.1	97.955	489	10	0	1	489	3996662	3997150	0.0	848	489	5689156	100
fimH:542:NA	CP037943.1	97.198	464	13	0	1	464	3996687	3997150	0.0	785	464	5689156	100
fimH:543:NA	CP037943.1	97.137	489	14	0	1	489	3996662	3997150	0.0	826	489	5689156	100
fimH:544:NA	CP037943.1	97.546	489	12	0	1	489	3996662	3997150	0.0	837	489	5689156	100
fimH:545:NA	CP037943.1	98.160	489	9	0	1	489	3996662	3997150	0.0	854	489	5689156	100
fimH:546:NA	CP037943.1	98.569	489	7	0	1	489	3996662	3997150	0.0	865	489	5689156	100
fimH:547:NA	CP037943.1	98.160	489	9	0	1	489	3996662	3997150	0.0	854	489	5689156	100
fimH:548:NA	CP037943.1	98.569	489	7	0	1	489	3996662	3997150	0.0	865	489	5689156	100
fimH:549:NA	CP037943.1	97.751	489	11	0	1	489	3996662	3997150	0.0	843	489	5689156	100
fimH:550:NA	CP037943.1	98.773	489	6	0	1	489	3996662	3997150	0.0	870	489	5689156	100
fimH:551:NA	CP037943.1	96.524	489	17	0	1	489	3996662	3997150	0.0	809	489	5689156	100
fimH:552:NA	CP037943.1	97.955	489	10	0	1	489	3996662	3997150	0.0	848	489	5689156	100
fimH:553:NA	CP037943.1	95.706	489	21	0	1	489	3996662	3997150	0.0	787	489	5689156	100
fimH:554:NA	CP037943.1	93.865	489	30	0	1	489	3996662	3997150	0.0	737	489	5689156	100
fimH:555:NA	CP037943.1	98.160	489	9	0	1	489	3996662	3997150	0.0	854	489	5689156	100
fimH:557:NA	CP037943.1	99.796	489	1	0	1	489	3996662	3997150	0.0	898	489	5689156	100
fimH:558:NA	CP037943.1	97.751	489	11	0	1	489	3996662	3997150	0.0	843	489	5689156	100
fimH:559:NA	CP037943.1	99.387	489	3	0	1	489	3996662	3997150	0.0	887	489	5689156	100
fimH:560:NA	CP037943.1	99.591	489	2	0	1	489	3996662	3997150	0.0	893	489	5689156	100
fimH:561:NA	CP037943.1	97.546	489	12	0	1	489	3996662	3997150	0.0	837	489	5689156	100
fimH:562:NA	CP037943.1	98.160	489	9	0	1	489	3996662	3997150	0.0	854	489	5689156	100
fimH:563:NA	CP037943.1	97.955	489	10	0	1	489	3996662	3997150	0.0	848	489	5689156	100
fimH:564:NA	CP037943.1	98.160	489	9	0	1	489	3996662	3997150	0.0	854	489	5689156	100
fimH:565:NA	CP037943.1	97.751	489	11	0	1	489	3996662	3997150	0.0	843	489	5689156	100
fimH:566:NA	CP037943.1	97.955	489	10	0	1	489	3996662	3997150	0.0	848	489	5689156	100
fimH:567:NA	CP037943.1	99.182	489	4	0	1	489	3996662	3997150	0.0	881	489	5689156	100
fimH:568:NA	CP037943.1	98.569	489	7	0	1	489	3996662	3997150	0.0	865	489	5689156	100
fimH:569:NA	CP037943.1	98.978	489	5	0	1	489	3996662	3997150	0.0	876	489	5689156	100
fimH:570:NA	CP037943.1	99.182	489	4	0	1	489	3996662	3997150	0.0	881	489	5689156	100
fimH:571:NA	CP037943.1	97.955	489	10	0	1	489	3996662	3997150	0.0	848	489	5689156	100
fimH:572:NA	CP037943.1	98.160	489	9	0	1	489	3996662	3997150	0.0	854	489	5689156	100
fimH:573:NA	CP037943.1	97.751	489	11	0	1	489	3996662	3997150	0.0	843	489	5689156	100
fimH:574:NA	CP037943.1	97.546	489	12	0	1	489	3996662	3997150	0.0	837	489	5689156	100
fimH:575:NA	CP037943.1	97.546	489	12	0	1	489	3996662	3997150	0.0	837	489	5689156	100
fimH:576:NA	CP037943.1	97.546	489	12	0	1	489	3996662	3997150	0.0	837	489	5689156	100
fimH:577:NA	CP037943.1	97.955	489	10	0	1	489	3996662	3997150	0.0	848	489	5689156	100
fimH:579:NA	CP037943.1	96.319	489	18	0	1	489	3996662	3997150	0.0	804	489	5689156	100
fimH:580:NA	CP037943.1	96.375	469	17	0	1	469	3996682	3997150	0.0	773	469	5689156	100
fimH:585:NA	CP037943.1	98.160	489	9	0	1	489	3996662	3997150	0.0	854	489	5689156	100
fimH:586:NA	CP037943.1	97.955	489	10	0	1	489	3996662	3997150	0.0	848	489	5689156	100
fimH:587:NA	CP037943.1	97.751	489	11	0	1	489	3996662	3997150	0.0	843	489	5689156	100
fimH:588:NA	CP037943.1	97.955	489	10	0	1	489	3996662	3997150	0.0	848	489	5689156	100
fimH:590:NA	CP037943.1	95.688	487	21	0	1	487	3996662	3997148	0.0	784	489	5689156	99
fimH:591:NA	CP037943.1	97.546	489	12	0	1	489	3996662	3997150	0.0	837	489	5689156	100
fimH:592:NA	CP037943.1	98.978	489	4	1	1	488	3996662	3997150	0.0	874	488	5689156	100
fimH:593:NA	CP037943.1	98.569	489	7	0	1	489	3996662	3997150	0.0	865	489	5689156	100
fimH:594:NA	CP037943.1	99.182	489	4	0	1	489	3996662	3997150	0.0	881	489	5689156	100
fimH:595:NA	CP037943.1	99.387	489	3	0	1	489	3996662	3997150	0.0	887	489	5689156	100
fimH:596:NA	CP037943.1	96.933	489	15	0	1	489	3996662	3997150	0.0	821	489	5689156	100
fimH:597:NA	CP037943.1	98.160	489	9	0	1	489	3996662	3997150	0.0	854	489	5689156	100
fimH:598:NA	CP037943.1	97.955	489	10	0	1	489	3996662	3997150	0.0	848	489	5689156	100
fimH:599:NA	CP037943.1	98.160	489	9	0	1	489	3996662	3997150	0.0	854	489	5689156	100
fimH:600:NA	CP037943.1	98.160	489	9	0	1	489	3996662	3997150	0.0	854	489	5689156	100
fimH:602:NA	CP037943.1	97.546	489	12	0	1	489	3996662	3997150	0.0	837	489	5689156	100
fimH:603:NA	CP037943.1	97.751	489	11	0	1	489	3996662	3997150	0.0	843	489	5689156	100
fimH:604:NA	CP037943.1	99.387	489	3	0	1	489	3996662	3997150	0.0	887	489	5689156	100
fimH:605:NA	CP037943.1	97.751	489	11	0	1	489	3996662	3997150	0.0	843	489	5689156	100
fimH:606:NA	CP037943.1	97.546	489	12	0	1	489	3996662	3997150	0.0	837	489	5689156	100
fimH:607:NA	CP037943.1	98.160	489	9	0	1	489	3996662	3997150	0.0	854	489	5689156	100
fimH:608:NA	CP037943.1	98.978	489	5	0	1	489	3996662	3997150	0.0	876	489	5689156	100
fimH:609:NA	CP037943.1	96.728	489	16	0	1	489	3996662	3997150	0.0	815	489	5689156	100
fimH:610:NA	CP037943.1	95.910	489	20	0	1	489	3996662	3997150	0.0	793	489	5689156	100
fimH:611:NA	CP037943.1	95.706	489	21	0	1	489	3996662	3997150	0.0	787	489	5689156	100
fimH:612:NA	CP037943.1	95.092	489	24	0	1	489	3996662	3997150	0.0	771	489	5689156	100
fimH:613:NA	CP037943.1	95.297	489	23	0	1	489	3996662	3997150	0.0	776	489	5689156	100
fimH:614:NA	CP037943.1	94.888	489	25	0	1	489	3996662	3997150	0.0	765	489	5689156	100
fimH:615:NA	CP037943.1	93.456	489	32	0	1	489	3996662	3997150	0.0	726	489	5689156	100
fimH:616:NA	CP037943.1	93.252	489	33	0	1	489	3996662	3997150	0.0	721	489	5689156	100
fimH:617:NA	CP037943.1	93.047	489	34	0	1	489	3996662	3997150	0.0	715	489	5689156	100
fimH:618:NA	CP037943.1	93.047	489	34	0	1	489	3996662	3997150	0.0	715	489	5689156	100
fimH:619:NA	CP037943.1	93.865	489	30	0	1	489	3996662	3997150	0.0	737	489	5689156	100
fimH:620:NA	CP037943.1	93.661	489	31	0	1	489	3996662	3997150	0.0	732	489	5689156	100
fimH:621:NA	CP037943.1	92.025	489	39	0	1	489	3996662	3997150	0.0	688	489	5689156	100
fimH:622:NA	CP037943.1	92.229	489	38	0	1	489	3996662	3997150	0.0	693	489	5689156	100
fimH:623:NA	CP037943.1	92.229	489	38	0	1	489	3996662	3997150	0.0	693	489	5689156	100
fimH:624:NA	CP037943.1	92.229	489	38	0	1	489	3996662	3997150	0.0	693	489	5689156	100
fimH:625:NA	CP037943.1	92.229	489	38	0	1	489	3996662	3997150	0.0	693	489	5689156	100
fimH:626:NA	CP037943.1	92.434	489	37	0	1	489	3996662	3997150	0.0	699	489	5689156	100
fimH:627:NA	CP037943.1	92.229	489	38	0	1	489	3996662	3997150	0.0	693	489	5689156	100
fimH:628:NA	CP037943.1	92.638	489	36	0	1	489	3996662	3997150	0.0	704	489	5689156	100
fimH:629:NA	CP037943.1	92.843	489	35	0	1	489	3996662	3997150	0.0	710	489	5689156	100
fimH:630:NA	CP037943.1	92.638	489	36	0	1	489	3996662	3997150	0.0	704	489	5689156	100
fimH:631:NA	CP037943.1	92.638	489	36	0	1	489	3996662	3997150	0.0	704	489	5689156	100
fimH:632:NA	CP037943.1	92.434	489	37	0	1	489	3996662	3997150	0.0	699	489	5689156	100
fimH:633:NA	CP037943.1	92.434	489	37	0	1	489	3996662	3997150	0.0	699	489	5689156	100
fimH:657:NA	CP037943.1	96.524	489	17	0	1	489	3996662	3997150	0.0	809	489	5689156	100
fimH:664:NA	CP037943.1	96.524	489	17	0	1	489	3996662	3997150	0.0	809	489	5689156	100
fimH:665:NA	CP037943.1	96.524	489	17	0	1	489	3996662	3997150	0.0	809	489	5689156	100
fimH:666:NA	CP037943.1	96.524	489	17	0	1	489	3996662	3997150	0.0	809	489	5689156	100
fimH:667:NA	CP037943.1	96.524	489	17	0	1	489	3996662	3997150	0.0	809	489	5689156	100
fimH:668:NA	CP037943.1	96.728	489	16	0	1	489	3996662	3997150	0.0	815	489	5689156	100
fimH:669:NA	CP037943.1	96.735	490	15	1	1	489	3996662	3997151	0.0	815	489	5689156	100
fimH:670:NA	CP037943.1	96.728	489	16	0	1	489	3996662	3997150	0.0	815	489	5689156	100
fimH:671:NA	CP037943.1	96.728	489	16	0	1	489	3996662	3997150	0.0	815	489	5689156	100
fimH:672:NA	CP037943.1	96.524	489	17	0	1	489	3996662	3997150	0.0	809	489	5689156	100
fimH:673:NA	CP037943.1	98.978	489	5	0	1	489	3996662	3997150	0.0	876	489	5689156	100
fimH:674:NA	CP037943.1	95.910	489	20	0	1	489	3996662	3997150	0.0	793	489	5689156	100
fimH:675:NA	CP037943.1	96.524	489	17	0	1	489	3996662	3997150	0.0	809	489	5689156	100
fimH:676:NA	CP037943.1	96.524	489	17	0	1	489	3996662	3997150	0.0	809	489	5689156	100
fimH:677:NA	CP037943.1	96.728	489	16	0	1	489	3996662	3997150	0.0	815	489	5689156	100
fimH:678:NA	CP037943.1	96.728	489	16	0	1	489	3996662	3997150	0.0	815	489	5689156	100
fimH:679:NA	CP037943.1	96.728	489	16	0	1	489	3996662	3997150	0.0	815	489	5689156	100
fimH:680:NA	CP037943.1	96.728	489	16	0	1	489	3996662	3997150	0.0	815	489	5689156	100
fimH:681:NA	CP037943.1	96.319	489	18	0	1	489	3996662	3997150	0.0	804	489	5689156	100
fimH:682:NA	CP037943.1	96.933	489	15	0	1	489	3996662	3997150	0.0	821	489	5689156	100
fimH:683:NA	CP037943.1	96.524	489	17	0	1	489	3996662	3997150	0.0	809	489	5689156	100
fimH:684:NA	CP037943.1	96.319	489	18	0	1	489	3996662	3997150	0.0	804	489	5689156	100
fimH:685:NA	CP037943.1	96.531	490	16	1	1	489	3996662	3997151	0.0	809	489	5689156	100
fimH:686:NA	CP037943.1	96.524	489	17	0	1	489	3996662	3997150	0.0	809	489	5689156	100
fimH:687:NA	CP037943.1	96.524	489	17	0	1	489	3996662	3997150	0.0	809	489	5689156	100
fimH:688:NA	CP037943.1	96.728	489	16	0	1	489	3996662	3997150	0.0	815	489	5689156	100
fimH:689:NA	CP037943.1	96.319	489	18	0	1	489	3996662	3997150	0.0	804	489	5689156	100
fimH:690:NA	CP037943.1	96.115	489	19	0	1	489	3996662	3997150	0.0	798	489	5689156	100
fimH:691:NA	CP037943.1	96.524	489	17	0	1	489	3996662	3997150	0.0	809	489	5689156	100
fimH:692:NA	CP037943.1	96.319	489	18	0	1	489	3996662	3997150	0.0	804	489	5689156	100
fimH:693:NA	CP037943.1	96.933	489	15	0	1	489	3996662	3997150	0.0	821	489	5689156	100
fimH:694:NA	CP037943.1	96.728	489	16	0	1	489	3996662	3997150	0.0	815	489	5689156	100
fimH:695:NA	CP037943.1	95.706	489	21	0	1	489	3996662	3997150	0.0	787	489	5689156	100
fimH:696:NA	CP037943.1	95.706	489	21	0	1	489	3996662	3997150	0.0	787	489	5689156	100
fimH:697:NA	CP037943.1	95.706	489	21	0	1	489	3996662	3997150	0.0	787	489	5689156	100
fimH:698:NA	CP037943.1	95.706	489	21	0	1	489	3996662	3997150	0.0	787	489	5689156	100
fimH:699:NA	CP037943.1	95.706	489	21	0	1	489	3996662	3997150	0.0	787	489	5689156	100
fimH:700:NA	CP037943.1	95.706	489	21	0	1	489	3996662	3997150	0.0	787	489	5689156	100
fimH:701:NA	CP037943.1	95.706	489	21	0	1	489	3996662	3997150	0.0	787	489	5689156	100
fimH:702:NA	CP037943.1	95.501	489	22	0	1	489	3996662	3997150	0.0	782	489	5689156	100
fimH:703:NA	CP037943.1	95.706	489	21	0	1	489	3996662	3997150	0.0	787	489	5689156	100
fimH:704:NA	CP037943.1	95.706	489	21	0	1	489	3996662	3997150	0.0	787	489	5689156	100
fimH:705:NA	CP037943.1	95.706	489	21	0	1	489	3996662	3997150	0.0	787	489	5689156	100
fimH:706:NA	CP037943.1	95.706	489	21	0	1	489	3996662	3997150	0.0	787	489	5689156	100
fimH:707:NA	CP037943.1	95.706	489	21	0	1	489	3996662	3997150	0.0	787	489	5689156	100
fimH:708:NA	CP037943.1	95.501	489	22	0	1	489	3996662	3997150	0.0	782	489	5689156	100
fimH:709:NA	CP037943.1	95.501	489	22	0	1	489	3996662	3997150	0.0	782	489	5689156	100
fimH:710:NA	CP037943.1	95.501	489	22	0	1	489	3996662	3997150	0.0	782	489	5689156	100
fimH:711:NA	CP037943.1	95.510	490	21	1	1	489	3996662	3997151	0.0	782	489	5689156	100
fimH:712:NA	CP037943.1	95.501	489	22	0	1	489	3996662	3997150	0.0	782	489	5689156	100
fimH:713:NA	CP037943.1	95.501	489	22	0	1	489	3996662	3997150	0.0	782	489	5689156	100
fimH:714:NA	CP037943.1	95.688	487	21	0	1	487	3996662	3997148	0.0	784	489	5689156	99
fimH:715:NA	CP037943.1	95.688	487	21	0	1	487	3996662	3997148	0.0	784	489	5689156	99
fimH:716:NA	CP037943.1	95.893	487	20	0	1	487	3996662	3997148	0.0	789	489	5689156	99
fimH:717:NA	CP037943.1	96.099	487	19	0	1	487	3996662	3997148	0.0	795	489	5689156	99
fimH:718:NA	CP037943.1	95.688	487	21	0	1	487	3996662	3997148	0.0	784	489	5689156	99
fimH:719:NA	CP037943.1	95.688	487	21	0	1	487	3996662	3997148	0.0	784	489	5689156	99
fimH:720:NA	CP037943.1	95.688	487	21	0	1	487	3996662	3997148	0.0	784	489	5689156	99
fimH:721:NA	CP037943.1	95.910	489	20	0	1	489	3996662	3997150	0.0	793	489	5689156	100
fimH:722:NA	CP037943.1	95.501	489	22	0	1	489	3996662	3997150	0.0	782	489	5689156	100
fimH:723:NA	CP037943.1	95.714	490	19	2	1	489	3996662	3997150	0.0	787	489	5689156	100
fimH:724:NA	CP037943.1	95.501	489	22	0	1	489	3996662	3997150	0.0	782	489	5689156	100
fimH:725:NA	CP037943.1	99.182	489	4	0	1	489	3996662	3997150	0.0	881	489	5689156	100
fimH:726:NA	CP037943.1	99.182	489	4	0	1	489	3996662	3997150	0.0	881	489	5689156	100
fimH:727:NA	CP037943.1	98.978	489	4	1	1	488	3996662	3997150	0.0	874	488	5689156	100
fimH:728:NA	CP037943.1	99.182	489	4	0	1	489	3996662	3997150	0.0	881	489	5689156	100
fimH:729:NA	CP037943.1	99.182	489	4	0	1	489	3996662	3997150	0.0	881	489	5689156	100
fimH:730:NA	CP037943.1	99.182	489	4	0	1	489	3996662	3997150	0.0	881	489	5689156	100
fimH:731:NA	CP037943.1	99.182	489	4	0	1	489	3996662	3997150	0.0	881	489	5689156	100
fimH:732:NA	CP037943.1	99.182	489	4	0	1	489	3996662	3997150	0.0	881	489	5689156	100
fimH:733:NA	CP037943.1	99.182	489	4	0	1	489	3996662	3997150	0.0	881	489	5689156	100
fimH:734:NA	CP037943.1	99.182	489	4	0	1	489	3996662	3997150	0.0	881	489	5689156	100
fimH:735:NA	CP037943.1	98.978	489	5	0	1	489	3996662	3997150	0.0	876	489	5689156	100
fimH:736:NA	CP037943.1	98.978	489	5	0	1	489	3996662	3997150	0.0	876	489	5689156	100
fimH:737:NA	CP037943.1	99.182	489	4	0	1	489	3996662	3997150	0.0	881	489	5689156	100
fimH:738:NA	CP037943.1	98.978	489	5	0	1	489	3996662	3997150	0.0	876	489	5689156	100
fimH:739:NA	CP037943.1	99.182	489	4	0	1	489	3996662	3997150	0.0	881	489	5689156	100
fimH:740:NA	CP037943.1	99.182	489	4	0	1	489	3996662	3997150	0.0	881	489	5689156	100
fimH:741:NA	CP037943.1	98.978	489	5	0	1	489	3996662	3997150	0.0	876	489	5689156	100
fimH:742:NA	CP037943.1	99.182	489	4	0	1	489	3996662	3997150	0.0	881	489	5689156	100
fimH:743:NA	CP037943.1	99.182	489	4	0	1	489	3996662	3997150	0.0	881	489	5689156	100
fimH:744:NA	CP037943.1	99.182	489	4	0	1	489	3996662	3997150	0.0	881	489	5689156	100
fimH:745:NA	CP037943.1	98.978	489	5	0	1	489	3996662	3997150	0.0	876	489	5689156	100
fimH:746:NA	CP037943.1	98.773	489	6	0	1	489	3996662	3997150	0.0	870	489	5689156	100
fimH:747:NA	CP037943.1	99.182	489	4	0	1	489	3996662	3997150	0.0	881	489	5689156	100
fimH:748:NA	CP037943.1	99.182	489	4	0	1	489	3996662	3997150	0.0	881	489	5689156	100
fimH:749:NA	CP037943.1	99.182	489	4	0	1	489	3996662	3997150	0.0	881	489	5689156	100
fimH:750:NA	CP037943.1	99.182	489	4	0	1	489	3996662	3997150	0.0	881	489	5689156	100
fimH:751:NA	CP037943.1	99.182	489	4	0	1	489	3996662	3997150	0.0	881	489	5689156	100
fimH:752:NA	CP037943.1	99.375	480	3	0	10	489	3996671	3997150	0.0	870	489	5689156	98
fimH:753:NA	CP037943.1	99.182	489	4	0	1	489	3996662	3997150	0.0	881	489	5689156	100
fimH:754:NA	CP037943.1	99.182	489	4	0	1	489	3996662	3997150	0.0	881	489	5689156	100
fimH:755:NA	CP037943.1	98.978	489	5	0	1	489	3996662	3997150	0.0	876	489	5689156	100
fimH:756:NA	CP037943.1	99.182	489	4	0	1	489	3996662	3997150	0.0	881	489	5689156	100
fimH:757:NA	CP037943.1	99.182	489	4	0	1	489	3996662	3997150	0.0	881	489	5689156	100
fimH:758:NA	CP037943.1	99.182	489	4	0	1	489	3996662	3997150	0.0	881	489	5689156	100
fimH:759:NA	CP037943.1	98.773	489	6	0	1	489	3996662	3997150	0.0	870	489	5689156	100
fimH:760:NA	CP037943.1	99.182	489	4	0	1	489	3996662	3997150	0.0	881	489	5689156	100
fimH:761:NA	CP037943.1	99.182	489	4	0	1	489	3996662	3997150	0.0	881	489	5689156	100
fimH:762:NA	CP037943.1	99.182	489	4	0	1	489	3996662	3997150	0.0	881	489	5689156	100
fimH:763:NA	CP037943.1	99.182	489	4	0	1	489	3996662	3997150	0.0	881	489	5689156	100
fimH:764:NA	CP037943.1	99.182	489	4	0	1	489	3996662	3997150	0.0	881	489	5689156	100
fimH:765:NA	CP037943.1	98.978	489	5	0	1	489	3996662	3997150	0.0	876	489	5689156	100
fimH:766:NA	CP037943.1	99.182	489	4	0	1	489	3996662	3997150	0.0	881	489	5689156	100
fimH:767:NA	CP037943.1	99.182	489	4	0	1	489	3996662	3997150	0.0	881	489	5689156	100
fimH:768:NA	CP037943.1	98.978	489	5	0	1	489	3996662	3997150	0.0	876	489	5689156	100
fimH:769:NA	CP037943.1	98.978	489	5	0	1	489	3996662	3997150	0.0	876	489	5689156	100
fimH:770:NA	CP037943.1	98.978	489	5	0	1	489	3996662	3997150	0.0	876	489	5689156	100
fimH:771:NA	CP037943.1	99.182	489	4	0	1	489	3996662	3997150	0.0	881	489	5689156	100
fimH:772:NA	CP037943.1	99.182	489	4	0	1	489	3996662	3997150	0.0	881	489	5689156	100
fimH:773:NA	CP037943.1	99.182	489	4	0	1	489	3996662	3997150	0.0	881	489	5689156	100
fimH:774:NA	CP037943.1	99.182	489	4	0	1	489	3996662	3997150	0.0	881	489	5689156	100
fimH:775:NA	CP037943.1	99.591	489	2	0	1	489	3996662	3997150	0.0	893	489	5689156	100
fimH:776:NA	CP037943.1	99.182	489	4	0	1	489	3996662	3997150	0.0	881	489	5689156	100
fimH:777:NA	CP037943.1	99.182	489	4	0	1	489	3996662	3997150	0.0	881	489	5689156	100
fimH:778:NA	CP037943.1	99.182	489	4	0	1	489	3996662	3997150	0.0	881	489	5689156	100
fimH:779:NA	CP037943.1	99.182	489	4	0	1	489	3996662	3997150	0.0	881	489	5689156	100
fimH:780:NA	CP037943.1	99.182	489	4	0	1	489	3996662	3997150	0.0	881	489	5689156	100
fimH:781:NA	CP037943.1	99.182	489	4	0	1	489	3996662	3997150	0.0	881	489	5689156	100
fimH:782:NA	CP037943.1	99.387	489	3	0	1	489	3996662	3997150	0.0	887	489	5689156	100
fimH:783:NA	CP037943.1	98.773	489	6	0	1	489	3996662	3997150	0.0	870	489	5689156	100
fimH:784:NA	CP037943.1	98.773	489	6	0	1	489	3996662	3997150	0.0	870	489	5689156	100
fimH:785:NA	CP037943.1	98.773	489	5	1	1	488	3996662	3997150	0.0	869	488	5689156	100
fimH:786:NA	CP037943.1	98.569	489	7	0	1	489	3996662	3997150	0.0	865	489	5689156	100
fimH:787:NA	CP037943.1	98.364	489	8	0	1	489	3996662	3997150	0.0	859	489	5689156	100
fimH:788:NA	CP037943.1	98.978	489	5	0	1	489	3996662	3997150	0.0	876	489	5689156	100
fimH:789:NA	CP037943.1	99.182	489	4	0	1	489	3996662	3997150	0.0	881	489	5689156	100
fimH:790:NA	CP037943.1	99.387	489	3	0	1	489	3996662	3997150	0.0	887	489	5689156	100
fimH:791:NA	CP037943.1	99.182	489	4	0	1	489	3996662	3997150	0.0	881	489	5689156	100
fimH:792:NA	CP037943.1	99.387	489	3	0	1	489	3996662	3997150	0.0	887	489	5689156	100
fimH:793:NA	CP037943.1	99.182	489	4	0	1	489	3996662	3997150	0.0	881	489	5689156	100
fimH:794:NA	CP037943.1	98.978	489	5	0	1	489	3996662	3997150	0.0	876	489	5689156	100
fimH:795:NA	CP037943.1	98.978	489	5	0	1	489	3996662	3997150	0.0	876	489	5689156	100
fimH:796:NA	CP037943.1	98.978	489	5	0	1	489	3996662	3997150	0.0	876	489	5689156	100
fimH:797:NA	CP037943.1	98.978	489	5	0	1	489	3996662	3997150	0.0	876	489	5689156	100
fimH:798:NA	CP037943.1	98.773	489	6	0	1	489	3996662	3997150	0.0	870	489	5689156	100
fimH:799:NA	CP037943.1	98.773	489	6	0	1	489	3996662	3997150	0.0	870	489	5689156	100
fimH:800:NA	CP037943.1	99.182	489	4	0	1	489	3996662	3997150	0.0	881	489	5689156	100
fimH:801:NA	CP037943.1	99.182	489	4	0	1	489	3996662	3997150	0.0	881	489	5689156	100
fimH:802:NA	CP037943.1	98.978	489	5	0	1	489	3996662	3997150	0.0	876	489	5689156	100
fimH:803:NA	CP037943.1	98.978	489	5	0	1	489	3996662	3997150	0.0	876	489	5689156	100
fimH:804:NA	CP037943.1	98.978	489	5	0	1	489	3996662	3997150	0.0	876	489	5689156	100
fimH:805:NA	CP037943.1	98.978	489	5	0	1	489	3996662	3997150	0.0	876	489	5689156	100
fimH:806:NA	CP037943.1	98.978	489	5	0	1	489	3996662	3997150	0.0	876	489	5689156	100
fimH:807:NA	CP037943.1	98.978	489	5	0	1	489	3996662	3997150	0.0	876	489	5689156	100
fimH:808:NA	CP037943.1	98.978	489	5	0	1	489	3996662	3997150	0.0	876	489	5689156	100
fimH:809:NA	CP037943.1	98.978	489	5	0	1	489	3996662	3997150	0.0	876	489	5689156	100
fimH:810:NA	CP037943.1	98.978	489	5	0	1	489	3996662	3997150	0.0	876	489	5689156	100
fimH:811:NA	CP037943.1	98.978	489	5	0	1	489	3996662	3997150	0.0	876	489	5689156	100
fimH:812:NA	CP037943.1	98.978	489	5	0	1	489	3996662	3997150	0.0	876	489	5689156	100
fimH:813:NA	CP037943.1	98.978	489	5	0	1	489	3996662	3997150	0.0	876	489	5689156	100
fimH:814:NA	CP037943.1	98.978	489	5	0	1	489	3996662	3997150	0.0	876	489	5689156	100
fimH:815:NA	CP037943.1	98.978	489	5	0	1	489	3996662	3997150	0.0	876	489	5689156	100
fimH:816:NA	CP037943.1	98.978	489	5	0	1	489	3996662	3997150	0.0	876	489	5689156	100
fimH:817:NA	CP037943.1	98.978	489	5	0	1	489	3996662	3997150	0.0	876	489	5689156	100
fimH:818:NA	CP037943.1	98.978	489	5	0	1	489	3996662	3997150	0.0	876	489	5689156	100
fimH:819:NA	CP037943.1	98.978	489	5	0	1	489	3996662	3997150	0.0	876	489	5689156	100
fimH:820:NA	CP037943.1	98.978	489	5	0	1	489	3996662	3997150	0.0	876	489	5689156	100
fimH:821:NA	CP037943.1	98.978	489	5	0	1	489	3996662	3997150	0.0	876	489	5689156	100
fimH:822:NA	CP037943.1	99.182	489	4	0	1	489	3996662	3997150	0.0	881	489	5689156	100
fimH:823:NA	CP037943.1	98.978	489	5	0	1	489	3996662	3997150	0.0	876	489	5689156	100
fimH:824:NA	CP037943.1	98.773	489	6	0	1	489	3996662	3997150	0.0	870	489	5689156	100
fimH:825:NA	CP037943.1	98.773	489	6	0	1	489	3996662	3997150	0.0	870	489	5689156	100
fimH:826:NA	CP037943.1	98.569	489	7	0	1	489	3996662	3997150	0.0	865	489	5689156	100
fimH:827:NA	CP037943.1	98.978	489	5	0	1	489	3996662	3997150	0.0	876	489	5689156	100
fimH:828:NA	CP037943.1	98.773	489	6	0	1	489	3996662	3997150	0.0	870	489	5689156	100
fimH:829:NA	CP037943.1	97.751	489	11	0	1	489	3996662	3997150	0.0	843	489	5689156	100
fimH:830:NA	CP037943.1	97.751	489	11	0	1	489	3996662	3997150	0.0	843	489	5689156	100
fimH:831:NA	CP037943.1	97.751	489	11	0	1	489	3996662	3997150	0.0	843	489	5689156	100
fimH:832:NA	CP037943.1	97.751	489	11	0	1	489	3996662	3997150	0.0	843	489	5689156	100
fimH:833:NA	CP037943.1	97.751	489	11	0	1	489	3996662	3997150	0.0	843	489	5689156	100
fimH:834:NA	CP037943.1	97.546	489	12	0	1	489	3996662	3997150	0.0	837	489	5689156	100
fimH:835:NA	CP037943.1	97.751	489	11	0	1	489	3996662	3997150	0.0	843	489	5689156	100
fimH:836:NA	CP037943.1	97.751	489	11	0	1	489	3996662	3997150	0.0	843	489	5689156	100
fimH:837:NA	CP037943.1	98.160	489	9	0	1	489	3996662	3997150	0.0	854	489	5689156	100
fimH:838:NA	CP037943.1	98.364	489	8	0	1	489	3996662	3997150	0.0	859	489	5689156	100
fimH:839:NA	CP037943.1	98.364	489	8	0	1	489	3996662	3997150	0.0	859	489	5689156	100
fimH:840:NA	CP037943.1	98.569	489	7	0	1	489	3996662	3997150	0.0	865	489	5689156	100
fimH:841:NA	CP037943.1	98.160	489	9	0	1	489	3996662	3997150	0.0	854	489	5689156	100
fimH:842:NA	CP037943.1	98.569	489	7	0	1	489	3996662	3997150	0.0	865	489	5689156	100
fimH:843:NA	CP037943.1	97.546	489	12	0	1	489	3996662	3997150	0.0	837	489	5689156	100
fimH:844:NA	CP037943.1	97.546	489	12	0	1	489	3996662	3997150	0.0	837	489	5689156	100
fimH:845:NA	CP037943.1	97.546	489	12	0	1	489	3996662	3997150	0.0	837	489	5689156	100
fimH:846:NA	CP037943.1	97.955	489	10	0	1	489	3996662	3997150	0.0	848	489	5689156	100
fimH:847:NA	CP037943.1	98.773	489	6	0	1	489	3996662	3997150	0.0	870	489	5689156	100
fimH:848:NA	CP037943.1	96.933	489	15	0	1	489	3996662	3997150	0.0	821	489	5689156	100
fimH:849:NA	CP037943.1	97.342	489	13	0	1	489	3996662	3997150	0.0	832	489	5689156	100
fimH:850:NA	CP037943.1	97.751	489	11	0	1	489	3996662	3997150	0.0	843	489	5689156	100
fimH:851:NA	CP037943.1	97.751	489	11	0	1	489	3996662	3997150	0.0	843	489	5689156	100
fimH:852:NA	CP037943.1	97.955	489	10	0	1	489	3996662	3997150	0.0	848	489	5689156	100
fimH:853:NA	CP037943.1	97.751	489	11	0	1	489	3996662	3997150	0.0	843	489	5689156	100
fimH:854:NA	CP037943.1	97.751	489	11	0	1	489	3996662	3997150	0.0	843	489	5689156	100
fimH:855:NA	CP037943.1	97.751	489	11	0	1	489	3996662	3997150	0.0	843	489	5689156	100
fimH:856:NA	CP037943.1	97.942	486	10	0	1	486	3996662	3997147	0.0	843	489	5689156	99
fimH:857:NA	CP037943.1	97.531	486	12	0	1	486	3996662	3997147	0.0	832	489	5689156	99
fimH:858:NA	CP037943.1	98.160	489	9	0	1	489	3996662	3997150	0.0	854	489	5689156	100
fimH:859:NA	CP037943.1	97.955	489	10	0	1	489	3996662	3997150	0.0	848	489	5689156	100
fimH:860:NA	CP037943.1	97.347	490	12	1	1	490	3996662	3997150	0.0	832	490	5689156	100
fimH:861:NA	CP037943.1	97.546	489	12	0	1	489	3996662	3997150	0.0	837	489	5689156	100
fimH:862:NA	CP037943.1	98.364	489	8	0	1	489	3996662	3997150	0.0	859	489	5689156	100
fimH:863:NA	CP037943.1	97.546	489	12	0	1	489	3996662	3997150	0.0	837	489	5689156	100
fimH:864:NA	CP037943.1	97.546	489	12	0	1	489	3996662	3997150	0.0	837	489	5689156	100
fimH:865:NA	CP037943.1	97.546	489	12	0	1	489	3996662	3997150	0.0	837	489	5689156	100
fimH:866:NA	CP037943.1	97.546	489	12	0	1	489	3996662	3997150	0.0	837	489	5689156	100
fimH:867:NA	CP037943.1	97.546	489	12	0	1	489	3996662	3997150	0.0	837	489	5689156	100
fimH:868:NA	CP037943.1	97.546	489	12	0	1	489	3996662	3997150	0.0	837	489	5689156	100
fimH:869:NA	CP037943.1	97.546	489	12	0	1	489	3996662	3997150	0.0	837	489	5689156	100
fimH:870:NA	CP037943.1	97.751	489	11	0	1	489	3996662	3997150	0.0	843	489	5689156	100
fimH:871:NA	CP037943.1	97.546	489	12	0	1	489	3996662	3997150	0.0	837	489	5689156	100
fimH:872:NA	CP037943.1	97.546	489	12	0	1	489	3996662	3997150	0.0	837	489	5689156	100
fimH:873:NA	CP037943.1	97.546	489	12	0	1	489	3996662	3997150	0.0	837	489	5689156	100
fimH:874:NA	CP037943.1	97.546	489	12	0	1	489	3996662	3997150	0.0	837	489	5689156	100
fimH:875:NA	CP037943.1	97.546	489	12	0	1	489	3996662	3997150	0.0	837	489	5689156	100
fimH:876:NA	CP037943.1	97.342	489	13	0	1	489	3996662	3997150	0.0	832	489	5689156	100
fimH:877:NA	CP037943.1	97.137	489	14	0	1	489	3996662	3997150	0.0	826	489	5689156	100
fimH:878:NA	CP037943.1	97.546	489	12	0	1	489	3996662	3997150	0.0	837	489	5689156	100
fimH:879:NA	CP037943.1	97.546	489	12	0	1	489	3996662	3997150	0.0	837	489	5689156	100
fimH:880:NA	CP037943.1	97.546	489	12	0	1	489	3996662	3997150	0.0	837	489	5689156	100
fimH:881:NA	CP037943.1	97.546	489	12	0	1	489	3996662	3997150	0.0	837	489	5689156	100
fimH:882:NA	CP037943.1	97.546	489	12	0	1	489	3996662	3997150	0.0	837	489	5689156	100
fimH:883:NA	CP037943.1	97.546	489	12	0	1	489	3996662	3997150	0.0	837	489	5689156	100
fimH:884:NA	CP037943.1	97.143	490	13	1	1	490	3996662	3997150	0.0	826	490	5689156	100
fimH:885:NA	CP037943.1	97.143	490	13	1	1	490	3996662	3997150	0.0	826	490	5689156	100
fimH:886:NA	CP037943.1	97.143	490	13	1	1	490	3996662	3997150	0.0	826	490	5689156	100
fimH:887:NA	CP037943.1	97.546	489	12	0	1	489	3996662	3997150	0.0	837	489	5689156	100
fimH:888:NA	CP037943.1	97.546	489	12	0	1	489	3996662	3997150	0.0	837	489	5689156	100
fimH:889:NA	CP037943.1	97.342	489	13	0	1	489	3996662	3997150	0.0	832	489	5689156	100
fimH:890:NA	CP037943.1	97.342	489	13	0	1	489	3996662	3997150	0.0	832	489	5689156	100
fimH:891:NA	CP037943.1	97.546	489	12	0	1	489	3996662	3997150	0.0	837	489	5689156	100
fimH:892:NA	CP037943.1	97.546	489	12	0	1	489	3996662	3997150	0.0	837	489	5689156	100
fimH:893:NA	CP037943.1	97.546	489	12	0	1	489	3996662	3997150	0.0	837	489	5689156	100
fimH:894:NA	CP037943.1	97.546	489	12	0	1	489	3996662	3997150	0.0	837	489	5689156	100
fimH:895:NA	CP037943.1	97.546	489	12	0	1	489	3996662	3997150	0.0	837	489	5689156	100
fimH:896:NA	CP037943.1	97.546	489	12	0	1	489	3996662	3997150	0.0	837	489	5689156	100
fimH:897:NA	CP037943.1	97.546	489	12	0	1	489	3996662	3997150	0.0	837	489	5689156	100
fimH:898:NA	CP037943.1	97.546	489	12	0	1	489	3996662	3997150	0.0	837	489	5689156	100
fimH:899:NA	CP037943.1	97.546	489	12	0	1	489	3996662	3997150	0.0	837	489	5689156	100
fimH:900:NA	CP037943.1	97.546	489	12	0	1	489	3996662	3997150	0.0	837	489	5689156	100
fimH:901:NA	CP037943.1	97.546	489	12	0	1	489	3996662	3997150	0.0	837	489	5689156	100
fimH:902:NA	CP037943.1	97.546	489	12	0	1	489	3996662	3997150	0.0	837	489	5689156	100
fimH:903:NA	CP037943.1	97.546	489	12	0	1	489	3996662	3997150	0.0	837	489	5689156	100
fimH:904:NA	CP037943.1	97.546	489	12	0	1	489	3996662	3997150	0.0	837	489	5689156	100
fimH:905:NA	CP037943.1	97.546	489	12	0	1	489	3996662	3997150	0.0	837	489	5689156	100
fimH:906:NA	CP037943.1	97.546	489	12	0	1	489	3996662	3997150	0.0	837	489	5689156	100
fimH:907:NA	CP037943.1	98.364	489	8	0	1	489	3996662	3997150	0.0	859	489	5689156	100
fimH:908:NA	CP037943.1	98.364	489	8	0	1	489	3996662	3997150	0.0	859	489	5689156	100
fimH:909:NA	CP037943.1	97.546	489	12	0	1	489	3996662	3997150	0.0	837	489	5689156	100
fimH:910:NA	CP037943.1	98.160	489	9	0	1	489	3996662	3997150	0.0	854	489	5689156	100
fimH:911:NA	CP037943.1	99.182	489	4	0	1	489	3996662	3997150	0.0	881	489	5689156	100
fimH:912:NA	CP037943.1	99.182	489	4	0	1	489	3996662	3997150	0.0	881	489	5689156	100
fimH:913:NA	CP037943.1	98.569	489	7	0	1	489	3996662	3997150	0.0	865	489	5689156	100
fimH:914:NA	CP037943.1	98.160	489	9	0	1	489	3996662	3997150	0.0	854	489	5689156	100
fimH:915:NA	CP037943.1	98.364	489	8	0	1	489	3996662	3997150	0.0	859	489	5689156	100
fimH:916:NA	CP037943.1	98.569	489	7	0	1	489	3996662	3997150	0.0	865	489	5689156	100
fimH:917:NA	CP037943.1	98.160	489	9	0	1	489	3996662	3997150	0.0	854	489	5689156	100
fimH:918:NA	CP037943.1	98.160	489	9	0	1	489	3996662	3997150	0.0	854	489	5689156	100
fimH:919:NA	CP037943.1	98.160	489	9	0	1	489	3996662	3997150	0.0	854	489	5689156	100
fimH:920:NA	CP037943.1	98.160	489	9	0	1	489	3996662	3997150	0.0	854	489	5689156	100
fimH:921:NA	CP037943.1	98.160	489	9	0	1	489	3996662	3997150	0.0	854	489	5689156	100
fimH:922:NA	CP037943.1	98.160	489	9	0	1	489	3996662	3997150	0.0	854	489	5689156	100
fimH:923:NA	CP037943.1	98.160	489	9	0	1	489	3996662	3997150	0.0	854	489	5689156	100
fimH:924:NA	CP037943.1	97.955	489	10	0	1	489	3996662	3997150	0.0	848	489	5689156	100
fimH:925:NA	CP037943.1	98.160	489	9	0	1	489	3996662	3997150	0.0	854	489	5689156	100
fimH:926:NA	CP037943.1	98.160	489	8	1	1	488	3996662	3997150	0.0	852	488	5689156	100
fimH:927:NA	CP037943.1	98.364	489	8	0	1	489	3996662	3997150	0.0	859	489	5689156	100
fimH:928:NA	CP037943.1	98.160	489	9	0	1	489	3996662	3997150	0.0	854	489	5689156	100
fimH:929:NA	CP037943.1	98.160	489	9	0	1	489	3996662	3997150	0.0	854	489	5689156	100
fimH:930:NA	CP037943.1	98.569	489	7	0	1	489	3996662	3997150	0.0	865	489	5689156	100
fimH:931:NA	CP037943.1	98.569	489	7	0	1	489	3996662	3997150	0.0	865	489	5689156	100
fimH:932:NA	CP037943.1	98.773	489	6	0	1	489	3996662	3997150	0.0	870	489	5689156	100
fimH:933:NA	CP037943.1	98.569	489	7	0	1	489	3996662	3997150	0.0	865	489	5689156	100
fimH:934:NA	CP037943.1	98.364	489	8	0	1	489	3996662	3997150	0.0	859	489	5689156	100
fimH:935:NA	CP037943.1	99.387	489	3	0	1	489	3996662	3997150	0.0	887	489	5689156	100
fimH:936:NA	CP037943.1	99.387	489	3	0	1	489	3996662	3997150	0.0	887	489	5689156	100
fimH:937:NA	CP037943.1	99.387	489	3	0	1	489	3996662	3997150	0.0	887	489	5689156	100
fimH:938:NA	CP037943.1	99.580	476	2	0	1	476	3996662	3997137	0.0	869	499	5689156	95
fimH:939:NA	CP037943.1	99.387	489	3	0	1	489	3996662	3997150	0.0	887	489	5689156	100
fimH:940:NA	CP037943.1	99.387	489	3	0	1	489	3996662	3997150	0.0	887	489	5689156	100
fimH:941:NA	CP037943.1	99.387	489	3	0	1	489	3996662	3997150	0.0	887	489	5689156	100
fimH:942:NA	CP037943.1	99.387	489	3	0	1	489	3996662	3997150	0.0	887	489	5689156	100
fimH:943:NA	CP037943.1	99.387	489	3	0	1	489	3996662	3997150	0.0	887	489	5689156	100
fimH:944:NA	CP037943.1	99.387	489	3	0	1	489	3996662	3997150	0.0	887	489	5689156	100
fimH:945:NA	CP037943.1	99.387	489	3	0	1	489	3996662	3997150	0.0	887	489	5689156	100
fimH:946:NA	CP037943.1	99.387	489	3	0	1	489	3996662	3997150	0.0	887	489	5689156	100
fimH:947:NA	CP037943.1	99.387	489	3	0	1	489	3996662	3997150	0.0	887	489	5689156	100
fimH:948:NA	CP037943.1	99.182	489	4	0	1	489	3996662	3997150	0.0	881	489	5689156	100
fimH:949:NA	CP037943.1	99.387	489	3	0	1	489	3996662	3997150	0.0	887	489	5689156	100
fimH:950:NA	CP037943.1	99.387	489	3	0	1	489	3996662	3997150	0.0	887	489	5689156	100
fimH:951:NA	CP037943.1	99.387	489	3	0	1	489	3996662	3997150	0.0	887	489	5689156	100
fimH:952:NA	CP037943.1	99.387	489	3	0	1	489	3996662	3997150	0.0	887	489	5689156	100
fimH:953:NA	CP037943.1	99.387	489	3	0	1	489	3996662	3997150	0.0	887	489	5689156	100
fimH:954:NA	CP037943.1	99.387	489	3	0	1	489	3996662	3997150	0.0	887	489	5689156	100
fimH:955:NA	CP037943.1	98.978	489	5	0	1	489	3996662	3997150	0.0	876	489	5689156	100
fimH:956:NA	CP037943.1	98.773	489	6	0	1	489	3996662	3997150	0.0	870	489	5689156	100
fimH:957:NA	CP037943.1	98.978	489	5	0	1	489	3996662	3997150	0.0	876	489	5689156	100
fimH:958:NA	CP037943.1	98.978	489	5	0	1	489	3996662	3997150	0.0	876	489	5689156	100
fimH:959:NA	CP037943.1	99.591	489	2	0	1	489	3996662	3997150	0.0	893	489	5689156	100
fimH:960:NA	CP037943.1	99.591	489	2	0	1	489	3996662	3997150	0.0	893	489	5689156	100
fimH:961:NA	CP037943.1	99.591	489	2	0	1	489	3996662	3997150	0.0	893	489	5689156	100
fimH:962:NA	CP037943.1	99.591	489	2	0	1	489	3996662	3997150	0.0	893	489	5689156	100
fimH:963:NA	CP037943.1	99.591	489	2	0	1	489	3996662	3997150	0.0	893	489	5689156	100
fimH:964:NA	CP037943.1	99.591	489	2	0	1	489	3996662	3997150	0.0	893	489	5689156	100
fimH:965:NA	CP037943.1	99.591	489	2	0	1	489	3996662	3997150	0.0	893	489	5689156	100
fimH:966:NA	CP037943.1	99.591	489	2	0	1	489	3996662	3997150	0.0	893	489	5689156	100
fimH:967:NA	CP037943.1	99.591	489	2	0	1	489	3996662	3997150	0.0	893	489	5689156	100
fimH:968:NA	CP037943.1	99.591	489	2	0	1	489	3996662	3997150	0.0	893	489	5689156	100
fimH:969:NA	CP037943.1	99.591	489	2	0	1	489	3996662	3997150	0.0	893	489	5689156	100
fimH:970:NA	CP037943.1	99.591	489	2	0	1	489	3996662	3997150	0.0	893	489	5689156	100
fimH:971:NA	CP037943.1	99.591	489	2	0	1	489	3996662	3997150	0.0	893	489	5689156	100
fimH:972:NA	CP037943.1	99.795	488	1	0	1	488	3996662	3997149	0.0	896	489	5689156	99
fimH:973:NA	CP037943.1	99.796	489	1	0	1	489	3996662	3997150	0.0	898	489	5689156	100
fimH:974:NA	CP037943.1	99.591	489	2	0	1	489	3996662	3997150	0.0	893	489	5689156	100
fimH:975:NA	CP037943.1	99.796	489	1	0	1	489	3996662	3997150	0.0	898	489	5689156	100
fimH:976:NA	CP037943.1	99.796	489	1	0	1	489	3996662	3997150	0.0	898	489	5689156	100
fimH:977:NA	CP037943.1	99.796	489	1	0	1	489	3996662	3997150	0.0	898	489	5689156	100
fimH:978:NA	CP037943.1	99.796	489	1	0	1	489	3996662	3997150	0.0	898	489	5689156	100
fimH:979:NA	CP037943.1	99.796	489	1	0	1	489	3996662	3997150	0.0	898	489	5689156	100
fimH:980:NA	CP037943.1	99.796	489	1	0	1	489	3996662	3997150	0.0	898	489	5689156	100
fimH:981:NA	CP037943.1	99.796	489	1	0	1	489	3996662	3997150	0.0	898	489	5689156	100
fimH:982:NA	CP037943.1	99.796	489	1	0	1	489	3996662	3997150	0.0	898	489	5689156	100
fimH:983:NA	CP037943.1	99.796	489	1	0	1	489	3996662	3997150	0.0	898	489	5689156	100
fimH:984:NA	CP037943.1	99.182	489	4	0	1	489	3996662	3997150	0.0	881	489	5689156	100
fimH:985:NA	CP037943.1	99.387	489	3	0	1	489	3996662	3997150	0.0	887	489	5689156	100
fimH:986:NA	CP037943.1	98.978	489	5	0	1	489	3996662	3997150	0.0	876	489	5689156	100
fimH:987:NA	CP037943.1	98.569	489	7	0	1	489	3996662	3997150	0.0	865	489	5689156	100
fimH:988:NA	CP037943.1	98.160	489	9	0	1	489	3996662	3997150	0.0	854	489	5689156	100
fimH:989:NA	CP037943.1	98.364	489	8	0	1	489	3996662	3997150	0.0	859	489	5689156	100
fimH:990:NA	CP037943.1	98.364	489	8	0	1	489	3996662	3997150	0.0	859	489	5689156	100
fimH:991:NA	CP037943.1	98.160	489	9	0	1	489	3996662	3997150	0.0	854	489	5689156	100
fimH:992:NA	CP037943.1	98.364	489	8	0	1	489	3996662	3997150	0.0	859	489	5689156	100
fimH:993:NA	CP037943.1	98.364	489	8	0	1	489	3996662	3997150	0.0	859	489	5689156	100
fimH:994:NA	CP037943.1	98.978	489	5	0	1	489	3996662	3997150	0.0	876	489	5689156	100
fimH:995:NA	CP037943.1	98.364	489	8	0	1	489	3996662	3997150	0.0	859	489	5689156	100
fimH:996:NA	CP037943.1	98.569	489	7	0	1	489	3996662	3997150	0.0	865	489	5689156	100
fimH:997:NA	CP037943.1	97.955	489	10	0	1	489	3996662	3997150	0.0	848	489	5689156	100
fimH:998:NA	CP037943.1	97.751	489	11	0	1	489	3996662	3997150	0.0	843	489	5689156	100
fimH:999:NA	CP037943.1	97.955	489	10	0	1	489	3996662	3997150	0.0	848	489	5689156	100
fimH:1000:NA	CP037943.1	98.160	489	9	0	1	489	3996662	3997150	0.0	854	489	5689156	100
fimH:1001:NA	CP037943.1	98.569	489	7	0	1	489	3996662	3997150	0.0	865	489	5689156	100
fimH:1002:NA	CP037943.1	98.364	489	8	0	1	489	3996662	3997150	0.0	859	489	5689156	100
fimH:1003:NA	CP037943.1	97.342	489	13	0	1	489	3996662	3997150	0.0	832	489	5689156	100
fimH:1004:NA	CP037943.1	97.342	489	13	0	1	489	3996662	3997150	0.0	832	489	5689156	100
fimH:1005:NA	CP037943.1	97.342	489	13	0	1	489	3996662	3997150	0.0	832	489	5689156	100
fimH:1006:NA	CP037943.1	97.137	489	14	0	1	489	3996662	3997150	0.0	826	489	5689156	100
fimH:1007:NA	CP037943.1	97.342	489	13	0	1	489	3996662	3997150	0.0	832	489	5689156	100
fimH:1008:NA	CP037943.1	97.342	489	13	0	1	489	3996662	3997150	0.0	832	489	5689156	100
fimH:1009:NA	CP037943.1	97.546	489	12	0	1	489	3996662	3997150	0.0	837	489	5689156	100
fimH:1010:NA	CP037943.1	97.342	489	13	0	1	489	3996662	3997150	0.0	832	489	5689156	100
fimH:1011:NA	CP037943.1	97.546	489	12	0	1	489	3996662	3997150	0.0	837	489	5689156	100
fimH:1012:NA	CP037943.1	97.546	489	12	0	1	489	3996662	3997150	0.0	837	489	5689156	100
fimH:1013:NA	CP037943.1	97.546	489	12	0	1	489	3996662	3997150	0.0	837	489	5689156	100
fimH:1014:NA	CP037943.1	97.546	489	12	0	1	489	3996662	3997150	0.0	837	489	5689156	100
fimH:1015:NA	CP037943.1	97.342	489	13	0	1	489	3996662	3997150	0.0	832	489	5689156	100
fimH:1016:NA	CP037943.1	97.546	489	12	0	1	489	3996662	3997150	0.0	837	489	5689156	100
fimH:1017:NA	CP037943.1	97.546	489	12	0	1	489	3996662	3997150	0.0	837	489	5689156	100
fimH:1018:NA	CP037943.1	97.737	486	11	0	1	486	3996665	3997150	0.0	837	486	5689156	100
fimH:1019:NA	CP037943.1	97.751	489	11	0	1	489	3996662	3997150	0.0	843	489	5689156	100
fimH:1020:NA	CP037943.1	98.160	489	9	0	1	489	3996662	3997150	0.0	854	489	5689156	100
fimH:1021:NA	CP037943.1	97.955	489	10	0	1	489	3996662	3997150	0.0	848	489	5689156	100
fimH:1022:NA	CP037943.1	97.342	489	13	0	1	489	3996662	3997150	0.0	832	489	5689156	100
fimH:1023:NA	CP037943.1	97.546	489	12	0	1	489	3996662	3997150	0.0	837	489	5689156	100
fimH:1024:NA	CP037943.1	97.955	489	10	0	1	489	3996662	3997150	0.0	848	489	5689156	100
fimH:1025:NA	CP037943.1	98.569	489	7	0	1	489	3996662	3997150	0.0	865	489	5689156	100
fimH:1026:NA	CP037943.1	98.364	489	8	0	1	489	3996662	3997150	0.0	859	489	5689156	100
fimH:1027:NA	CP037943.1	97.955	489	10	0	1	489	3996662	3997150	0.0	848	489	5689156	100
fimH:1028:NA	CP037943.1	97.546	489	12	0	1	489	3996662	3997150	0.0	837	489	5689156	100
fimH:1029:NA	CP037943.1	97.546	489	12	0	1	489	3996662	3997150	0.0	837	489	5689156	100
fimH:1030:NA	CP037943.1	98.364	489	8	0	1	489	3996662	3997150	0.0	859	489	5689156	100
fimH:1031:NA	CP037943.1	97.955	489	10	0	1	489	3996662	3997150	0.0	848	489	5689156	100
fimH:1032:NA	CP037943.1	97.751	489	11	0	1	489	3996662	3997150	0.0	843	489	5689156	100
fimH:1033:NA	CP037943.1	98.160	489	9	0	1	489	3996662	3997150	0.0	854	489	5689156	100
fimH:1034:NA	CP037943.1	96.933	489	15	0	1	489	3996662	3997150	0.0	821	489	5689156	100
fimH:1035:NA	CP037943.1	97.955	489	10	0	1	489	3996662	3997150	0.0	848	489	5689156	100
fimH:1036:NA	CP037943.1	95.706	489	21	0	1	489	3996662	3997150	0.0	787	489	5689156	100
fimH:1037:NA	CP037943.1	97.751	489	11	0	1	489	3996662	3997150	0.0	843	489	5689156	100
fimH:1038:NA	CP037943.1	98.160	489	9	0	1	489	3996662	3997150	0.0	854	489	5689156	100
fimH:1039:NA	CP037943.1	98.364	489	8	0	1	489	3996662	3997150	0.0	859	489	5689156	100
fimH:1040:NA	CP037943.1	98.160	489	9	0	1	489	3996662	3997150	0.0	854	489	5689156	100
fimH:1041:NA	CP037943.1	97.955	489	10	0	1	489	3996662	3997150	0.0	848	489	5689156	100
fimH:1042:NA	CP037943.1	98.364	489	8	0	1	489	3996662	3997150	0.0	859	489	5689156	100
fimH:1043:NA	CP037943.1	97.751	489	11	0	1	489	3996662	3997150	0.0	843	489	5689156	100
fimH:1044:NA	CP037943.1	97.751	489	11	0	1	489	3996662	3997150	0.0	843	489	5689156	100
fimH:1045:NA	CP037943.1	97.751	489	11	0	1	489	3996662	3997150	0.0	843	489	5689156	100
fimH:1046:NA	CP037943.1	97.751	489	11	0	1	489	3996662	3997150	0.0	843	489	5689156	100
fimH:1047:NA	CP037943.1	97.751	489	11	0	1	489	3996662	3997150	0.0	843	489	5689156	100
fimH:1048:NA	CP037943.1	97.751	489	11	0	1	489	3996662	3997150	0.0	843	489	5689156	100
fimH:1049:NA	CP037943.1	97.751	489	11	0	1	489	3996662	3997150	0.0	843	489	5689156	100
fimH:1050:NA	CP037943.1	97.751	489	11	0	1	489	3996662	3997150	0.0	843	489	5689156	100
fimH:1051:NA	CP037943.1	98.160	489	9	0	1	489	3996662	3997150	0.0	854	489	5689156	100
fimH:1052:NA	CP037943.1	97.955	489	10	0	1	489	3996662	3997150	0.0	848	489	5689156	100
fimH:1053:NA	CP037943.1	98.160	489	9	0	1	489	3996662	3997150	0.0	854	489	5689156	100
fimH:1054:NA	CP037943.1	97.955	489	10	0	1	489	3996662	3997150	0.0	848	489	5689156	100
fimH:1055:NA	CP037943.1	97.955	489	10	0	1	489	3996662	3997150	0.0	848	489	5689156	100
fimH:1056:NA	CP037943.1	97.955	489	10	0	1	489	3996662	3997150	0.0	848	489	5689156	100
fimH:1057:NA	CP037943.1	97.955	489	10	0	1	489	3996662	3997150	0.0	848	489	5689156	100
fimH:1058:NA	CP037943.1	97.955	489	10	0	1	489	3996662	3997150	0.0	848	489	5689156	100
fimH:1059:NA	CP037943.1	97.955	489	10	0	1	489	3996662	3997150	0.0	848	489	5689156	100
fimH:1060:NA	CP037943.1	97.751	489	11	0	1	489	3996662	3997150	0.0	843	489	5689156	100
fimH:1061:NA	CP037943.1	97.546	489	12	0	1	489	3996662	3997150	0.0	837	489	5689156	100
fimH:1062:NA	CP037943.1	97.342	489	13	0	1	489	3996662	3997150	0.0	832	489	5689156	100
fimH:1063:NA	CP037943.1	98.160	489	9	0	1	489	3996662	3997150	0.0	854	489	5689156	100
fimH:1064:NA	CP037943.1	97.751	489	11	0	1	489	3996662	3997150	0.0	843	489	5689156	100
fimH:1065:NA	CP037943.1	97.951	488	10	0	2	489	3996663	3997150	0.0	846	489	5689156	99
fimH:1066:NA	CP037943.1	97.751	489	11	0	1	489	3996662	3997150	0.0	843	489	5689156	100
fimH:1067:NA	CP037943.1	97.955	489	10	0	1	489	3996662	3997150	0.0	848	489	5689156	100
fimH:1068:NA	CP037943.1	97.751	489	11	0	1	489	3996662	3997150	0.0	843	489	5689156	100
fimH:1069:NA	CP037943.1	98.160	489	9	0	1	489	3996662	3997150	0.0	854	489	5689156	100
fimH:1070:NA	CP037943.1	96.319	489	18	0	1	489	3996662	3997150	0.0	804	489	5689156	100
fimH:1071:NA	CP037943.1	96.524	489	17	0	1	489	3996662	3997150	0.0	809	489	5689156	100
fimH:1072:NA	CP037943.1	96.115	489	19	0	1	489	3996662	3997150	0.0	798	489	5689156	100
fimH:1073:NA	CP037943.1	95.910	489	20	0	1	489	3996662	3997150	0.0	793	489	5689156	100
fimH:1074:NA	CP037943.1	96.933	489	15	0	1	489	3996662	3997150	0.0	821	489	5689156	100
fimH:1075:NA	CP037943.1	96.319	489	18	0	1	489	3996662	3997150	0.0	804	489	5689156	100
fimH:1076:NA	CP037943.1	96.115	489	19	0	1	489	3996662	3997150	0.0	798	489	5689156	100
fimH:1077:NA	CP037943.1	97.955	489	10	0	1	489	3996662	3997150	0.0	848	489	5689156	100
fimH:1078:NA	CP037943.1	97.751	489	11	0	1	489	3996662	3997150	0.0	843	489	5689156	100
fimH:1079:NA	CP037943.1	97.751	489	11	0	1	489	3996662	3997150	0.0	843	489	5689156	100
fimH:1080:NA	CP037943.1	98.569	489	7	0	1	489	3996662	3997150	0.0	865	489	5689156	100
fimH:1081:NA	CP037943.1	98.364	489	7	1	1	488	3996662	3997150	0.0	857	488	5689156	100
fimH:1082:NA	CP037943.1	98.364	489	8	0	1	489	3996662	3997150	0.0	859	489	5689156	100
fimH:1083:NA	CP037943.1	98.160	489	9	0	1	489	3996662	3997150	0.0	854	489	5689156	100
fimH:1084:NA	CP037943.1	98.364	489	8	0	1	489	3996662	3997150	0.0	859	489	5689156	100
fimH:1085:NA	CP037943.1	98.160	489	9	0	1	489	3996662	3997150	0.0	854	489	5689156	100
fimH:1086:NA	CP037943.1	98.364	489	8	0	1	489	3996662	3997150	0.0	859	489	5689156	100
fimH:1087:NA	CP037943.1	97.955	489	10	0	1	489	3996662	3997150	0.0	848	489	5689156	100
fimH:1088:NA	CP037943.1	97.955	489	10	0	1	489	3996662	3997150	0.0	848	489	5689156	100
fimH:1089:NA	CP037943.1	97.751	489	11	0	1	489	3996662	3997150	0.0	843	489	5689156	100
fimH:1090:NA	CP037943.1	97.751	489	11	0	1	489	3996662	3997150	0.0	843	489	5689156	100
fimH:1091:NA	CP037943.1	97.751	489	11	0	1	489	3996662	3997150	0.0	843	489	5689156	100
fimH:1092:NA	CP037943.1	97.751	489	11	0	1	489	3996662	3997150	0.0	843	489	5689156	100
fimH:1093:NA	CP037943.1	97.751	489	11	0	1	489	3996662	3997150	0.0	843	489	5689156	100
fimH:1094:NA	CP037943.1	97.751	489	11	0	1	489	3996662	3997150	0.0	843	489	5689156	100
fimH:1095:NA	CP037943.1	97.751	489	11	0	1	489	3996662	3997150	0.0	843	489	5689156	100
fimH:1096:NA	CP037943.1	97.751	489	11	0	1	489	3996662	3997150	0.0	843	489	5689156	100
fimH:1097:NA	CP037943.1	97.751	489	11	0	1	489	3996662	3997150	0.0	843	489	5689156	100
fimH:1098:NA	CP037943.1	97.751	489	11	0	1	489	3996662	3997150	0.0	843	489	5689156	100
fimH:1099:NA	CP037943.1	97.751	489	11	0	1	489	3996662	3997150	0.0	843	489	5689156	100
fimH:1100:NA	CP037943.1	97.751	489	11	0	1	489	3996662	3997150	0.0	843	489	5689156	100
fimH:1101:NA	CP037943.1	97.751	489	11	0	1	489	3996662	3997150	0.0	843	489	5689156	100
fimH:1102:NA	CP037943.1	97.751	489	11	0	1	489	3996662	3997150	0.0	843	489	5689156	100
fimH:1103:NA	CP037943.1	97.751	489	11	0	1	489	3996662	3997150	0.0	843	489	5689156	100
fimH:1104:NA	CP037943.1	97.751	489	11	0	1	489	3996662	3997150	0.0	843	489	5689156	100
fimH:1105:NA	CP037943.1	97.546	489	12	0	1	489	3996662	3997150	0.0	837	489	5689156	100
fimH:1106:NA	CP037943.1	97.751	489	11	0	1	489	3996662	3997150	0.0	843	489	5689156	100
fimH:1107:NA	CP037943.1	97.751	489	11	0	1	489	3996662	3997150	0.0	843	489	5689156	100
fimH:1108:NA	CP037943.1	97.751	489	11	0	1	489	3996662	3997150	0.0	843	489	5689156	100
fimH:1109:NA	CP037943.1	97.751	489	11	0	1	489	3996662	3997150	0.0	843	489	5689156	100
fimH:1110:NA	CP037943.1	97.751	489	11	0	1	489	3996662	3997150	0.0	843	489	5689156	100
fimH:1111:NA	CP037943.1	97.751	489	11	0	1	489	3996662	3997150	0.0	843	489	5689156	100
fimH:1112:NA	CP037943.1	97.955	489	10	0	1	489	3996662	3997150	0.0	848	489	5689156	100
fimH:1113:NA	CP037943.1	97.955	489	10	0	1	489	3996662	3997150	0.0	848	489	5689156	100
fimH:1114:NA	CP037943.1	97.546	489	12	0	1	489	3996662	3997150	0.0	837	489	5689156	100
fimH:1115:NA	CP037943.1	98.160	489	9	0	1	489	3996662	3997150	0.0	854	489	5689156	100
fimH:1116:NA	CP037943.1	98.160	489	9	0	1	489	3996662	3997150	0.0	854	489	5689156	100
fimH:1117:NA	CP037943.1	98.160	489	9	0	1	489	3996662	3997150	0.0	854	489	5689156	100
fimH:1118:NA	CP037943.1	98.160	489	9	0	1	489	3996662	3997150	0.0	854	489	5689156	100
fimH:1119:NA	CP037943.1	98.160	489	9	0	1	489	3996662	3997150	0.0	854	489	5689156	100
fimH:1120:NA	CP037943.1	98.160	489	9	0	1	489	3996662	3997150	0.0	854	489	5689156	100
fimH:1121:NA	CP037943.1	98.160	489	9	0	1	489	3996662	3997150	0.0	854	489	5689156	100
fimH:1122:NA	CP037943.1	98.364	489	8	0	1	489	3996662	3997150	0.0	859	489	5689156	100
fimH:1123:NA	CP037943.1	97.546	489	12	0	1	489	3996662	3997150	0.0	837	489	5689156	100
fimH:1124:NA	CP037943.1	98.569	489	7	0	1	489	3996662	3997150	0.0	865	489	5689156	100
fimH:1125:NA	CP037943.1	98.773	489	6	0	1	489	3996662	3997150	0.0	870	489	5689156	100
fimH:1126:NA	CP037943.1	97.751	489	11	0	1	489	3996662	3997150	0.0	843	489	5689156	100
fimH:1127:NA	CP037943.1	98.160	489	9	0	1	489	3996662	3997150	0.0	854	489	5689156	100
fimH:1128:NA	CP037943.1	98.160	489	9	0	1	489	3996662	3997150	0.0	854	489	5689156	100
fimH:1129:NA	CP037943.1	97.955	489	10	0	1	489	3996662	3997150	0.0	848	489	5689156	100
fimH:1130:NA	CP037943.1	97.546	489	12	0	1	489	3996662	3997150	0.0	837	489	5689156	100
fimH:1131:NA	CP037943.1	98.160	489	9	0	1	489	3996662	3997150	0.0	854	489	5689156	100
fimH:1132:NA	CP037943.1	98.160	489	9	0	1	489	3996662	3997150	0.0	854	489	5689156	100
fimH:1133:NA	CP037943.1	98.160	489	9	0	1	489	3996662	3997150	0.0	854	489	5689156	100
fimH:1134:NA	CP037943.1	97.955	489	10	0	1	489	3996662	3997150	0.0	848	489	5689156	100
fimH:1135:NA	CP037943.1	98.160	489	9	0	1	489	3996662	3997150	0.0	854	489	5689156	100
fimH:1136:NA	CP037943.1	98.160	489	9	0	1	489	3996662	3997150	0.0	854	489	5689156	100
fimH:1137:NA	CP037943.1	97.955	489	10	0	1	489	3996662	3997150	0.0	848	489	5689156	100
fimH:1138:NA	CP037943.1	98.160	489	9	0	1	489	3996662	3997150	0.0	854	489	5689156	100
fimH:1139:NA	CP037943.1	98.569	489	7	0	1	489	3996662	3997150	0.0	865	489	5689156	100
fimH:1140:NA	CP037943.1	98.160	489	9	0	1	489	3996662	3997150	0.0	854	489	5689156	100
fimH:1141:NA	CP037943.1	98.160	489	9	0	1	489	3996662	3997150	0.0	854	489	5689156	100
fimH:1142:NA	CP037943.1	98.160	489	9	0	1	489	3996662	3997150	0.0	854	489	5689156	100
fimH:1143:NA	CP037943.1	98.160	489	9	0	1	489	3996662	3997150	0.0	854	489	5689156	100
fimH:1144:NA	CP037943.1	98.160	489	9	0	1	489	3996662	3997150	0.0	854	489	5689156	100
fimH:1145:NA	CP037943.1	98.163	490	8	1	1	489	3996662	3997151	0.0	854	489	5689156	100
fimH:1146:NA	CP037943.1	98.160	489	9	0	1	489	3996662	3997150	0.0	854	489	5689156	100
fimH:1147:NA	CP037943.1	98.160	489	9	0	1	489	3996662	3997150	0.0	854	489	5689156	100
fimH:1148:NA	CP037943.1	98.160	489	9	0	1	489	3996662	3997150	0.0	854	489	5689156	100
fimH:1149:NA	CP037943.1	98.160	489	9	0	1	489	3996662	3997150	0.0	854	489	5689156	100
fimH:1150:NA	CP037943.1	98.160	489	9	0	1	489	3996662	3997150	0.0	854	489	5689156	100
fimH:1151:NA	CP037943.1	98.160	489	9	0	1	489	3996662	3997150	0.0	854	489	5689156	100
fimH:1152:NA	CP037943.1	98.160	489	9	0	1	489	3996662	3997150	0.0	854	489	5689156	100
fimH:1153:NA	CP037943.1	97.955	489	10	0	1	489	3996662	3997150	0.0	848	489	5689156	100
fimH:1154:NA	CP037943.1	97.955	489	10	0	1	489	3996662	3997150	0.0	848	489	5689156	100
fimH:1155:NA	CP037943.1	97.955	489	10	0	1	489	3996662	3997150	0.0	848	489	5689156	100
fimH:1156:NA	CP037943.1	97.955	489	10	0	1	489	3996662	3997150	0.0	848	489	5689156	100
fimH:1157:NA	CP037943.1	97.955	489	10	0	1	489	3996662	3997150	0.0	848	489	5689156	100
fimH:1158:NA	CP037943.1	98.160	489	9	0	1	489	3996662	3997150	0.0	854	489	5689156	100
fimH:1159:NA	CP037943.1	98.364	489	8	0	1	489	3996662	3997150	0.0	859	489	5689156	100
fimH:1160:NA	CP037943.1	98.364	489	8	0	1	489	3996662	3997150	0.0	859	489	5689156	100
fimH:1161:NA	CP037943.1	98.364	489	8	0	1	489	3996662	3997150	0.0	859	489	5689156	100
fimH:1162:NA	CP037943.1	98.160	489	9	0	1	489	3996662	3997150	0.0	854	489	5689156	100
fimH:1163:NA	CP037943.1	97.955	489	10	0	1	489	3996662	3997150	0.0	848	489	5689156	100
fimH:1164:NA	CP037943.1	97.751	489	11	0	1	489	3996662	3997150	0.0	843	489	5689156	100
fimH:1165:NA	CP037943.1	97.546	489	12	0	1	489	3996662	3997150	0.0	837	489	5689156	100
fimH:1166:NA	CP037943.1	97.955	489	10	0	1	489	3996662	3997150	0.0	848	489	5689156	100
fimH:1167:NA	CP037943.1	98.364	489	8	0	1	489	3996662	3997150	0.0	859	489	5689156	100
fimH:1168:NA	CP037943.1	97.751	489	11	0	1	489	3996662	3997150	0.0	843	489	5689156	100
fimH:1169:NA	CP037943.1	97.751	489	11	0	1	489	3996662	3997150	0.0	843	489	5689156	100
fimH:1170:NA	CP037943.1	97.751	489	11	0	1	489	3996662	3997150	0.0	843	489	5689156	100
fimH:1171:NA	CP037943.1	97.955	489	10	0	1	489	3996662	3997150	0.0	848	489	5689156	100
fimH:1172:NA	CP037943.1	97.955	489	10	0	1	489	3996662	3997150	0.0	848	489	5689156	100
fimH:1173:NA	CP037943.1	97.955	489	10	0	1	489	3996662	3997150	0.0	848	489	5689156	100
fimH:1174:NA	CP037943.1	97.751	489	11	0	1	489	3996662	3997150	0.0	843	489	5689156	100
fimH:1175:NA	CP037943.1	97.751	489	11	0	1	489	3996662	3997150	0.0	843	489	5689156	100
fimH:1176:NA	CP037943.1	97.955	489	10	0	1	489	3996662	3997150	0.0	848	489	5689156	100
fimH:1177:NA	CP037943.1	97.751	489	11	0	1	489	3996662	3997150	0.0	843	489	5689156	100
fimH:1178:NA	CP037943.1	97.955	489	10	0	1	489	3996662	3997150	0.0	848	489	5689156	100
fimH:1179:NA	CP037943.1	97.955	489	10	0	1	489	3996662	3997150	0.0	848	489	5689156	100
fimH:1180:NA	CP037943.1	97.955	489	10	0	1	489	3996662	3997150	0.0	848	489	5689156	100
fimH:1181:NA	CP037943.1	97.955	489	10	0	1	489	3996662	3997150	0.0	848	489	5689156	100
fimH:1182:NA	CP037943.1	97.955	489	10	0	1	489	3996662	3997150	0.0	848	489	5689156	100
fimH:1183:NA	CP037943.1	97.955	489	10	0	1	489	3996662	3997150	0.0	848	489	5689156	100
fimH:1184:NA	CP037943.1	97.955	489	10	0	1	489	3996662	3997150	0.0	848	489	5689156	100
fimH:1185:NA	CP037943.1	97.546	489	12	0	1	489	3996662	3997150	0.0	837	489	5689156	100
fimH:1186:NA	CP037943.1	97.546	489	12	0	1	489	3996662	3997150	0.0	837	489	5689156	100
fimH:1187:NA	CP037943.1	97.546	489	12	0	1	489	3996662	3997150	0.0	837	489	5689156	100
fimH:1188:NA	CP037943.1	97.546	489	12	0	1	489	3996662	3997150	0.0	837	489	5689156	100
fimH:1189:NA	CP037943.1	97.546	489	12	0	1	489	3996662	3997150	0.0	837	489	5689156	100
fimH:1190:NA	CP037943.1	97.546	489	12	0	1	489	3996662	3997150	0.0	837	489	5689156	100
fimH:1191:NA	CP037943.1	97.546	489	12	0	1	489	3996662	3997150	0.0	837	489	5689156	100
fimH:1192:NA	CP037943.1	97.546	489	12	0	1	489	3996662	3997150	0.0	837	489	5689156	100
fimH:1193:NA	CP037943.1	97.546	489	12	0	1	489	3996662	3997150	0.0	837	489	5689156	100
fimH:1194:NA	CP037943.1	97.546	489	12	0	1	489	3996662	3997150	0.0	837	489	5689156	100
fimH:1195:NA	CP037943.1	97.546	489	12	0	1	489	3996662	3997150	0.0	837	489	5689156	100
fimH:1196:NA	CP037943.1	97.546	489	12	0	1	489	3996662	3997150	0.0	837	489	5689156	100
fimH:1197:NA	CP037943.1	97.546	489	12	0	1	489	3996662	3997150	0.0	837	489	5689156	100
fimH:1198:NA	CP037943.1	97.546	489	12	0	1	489	3996662	3997150	0.0	837	489	5689156	100
fimH:1199:NA	CP037943.1	97.546	489	12	0	1	489	3996662	3997150	0.0	837	489	5689156	100
fimH:1200:NA	CP037943.1	97.342	489	13	0	1	489	3996662	3997150	0.0	832	489	5689156	100
fimH:1201:NA	CP037943.1	97.751	489	11	0	1	489	3996662	3997150	0.0	843	489	5689156	100
fimH:1202:NA	CP037943.1	97.546	489	12	0	1	489	3996662	3997150	0.0	837	489	5689156	100
fimH:1203:NA	CP037943.1	97.751	489	11	0	1	489	3996662	3997150	0.0	843	489	5689156	100
fimH:1204:NA	CP037943.1	97.546	489	12	0	1	489	3996662	3997150	0.0	837	489	5689156	100
fimH:1205:NA	CP037943.1	97.751	489	11	0	1	489	3996662	3997150	0.0	843	489	5689156	100
fimH:1206:NA	CP037943.1	97.955	489	10	0	1	489	3996662	3997150	0.0	848	489	5689156	100
fimH:1207:NA	CP037943.1	97.751	489	11	0	1	489	3996662	3997150	0.0	843	489	5689156	100
fimH:1208:NA	CP037943.1	97.751	489	11	0	1	489	3996662	3997150	0.0	843	489	5689156	100
fimH:1209:NA	CP037943.1	97.955	489	10	0	1	489	3996662	3997150	0.0	848	489	5689156	100
fimH:1210:NA	CP037943.1	97.955	489	10	0	1	489	3996662	3997150	0.0	848	489	5689156	100
fimH:1211:NA	CP037943.1	98.160	489	9	0	1	489	3996662	3997150	0.0	854	489	5689156	100
fimH:1212:NA	CP037943.1	97.955	489	10	0	1	489	3996662	3997150	0.0	848	489	5689156	100
fimH:1213:NA	CP037943.1	98.160	489	9	0	1	489	3996662	3997150	0.0	854	489	5689156	100
fimH:1214:NA	CP037943.1	97.955	489	10	0	1	489	3996662	3997150	0.0	848	489	5689156	100
fimH:1215:NA	CP037943.1	97.955	489	10	0	1	489	3996662	3997150	0.0	848	489	5689156	100
fimH:1216:NA	CP037943.1	97.751	489	11	0	1	489	3996662	3997150	0.0	843	489	5689156	100
fimH:1217:NA	CP037943.1	97.955	489	10	0	1	489	3996662	3997150	0.0	848	489	5689156	100
fimH:1218:NA	CP037943.1	97.955	489	10	0	1	489	3996662	3997150	0.0	848	489	5689156	100
fimH:1219:NA	CP037943.1	97.751	489	11	0	1	489	3996662	3997150	0.0	843	489	5689156	100
fimH:1220:NA	CP037943.1	97.751	489	11	0	1	489	3996662	3997150	0.0	843	489	5689156	100
fimH:1221:NA	CP037943.1	97.955	489	10	0	1	489	3996662	3997150	0.0	848	489	5689156	100
fimH:1222:NA	CP037943.1	97.955	489	10	0	1	489	3996662	3997150	0.0	848	489	5689156	100
fimH:1223:NA	CP037943.1	97.955	489	10	0	1	489	3996662	3997150	0.0	848	489	5689156	100
fimH:1224:NA	CP037943.1	97.955	489	10	0	1	489	3996662	3997150	0.0	848	489	5689156	100
fimH:1225:NA	CP037943.1	97.955	489	10	0	1	489	3996662	3997150	0.0	848	489	5689156	100
fimH:1226:NA	CP037943.1	97.955	489	10	0	1	489	3996662	3997150	0.0	848	489	5689156	100
fimH:1227:NA	CP037943.1	98.160	489	9	0	1	489	3996662	3997150	0.0	854	489	5689156	100
fimH:1228:NA	CP037943.1	97.955	489	10	0	1	489	3996662	3997150	0.0	848	489	5689156	100
fimH:1229:NA	CP037943.1	97.955	489	10	0	1	489	3996662	3997150	0.0	848	489	5689156	100
fimH:1230:NA	CP037943.1	97.955	489	10	0	1	489	3996662	3997150	0.0	848	489	5689156	100
fimH:1231:NA	CP037943.1	97.955	489	10	0	1	489	3996662	3997150	0.0	848	489	5689156	100
fimH:1232:NA	CP037943.1	97.955	489	10	0	1	489	3996662	3997150	0.0	848	489	5689156	100
fimH:1233:NA	CP037943.1	97.955	489	10	0	1	489	3996662	3997150	0.0	848	489	5689156	100
fimH:1234:NA	CP037943.1	97.955	489	10	0	1	489	3996662	3997150	0.0	848	489	5689156	100
fimH:1235:NA	CP037943.1	98.152	487	9	0	1	487	3996662	3997148	0.0	850	489	5689156	99
fimH:1236:NA	CP037943.1	97.955	489	10	0	1	489	3996662	3997150	0.0	848	489	5689156	100
fimH:1237:NA	CP037943.1	97.955	489	10	0	1	489	3996662	3997150	0.0	848	489	5689156	100
fimH:1238:NA	CP037943.1	97.955	489	10	0	1	489	3996662	3997150	0.0	848	489	5689156	100
fimH:1239:NA	CP037943.1	97.955	489	10	0	1	489	3996662	3997150	0.0	848	489	5689156	100
fimH:1240:NA	CP037943.1	97.955	489	10	0	1	489	3996662	3997150	0.0	848	489	5689156	100
fimH:1241:NA	CP037943.1	98.160	489	9	0	1	489	3996662	3997150	0.0	854	489	5689156	100
fimH:1242:NA	CP037943.1	97.955	489	10	0	1	489	3996662	3997150	0.0	848	489	5689156	100
fimH:1243:NA	CP037943.1	98.160	489	9	0	1	489	3996662	3997150	0.0	854	489	5689156	100
fimH:1244:NA	CP037943.1	98.364	489	8	0	1	489	3996662	3997150	0.0	859	489	5689156	100
fimH:1245:NA	CP037943.1	97.751	489	11	0	1	489	3996662	3997150	0.0	843	489	5689156	100
fimH:1246:NA	CP037943.1	98.160	489	9	0	1	489	3996662	3997150	0.0	854	489	5689156	100
fimH:1247:NA	CP037943.1	98.364	489	8	0	1	489	3996662	3997150	0.0	859	489	5689156	100
fimH:1248:NA	CP037943.1	97.751	489	11	0	1	489	3996662	3997150	0.0	843	489	5689156	100
fimH:1249:NA	CP037943.1	97.955	489	10	0	1	489	3996662	3997150	0.0	848	489	5689156	100
fimH:1250:NA	CP037943.1	97.955	489	10	0	1	489	3996662	3997150	0.0	848	489	5689156	100
fimH:1251:NA	CP037943.1	97.751	489	11	0	1	489	3996662	3997150	0.0	843	489	5689156	100
fimH:1252:NA	CP037943.1	97.751	489	11	0	1	489	3996662	3997150	0.0	843	489	5689156	100
fimH:1253:NA	CP037943.1	97.955	489	10	0	1	489	3996662	3997150	0.0	848	489	5689156	100
fimH:1254:NA	CP037943.1	97.955	489	10	0	1	489	3996662	3997150	0.0	848	489	5689156	100
fimH:1255:NA	CP037943.1	98.569	489	7	0	1	489	3996662	3997150	0.0	865	489	5689156	100
fimH:1256:NA	CP037943.1	98.364	489	8	0	1	489	3996662	3997150	0.0	859	489	5689156	100
fimH:1257:NA	CP037943.1	98.160	489	9	0	1	489	3996662	3997150	0.0	854	489	5689156	100
fimH:1258:NA	CP037943.1	98.160	489	9	0	1	489	3996662	3997150	0.0	854	489	5689156	100
fimH:1259:NA	CP037943.1	97.955	489	10	0	1	489	3996662	3997150	0.0	848	489	5689156	100
fimH:1260:NA	CP037943.1	97.955	489	10	0	1	489	3996662	3997150	0.0	848	489	5689156	100
fimH:1261:NA	CP037943.1	98.160	489	9	0	1	489	3996662	3997150	0.0	854	489	5689156	100
fimH:1262:NA	CP037943.1	96.933	489	15	0	1	489	3996662	3997150	0.0	821	489	5689156	100
fimH:1263:NA	CP037943.1	96.933	489	15	0	1	489	3996662	3997150	0.0	821	489	5689156	100
fimH:1264:NA	CP037943.1	96.933	489	15	0	1	489	3996662	3997150	0.0	821	489	5689156	100
fimH:1265:NA	CP037943.1	96.933	489	15	0	1	489	3996662	3997150	0.0	821	489	5689156	100
fimH:1266:NA	CP037943.1	96.933	489	15	0	1	489	3996662	3997150	0.0	821	489	5689156	100
fimH:1267:NA	CP037943.1	96.933	489	15	0	1	489	3996662	3997150	0.0	821	489	5689156	100
fimH:1268:NA	CP037943.1	96.933	489	15	0	1	489	3996662	3997150	0.0	821	489	5689156	100
fimH:1269:NA	CP037943.1	96.933	489	15	0	1	489	3996662	3997150	0.0	821	489	5689156	100
fimH:1270:NA	CP037943.1	96.933	489	15	0	1	489	3996662	3997150	0.0	821	489	5689156	100
fimH:1271:NA	CP037943.1	96.933	489	15	0	1	489	3996662	3997150	0.0	821	489	5689156	100
fimH:1272:NA	CP037943.1	97.137	489	14	0	1	489	3996662	3997150	0.0	826	489	5689156	100
fimH:1273:NA	CP037943.1	97.137	489	14	0	1	489	3996662	3997150	0.0	826	489	5689156	100
fimH:1274:NA	CP037943.1	97.137	489	14	0	1	489	3996662	3997150	0.0	826	489	5689156	100
fimH:1275:NA	CP037943.1	97.137	489	14	0	1	489	3996662	3997150	0.0	826	489	5689156	100
fimH:1276:NA	CP037943.1	97.751	489	11	0	1	489	3996662	3997150	0.0	843	489	5689156	100
fimH:1277:NA	CP037943.1	96.933	489	15	0	1	489	3996662	3997150	0.0	821	489	5689156	100
fimH:1278:NA	CP037943.1	97.342	489	13	0	1	489	3996662	3997150	0.0	832	489	5689156	100
fimH:1279:NA	CP037943.1	96.933	489	15	0	1	489	3996662	3997150	0.0	821	489	5689156	100
fimH:1280:NA	CP037943.1	96.933	489	15	0	1	489	3996662	3997150	0.0	821	489	5689156	100
fimH:1281:NA	CP037943.1	96.933	489	15	0	1	489	3996662	3997150	0.0	821	489	5689156	100
fimH:1282:NA	CP037943.1	98.160	489	9	0	1	489	3996662	3997150	0.0	854	489	5689156	100
fimH:1283:NA	CP037943.1	98.160	489	9	0	1	489	3996662	3997150	0.0	854	489	5689156	100
fimH:1284:NA	CP037943.1	98.160	489	9	0	1	489	3996662	3997150	0.0	854	489	5689156	100
fimH:1285:NA	CP037943.1	97.955	489	10	0	1	489	3996662	3997150	0.0	848	489	5689156	100
fimH:1286:NA	CP037943.1	97.955	489	10	0	1	489	3996662	3997150	0.0	848	489	5689156	100
fimH:1287:NA	CP037943.1	97.955	489	10	0	1	489	3996662	3997150	0.0	848	489	5689156	100
fimH:1288:NA	CP037943.1	97.546	489	12	0	1	489	3996662	3997150	0.0	837	489	5689156	100
fimH:1289:NA	CP037943.1	97.751	489	11	0	1	489	3996662	3997150	0.0	843	489	5689156	100
fimH:1290:NA	CP037943.1	97.955	489	10	0	1	489	3996662	3997150	0.0	848	489	5689156	100
fimH:1291:NA	CP037943.1	97.751	489	11	0	1	489	3996662	3997150	0.0	843	489	5689156	100
fimH:1292:NA	CP037943.1	98.364	489	8	0	1	489	3996662	3997150	0.0	859	489	5689156	100
fimH:1293:NA	CP037943.1	98.160	489	9	0	1	489	3996662	3997150	0.0	854	489	5689156	100
fimH:1294:NA	CP037943.1	97.955	489	10	0	1	489	3996662	3997150	0.0	848	489	5689156	100
fimH:1295:NA	CP037943.1	97.955	489	10	0	1	489	3996662	3997150	0.0	848	489	5689156	100
fimH:1296:NA	CP037943.1	97.751	489	11	0	1	489	3996662	3997150	0.0	843	489	5689156	100
fimH:1297:NA	CP037943.1	97.546	489	12	0	1	489	3996662	3997150	0.0	837	489	5689156	100
fimH:1298:NA	CP037943.1	97.546	489	12	0	1	489	3996662	3997150	0.0	837	489	5689156	100
fimH:1299:NA	CP037943.1	98.569	489	7	0	1	489	3996662	3997150	0.0	865	489	5689156	100
fimH:1300:NA	CP037943.1	97.955	489	10	0	1	489	3996662	3997150	0.0	848	489	5689156	100
fimH:1301:NA	CP037943.1	98.160	489	9	0	1	489	3996662	3997150	0.0	854	489	5689156	100
fimH:1302:NA	CP037943.1	97.955	489	10	0	1	489	3996662	3997150	0.0	848	489	5689156	100
fimH:1303:NA	CP037943.1	97.751	489	11	0	1	489	3996662	3997150	0.0	843	489	5689156	100
fimH:1304:NA	CP037943.1	98.160	489	9	0	1	489	3996662	3997150	0.0	854	489	5689156	100
fimH:1305:NA	CP037943.1	98.160	489	8	1	1	488	3996662	3997150	0.0	852	488	5689156	100
fimH:1306:NA	CP037943.1	98.160	489	9	0	1	489	3996662	3997150	0.0	854	489	5689156	100
fimH:1307:NA	CP037943.1	97.955	489	10	0	1	489	3996662	3997150	0.0	848	489	5689156	100
fimH:1308:NA	CP037943.1	97.955	489	10	0	1	489	3996662	3997150	0.0	848	489	5689156	100
fimH:1309:NA	CP037943.1	97.751	489	11	0	1	489	3996662	3997150	0.0	843	489	5689156	100
fimH:1310:NA	CP037943.1	97.751	489	11	0	1	489	3996662	3997150	0.0	843	489	5689156	100
fimH:1311:NA	CP037943.1	97.751	489	11	0	1	489	3996662	3997150	0.0	843	489	5689156	100
fimH:1312:NA	CP037943.1	97.955	489	10	0	1	489	3996662	3997150	0.0	848	489	5689156	100
fimH:1313:NA	CP037943.1	97.955	489	10	0	1	489	3996662	3997150	0.0	848	489	5689156	100
fimH:1314:NA	CP037943.1	97.751	489	11	0	1	489	3996662	3997150	0.0	843	489	5689156	100
fimH:1315:NA	CP037943.1	97.955	489	10	0	1	489	3996662	3997150	0.0	848	489	5689156	100
fimH:1316:NA	CP037943.1	97.546	489	12	0	1	489	3996662	3997150	0.0	837	489	5689156	100
fimH:1317:NA	CP037943.1	97.546	489	12	0	1	489	3996662	3997150	0.0	837	489	5689156	100
fimH:1318:NA	CP037943.1	98.364	489	8	0	1	489	3996662	3997150	0.0	859	489	5689156	100
fimH:1319:NA	CP037943.1	98.364	489	8	0	1	489	3996662	3997150	0.0	859	489	5689156	100
fimH:1320:NA	CP037943.1	98.364	489	8	0	1	489	3996662	3997150	0.0	859	489	5689156	100
fimH:1321:NA	CP037943.1	98.364	489	8	0	1	489	3996662	3997150	0.0	859	489	5689156	100
fimH:1322:NA	CP037943.1	98.364	489	8	0	1	489	3996662	3997150	0.0	859	489	5689156	100
fimH:1323:NA	CP037943.1	98.364	489	8	0	1	489	3996662	3997150	0.0	859	489	5689156	100
fimH:1324:NA	CP037943.1	98.160	489	9	0	1	489	3996662	3997150	0.0	854	489	5689156	100
fimH:1325:NA	CP037943.1	98.160	489	9	0	1	489	3996662	3997150	0.0	854	489	5689156	100
fimH:1326:NA	CP037943.1	98.160	489	9	0	1	489	3996662	3997150	0.0	854	489	5689156	100
fimH:1327:NA	CP037943.1	98.160	489	9	0	1	489	3996662	3997150	0.0	854	489	5689156	100
fimH:1328:NA	CP037943.1	98.160	489	9	0	1	489	3996662	3997150	0.0	854	489	5689156	100
fimH:1329:NA	CP037943.1	97.751	489	11	0	1	489	3996662	3997150	0.0	843	489	5689156	100
fimH:1330:NA	CP037943.1	98.160	489	9	0	1	489	3996662	3997150	0.0	854	489	5689156	100
fimH:1331:NA	CP037943.1	97.955	489	10	0	1	489	3996662	3997150	0.0	848	489	5689156	100
fimH:1332:NA	CP037943.1	97.751	489	11	0	1	489	3996662	3997150	0.0	843	489	5689156	100
fimH:1333:NA	CP037943.1	97.751	489	11	0	1	489	3996662	3997150	0.0	843	489	5689156	100
fimH:1334:NA	CP037943.1	97.546	489	12	0	1	489	3996662	3997150	0.0	837	489	5689156	100
fimH:1335:NA	CP037943.1	97.751	489	11	0	1	489	3996662	3997150	0.0	843	489	5689156	100
fimH:1336:NA	CP037943.1	97.751	489	11	0	1	489	3996662	3997150	0.0	843	489	5689156	100
fimH:1337:NA	CP037943.1	97.751	489	11	0	1	489	3996662	3997150	0.0	843	489	5689156	100
fimH:1338:NA	CP037943.1	97.751	489	11	0	1	489	3996662	3997150	0.0	843	489	5689156	100
fimH:1339:NA	CP037943.1	97.751	489	11	0	1	489	3996662	3997150	0.0	843	489	5689156	100
fimH:1340:NA	CP037943.1	97.751	489	11	0	1	489	3996662	3997150	0.0	843	489	5689156	100
fimH:1341:NA	CP037943.1	97.546	489	12	0	1	489	3996662	3997150	0.0	837	489	5689156	100
fimH:1342:NA	CP037943.1	97.751	489	11	0	1	489	3996662	3997150	0.0	843	489	5689156	100
fimH:1343:NA	CP037943.1	97.751	489	11	0	1	489	3996662	3997150	0.0	843	489	5689156	100
fimH:1344:NA	CP037943.1	97.751	489	11	0	1	489	3996662	3997150	0.0	843	489	5689156	100
fimH:1345:NA	CP037943.1	97.751	489	11	0	1	489	3996662	3997150	0.0	843	489	5689156	100
fimH:1346:NA	CP037943.1	97.955	489	10	0	1	489	3996662	3997150	0.0	848	489	5689156	100
fimH:1347:NA	CP037943.1	97.751	489	11	0	1	489	3996662	3997150	0.0	843	489	5689156	100
fimH:1348:NA	CP037943.1	97.955	489	10	0	1	489	3996662	3997150	0.0	848	489	5689156	100
fimH:1349:NA	CP037943.1	97.955	489	10	0	1	489	3996662	3997150	0.0	848	489	5689156	100
fimH:1350:NA	CP037943.1	98.160	489	9	0	1	489	3996662	3997150	0.0	854	489	5689156	100
fimH:1351:NA	CP037943.1	97.955	489	10	0	1	489	3996662	3997150	0.0	848	489	5689156	100
fimH:1352:NA	CP037943.1	98.160	489	9	0	1	489	3996662	3997150	0.0	854	489	5689156	100
fimH:1353:NA	CP037943.1	97.955	489	10	0	1	489	3996662	3997150	0.0	848	489	5689156	100
fimH:1354:NA	CP037943.1	98.160	489	9	0	1	489	3996662	3997150	0.0	854	489	5689156	100
fimH:1355:NA	CP037943.1	98.160	489	9	0	1	489	3996662	3997150	0.0	854	489	5689156	100
fimH:1356:NA	CP037943.1	98.160	489	9	0	1	489	3996662	3997150	0.0	854	489	5689156	100
fimH:1357:NA	CP037943.1	97.955	489	10	0	1	489	3996662	3997150	0.0	848	489	5689156	100
fimH:1358:NA	CP037943.1	98.160	489	9	0	1	489	3996662	3997150	0.0	854	489	5689156	100
fimH:1359:NA	CP037943.1	98.160	489	9	0	1	489	3996662	3997150	0.0	854	489	5689156	100
fimH:1360:NA	CP037943.1	98.160	489	9	0	1	489	3996662	3997150	0.0	854	489	5689156	100
fimH:1361:NA	CP037943.1	98.160	489	9	0	1	489	3996662	3997150	0.0	854	489	5689156	100
fimH:1362:NA	CP037943.1	98.160	489	9	0	1	489	3996662	3997150	0.0	854	489	5689156	100
fimH:1363:NA	CP037943.1	98.160	489	9	0	1	489	3996662	3997150	0.0	854	489	5689156	100
fimH:1364:NA	CP037943.1	98.160	489	9	0	1	489	3996662	3997150	0.0	854	489	5689156	100
fimH:1365:NA	CP037943.1	98.160	489	9	0	1	489	3996662	3997150	0.0	854	489	5689156	100
fimH:1366:NA	CP037943.1	98.160	489	9	0	1	489	3996662	3997150	0.0	854	489	5689156	100
fimH:1367:NA	CP037943.1	98.160	489	9	0	1	489	3996662	3997150	0.0	854	489	5689156	100
fimH:1368:NA	CP037943.1	98.160	489	9	0	1	489	3996662	3997150	0.0	854	489	5689156	100
fimH:1369:NA	CP037943.1	98.160	489	9	0	1	489	3996662	3997150	0.0	854	489	5689156	100
fimH:1370:NA	CP037943.1	98.160	489	9	0	1	489	3996662	3997150	0.0	854	489	5689156	100
fimH:1371:NA	CP037943.1	98.160	489	9	0	1	489	3996662	3997150	0.0	854	489	5689156	100
fimH:1372:NA	CP037943.1	98.160	489	9	0	1	489	3996662	3997150	0.0	854	489	5689156	100
fimH:1373:NA	CP037943.1	98.160	489	9	0	1	489	3996662	3997150	0.0	854	489	5689156	100
fimH:1374:NA	CP037943.1	98.160	489	9	0	1	489	3996662	3997150	0.0	854	489	5689156	100
fimH:1375:NA	CP037943.1	98.160	489	9	0	1	489	3996662	3997150	0.0	854	489	5689156	100
fimH:1376:NA	CP037943.1	98.160	489	9	0	1	489	3996662	3997150	0.0	854	489	5689156	100
fimH:1377:NA	CP037943.1	97.955	489	10	0	1	489	3996662	3997150	0.0	848	489	5689156	100
fimH:1378:NA	CP037943.1	98.364	489	8	0	1	489	3996662	3997150	0.0	859	489	5689156	100
fimH:1379:NA	CP037943.1	98.773	489	6	0	1	489	3996662	3997150	0.0	870	489	5689156	100
fimH:1380:NA	CP037943.1	98.773	489	6	0	1	489	3996662	3997150	0.0	870	489	5689156	100
fimH:1381:NA	CP037943.1	98.569	489	7	0	1	489	3996662	3997150	0.0	865	489	5689156	100
fimH:1382:NA	CP037943.1	98.160	489	9	0	1	489	3996662	3997150	0.0	854	489	5689156	100
fimH:1383:NA	CP037943.1	98.160	489	9	0	1	489	3996662	3997150	0.0	854	489	5689156	100
fimH:1384:NA	CP037943.1	98.569	489	7	0	1	489	3996662	3997150	0.0	865	489	5689156	100
fimH:1385:NA	CP037943.1	98.364	489	8	0	1	489	3996662	3997150	0.0	859	489	5689156	100
fimH:1386:NA	CP037943.1	98.773	489	6	0	1	489	3996662	3997150	0.0	870	489	5689156	100
fimH:1387:NA	CP037943.1	98.773	489	6	0	1	489	3996662	3997150	0.0	870	489	5689156	100
fimH:1388:NA	CP037943.1	97.955	489	10	0	1	489	3996662	3997150	0.0	848	489	5689156	100
fimH:1389:NA	CP037943.1	96.319	489	18	0	1	489	3996662	3997150	0.0	804	489	5689156	100
fimH:1390:NA	CP037943.1	96.524	489	17	0	1	489	3996662	3997150	0.0	809	489	5689156	100
fimH:1391:NA	CP037943.1	95.501	489	22	0	1	489	3996662	3997150	0.0	782	489	5689156	100
fimH:1392:NA	CP037943.1	95.706	489	21	0	1	489	3996662	3997150	0.0	787	489	5689156	100
fimH:1393:NA	CP037943.1	96.524	489	17	0	1	489	3996662	3997150	0.0	809	489	5689156	100
fimH:1394:NA	CP037943.1	96.319	489	18	0	1	489	3996662	3997150	0.0	804	489	5689156	100
fimH:1395:NA	CP037943.1	96.319	489	18	0	1	489	3996662	3997150	0.0	804	489	5689156	100
fimH:1396:NA	CP037943.1	96.524	489	17	0	1	489	3996662	3997150	0.0	809	489	5689156	100
fimH:1397:NA	CP037943.1	96.933	489	15	0	1	489	3996662	3997150	0.0	821	489	5689156	100
fimH:1398:NA	CP037943.1	96.319	489	18	0	1	489	3996662	3997150	0.0	804	489	5689156	100
fimH:1399:NA	CP037943.1	96.319	489	18	0	1	489	3996662	3997150	0.0	804	489	5689156	100
fimH:1400:NA	CP037943.1	96.319	489	18	0	1	489	3996662	3997150	0.0	804	489	5689156	100
fimH:1401:NA	CP037943.1	95.706	489	21	0	1	489	3996662	3997150	0.0	787	489	5689156	100
fimH:1402:NA	CP037943.1	96.728	489	16	0	1	489	3996662	3997150	0.0	815	489	5689156	100
fimH:1403:NA	CP037943.1	96.304	487	18	0	1	487	3996662	3997148	0.0	800	489	5689156	99
fimH:1404:NA	CP037943.1	96.319	489	18	0	1	489	3996662	3997150	0.0	804	489	5689156	100
fimH:1405:NA	CP037943.1	95.910	489	20	0	1	489	3996662	3997150	0.0	793	489	5689156	100
fimH:1406:NA	CP037943.1	96.115	489	19	0	1	489	3996662	3997150	0.0	798	489	5689156	100
fimH:1407:NA	CP037943.1	98.773	489	6	0	1	489	3996662	3997150	0.0	870	489	5689156	100
fimH:1408:NA	CP037943.1	97.955	489	10	0	1	489	3996662	3997150	0.0	848	489	5689156	100
fimH:1409:NA	CP037943.1	97.955	489	10	0	1	489	3996662	3997150	0.0	848	489	5689156	100
fimH:1410:NA	CP037943.1	97.955	489	10	0	1	489	3996662	3997150	0.0	848	489	5689156	100
fimH:1411:NA	CP037943.1	97.955	489	10	0	1	489	3996662	3997150	0.0	848	489	5689156	100
fimH:1412:NA	CP037943.1	97.955	489	10	0	1	489	3996662	3997150	0.0	848	489	5689156	100
fimH:1413:NA	CP037943.1	97.955	489	10	0	1	489	3996662	3997150	0.0	848	489	5689156	100
fimH:1414:NA	CP037943.1	97.751	489	11	0	1	489	3996662	3997150	0.0	843	489	5689156	100
fimH:1415:NA	CP037943.1	97.955	489	10	0	1	489	3996662	3997150	0.0	848	489	5689156	100
fimH:1416:NA	CP037943.1	97.955	489	10	0	1	489	3996662	3997150	0.0	848	489	5689156	100
fimH:1417:NA	CP037943.1	97.955	489	10	0	1	489	3996662	3997150	0.0	848	489	5689156	100
fimH:1418:NA	CP037943.1	97.955	489	10	0	1	489	3996662	3997150	0.0	848	489	5689156	100
fimH:1419:NA	CP037943.1	97.955	489	10	0	1	489	3996662	3997150	0.0	848	489	5689156	100
fimH:1420:NA	CP037943.1	97.751	489	11	0	1	489	3996662	3997150	0.0	843	489	5689156	100
fimH:1421:NA	CP037943.1	97.751	489	11	0	1	489	3996662	3997150	0.0	843	489	5689156	100
fimH:1422:NA	CP037943.1	97.751	489	11	0	1	489	3996662	3997150	0.0	843	489	5689156	100
fimH:1423:NA	CP037943.1	97.955	489	10	0	1	489	3996662	3997150	0.0	848	489	5689156	100
fimH:1424:NA	CP037943.1	97.751	489	11	0	1	489	3996662	3997150	0.0	843	489	5689156	100
fimH:1425:NA	CP037943.1	98.160	489	9	0	1	489	3996662	3997150	0.0	854	489	5689156	100
fimH:1426:NA	CP037943.1	98.160	489	9	0	1	489	3996662	3997150	0.0	854	489	5689156	100
fimH:1427:NA	CP037943.1	98.160	489	9	0	1	489	3996662	3997150	0.0	854	489	5689156	100
fimH:1428:NA	CP037943.1	98.160	489	9	0	1	489	3996662	3997150	0.0	854	489	5689156	100
fimH:1429:NA	CP037943.1	98.160	489	9	0	1	489	3996662	3997150	0.0	854	489	5689156	100
fimH:1430:NA	CP037943.1	98.160	489	9	0	1	489	3996662	3997150	0.0	854	489	5689156	100
fimH:1431:NA	CP037943.1	98.160	489	9	0	1	489	3996662	3997150	0.0	854	489	5689156	100
fimH:1432:NA	CP037943.1	98.160	489	9	0	1	489	3996662	3997150	0.0	854	489	5689156	100
fimH:1433:NA	CP037943.1	98.160	489	9	0	1	489	3996662	3997150	0.0	854	489	5689156	100
fimH:1434:NA	CP037943.1	98.160	489	9	0	1	489	3996662	3997150	0.0	854	489	5689156	100
fimH:1435:NA	CP037943.1	97.955	489	10	0	1	489	3996662	3997150	0.0	848	489	5689156	100
fimH:1436:NA	CP037943.1	98.160	489	9	0	1	489	3996662	3997150	0.0	854	489	5689156	100
fimH:1437:NA	CP037943.1	98.160	489	9	0	1	489	3996662	3997150	0.0	854	489	5689156	100
fimH:1438:NA	CP037943.1	98.160	489	9	0	1	489	3996662	3997150	0.0	854	489	5689156	100
fimH:1439:NA	CP037943.1	98.160	489	9	0	1	489	3996662	3997150	0.0	854	489	5689156	100
fimH:1440:NA	CP037943.1	98.160	489	9	0	1	489	3996662	3997150	0.0	854	489	5689156	100
fimH:1441:NA	CP037943.1	98.160	489	9	0	1	489	3996662	3997150	0.0	854	489	5689156	100
fimH:1442:NA	CP037943.1	98.160	489	9	0	1	489	3996662	3997150	0.0	854	489	5689156	100
fimH:1443:NA	CP037943.1	95.706	489	21	0	1	489	3996662	3997150	0.0	787	489	5689156	100
fimH:1444:NA	CP037943.1	95.501	489	22	0	1	489	3996662	3997150	0.0	782	489	5689156	100
fimH:1445:NA	CP037943.1	95.501	489	22	0	1	489	3996662	3997150	0.0	782	489	5689156	100
fimH:1446:NA	CP037943.1	95.501	489	22	0	1	489	3996662	3997150	0.0	782	489	5689156	100
fimH:1447:NA	CP037943.1	95.501	489	22	0	1	489	3996662	3997150	0.0	782	489	5689156	100
fimH:1448:NA	CP037943.1	95.910	489	20	0	1	489	3996662	3997150	0.0	793	489	5689156	100
fimH:1449:NA	CP037943.1	96.319	489	18	0	1	489	3996662	3997150	0.0	804	489	5689156	100
fimH:1450:NA	CP037943.1	95.910	489	20	0	1	489	3996662	3997150	0.0	793	489	5689156	100
fimH:1451:NA	CP037943.1	95.910	489	20	0	1	489	3996662	3997150	0.0	793	489	5689156	100
fimH:1452:NA	CP037943.1	95.910	489	20	0	1	489	3996662	3997150	0.0	793	489	5689156	100
fimH:1453:NA	CP037943.1	95.910	489	20	0	1	489	3996662	3997150	0.0	793	489	5689156	100
fimH:1454:NA	CP037943.1	96.933	489	15	0	1	489	3996662	3997150	0.0	821	489	5689156	100
fimH:1455:NA	CP037943.1	96.524	489	17	0	1	489	3996662	3997150	0.0	809	489	5689156	100
fimH:1456:NA	CP037943.1	96.524	489	17	0	1	489	3996662	3997150	0.0	809	489	5689156	100
fimH:1457:NA	CP037943.1	96.524	489	17	0	1	489	3996662	3997150	0.0	809	489	5689156	100
fimH:1458:NA	CP037943.1	96.524	489	17	0	1	489	3996662	3997150	0.0	809	489	5689156	100
fimH:1459:NA	CP037943.1	96.524	489	17	0	1	489	3996662	3997150	0.0	809	489	5689156	100
fimH:1460:NA	CP037943.1	96.728	489	16	0	1	489	3996662	3997150	0.0	815	489	5689156	100
fimH:1461:NA	CP037943.1	96.524	489	17	0	1	489	3996662	3997150	0.0	809	489	5689156	100
fimH:1462:NA	CP037943.1	96.319	489	18	0	1	489	3996662	3997150	0.0	804	489	5689156	100
fimH:1463:NA	CP037943.1	96.524	489	17	0	1	489	3996662	3997150	0.0	809	489	5689156	100
fimH:1464:NA	CP037943.1	96.509	487	17	0	1	487	3996662	3997148	0.0	806	489	5689156	99
fimH:1465:NA	CP037943.1	96.509	487	17	0	1	487	3996662	3997148	0.0	806	489	5689156	99
fimH:1466:NA	CP037943.1	96.509	487	17	0	1	487	3996662	3997148	0.0	806	489	5689156	99
fimH:1467:NA	CP037943.1	96.524	489	17	0	1	489	3996662	3997150	0.0	809	489	5689156	100
fimH:1468:NA	CP037943.1	96.319	489	18	0	1	489	3996662	3997150	0.0	804	489	5689156	100
fimH:1469:NA	CP037943.1	96.319	489	18	0	1	489	3996662	3997150	0.0	804	489	5689156	100
fimH:1470:NA	CP037943.1	96.728	489	16	0	1	489	3996662	3997150	0.0	815	489	5689156	100
fimH:1471:NA	CP037943.1	96.319	489	18	0	1	489	3996662	3997150	0.0	804	489	5689156	100
fimH:1472:NA	CP037943.1	96.319	489	18	0	1	489	3996662	3997150	0.0	804	489	5689156	100
fimH:1473:NA	CP037943.1	96.319	489	18	0	1	489	3996662	3997150	0.0	804	489	5689156	100
fimH:1474:NA	CP037943.1	96.319	489	18	0	1	489	3996662	3997150	0.0	804	489	5689156	100
fimH:1475:NA	CP037943.1	96.524	489	17	0	1	489	3996662	3997150	0.0	809	489	5689156	100
fimH:1476:NA	CP037943.1	95.910	489	20	0	1	489	3996662	3997150	0.0	793	489	5689156	100
fimH:1477:NA	CP037943.1	95.910	489	20	0	1	489	3996662	3997150	0.0	793	489	5689156	100
fimH:1478:NA	CP037943.1	96.115	489	19	0	1	489	3996662	3997150	0.0	798	489	5689156	100
fimH:1479:NA	CP037943.1	96.115	489	19	0	1	489	3996662	3997150	0.0	798	489	5689156	100
fimH:1480:NA	CP037943.1	96.115	489	19	0	1	489	3996662	3997150	0.0	798	489	5689156	100
fimH:1481:NA	CP037943.1	96.115	489	19	0	1	489	3996662	3997150	0.0	798	489	5689156	100
fimH:1482:NA	CP037943.1	96.115	489	19	0	1	489	3996662	3997150	0.0	798	489	5689156	100
fimH:1483:NA	CP037943.1	96.319	489	18	0	1	489	3996662	3997150	0.0	804	489	5689156	100
fimH:1484:NA	CP037943.1	96.524	489	17	0	1	489	3996662	3997150	0.0	809	489	5689156	100
fimH:1485:NA	CP037943.1	96.115	489	19	0	1	489	3996662	3997150	0.0	798	489	5689156	100
fimH:1486:NA	CP037943.1	96.728	489	16	0	1	489	3996662	3997150	0.0	815	489	5689156	100
fimH:1487:NA	CP037943.1	96.524	489	17	0	1	489	3996662	3997150	0.0	809	489	5689156	100
fimH:1488:NA	CP037943.1	96.319	489	18	0	1	489	3996662	3997150	0.0	804	489	5689156	100
fimH:1489:NA	CP037943.1	96.319	489	18	0	1	489	3996662	3997150	0.0	804	489	5689156	100
fimH:1490:NA	CP037943.1	96.319	489	18	0	1	489	3996662	3997150	0.0	804	489	5689156	100
fimH:1491:NA	CP037943.1	96.115	489	19	0	1	489	3996662	3997150	0.0	798	489	5689156	100
fimH:1492:NA	CP037943.1	96.524	489	17	0	1	489	3996662	3997150	0.0	809	489	5689156	100
fimH:1493:NA	CP037943.1	96.115	489	19	0	1	489	3996662	3997150	0.0	798	489	5689156	100
fimH:1494:NA	CP037943.1	95.910	489	20	0	1	489	3996662	3997150	0.0	793	489	5689156	100
fimH:1495:NA	CP037943.1	96.319	489	18	0	1	489	3996662	3997150	0.0	804	489	5689156	100
fimH:1496:NA	CP037943.1	96.524	489	17	0	1	489	3996662	3997150	0.0	809	489	5689156	100
fimH:1497:NA	CP037943.1	96.524	489	17	0	1	489	3996662	3997150	0.0	809	489	5689156	100
fimH:1498:NA	CP037943.1	96.524	489	17	0	1	489	3996662	3997150	0.0	809	489	5689156	100
fimH:1499:NA	CP037943.1	96.115	489	19	0	1	489	3996662	3997150	0.0	798	489	5689156	100
fimH:1500:NA	CP037943.1	96.524	489	17	0	1	489	3996662	3997150	0.0	809	489	5689156	100
fimH:1501:NA	CP037943.1	96.319	489	18	0	1	489	3996662	3997150	0.0	804	489	5689156	100
fimH:1502:NA	CP037943.1	96.524	489	17	0	1	489	3996662	3997150	0.0	809	489	5689156	100
fimH:1503:NA	CP037943.1	96.728	489	16	0	1	489	3996662	3997150	0.0	815	489	5689156	100
fimH:1504:NA	CP037943.1	96.524	489	17	0	1	489	3996662	3997150	0.0	809	489	5689156	100
fimH:1505:NA	CP037943.1	96.327	490	17	1	1	489	3996662	3997151	0.0	804	489	5689156	100
fimH:1506:NA	CP037943.1	96.524	489	17	0	1	489	3996662	3997150	0.0	809	489	5689156	100
fimH:1507:NA	CP037943.1	96.524	489	17	0	1	489	3996662	3997150	0.0	809	489	5689156	100
fimH:1508:NA	CP037943.1	96.524	489	17	0	1	489	3996662	3997150	0.0	809	489	5689156	100
fimH:1509:NA	CP037943.1	96.524	489	17	0	1	489	3996662	3997150	0.0	809	489	5689156	100
fimH:1510:NA	CP037943.1	96.524	489	17	0	1	489	3996662	3997150	0.0	809	489	5689156	100
fimH:1511:NA	CP037943.1	96.359	357	13	0	1	357	3996662	3997018	2.26e-168	588	528	5689156	68
fimH:1512:NA	CP037943.1	95.501	489	22	0	1	489	3996662	3997150	0.0	782	489	5689156	100
fimH:1513:NA	CP037943.1	98.160	489	9	0	1	489	3996662	3997150	0.0	854	489	5689156	100
fimH:1514:NA	CP037943.1	98.569	489	7	0	1	489	3996662	3997150	0.0	865	489	5689156	100
fimH:1515:NA	CP037943.1	98.861	439	5	0	15	453	3996712	3997150	0.0	784	453	5689156	97
fimH:1516:NA	CP037943.1	98.383	371	6	0	51	421	3996780	3997150	0.0	652	421	5689156	88
fimH:1517:NA	CP037943.1	99.688	321	1	0	1	321	3996662	3996982	1.91e-168	588	450	5689156	71
fimH:1518:NA	CP037943.1	99.182	489	3	1	1	488	3996662	3997150	0.0	880	488	5689156	100
fimH:1519:NA	CP037943.1	95.706	489	10	1	1	478	3996662	3997150	0.0	776	478	5689156	100
fimH:1520:NA	CP037943.1	99.317	439	3	0	15	453	3996712	3997150	0.0	795	453	5689156	97
fimH:1521:NA	CP037943.1	99.772	439	1	0	15	453	3996712	3997150	0.0	806	453	5689156	97
fimH:1522:NA	CP037943.1	98.131	321	6	0	1	321	3996662	3996982	4.16e-160	560	450	5689156	71
fimH:1523:NA	CP037943.1	95.501	489	10	1	1	477	3996662	3997150	0.0	771	477	5689156	100
fimH:1524:NA	CP037943.1	96.115	489	3	1	1	473	3996662	3997150	0.0	784	473	5689156	100
fimH:1525:NA	CP037943.1	95.229	503	10	2	1	503	3996662	3997150	0.0	784	503	5689156	100
fimH:1526:NA	CP037943.1	96.541	318	11	0	1	318	3996662	3996979	4.22e-150	527	450	5689156	71
fimH:1527:NA	CP037943.1	95.706	489	9	1	1	477	3996662	3997150	0.0	776	477	5689156	100
fimH:1528:NA	CP037943.1	100.000	439	0	0	15	453	3996712	3997150	0.0	811	453	5689156	97
fimH:1529:NA	CP037943.1	97.546	489	0	1	1	477	3996662	3997150	0.0	826	477	5689156	100
fimH:1530:NA	CP037943.1	99.387	489	0	1	1	486	3996662	3997150	0.0	883	486	5689156	100
fimH:1531:NA	CP037943.1	97.508	321	8	0	1	321	3996662	3996982	9.01e-157	549	450	5689156	71
fimH:1532:NA	CP037943.1	95.688	487	20	1	1	486	3996662	3997148	0.0	782	488	5689156	99
fimH:1533:NA	CP037943.1	95.918	490	19	1	1	490	3996662	3997150	0.0	793	490	5689156	100
fimH:1534:NA	CP037943.1	97.751	489	10	1	1	488	3996662	3997150	0.0	841	488	5689156	100
fimH:1535:NA	CP037943.1	97.546	489	11	1	1	488	3996662	3997150	0.0	835	488	5689156	100
fimH:1536:NA	CP037943.1	98.574	491	5	1	1	491	3996662	3997150	0.0	867	491	5689156	100
fimH:1537:NA	CP037943.1	97.347	490	12	1	1	490	3996662	3997150	0.0	832	490	5689156	100
fimH:1538:NA	CP037943.1	98.773	489	4	1	1	487	3996662	3997150	0.0	869	487	5689156	100
fimH:1539:NA	CP037943.1	98.776	490	5	1	1	490	3996662	3997150	0.0	870	490	5689156	100
fimH:1540:NA	CP037943.1	98.978	489	4	1	1	488	3996662	3997150	0.0	874	488	5689156	100
fimH:1541:NA	CP037943.1	98.160	489	9	0	1	489	3996662	3997150	0.0	854	489	5689156	100
fimH:1542:NA	CP037943.1	97.955	489	10	0	1	489	3996662	3997150	0.0	848	489	5689156	100
fimH:1543:NA	CP037943.1	99.182	489	3	1	1	488	3996662	3997150	0.0	880	488	5689156	100
fimH:1544:NA	CP037943.1	96.524	489	17	0	1	489	3996662	3997150	0.0	809	489	5689156	100
fimH:1545:NA	CP037943.1	96.319	489	18	0	1	489	3996662	3997150	0.0	804	489	5689156	100
fimH:1546:NA	CP037943.1	99.796	489	1	0	1	489	3996662	3997150	0.0	898	489	5689156	100
fimH:1547:NA	CP037943.1	97.955	489	10	0	1	489	3996662	3997150	0.0	848	489	5689156	100
fimH:1548:NA	CP037943.1	98.160	489	9	0	1	489	3996662	3997150	0.0	854	489	5689156	100
fimH:1549:NA	CP037943.1	98.773	489	6	0	1	489	3996662	3997150	0.0	870	489	5689156	100
fimH:1550:NA	CP037943.1	98.978	489	5	0	1	489	3996662	3997150	0.0	876	489	5689156	100
fimH:1551:NA	CP037943.1	97.751	489	11	0	1	489	3996662	3997150	0.0	843	489	5689156	100
fimH:1552:NA	CP037943.1	97.955	489	10	0	1	489	3996662	3997150	0.0	848	489	5689156	100
fimH:1553:NA	CP037943.1	97.546	489	12	0	1	489	3996662	3997150	0.0	837	489	5689156	100
fimH:1554:NA	CP037943.1	98.773	489	6	0	1	489	3996662	3997150	0.0	870	489	5689156	100
fimH:1555:NA	CP037943.1	97.955	489	10	0	1	489	3996662	3997150	0.0	848	489	5689156	100
fimH:1556:NA	CP037943.1	97.955	489	10	0	1	489	3996662	3997150	0.0	848	489	5689156	100
fimH:1557:NA	CP037943.1	95.910	489	20	0	1	489	3996662	3997150	0.0	793	489	5689156	100
fimH:1558:NA	CP037943.1	98.160	489	9	0	1	489	3996662	3997150	0.0	854	489	5689156	100
fimH:1559:NA	CP037943.1	96.319	489	18	0	1	489	3996662	3997150	0.0	804	489	5689156	100
fimH:1560:NA	CP037943.1	95.501	489	22	0	1	489	3996662	3997150	0.0	782	489	5689156	100
fimH:1561:NA	CP037943.1	97.342	489	13	0	1	489	3996662	3997150	0.0	832	489	5689156	100
fimH:1562:NA	CP037943.1	95.706	489	21	0	1	489	3996662	3997150	0.0	787	489	5689156	100
fimH:1563:NA	CP037943.1	96.728	489	16	0	1	489	3996662	3997150	0.0	815	489	5689156	100
fimH:1564:NA	CP037943.1	96.115	489	19	0	1	489	3996662	3997150	0.0	798	489	5689156	100
fimH:1565:NA	CP037943.1	98.160	489	9	0	1	489	3996662	3997150	0.0	854	489	5689156	100
fimH:1566:NA	CP037943.1	98.364	489	8	0	1	489	3996662	3997150	0.0	859	489	5689156	100
fimH:1567:NA	CP037943.1	98.978	489	5	0	1	489	3996662	3997150	0.0	876	489	5689156	100
fimH:1568:NA	CP037943.1	96.728	489	16	0	1	489	3996662	3997150	0.0	815	489	5689156	100
fimH:1569:NA	CP037943.1	98.773	489	6	0	1	489	3996662	3997150	0.0	870	489	5689156	100
fimH:1570:NA	CP037943.1	99.182	489	4	0	1	489	3996662	3997150	0.0	881	489	5689156	100
fimH:1571:NA	CP037943.1	98.160	489	9	0	1	489	3996662	3997150	0.0	854	489	5689156	100
fimH:1572:NA	CP037943.1	97.955	489	10	0	1	489	3996662	3997150	0.0	848	489	5689156	100
fimH:1573:NA	CP037943.1	98.160	489	9	0	1	489	3996662	3997150	0.0	854	489	5689156	100
fimH:1574:NA	CP037943.1	96.319	489	18	0	1	489	3996662	3997150	0.0	804	489	5689156	100
fimH:1575:NA	CP037943.1	97.955	489	10	0	1	489	3996662	3997150	0.0	848	489	5689156	100
fimH:1576:NA	CP037943.1	96.524	489	17	0	1	489	3996662	3997150	0.0	809	489	5689156	100
fimH:1577:NA	CP037943.1	97.546	489	12	0	1	489	3996662	3997150	0.0	837	489	5689156	100
fimH:1578:NA	CP037943.1	97.751	489	11	0	1	489	3996662	3997150	0.0	843	489	5689156	100
fimH:1579:NA	CP037943.1	98.364	489	8	0	1	489	3996662	3997150	0.0	859	489	5689156	100
gad:3:EF547388	CP037943.1	98.644	1401	19	0	1	1401	2992904	2991504	0.0	2483	1401	5689156	100
gad:3:EF547388	CP037943.1	96.645	1401	47	0	1	1401	501254	499854	0.0	2327	1401	5689156	100
gad:4:CP001925	CP037943.1	98.572	1401	20	0	1	1401	2992904	2991504	0.0	2477	1401	5689156	100
gad:4:CP001925	CP037943.1	96.574	1401	48	0	1	1401	501254	499854	0.0	2322	1401	5689156	100
gad:5:CP001846	CP037943.1	98.715	1401	18	0	1	1401	2992904	2991504	0.0	2488	1401	5689156	100
gad:5:CP001846	CP037943.1	96.717	1401	46	0	1	1401	501254	499854	0.0	2333	1401	5689156	100
gad:6:BA000007	CP037943.1	98.644	1401	19	0	1	1401	2992904	2991504	0.0	2483	1401	5689156	100
gad:6:BA000007	CP037943.1	96.645	1401	47	0	1	1401	501254	499854	0.0	2327	1401	5689156	100
gad:7:EF547382	CP037943.1	99.643	1401	5	0	1	1401	2992904	2991504	0.0	2560	1401	5689156	100
gad:7:EF547382	CP037943.1	97.502	1401	35	0	1	1401	501254	499854	0.0	2394	1401	5689156	100
gad:8:CP000266	CP037943.1	99.714	1401	4	0	1	1401	2992904	2991504	0.0	2566	1401	5689156	100
gad:8:CP000266	CP037943.1	97.573	1401	34	0	1	1401	501254	499854	0.0	2399	1401	5689156	100
gad:9:AE005674	CP037943.1	99.857	1401	2	0	1	1401	2992904	2991504	0.0	2577	1401	5689156	100
gad:9:AE005674	CP037943.1	97.716	1401	32	0	1	1401	501254	499854	0.0	2410	1401	5689156	100
gad:10:AE014073	CP037943.1	99.786	1401	3	0	1	1401	2992904	2991504	0.0	2571	1401	5689156	100
gad:10:AE014073	CP037943.1	97.645	1401	33	0	1	1401	501254	499854	0.0	2405	1401	5689156	100
gad:11:EF547385	CP037943.1	99.857	1401	2	0	1	1401	2992904	2991504	0.0	2577	1401	5689156	100
gad:11:EF547385	CP037943.1	97.716	1401	32	0	1	1401	501254	499854	0.0	2410	1401	5689156	100
gad:12:CP000036	CP037943.1	99.786	1401	3	0	1	1401	2992904	2991504	0.0	2571	1401	5689156	100
gad:12:CP000036	CP037943.1	97.645	1401	33	0	1	1401	501254	499854	0.0	2405	1401	5689156	100
gad:13:CU928160	CP037943.1	99.857	1401	2	0	1	1401	2992904	2991504	0.0	2577	1401	5689156	100
gad:13:CU928160	CP037943.1	97.716	1401	32	0	1	1401	501254	499854	0.0	2410	1401	5689156	100
gad:14:CP003297	CP037943.1	99.857	1401	2	0	1	1401	2992904	2991504	0.0	2577	1401	5689156	100
gad:14:CP003297	CP037943.1	97.859	1401	30	0	1	1401	501254	499854	0.0	2422	1401	5689156	100
gad:15:AP009240	CP037943.1	99.929	1401	1	0	1	1401	2992904	2991504	0.0	2582	1401	5689156	100
gad:15:AP009240	CP037943.1	97.930	1401	29	0	1	1401	501254	499854	0.0	2427	1401	5689156	100
gad:16:FN649414	CP037943.1	99.857	1401	2	0	1	1401	2992904	2991504	0.0	2577	1401	5689156	100
gad:16:FN649414	CP037943.1	97.716	1401	32	0	1	1401	501254	499854	0.0	2410	1401	5689156	100
gad:17:U00096	CP037943.1	99.929	1401	1	0	1	1401	2992904	2991504	0.0	2582	1401	5689156	100
gad:17:U00096	CP037943.1	97.787	1401	31	0	1	1401	501254	499854	0.0	2416	1401	5689156	100
gad:18:EF547380	CP037943.1	99.929	1401	1	0	1	1401	2992904	2991504	0.0	2582	1401	5689156	100
gad:18:EF547380	CP037943.1	97.787	1401	31	0	1	1401	501254	499854	0.0	2416	1401	5689156	100
gad:19:EF547383	CP037943.1	99.929	1401	1	0	1	1401	2992904	2991504	0.0	2582	1401	5689156	100
gad:19:EF547383	CP037943.1	97.787	1401	31	0	1	1401	501254	499854	0.0	2416	1401	5689156	100
gad:20:AP010953	CP037943.1	100.000	1401	0	0	1	1401	2992904	2991504	0.0	2588	1401	5689156	100
gad:20:AP010953	CP037943.1	97.859	1401	30	0	1	1401	501254	499854	0.0	2422	1401	5689156	100
gad:21:CU928163	CP037943.1	98.001	1401	28	0	1	1401	2992904	2991504	0.0	2433	1401	5689156	100
gad:21:CU928163	CP037943.1	96.003	1401	56	0	1	1401	501254	499854	0.0	2278	1401	5689156	100
gad:22:CP000970	CP037943.1	97.502	1401	35	0	1	1401	2992904	2991504	0.0	2394	1401	5689156	100
gad:22:CP000970	CP037943.1	95.646	1401	61	0	1	1401	501254	499854	0.0	2250	1401	5689156	100
gad:23:CP000970	CP037943.1	97.930	1401	29	0	1	1401	501254	499854	0.0	2427	1401	5689156	100
gad:23:CP000970	CP037943.1	96.502	1401	49	0	1	1401	2992904	2991504	0.0	2316	1401	5689156	100
gad:24:CP003034	CP037943.1	97.787	1401	31	0	1	1401	501254	499854	0.0	2416	1401	5689156	100
gad:24:CP003034	CP037943.1	96.360	1401	51	0	1	1401	2992904	2991504	0.0	2305	1401	5689156	100
gad:25:CP000802	CP037943.1	98.858	1401	16	0	1	1401	501254	499854	0.0	2499	1401	5689156	100
gad:25:CP000802	CP037943.1	97.288	1401	38	0	1	1401	2992904	2991504	0.0	2377	1401	5689156	100
gad:26:CP004009	CP037943.1	99.500	1401	7	0	1	1401	501254	499854	0.0	2549	1401	5689156	100
gad:26:CP004009	CP037943.1	97.359	1401	37	0	1	1401	2992904	2991504	0.0	2383	1401	5689156	100
gad:27:U00096	CP037943.1	99.714	1401	4	0	1	1401	501254	499854	0.0	2566	1401	5689156	100
gad:27:U00096	CP037943.1	97.859	1401	30	0	1	1401	2992904	2991504	0.0	2422	1401	5689156	100
gad:28:CP001665	CP037943.1	99.358	1401	9	0	1	1401	501254	499854	0.0	2538	1401	5689156	100
gad:28:CP001665	CP037943.1	97.502	1401	35	0	1	1401	2992904	2991504	0.0	2394	1401	5689156	100
gad:29:CP000946	CP037943.1	99.500	1401	7	0	1	1401	501254	499854	0.0	2549	1401	5689156	100
gad:29:CP000946	CP037943.1	97.645	1401	33	0	1	1401	2992904	2991504	0.0	2405	1401	5689156	100
gad:30:CP003301	CP037943.1	99.714	1401	4	0	1	1401	501254	499854	0.0	2566	1401	5689156	100
gad:30:CP003301	CP037943.1	98.001	1401	28	0	1	1401	2992904	2991504	0.0	2433	1401	5689156	100
gad:31:CP002967	CP037943.1	99.714	1401	4	0	1	1401	501254	499854	0.0	2566	1401	5689156	100
gad:31:CP002967	CP037943.1	98.144	1401	26	0	1	1401	2992904	2991504	0.0	2444	1401	5689156	100
gad:32:EF551357	CP037943.1	99.714	1401	4	0	1	1401	501254	499854	0.0	2566	1401	5689156	100
gad:32:EF551357	CP037943.1	97.573	1401	34	0	1	1401	2992904	2991504	0.0	2399	1401	5689156	100
gad:33:EF551358	CP037943.1	99.857	1401	2	0	1	1401	501254	499854	0.0	2577	1401	5689156	100
gad:33:EF551358	CP037943.1	97.716	1401	32	0	1	1401	2992904	2991504	0.0	2410	1401	5689156	100
gad:34:AP009240	CP037943.1	99.857	1401	2	0	1	1401	501254	499854	0.0	2577	1401	5689156	100
gad:34:AP009240	CP037943.1	97.716	1401	32	0	1	1401	2992904	2991504	0.0	2410	1401	5689156	100
gad:35:EF551359	CP037943.1	99.857	1401	2	0	1	1401	501254	499854	0.0	2577	1401	5689156	100
gad:35:EF551359	CP037943.1	97.716	1401	32	0	1	1401	2992904	2991504	0.0	2410	1401	5689156	100
gad:36:EF551360	CP037943.1	99.857	1401	2	0	1	1401	501254	499854	0.0	2577	1401	5689156	100
gad:36:EF551360	CP037943.1	97.716	1401	32	0	1	1401	2992904	2991504	0.0	2410	1401	5689156	100
gad:37:AP010958	CP037943.1	99.929	1401	1	0	1	1401	501254	499854	0.0	2582	1401	5689156	100
gad:37:AP010958	CP037943.1	97.787	1401	31	0	1	1401	2992904	2991504	0.0	2416	1401	5689156	100
gad:38:CP003289	CP037943.1	99.857	1401	2	0	1	1401	501254	499854	0.0	2577	1401	5689156	100
gad:38:CP003289	CP037943.1	97.859	1401	30	0	1	1401	2992904	2991504	0.0	2422	1401	5689156	100
gad:39:CP003297	CP037943.1	99.929	1401	1	0	1	1401	501254	499854	0.0	2582	1401	5689156	100
gad:39:CP003297	CP037943.1	97.787	1401	31	0	1	1401	2992904	2991504	0.0	2416	1401	5689156	100
gad:40:CP001063	CP037943.1	99.929	1401	1	0	1	1401	501254	499854	0.0	2582	1401	5689156	100
gad:40:CP001063	CP037943.1	97.787	1401	31	0	1	1401	2992904	2991504	0.0	2416	1401	5689156	100
gad:41:CP002185	CP037943.1	99.929	1401	1	0	1	1401	501254	499854	0.0	2582	1401	5689156	100
gad:41:CP002185	CP037943.1	97.930	1401	29	0	1	1401	2992904	2991504	0.0	2427	1401	5689156	100
gad:42:AP010953	CP037943.1	100.000	1401	0	0	1	1401	501254	499854	0.0	2588	1401	5689156	100
gad:42:AP010953	CP037943.1	97.859	1401	30	0	1	1401	2992904	2991504	0.0	2422	1401	5689156	100
gad:43:CP000034	CP037943.1	98.358	1401	23	0	1	1401	501254	499854	0.0	2460	1401	5689156	100
gad:43:CP000034	CP037943.1	96.645	1401	47	0	1	1401	2992904	2991504	0.0	2327	1401	5689156	100
gad:44:BA000007	CP037943.1	98.287	1401	24	0	1	1401	501254	499854	0.0	2455	1401	5689156	100
gad:44:BA000007	CP037943.1	96.717	1401	46	0	1	1401	2992904	2991504	0.0	2333	1401	5689156	100
gad:45:EF551355	CP037943.1	98.216	1401	25	0	1	1401	501254	499854	0.0	2449	1401	5689156	100
gad:45:EF551355	CP037943.1	96.645	1401	47	0	1	1401	2992904	2991504	0.0	2327	1401	5689156	100
gad:46:CU928163	CP037943.1	98.430	1401	22	0	1	1401	501254	499854	0.0	2466	1401	5689156	100
gad:46:CU928163	CP037943.1	97.145	1401	40	0	1	1401	2992904	2991504	0.0	2366	1401	5689156	100
gad:47:FN554766	CP037943.1	98.644	1401	19	0	1	1401	501254	499854	0.0	2483	1401	5689156	100
gad:47:FN554766	CP037943.1	97.074	1401	41	0	1	1401	2992904	2991504	0.0	2361	1401	5689156	100
gad:48:FN649414	CP037943.1	97.787	1401	31	0	1	1401	501254	499854	0.0	2416	1401	5689156	100
gad:48:FN649414	CP037943.1	96.360	1401	51	0	1	1401	2992904	2991504	0.0	2305	1401	5689156	100
gad:49:CP000038	CP037943.1	98.287	1401	24	0	1	1401	501254	499854	0.0	2455	1401	5689156	100
gad:49:CP000038	CP037943.1	96.717	1401	46	0	1	1401	2992904	2991504	0.0	2333	1401	5689156	100
gad:50:AE005674	CP037943.1	98.001	1401	28	0	1	1401	501254	499854	0.0	2433	1401	5689156	100
gad:50:AE005674	CP037943.1	96.717	1401	46	0	1	1401	2992904	2991504	0.0	2333	1401	5689156	100
gad:51:CP000266	CP037943.1	97.859	1401	30	0	1	1401	501254	499854	0.0	2422	1401	5689156	100
gad:51:CP000266	CP037943.1	96.717	1401	46	0	1	1401	2992904	2991504	0.0	2333	1401	5689156	100
gad:52:CP003034	CP037943.1	98.001	1401	28	0	1	1401	2992904	2991504	0.0	2433	1401	5689156	100
gad:52:CP003034	CP037943.1	96.288	1401	52	0	1	1401	501254	499854	0.0	2300	1401	5689156	100
gad:53:CP001855	CP037943.1	97.645	1401	33	0	1	1401	2992904	2991504	0.0	2405	1401	5689156	100
gad:53:CP001855	CP037943.1	95.931	1401	57	0	1	1401	501254	499854	0.0	2272	1401	5689156	100
gad:54:CP001969	CP037943.1	97.716	1401	32	0	1	1401	2992904	2991504	0.0	2410	1401	5689156	100
gad:54:CP001969	CP037943.1	96.003	1401	56	0	1	1401	501254	499854	0.0	2278	1401	5689156	100
gad:55:CP002167	CP037943.1	97.787	1401	31	0	1	1401	2992904	2991504	0.0	2416	1401	5689156	100
gad:55:CP002167	CP037943.1	96.074	1401	55	0	1	1401	501254	499854	0.0	2283	1401	5689156	100
gad:56:CP000247	CP037943.1	97.502	1401	35	0	1	1401	2992904	2991504	0.0	2394	1401	5689156	100
gad:56:CP000247	CP037943.1	96.360	1401	51	0	1	1401	501254	499854	0.0	2305	1401	5689156	100
gad:57:AP009378	CP037943.1	98.144	1401	26	0	1	1401	2992904	2991504	0.0	2444	1401	5689156	100
gad:57:AP009378	CP037943.1	96.288	1401	52	0	1	1401	501254	499854	0.0	2300	1401	5689156	100
gad:58:CU928162	CP037943.1	98.144	1401	26	0	1	1401	2992904	2991504	0.0	2444	1401	5689156	100
gad:58:CU928162	CP037943.1	96.146	1401	54	0	1	1401	501254	499854	0.0	2289	1401	5689156	100
gad:59:EF547386	CP037943.1	98.073	1401	27	0	1	1401	2992904	2991504	0.0	2438	1401	5689156	100
gad:59:EF547386	CP037943.1	96.074	1401	55	0	1	1401	501254	499854	0.0	2283	1401	5689156	100
gad:60:CP001671	CP037943.1	98.287	1401	24	0	1	1401	2992904	2991504	0.0	2455	1401	5689156	100
gad:60:CP001671	CP037943.1	96.288	1401	52	0	1	1401	501254	499854	0.0	2300	1401	5689156	100
gad:61:FM180568	CP037943.1	98.287	1401	24	0	1	1401	2992904	2991504	0.0	2455	1401	5689156	100
gad:61:FM180568	CP037943.1	96.288	1401	52	0	1	1401	501254	499854	0.0	2300	1401	5689156	100
gad:62:EF547387	CP037943.1	98.216	1401	25	0	1	1401	2992904	2991504	0.0	2449	1401	5689156	100
gad:62:EF547387	CP037943.1	96.217	1401	53	0	1	1401	501254	499854	0.0	2294	1401	5689156	100
gad:63:CP001855	CP037943.1	96.931	1401	43	0	1	1401	501254	499854	0.0	2350	1401	5689156	100
gad:63:CP001855	CP037943.1	96.502	1401	49	0	1	1401	2992904	2991504	0.0	2316	1401	5689156	100
gad:64:AP009378	CP037943.1	97.645	1401	33	0	1	1401	501254	499854	0.0	2405	1401	5689156	100
gad:64:AP009378	CP037943.1	96.360	1401	51	0	1	1401	2992904	2991504	0.0	2305	1401	5689156	100
gad:65:CU928162	CP037943.1	97.074	1401	41	0	1	1401	501254	499854	0.0	2361	1401	5689156	100
gad:65:CU928162	CP037943.1	95.931	1401	57	0	1	1401	2992904	2991504	0.0	2272	1401	5689156	100
gad:66:CP002167	CP037943.1	97.288	1401	38	0	1	1401	501254	499854	0.0	2377	1401	5689156	100
gad:66:CP002167	CP037943.1	96.146	1401	54	0	1	1401	2992904	2991504	0.0	2289	1401	5689156	100
gad:67:CP001671	CP037943.1	97.216	1401	39	0	1	1401	501254	499854	0.0	2372	1401	5689156	100
gad:67:CP001671	CP037943.1	96.074	1401	55	0	1	1401	2992904	2991504	0.0	2283	1401	5689156	100
gad:68:CP000247	CP037943.1	97.359	1401	37	0	1	1401	501254	499854	0.0	2383	1401	5689156	100
gad:68:CP000247	CP037943.1	96.217	1401	53	0	1	1401	2992904	2991504	0.0	2294	1401	5689156	100
gad:69:FM180568	CP037943.1	97.716	1401	32	0	1	1401	501254	499854	0.0	2410	1401	5689156	100
gad:69:FM180568	CP037943.1	96.574	1401	48	0	1	1401	2992904	2991504	0.0	2322	1401	5689156	100
gad:70:EF551351	CP037943.1	97.645	1401	33	0	1	1401	501254	499854	0.0	2405	1401	5689156	100
gad:70:EF551351	CP037943.1	96.502	1401	49	0	1	1401	2992904	2991504	0.0	2316	1401	5689156	100
ehxA:1:EF204927	CP037944.1	95.863	2997	121	1	1	2994	26911	23915	0.0	4844	2994	88848	100
ehxA:2:EF204928	CP037944.1	95.829	2997	122	1	1	2994	26911	23915	0.0	4839	2994	88848	100
ehxA:3:AB011549	CP037944.1	99.600	2997	12	0	1	2997	26911	23915	0.0	5469	2997	88848	100
ehxA:4:X94129	CP037944.1	99.700	2997	9	0	1	2997	26911	23915	0.0	5485	2997	88848	100
ehxA:5:FJ386569	CP037944.1	99.766	2997	7	0	1	2997	26911	23915	0.0	5496	2997	88848	100
ehxA:6:AP010959	CP037944.1	99.766	2997	7	0	1	2997	26911	23915	0.0	5496	2997	88848	100
ehxA:7:HM138194	CP037944.1	99.967	2997	1	0	1	2997	26911	23915	0.0	5529	2997	88848	100
ehxA:8:AY258503	CP037944.1	98.198	2997	54	0	1	2997	26911	23915	0.0	5236	2997	88848	100
ehxA:9:AF043471	CP037944.1	98.298	2997	51	0	1	2997	26911	23915	0.0	5252	2997	88848	100
ehxA:10:EF204922	CP037944.1	98.265	2997	52	0	1	2997	26911	23915	0.0	5247	2997	88848	100
ehxA:11:EF204925	CP037944.1	98.398	2997	48	0	1	2997	26911	23915	0.0	5269	2997	88848	100
ehxA:12:EF204923	CP037944.1	98.565	2997	43	0	1	2997	26911	23915	0.0	5297	2997	88848	100
hlyE:3:ECU57430	CP037943.1	99.455	918	5	0	1	918	32673	31756	0.0	1668	918	5689156	100
iha:4:AF399919	CP037943.1	91.487	2091	175	2	1	2088	2436949	2439039	0.0	2872	2088	5689156	100
iha:4:AF399919	CP037943.1	91.296	2091	179	2	1	2088	5488634	5486544	0.0	2850	2088	5689156	100
iha:5:AP010953	CP037943.1	99.904	2091	2	0	1	2091	2436949	2439039	0.0	3851	2091	5689156	100
iha:5:AP010953	CP037943.1	98.231	2091	37	0	1	2091	5488634	5486544	0.0	3657	2091	5689156	100
iha:6:DQ211582	CP037943.1	99.617	2091	8	0	1	2091	5488634	5486544	0.0	3818	2091	5689156	100
iha:6:DQ211582	CP037943.1	98.135	2091	39	0	1	2091	2436949	2439039	0.0	3646	2091	5689156	100
iha:7:AE014075	CP037943.1	99.665	2091	7	0	1	2091	5488634	5486544	0.0	3823	2091	5689156	100
iha:7:AE014075	CP037943.1	98.183	2091	38	0	1	2091	2436949	2439039	0.0	3651	2091	5689156	100
iha:8:AJ586888	CP037943.1	99.474	2091	11	0	1	2091	5488634	5486544	0.0	3801	2091	5689156	100
iha:8:AJ586888	CP037943.1	97.991	2091	42	0	1	2091	2436949	2439039	0.0	3629	2091	5689156	100
iha:9:CP002212	CP037943.1	99.522	2091	10	0	1	2091	5488634	5486544	0.0	3807	2091	5689156	100
iha:9:CP002212	CP037943.1	98.039	2091	41	0	1	2091	2436949	2439039	0.0	3635	2091	5689156	100
iha:10:CP003034	CP037943.1	99.522	2091	10	0	1	2091	5488634	5486544	0.0	3807	2091	5689156	100
iha:10:CP003034	CP037943.1	98.039	2091	41	0	1	2091	2436949	2439039	0.0	3635	2091	5689156	100
iha:11:CP001671	CP037943.1	99.570	2091	9	0	1	2091	5488634	5486544	0.0	3812	2091	5689156	100
iha:11:CP001671	CP037943.1	98.087	2091	40	0	1	2091	2436949	2439039	0.0	3640	2091	5689156	100
iha:12:CP003289	CP037943.1	99.904	2091	2	0	1	2091	5488634	5486544	0.0	3851	2091	5689156	100
iha:12:CP003289	CP037943.1	98.231	2091	37	0	1	2091	2436949	2439039	0.0	3657	2091	5689156	100
iha:13:BA000007	CP037943.1	99.904	2091	2	0	1	2091	5488634	5486544	0.0	3851	2091	5689156	100
iha:13:BA000007	CP037943.1	98.231	2091	37	0	1	2091	2436949	2439039	0.0	3657	2091	5689156	100
iha:14:AE005174	CP037943.1	99.952	2091	1	0	1	2091	5488634	5486544	0.0	3856	2091	5689156	100
iha:14:AE005174	CP037943.1	98.278	2091	36	0	1	2091	2436949	2439039	0.0	3663	2091	5689156	100
iha:15:CP000036	CP037943.1	99.665	2091	7	0	1	2091	5488634	5486544	0.0	3823	2091	5689156	100
iha:15:CP000036	CP037943.1	98.183	2091	38	0	1	2091	2436949	2439039	0.0	3651	2091	5689156	100
iha:16:CP001063	CP037943.1	99.665	2091	7	0	1	2091	5488634	5486544	0.0	3823	2091	5689156	100
iha:16:CP001063	CP037943.1	98.183	2091	38	0	1	2091	2436949	2439039	0.0	3651	2091	5689156	100
iha:17:CU928162	CP037943.1	99.713	2091	6	0	1	2091	5488634	5486544	0.0	3829	2091	5689156	100
iha:17:CU928162	CP037943.1	98.231	2091	37	0	1	2091	2436949	2439039	0.0	3657	2091	5689156	100
iha:18:CU928162	CP037943.1	94.835	2091	108	0	1	2091	5488634	5486544	0.0	3264	2091	5689156	100
iha:18:CU928162	CP037943.1	94.596	2091	113	0	1	2091	2436949	2439039	0.0	3236	2091	5689156	100
iha:19:AJ278144	CP037943.1	93.735	2091	128	2	1	2088	2436949	2439039	0.0	3133	2088	5689156	100
iha:19:AJ278144	CP037943.1	93.592	2091	131	2	1	2088	5488634	5486544	0.0	3116	2088	5689156	100
iss:1:DQ381420	CP037943.1	95.779	308	13	0	1	308	1518991	1519298	2.23e-141	497	309	5689156	99
iss:1:DQ381420	CP037943.1	95.779	308	13	0	1	308	4732466	4732159	2.23e-141	497	309	5689156	99
iss:2:CP000468	CP037943.1	97.411	309	8	0	1	309	1518991	1519299	2.84e-150	527	309	5689156	100
iss:2:CP000468	CP037943.1	97.411	309	8	0	1	309	4732466	4732158	2.84e-150	527	309	5689156	100
iss:3:CP001509	CP037943.1	92.857	294	21	0	1	294	1519006	1519299	2.81e-120	427	294	5689156	100
iss:3:CP001509	CP037943.1	92.857	294	21	0	1	294	4732451	4732158	2.81e-120	427	294	5689156	100
iss:4:CP001855	CP037943.1	95.563	293	13	0	1	293	1519006	1519298	4.60e-133	470	294	5689156	99
iss:4:CP001855	CP037943.1	95.563	293	13	0	1	293	4732451	4732159	4.60e-133	470	294	5689156	99
iss:5:AP009240	CP037943.1	99.660	294	1	0	1	294	1519006	1519299	1.24e-153	538	294	5689156	100
iss:5:AP009240	CP037943.1	99.660	294	1	0	1	294	4732451	4732158	1.24e-153	538	294	5689156	100
iss:6:CP001846	CP037943.1	99.320	294	2	0	1	294	1519006	1519299	5.79e-152	532	294	5689156	100
iss:6:CP001846	CP037943.1	99.320	294	2	0	1	294	4732451	4732158	5.79e-152	532	294	5689156	100
iss:7:CU928163	CP037943.1	99.660	294	1	0	1	294	1519006	1519299	1.24e-153	538	294	5689156	100
iss:7:CU928163	CP037943.1	99.660	294	1	0	1	294	4732451	4732158	1.24e-153	538	294	5689156	100
iss:8:CP001665	CP037943.1	100.000	294	0	0	1	294	1519006	1519299	2.67e-155	544	294	5689156	100
iss:8:CP001665	CP037943.1	100.000	294	0	0	1	294	4732451	4732158	2.67e-155	544	294	5689156	100
iss:9:CP002167	CP037943.1	97.279	294	8	0	1	294	1519006	1519299	5.87e-142	499	294	5689156	100
iss:9:CP002167	CP037943.1	97.279	294	8	0	1	294	4732451	4732158	5.87e-142	499	294	5689156	100
iss:10:CP004009	CP037943.1	95.578	294	13	0	1	294	1519006	1519299	1.28e-133	472	294	5689156	100
iss:10:CP004009	CP037943.1	95.578	294	13	0	1	294	4732451	4732158	1.28e-133	472	294	5689156	100
iss:11:AE014075	CP037943.1	97.661	342	8	0	1	342	1518958	1519299	1.43e-168	588	342	5689156	100
iss:11:AE014075	CP037943.1	97.661	342	8	0	1	342	4732499	4732158	1.43e-168	588	342	5689156	100
iss:12:CU928158	CP037943.1	98.246	342	6	0	1	342	1518958	1519299	6.59e-172	599	342	5689156	100
iss:12:CU928158	CP037943.1	98.246	342	6	0	1	342	4732499	4732158	6.59e-172	599	342	5689156	100
iss:13:CU928160	CP037943.1	99.708	342	1	0	1	342	1518958	1519299	3.02e-180	627	342	5689156	100
iss:13:CU928160	CP037943.1	99.708	342	1	0	1	342	4732499	4732158	3.02e-180	627	342	5689156	100
iss:14:DQ299398	CP037943.1	94.822	309	16	0	1	309	1518991	1519299	6.23e-137	483	309	5689156	100
iss:14:DQ299398	CP037943.1	94.822	309	16	0	1	309	4732466	4732158	6.23e-137	483	309	5689156	100
katP:1:AB011549	CP037944.1	100.000	2211	0	0	1	2211	69524	67314	0.0	4084	2211	88848	100
lpfA:1:KC207123	CP037943.1	99.651	573	2	0	1	573	3267930	3267358	0.0	1048	573	5689156	100
lpfA:2:AE014073	CP037943.1	99.651	573	2	0	1	573	3267930	3267358	0.0	1048	573	5689156	100
lpfA:3:AP010953	CP037943.1	100.000	573	0	0	1	573	3267930	3267358	0.0	1059	573	5689156	100
lpfA:4:HE616528	CP037943.1	99.651	573	2	0	1	573	3267930	3267358	0.0	1048	573	5689156	100
lpfA:5:AY646923	CP037943.1	99.825	573	1	0	1	573	3267930	3267358	0.0	1053	573	5689156	100
lpfA:6:CU928145	CP037943.1	99.476	573	3	0	1	573	3267930	3267358	0.0	1042	573	5689156	100
lpfA:7:CU928160	CP037943.1	99.476	573	3	0	1	573	3267930	3267358	0.0	1042	573	5689156	100
lpfA:8:CP002185	CP037943.1	99.651	573	2	0	1	573	3267930	3267358	0.0	1048	573	5689156	100
lpfA:9:CP000970	CP037943.1	95.812	573	24	0	1	573	3267930	3267358	0.0	926	573	5689156	100
lpfA:10:AB198066	CP037943.1	95.462	573	26	0	1	573	3267930	3267358	0.0	915	573	5689156	100
lpfA:11:CP003034	CP037943.1	95.986	573	23	0	1	573	3267930	3267358	0.0	931	573	5689156	100
nleA:7:CP001164	CP037943.1	99.774	1326	2	1	1	1326	167526	166202	0.0	2431	1326	5689156	100
nleA:7:CP001164	CP037943.1	90.964	1328	113	5	1	1326	1491566	1492888	0.0	1781	1326	5689156	100
nleA:8:AE005174	CP037943.1	99.849	1326	1	1	1	1326	167526	166202	0.0	2436	1326	5689156	100
nleA:8:AE005174	CP037943.1	91.039	1328	112	5	1	1326	1491566	1492888	0.0	1786	1326	5689156	100
nleA:11:FM180568	CP037943.1	97.732	1323	30	0	1	1323	1491566	1492888	0.0	2278	1323	5689156	100
nleA:11:FM180568	CP037943.1	91.265	1328	108	6	1	1323	167526	166202	0.0	1803	1323	5689156	100
nleA:12:AM422003	CP037943.1	100.000	1323	0	0	1	1323	1491566	1492888	0.0	2444	1323	5689156	100
nleA:12:AM422003	CP037943.1	90.964	1328	112	6	1	1323	167526	166202	0.0	1781	1323	5689156	100
nleA:13:AP010960	CP037943.1	99.924	1323	1	0	1	1323	1491566	1492888	0.0	2438	1323	5689156	100
nleA:13:AP010960	CP037943.1	91.039	1328	111	6	1	1323	167526	166202	0.0	1786	1323	5689156	100
nleA:14:AM422007	CP037943.1	92.030	1330	100	4	1	1329	167526	166202	0.0	1864	1329	5689156	100
nleA:14:AM422007	CP037943.1	91.272	1329	110	2	1	1329	1491566	1492888	0.0	1807	1329	5689156	100
nleA:15:CP003111	CP037943.1	92.081	1326	102	1	1	1326	1491566	1492888	0.0	1864	1326	5689156	100
nleA:16:GQ845116	CP037943.1	92.006	1326	103	1	1	1326	1491566	1492888	0.0	1858	1326	5689156	100
nleA:17:AM421999	CP037943.1	92.534	1326	90	4	1	1320	1491566	1492888	0.0	1892	1320	5689156	100
nleA:17:AM421999	CP037943.1	90.376	1330	113	8	1	1320	167526	166202	0.0	1733	1320	5689156	100
nleA:18:AM421997	CP037943.1	93.062	1326	83	4	1	1320	1491566	1492888	0.0	1930	1320	5689156	100
nleB:7:FM986650	CP037943.1	99.192	990	8	0	1	990	3783196	3782207	0.0	1784	990	5689156	100
nleB:8:AB426063	CP037943.1	99.192	990	8	0	1	990	3783196	3782207	0.0	1784	990	5689156	100
nleB:9:FM986651	CP037943.1	99.394	990	6	0	1	990	3783196	3782207	0.0	1796	990	5689156	100
nleB:10:AP010960	CP037943.1	99.495	990	5	0	1	990	3783196	3782207	0.0	1801	990	5689156	100
nleB:11:AF453441	CP037943.1	100.000	990	0	0	1	990	3783196	3782207	0.0	1829	990	5689156	100
nleB:12:FM201463	CP037943.1	99.798	990	2	0	1	990	3783196	3782207	0.0	1818	990	5689156	100
nleB:13:AE005174	CP037943.1	99.697	990	3	0	1	990	3783196	3782207	0.0	1812	990	5689156	100
nleB:14:AP010958	CP037943.1	99.697	990	3	0	1	990	3783196	3782207	0.0	1812	990	5689156	100
nleC:1:AY485823	CP037943.1	91.944	993	80	0	1	993	318711	319703	0.0	1391	993	5689156	100
nleC:1:AY485823	CP037943.1	91.944	993	80	0	1	993	613721	612729	0.0	1391	993	5689156	100
nleC:2:FN543502	CP037943.1	92.044	993	79	0	1	993	318711	319703	0.0	1397	993	5689156	100
nleC:2:FN543502	CP037943.1	92.044	993	79	0	1	993	613721	612729	0.0	1397	993	5689156	100
nleC:3:AP010953	CP037943.1	99.899	987	1	0	1	987	318711	319697	0.0	1818	987	5689156	100
nleC:3:AP010953	CP037943.1	99.899	987	1	0	1	987	613721	612735	0.0	1818	987	5689156	100
nleC:4:AE005174	CP037943.1	95.426	962	44	0	27	988	318737	319698	0.0	1533	993	5689156	97
nleC:4:AE005174	CP037943.1	95.426	962	44	0	27	988	613695	612734	0.0	1533	993	5689156	97
nleC:5:AP010960	CP037943.1	96.454	987	35	0	1	987	318711	319697	0.0	1629	987	5689156	100
nleC:5:AP010960	CP037943.1	96.454	987	35	0	1	987	613721	612735	0.0	1629	987	5689156	100
nleC:6:AP010960	CP037943.1	99.696	987	3	0	1	987	318711	319697	0.0	1807	987	5689156	100
nleC:6:AP010960	CP037943.1	99.696	987	3	0	1	987	613721	612735	0.0	1807	987	5689156	100
nlpI:1:CP000243	CP037943.1	99.774	885	2	0	1	885	2643981	2643097	0.0	1624	885	5689156	100
nlpI:2:CP072784.1	CP037943.1	99.661	885	3	0	1	885	2643981	2643097	0.0	1618	885	5689156	100
nlpI:3:CP076344.1	CP037943.1	99.661	885	3	0	1	885	2643981	2643097	0.0	1618	885	5689156	100
stx1a-O111-PH:4:L04539	CP037943.1	99.674	1227	4	0	1	1227	5372981	5374207	0.0	2244	1227	5689156	100
stx1a-O111-CB168:5:Z36900	CP037943.1	99.674	1227	4	0	1	1227	5372981	5374207	0.0	2244	1227	5689156	100
stx1a-O157-AI2001-52:6:AB083044	CP037943.1	99.593	1227	5	0	1	1227	5372981	5374207	0.0	2239	1227	5689156	100
stx1a-O157-GPU96MM:7:AB035142	CP037943.1	99.756	1227	3	0	1	1227	5372981	5374207	0.0	2250	1227	5689156	100
stx1a-O111-04-06263:8:AM230663	CP037943.1	99.348	1227	8	0	1	1227	5372981	5374207	0.0	2222	1227	5689156	100
stx1a-O111-3385-00:9:AM230662	CP037943.1	99.511	1227	6	0	1	1227	5372981	5374207	0.0	2233	1227	5689156	100
stx1-S.-sonnei-CB7888:10:AJ279086	CP037943.1	99.756	1227	3	0	1	1227	5372981	5374207	0.0	2250	1227	5689156	100
stx1a-O48-94C:11:Z36899	CP037943.1	99.674	1227	4	0	1	1227	5372981	5374207	0.0	2244	1227	5689156	100
stx1a-O157-FLY16:12:AF461168	CP037943.1	100.000	1227	0	0	1	1227	5372981	5374207	0.0	2266	1227	5689156	100
stx1a-O157-EDL933:13:M19473	CP037943.1	99.919	1227	1	0	1	1227	5372981	5374207	0.0	2261	1227	5689156	100
stx1a-O165-HI-2:14:AB048232	CP037943.1	99.919	1227	1	0	1	1227	5372981	5374207	0.0	2261	1227	5689156	100
stx1a-ONT-HI-A:15:AB071620	CP037943.1	98.778	1227	15	0	1	1227	5372981	5374207	0.0	2183	1227	5689156	100
stx1c-Out-HI-N:16:AB048237	CP037943.1	96.173	1228	46	1	1	1228	5372981	5374207	0.0	2006	1228	5689156	100
stx1c-ONT-HI-B:17:AB071622	CP037943.1	96.349	986	35	1	1	986	5372981	5373965	0.0	1620	986	5689156	100
stx1c-ONT-HI-C:18:AB071624	CP037943.1	96.856	986	30	1	1	986	5372981	5373965	0.0	1648	986	5689156	100
stx1c-ONT-BCN26:19:DQ449666	CP037943.1	96.856	986	30	1	1	986	5372981	5373965	0.0	1648	986	5689156	100
stx1c-O174-DG131-3:20:Z36901	CP037943.1	96.856	986	30	1	1	986	5372981	5373965	0.0	1648	986	5689156	100
stx1d-ONT-92-1251:21:AB050958	CP037943.1	92.057	982	78	0	1	982	5372981	5373962	0.0	1382	985	5689156	99
stx1d-ONT-92-1252:22:AB050959	CP037943.1	91.850	1227	100	0	1	1227	5372981	5374207	0.0	1712	1227	5689156	100
stx1d-ONT-AB8SF:23:AY986980	CP037943.1	91.850	1227	100	0	1	1227	5372981	5374207	0.0	1712	1227	5689156	100
stx1d-ONT-MHI813:24:AY170851	CP037943.1	91.769	1227	101	0	1	1227	5372981	5374207	0.0	1707	1227	5689156	100
tir:28:AY944736	CP037943.1	97.279	1617	44	0	1	1617	3756717	3758333	0.0	2743	1617	5689156	100
tir:29:AY944735	CP037943.1	97.341	1617	43	0	1	1617	3756717	3758333	0.0	2748	1617	5689156	100
tir:30:AJ303141	CP037943.1	97.774	1617	36	0	1	1617	3756717	3758333	0.0	2787	1617	5689156	100
tir:31:AF070069	CP037943.1	97.588	1617	39	0	1	1617	3756717	3758333	0.0	2771	1617	5689156	100
tir:32:AY944738	CP037943.1	99.567	1618	5	2	1	1617	3756717	3758333	0.0	2948	1617	5689156	100
tir:33:AF045568	CP037943.1	99.814	1617	3	0	1	1617	3756717	3758333	0.0	2970	1617	5689156	100
tir:34:AB426060	CP037943.1	99.876	1617	2	0	1	1617	3756717	3758333	0.0	2976	1617	5689156	100
toxB:1:AB011549	CP037944.1	91.465	6667	561	6	2822	9487	1	6660	0.0	9153	9510	88848	70
toxB:2:GQ259888	CP037944.1	99.970	6680	2	0	2822	9501	1	6680	0.0	12325	9501	88848	70
toxB:3:AB456530	CP037944.1	100.000	6680	0	0	2822	9501	1	6680	0.0	12336	9501	88848	70
toxB:4:FJ386569	CP037944.1	99.985	6680	1	0	2822	9501	1	6680	0.0	12331	9501	88848	70
fyuA:10:CYEN01000018	CP037943.1	99.604	2022	8	0	1	2022	1183189	1185210	0.0	3690	2022	5689156	100
fyuA:11:CYAZ01000026	CP037943.1	99.951	2022	1	0	1	2022	1183189	1185210	0.0	3729	2022	5689156	100
fyuA:12:CAY233333	CP037943.1	99.753	2022	5	0	1	2022	1183189	1185210	0.0	3707	2022	5689156	100
fyuA:13:CYAS01000050	CP037943.1	99.654	2022	7	0	1	2022	1183189	1185210	0.0	3696	2022	5689156	100
fyuA:14:CXZC01000008	CP037943.1	99.753	2022	5	0	1	2022	1183189	1185210	0.0	3707	2022	5689156	100
fyuA:15:CYGJ01000014	CP037943.1	99.505	2022	10	0	1	2022	1183189	1185210	0.0	3679	2022	5689156	100
fyuA:16:ADTP01000030	CP037943.1	99.753	2022	5	0	1	2022	1183189	1185210	0.0	3707	2022	5689156	100
fyuA:17:CYGK01000001	CP037943.1	99.703	2022	6	0	1	2022	1183189	1185210	0.0	3701	2022	5689156	100
fyuA:18:CYDI01000008	CP037943.1	99.654	2022	7	0	1	2022	1183189	1185210	0.0	3696	2022	5689156	100
fyuA:19:CXZL01000049	CP037943.1	99.654	2022	7	0	1	2022	1183189	1185210	0.0	3696	2022	5689156	100
fyuA:1:CU928163	CP037943.1	99.703	2022	6	0	1	2022	1183189	1185210	0.0	3701	2022	5689156	100
fyuA:20:CYBJ01000027	CP037943.1	99.703	2022	6	0	1	2022	1183189	1185210	0.0	3701	2022	5689156	100
fyuA:21:CYBE01000010	CP037943.1	99.604	2022	8	0	1	2022	1183189	1185210	0.0	3690	2022	5689156	100
fyuA:22:CYAI01000021	CP037943.1	99.703	2022	6	0	1	2022	1183189	1185210	0.0	3701	2022	5689156	100
fyuA:23:CYCV01000020	CP037943.1	99.654	2022	7	0	1	2022	1183189	1185210	0.0	3696	2022	5689156	100
fyuA:24:CXZM01000022	CP037943.1	99.654	2022	7	0	1	2022	1183189	1185210	0.0	3696	2022	5689156	100
fyuA:25:AEZY02000025	CP037943.1	99.605	2025	5	1	1	2025	1183189	1185210	0.0	3692	2025	5689156	100
fyuA:26:ADUG01000091	CP037943.1	99.654	2022	7	0	1	2022	1183189	1185210	0.0	3696	2022	5689156	100
fyuA:27:ADTO01000058	CP037943.1	99.753	2022	5	0	1	2022	1183189	1185210	0.0	3707	2022	5689156	100
fyuA:28:ADUC01000360	CP037943.1	99.703	2022	6	0	1	2022	1183189	1185210	0.0	3701	2022	5689156	100
fyuA:29:ADUA01000040	CP037943.1	99.753	2022	5	0	1	2022	1183189	1185210	0.0	3707	2022	5689156	100
fyuA:2:CP003034	CP037943.1	99.555	2022	9	0	1	2022	1183189	1185210	0.0	3685	2022	5689156	100
fyuA:30:ADTW01000224	CP037943.1	99.703	2022	6	0	1	2022	1183189	1185210	0.0	3701	2022	5689156	100
fyuA:31:ADTM01000150	CP037943.1	99.703	2022	6	0	1	2022	1183189	1185210	0.0	3701	2022	5689156	100
fyuA:32:FN554766	CP037943.1	99.703	2022	6	0	1	2022	1183189	1185210	0.0	3701	2022	5689156	100
fyuA:33:CU928162	CP037943.1	99.703	2022	6	0	1	2022	1183189	1185210	0.0	3701	2022	5689156	100
fyuA:34:AHAU01000040	CP037943.1	99.802	2022	4	0	1	2022	1183189	1185210	0.0	3712	2022	5689156	100
fyuA:35:CP000243	CP037943.1	99.654	2022	7	0	1	2022	1183189	1185210	0.0	3696	2022	5689156	100
fyuA:36:ACGN01000094	CP037943.1	99.738	1909	5	0	1	1909	1183189	1185097	0.0	3498	1932	5689156	99
fyuA:37:AHAW01000033	CP037943.1	99.654	2022	7	0	1	2022	1183189	1185210	0.0	3696	2022	5689156	100
fyuA:38:AFAI02000036	CP037943.1	99.951	2022	1	0	1	2022	1183189	1185210	0.0	3729	2022	5689156	100
fyuA:39:Z35106	CP037943.1	99.654	2022	7	0	1	2022	1183189	1185210	0.0	3696	2022	5689156	100
fyuA:3:HG941718	CP037943.1	99.604	2022	8	0	1	2022	1183189	1185210	0.0	3690	2022	5689156	100
fyuA:40:Z35105	CP037943.1	99.654	2022	7	0	1	2022	1183189	1185210	0.0	3696	2022	5689156	100
fyuA:41:Z38065	CP037943.1	99.654	2022	7	0	1	2022	1183189	1185210	0.0	3696	2022	5689156	100
fyuA:42:Z38064	CP037943.1	99.654	2022	7	0	1	2022	1183189	1185210	0.0	3696	2022	5689156	100
fyuA:43:UDIT01000001	CP037943.1	99.802	2022	4	0	1	2022	1183189	1185210	0.0	3712	2022	5689156	100
fyuA:44:NZ_UGAG01000001	CP037943.1	99.802	2022	4	0	1	2022	1183189	1185210	0.0	3712	2022	5689156	100
fyuA:45:UCUL01000008	CP037943.1	99.654	2022	7	0	1	2022	1183189	1185210	0.0	3696	2022	5689156	100
fyuA:46:NZ_UFYL01000003	CP037943.1	99.604	2022	8	0	1	2022	1183189	1185210	0.0	3690	2022	5689156	100
fyuA:47:NZ_QWOC01000169	CP037943.1	99.654	2022	7	0	1	2022	1183189	1185210	0.0	3696	2022	5689156	100
fyuA:48:UCUN01000001	CP037943.1	99.654	2022	7	0	1	2022	1183189	1185210	0.0	3696	2022	5689156	100
fyuA:49:OEDS01000108	CP037943.1	99.604	2022	8	0	1	2022	1183189	1185210	0.0	3690	2022	5689156	100
fyuA:4:AHAX01000032	CP037943.1	99.703	2022	6	0	1	2022	1183189	1185210	0.0	3701	2022	5689156	100
fyuA:50:NZ_UGDN01000003	CP037943.1	99.604	2022	8	0	1	2022	1183189	1185210	0.0	3690	2022	5689156	100
fyuA:51:UGFD01000001	CP037943.1	99.654	2022	7	0	1	2022	1183189	1185210	0.0	3696	2022	5689156	100
fyuA:52:UDAL01000001	CP037943.1	99.654	2022	7	0	1	2022	1183189	1185210	0.0	3696	2022	5689156	100
fyuA:53:UGFS01000002	CP037943.1	99.505	2022	10	0	1	2022	1183189	1185210	0.0	3679	2022	5689156	100
fyuA:54:UFZO01000005	CP037943.1	99.654	2022	7	0	1	2022	1183189	1185210	0.0	3696	2022	5689156	100
fyuA:55:UGEH01000001	CP037943.1	99.654	2022	7	0	1	2022	1183189	1185210	0.0	3696	2022	5689156	100
fyuA:56:UCXY01000004	CP037943.1	99.654	2022	7	0	1	2022	1183189	1185210	0.0	3696	2022	5689156	100
fyuA:57:UFZT01000001	CP037943.1	99.654	2022	7	0	1	2022	1183189	1185210	0.0	3696	2022	5689156	100
fyuA:58:NZ_UGGC01000005	CP037943.1	99.802	2022	4	0	1	2022	1183189	1185210	0.0	3712	2022	5689156	100
fyuA:59:NZ_UILP01000009	CP037943.1	99.654	2022	7	0	1	2022	1183189	1185210	0.0	3696	2022	5689156	100
fyuA:5:LORD01000044	CP037943.1	99.555	2022	9	0	1	2022	1183189	1185210	0.0	3685	2022	5689156	100
fyuA:60:UEKQ01000004	CP037943.1	99.654	2022	7	0	1	2022	1183189	1185210	0.0	3696	2022	5689156	100
fyuA:61:UCWS01000004	CP037943.1	99.604	2022	8	0	1	2022	1183189	1185210	0.0	3690	2022	5689156	100
fyuA:62:UGCQ01000002	CP037943.1	99.703	2022	6	0	1	2022	1183189	1185210	0.0	3701	2022	5689156	100
fyuA:63:UCYP01000001	CP037943.1	99.505	2022	10	0	1	2022	1183189	1185210	0.0	3679	2022	5689156	100
fyuA:64:UFZV01000003	CP037943.1	99.703	2022	6	0	1	2022	1183189	1185210	0.0	3701	2022	5689156	100
fyuA:65:UGDJ01000004	CP037943.1	99.604	2022	8	0	1	2022	1183189	1185210	0.0	3690	2022	5689156	100
fyuA:66:NZ_QOOQ01000067	CP037943.1	99.604	2022	8	0	1	2022	1183189	1185210	0.0	3690	2022	5689156	100
fyuA:67:UCTZ01000014	CP037943.1	99.654	2022	7	0	1	2022	1183189	1185210	0.0	3696	2022	5689156	100
fyuA:68:FLWH01000002	CP037943.1	99.654	2022	7	0	1	2022	1183189	1185210	0.0	3696	2022	5689156	100
fyuA:69:UCUD01000022	CP037943.1	99.703	2022	6	0	1	2022	1183189	1185210	0.0	3701	2022	5689156	100
fyuA:6:CP000468	CP037943.1	99.703	2022	6	0	1	2022	1183189	1185210	0.0	3701	2022	5689156	100
fyuA:70:UARZ01000018	CP037943.1	99.703	2022	6	0	1	2022	1183189	1185210	0.0	3701	2022	5689156	100
fyuA:71:UCZF01000015	CP037943.1	99.703	2022	6	0	1	2022	1183189	1185210	0.0	3701	2022	5689156	100
fyuA:72:UINQ01000006	CP037943.1	99.654	2022	7	0	1	2022	1183189	1185210	0.0	3696	2022	5689156	100
fyuA:73:NZ_QLJZ01000027	CP037943.1	99.555	2022	9	0	1	2022	1183189	1185210	0.0	3685	2022	5689156	100
fyuA:74:UGDS01000001	CP037943.1	99.555	2022	9	0	1	2022	1183189	1185210	0.0	3685	2022	5689156	100
fyuA:75:UGBN01000001	CP037943.1	99.456	2022	11	0	1	2022	1183189	1185210	0.0	3674	2022	5689156	100
fyuA:76:UEYM01000018	CP037943.1	99.703	2022	6	0	1	2022	1183189	1185210	0.0	3701	2022	5689156	100
fyuA:77:UGBD01000002	CP037943.1	99.654	2022	7	0	1	2022	1183189	1185210	0.0	3696	2022	5689156	100
fyuA:78:UGCB01000003	CP037943.1	99.852	2022	3	0	1	2022	1183189	1185210	0.0	3718	2022	5689156	100
fyuA:79:NZ_UGEC01000002	CP037943.1	99.407	2022	12	0	1	2022	1183189	1185210	0.0	3668	2022	5689156	100
fyuA:7:ADTR01000532	CP037943.1	99.703	2022	6	0	1	2022	1183189	1185210	0.0	3701	2022	5689156	100
fyuA:80:UGDX01000002	CP037943.1	99.604	2022	8	0	1	2022	1183189	1185210	0.0	3690	2022	5689156	100
fyuA:81:AP017610	CP037943.1	99.505	2022	10	0	1	2022	1183189	1185210	0.0	3679	2022	5689156	100
fyuA:82:NZ_UIHN01000050	CP037943.1	99.407	2022	12	0	1	2022	1183189	1185210	0.0	3668	2022	5689156	100
fyuA:83:CP027134	CP037943.1	99.555	2022	9	0	1	2022	1183189	1185210	0.0	3685	2022	5689156	100
fyuA:84:OEEX01000169	CP037943.1	99.654	2022	7	0	1	2022	1183189	1185210	0.0	3696	2022	5689156	100
fyuA:85:UINR01000017	CP037943.1	99.604	2022	8	0	1	2022	1183189	1185210	0.0	3690	2022	5689156	100
fyuA:86:UFZN01000001	CP037943.1	99.654	2022	7	0	1	2022	1183189	1185210	0.0	3696	2022	5689156	100
fyuA:87:UGCD01000002	CP037943.1	99.852	2022	3	0	1	2022	1183189	1185210	0.0	3718	2022	5689156	100
fyuA:88:NZ_QNSX01000328	CP037943.1	99.654	2022	7	0	1	2022	1183189	1185210	0.0	3696	2022	5689156	100
fyuA:89:QONB01000025	CP037943.1	99.753	2022	5	0	1	2022	1183189	1185210	0.0	3707	2022	5689156	100
fyuA:8:CYDO01000022	CP037943.1	99.654	2022	7	0	1	2022	1183189	1185210	0.0	3696	2022	5689156	100
fyuA:90:QOOE01000009	CP037943.1	99.703	2022	6	0	1	2022	1183189	1185210	0.0	3701	2022	5689156	100
fyuA:91:NZ_UGDH01000001	CP037943.1	99.654	2022	7	0	1	2022	1183189	1185210	0.0	3696	2022	5689156	100
fyuA:92:UGEJ01000002	CP037943.1	99.654	2022	7	0	1	2022	1183189	1185210	0.0	3696	2022	5689156	100
fyuA:94:UGCW01000003	CP037943.1	99.703	2022	6	0	1	2022	1183189	1185210	0.0	3701	2022	5689156	100
fyuA:95:UGDD01000002	CP037943.1	99.747	1980	5	0	1	1980	1183231	1185210	0.0	3629	1980	5689156	100
fyuA:96:UGGK01000002	CP037943.1	99.757	2056	4	1	1	2055	1183155	1185210	0.0	3768	2055	5689156	100
fyuA:97:UGFH01000002	CP037943.1	99.654	2022	7	0	1	2022	1183189	1185210	0.0	3696	2022	5689156	100
fyuA:98:UGAI01000003	CP037943.1	99.802	2022	4	0	1	2022	1183189	1185210	0.0	3712	2022	5689156	100
fyuA:9:CYEF01000031	CP037943.1	100.000	2022	0	0	1	2022	1183189	1185210	0.0	3735	2022	5689156	100
irp2:100:NZ_NNWT01000053	CP037943.1	99.492	6108	31	0	1	6108	1163915	1170022	0.0	11108	6108	5689156	100
irp2:101:NZ_PVPN01000032	CP037943.1	99.542	6109	27	1	1	6109	1163915	1170022	0.0	11125	6109	5689156	100
irp2:102:NZ_NOUC01000006	CP037943.1	99.820	6108	11	0	1	6108	1163915	1170022	0.0	11219	6108	5689156	100
irp2:103:NZ_CP027313	CP037943.1	99.853	6108	9	0	1	6108	1163915	1170022	0.0	11230	6108	5689156	100
irp2:104:NZ_NRXV01000002	CP037943.1	99.853	6108	9	0	1	6108	1163915	1170022	0.0	11230	6108	5689156	100
irp2:105:NZ_QLNJ01000136	CP037943.1	99.427	6108	35	0	1	6108	1163915	1170022	0.0	11086	6108	5689156	100
irp2:106:NZ_NBKP01000092	CP037943.1	99.623	6108	23	0	1	6108	1163915	1170022	0.0	11153	6108	5689156	100
irp2:107:NZ_PYRA01000005	CP037943.1	98.838	6108	71	0	1	6108	1163915	1170022	0.0	10887	6108	5689156	100
irp2:108:NZ_NOPM01000014	CP037943.1	99.689	6108	19	0	1	6108	1163915	1170022	0.0	11175	6108	5689156	100
irp2:109:NZ_PYQR01000002	CP037943.1	99.542	6108	28	0	1	6108	1163915	1170022	0.0	11125	6108	5689156	100
irp2:10:NZ_NLZN01000026	CP037943.1	99.885	6108	7	0	1	6108	1163915	1170022	0.0	11241	6108	5689156	100
irp2:110:NZ_UIHG01000014	CP037943.1	99.689	6108	19	0	1	6108	1163915	1170022	0.0	11175	6108	5689156	100
irp2:111:NZ_UGBF01000004	CP037943.1	99.558	6108	27	0	1	6108	1163915	1170022	0.0	11130	6108	5689156	100
irp2:112:NZ_NOST01000037	CP037943.1	99.689	6108	19	0	1	6108	1163915	1170022	0.0	11175	6108	5689156	100
irp2:113:NZ_UDAL01000001	CP037943.1	99.820	6108	11	0	1	6108	1163915	1170022	0.0	11219	6108	5689156	100
irp2:114:NZ_NOGN01000011	CP037943.1	99.132	6108	53	0	1	6108	1163915	1170022	0.0	10986	6108	5689156	100
irp2:115:NZ_BDHN01000153	CP037943.1	99.951	6108	3	0	1	6108	1163915	1170022	0.0	11263	6108	5689156	100
irp2:116:NZ_NMIO01000029	CP037943.1	98.084	6108	117	0	1	6108	1163915	1170022	0.0	10632	6108	5689156	100
irp2:117:NZ_NHYQ01000001	CP037943.1	99.067	6108	57	0	1	6108	1163915	1170022	0.0	10964	6108	5689156	100
irp2:118:NZ_NOBR01000026	CP037943.1	99.574	6108	26	0	1	6108	1163915	1170022	0.0	11136	6108	5689156	100
irp2:119:NZ_UEMF01000007	CP037943.1	99.673	6108	20	0	1	6108	1163915	1170022	0.0	11169	6108	5689156	100
irp2:11:NZ_NLYV01000040	CP037943.1	99.853	6108	9	0	1	6108	1163915	1170022	0.0	11230	6108	5689156	100
irp2:120:NZ_NMMR01000039	CP037943.1	99.411	6108	36	0	1	6108	1163915	1170022	0.0	11081	6108	5689156	100
irp2:121:NZ_NNUE01000023	CP037943.1	99.885	6108	7	0	1	6108	1163915	1170022	0.0	11241	6108	5689156	100
irp2:122:NZ_NMNQ01000011	CP037943.1	99.542	6108	28	0	1	6108	1163915	1170022	0.0	11125	6108	5689156	100
irp2:123:NZ_NLYT01000043	CP037943.1	99.705	6108	18	0	1	6108	1163915	1170022	0.0	11180	6108	5689156	100
irp2:124:NZ_NNYI01000006	CP037943.1	99.558	6108	27	0	1	6108	1163915	1170022	0.0	11130	6108	5689156	100
irp2:125:NZ_NMDL01000008	CP037943.1	99.460	6108	33	0	1	6108	1163915	1170022	0.0	11097	6108	5689156	100
irp2:126:NZ_UGGC01000005	CP037943.1	99.427	6108	35	0	1	6108	1163915	1170022	0.0	11086	6108	5689156	100
irp2:127:NZ_NLWG01000013	CP037943.1	98.938	6123	65	0	1	6123	1163915	1170037	0.0	10948	6123	5689156	100
irp2:128:NZ_UIMY01000009	CP037943.1	98.805	6108	73	0	1	6108	1163915	1170022	0.0	10876	6108	5689156	100
irp2:129:NZ_BGPX01000003	CP037943.1	99.411	6108	36	0	1	6108	1163915	1170022	0.0	11081	6108	5689156	100
irp2:12:NZ_NMIG01000055	CP037943.1	98.870	6108	69	0	1	6108	1163915	1170022	0.0	10898	6108	5689156	100
irp2:130:NZ_BGXW01000001	CP037943.1	99.689	6108	19	0	1	6108	1163915	1170022	0.0	11175	6108	5689156	100
irp2:131:NZ_BGLD01000076	CP037943.1	99.492	6108	31	0	1	6108	1163915	1170022	0.0	11108	6108	5689156	100
irp2:132:NZ_NOPC01000014	CP037943.1	99.034	6108	59	0	1	6108	1163915	1170022	0.0	10953	6108	5689156	100
irp2:133:NZ_PUTK01000016	CP037943.1	99.509	6108	30	0	1	6108	1163915	1170022	0.0	11114	6108	5689156	100
irp2:134:NZ_BGWN01000022	CP037943.1	99.411	6108	36	0	1	6108	1163915	1170022	0.0	11081	6108	5689156	100
irp2:135:NZ_PXLH01000027	CP037943.1	99.411	6108	36	0	1	6108	1163915	1170022	0.0	11081	6108	5689156	100
irp2:136:NZ_NMIV01000012	CP037943.1	99.476	6108	32	0	1	6108	1163915	1170022	0.0	11103	6108	5689156	100
irp2:137:NZ_NLYR01000044	CP037943.1	99.853	6108	9	0	1	6108	1163915	1170022	0.0	11230	6108	5689156	100
irp2:138:NZ_NNYT01000036	CP037943.1	99.329	6108	41	0	1	6108	1163915	1170022	0.0	11053	6108	5689156	100
irp2:139:NZ_UINQ01000006	CP037943.1	99.885	6108	7	0	1	6108	1163915	1170022	0.0	11241	6108	5689156	100
irp2:13:NZ_NMDW01000002	CP037943.1	99.705	6108	18	0	1	6108	1163915	1170022	0.0	11180	6108	5689156	100
irp2:140:NZ_CP029164	CP037943.1	99.853	6108	9	0	1	6108	1163915	1170022	0.0	11230	6108	5689156	100
irp2:141:NZ_QYZM01000035	CP037943.1	99.902	6108	6	0	1	6108	1163915	1170022	0.0	11247	6108	5689156	100
irp2:142:NZ_NMEJ01000033	CP037943.1	99.673	6108	20	0	1	6108	1163915	1170022	0.0	11169	6108	5689156	100
irp2:143:NZ_NMIM01000040	CP037943.1	98.922	6123	66	0	1	6123	1163915	1170037	0.0	10942	6123	5689156	100
irp2:144:NZ_NNYK01000037	CP037943.1	99.902	6108	6	0	1	6108	1163915	1170022	0.0	11247	6108	5689156	100
irp2:145:NZ_NNTN01000035	CP037943.1	99.902	6108	6	0	1	6108	1163915	1170022	0.0	11247	6108	5689156	100
irp2:146:NZ_MVDJ01000001	CP037943.1	99.460	6108	33	0	1	6108	1163915	1170022	0.0	11097	6108	5689156	100
irp2:147:NZ_BGYR01000007	CP037943.1	99.689	6108	19	0	1	6108	1163915	1170022	0.0	11175	6108	5689156	100
irp2:148:NZ_NNZZ01000027	CP037943.1	99.885	6108	7	0	1	6108	1163915	1170022	0.0	11241	6108	5689156	100
irp2:149:NZ_PZPQ01000026	CP037943.1	99.411	6108	36	0	1	6108	1163915	1170022	0.0	11081	6108	5689156	100
irp2:14:QODS01000024	CP037943.1	99.853	6108	9	0	1	6108	1163915	1170022	0.0	11230	6108	5689156	100
irp2:150:NZ_UNPM01000007	CP037943.1	98.964	5601	57	1	1	5601	1163915	1169514	0.0	10021	5601	5689156	100
irp2:151:NZ_NMDR01000001	CP037943.1	99.542	6108	28	0	1	6108	1163915	1170022	0.0	11125	6108	5689156	100
irp2:152:NZ_PGJN01000025	CP037943.1	99.558	6108	27	0	1	6108	1163915	1170022	0.0	11130	6108	5689156	100
irp2:153:NZ_PQJF01000011	CP037943.1	99.722	6108	17	0	1	6108	1163915	1170022	0.0	11186	6108	5689156	100
irp2:154:NZ_PUSL01000032	CP037943.1	99.869	6108	8	0	1	6108	1163915	1170022	0.0	11236	6108	5689156	100
irp2:155:NZ_QSIC01000034	CP037943.1	99.492	6108	31	0	1	6108	1163915	1170022	0.0	11108	6108	5689156	100
irp2:156:NZ_MOZP01000026	CP037943.1	99.656	6108	21	0	1	6108	1163915	1170022	0.0	11164	6108	5689156	100
irp2:157:NZ_NOTM01000030	CP037943.1	98.838	6108	71	0	1	6108	1163915	1170022	0.0	10887	6108	5689156	100
irp2:158:NZ_NLZB01000042	CP037943.1	98.906	6123	67	0	1	6123	1163915	1170037	0.0	10936	6123	5689156	100
irp2:159:NZ_NMGU01000028	CP037943.1	99.607	6108	24	0	1	6108	1163915	1170022	0.0	11147	6108	5689156	100
irp2:15:NZ_NLZK01000016	CP037943.1	99.885	6108	7	0	1	6108	1163915	1170022	0.0	11241	6108	5689156	100
irp2:160:NZ_UDIT01000001	CP037943.1	99.460	6108	33	0	1	6108	1163915	1170022	0.0	11097	6108	5689156	100
irp2:161:NZ_NMBW01000018	CP037943.1	99.460	6108	33	0	1	6108	1163915	1170022	0.0	11097	6108	5689156	100
irp2:162:NZ_NOEE01000015	CP037943.1	99.689	6108	19	0	1	6108	1163915	1170022	0.0	11175	6108	5689156	100
irp2:163:NZ_UEMT01000018	CP037943.1	99.525	6108	29	0	1	6108	1163915	1170022	0.0	11119	6108	5689156	100
irp2:164:NZ_PQIU01000002	CP037943.1	99.885	6108	7	0	1	6108	1163915	1170022	0.0	11241	6108	5689156	100
irp2:165:NZ_QETP01000033	CP037943.1	99.034	6108	59	0	1	6108	1163915	1170022	0.0	10953	6108	5689156	100
irp2:166:NZ_NBCB01000098	CP037943.1	99.689	6108	19	0	1	6108	1163915	1170022	0.0	11175	6108	5689156	100
irp2:167:NZ_PVPI01000029	CP037943.1	99.460	6108	33	0	1	6108	1163915	1170022	0.0	11097	6108	5689156	100
irp2:168:NZ_BDHW01000182	CP037943.1	99.967	6108	2	0	1	6108	1163915	1170022	0.0	11269	6108	5689156	100
irp2:169:NZ_NMIQ01000032	CP037943.1	99.443	6108	34	0	1	6108	1163915	1170022	0.0	11092	6108	5689156	100
irp2:16:NZ_NLZU01000026	CP037943.1	99.394	6108	37	0	1	6108	1163915	1170022	0.0	11075	6108	5689156	100
irp2:170:NZ_NOFA01000001	CP037943.1	98.412	6108	97	0	1	6108	1163915	1170022	0.0	10743	6108	5689156	100
irp2:171:NZ_NTPC01000018	CP037943.1	99.509	6108	30	0	1	6108	1163915	1170022	0.0	11114	6108	5689156	100
irp2:172:NZ_NOPK01000027	CP037943.1	99.411	6108	36	0	1	6108	1163915	1170022	0.0	11081	6108	5689156	100
irp2:173:NZ_BGQB01000012	CP037943.1	99.361	6108	39	0	1	6108	1163915	1170022	0.0	11064	6108	5689156	100
irp2:174:NZ_NRWF01000093	CP037943.1	99.853	6108	9	0	1	6108	1163915	1170022	0.0	11230	6108	5689156	100
irp2:175:NZ_UGDG01000002	CP037943.1	99.885	6108	7	0	1	6108	1163915	1170022	0.0	11241	6108	5689156	100
irp2:176:NZ_UIKR01000002	CP037943.1	99.018	6108	60	0	1	6108	1163915	1170022	0.0	10948	6108	5689156	100
irp2:177:NZ_NHYR01000001	CP037943.1	99.542	6108	28	0	1	6108	1163915	1170022	0.0	11125	6108	5689156	100
irp2:178:NZ_BGSD01000032	CP037943.1	99.411	6108	36	0	1	6108	1163915	1170022	0.0	11081	6108	5689156	100
irp2:179:NZ_NNTS01000028	CP037943.1	99.411	6108	36	0	1	6108	1163915	1170022	0.0	11081	6108	5689156	100
irp2:17:NZ_NBDN01000105	CP037943.1	99.411	6108	36	0	1	6108	1163915	1170022	0.0	11081	6108	5689156	100
irp2:180:NZ_NORB01000027	CP037943.1	99.673	6108	20	0	1	6108	1163915	1170022	0.0	11169	6108	5689156	100
irp2:181:NZ_NOGP01000028	CP037943.1	99.574	6108	26	0	1	6108	1163915	1170022	0.0	11136	6108	5689156	100
irp2:182:NZ_NMGV01000001	CP037943.1	98.396	6108	98	0	1	6108	1163915	1170022	0.0	10737	6108	5689156	100
irp2:183:NZ_UEMO01000028	CP037943.1	99.754	6108	15	0	1	6108	1163915	1170022	0.0	11197	6108	5689156	100
irp2:184:QFSE01000039	CP037943.1	99.967	6108	2	0	1	6108	1163915	1170022	0.0	11269	6108	5689156	100
irp2:185:NZ_UILA01000017	CP037943.1	99.673	6108	20	0	1	6108	1163915	1170022	0.0	11169	6108	5689156	100
irp2:186:NZ_NOGR01000001	CP037943.1	99.853	6108	9	0	1	6108	1163915	1170022	0.0	11230	6108	5689156	100
irp2:187:NZ_NMBJ01000031	CP037943.1	99.525	6108	29	0	1	6108	1163915	1170022	0.0	11119	6108	5689156	100
irp2:188:QFSH01000110	CP037943.1	99.951	6108	3	0	1	6108	1163915	1170022	0.0	11263	6108	5689156	100
irp2:189:NZ_NOTZ01000001	CP037943.1	99.411	6108	36	0	1	6108	1163915	1170022	0.0	11081	6108	5689156	100
irp2:18:NZ_UIHY01000010	CP037943.1	98.412	6108	97	0	1	6108	1163915	1170022	0.0	10743	6108	5689156	100
irp2:190:NZ_NOSF01000002	CP037943.1	99.460	6108	33	0	1	6108	1163915	1170022	0.0	11097	6108	5689156	100
irp2:191:NZ_UIKF01000007	CP037943.1	98.412	6108	97	0	1	6108	1163915	1170022	0.0	10743	6108	5689156	100
irp2:192:NZ_BGSX01000022	CP037943.1	99.411	6108	36	0	1	6108	1163915	1170022	0.0	11081	6108	5689156	100
irp2:193:NZ_QWNC01000172	CP037943.1	99.673	6108	20	0	1	6108	1163915	1170022	0.0	11169	6108	5689156	100
irp2:194:NZ_NNVJ01000001	CP037943.1	99.411	6108	36	0	1	6108	1163915	1170022	0.0	11081	6108	5689156	100
irp2:195:NZ_UGDF01000003	CP037943.1	99.624	6110	19	4	1	6108	1163915	1170022	0.0	11153	6108	5689156	100
irp2:196:NZ_NTOI01000049	CP037943.1	99.836	6108	10	0	1	6108	1163915	1170022	0.0	11225	6108	5689156	100
irp2:197:NZ_NMAC01000002	CP037943.1	99.067	6108	57	0	1	6108	1163915	1170022	0.0	10964	6108	5689156	100
irp2:198:NZ_NBDE01000104	CP037943.1	99.607	6108	24	0	1	6108	1163915	1170022	0.0	11147	6108	5689156	100
irp2:199:NZ_NOCI01000029	CP037943.1	99.967	6108	2	0	1	6108	1163915	1170022	0.0	11269	6108	5689156	100
irp2:19:NZ_NLVV01000027	CP037943.1	99.853	6108	9	0	1	6108	1163915	1170022	0.0	11230	6108	5689156	100
irp2:1:LAUC01000121	CP037943.1	99.869	6108	8	0	1	6108	1163915	1170022	0.0	11236	6108	5689156	100
irp2:200:NZ_NMBO01000009	CP037943.1	99.083	6108	56	0	1	6108	1163915	1170022	0.0	10970	6108	5689156	100
irp2:201:QFSC01000077	CP037943.1	99.967	6108	2	0	1	6108	1163915	1170022	0.0	11269	6108	5689156	100
irp2:202:NZ_NOUS01000001	CP037943.1	99.411	6108	36	0	1	6108	1163915	1170022	0.0	11081	6108	5689156	100
irp2:203:NZ_NMIF01000048	CP037943.1	99.391	5579	34	0	1	5579	1163915	1169493	0.0	10115	5580	5689156	99
irp2:204:NZ_NBCK01000028	CP037943.1	99.885	6108	7	0	1	6108	1163915	1170022	0.0	11241	6108	5689156	100
irp2:205:NZ_NOFI01000001	CP037943.1	99.345	6108	40	0	1	6108	1163915	1170022	0.0	11058	6108	5689156	100
irp2:206:NZ_NTOA01000022	CP037943.1	99.902	6108	6	0	1	6108	1163915	1170022	0.0	11247	6108	5689156	100
irp2:207:NZ_UGDJ01000004	CP037943.1	99.869	6108	8	0	1	6108	1163915	1170022	0.0	11236	6108	5689156	100
irp2:208:NZ_NNXW01000018	CP037943.1	99.312	6108	42	0	1	6108	1163915	1170022	0.0	11047	6108	5689156	100
irp2:209:NZ_NNZF01000023	CP037943.1	99.443	6108	34	0	1	6108	1163915	1170022	0.0	11092	6108	5689156	100
irp2:20:NZ_CP020116	CP037943.1	99.411	6108	36	0	1	6108	1163915	1170022	0.0	11081	6108	5689156	100
irp2:210:NZ_NMNU01000010	CP037943.1	99.492	6108	31	0	1	6108	1163915	1170022	0.0	11108	6108	5689156	100
irp2:211:NZ_NONQ01000029	CP037943.1	99.345	6108	40	0	1	6108	1163915	1170022	0.0	11058	6108	5689156	100
irp2:212:NZ_NMIS01000044	CP037943.1	99.476	6108	32	0	1	6108	1163915	1170022	0.0	11103	6108	5689156	100
irp2:213:NZ_NMCV01000036	CP037943.1	99.722	6108	17	0	1	6108	1163915	1170022	0.0	11186	6108	5689156	100
irp2:214:NZ_UIJI01000014	CP037943.1	99.525	6108	29	0	1	6108	1163915	1170022	0.0	11119	6108	5689156	100
irp2:215:NZ_BDIA01000042	CP037943.1	99.967	6108	2	0	1	6108	1163915	1170022	0.0	11269	6108	5689156	100
irp2:216:NZ_NOAS01000001	CP037943.1	99.050	6108	58	0	1	6108	1163915	1170022	0.0	10959	6108	5689156	100
irp2:217:NZ_NOBU01000009	CP037943.1	99.542	6108	28	0	1	6108	1163915	1170022	0.0	11125	6108	5689156	100
irp2:218:NZ_NMBE01000050	CP037943.1	99.853	6108	9	0	1	6108	1163915	1170022	0.0	11230	6108	5689156	100
irp2:219:NZ_UGFZ01000001	CP037943.1	99.885	6108	7	0	1	6108	1163915	1170022	0.0	11241	6108	5689156	100
irp2:21:NZ_NOEB01000001	CP037943.1	99.361	6108	39	0	1	6108	1163915	1170022	0.0	11064	6108	5689156	100
irp2:220:NZ_UEMQ01000041	CP037943.1	99.492	6108	31	0	1	6108	1163915	1170022	0.0	11108	6108	5689156	100
irp2:221:NZ_CP029973	CP037943.1	99.460	6108	33	0	1	6108	1163915	1170022	0.0	11097	6108	5689156	100
irp2:222:NZ_NOES01000003	CP037943.1	98.887	6108	68	0	1	6108	1163915	1170022	0.0	10903	6108	5689156	100
irp2:223:NZ_MOKA01000081	CP037943.1	99.820	6108	11	0	1	6108	1163915	1170022	0.0	11219	6108	5689156	100
irp2:224:NZ_MOYQ01000006	CP037943.1	98.873	6123	69	0	1	6123	1163915	1170037	0.0	10925	6123	5689156	100
irp2:225:NZ_NMCT01000003	CP037943.1	98.412	6108	97	0	1	6108	1163915	1170022	0.0	10743	6108	5689156	100
irp2:226:NZ_NLXV01000012	CP037943.1	99.460	6108	33	0	1	6108	1163915	1170022	0.0	11097	6108	5689156	100
irp2:227:NZ_NOAO01000022	CP037943.1	99.525	6108	29	0	1	6108	1163915	1170022	0.0	11119	6108	5689156	100
irp2:228:NZ_NMLX01000007	CP037943.1	99.656	6108	21	0	1	6108	1163915	1170022	0.0	11164	6108	5689156	100
irp2:229:NZ_NMND01000002	CP037943.1	99.411	6108	36	0	1	6108	1163915	1170022	0.0	11081	6108	5689156	100
irp2:22:NZ_NNTJ01000030	CP037943.1	99.149	6108	52	0	1	6108	1163915	1170022	0.0	10992	6108	5689156	100
irp2:230:NZ_UDDU01000009	CP037943.1	99.869	6093	8	0	1	6093	1163915	1170007	0.0	11208	6096	5689156	99
irp2:231:NZ_NONT01000022	CP037943.1	99.689	6108	19	0	1	6108	1163915	1170022	0.0	11175	6108	5689156	100
irp2:232:NZ_PGIU01000028	CP037943.1	99.476	6108	32	0	1	6108	1163915	1170022	0.0	11103	6108	5689156	100
irp2:233:NZ_NOGQ01000011	CP037943.1	99.067	6108	57	0	1	6108	1163915	1170022	0.0	10964	6108	5689156	100
irp2:234:NZ_NNTV01000004	CP037943.1	99.902	6108	6	0	1	6108	1163915	1170022	0.0	11247	6108	5689156	100
irp2:235:NZ_NOFG01000027	CP037943.1	99.869	6108	8	0	1	6108	1163915	1170022	0.0	11236	6108	5689156	100
irp2:236:NZ_NBCQ01000024	CP037943.1	99.902	6108	6	0	1	6108	1163915	1170022	0.0	11247	6108	5689156	100
irp2:237:NZ_NOOY01000026	CP037943.1	99.361	6108	39	0	1	6108	1163915	1170022	0.0	11064	6108	5689156	100
irp2:238:NZ_NOUB01000015	CP037943.1	99.525	6108	29	0	1	6108	1163915	1170022	0.0	11119	6108	5689156	100
irp2:239:NZ_NOFK01000002	CP037943.1	99.689	6108	19	0	1	6108	1163915	1170022	0.0	11175	6108	5689156	100
irp2:23:NZ_QRHV01000003	CP037943.1	99.689	6108	19	0	1	6108	1163915	1170022	0.0	11175	6108	5689156	100
irp2:240:NZ_QWNU01000299	CP037943.1	99.689	6108	19	0	1	6108	1163915	1170022	0.0	11175	6108	5689156	100
irp2:241:QOEM01000039	CP037943.1	99.918	6108	5	0	1	6108	1163915	1170022	0.0	11252	6108	5689156	100
irp2:242:NZ_NRZO01000068	CP037943.1	99.853	6108	9	0	1	6108	1163915	1170022	0.0	11230	6108	5689156	100
irp2:243:NZ_NOQV01000023	CP037943.1	99.542	6108	28	0	1	6108	1163915	1170022	0.0	11125	6108	5689156	100
irp2:244:NZ_UCUD01000022	CP037943.1	99.705	6108	18	0	1	6108	1163915	1170022	0.0	11180	6108	5689156	100
irp2:245:NZ_UIMI01000010	CP037943.1	99.296	6108	43	0	1	6108	1163915	1170022	0.0	11042	6108	5689156	100
irp2:246:NZ_NMMA01000020	CP037943.1	99.411	6108	36	0	1	6108	1163915	1170022	0.0	11081	6108	5689156	100
irp2:247:NZ_NMKO01000032	CP037943.1	99.967	6108	2	0	1	6108	1163915	1170022	0.0	11269	6108	5689156	100
irp2:248:NZ_PGKK01000006	CP037943.1	99.869	6108	8	0	1	6108	1163915	1170022	0.0	11236	6108	5689156	100
irp2:249:NZ_UEMW01000001	CP037943.1	99.771	6108	14	0	1	6108	1163915	1170022	0.0	11202	6108	5689156	100
irp2:24:NZ_NOMG01000043	CP037943.1	99.902	6108	6	0	1	6108	1163915	1170022	0.0	11247	6108	5689156	100
irp2:250:NZ_NOAK01000003	CP037943.1	98.412	6108	97	0	1	6108	1163915	1170022	0.0	10743	6108	5689156	100
irp2:251:NZ_PGKH01000032	CP037943.1	99.623	6108	23	0	1	6108	1163915	1170022	0.0	11153	6108	5689156	100
irp2:252:NZ_UGDY01000003	CP037943.1	99.574	6108	26	0	1	6108	1163915	1170022	0.0	11136	6108	5689156	100
irp2:253:NZ_NMFJ01000040	CP037943.1	99.869	6108	8	0	1	6108	1163915	1170022	0.0	11236	6108	5689156	100
irp2:254:NZ_UEMU01000024	CP037943.1	99.542	6108	28	0	1	6108	1163915	1170022	0.0	11125	6108	5689156	100
irp2:255:NZ_NRTC01000135	CP037943.1	99.820	6108	11	0	1	6108	1163915	1170022	0.0	11219	6108	5689156	100
irp2:256:NZ_NOQN01000024	CP037943.1	98.887	6108	68	0	1	6108	1163915	1170022	0.0	10903	6108	5689156	100
irp2:257:NZ_UGFP01000001	CP037943.1	99.902	6108	6	0	1	6108	1163915	1170022	0.0	11247	6108	5689156	100
irp2:258:NZ_NMCY01000014	CP037943.1	99.509	6108	30	0	1	6108	1163915	1170022	0.0	11114	6108	5689156	100
irp2:259:NZ_NBCS01000160	CP037943.1	99.853	6108	9	0	1	6108	1163915	1170022	0.0	11230	6108	5689156	100
irp2:25:NZ_NMKL01000024	CP037943.1	99.525	6108	29	0	1	6108	1163915	1170022	0.0	11119	6108	5689156	100
irp2:260:NZ_NMHH01000013	CP037943.1	99.591	6108	25	0	1	6108	1163915	1170022	0.0	11141	6108	5689156	100
irp2:261:NZ_PDAM01000001	CP037943.1	99.918	6108	5	0	1	6108	1163915	1170022	0.0	11252	6108	5689156	100
irp2:262:NZ_NNWN01000015	CP037943.1	99.067	6108	57	0	1	6108	1163915	1170022	0.0	10964	6108	5689156	100
irp2:263:NZ_NRYB01000109	CP037943.1	99.689	6108	19	0	1	6108	1163915	1170022	0.0	11175	6108	5689156	100
irp2:264:NZ_NNUZ01000025	CP037943.1	99.771	6108	14	0	1	6108	1163915	1170022	0.0	11202	6108	5689156	100
irp2:265:NZ_QOGA01000012	CP037943.1	99.689	6108	19	0	1	6108	1163915	1170022	0.0	11177	6108	5689156	100
irp2:266:NZ_NLYI01000033	CP037943.1	99.689	6108	19	0	1	6108	1163915	1170022	0.0	11175	6108	5689156	100
irp2:267:NZ_UGEC01000002	CP037943.1	99.509	6108	30	0	1	6108	1163915	1170022	0.0	11114	6108	5689156	100
irp2:268:NZ_NTOW01000002	CP037943.1	99.558	6108	27	0	1	6108	1163915	1170022	0.0	11130	6108	5689156	100
irp2:269:NZ_UGCL01000001	CP037943.1	99.476	6108	32	0	1	6108	1163915	1170022	0.0	11103	6108	5689156	100
irp2:26:NZ_NMEP01000001	CP037943.1	99.443	6108	34	0	1	6108	1163915	1170022	0.0	11092	6108	5689156	100
irp2:270:NZ_POSX01000009	CP037943.1	98.412	6108	97	0	1	6108	1163915	1170022	0.0	10743	6108	5689156	100
irp2:271:NZ_NOSZ01000040	CP037943.1	99.673	6108	20	0	1	6108	1163915	1170022	0.0	11169	6108	5689156	100
irp2:272:NZ_NMAG01000027	CP037943.1	99.525	6108	29	0	1	6108	1163915	1170022	0.0	11119	6108	5689156	100
irp2:273:NZ_QHMK01000034	CP037943.1	99.885	6108	7	0	1	6108	1163915	1170022	0.0	11241	6108	5689156	100
irp2:274:NZ_NONX01000046	CP037943.1	99.836	6108	10	0	1	6108	1163915	1170022	0.0	11225	6108	5689156	100
irp2:275:NZ_NLXL01000001	CP037943.1	99.132	6108	53	0	1	6108	1163915	1170022	0.0	10986	6108	5689156	100
irp2:276:QODN01000001	CP037943.1	99.836	6108	10	0	1	6108	1163915	1170022	0.0	11225	6108	5689156	100
irp2:277:NZ_PXVW01000053	CP037943.1	98.412	6108	97	0	1	6108	1163915	1170022	0.0	10743	6108	5689156	100
irp2:278:NZ_NOMU01000001	CP037943.1	99.673	6108	20	0	1	6108	1163915	1170022	0.0	11169	6108	5689156	100
irp2:279:NZ_NNXE01000001	CP037943.1	99.853	6108	9	0	1	6108	1163915	1170022	0.0	11230	6108	5689156	100
irp2:27:NZ_NBKA01000086	CP037943.1	99.443	6108	34	0	1	6108	1163915	1170022	0.0	11092	6108	5689156	100
irp2:280:NZ_FUVW01000035	CP037943.1	99.640	6108	22	0	1	6108	1163915	1170022	0.0	11158	6108	5689156	100
irp2:281:NZ_BGTN01000002	CP037943.1	99.427	6108	35	0	1	6108	1163915	1170022	0.0	11086	6108	5689156	100
irp2:282:NZ_NOSN01000022	CP037943.1	99.509	6108	30	0	1	6108	1163915	1170022	0.0	11114	6108	5689156	100
irp2:283:NZ_PXVX01000010	CP037943.1	99.509	6108	30	0	1	6108	1163915	1170022	0.0	11114	6108	5689156	100
irp2:284:NZ_NHYT01000001	CP037943.1	99.050	6108	58	0	1	6108	1163915	1170022	0.0	10959	6108	5689156	100
irp2:285:NZ_NTPD01000023	CP037943.1	99.640	6108	22	0	1	6108	1163915	1170022	0.0	11158	6108	5689156	100
irp2:286:NZ_NLZX01000039	CP037943.1	99.312	6108	42	0	1	6108	1163915	1170022	0.0	11047	6108	5689156	100
irp2:287:NZ_NOHQ01000020	CP037943.1	99.542	6108	28	0	1	6108	1163915	1170022	0.0	11125	6108	5689156	100
irp2:288:NZ_NLZJ01000036	CP037943.1	99.427	6108	35	0	1	6108	1163915	1170022	0.0	11086	6108	5689156	100
irp2:289:NZ_QOEL01000026	CP037943.1	99.689	6108	19	0	1	6108	1163915	1170022	0.0	11175	6108	5689156	100
irp2:28:NZ_UGCA01000002	CP037943.1	99.836	6108	10	0	1	6108	1163915	1170022	0.0	11225	6108	5689156	100
irp2:290:NZ_NOBF01000018	CP037943.1	99.411	6108	36	0	1	6108	1163915	1170022	0.0	11081	6108	5689156	100
irp2:291:NZ_BGXM01000023	CP037943.1	99.411	6108	36	0	1	6108	1163915	1170022	0.0	11081	6108	5689156	100
irp2:292:NZ_QLAC01000001	CP037943.1	98.428	6108	96	0	1	6108	1163915	1170022	0.0	10748	6108	5689156	100
irp2:293:NZ_NFSP01000008	CP037943.1	99.689	6108	19	0	1	6108	1163915	1170022	0.0	11175	6108	5689156	100
irp2:294:NZ_NFTL01000016	CP037943.1	99.689	6108	19	0	1	6108	1163915	1170022	0.0	11175	6108	5689156	100
irp2:295:NZ_PYQJ01000016	CP037943.1	98.919	6108	66	0	1	6108	1163915	1170022	0.0	10914	6108	5689156	100
irp2:296:NZ_UILN01000001	CP037943.1	99.443	6108	34	0	1	6108	1163915	1170022	0.0	11092	6108	5689156	100
irp2:297:NZ_QOOL01000089	CP037943.1	98.412	6108	97	0	1	6108	1163915	1170022	0.0	10743	6108	5689156	100
irp2:298:NZ_NOHH01000018	CP037943.1	99.542	6108	28	0	1	6108	1163915	1170022	0.0	11125	6108	5689156	100
irp2:299:NZ_BGNW01000020	CP037943.1	99.427	6108	35	0	1	6108	1163915	1170022	0.0	11086	6108	5689156	100
irp2:29:NZ_CP027520	CP037943.1	99.902	6108	6	0	1	6108	1163915	1170022	0.0	11247	6108	5689156	100
irp2:2:NZ_QWNK01000221	CP037943.1	99.721	5741	16	0	263	6003	1164282	1170022	0.0	10514	6003	5689156	96
irp2:300:QOEN01000019	CP037943.1	98.412	6108	97	0	1	6108	1163915	1170022	0.0	10743	6108	5689156	100
irp2:301:NZ_NLWX01000011	CP037943.1	99.607	6108	24	0	1	6108	1163915	1170022	0.0	11147	6108	5689156	100
irp2:302:NZ_NBKS01000079	CP037943.1	99.347	6123	40	0	1	6123	1163915	1170037	0.0	11086	6123	5689156	100
irp2:303:NZ_BGSG01000021	CP037943.1	99.820	6108	11	0	1	6108	1163915	1170022	0.0	11219	6108	5689156	100
irp2:304:QFRY01000608	CP037943.1	99.984	6108	1	0	1	6108	1163915	1170022	0.0	11274	6108	5689156	100
irp2:305:NZ_FQYC01000005	CP037943.1	99.018	6108	60	0	1	6108	1163915	1170022	0.0	10948	6108	5689156	100
irp2:306:NZ_NMGP01000001	CP037943.1	99.476	6108	32	0	1	6108	1163915	1170022	0.0	11103	6108	5689156	100
irp2:307:NZ_NMIW01000028	CP037943.1	99.411	6108	36	0	1	6108	1163915	1170022	0.0	11081	6108	5689156	100
irp2:308:QFQC01000032	CP037943.1	99.476	6108	32	0	1	6108	1163915	1170022	0.0	11103	6108	5689156	100
irp2:309:NZ_BGNJ01000017	CP037943.1	99.394	6108	37	0	1	6108	1163915	1170022	0.0	11075	6108	5689156	100
irp2:30:NZ_NNUY01000022	CP037943.1	99.902	6108	6	0	1	6108	1163915	1170022	0.0	11247	6108	5689156	100
irp2:310:NZ_QNTC01000060	CP037943.1	99.411	6108	36	0	1	6108	1163915	1170022	0.0	11081	6108	5689156	100
irp2:311:NZ_NOCN01000029	CP037943.1	99.967	6108	2	0	1	6108	1163915	1170022	0.0	11269	6108	5689156	100
irp2:312:NZ_CP027461	CP037943.1	98.428	6108	96	0	1	6108	1163915	1170022	0.0	10748	6108	5689156	100
irp2:313:NZ_BGYF01000020	CP037943.1	98.412	6108	97	0	1	6108	1163915	1170022	0.0	10743	6108	5689156	100
irp2:314:NZ_NNYG01000027	CP037943.1	99.902	6108	6	0	1	6108	1163915	1170022	0.0	11247	6108	5689156	100
irp2:315:QOFB01000020	CP037943.1	99.853	6108	9	0	1	6108	1163915	1170022	0.0	11230	6108	5689156	100
irp2:316:NZ_NMLB01000031	CP037943.1	99.935	6108	4	0	1	6108	1163915	1170022	0.0	11258	6108	5689156	100
irp2:317:NZ_BGRE01000007	CP037943.1	98.805	6108	73	0	1	6108	1163915	1170022	0.0	10876	6108	5689156	100
irp2:318:NZ_CP019000	CP037943.1	99.411	6108	36	0	1	6108	1163915	1170022	0.0	11081	6108	5689156	100
irp2:319:NZ_QGIE01000012	CP037943.1	99.476	6108	32	0	1	6108	1163915	1170022	0.0	11103	6108	5689156	100
irp2:31:NZ_UILZ01000029	CP037943.1	98.857	6123	70	0	1	6123	1163915	1170037	0.0	10920	6123	5689156	100
irp2:320:NZ_NMAY01000003	CP037943.1	99.656	6108	21	0	1	6108	1163915	1170022	0.0	11164	6108	5689156	100
irp2:321:QOFE01000008	CP037943.1	99.525	6108	29	0	1	6108	1163915	1170022	0.0	11119	6108	5689156	100
irp2:322:NZ_NOPB01000001	CP037943.1	99.018	6108	60	0	1	6108	1163915	1170022	0.0	10948	6108	5689156	100
irp2:323:NZ_UEKQ01000004	CP037943.1	99.329	6108	41	0	1	6108	1163915	1170022	0.0	11053	6108	5689156	100
irp2:324:NZ_NODX01000001	CP037943.1	98.396	6108	98	0	1	6108	1163915	1170022	0.0	10737	6108	5689156	100
irp2:325:NZ_NOCS01000061	CP037943.1	99.902	6108	6	0	1	6108	1163915	1170022	0.0	11247	6108	5689156	100
irp2:326:NZ_BDHY01000027	CP037943.1	99.951	6108	3	0	1	6108	1163915	1170022	0.0	11263	6108	5689156	100
irp2:327:NZ_QHCX01000007	CP037943.1	99.394	6108	37	0	1	6108	1163915	1170022	0.0	11075	6108	5689156	100
irp2:328:NZ_UGFT01000003	CP037943.1	99.492	6108	31	0	1	6108	1163915	1170022	0.0	11108	6108	5689156	100
irp2:329:NZ_BGYP01000020	CP037943.1	99.001	6108	61	0	1	6108	1163915	1170022	0.0	10942	6108	5689156	100
irp2:32:NZ_QKQU01000026	CP037943.1	99.673	6108	20	0	1	6108	1163915	1170022	0.0	11169	6108	5689156	100
irp2:330:NZ_BGWF01000021	CP037943.1	99.411	6108	36	0	1	6108	1163915	1170022	0.0	11081	6108	5689156	100
irp2:331:NZ_NONY01000012	CP037943.1	98.412	6108	97	0	1	6108	1163915	1170022	0.0	10743	6108	5689156	100
irp2:332:NZ_NOPP01000029	CP037943.1	99.689	6108	19	0	1	6108	1163915	1170022	0.0	11175	6108	5689156	100
irp2:333:NZ_NLWN01000039	CP037943.1	99.509	6108	30	0	1	6108	1163915	1170022	0.0	11114	6108	5689156	100
irp2:334:NZ_CP028126	CP037943.1	99.951	6108	3	0	1	6108	1163915	1170022	0.0	11263	6108	5689156	100
irp2:335:NZ_QLKL01000007	CP037943.1	98.412	6108	97	0	1	6108	1163915	1170022	0.0	10743	6108	5689156	100
irp2:336:NZ_NOEI01000037	CP037943.1	99.722	6108	17	0	1	6108	1163915	1170022	0.0	11186	6108	5689156	100
irp2:337:NZ_NNZK01000003	CP037943.1	99.902	6108	6	0	1	6108	1163915	1170022	0.0	11247	6108	5689156	100
irp2:338:NZ_UGBC01000003	CP037943.1	99.116	6108	54	0	1	6108	1163915	1170022	0.0	10981	6108	5689156	100
irp2:339:NZ_UGFV01000001	CP037943.1	99.689	6108	19	0	1	6108	1163915	1170022	0.0	11175	6108	5689156	100
irp2:33:NZ_NNWU01000028	CP037943.1	99.640	6108	22	0	1	6108	1163915	1170022	0.0	11158	6108	5689156	100
irp2:340:NZ_NMAU01000048	CP037943.1	99.689	6108	19	0	1	6108	1163915	1170022	0.0	11175	6108	5689156	100
irp2:341:NZ_UEMM01000001	CP037943.1	99.034	6108	59	0	1	6108	1163915	1170022	0.0	10953	6108	5689156	100
irp2:342:NZ_BGSE01000014	CP037943.1	99.394	6108	37	0	1	6108	1163915	1170022	0.0	11075	6108	5689156	100
irp2:343:NZ_NMML01000030	CP037943.1	99.787	6108	13	0	1	6108	1163915	1170022	0.0	11208	6108	5689156	100
irp2:344:NZ_NOPJ01000028	CP037943.1	99.607	6108	24	0	1	6108	1163915	1170022	0.0	11147	6108	5689156	100
irp2:345:NZ_NOAJ01000004	CP037943.1	99.705	6108	18	0	1	6108	1163915	1170022	0.0	11180	6108	5689156	100
irp2:346:NZ_NMAZ01000029	CP037943.1	99.673	6108	20	0	1	6108	1163915	1170022	0.0	11169	6108	5689156	100
irp2:34:NZ_UEMK01000034	CP037943.1	99.771	6108	14	0	1	6108	1163915	1170022	0.0	11202	6108	5689156	100
irp2:35:NZ_NOHF01000030	CP037943.1	99.656	6108	21	0	1	6108	1163915	1170022	0.0	11164	6108	5689156	100
irp2:36:NZ_NOSM01000001	CP037943.1	99.312	6108	42	0	1	6108	1163915	1170022	0.0	11047	6108	5689156	100
irp2:37:NZ_PGIY01000009	CP037943.1	99.443	6108	34	0	1	6108	1163915	1170022	0.0	11092	6108	5689156	100
irp2:38:NZ_BGKO01000025	CP037943.1	99.460	6108	33	0	1	6108	1163915	1170022	0.0	11097	6108	5689156	100
irp2:39:NZ_NMLJ01000018	CP037943.1	99.509	6108	30	0	1	6108	1163915	1170022	0.0	11114	6108	5689156	100
irp2:3:CP010315	CP037943.1	99.853	6108	9	0	1	6108	1163915	1170022	0.0	11230	6108	5689156	100
irp2:40:NZ_NMDF01000039	CP037943.1	99.411	6108	36	0	1	6108	1163915	1170022	0.0	11081	6108	5689156	100
irp2:41:NZ_NLXY01000002	CP037943.1	99.394	6108	37	0	1	6108	1163915	1170022	0.0	11075	6108	5689156	100
irp2:42:NZ_UIMN01000032	CP037943.1	99.411	6108	36	0	1	6108	1163915	1170022	0.0	11081	6108	5689156	100
irp2:43:NZ_UIIA01000001	CP037943.1	99.689	6108	19	0	1	6108	1163915	1170022	0.0	11175	6108	5689156	100
irp2:44:NZ_NMDS01000013	CP037943.1	98.889	6123	68	0	1	6123	1163915	1170037	0.0	10931	6123	5689156	100
irp2:45:NZ_NOBP01000001	CP037943.1	99.361	6108	39	0	1	6108	1163915	1170022	0.0	11064	6108	5689156	100
irp2:46:NZ_BGNI01000004	CP037943.1	99.427	6108	35	0	1	6108	1163915	1170022	0.0	11086	6108	5689156	100
irp2:47:NZ_PVPS01000038	CP037943.1	99.640	6108	22	0	1	6108	1163915	1170022	0.0	11158	6108	5689156	100
irp2:48:NZ_NORW01000031	CP037943.1	99.689	6108	19	0	1	6108	1163915	1170022	0.0	11175	6108	5689156	100
irp2:49:NZ_NMHI01000003	CP037943.1	99.427	6108	35	0	1	6108	1163915	1170022	0.0	11086	6108	5689156	100
irp2:4:CP001671	CP037943.1	99.050	6108	58	0	1	6108	1163915	1170022	0.0	10959	6108	5689156	100
irp2:50:NZ_CP013185	CP037943.1	99.853	6108	9	0	1	6108	1163915	1170022	0.0	11230	6108	5689156	100
irp2:51:NZ_NMHA01000004	CP037943.1	98.922	6123	66	0	1	6123	1163915	1170037	0.0	10942	6123	5689156	100
irp2:52:NZ_NMKR01000001	CP037943.1	98.412	6108	97	0	1	6108	1163915	1170022	0.0	10743	6108	5689156	100
irp2:53:NZ_UGEK01000001	CP037943.1	99.705	6108	18	0	1	6108	1163915	1170022	0.0	11180	6108	5689156	100
irp2:54:NZ_BGXX01000021	CP037943.1	99.411	6108	36	0	1	6108	1163915	1170022	0.0	11081	6108	5689156	100
irp2:55:NZ_QAGC01000027	CP037943.1	99.673	6108	20	0	1	6108	1163915	1170022	0.0	11169	6108	5689156	100
irp2:56:NZ_NLXK01000019	CP037943.1	98.445	6108	95	0	1	6108	1163915	1170022	0.0	10754	6108	5689156	100
irp2:57:NZ_NBKL01000045	CP037943.1	99.378	6108	38	0	1	6108	1163915	1170022	0.0	11069	6108	5689156	100
irp2:58:NZ_QOHA01000015	CP037943.1	99.394	6108	37	0	1	6108	1163915	1170022	0.0	11075	6108	5689156	100
irp2:59:NZ_NTOF01000005	CP037943.1	99.525	6108	29	0	1	6108	1163915	1170022	0.0	11119	6108	5689156	100
irp2:5:NZ_UGCW01000003	CP037943.1	99.902	6108	6	0	1	6108	1163915	1170022	0.0	11247	6108	5689156	100
irp2:60:NZ_NNVC01000032	CP037943.1	99.574	6108	26	0	1	6108	1163915	1170022	0.0	11136	6108	5689156	100
irp2:61:NZ_NBBR01000017	CP037943.1	99.853	6108	9	0	1	6108	1163915	1170022	0.0	11230	6108	5689156	100
irp2:62:NZ_BDHS01000036	CP037943.1	99.935	6108	4	0	1	6108	1163915	1170022	0.0	11258	6108	5689156	100
irp2:63:NZ_NOGC01000026	CP037943.1	99.411	6108	36	0	1	6108	1163915	1170022	0.0	11081	6108	5689156	100
irp2:64:NZ_BGQT01000003	CP037943.1	99.689	6108	19	0	1	6108	1163915	1170022	0.0	11175	6108	5689156	100
irp2:65:NZ_NMDG01000033	CP037943.1	99.623	6108	23	0	1	6108	1163915	1170022	0.0	11153	6108	5689156	100
irp2:66:NZ_NNYS01000020	CP037943.1	98.906	6123	67	0	1	6123	1163915	1170037	0.0	10936	6123	5689156	100
irp2:67:NZ_UEMJ01000002	CP037943.1	99.378	6108	38	0	1	6108	1163915	1170022	0.0	11069	6108	5689156	100
irp2:68:NZ_BGXN01000014	CP037943.1	99.329	6108	41	0	1	6108	1163915	1170022	0.0	11053	6108	5689156	100
irp2:69:NZ_NOQP01000019	CP037943.1	98.838	6108	71	0	1	6108	1163915	1170022	0.0	10887	6108	5689156	100
irp2:6:NZ_NLXI01000002	CP037943.1	99.902	6108	6	0	1	6108	1163915	1170022	0.0	11247	6108	5689156	100
irp2:70:NZ_PXIF01000061	CP037943.1	99.509	6108	30	0	1	6108	1163915	1170022	0.0	11114	6108	5689156	100
irp2:71:NZ_NHZB01000038	CP037943.1	99.378	6108	38	0	1	6108	1163915	1170022	0.0	11069	6108	5689156	100
irp2:72:NZ_NLXG01000028	CP037943.1	99.411	6108	36	0	1	6108	1163915	1170022	0.0	11081	6108	5689156	100
irp2:73:NZ_UEMD01000021	CP037943.1	99.574	6108	26	0	1	6108	1163915	1170022	0.0	11136	6108	5689156	100
irp2:74:NZ_QKNC01000001	CP037943.1	99.427	6108	35	0	1	6108	1163915	1170022	0.0	11086	6108	5689156	100
irp2:75:NZ_QBCH01000114	CP037943.1	99.460	6108	33	0	1	6108	1163915	1170022	0.0	11097	6108	5689156	100
irp2:76:NZ_NHYV01000025	CP037943.1	99.411	6108	36	0	1	6108	1163915	1170022	0.0	11081	6108	5689156	100
irp2:77:NZ_QOGY01000027	CP037943.1	99.689	6108	19	0	1	6108	1163915	1170022	0.0	11175	6108	5689156	100
irp2:78:QFSR01000014	CP037943.1	99.951	6108	3	0	1	6108	1163915	1170022	0.0	11263	6108	5689156	100
irp2:79:NZ_NOUN01000026	CP037943.1	99.869	6108	8	0	1	6108	1163915	1170022	0.0	11236	6108	5689156	100
irp2:7:NZ_QWNQ01000284	CP037943.1	99.689	6108	19	0	1	6108	1163915	1170022	0.0	11175	6108	5689156	100
irp2:80:QOEB01000023	CP037943.1	99.869	6108	8	0	1	6108	1163915	1170022	0.0	11236	6108	5689156	100
irp2:81:NZ_NNYO01000017	CP037943.1	99.558	6108	27	0	1	6108	1163915	1170022	0.0	11130	6108	5689156	100
irp2:82:NZ_CP029579	CP037943.1	99.885	6108	7	0	1	6108	1163915	1170022	0.0	11241	6108	5689156	100
irp2:83:NZ_CP029574	CP037943.1	99.509	6108	30	0	1	6108	1163915	1170022	0.0	11114	6108	5689156	100
irp2:84:QOEX01000002	CP037943.1	99.705	6108	18	0	1	6108	1163915	1170022	0.0	11180	6108	5689156	100
irp2:85:NZ_NMEK01000002	CP037943.1	99.018	6108	60	0	1	6108	1163915	1170022	0.0	10948	6108	5689156	100
irp2:86:NZ_NOHG01000003	CP037943.1	99.361	6108	39	0	1	6108	1163915	1170022	0.0	11064	6108	5689156	100
irp2:87:NZ_UGCH01000001	CP037943.1	99.656	6108	21	0	1	6108	1163915	1170022	0.0	11164	6108	5689156	100
irp2:88:NZ_NOEW01000027	CP037943.1	98.399	6123	98	0	1	6123	1163915	1170037	0.0	10765	6123	5689156	100
irp2:89:NZ_NOTE01000038	CP037943.1	99.607	6108	24	0	1	6108	1163915	1170022	0.0	11147	6108	5689156	100
irp2:8:NZ_PTJL01000035	CP037943.1	99.640	6108	22	0	1	6108	1163915	1170022	0.0	11158	6108	5689156	100
irp2:90:NZ_NMHB01000001	CP037943.1	98.772	6108	75	0	1	6108	1163915	1170022	0.0	10864	6108	5689156	100
irp2:91:NZ_BDHX01000031	CP037943.1	99.967	6108	2	0	1	6108	1163915	1170022	0.0	11269	6108	5689156	100
irp2:92:NZ_QOOQ01000067	CP037943.1	99.411	6108	36	0	1	6108	1163915	1170022	0.0	11081	6108	5689156	100
irp2:93:NZ_NOQB01000029	CP037943.1	99.918	6108	5	0	1	6108	1163915	1170022	0.0	11252	6108	5689156	100
irp2:94:NZ_UGDZ01000006	CP037943.1	99.329	6108	41	0	1	6108	1163915	1170022	0.0	11053	6108	5689156	100
irp2:95:NZ_NNZY01000001	CP037943.1	99.378	6108	38	0	1	6108	1163915	1170022	0.0	11069	6108	5689156	100
irp2:96:NZ_NMGW01000001	CP037943.1	98.887	6108	68	0	1	6108	1163915	1170022	0.0	10903	6108	5689156	100
irp2:97:NZ_NMCD01000015	CP037943.1	99.705	6108	18	0	1	6108	1163915	1170022	0.0	11180	6108	5689156	100
irp2:98:NZ_NBCE01000070	CP037943.1	99.411	6108	36	0	1	6108	1163915	1170022	0.0	11081	6108	5689156	100
irp2:99:NZ_NOTN01000020	CP037943.1	99.902	6108	6	0	1	6108	1163915	1170022	0.0	11247	6108	5689156	100
irp2:9:NZ_NLXO01000005	CP037943.1	99.869	6108	8	0	1	6108	1163915	1170022	0.0	11236	6108	5689156	100
iucC:10:CYAT01000077	CP037943.1	99.943	1743	1	0	1	1743	5513614	5515356	0.0	3214	1743	5689156	100
iucC:11:CYDI01000018	CP037943.1	99.828	1743	3	0	1	1743	5513614	5515356	0.0	3203	1743	5689156	100
iucC:12:CYCI01000061	CP037943.1	99.885	1743	2	0	1	1743	5513614	5515356	0.0	3208	1743	5689156	100
iucC:13:CYAZ01000069	CP037943.1	99.943	1743	1	0	1	1743	5513614	5515356	0.0	3214	1743	5689156	100
iucC:14:CXZO01000056	CP037943.1	96.099	1743	68	0	1	1743	5513614	5515356	0.0	2843	1743	5689156	100
iucC:15:CYBH01000047	CP037943.1	98.049	1743	34	0	1	1743	5513614	5515356	0.0	3031	1743	5689156	100
iucC:16:CU928162	CP037943.1	99.541	1743	8	0	1	1743	5513614	5515356	0.0	3175	1743	5689156	100
iucC:17:CU928145	CP037943.1	99.369	1743	11	0	1	1743	5513614	5515356	0.0	3158	1743	5689156	100
iucC:18:CP002212	CP037943.1	98.107	1743	33	0	1	1743	5513614	5515356	0.0	3037	1743	5689156	100
iucC:19:CP000970	CP037943.1	95.869	1743	72	0	1	1743	5513614	5515356	0.0	2820	1743	5689156	100
iucC:1:AAJW02000016	CP037943.1	100.000	1743	0	0	1	1743	5513614	5515356	0.0	3219	1743	5689156	100
iucC:20:AHAW01000079	CP037943.1	99.484	1743	9	0	1	1743	5513614	5515356	0.0	3169	1743	5689156	100
iucC:21:AFST01000006	CP037943.1	99.426	1743	10	0	1	1743	5513614	5515356	0.0	3164	1743	5689156	100
iucC:22:AHAX01000084	CP037943.1	99.541	1743	8	0	1	1743	5513614	5515356	0.0	3175	1743	5689156	100
iucC:23:AP010960	CP037943.1	99.943	1743	1	0	1	1743	5513614	5515356	0.0	3214	1743	5689156	100
iucC:24:X76100	CP037943.1	95.700	1744	73	2	1	1743	5513614	5515356	0.0	2804	1743	5689156	100
iucC:25:UGFF01000002	CP037943.1	99.528	1695	8	0	1	1695	5513662	5515356	0.0	3086	1695	5689156	100
iucC:26:UGBP01000004	CP037943.1	99.484	1743	9	0	1	1743	5513614	5515356	0.0	3169	1743	5689156	100
iucC:27:UFZG01000001	CP037943.1	95.754	1743	74	0	1	1743	5513614	5515356	0.0	2809	1743	5689156	100
iucC:28:UGAI01000003	CP037943.1	98.107	1743	33	0	1	1743	5513614	5515356	0.0	3037	1743	5689156	100
iucC:29:UCZH01000017	CP037943.1	95.984	1743	70	0	1	1743	5513614	5515356	0.0	2832	1743	5689156	100
iucC:2:CP003034	CP037943.1	98.164	1743	32	0	1	1743	5513614	5515356	0.0	3042	1743	5689156	100
iucC:30:UGFC01000006	CP037943.1	99.426	1743	10	0	1	1743	5513614	5515356	0.0	3164	1743	5689156	100
iucC:31:UCYP01000005	CP037943.1	95.984	1743	70	0	1	1743	5513614	5515356	0.0	2832	1743	5689156	100
iucC:32:UFZP01000007	CP037943.1	99.598	1743	7	0	1	1743	5513614	5515356	0.0	3181	1743	5689156	100
iucC:33:UGDF01000003	CP037943.1	98.107	1743	33	0	1	1743	5513614	5515356	0.0	3037	1743	5689156	100
iucC:34:UGBG01000002	CP037943.1	99.426	1743	10	0	1	1743	5513614	5515356	0.0	3164	1743	5689156	100
iucC:35:UGBU01000002	CP037943.1	99.541	1743	8	0	1	1743	5513614	5515356	0.0	3175	1743	5689156	100
iucC:36:UGFA01000002	CP037943.1	99.369	1743	11	0	1	1743	5513614	5515356	0.0	3158	1743	5689156	100
iucC:37:AP018808	CP037943.1	99.943	1743	1	0	1	1743	5513614	5515356	0.0	3214	1743	5689156	100
iucC:38:UGGG01000003	CP037943.1	95.812	1743	73	0	1	1743	5513614	5515356	0.0	2815	1743	5689156	100
iucC:39:UGDG01000002	CP037943.1	99.484	1743	9	0	1	1743	5513614	5515356	0.0	3169	1743	5689156	100
iucC:3:CBTO010000002	CP037943.1	96.041	1743	69	0	1	1743	5513614	5515356	0.0	2837	1743	5689156	100
iucC:40:UGBA01000002	CP037943.1	99.541	1743	8	0	1	1743	5513614	5515356	0.0	3175	1743	5689156	100
iucC:41:UGAK01000003	CP037943.1	99.484	1743	9	0	1	1743	5513614	5515356	0.0	3169	1743	5689156	100
iucC:42:UGCA01000004	CP037943.1	98.107	1743	33	0	1	1743	5513614	5515356	0.0	3037	1743	5689156	100
iucC:43:UFZO01000004	CP037943.1	99.885	1743	2	0	1	1743	5513614	5515356	0.0	3208	1743	5689156	100
iucC:44:UGFV01000002	CP037943.1	95.984	1743	70	0	1	1743	5513614	5515356	0.0	2832	1743	5689156	100
iucC:45:UGFX01000002	CP037943.1	98.917	1755	7	1	1	1755	5513614	5515356	0.0	3125	1755	5689156	100
iucC:46:UEKQ01000022	CP037943.1	95.984	1743	70	0	1	1743	5513614	5515356	0.0	2832	1743	5689156	100
iucC:47:UGAA01000001	CP037943.1	99.484	1743	9	0	1	1743	5513614	5515356	0.0	3169	1743	5689156	100
iucC:4:NC_007675	CP037943.1	95.984	1743	70	0	1	1743	5513614	5515356	0.0	2832	1743	5689156	100
iucC:5:AY553855	CP037943.1	95.869	1743	72	0	1	1743	5513614	5515356	0.0	2820	1743	5689156	100
iucC:6:HG941718	CP037943.1	98.164	1743	32	0	1	1743	5513614	5515356	0.0	3042	1743	5689156	100
iucC:7:FBYD01000004	CP037943.1	98.049	1743	34	0	1	1743	5513614	5515356	0.0	3031	1743	5689156	100
iucC:8:CVTE01000047	CP037943.1	95.869	1743	72	0	1	1743	5513614	5515356	0.0	2820	1743	5689156	100
iucC:9:AMUG01000109	CP037943.1	99.943	1743	1	0	1	1743	5513614	5515356	0.0	3214	1743	5689156	100
iutA:14:AAJW02000016	CP037943.1	100.000	2199	0	0	1	2199	5516693	5518891	0.0	4061	2199	5689156	100
iutA:15:CYGM01000056	CP037943.1	99.909	2196	2	0	1	2196	5516696	5518891	0.0	4045	2196	5689156	100
iutA:16:CYGC01000019	CP037943.1	99.955	2199	1	0	1	2199	5516693	5518891	0.0	4056	2199	5689156	100
iutA:17:CYEO01000053	CP037943.1	99.909	2199	2	0	1	2199	5516693	5518891	0.0	4050	2199	5689156	100
iutA:18:CYCI01000061	CP037943.1	99.909	2199	2	0	1	2199	5516693	5518891	0.0	4050	2199	5689156	100
iutA:19:CXZL01000052	CP037943.1	99.955	2199	1	0	1	2199	5516693	5518891	0.0	4056	2199	5689156	100
iutA:20:AP010953	CP037943.1	100.000	2196	0	0	1	2196	5516696	5518891	0.0	4056	2196	5689156	100
iutA:21:CYDG01000076	CP037943.1	99.955	2199	1	0	1	2199	5516693	5518891	0.0	4056	2199	5689156	100
iutA:22:CYAV01000050	CP037943.1	99.955	2199	1	0	1	2199	5516693	5518891	0.0	4056	2199	5689156	100
iutA:23:CYAT01000077	CP037943.1	99.909	2199	2	0	1	2199	5516693	5518891	0.0	4050	2199	5689156	100
iutA:24:CYDI01000018	CP037943.1	99.955	2199	1	0	1	2199	5516693	5518891	0.0	4056	2199	5689156	100
iutA:30:AHAW01000079	CP037943.1	99.271	2196	16	0	1	2196	5516696	5518891	0.0	3967	2196	5689156	100
iutA:31:AHAV01000114	CP037943.1	99.272	2199	16	0	1	2199	5516693	5518891	0.0	3973	2199	5689156	100
iutA:32:AHAX01000084	CP037943.1	99.317	2196	15	0	1	2196	5516696	5518891	0.0	3973	2196	5689156	100
iutA:35:UCTS01000042	CP037943.1	99.773	2199	5	0	1	2199	5516693	5518891	0.0	4034	2199	5689156	100
iutA:36:UGBU01000002	CP037943.1	99.227	2199	17	0	1	2199	5516693	5518891	0.0	3967	2199	5689156	100
iutA:37:UGAK01000003	CP037943.1	99.318	2199	15	0	1	2199	5516693	5518891	0.0	3978	2199	5689156	100
iutA:38:UGAD01000001	CP037943.1	99.272	2199	16	0	1	2199	5516693	5518891	0.0	3973	2199	5689156	100
iutA:39:UGDH01000001	CP037943.1	99.362	2196	14	0	1	2196	5516696	5518891	0.0	3978	2196	5689156	100
iutA:41:UFZP01000007	CP037943.1	99.272	2199	16	0	1	2199	5516693	5518891	0.0	3973	2199	5689156	100
iutA:43:UFZO01000004	CP037943.1	99.818	2199	4	0	1	2199	5516693	5518891	0.0	4039	2199	5689156	100
iutA:44:UGBG01000002	CP037943.1	99.409	2199	13	0	1	2199	5516693	5518891	0.0	3989	2199	5689156	100
iutA:45:UFZT01000001	CP037943.1	99.727	2199	6	0	1	2199	5516693	5518891	0.0	4028	2199	5689156	100
iutA:46:UGFC01000006	CP037943.1	99.363	2199	14	0	1	2199	5516693	5518891	0.0	3984	2199	5689156	100
iutA:47:UGFA01000002	CP037943.1	99.317	2196	15	0	1	2196	5516696	5518891	0.0	3973	2196	5689156	100
iutA:50:UGAH01000002	CP037943.1	99.318	2199	15	0	1	2199	5516693	5518891	0.0	3978	2199	5689156	100
iutA:56:UGDN01000003	CP037943.1	99.955	2199	1	0	1	2199	5516693	5518891	0.0	4056	2199	5689156	100
iutA:57:UARU01000014	CP037943.1	99.409	2199	13	0	1	2199	5516693	5518891	0.0	3989	2199	5689156	100
iutA:59:UGBA01000002	CP037943.1	99.227	2199	17	0	1	2199	5516693	5518891	0.0	3967	2199	5689156	100
iutA:60:UGCY01000003	CP037943.1	99.864	2199	3	0	1	2199	5516693	5518891	0.0	4045	2199	5689156	100
iutA:62:UGAU01000001	CP037943.1	99.818	2199	4	0	1	2199	5516693	5518891	0.0	4039	2199	5689156	100
iutA:63:UASI01000003	CP037943.1	99.362	2196	14	0	1	2196	5516696	5518891	0.0	3978	2196	5689156	100
iutA:64:UGDK01000002	CP037943.1	99.317	2196	15	0	1	2196	5516696	5518891	0.0	3973	2196	5689156	100
iutA:65:UGDX01000002	CP037943.1	99.272	2199	16	0	1	2199	5516693	5518891	0.0	3973	2199	5689156	100
iutA:66:UGEP01000007	CP037943.1	99.318	2199	15	0	1	2199	5516693	5518891	0.0	3978	2199	5689156	100
iutA:67:UGCV01000008	CP037943.1	99.363	2199	14	0	1	2199	5516693	5518891	0.0	3984	2199	5689156	100
iutA:69:UGAA01000001	CP037943.1	99.272	2199	16	0	1	2199	5516693	5518891	0.0	3973	2199	5689156	100
iutA:71:UGCQ01000002	CP037943.1	99.682	2199	7	0	1	2199	5516693	5518891	0.0	4023	2199	5689156	100
ompT:100:NZ_NMDU01000007	CP037943.1	98.008	954	19	0	1	954	4764310	4763357	0.0	1657	954	5689156	100
ompT:101:NZ_UEMJ01000008	CP037943.1	98.637	954	13	0	1	954	4764310	4763357	0.0	1690	954	5689156	100
ompT:102:NZ_PURS01000059	CP037943.1	99.161	954	8	0	1	954	4764310	4763357	0.0	1718	954	5689156	100
ompT:103:NZ_PGLN01000073	CP037943.1	97.799	954	21	0	1	954	4764310	4763357	0.0	1646	954	5689156	100
ompT:104:NZ_NOGB01000056	CP037943.1	99.790	954	2	0	1	954	4764310	4763357	0.0	1751	954	5689156	100
ompT:105:NZ_NOGE01000047	CP037943.1	99.790	954	2	0	1	954	4764310	4763357	0.0	1751	954	5689156	100
ompT:106:UCTY01000049	CP037943.1	99.895	954	1	0	1	954	4764310	4763357	0.0	1757	954	5689156	100
ompT:107:UGCP01000002	CP037943.1	99.874	792	0	1	1	792	4764310	4763520	0.0	1456	792	5689156	100
ompT:108:NZ_UGEL01000003	CP037943.1	99.057	954	9	0	1	954	4764310	4763357	0.0	1712	954	5689156	100
ompT:109:NZ_BGRS01000003	CP037943.1	97.904	954	20	0	1	954	4764310	4763357	0.0	1652	954	5689156	100
ompT:10:CYCR01000060	CP037943.1	99.528	636	3	0	1	636	4763992	4763357	0.0	1158	636	5689156	100
ompT:110:NZ_NBKA01000149	CP037943.1	98.323	954	16	0	1	954	4764310	4763357	0.0	1674	954	5689156	100
ompT:111:NZ_CP028192	CP037943.1	99.790	954	2	0	1	954	4764310	4763357	0.0	1751	954	5689156	100
ompT:112:NZ_NLYR01000118	CP037943.1	99.686	954	3	0	1	954	4764310	4763357	0.0	1746	954	5689156	100
ompT:113:UGDA01000003	CP037943.1	98.952	954	10	0	1	954	4764310	4763357	0.0	1707	954	5689156	100
ompT:114:UDHB01000050	CP037943.1	96.970	363	11	0	1	363	4763719	4763357	3.25e-175	610	363	5689156	100
ompT:115:NZ_JZNC01000042	CP037943.1	98.428	954	15	0	1	954	4764310	4763357	0.0	1679	954	5689156	100
ompT:116:NZ_NSKO01000403	CP037943.1	98.428	954	15	0	1	954	4764310	4763357	0.0	1679	954	5689156	100
ompT:117:NZ_NJVU01000041	CP037943.1	98.323	954	16	0	1	954	4764310	4763357	0.0	1674	954	5689156	100
ompT:118:NZ_NJZM01000008	CP037943.1	98.428	954	15	0	1	954	4764310	4763357	0.0	1679	954	5689156	100
ompT:119:NZ_NLJU01000043	CP037943.1	97.484	954	24	0	1	954	4764310	4763357	0.0	1629	954	5689156	100
ompT:11:JNMC01000005	CP037943.1	98.624	654	9	0	1	654	4764010	4763357	0.0	1158	654	5689156	100
ompT:120:UDIT01000020	CP037943.1	97.799	954	21	0	1	954	4764310	4763357	0.0	1646	954	5689156	100
ompT:121:NZ_NJYM01000071	CP037943.1	99.790	954	2	0	1	954	4764310	4763357	0.0	1751	954	5689156	100
ompT:122:NZ_JZMI01000016	CP037943.1	98.742	954	12	0	1	954	4764310	4763357	0.0	1696	954	5689156	100
ompT:123:NZ_NOQI01000023	CP037943.1	99.686	954	3	0	1	954	4764310	4763357	0.0	1746	954	5689156	100
ompT:124:NZ_JZQJ01000127	CP037943.1	98.428	954	15	0	1	954	4764310	4763357	0.0	1679	954	5689156	100
ompT:125:NZ_CP027591	CP037943.1	98.847	954	11	0	1	954	4764310	4763357	0.0	1701	954	5689156	100
ompT:126:QOOE01000048	CP037943.1	98.113	954	18	0	1	954	4764310	4763357	0.0	1663	954	5689156	100
ompT:127:NZ_NLYT01000075	CP037943.1	99.266	954	7	0	1	954	4764310	4763357	0.0	1724	954	5689156	100
ompT:128:NZ_NJVS01000056	CP037943.1	98.113	954	18	0	1	954	4764310	4763357	0.0	1663	954	5689156	100
ompT:129:NZ_MSRA01000063	CP037943.1	97.484	954	24	0	1	954	4764310	4763357	0.0	1629	954	5689156	100
ompT:12:UGCG01000002	CP037943.1	98.428	954	15	0	1	954	4764310	4763357	0.0	1679	954	5689156	100
ompT:130:UGBC01000003	CP037943.1	99.782	918	1	1	1	918	4764310	4763394	0.0	1683	918	5689156	100
ompT:131:NZ_NOPO01000052	CP037943.1	99.895	954	1	0	1	954	4764310	4763357	0.0	1757	954	5689156	100
ompT:132:NZ_CP027452	CP037943.1	98.008	954	19	0	1	954	4764310	4763357	0.0	1657	954	5689156	100
ompT:133:NZ_NONS01000047	CP037943.1	99.895	954	1	0	1	954	4764310	4763357	0.0	1757	954	5689156	100
ompT:134:NZ_NMBX01000051	CP037943.1	97.484	954	24	0	1	954	4764310	4763357	0.0	1629	954	5689156	100
ompT:135:NZ_PXZJ01000044	CP037943.1	97.589	954	23	0	1	954	4764310	4763357	0.0	1635	954	5689156	100
ompT:136:NZ_QODO01000003	CP037943.1	98.008	954	19	0	1	954	4764310	4763357	0.0	1657	954	5689156	100
ompT:137:UDBU01000030	CP037943.1	98.113	954	18	0	1	954	4764310	4763357	0.0	1663	954	5689156	100
ompT:138:QOER01000034	CP037943.1	97.589	954	23	0	1	954	4764310	4763357	0.0	1635	954	5689156	100
ompT:139:NZ_NLOR01000025	CP037943.1	97.589	954	23	0	1	954	4764310	4763357	0.0	1635	954	5689156	100
ompT:13:CP015834	CP037943.1	99.476	954	5	0	1	954	4764310	4763357	0.0	1735	954	5689156	100
ompT:140:UGCV01000008	CP037943.1	98.457	972	14	1	1	972	4764327	4763357	0.0	1711	972	5689156	100
ompT:141:NZ_NBCH01000019	CP037943.1	98.637	954	13	0	1	954	4764310	4763357	0.0	1690	954	5689156	100
ompT:142:NZ_NLJQ01000050	CP037943.1	99.790	954	2	0	1	954	4764310	4763357	0.0	1751	954	5689156	100
ompT:143:NZ_NLPT01000052	CP037943.1	99.790	954	2	0	1	954	4764310	4763357	0.0	1751	954	5689156	100
ompT:144:CP030111	CP037943.1	98.113	954	18	0	1	954	4764310	4763357	0.0	1663	954	5689156	100
ompT:145:NZ_NLZV01000108	CP037943.1	97.799	954	21	0	1	954	4764310	4763357	0.0	1646	954	5689156	100
ompT:146:UDAX01000019	CP037943.1	99.895	954	1	0	1	954	4764310	4763357	0.0	1757	954	5689156	100
ompT:148:NZ_NLGH01000042	CP037943.1	97.589	954	23	0	1	954	4764310	4763357	0.0	1635	954	5689156	100
ompT:149:NZ_NJLO01000006	CP037943.1	98.532	954	14	0	1	954	4764310	4763357	0.0	1685	954	5689156	100
ompT:14:JJMB01000012	CP037943.1	97.694	954	22	0	1	954	4764310	4763357	0.0	1640	954	5689156	100
ompT:150:NZ_NOQT01000039	CP037943.1	99.790	954	2	0	1	954	4764310	4763357	0.0	1751	954	5689156	100
ompT:151:UGGG01000003	CP037943.1	98.952	954	10	0	1	954	4764310	4763357	0.0	1707	954	5689156	100
ompT:152:NZ_NOCN01000074	CP037943.1	99.895	954	1	0	1	954	4764310	4763357	0.0	1757	954	5689156	100
ompT:153:NZ_MOFV01000162	CP037943.1	96.855	954	30	0	1	954	4764310	4763357	0.0	1596	954	5689156	100
ompT:154:NZ_NNZC01000021	CP037943.1	99.895	954	1	0	1	954	4764310	4763357	0.0	1757	954	5689156	100
ompT:155:NZ_NSKN01000151	CP037943.1	98.218	954	17	0	1	954	4764310	4763357	0.0	1668	954	5689156	100
ompT:156:NZ_NLUK01000063	CP037943.1	99.581	954	4	0	1	954	4764310	4763357	0.0	1740	954	5689156	100
ompT:157:NZ_NOSQ01000004	CP037943.1	98.218	954	17	0	1	954	4764310	4763357	0.0	1668	954	5689156	100
ompT:158:NZ_NMEP01000002	CP037943.1	98.637	954	13	0	1	954	4764310	4763357	0.0	1690	954	5689156	100
ompT:159:UCXM01000004	CP037943.1	99.686	954	3	0	1	954	4764310	4763357	0.0	1746	954	5689156	100
ompT:15:JHDO01000060	CP037943.1	99.895	954	1	0	1	954	4764310	4763357	0.0	1757	954	5689156	100
ompT:160:NZ_JZNB01000007	CP037943.1	98.532	954	14	0	1	954	4764310	4763357	0.0	1685	954	5689156	100
ompT:161:NZ_NMIV01000045	CP037943.1	98.008	954	19	0	1	954	4764310	4763357	0.0	1657	954	5689156	100
ompT:162:UGDC01000003	CP037943.1	99.745	784	1	1	1	783	4764310	4763527	0.0	1435	783	5689156	100
ompT:163:NZ_JZME01000041	CP037943.1	99.790	954	2	0	1	954	4764310	4763357	0.0	1751	954	5689156	100
ompT:164:NZ_JZQI01000036	CP037943.1	98.008	954	19	0	1	954	4764310	4763357	0.0	1657	954	5689156	100
ompT:166:QOLY01000014	CP037943.1	98.008	954	19	0	1	954	4764310	4763357	0.0	1657	954	5689156	100
ompT:167:QODR01000004	CP037943.1	98.532	954	14	0	1	954	4764310	4763357	0.0	1685	954	5689156	100
ompT:168:NZ_NLSO01000001	CP037943.1	98.113	954	18	0	1	954	4764310	4763357	0.0	1663	954	5689156	100
ompT:169:NZ_NOFA01000006	CP037943.1	98.008	954	19	0	1	954	4764310	4763357	0.0	1657	954	5689156	100
ompT:16:AP009048	CP037943.1	97.904	954	20	0	1	954	4764310	4763357	0.0	1652	954	5689156	100
ompT:170:QOEF01000040	CP037943.1	98.008	954	19	0	1	954	4764310	4763357	0.0	1657	954	5689156	100
ompT:171:NZ_NLNV01000007	CP037943.1	97.799	954	21	0	1	954	4764310	4763357	0.0	1646	954	5689156	100
ompT:172:AP018796	CP037943.1	99.895	954	1	0	1	954	4764310	4763357	0.0	1757	954	5689156	100
ompT:173:NZ_NMEZ01000055	CP037943.1	99.895	954	1	0	1	954	4764310	4763357	0.0	1757	954	5689156	100
ompT:174:NZ_NNTG01000099	CP037943.1	98.742	954	12	0	1	954	4764310	4763357	0.0	1696	954	5689156	100
ompT:175:UGEZ01000005	CP037943.1	97.694	954	22	0	1	954	4764310	4763357	0.0	1640	954	5689156	100
ompT:176:UCZM01000001	CP037943.1	99.790	954	2	0	1	954	4764310	4763357	0.0	1751	954	5689156	100
ompT:177:NZ_NONY01000068	CP037943.1	99.686	954	3	0	1	954	4764310	4763357	0.0	1746	954	5689156	100
ompT:178:NZ_QLAC01000018	CP037943.1	98.428	954	15	0	1	954	4764310	4763357	0.0	1679	954	5689156	100
ompT:179:NZ_NLWG01000014	CP037943.1	98.532	954	14	0	1	954	4764310	4763357	0.0	1685	954	5689156	100
ompT:17:HE962388	CP037943.1	99.895	954	1	0	1	954	4764310	4763357	0.0	1757	954	5689156	100
ompT:180:QMGM01000001	CP037943.1	98.952	954	10	0	1	954	4764310	4763357	0.0	1707	954	5689156	100
ompT:181:NZ_NNTK01000066	CP037943.1	97.589	954	23	0	1	954	4764310	4763357	0.0	1635	954	5689156	100
ompT:182:UFZO01000005	CP037943.1	99.897	967	0	1	1	966	4764323	4763357	0.0	1779	966	5689156	100
ompT:183:NZ_CP027325	CP037943.1	99.790	954	2	0	1	954	4764310	4763357	0.0	1751	954	5689156	100
ompT:184:UGDQ01000001	CP037943.1	99.895	954	1	0	1	954	4764310	4763357	0.0	1757	954	5689156	100
ompT:185:UFZK01000002	CP037943.1	98.012	654	13	0	1	654	4764010	4763357	0.0	1136	654	5689156	100
ompT:186:NZ_FQYC01000398	CP037943.1	98.532	954	14	0	1	954	4764310	4763357	0.0	1685	954	5689156	100
ompT:187:NZ_NMLG01000041	CP037943.1	97.589	954	23	0	1	954	4764310	4763357	0.0	1635	954	5689156	100
ompT:188:QOOH01000085	CP037943.1	98.532	954	14	0	1	954	4764310	4763357	0.0	1685	954	5689156	100
ompT:189:UINH01000010	CP037943.1	99.161	954	8	0	1	954	4764310	4763357	0.0	1718	954	5689156	100
ompT:18:JNQU01000001	CP037943.1	98.532	954	14	0	1	954	4764310	4763357	0.0	1685	954	5689156	100
ompT:190:NZ_NKVD01000029	CP037943.1	99.790	954	2	0	1	954	4764310	4763357	0.0	1751	954	5689156	100
ompT:191:NZ_PTMT01000109	CP037943.1	97.589	954	23	0	1	954	4764310	4763357	0.0	1635	954	5689156	100
ompT:192:NZ_CP027366	CP037943.1	99.476	954	5	0	1	954	4764310	4763357	0.0	1735	954	5689156	100
ompT:193:NZ_NOAR01000014	CP037943.1	99.581	954	4	0	1	954	4764310	4763357	0.0	1740	954	5689156	100
ompT:194:UCUQ01000002	CP037943.1	98.637	954	13	0	1	954	4764310	4763357	0.0	1690	954	5689156	100
ompT:195:NZ_NODK01000001	CP037943.1	97.799	954	21	0	1	954	4764310	4763357	0.0	1646	954	5689156	100
ompT:196:NZ_NJJJ01000014	CP037943.1	99.895	954	1	0	1	954	4764310	4763357	0.0	1757	954	5689156	100
ompT:197:NZ_NJKA01000016	CP037943.1	98.008	954	19	0	1	954	4764310	4763357	0.0	1657	954	5689156	100
ompT:198:QOMG01000021	CP037943.1	97.904	954	20	0	1	954	4764310	4763357	0.0	1652	954	5689156	100
ompT:199:NZ_NLRS01000001	CP037943.1	98.428	954	15	0	1	954	4764310	4763357	0.0	1679	954	5689156	100
ompT:19:CP000243	CP037943.1	98.532	954	14	0	1	954	4764310	4763357	0.0	1685	954	5689156	100
ompT:1:AIHA01000007	CP037943.1	99.744	391	1	0	27	417	4763747	4763357	0.0	717	417	5689156	94
ompT:200:QOLR01000100	CP037943.1	99.895	954	1	0	1	954	4764310	4763357	0.0	1757	954	5689156	100
ompT:201:NZ_NBCS01000106	CP037943.1	98.428	954	15	0	1	954	4764310	4763357	0.0	1679	954	5689156	100
ompT:202:NZ_POSY01000004	CP037943.1	98.008	954	19	0	1	954	4764310	4763357	0.0	1657	954	5689156	100
ompT:203:NZ_UGCW01000003	CP037943.1	99.686	954	3	0	1	954	4764310	4763357	0.0	1746	954	5689156	100
ompT:204:NZ_NLUU01000007	CP037943.1	98.323	954	16	0	1	954	4764310	4763357	0.0	1674	954	5689156	100
ompT:205:NZ_MJAL01000206	CP037943.1	97.799	954	21	0	1	954	4764310	4763357	0.0	1646	954	5689156	100
ompT:206:NZ_NLPD01000004	CP037943.1	98.008	954	19	0	1	954	4764310	4763357	0.0	1657	954	5689156	100
ompT:207:NZ_UEMK01000030	CP037943.1	98.428	954	15	0	1	954	4764310	4763357	0.0	1679	954	5689156	100
ompT:208:UGBX01000001	CP037943.1	99.790	954	2	0	1	954	4764310	4763357	0.0	1751	954	5689156	100
ompT:209:NZ_PYRB01000001	CP037943.1	98.008	954	19	0	1	954	4764310	4763357	0.0	1657	954	5689156	100
ompT:20:AQEU01000003	CP037943.1	97.694	954	22	0	1	954	4764310	4763357	0.0	1640	954	5689156	100
ompT:210:UCTZ01000005	CP037943.1	99.790	954	2	0	1	954	4764310	4763357	0.0	1751	954	5689156	100
ompT:211:UGCB01000003	CP037943.1	97.484	954	24	0	1	954	4764310	4763357	0.0	1629	954	5689156	100
ompT:212:NZ_PSNS01000004	CP037943.1	98.218	954	17	0	1	954	4764310	4763357	0.0	1668	954	5689156	100
ompT:213:QODM01000098	CP037943.1	97.799	954	21	0	1	954	4764310	4763357	0.0	1646	954	5689156	100
ompT:214:NZ_NLLN01000004	CP037943.1	97.799	954	21	0	1	954	4764310	4763357	0.0	1646	954	5689156	100
ompT:215:NZ_NKOY01000179	CP037943.1	99.057	954	9	0	1	954	4764310	4763357	0.0	1712	954	5689156	100
ompT:216:NZ_NLHH01000002	CP037943.1	99.790	954	2	0	1	954	4764310	4763357	0.0	1751	954	5689156	100
ompT:217:NZ_JZQP01000110	CP037943.1	99.790	954	2	0	1	954	4764310	4763357	0.0	1751	954	5689156	100
ompT:218:NZ_PJFQ01000001	CP037943.1	99.790	954	2	0	1	954	4764310	4763357	0.0	1751	954	5689156	100
ompT:219:UFXW01000004	CP037943.1	98.532	954	14	0	1	954	4764310	4763357	0.0	1685	954	5689156	100
ompT:21:CXZF01000004	CP037943.1	98.532	954	14	0	1	954	4764310	4763357	0.0	1685	954	5689156	100
ompT:220:NZ_PGJT01000088	CP037943.1	99.895	954	1	0	1	954	4764310	4763357	0.0	1757	954	5689156	100
ompT:221:NZ_UGFL01000005	CP037943.1	97.589	954	23	0	1	954	4764310	4763357	0.0	1635	954	5689156	100
ompT:222:NZ_NLOU01000043	CP037943.1	97.484	954	24	0	1	954	4764310	4763357	0.0	1629	954	5689156	100
ompT:223:NZ_NNYI01000009	CP037943.1	98.008	954	19	0	1	954	4764310	4763357	0.0	1657	954	5689156	100
ompT:224:NZ_NOFH01000010	CP037943.1	98.532	954	14	0	1	954	4764310	4763357	0.0	1685	954	5689156	100
ompT:225:QOES01000001	CP037943.1	98.637	954	13	0	1	954	4764310	4763357	0.0	1690	954	5689156	100
ompT:226:NZ_NNTZ01000022	CP037943.1	98.323	954	16	0	1	954	4764310	4763357	0.0	1674	954	5689156	100
ompT:227:NZ_UCZG01000049	CP037943.1	99.686	954	3	0	1	954	4764310	4763357	0.0	1746	954	5689156	100
ompT:228:QOEC01000054	CP037943.1	97.694	954	22	0	1	954	4764310	4763357	0.0	1640	954	5689156	100
ompT:229:UGFB01000004	CP037943.1	98.113	954	18	0	1	954	4764310	4763357	0.0	1663	954	5689156	100
ompT:22:AMVC01000243	CP037943.1	100.000	954	0	0	1	954	4764310	4763357	0.0	1762	954	5689156	100
ompT:230:NZ_PYQN01000009	CP037943.1	99.686	954	3	0	1	954	4764310	4763357	0.0	1746	954	5689156	100
ompT:231:NZ_NNYD01000043	CP037943.1	99.895	954	1	0	1	954	4764310	4763357	0.0	1757	954	5689156	100
ompT:232:NZ_NOPG01000009	CP037943.1	98.428	954	15	0	1	954	4764310	4763357	0.0	1679	954	5689156	100
ompT:233:NZ_NOGK01000047	CP037943.1	97.799	954	21	0	1	954	4764310	4763357	0.0	1646	954	5689156	100
ompT:234:NZ_NNWI01000070	CP037943.1	99.895	954	1	0	1	954	4764310	4763357	0.0	1757	954	5689156	100
ompT:235:NZ_NORT01000028	CP037943.1	97.694	954	22	0	1	954	4764310	4763357	0.0	1640	954	5689156	100
ompT:236:UCZN01000002	CP037943.1	99.895	954	1	0	1	954	4764310	4763357	0.0	1757	954	5689156	100
ompT:237:NZ_CP027103	CP037943.1	97.589	954	23	0	1	954	4764310	4763357	0.0	1635	954	5689156	100
ompT:238:NZ_NMGE01000038	CP037943.1	99.266	954	7	0	1	954	4764310	4763357	0.0	1724	954	5689156	100
ompT:239:NZ_NOPM01000064	CP037943.1	98.847	954	11	0	1	954	4764310	4763357	0.0	1701	954	5689156	100
ompT:23:CYAG01000051	CP037943.1	99.895	954	1	0	1	954	4764310	4763357	0.0	1757	954	5689156	100
ompT:241:NZ_NJJH01000055	CP037943.1	99.057	954	9	0	1	954	4764310	4763357	0.0	1712	954	5689156	100
ompT:242:NZ_NBKH01000024	CP037943.1	99.895	954	1	0	1	954	4764310	4763357	0.0	1757	954	5689156	100
ompT:243:NZ_NMIX01000005	CP037943.1	98.637	954	13	0	1	954	4764310	4763357	0.0	1690	954	5689156	100
ompT:244:NZ_UDGD01000039	CP037943.1	97.589	954	23	0	1	954	4764310	4763357	0.0	1635	954	5689156	100
ompT:245:NZ_NTPO01000042	CP037943.1	99.057	954	9	0	1	954	4764310	4763357	0.0	1712	954	5689156	100
ompT:246:NZ_JZMW01000089	CP037943.1	98.532	954	14	0	1	954	4764310	4763357	0.0	1685	954	5689156	100
ompT:247:NZ_NNXK01000062	CP037943.1	98.637	954	13	0	1	954	4764310	4763357	0.0	1690	954	5689156	100
ompT:248:NZ_NMDN01000093	CP037943.1	98.847	954	11	0	1	954	4764310	4763357	0.0	1701	954	5689156	100
ompT:249:UCWM01000032	CP037943.1	99.895	954	1	0	1	954	4764310	4763357	0.0	1757	954	5689156	100
ompT:24:CYEN01000001	CP037943.1	98.637	954	13	0	1	954	4764310	4763357	0.0	1690	954	5689156	100
ompT:250:UGBO01000003	CP037943.1	97.694	954	22	0	1	954	4764310	4763357	0.0	1640	954	5689156	100
ompT:251:NZ_NLOA01000083	CP037943.1	97.799	954	21	0	1	954	4764310	4763357	0.0	1646	954	5689156	100
ompT:252:NZ_QAFY01000089	CP037943.1	97.694	954	22	0	1	954	4764310	4763357	0.0	1640	954	5689156	100
ompT:253:UFZU01000002	CP037943.1	97.799	954	21	0	1	954	4764310	4763357	0.0	1646	954	5689156	100
ompT:254:UGBM01000005	CP037943.1	99.686	954	3	0	1	954	4764310	4763357	0.0	1746	954	5689156	100
ompT:255:NZ_NJVB01000030	CP037943.1	99.895	954	1	0	1	954	4764310	4763357	0.0	1757	954	5689156	100
ompT:256:NZ_NOGN01000017	CP037943.1	98.532	954	14	0	1	954	4764310	4763357	0.0	1685	954	5689156	100
ompT:257:NZ_NOOA01000003	CP037943.1	98.742	954	12	0	1	954	4764310	4763357	0.0	1696	954	5689156	100
ompT:258:NZ_NKAF01000006	CP037943.1	98.113	954	18	0	1	954	4764310	4763357	0.0	1663	954	5689156	100
ompT:259:NZ_NOFF01000041	CP037943.1	99.790	954	2	0	1	954	4764310	4763357	0.0	1751	954	5689156	100
ompT:25:CYEB01000020	CP037943.1	98.952	954	10	0	1	954	4764310	4763357	0.0	1707	954	5689156	100
ompT:260:NZ_NOPV01000064	CP037943.1	99.057	954	9	0	1	954	4764310	4763357	0.0	1712	954	5689156	100
ompT:261:NZ_CP029741	CP037943.1	97.799	954	21	0	1	954	4764310	4763357	0.0	1646	954	5689156	100
ompT:262:NZ_NKOM01000004	CP037943.1	97.904	954	20	0	1	954	4764310	4763357	0.0	1652	954	5689156	100
ompT:263:NZ_JZQK01000178	CP037943.1	98.428	954	15	0	1	954	4764310	4763357	0.0	1679	954	5689156	100
ompT:264:UCXI01000038	CP037943.1	97.589	954	23	0	1	954	4764310	4763357	0.0	1635	954	5689156	100
ompT:265:UGAK01000003	CP037943.1	99.842	634	1	0	15	648	4763990	4763357	0.0	1166	648	5689156	98
ompT:266:NZ_CP027520	CP037943.1	99.790	954	2	0	1	954	4764310	4763357	0.0	1751	954	5689156	100
ompT:267:NZ_CP027579	CP037943.1	98.113	954	18	0	1	954	4764310	4763357	0.0	1663	954	5689156	100
ompT:268:NZ_NMIM01000015	CP037943.1	98.323	954	16	0	1	954	4764310	4763357	0.0	1674	954	5689156	100
ompT:269:NZ_NLRN01000008	CP037943.1	98.428	954	15	0	1	954	4764310	4763357	0.0	1679	954	5689156	100
ompT:26:CYEA01000009	CP037943.1	98.637	954	13	0	1	954	4764310	4763357	0.0	1690	954	5689156	100
ompT:270:QNRA01000019	CP037943.1	99.476	954	5	0	1	954	4764310	4763357	0.0	1735	954	5689156	100
ompT:271:NZ_NBJM01000161	CP037943.1	98.008	954	19	0	1	954	4764310	4763357	0.0	1657	954	5689156	100
ompT:272:NZ_NLJW01000030	CP037943.1	97.799	954	21	0	1	954	4764310	4763357	0.0	1646	954	5689156	100
ompT:273:UCUF01000039	CP037943.1	99.895	954	1	0	1	954	4764310	4763357	0.0	1757	954	5689156	100
ompT:274:NZ_JZMZ01000031	CP037943.1	98.742	954	12	0	1	954	4764310	4763357	0.0	1696	954	5689156	100
ompT:275:UGBJ01000001	CP037943.1	99.790	954	2	0	1	954	4764310	4763357	0.0	1751	954	5689156	100
ompT:276:NZ_NMDH01000057	CP037943.1	99.790	954	2	0	1	954	4764310	4763357	0.0	1751	954	5689156	100
ompT:277:NZ_NLVX01000052	CP037943.1	99.895	954	1	0	1	954	4764310	4763357	0.0	1757	954	5689156	100
ompT:278:NZ_BGRE01000001	CP037943.1	98.008	954	19	0	1	954	4764310	4763357	0.0	1657	954	5689156	100
ompT:279:UGDP01000001	CP037943.1	97.799	954	21	0	1	954	4764310	4763357	0.0	1646	954	5689156	100
ompT:27:CYEP01000001	CP037943.1	98.532	954	14	0	1	954	4764310	4763357	0.0	1685	954	5689156	100
ompT:280:PUQW01000044	CP037943.1	99.790	954	2	0	1	954	4764310	4763357	0.0	1751	954	5689156	100
ompT:281:NZ_QKNC01000001	CP037943.1	98.428	954	15	0	1	954	4764310	4763357	0.0	1679	954	5689156	100
ompT:282:NZ_NMMZ01000072	CP037943.1	97.799	954	21	0	1	954	4764310	4763357	0.0	1646	954	5689156	100
ompT:283:NZ_NSKV01000039	CP037943.1	98.742	954	12	0	1	954	4764310	4763357	0.0	1696	954	5689156	100
ompT:284:NZ_NOSO01000003	CP037943.1	98.532	954	14	0	1	954	4764310	4763357	0.0	1685	954	5689156	100
ompT:285:NZ_QXHK01000112	CP037943.1	98.637	954	13	0	1	954	4764310	4763357	0.0	1690	954	5689156	100
ompT:286:NZ_NBCB01000127	CP037943.1	99.161	954	8	0	1	954	4764310	4763357	0.0	1718	954	5689156	100
ompT:287:QOLF01000095	CP037943.1	97.484	954	24	0	1	954	4764310	4763357	0.0	1629	954	5689156	100
ompT:288:NZ_NBJV01000052	CP037943.1	99.057	954	9	0	1	954	4764310	4763357	0.0	1712	954	5689156	100
ompT:289:NZ_PUTD01000017	CP037943.1	94.759	954	47	1	1	951	4764310	4763357	0.0	1482	951	5689156	100
ompT:28:AIFU01000004	CP037943.1	98.952	954	10	0	1	954	4764310	4763357	0.0	1707	954	5689156	100
ompT:290:NZ_PUTD01000011	CP037943.1	98.428	954	15	0	1	954	4764310	4763357	0.0	1679	954	5689156	100
ompT:291:NZ_UGEF01000002	CP037943.1	97.799	954	21	0	1	954	4764310	4763357	0.0	1646	954	5689156	100
ompT:292:UFZG01000001	CP037943.1	99.790	954	2	0	1	954	4764310	4763357	0.0	1751	954	5689156	100
ompT:293:UDHK01000003	CP037943.1	97.694	954	22	0	1	954	4764310	4763357	0.0	1640	954	5689156	100
ompT:294:NZ_NOAZ01000095	CP037943.1	99.057	954	9	0	1	954	4764310	4763357	0.0	1712	954	5689156	100
ompT:295:NZ_NMAK01000038	CP037943.1	99.790	954	2	0	1	954	4764310	4763357	0.0	1751	954	5689156	100
ompT:296:QONF01000064	CP037943.1	97.484	954	24	0	1	954	4764310	4763357	0.0	1629	954	5689156	100
ompT:297:UFZL01000003	CP037943.1	99.686	954	3	0	1	954	4764310	4763357	0.0	1746	954	5689156	100
ompT:298:NZ_NLXV01000002	CP037943.1	97.904	954	20	0	1	954	4764310	4763357	0.0	1652	954	5689156	100
ompT:299:NZ_NBJQ01000167	CP037943.1	99.790	954	2	0	1	954	4764310	4763357	0.0	1751	954	5689156	100
ompT:29:CYAS01000099	CP037943.1	97.799	954	21	0	1	954	4764310	4763357	0.0	1646	954	5689156	100
ompT:2:AKKW01000221	CP037943.1	99.020	714	7	0	1	714	4764070	4763357	0.0	1280	714	5689156	100
ompT:300:NZ_NOSP01000058	CP037943.1	97.275	954	26	0	1	954	4764310	4763357	0.0	1618	954	5689156	100
ompT:301:UGEY01000001	CP037943.1	98.847	954	11	0	1	954	4764310	4763357	0.0	1701	954	5689156	100
ompT:302:NZ_PJGM01000060	CP037943.1	99.790	954	2	0	1	954	4764310	4763357	0.0	1751	954	5689156	100
ompT:303:NZ_NMFV01000017	CP037943.1	99.790	954	2	0	1	954	4764310	4763357	0.0	1751	954	5689156	100
ompT:304:NZ_NOMQ01000052	CP037943.1	98.952	954	10	0	1	954	4764310	4763357	0.0	1707	954	5689156	100
ompT:305:NZ_NMHZ01000085	CP037943.1	98.952	954	10	0	1	954	4764310	4763357	0.0	1707	954	5689156	100
ompT:306:NZ_NLVD01000136	CP037943.1	97.799	954	21	0	1	954	4764310	4763357	0.0	1646	954	5689156	100
ompT:307:NZ_NJVM01000003	CP037943.1	98.113	954	18	0	1	954	4764310	4763357	0.0	1663	954	5689156	100
ompT:308:NZ_PVOE01000037	CP037943.1	99.790	954	2	0	1	954	4764310	4763357	0.0	1751	954	5689156	100
ompT:309:NZ_NOES01000004	CP037943.1	98.637	954	13	0	1	954	4764310	4763357	0.0	1690	954	5689156	100
ompT:30:CYGA01000006	CP037943.1	98.428	954	15	0	1	954	4764310	4763357	0.0	1679	954	5689156	100
ompT:310:UGAU01000003	CP037943.1	98.847	954	11	0	1	954	4764310	4763357	0.0	1701	954	5689156	100
ompT:311:NZ_JZOI01000021	CP037943.1	99.790	954	2	0	1	954	4764310	4763357	0.0	1751	954	5689156	100
ompT:312:NZ_NOTS01000026	CP037943.1	99.895	954	1	0	1	954	4764310	4763357	0.0	1757	954	5689156	100
ompT:313:NZ_AFDY02000018	CP037943.1	97.694	954	22	0	1	954	4764310	4763357	0.0	1640	954	5689156	100
ompT:314:NZ_JZPT01000244	CP037943.1	98.637	954	13	0	1	954	4764310	4763357	0.0	1690	954	5689156	100
ompT:31:ACGN01000009	CP037943.1	97.799	954	21	0	1	954	4764310	4763357	0.0	1646	954	5689156	100
ompT:32:JNMR01000060	CP037943.1	99.686	954	3	0	1	954	4764310	4763357	0.0	1746	954	5689156	100
ompT:33:CCYBW01000007	CP037943.1	98.323	954	16	0	1	954	4764310	4763357	0.0	1674	954	5689156	100
ompT:34:CYBO01000022	CP037943.1	98.742	954	12	0	1	954	4764310	4763357	0.0	1696	954	5689156	100
ompT:35:CAIGY01000025	CP037943.1	97.694	954	22	0	1	954	4764310	4763357	0.0	1640	954	5689156	100
ompT:36:CYAE01000051	CP037943.1	98.847	954	11	0	1	954	4764310	4763357	0.0	1701	954	5689156	100
ompT:37:CYBM01000007	CP037943.1	98.952	954	10	0	1	954	4764310	4763357	0.0	1707	954	5689156	100
ompT:38:CYDO01000006	CP037943.1	98.847	954	11	0	1	954	4764310	4763357	0.0	1701	954	5689156	100
ompT:39:JJLJ01000007	CP037943.1	98.637	954	13	0	1	954	4764310	4763357	0.0	1690	954	5689156	100
ompT:3:AKLM01000275	CP037943.1	99.388	654	4	0	1	654	4764010	4763357	0.0	1186	654	5689156	100
ompT:40:JOQR01000001	CP037943.1	98.637	954	13	0	1	954	4764310	4763357	0.0	1690	954	5689156	100
ompT:41:CYBG01000003	CP037943.1	98.113	954	18	0	1	954	4764310	4763357	0.0	1663	954	5689156	100
ompT:42:CP001846	CP037943.1	99.057	954	9	0	1	954	4764310	4763357	0.0	1712	954	5689156	100
ompT:43:CXZC01000001	CP037943.1	97.694	954	22	0	1	954	4764310	4763357	0.0	1640	954	5689156	100
ompT:44:AKKX01000238	CP037943.1	98.847	954	11	0	1	954	4764310	4763357	0.0	1701	954	5689156	100
ompT:45:AKKY01000312	CP037943.1	98.742	954	12	0	1	954	4764310	4763357	0.0	1696	954	5689156	100
ompT:46:AMUN01000024	CP037943.1	99.895	954	1	0	1	954	4764310	4763357	0.0	1757	954	5689156	100
ompT:47:CU651637	CP037943.1	98.637	954	13	0	1	954	4764310	4763357	0.0	1690	954	5689156	100
ompT:48:CU928162	CP037943.1	98.271	752	13	0	1	752	4764310	4763559	0.0	1317	753	5689156	99
ompT:49:CU928161	CP037943.1	99.790	954	2	0	1	954	4764310	4763357	0.0	1751	954	5689156	100
ompT:4:AMUL01000017	CP037943.1	99.235	654	5	0	1	654	4764010	4763357	0.0	1181	654	5689156	100
ompT:50:AIEY01000031	CP037943.1	98.218	954	17	0	1	954	4764310	4763357	0.0	1668	954	5689156	100
ompT:51:JJLU01000094	CP037943.1	97.799	954	21	0	1	954	4764310	4763357	0.0	1646	954	5689156	100
ompT:52:JNQO01000068	CP037943.1	97.799	954	21	0	1	954	4764310	4763357	0.0	1646	954	5689156	100
ompT:53:JORM01000007	CP037943.1	98.113	954	18	0	1	954	4764310	4763357	0.0	1663	954	5689156	100
ompT:54:JOQM01000095	CP037943.1	97.589	954	23	0	1	954	4764310	4763357	0.0	1635	954	5689156	100
ompT:55:JNRS01000001	CP037943.1	97.589	954	23	0	1	954	4764310	4763357	0.0	1635	954	5689156	100
ompT:56:JNPG01000021	CP037943.1	97.799	954	21	0	1	954	4764310	4763357	0.0	1646	954	5689156	100
ompT:57:JNMN01000005	CP037943.1	99.686	954	3	0	1	954	4764310	4763357	0.0	1746	954	5689156	100
ompT:58:JNMM01000033	CP037943.1	99.790	954	2	0	1	954	4764310	4763357	0.0	1751	954	5689156	100
ompT:59:JMGQ01000065	CP037943.1	99.266	954	7	0	1	954	4764310	4763357	0.0	1724	954	5689156	100
ompT:5:AMUP01000011	CP037943.1	98.599	714	10	0	1	714	4764070	4763357	0.0	1264	714	5689156	100
ompT:60:JHDP01000010	CP037943.1	99.895	954	1	0	1	954	4764310	4763357	0.0	1757	954	5689156	100
ompT:61:CP001969	CP037943.1	99.686	954	3	0	1	954	4764310	4763357	0.0	1746	954	5689156	100
ompT:62:AE014075	CP037943.1	97.589	954	23	0	1	954	4764310	4763357	0.0	1637	954	5689156	100
ompT:63:AVSA01000040	CP037943.1	98.742	954	12	0	1	954	4764310	4763357	0.0	1696	954	5689156	100
ompT:64:AQCZ01000015	CP037943.1	97.589	954	23	0	1	954	4764310	4763357	0.0	1635	954	5689156	100
ompT:65:APXD01000019	CP037943.1	98.952	954	10	0	1	954	4764310	4763357	0.0	1707	954	5689156	100
ompT:66:APXF01000090	CP037943.1	97.589	954	23	0	1	954	4764310	4763357	0.0	1635	954	5689156	100
ompT:67:AQDB01000059	CP037943.1	97.275	954	26	0	1	954	4764310	4763357	0.0	1618	954	5689156	100
ompT:68:AQDC01000059	CP037943.1	97.170	954	27	0	1	954	4764310	4763357	0.0	1613	954	5689156	100
ompT:69:AQEH01000047	CP037943.1	97.799	954	21	0	1	954	4764310	4763357	0.0	1646	954	5689156	100
ompT:6:AMVF01000200	CP037943.1	99.235	654	5	0	1	654	4764010	4763357	0.0	1181	654	5689156	100
ompT:70:AQFA01000028	CP037943.1	97.379	954	25	0	1	954	4764310	4763357	0.0	1624	954	5689156	100
ompT:71:AQDM01000069	CP037943.1	97.065	954	28	0	1	954	4764310	4763357	0.0	1607	954	5689156	100
ompT:72:AFAG02000008	CP037943.1	98.218	954	17	0	1	954	4764310	4763357	0.0	1668	954	5689156	100
ompT:73:AIHC01000041	CP037943.1	99.779	907	1	1	1	906	4764310	4763404	0.0	1663	906	5689156	100
ompT:74:AIGF01000009	CP037943.1	99.779	907	1	1	1	906	4764310	4763404	0.0	1663	906	5689156	100
ompT:75:AIFA01000036	CP037943.1	98.777	654	8	0	1	654	4764010	4763357	0.0	1164	654	5689156	100
ompT:76:JN204518	CP037943.1	98.323	954	16	0	1	954	4764310	4763357	0.0	1674	954	5689156	100
ompT:77:JN204517	CP037943.1	98.428	954	15	0	1	954	4764310	4763357	0.0	1679	954	5689156	100
ompT:78:JN204516	CP037943.1	99.686	954	3	0	1	954	4764310	4763357	0.0	1746	954	5689156	100
ompT:79:JN204515	CP037943.1	98.323	954	16	0	1	954	4764310	4763357	0.0	1674	954	5689156	100
ompT:7:AMVJ01000029	CP037943.1	100.000	654	0	0	1	654	4764010	4763357	0.0	1208	654	5689156	100
ompT:80:NZ_PQEW01000132	CP037943.1	98.847	954	11	0	1	954	4764310	4763357	0.0	1701	954	5689156	100
ompT:81:NZ_JZND01000125	CP037943.1	98.323	954	16	0	1	954	4764310	4763357	0.0	1674	954	5689156	100
ompT:82:NZ_NLUN01000102	CP037943.1	98.952	954	10	0	1	954	4764310	4763357	0.0	1707	954	5689156	100
ompT:83:NZ_NMBQ01000027	CP037943.1	99.790	954	2	0	1	954	4764310	4763357	0.0	1751	954	5689156	100
ompT:84:NZ_CP026755	CP037943.1	97.799	954	21	0	1	954	4764310	4763357	0.0	1646	954	5689156	100
ompT:85:QFSC01000101	CP037943.1	99.895	954	1	0	1	954	4764310	4763357	0.0	1757	954	5689156	100
ompT:86:PURA01000002	CP037943.1	98.742	954	12	0	1	954	4764310	4763357	0.0	1696	954	5689156	100
ompT:87:NZ_CP027457	CP037943.1	99.790	954	2	0	1	954	4764310	4763357	0.0	1751	954	5689156	100
ompT:88:NZ_NOQP01000003	CP037943.1	98.008	954	19	0	1	954	4764310	4763357	0.0	1657	954	5689156	100
ompT:89:NZ_JZOL01000081	CP037943.1	97.904	954	20	0	1	954	4764310	4763357	0.0	1652	954	5689156	100
ompT:90:NZ_QHCX01000046	CP037943.1	99.161	954	8	0	1	954	4764310	4763357	0.0	1718	954	5689156	100
ompT:91:UGEA01000006	CP037943.1	99.790	954	2	0	1	954	4764310	4763357	0.0	1751	954	5689156	100
ompT:92:NZ_NJSF01000003	CP037943.1	98.637	954	13	0	1	954	4764310	4763357	0.0	1690	954	5689156	100
ompT:93:NZ_PQAY01000010	CP037943.1	98.847	954	11	0	1	954	4764310	4763357	0.0	1701	954	5689156	100
ompT:94:NZ_NLLS01000045	CP037943.1	99.790	954	2	0	1	954	4764310	4763357	0.0	1751	954	5689156	100
ompT:95:NZ_PSOV01000018	CP037943.1	99.790	954	2	0	1	954	4764310	4763357	0.0	1751	954	5689156	100
ompT:96:NZ_BGUC01000002	CP037943.1	98.428	954	15	0	1	954	4764310	4763357	0.0	1679	954	5689156	100
ompT:97:NZ_NNUJ01000036	CP037943.1	99.686	954	3	0	1	954	4764310	4763357	0.0	1746	954	5689156	100
ompT:98:PURT01000053	CP037943.1	99.686	954	3	0	1	954	4764310	4763357	0.0	1746	954	5689156	100
ompT:99:NZ_NBJX01000033	CP037943.1	97.589	954	23	0	1	954	4764310	4763357	0.0	1635	954	5689156	100
ompT:9:CYBU01000102	CP037943.1	99.371	636	4	0	1	636	4763992	4763357	0.0	1153	636	5689156	100
terC:10:CP000468	CP037943.1	98.319	714	12	0	1	714	2263754	2264467	0.0	1253	714	5689156	100
terC:11:AJ238043	CP037943.1	96.721	1037	34	0	1	1037	5482911	5483947	0.0	1727	1041	5689156	99
terC:12:UINX01000003	CP037943.1	99.616	1041	4	0	1	1041	5482911	5483951	0.0	1901	1041	5689156	100
terC:13:UGDL01000003	CP037943.1	99.520	1041	5	0	1	1041	5482911	5483951	0.0	1895	1041	5689156	100
terC:14:AP018802	CP037943.1	99.808	1041	2	0	1	1041	5482911	5483951	0.0	1912	1041	5689156	100
terC:15:UINO01000028	CP037943.1	99.904	1041	1	0	1	1041	5482911	5483951	0.0	1917	1041	5689156	100
terC:16:UDCJ01000007	CP037943.1	98.943	1041	11	0	1	1041	5482911	5483951	0.0	1862	1041	5689156	100
terC:1:KU341381	CP037943.1	96.625	1037	35	0	1	1037	5482911	5483947	0.0	1722	1041	5689156	99
terC:20:UGER01000002	CP037943.1	99.135	1041	9	0	1	1041	5482911	5483951	0.0	1873	1041	5689156	100
terC:21:UDGX01000002	CP037943.1	99.616	1041	4	0	1	1041	5482911	5483951	0.0	1901	1041	5689156	100
terC:22:UGBN01000001	CP037943.1	99.811	1057	1	1	1	1056	5482911	5483967	0.0	1940	1056	5689156	100
terC:23:MG591698	CP037943.1	98.758	966	12	0	1	966	2564724	2565689	0.0	1718	966	5689156	100
terC:24:UDIE01000025	CP037943.1	99.232	1041	8	0	1	1041	5482911	5483951	0.0	1879	1041	5689156	100
terC:25:UGBV01000003	CP037943.1	99.904	1041	1	0	1	1041	5482911	5483951	0.0	1917	1041	5689156	100
terC:2:HG530658	CP037943.1	99.039	1041	10	0	1	1041	5482911	5483951	0.0	1868	1041	5689156	100
terC:3:KX276657	CP037943.1	96.528	1037	36	0	1	1037	5482911	5483947	0.0	1716	1041	5689156	99
terC:4:KR653209	CP037943.1	96.830	1041	33	0	1	1041	5482911	5483951	0.0	1740	1041	5689156	100
terC:5:CP007491	CP037943.1	100.000	714	0	0	1	714	2263754	2264467	0.0	1319	714	5689156	100
terC:6:CYEF01000040	CP037943.1	99.808	1041	2	0	1	1041	5482911	5483951	0.0	1912	1041	5689156	100
terC:7:CYAS01000072	CP037943.1	99.712	1041	3	0	1	1041	5482911	5483951	0.0	1906	1041	5689156	100
terC:8:CP006262	CP037943.1	100.000	1041	0	0	1	1041	5482911	5483951	0.0	1923	1041	5689156	100
terC:9:AE005174	CP037943.1	99.904	1041	1	0	1	1041	5482911	5483951	0.0	1917	1041	5689156	100
traT:121:NZ_QRQR01000004	CP037943.1	97.869	610	13	0	123	732	5453956	5454565	0.0	1055	732	5689156	83
traT:157:NZ_UIMK01000040	CP037943.1	96.230	610	23	0	123	732	5453956	5454565	0.0	1000	732	5689156	83
traT:174:UGCV01000008	CP037943.1	93.103	232	15	1	60	291	5453956	5454186	1.34e-93	339	291	5689156	80
traT:60:AMTE01000156	CP037943.1	100.000	129	0	0	1	129	5464497	5464369	5.64e-64	239	129	5689156	100
traT:61:AKKX01000148	CP037943.1	100.000	423	0	0	1	423	5454143	5454565	0.0	782	423	5689156	100
traT:66:AKLG01000186	CP037943.1	99.672	610	2	0	9	618	5453956	5454565	0.0	1116	618	5689156	99
yehA:1:CP042934	CP037943.1	98.064	1033	19	1	4	1035	1342344	1341312	0.0	1796	1035	5689156	99
yehB:1:CP042934	CP037943.1	97.864	2481	53	0	1	2481	1344840	1342360	0.0	4289	2481	5689156	100
yehC:1:CP042934	CP037943.1	98.519	675	10	0	1	675	1345530	1344856	0.0	1192	675	5689156	100
yehD:1:CP042934	CP037943.1	98.527	543	8	0	1	543	1346153	1345611	0.0	959	543	5689156	100
csgA:1:CP069646	CP037943.1	98.904	456	5	0	1	456	5541367	5541822	0.0	815	456	5689156	100
csgA:2:CP026766	CP037943.1	98.684	456	6	0	1	456	5541367	5541822	0.0	809	456	5689156	100
fdeC:1:AP010953	CP037943.1	99.953	4254	2	0	1	4254	4454775	4459028	0.0	7845	4254	5689156	100
hha:1:000453331	CP037943.1	91.111	180	16	0	34	213	1211850	1211671	2.14e-65	244	213	5689156	85
hha:1:000453331	CP037943.1	90.446	157	14	1	57	213	3963571	3963416	1.01e-53	206	213	5689156	85
afpP:1:UNQI01000001-8	CP037943.1	99.595	1235	3	2	749	1983	5372975	5374207	0.0	2252	1983	5689156	62
stx1:3:M19437:3	CP037943.1	99.837	1227	2	0	1	1227	5372981	5374207	0.0	2255	1227	5689156	100
stx1:4:L04539:4	CP037943.1	99.674	1227	4	0	1	1227	5372981	5374207	0.0	2244	1227	5689156	100
stx1:5:Z36900:5	CP037943.1	99.674	1227	4	0	1	1227	5372981	5374207	0.0	2244	1227	5689156	100
stx1:6:AB083044:6	CP037943.1	99.593	1227	5	0	1	1227	5372981	5374207	0.0	2239	1227	5689156	100
stx1:7:AB035142:7	CP037943.1	99.756	1227	3	0	1	1227	5372981	5374207	0.0	2250	1227	5689156	100
stx1:8:AM230663:8	CP037943.1	99.348	1227	8	0	1	1227	5372981	5374207	0.0	2222	1227	5689156	100
stx1:9:AM230662:9	CP037943.1	99.511	1227	6	0	1	1227	5372981	5374207	0.0	2233	1227	5689156	100
stx1:10:AJ279086:10	CP037943.1	99.756	1227	3	0	1	1227	5372981	5374207	0.0	2250	1227	5689156	100
stx1:11:Z36899:11	CP037943.1	99.674	1227	4	0	1	1227	5372981	5374207	0.0	2244	1227	5689156	100
stx1:12:AF461168:12	CP037943.1	100.000	1227	0	0	1	1227	5372981	5374207	0.0	2266	1227	5689156	100
stx1:13:M19473:13	CP037943.1	99.919	1227	1	0	1	1227	5372981	5374207	0.0	2261	1227	5689156	100
stx1:14:AB048232:14	CP037943.1	99.919	1227	1	0	1	1227	5372981	5374207	0.0	2261	1227	5689156	100
stx1:15:AB071620:15	CP037943.1	98.778	1227	15	0	1	1227	5372981	5374207	0.0	2183	1227	5689156	100
stx1:16:AB048237:16	CP037943.1	96.173	1228	46	1	1	1228	5372981	5374207	0.0	2006	1228	5689156	100
stx1:17:AB071622:17	CP037943.1	95.928	1228	49	1	1	1228	5372981	5374207	0.0	1989	1228	5689156	100
stx1:18:AB071624:18	CP037943.1	96.336	1228	44	1	1	1228	5372981	5374207	0.0	2017	1228	5689156	100
stx1:19:DQ449666:19	CP037943.1	96.417	1228	43	1	1	1228	5372981	5374207	0.0	2023	1228	5689156	100
stx1:20:Z36901:20	CP037943.1	96.498	1228	42	1	1	1228	5372981	5374207	0.0	2028	1228	5689156	100
stx1:21:AB050958:21	CP037943.1	91.850	1227	100	0	1	1227	5372981	5374207	0.0	1712	1227	5689156	100
stx1:22:AB050959:22	CP037943.1	91.850	1227	100	0	1	1227	5372981	5374207	0.0	1712	1227	5689156	100
stx1:23:AY986980:23	CP037943.1	91.850	1227	100	0	1	1227	5372981	5374207	0.0	1712	1227	5689156	100
stx1:24:AY170851:24	CP037943.1	91.769	1227	101	0	1	1227	5372981	5374207	0.0	1707	1227	5689156	100
