{
  "evaluation": {
    "ieee33": {
      "random": {
        "mean_reward": 12.459698957994055,
        "std_reward": 3.9523480824444395,
        "mean_load_ratio": 0.3320053835800808,
        "std_load_ratio": 0.28275161977698937,
        "convergence_rate": 1.0
      },
      "greedy": {
        "mean_reward": 12.638169299312187,
        "std_reward": 4.711197249508945,
        "mean_load_ratio": 0.37103633916554524,
        "std_load_ratio": 0.35449157317743024,
        "convergence_rate": 1.0
      },
      "gcn_dqn": {
        "mean_reward": 11.15821247491783,
        "mean_load_ratio": 0.26025572005383574
      },
      "mlp_dqn": {
        "mean_reward": 11.374700162216046,
        "mean_load_ratio": 0.2465545087483175
      }
    },
    "ieee123": {
      "random": {
        "mean_reward": 12.9535373938797,
        "std_reward": 1.1066766247974087,
        "mean_load_ratio": 0.07071678100144449,
        "std_load_ratio": 0.09963988540607946,
        "convergence_rate": 1.0
      },
      "greedy": {
        "mean_reward": 12.820729414774753,
        "std_reward": 3.9729829179073817,
        "mean_load_ratio": 0.14926563366274775,
        "std_load_ratio": 0.21680619693618935,
        "convergence_rate": 0.99
      },
      "gcn_dqn": {
        "mean_reward": 12.767410829591785,
        "mean_load_ratio": 0.08083974868622697
      },
      "mlp_dqn": {
        "mean_reward": 12.810679484828153,
        "mean_load_ratio": 0.14153127736549986
      }
    }
  },
  "timing": {
    "ieee33": {
      "mean_ms": 0.9807538986206055,
      "std_ms": 0.1721908535742004,
      "n_buses": 33
    },
    "ieee123": {
      "mean_ms": 1.0416388511657715,
      "std_ms": 0.2031088655494937,
      "n_buses": 123
    }
  },
  "training_times": {
    "gcn_dqn_ieee33": 1129.2494480609894,
    "mlp_dqn_ieee33": 732.5366282463074,
    "gcn_dqn_ieee123": 2413.392718076706,
    "mlp_dqn_ieee123": 1474.7029390335083
  }
}