{
  "times_days": [
    0.0,
    15.0,
    30.0,
    45.0,
    60.0,
    75.0,
    90.0,
    105.0,
    120.0,
    135.0,
    150.0,
    165.0,
    180.0,
    195.0,
    210.0,
    225.0,
    240.0,
    255.0,
    270.0,
    285.0,
    300.0,
    315.0,
    330.0,
    345.0,
    360.0,
    375.0
  ],
  "keff": [
    [
      1.1650091181992162,
      0.00100278711506205
    ],
    [
      1.143840938428668,
      0.0010474867261808364
    ],
    [
      1.1365802392565743,
      0.0011017241013131286
    ],
    [
      1.1330154979463933,
      0.0010228932477139422
    ],
    [
      1.132878595270741,
      0.0011115204301790863
    ],
    [
      1.1283910967646298,
      0.0009534528510920097
    ],
    [
      1.1265899014300393,
      0.001041326561298658
    ],
    [
      1.1240110371863348,
      0.0011369770668807424
    ],
    [
      1.1244777500457033,
      0.0012303423474196292
    ],
    [
      1.1210865904084282,
      0.0011126699275657691
    ],
    [
      1.119277511787338,
      0.0011642902987973032
    ],
    [
      1.1168697908125729,
      0.0011858487840097807
    ],
    [
      1.11670958654021,
      0.0013627184540527001
    ],
    [
      1.1130941303338902,
      0.0010773767916681047
    ],
    [
      1.1117680671055084,
      0.0010507265350533583
    ],
    [
      1.1076076213605335,
      0.0010136862137297745
    ],
    [
      1.106691238981026,
      0.0010429039705485987
    ],
    [
      1.1049657171401779,
      0.001050784768518908
    ],
    [
      1.1029788587886524,
      0.0013338677521348057
    ],
    [
      1.1016065838529816,
      0.0011699456209486227
    ],
    [
      1.0969791258354493,
      0.001036950773818939
    ],
    [
      1.0949950702479687,
      0.0011758937768323863
    ],
    [
      1.0941491328770907,
      0.0011319846072957284
    ],
    [
      1.0932827710087856,
      0.0012004827130609626
    ],
    [
      1.090055856061333,
      0.0010759925270886377
    ],
    [
      1.0879363087690905,
      0.0010927801695000074
    ]
  ],
  "model_version": "v2",
  "power_W": 49200,
  "depletion_days": 375,
  "n_steps": 25,
  "notes": "Corrected fuel fraction (22.5%), uranium loading (5.13 wt%), graphite reflector",
  "Xe135_atom_b_cm": [
    0.0,
    6.371794197796106e-10,
    6.390060528672268e-10,
    6.39124077154101e-10,
    6.388223373946366e-10,
    6.384234748615139e-10,
    6.380418970734977e-10,
    6.374392705886831e-10,
    6.371529716075271e-10,
    6.366108199447957e-10,
    6.363556557548576e-10,
    6.357734618006498e-10,
    6.349740304899691e-10,
    6.345818703992957e-10,
    6.3414619270806e-10,
    6.332510242379166e-10,
    6.32819434222185e-10,
    6.324054761779031e-10,
    6.317488825124743e-10,
    6.307443584606521e-10,
    6.302229984146805e-10,
    6.295742519337412e-10,
    6.288931866310081e-10,
    6.279492586370262e-10,
    6.274926138767341e-10,
    6.265784225884397e-10
  ],
  "Sm149_atom_b_cm": [
    0.0,
    2.956532083260871e-09,
    5.268149226037771e-09,
    6.572733779374496e-09,
    7.305648645815269e-09,
    7.71678392628448e-09,
    7.94889289895724e-09,
    8.080535518696501e-09,
    8.159877428885118e-09,
    8.206257213299617e-09,
    8.240434717222108e-09,
    8.26098242083493e-09,
    8.269542909008542e-09,
    8.277562661555836e-09,
    8.2871964369194e-09,
    8.288643430345997e-09,
    8.293509525051865e-09,
    8.300703732079476e-09,
    8.301994373836923e-09,
    8.298396465373164e-09,
    8.299226795969304e-09,
    8.298665933816849e-09,
    8.297382750725411e-09,
    8.291091592556877e-09,
    8.292732179637258e-09,
    8.289886078347744e-09
  ],
  "Pu239_atom_b_cm": [
    0.0,
    7.039551886355738e-08,
    1.6013060886299205e-07,
    2.487114337104871e-07,
    3.3560359972426647e-07,
    4.204684711102609e-07,
    5.031039809019887e-07,
    5.838229562536385e-07,
    6.625523679240278e-07,
    7.395773182014654e-07,
    8.149586894195646e-07,
    8.883989623628123e-07,
    9.601137523909542e-07,
    1.0300629476732504e-06,
    1.0983550740205336e-06,
    1.164641476738325e-06,
    1.2299922669301514e-06,
    1.2935021088352567e-06,
    1.3551340465601084e-06,
    1.4157505328966845e-06,
    1.4743933231586322e-06,
    1.5316623159234172e-06,
    1.588025513988205e-06,
    1.6427621873753556e-06,
    1.6960831235906886e-06,
    1.748196703697318e-06
  ],
  "U235_atom_b_cm": [
    0.00010069392197308584,
    0.00010015050848247842,
    9.96081331920321e-05,
    9.906747094023504e-05,
    9.85286279603909e-05,
    9.7991542455909e-05,
    9.745617549853931e-05,
    9.692259055387256e-05,
    9.639064449841295e-05,
    9.586036916464705e-05,
    9.533164713374983e-05,
    9.480461312272143e-05,
    9.427914673778463e-05,
    9.37551816393704e-05,
    9.323280622049742e-05,
    9.271193965571069e-05,
    9.21925084662646e-05,
    9.167453334811321e-05,
    9.115803959202894e-05,
    9.064298151968683e-05,
    9.012930061736202e-05,
    8.961697550132017e-05,
    8.910601509668756e-05,
    8.85964407882713e-05,
    8.808820219906737e-05,
    8.758121854548145e-05
  ],
  "U238_atom_b_cm": [
    0.00020189599705179438,
    0.00020180374965269798,
    0.0002017100659032895,
    0.0002016156302886672,
    0.00020152068048627747,
    0.00020142563286310353,
    0.00020133067002393144,
    0.00020123542658727098,
    0.00020114013634996855,
    0.00020104444196268197,
    0.00020094837197895656,
    0.0002008523569636542,
    0.00020075605321621753,
    0.0002006596712762262,
    0.00020056300922083719,
    0.0002004666822207273,
    0.00020036914240539078,
    0.0002002720215588715,
    0.0002001749108435573,
    0.00020007698098434957,
    0.0001999796458914595,
    0.00019988184215383506,
    0.00019978320196936745,
    0.00019968485101691982,
    0.00019958616968747235,
    0.00019948721512369794
  ]
}