{
  "SPF": {
    "n_samples": 101,
    "n_otus": 121132,
    "PERMANOVA_F": 3.0323480602365085,
    "PERMANOVA_p": 0.001,
    "significant_p005": true,
    "ANOSIM_R": 0.06333347764488569,
    "ANOSIM_p": 0.004,
    "variance_PC1": 0.20450675879413707,
    "variance_PC2": 0.12350264599008401,
    "location_permanova": {
      "Colon": {
        "F": 2.1991932100459843,
        "p": 0.015
      },
      "Cecum": {
        "F": 3.0135244306111115,
        "p": 0.01
      },
      "Ileum": {
        "F": 2.1174164462744867,
        "p": 0.025
      }
    }
  },
  "sDMDMm2": {
    "n_samples": 60,
    "n_otus": 24471,
    "PERMANOVA_F": 4.212987744106197,
    "PERMANOVA_p": 0.003,
    "significant_p005": true,
    "ANOSIM_R": 0.048530927835051606,
    "ANOSIM_p": 0.196,
    "variance_PC1": 0.38850583192092836,
    "variance_PC2": 0.21827215662919397,
    "location_permanova": {
      "Colon": {
        "F": 4.933695233205164,
        "p": 0.002
      },
      "Cecum": {
        "F": 2.3101754359086306,
        "p": 0.078
      },
      "Ileum": {
        "F": 0.6500641944824704,
        "p": 0.819
      }
    }
  }
}