{
  "SPF": {
    "PERMANOVA_F": 2.677593124829782,
    "PERMANOVA_p": 0.009,
    "significant": true,
    "ANOSIM_R": 0.08983543002747384,
    "ANOSIM_p": 0.006
  },
  "sDMDMm2": {
    "PERMANOVA_F": 4.212987744106209,
    "PERMANOVA_p": 0.004,
    "significant": true,
    "ANOSIM_R": 0.048530927835051606,
    "ANOSIM_p": 0.194
  }
}