second100_rank	computational_fulltext_score	model_category	status	doi	title	year	venue	citationCount	authors	open_pdf_url	semantic_scholar_url	isOpenAccess	comp_kw_count	wet_kw_count	review_kw_count	radiation_kw_count	query_hit	abstract
1	30.8	track_structure_monte_carlo	candidate_needs_pdf_verify_and_replication_brief	10.3389/fnume.2023.1284558	A fast Monte Carlo cell-by-cell simulation for radiobiological effects in targeted radionuclide therapy using pre-calculated single-particle track standard DNA damage data	2023	Frontiers in Nuclear Medicine	7	Tara Mastren, Itzhak Orion, Weibo Li, A. Lim, M. Andriotty, T. Yusufaly	https://www.frontiersin.org/articles/10.3389/fnume.2023.1284558/pdf?isPublishedV2=False	https://www.semanticscholar.org/paper/af0e1849aacacc97d7fbc4b9d5948ca9541e979e	True	10	2	0	4	radiation-induced DNA damage mechanistic model cell survival	Introduction We developed a new method that drastically speeds up radiobiological Monte Carlo radiation-track-structure (MC-RTS) calculations on a cell-by-cell basis. Methods The technique is based on random sampling and superposition of single-particle track (SPT) standard DNA damage (SDD) files from a “pre-calculated” data library, constructed using the RTS code TOPAS-nBio, with “time stamps” manually added to incorporate dose-rate effects. This time-stamped SDD file can then be input into MEDRAS, a mechanistic kinetic model that calculates various radiation-induced biological endpoints, such as DNA double-strand breaks (DSBs), misrepairs and chromosomal aberrations, and cell death. As a benchmark validation of the approach, we calculated the predicted energy-dependent DSB yield and the ratio of direct-to-total DNA damage, both of which agreed with published in vitro experimental data. We subsequently applied the method to perform a superfast cell-by-cell simulation of an experimental in vitro system consisting of neuroendocrine tumor cells uniformly incubated with 177Lu. Results and discussion The results for residual DSBs, both at 24 and 48 h post-irradiation, are in line with the published literature values. Our work serves as a proof-of-concept demonstration of the feasibility of a cost-effective “in silico clonogenic cell survival assay” for the computational design and development of radiopharmaceuticals and novel radiotherapy treatments more generally.
2	29.3	track_structure_monte_carlo	candidate_needs_pdf_verify_and_replication_brief	10.3390/ijms251810061	TOPAS-Tissue: A Framework for the Simulation of the Biological Response to Ionizing Radiation at the Multi-Cellular Level	2024	International Journal of Molecular Sciences	4	Omar Rodrigo García García, Ramón Ortiz, E. Moreno-Barbosa, Naoki D-Kondo, Bruce Faddegon, J. Ramos-Mendez	https://doi.org/10.3390/ijms251810061	https://www.semanticscholar.org/paper/7ec871f221dc7db1acb7b5d826a28bcfe997d524	True	9	2	0	5	TOPAS-nBio DNA damage cell survival radiation model	This work aims to develop and validate a framework for the multiscale simulation of the biological response to ionizing radiation in a population of cells forming a tissue. We present TOPAS-Tissue, a framework to allow coupling two Monte Carlo (MC) codes: TOPAS with the TOPAS-nBio extension, capable of handling the track-structure simulation and subsequent chemistry, and CompuCell3D, an agent-based model simulator for biological and environmental behavior of a population of cells. We verified the implementation by simulating the experimental conditions for a clonogenic survival assay of a 2-D PC-3 cell culture model (10 cells in 10,000 µm2) irradiated by MV X-rays at several absorbed dose values from 0–8 Gy. The simulation considered cell growth and division, irradiation, DSB induction, DNA repair, and cellular response. The survival was obtained by counting the number of colonies, defined as a surviving primary (or seeded) cell with progeny, at 2.7 simulated days after irradiation. DNA repair was simulated with an MC implementation of the two-lesion kinetic model and the cell response with a p53 protein-pulse model. The simulated survival curve followed the theoretical linear–quadratic response with dose. The fitted coefficients α = 0.280 ± 0.025/Gy and β = 0.042 ± 0.006/Gy2 agreed with published experimental data within two standard deviations. TOPAS-Tissue extends previous works by simulating in an end-to-end way the effects of radiation in a cell population, from irradiation and DNA damage leading to the cell fate. In conclusion, TOPAS-Tissue offers an extensible all-in-one simulation framework that successfully couples Compucell3D and TOPAS for multiscale simulation of the biological response to radiation.
3	28.9	track_structure_monte_carlo	candidate_needs_pdf_verify_and_replication_brief	10.1667/rr15226.1	TOPAS-nBio: An Extension to the TOPAS Simulation Toolkit for Cellular and Sub-cellular Radiobiology	2018	Radiation Research	174	J. Schuemann, Aimee McNamara, J. Ramos-Mendez, J. Perl, Kathryn D. Held, Harald Paganetti	https://bioone.org/journals/Radiation-Research/volume-191/issue-2/RR15226.1/TOPAS-nBio--An-Extension-to-the-TOPAS-Simulation-Toolkit/10.1667/RR15226.1.pdf	https://www.semanticscholar.org/paper/b406922eedd4fd1b2134ed26d1b7d2d9e84a6e30	True	9	1	0	3	TOPAS-nBio DNA damage cell survival radiation model	The TOPAS Monte Carlo (MC) system is used in radiation therapy and medical imaging research, having played a significant role in making Monte Carlo simulations widely available for proton therapy related research. While TOPAS provides detailed simulations of patient scale properties, the fundamental unit of the biological response to radiation is a cell. Thus, our goal was to develop TOPAS-nBio, an extension of TOPAS dedicated to advance understanding of radiobiological effects at the (sub-)cellular, (i.e., the cellular and sub-cellular) scale. TOPAS-nBio was designed as a set of open source classes that extends TOPAS to model radiobiological experiments. TOPAS-nBio is based on and extends Geant4-DNA, which extends the Geant4 toolkit, the basis of TOPAS, to include very low-energy interactions of particles down to vibrational energies, explicitly simulates every particle interaction (i.e., without using condensed histories) and propagates radiolysis products. To further facilitate the use of TOPAS-nBio, a graphical user interface was developed. TOPAS-nBio offers full track-structure Monte Carlo simulations, integration of chemical reactions within the first millisecond, an extensive catalogue of specialized cell geometries as well as sub-cellular structures such as DNA and mitochondria, and interfaces to mechanistic models of DNA repair kinetics. We compared TOPAS-nBio simulations to measured and published data of energy deposition patterns and chemical reaction rates (G values). Our simulations agreed well within the experimental uncertainties. Additionally, we expanded the chemical reactions and species provided in Geant4-DNA and developed a new method based on independent reaction times (IRT), including a total of 72 reactions classified into 6 types between neutral and charged species. Chemical stage simulations using IRT were a factor of 145 faster than with step-by-step tracking. Finally, we applied the geometric/chemical modeling to obtain initial yields of double-strand breaks (DSBs) in DNA fibers for proton irradiations of 3 and 50 MeV and compared the effect of including chemical reactions on the number and complexity of DSB induction. Over half of the DSBs were found to include chemical reactions with approximately 5% of DSBs caused only by chemical reactions. In conclusion, the TOPAS-nBio extension to the TOPAS MC application offers access to accurate and detailed multiscale simulations, from a macroscopic description of the radiation field to microscopic description of biological outcome for selected cells. TOPAS-nBio offers detailed physics and chemistry simulations of radiobiological experiments on cells simulating the initially induced damage and links to models of DNA repair kinetics.
4	26.7	track_structure_monte_carlo	candidate_needs_pdf_verify_and_replication_brief	10.1088/1361-6560/ab6b47	Microdosimetric calculations of the direct DNA damage induced by low energy electrons using the Geant4-DNA Monte Carlo code	2020	Physics in Medicine and Biology	34	Stefanos Margis, Maria Magouni, I. Kyriakou, A. Georgakilas, S. Incerti, D. Emfietzoglou	https://hal.archives-ouvertes.fr/hal-02483967/file/hal-02483967.pdf	https://www.semanticscholar.org/paper/8ff303d803fdc55de181ad5a8b5d440ff880a857	True	8	1	0	3	Geant4-DNA DNA damage repair simulation radiation biology	To calculate the yield of direct DNA damage induced by low energy electrons using Monte Carlo generated microdosimetric spectra at the nanometer scale and examine the influence of various simulation inputs. The potential of classical microdosimetry to offer a viable and simpler alternative to more elaborate mechanistic approaches for practical applications is discussed. Track-structure simulations with the Geant4-DNA low-energy extension of the Geant4 Monte Carlo toolkit were used for calculating lineal energy spectra in spherical volumes with dimensions relevant to double-strand-break (DSB) induction. The microdosimetric spectra were then used to calculate the yield of simple and clustered DSB based on literature values of the threshold energy of DNA damage. The influence of the different implementations of the dielectric function of liquid water available in Geant4-DNA (Option 2 and Option 4 constructors), as well as the effect of particle tracking cutoff energy and target size are examined. Frequency- and dose-mean lineal energies in liquid-water spheres of 2, 2.3, 2.6, and 3.4 nm diameter, as well as, number of simple and clustered DSB/Gy/cell are presented for electrons over the 100 eV to 100 keV energy range. Results are presented for both the ‘default’ (Option 2) and ‘Ioannina’ (Option 4) physics models of Geant4-DNA applying several commonly used tracking cutoff energies (10, 20, 50, 100 eV). Overall, the choice of the physics model and target diameter has a moderate effect (up to ~10%–30%) on the DSB yield whereas the effect of the tracking cutoff energy may be significant (>100%). Importantly, the yield of both simple and clustered DSB was found to vary significantly (by a factor of 2 or more) with electron energy over the examined range. The yields of electron-induced simple and clustered DSB exhibit a strong energy dependence over the 100 eV–100 keV range with implications to radiation quality issues. It is shown that a classical microdosimetry approach for the calculation of DNA damage based on lineal energy spectra in nanometer-size targets predicts comparable results to computationally intensive mechanistic approaches which use detailed atomistic DNA geometries, thus, offering a relatively simple and robust alternative for some practical applications.
5	26.7	track_structure_monte_carlo	candidate_needs_pdf_verify_and_replication_brief	10.1667/rade-21-00179.1	Impact of DNA Geometry and Scoring on Monte Carlo Track-Structure Simulations of Initial Radiation-Induced Damage	2022	Radiation Research	26	Alejandro Bertolet, J. Ramos-Mendez, A. McNamara, Dohyeon Yoo, S. Ingram, N. Henthorn	https://bioone.org/journals/radiation-research/volume-198/issue-3/RADE-21-00179.1/Impact-of-DNA-Geometry-and-Scoring-on-Monte-Carlo-Track/10.1667/RADE-21-00179.1.pdf	https://www.semanticscholar.org/paper/9d59c2312dd27e25e216cba330d1ed6ad9e3b73f	True	8	1	0	3	radiation-induced DNA damage mechanistic model cell survival	Track structure Monte Carlo simulations are a useful tool to investigate the damage induced to DNA by ionizing radiation. These simulations usually rely on simplified geometrical representations of the DNA subcomponents. DNA damage is determined by the physical and physicochemical processes occurring within these volumes. In particular, damage to the DNA backbone is generally assumed to result in strand breaks. DNA damage can be categorized as direct (ionization of an atom part of the DNA molecule) or indirect (damage from reactive chemical species following water radiolysis). We also consider quasi-direct effects, i.e., damage originated by charge transfers after ionization of the hydration shell surrounding the DNA. DNA geometries are needed to account for the damage induced by ionizing radiation, and different geometry models can be used for speed or accuracy reasons. In this work, we use the Monte Carlo track structure tool TOPAS-nBio, built on top of Geant4-DNA, for simulation at the nanometer scale to evaluate differences among three DNA geometrical models in an entire cell nucleus, including a sphere/spheroid model specifically designed for this work. In addition to strand breaks, we explicitly consider the direct, quasi-direct, and indirect damage induced to DNA base moieties. We use results from the literature to determine the best values for the relevant parameters. For example, the proportion of hydroxyl radical reactions between base moieties was 80%, and between backbone, moieties was 20%, the proportion of radical attacks leading to a strand break was 11%, and the expected ratio of base damages and strand breaks was 2.5–3. Our results show that failure to update parameters for new geometric models can lead to significant differences in predicted damage yields.
6	26.7	track_structure_monte_carlo	candidate_needs_pdf_verify_and_replication_brief	10.1088/1361-6560/acb196	MINAS TIRITH: a new tool for simulating radiation-induced DNA damage at the cell population level	2023	Physics in Medicine and Biology	7	Y. Thibaut, G. Gonon, J. S. Martinez, M. Petit, A. Vaurijoux, G. Gruel	https://iopscience.iop.org/article/10.1088/1361-6560/acb196/pdf	https://www.semanticscholar.org/paper/0ad003a5d4b9317daa410c746ff445f4e3c338d5	True	8	1	0	3	Geant4-DNA DNA damage repair simulation radiation biology	Objective. The mechanisms of radiation-induced DNA damage can be understood via the fundamental acquisition of knowledge through a combination of experiments and modeling. Currently, most biological experiments are performed by irradiating an entire cell population, whereas modeling of radiation-induced effects is usually performed via Monte Carlo simulations with track structure codes coupled to realistic DNA geometries of a single-cell nucleus. However, the difference in scale between the two methods hinders a direct comparison because the dose distribution in the cell population is not necessarily uniform owing to the stochastic nature of the energy deposition. Thus, this study proposed the MINAS TIRITH tool to model the distribution of radiation-induced DNA damage in a cell population. Approach. The proposed method is based on precomputed databases of microdosimetric parameters and DNA damage distributions generated using the Geant4-DNA Monte Carlo Toolkit. First, a specific energy z was assigned to each cell of an irradiated population for a particular absorbed dose Dabs, following microdosimetric formalism. Then, each cell was assigned a realistic number of DNA damage events according to the specific energy z, respecting the stochastic character of its occurrence. Main results. This study validated the MINAS TIRITH tool by comparing its results with those obtained using the Geant4-DNA track structure code and a Geant4-DNA based simulation chain for DNA damage calculation. The different elements of comparison indicated consistency between MINAS TIRITH and the Monte Carlo simulation in case of the dose distribution in the population and the calculation of the amount of DNA damage. Significance. MINAS TIRITH is a new approach for the calculation of radiation-induced DNA damage at the cell population level that facilitates reasonable simulation times compared to those obtained with track structure codes. Moreover, this tool enables a more direct comparison between modeling and biological experimentation.
7	26.3	track_structure_monte_carlo	candidate_needs_pdf_verify_and_replication_brief	10.1088/2057-1976/ad57ce	Radiation-induced DNA damage by proton, helium and carbon ions in human fibroblast cell: Geant4-DNA and MCDS-based study	2024	Biomedical engineering and physics express	4	A. Chattaraj, Selvam T Palani	https://iopscience.iop.org/article/10.1088/2057-1976/ad57ce/pdf	https://www.semanticscholar.org/paper/5ce8a71b538f401ef5affbf9233140ce5b091f3b	True	7	2	0	7	Geant4-DNA DNA damage repair simulation radiation biology	Background. Radiation-induced DNA damages such as Single Strand Break (SSB), Double Strand Break (DSB) and Complex DSB (cDSB) are critical aspects of radiobiology with implications in radiotherapy and radiation protection applications. Materials and Methods. This study presents a thorough investigation into the effects of protons (0.1–100 MeV/u), helium ions (0.13–100 MeV/u) and carbon ions (0.5–480 MeV/u) on DNA of human fibroblast cells using Geant4-DNA track structure code coupled with DBSCAN algorithm and Monte Carlo Damage Simulations (MCDS) code. Geant4-DNA-based simulations consider 1 μm × 1 μm × 0.5 μm water box as the target to calculate energy deposition on event-by-event basis and the three-dimensional coordinates of the interaction location, and then DBSCAN algorithm is used to calculate yields of SSB, DSB and cDSB in human fibroblast cell. The study investigated the influence of Linear Energy Transfer (LET) of protons, helium ions and carbon ions on the yields of DNA damages. Influence of cellular oxygenation on DNA damage patterns is investigated using MCDS code. Results. The study shows that DSB and SSB yields are influenced by the LET of the particles, with distinct trends observed for different particles. The cellular oxygenation is a key factor, with anoxic cells exhibiting reduced SSB and DSB yields, underscoring the intricate relationship between cellular oxygen levels and DNA damage. The study introduced DSB/SSB ratio as an informative metric for evaluating the severity of radiation-induced DNA damage, particularly in higher LET regions. Conclusions. The study highlights the importance of considering particle type, LET, and cellular oxygenation in assessing the biological effects of ionizing radiation.
8	26.0	track_structure_monte_carlo	candidate_needs_pdf_verify_and_replication_brief	10.3390/cancers14030463	Evaluating Iodine-125 DNA Damage Benchmarks of Monte Carlo DNA Damage Models	2022	Cancers	9	Shannon J Thompson, Aoife Rooney, K. Prise, S. McMahon	https://www.mdpi.com/2072-6694/14/3/463/pdf?version=1642488318	https://www.semanticscholar.org/paper/c17f581d841f7764bb8ae9ed6c2110124a6bdef2	True	8	1	0	2	Monte Carlo track structure DNA damage repair radiation biology	Simple Summary Simulation of initial radiation-induced DNA damage remains a major area of research, with numerous Monte Carlo models having been developed to model radiation effects on the cellular scale. While many models have been reasonably fit to a range of biological endpoints, there remains a lack of robust benchmarking data. Here, we investigate the application of a dataset on strand breaking in a single DNA strand through incorporation of radioactive Iodine-125 to distinguish between different Monte Carlo nanoscale physics models. We find that, while all models are able to effectively fit this data, they do so using significantly different best-fitting parameters and make substantially different predictions for other endpoints. These observations suggest that most nanoscale models broadly agree on the distribution of energy and can be made to fit to single datasets, but robust, multi-endpoint analysis is required to fully optimize and validate these approaches. Abstract A wide range of Monte Carlo models have been applied to predict yields of DNA damage based on nanoscale track structure calculations. While often similar on the macroscopic scale, these models frequently employ different assumptions which lead to significant differences in nanoscale dose deposition. However, the impact of these differences on key biological readouts remains unclear. A major challenge in this area is the lack of robust datasets which can be used to benchmark models, due to a lack of resolution at the base pair level required to deeply test nanoscale dose deposition. Studies investigating the distribution of strand breakage in short DNA strands following the decay of incorporated 125I offer one of the few benchmarks for model predictions on this scale. In this work, we have used TOPAS-nBio to evaluate the performance of three Geant4-DNA physics models at predicting the distribution and yield of strand breaks in this irradiation scenario. For each model, energy and OH radical distributions were simulated and used to generate predictions of strand breakage, varying energy thresholds for strand breakage and OH interaction rates to fit to the experimental data. All three models could fit well to the observed data, although the best-fitting strand break energy thresholds ranged from 29.5 to 32.5 eV, significantly higher than previous studies. However, despite well describing the resulting DNA fragment distribution, these fit models differed significantly with other endpoints, such as the total yield of breaks, which varied by 70%. Limitations in the underlying data due to inherent normalisation mean it is not possible to distinguish clearly between the models in terms of total yield. This suggests that, while these physics models can effectively fit some biological data, they may not always generalise in the same way to other endpoints, requiring caution in their extrapolation to new systems and the use of multiple different data sources for robust model benchmarking.
9	26.0	track_structure_monte_carlo	candidate_needs_pdf_verify_and_replication_brief	10.1088/1361-6560/ad00a4	Microdosimetry-based investigation of biological effectiveness of 252Cf brachytherapy source: TOPAS Monte Carlo study	2023	Physics in Medicine and Biology	0	A. Chattaraj, T. Selvam	https://iopscience.iop.org/article/10.1088/1361-6560/ad00a4/pdf	https://www.semanticscholar.org/paper/40d5bf229ab8af90052b05b4c2b34f6d21bfa66d	True	8	1	0	2	radiation quality factor biological effectiveness model DNA damage	Objective. To investigate biological effectiveness of 252Cf brachytherapy source using Monte Carlo-calculated microdosimetric distributions. Approach. 252Cf source capsule was placed at the center of the spherical water phantom and phase-space data were scored as a function of radial distance in water (R = 1–5 cm) using TOPAS Monte Carlo code. The phase-space data were used to calculate microdosimetric distributions at 1 μm site size. Using these distributions, Relative Biological Effectiveness (RBE), mean quality factor ( Q̅ ) and Oxygen Enhancement Ratio (OER) were calculated as a function of R. Main results. The overall shapes of the microdosimetric distributions are comparable at all the radial distances in water. However, slight variation in the bin-wise yield is observed with R. RBE, Q̅ and OER are insensitive to R over the range 1–5 cm. Microdosimetric kinetic model based RBE values are about 2.3 and 2.8 for HSG tumour cells and V79 cells, respectively, whereas biological weighting function-based RBE is about 2.8. ICRP 60 and ICRU 40 recommendation-based Q̅ values are about 14.5 and 16, respectively. Theory of dual radiation action based RBE is 11.4. The calculated value of OER is 1.6. Significance. This study demonstrates the relative insensitivity of RBE, Q̅ and OER radially away from the 252Cf source along the distances of 1–5 cm in water.
10	25.9	track_structure_monte_carlo	candidate_needs_pdf_verify_and_replication_brief	10.1016/j.ejmp.2019.04.010	Evaluation of early radiation DNA damage in a fractal cell nucleus model using Geant4-DNA.	2019	Physica medica (Testo stampato)	74	D. Sakata, Nathanael Lampe, M. Karamitros, I. Kyriakou, O. Belov, M. Bernal	http://www.physicamedica.com/article/S1120179719300882/pdf	https://www.semanticscholar.org/paper/6aafc32f1f1f4109cf82c4339e5a62f0b0b71c1d	True	7	1	0	5	radiation DNA repair mathematical model simulation	The advancement of multidisciplinary research fields dealing with ionising radiation induced biological damage - radiobiology, radiation physics, radiation protection and, in particular, medical physics - requires a clear mechanistic understanding of how cellular damage is induced by ionising radiation. Monte Carlo (MC) simulations provide a promising approach for the mechanistic simulation of radiation transport and radiation chemistry, towards the in silico simulation of early biological damage. We have recently developed a fully integrated MC simulation that calculates early single strand breaks (SSBs) and double strand breaks (DSBs) in a fractal chromatin based human cell nucleus model. The results of this simulation are almost equivalent to past MC simulations when considering direct/indirect strand break fraction, DSB yields and fragment distribution. The simulation results agree with experimental data on DSB yields within 13.6% on average and fragment distributions agree within an average of 34.8%.
11	25.7	track_structure_monte_carlo	candidate_needs_pdf_verify_and_replication_brief	10.1016/j.ejmp.2022.11.012	Prediction of DNA rejoining kinetics and cell survival after proton irradiation for V79 cells using Geant4-DNA	2022	Physica medica (Testo stampato)	30	D. Sakata, R. Hirayama, W. Shin, M. Belli, M. Tabocchini, R. Stewart	https://doi.org/10.1016/j.ejmp.2022.11.012	https://www.semanticscholar.org/paper/a58701a4e5cc1c17ebd82d92335374042f95148f	True	8	2	0	3	radiation-induced DNA damage mechanistic model cell survival	Purpose Track structure Monte Carlo (MC) codes have achieved successful outcomes in the quantitative investigation of radiation-induced initial DNA damage. The aim of the present study is to extend a Geant4-DNA radiobiological application by incorporating a feature allowing for the prediction of DNA rejoining kinetics and corresponding cell surviving fraction along time after irradiation, for a Chinese hamster V79 cell line, which is one of the most popular and widely investigated cell lines in radiobiology. Methods We implemented the Two-Lesion Kinetics (TLK) model, originally proposed by Stewart, which allows for simulations to calculate residual DNA damage and surviving fraction along time via the number of initial DNA damage and its complexity as inputs. Results By optimizing the model parameters of the TLK model in accordance to the experimental data on V79, we were able to predict both DNA rejoining kinetics at low linear energy transfers (LET) and cell surviving fraction. Conclusions This is the first study to demonstrate the implementation of both the cell surviving fraction and the DNA rejoining kinetics with the estimated initial DNA damage, in a realistic cell geometrical model simulated by full track structure MC simulations at DNA level and for various LET. These simulation and model link between mechanistic physical/chemical damage processes and these two specific biological endpoints.
12	25.7	track_structure_monte_carlo	candidate_needs_pdf_verify_and_replication_brief	10.1002/acm2.14399	DNA‐damage RBE assessment for combined boron and gadolinium neutron capture therapy	2024	Journal of Applied Clinical Medical Physics	2	Reza Shamsabadi, H. Baghani	https://onlinelibrary.wiley.com/doi/pdfdirect/10.1002/acm2.14399	https://www.semanticscholar.org/paper/247f3d40b5d42048a9663b13ddad7614e25ba9ca	True	8	2	0	3	relative biological effectiveness mechanistic model DNA damage repair	Abstract Purpose Neutron capture therapy (NCT) by 10B and 157Gd agents is a unique irradiation‐based method which can be used to treat brain tumors. Current study aims to quantitatively evaluate the relative biological effectiveness (RBE) and dose distributions during the combined BNCT and GdNCT modalities through a hybrid Monte Carlo (MC) simulation approach. Methods Snyder head phantom as well as a cubic hypothetical tumor was at first modeled by Geant4 MC Code. Then, the energy spectra and dose distribution relevant to the released secondary particles during the combined Gd/BNCT were scored for different concentrations of 157Gd and 10B inside tumor volume. Finally, the scored energy spectra were imported to the MCDS code to estimate both RBESSB and RBEDSB values for different 157Gd concentrations. Results The results showed that combined Gd/BNCT increases the fluence‐averaged RBESSB values by about 1.7 times when 157Gd concentration increments from 0 to 2000 µg/g for both considered cell oxygen levels (pO2 = 10% and 100%). Besides, a reduction of about 26% was found for fluence‐averaged RBEDSB values with an increment of 157Gd concentration in tumor volume. Conclusion From the results, it can be concluded that combined Gd/BNCT technique can improve tumor coverage with higher dose levels but in the expense of RBEDSB reduction which can affect the clinical efficacy of the NCT technique.
13	25.7	track_structure_monte_carlo	candidate_needs_pdf_verify_and_replication_brief	10.1088/1361-6560/ad94c6	Integrating chromosome conformation and DNA repair in a computational framework to assess cell radiosensitivity	2024	bioRxiv	2	M. Andriotty, C-K C Wang, Anuj J. Kapadia, R. P. McCord, G. Agasthya	https://doi.org/10.1101/2024.03.25.586626	https://www.semanticscholar.org/paper/dcf88bf1bba608d1cb030e0513e6468fdfe0a461	True	8	2	0	3	Monte Carlo track structure DNA damage repair radiation biology	Objective. The arrangement of chromosomes in the cell nucleus has implications for cell radiosensitivity. The development of new tools to utilize Hi-C chromosome conformation data in nanoscale radiation track structure simulations allows for in silico investigation of this phenomenon. We have developed a framework employing Hi-C-based cell nucleus models in Monte Carlo radiation simulations, in conjunction with mechanistic models of DNA repair, to predict not only the initial radiation-induced DNA damage, but also the repair outcomes resulting from this damage, allowing us to investigate the role chromosome conformation plays in the biological outcome of radiation exposure. Approach. In this study, we used this framework to generate cell nucleus models based on Hi-C data from fibroblast and lymphoblastoid cells and explore the effects of cell type-specific chromosome structure on radiation response. The models were used to simulate external beam irradiation including DNA damage and subsequent DNA repair. The kinetics of the simulated DNA repair were compared with previous results. Main results. We found that the fibroblast models resulted in a higher rate of inter-chromosome misrepair than the lymphoblastoid model, despite having similar amounts of initial DNA damage and total misrepairs for each irradiation scenario. Significance. This framework represents a step forward in radiobiological modeling and simulation allowing for more realistic investigation of radiosensitivity in different types of cells.
14	25.4	track_structure_monte_carlo	candidate_needs_pdf_verify_and_replication_brief	10.1088/1361-6560/abc93b	Modeling the Effect of Oxygen on the Chemical Stage of Water Radiolysis using GPU-based Microscopic Monte Carlo Simulations, with an Application in FLASH Radiotherapy	2020	Physics in Medicine and Biology	72	Y. Lai, X. Jia, Yujie Chi	https://www.ncbi.nlm.nih.gov/pmc/articles/PMC8236313	https://www.semanticscholar.org/paper/bf6070e8b15fcc358b24095747fbad6d88383533	True	8	1	1	4	FLASH radiotherapy oxygen DNA damage repair mechanistic model	Oxygen plays a critical role in determining the initial DNA damages induced by ionizing radiation. It is important to mechanistically model the oxygen effect in the water radiolysis process. However, due to the computational costs from the many body interaction problem, oxygen is often ignored or treated as a constant continuum radiolysis-scavenger background in the simulations using common microscopic Monte Carlo tools. In this work, we reported our recent progress on the modeling of the chemical stage of the water radiolysis with an explicit consideration of the oxygen effect, based upon our initial development of an open-source graphical processing unit (GPU)-based MC simulation tool, gMicroMC. The inclusion of oxygen mainly reduces the yields of eh and H. chemical radicals, turning them into highly toxic O2.− and HO2. species. To demonstrate the practical value of gMicroMC in large scale simulation problems, we applied the oxygen-simulation-enabled gMicroMC to compute the yields of chemical radicals under a high instantaneous dose rate D˙i to study the oxygen depletion hypothesis in FLASH radiotherapy. A decreased oxygen consumption rate (OCR) was found associated with a reduced initial oxygen concentration level due to reduced probabilities of reactions. With respect to dose rate, for the oxygen concentration of 21% and electron energy of 4.5 keV , OCR remained approximately constant (∼0.22 μM Gy−1 ) for D˙i ’s of 106 , 107 Gys−1 and reduced to 0.19 μM Gy−1 at 108 Gys−1 , because the increased dose rate improved the mutual reaction frequencies among radicals, hence reducing their reactions with oxygen. We computed the time evolution of oxygen concentration under the FLASH irradiation setups. At the dose rate of 107 Gys−1 and initial oxygen concentrations from 0.01% to 21%, the oxygen is unlikely to be fully depleted with an accumulative dose of 30 Gy, which is a typical dose used in FLASH experiments. The computational efficiency of gMicroMC when considering oxygen molecules in the chemical stage was evaluated through benchmark work to GEANT4-DNA with simulating an equivalent number of radicals. With an initial oxygen concentration of 3% (∼105 molecules), a speedup factor of 1228 was achieved for gMicroMC on a single GPU card when comparing with GEANT4-DNA on a single CPU.
15	25.4	track_structure_monte_carlo	candidate_needs_pdf_verify_and_replication_brief	10.1088/2057-1976/ad1bb9	Proton relative biological effectiveness for the induction of DNA double strand breaks based on Geant4	2024	Biomedical engineering and physics express	2	Yuchen Liu, Kun Zhu, Xiaoyu Peng, S. Luo, Jin Zhu, Wancheng Xiao	https://iopscience.iop.org/article/10.1088/2057-1976/ad1bb9/pdf	https://www.semanticscholar.org/paper/dbe485203dfb7365acb6972d1ba872a548eaa916	True	6	0	0	6	relative biological effectiveness mechanistic model DNA damage repair	Uncertainties in the relative biological effectiveness (RBE) of proton remains a major barrier to the biological optimization of proton therapy. A large amount of experimental data suggest that proton RBE is variable. As an evolving Monte Carlo code toolkit, Geant4-DNA is able to simulate the initial DNA damage caused by particle beams through physical and chemical interactions at the nanometer scale over a short period of time. This contributes to evaluating the radiobiological effects induced by ionizing radiation. Based on the Geant4-DNA toolkit, this study constructed a DNA geometric model containing 6.32Gbp, simulated the relationship between radiochemical yields (G-values) and their corresponding chemical constructors, and calculated a detailed calculation of the sources of damage and the complexity of damage in DNA strand breaks. The damage model constructed in this study can simulate the relative biological effectiveness (RBE) in the proton Bragg peak region. The results indicate that: (1) When the electron energy is below 400 keV, the yield of OH· account for 18.1% to 25.3% of the total water radiolysis yields. (2) Under the influence of histone clearance function, the yield of indirect damage account for over 72.93% of the yield of DNA strand breaks (SBs). When linear energy transfer (LET) increased from 29.79 (keV/μm) to 64.29 (keV/μm), the yield of double strand breaks (DSB) increased from 17.27% to 32.65%. (3) By investigating the effect of proton Bragg peak depth on the yield of direct DSB (DSBdirect) and total DSB (DSBtotal), the RBEDSBtot and RBEDSBdir levels of cells show that the RBE value of protons reaches 2.2 in the Bragg peak region.
16	25.2	track_structure_monte_carlo	candidate_needs_pdf_verify_and_replication_brief	10.1088/0031-9155/58/20/7143	A molecular dynamics simulation of DNA damage induction by ionizing radiation	2013	Physics in Medicine and Biology	56	R. Abolfath, D. Carlson, Zhe Chen, R. Nath	http://arxiv.org/pdf/1309.0426	https://www.semanticscholar.org/paper/3a5bda4af09d06e0aa4a74aedb80c2e66b2b7971	True	7	1	0	4	Monte Carlo track structure DNA damage repair radiation biology	We present a multi-scale simulation of the early stage of DNA damages by the indirect action of hydroxyl (•OH) free radicals generated by electrons and protons. The computational method comprises of interfacing the Geant4-DNA Monte Carlo with ReaxFF molecular dynamics software. A clustering method was employed to map the coordinates of •OH-radicals extracted from the ionization-track-structures onto nano-meter simulation voxels filled with DNA and water molecules. The molecular dynamics simulation provides the time-evolution and chemical reactions in individual simulation voxels as well as the energy–landscape accounted for the DNA–•OH chemical reaction that is essential for the first-principle enumeration of hydrogen abstractions, chemical bond breaks, and DNA-lesions induced by collection of ions in clusters less than the critical dimension which is approximately 2–3 Å. We show that the formation of broken bonds leads to DNA-base and backbone damages that collectively propagate to DNA single and double-strand breaks. For illustration of the methodology, we focused on particles with an initial energy of 1 MeV. Our studies reveal a qualitative difference in DNA damage induced by low energy electrons and protons. Electrons mainly generate small pockets of •OH-radicals, randomly dispersed in the cell volume. In contrast, protons generate larger clusters along a straight-line parallel to the direction of the particle. The ratio of the total DNA double-strand breaks induced by a single proton and electron track is determined to be ≈4 in the linear scaling limit. In summary, we have developed a multi-scale computational model based on first-principles to study the interaction of ionizing radiation with DNA molecules. The main advantage of our hybrid Monte Carlo approach using Geant4-DNA and ReaxFF is the multi-scale simulation of the cascade of both physical and chemical events which result in the formation of biological damage. The tool developed in this work can be used in the future to investigate the relative biological effectiveness of light and heavy ions that are used in radiotherapy.
17	25.2	systems_pathway_model	candidate_needs_pdf_verify_and_replication_brief	10.1186/s12918-016-0293-0	A novel mathematical model of ATM/p53/NF- κB pathways points to the importance of the DDR switch-off mechanisms	2016	BMC Systems Biology	39	Katarzyna Jonak, M. Kurpas, K. Szoltysek, Patryk Janus, A. Abramowicz, Krzysztof Puszyński	https://doi.org/10.1186/s12918-016-0293-0	https://www.semanticscholar.org/paper/363fb5d33a920bc1dd89321800d5910c9802c74b	True	7	1	0	4	p53 radiation DNA damage response mathematical model	BackgroundAtaxia telangiectasia mutated (ATM) is a detector of double-strand breaks (DSBs) and a crucial component of the DNA damage response (DDR) along with p53 and NF- κB transcription factors and Wip1 phosphatase. Despite the recent advances in studying the DDR, the mechanisms of cell fate determination after DNA damage induction is still poorly understood.ResultsTo investigate the importance of various DDR elements with particular emphasis on Wip1, we developed a novel mathematical model of ATM/p53/NF- κB pathways. Our results from in silico and in vitro experiments performed on U2-OS cells with Wip1 silenced to 25 % (Wip1-RNAi) revealed a strong dependence of cellular response to DNA damages on this phosphatase. Notably, Wip1-RNAi cells exhibited lower resistance to ionizing radiation (IR) resulting in smaller clonogenicity and higher apoptotic fraction.ConclusionsIn this article, we demonstrated that Wip1 plays a role as a gatekeeper of apoptosis and influences the pro-survival behaviour of cells – the level of Wip1 increases to block the apoptotic decision when DNA repair is successful. Moreover, we were able to verify the dynamics of proteins and transcripts, apoptotic fractions and cells viability obtained from stochastic simulations using in vitro approaches. Taken together, we demonstrated that the model can be successfully used in prediction of cellular behaviour after exposure to IR. Thus, our studies may provide further insights into key elements involved in the underlying mechanisms of the DDR.
18	25.2	track_structure_monte_carlo	candidate_needs_pdf_verify_and_replication_brief	10.3390/cancers13122997	Impact of Hypoxia on Relative Biological Effectiveness and Oxygen Enhancement Ratio for a 62-MeV Therapeutic Proton Beam	2021	Cancers	10	Chun-Chieh Chan, Fan-Hsin Chen, Y. Hsiao	https://www.mdpi.com/2072-6694/13/12/2997/pdf?version=1624016271	https://www.semanticscholar.org/paper/1d07ead70b6bee39b7ab5d895755b1fa082a2b55	True	7	1	0	4	relative biological effectiveness mechanistic model DNA damage repair	Simple Summary This study presents an algorithm to estimate the relative biological effectiveness (RBE) for cell survival under hypoxic conditions using the repair-misrepair-fixation model. The study finds that the RBE values are in the range of 1.0–3.0 for the linear energy transfer equal to 1.1 to 22.6 keV/μm under aerobic condition (21% O2) and further increase to the range of 1.1–4.4 under severe hypoxia (0.1% O2). Abstract This study uses the yields of double-strand breaks (DSBs) to determine the relative biological effectiveness (RBE) of proton beams, using cell survival as a biological endpoint. DSB induction is determined when cells locate at different depths (6 positions) along the track of 62 MeV proton beams. The DNA damage yields are estimated using Monte Carlo Damage Simulation (MCDS) software. The repair outcomes are estimated using Monte Carlo excision repair (MCER) simulations. The RBE for cell survival at different oxygen concentrations is calculated using the repair-misrepair-fixation (RMF) model. Using 60Co γ-rays (linear energy transfer (LET) = 2.4 keV/μm) as the reference radiation, the RBE for DSB induction and enzymatic DSB under aerobic condition (21% O2) are in the range 1.0–1.5 and 1.0–1.6 along the track depth, respectively. In accord with RBE obtained from experimental data, RMF model-derived RBE values for cell survival are in the range of 1.0–3.0. The oxygen enhancement ratio (OER) for cell survival (10%) decreases from 3.0 to 2.5 as LET increases from 1.1 to 22.6 keV/μm. The RBE values for severe hypoxia (0.1% O2) are in the range of 1.1–4.4 as LET increases, indicating greater contributions of direct effects for protons. Compared with photon therapy, the overall effect of 62 MeV proton beams results in greater cell death and is further intensified under hypoxic conditions.
19	25.2	track_structure_monte_carlo	candidate_needs_pdf_verify_and_replication_brief	10.3389/fonc.2023.1196502	The complexity of DNA damage by radiation follows a Gamma distribution: insights from the Microdosimetric Gamma Model	2023	Frontiers in Oncology	10	Alejandro Bertolet, Ibrahim Chamseddine, H. Paganetti, J. Schuemann	https://www.frontiersin.org/articles/10.3389/fonc.2023.1196502/pdf	https://www.semanticscholar.org/paper/7375266a20db11b67fe29435b740c523e3ad7e50	True	7	1	0	4	Geant4-DNA DNA damage repair simulation radiation biology	Introduction DNA damage is the main predictor of response to radiation therapy for cancer. Its Q8 quantification and characterization are paramount for treatment optimization, particularly in advanced modalities such as proton and alpha-targeted therapy. Methods We present a novel approach called the Microdosimetric Gamma Model (MGM) to address this important issue. The MGM uses the theory of microdosimetry, specifically the mean energy imparted to small sites, as a predictor of DNA damage properties. MGM provides the number of DNA damage sites and their complexity, which were determined using Monte Carlo simulations with the TOPAS-nBio toolkit for monoenergetic protons and alpha particles. Complexity was used together with a illustrative and simplistic repair model to depict the differences between high and low LET radiations. Results DNA damage complexity distributions were were found to follow a Gamma distribution for all monoenergetic particles studied. The MGM functions allowed to predict number of DNA damage sites and their complexity for particles not simulated with microdosimetric measurements (yF) in the range of those studied. Discussion Compared to current methods, MGM allows for the characterization of DNA damage induced by beams composed of multi-energy components distributed over any time configuration and spatial distribution. The output can be plugged into ad hoc repair models that can predict cell killing, protein recruitment at repair sites, chromosome aberrations, and other biological effects, as opposed to current models solely focusing on cell survival. These features are particularly important in targeted alpha-therapy, for which biological effects remain largely uncertain. The MGM provides a flexible framework to study the energy, time, and spatial aspects of ionizing radiation and offers an excellent tool for studying and optimizing the biological effects of these radiotherapy modalities.
20	25.2	track_structure_monte_carlo	candidate_needs_pdf_verify_and_replication_brief	10.1038/s41598-025-85879-2	Mapping neutron biological effectiveness for DNA damage induction as a function of incident energy and depth in a human sized phantom	2025	Scientific Reports	4	A. Mentana, V. Quaresima, Pavel Kundrát, I. Guardamagna, L. Lonati, O. Iaria	https://doi.org/10.1038/s41598-025-85879-2	https://www.semanticscholar.org/paper/c343e552e1bcb3f1e0c7ef23350e502a4faacfac	True	7	1	0	4	Monte Carlo track structure DNA damage repair radiation biology	We present new developments for an ab-initio model of the neutron relative biological effectiveness (RBE) in inducing specific classes of DNA damage. RBE is evaluated as a function of the incident neutron energy and of the depth inside a human-sized reference spherical phantom. The adopted mechanistic approach traces neutron RBE back to its origin, i.e. neutron physical interactions with biological tissues. To this aim, we combined the simulation of radiation transport through biological matter, performed with the Monte Carlo code PHITS, and the prediction of DNA damage using analytical formulas, which ground on a large database of biophysical radiation track structure simulations performed with the code PARTRAC. In particular, two classes of DNA damage were considered: sites and clusters of double-strand breaks (DSBs), which are known to be correlated with cell fate following radiation exposure. Within a coherent modelling framework, this approach tackles the variation of neutron RBE in a wide energy range, from thermal neutrons to neutrons of hundreds of GeV, and reproduces effects related to depth in the human-sized receptor, as well as to the receptor size itself. Besides providing a better mechanistic understanding of neutron biological effectiveness, the new model can support better-informed decisions for radiation protection: indeed, current neutron weighting (ICRP)/quality (U.S. NRC) factors might be insufficient for use in some radiation protection applications, because they do not account for depth. RBE predictions obtained with the reported model were successfully compared to the currently adopted radiation protection standards when the depth information is not relevant (at the shallowest depth in the phantom or for very high energy neutrons). However, our results demonstrate that great care is needed when applying weighting factors as a function of incident neutron energy only, not explicitly considering RBE variation in the target. Finally, to facilitate the use of our results, we propose look-up RBE tables, explicitly considering the depth variable, and an analytical representation of the maximal RBE vs. neutron energy.
21	24.9	track_structure_monte_carlo	candidate_needs_pdf_verify_and_replication_brief	10.3390/cancers13194940	A Geant4-DNA Evaluation of Radiation-Induced DNA Damage on a Human Fibroblast	2021	Cancers	43	W. Shin, D. Sakata, Nathanael Lampe, O. Belov, N. Tran, I. Petrović	https://www.mdpi.com/2072-6694/13/19/4940/pdf?version=1633752979	https://www.semanticscholar.org/paper/5fe1e8e5ece88650419b0f8adf7ff984bc0f8a9c	True	7	2	0	5	Geant4-DNA DNA damage repair simulation radiation biology	Simple Summary DNA damage caused by ionizing radiation in a human fibroblast cell evaluated by the Geant4-DNA Monte Carlo toolkit is presented. A validation study using a computational geometric human DNA model was then carried out, and the calculated DNA damage as a function of particle type and energy is presented. The results of this work showed a significant improvement on past work and were consistent with recent radiobiological experimental data, such as damage yields. This work and the developed methodology could impact a broad number of research fields in which the understanding of radiation effects is crucial, such as cancer radiotherapy, space science, and medical physics. Abstract Accurately modeling the radiobiological mechanisms responsible for the induction of DNA damage remains a major scientific challenge, particularly for understanding the effects of low doses of ionizing radiation on living beings, such as the induction of carcinogenesis. A computational approach based on the Monte Carlo technique to simulate track structures in a biological medium is currently the most reliable method for calculating the early effects induced by ionizing radiation on DNA, the primary cellular target of such effects. The Geant4-DNA Monte Carlo toolkit can simulate not only the physical, but also the physico-chemical and chemical stages of water radiolysis. These stages can be combined with simplified geometric models of biological targets, such as DNA, to assess direct and indirect early DNA damage. In this study, DNA damage induced in a human fibroblast cell was evaluated using Geant4-DNA as a function of incident particle type (gammas, protons, and alphas) and energy. The resulting double-strand break yields as a function of linear energy transfer closely reproduced recent experimental data. Other quantities, such as fragment length distribution, scavengeable damage fraction, and time evolution of damage within an analytical repair model also supported the plausibility of predicting DNA damage using Geant4-DNA.The complete simulation chain application “molecularDNA”, an example for users of Geant4-DNA, will soon be distributed through Geant4.
22	24.8	track_structure_monte_carlo	candidate_needs_pdf_verify_and_replication_brief	10.3390/cancers14010035	Review of the Geant4-DNA Simulation Toolkit for Radiobiological Applications at the Cellular and DNA Level	2021	Cancers	111	I. Kyriakou, D. Sakata, H. Tran, Y. Perrot, W. Shin, Nathanael Lampe	https://www.mdpi.com/2072-6694/14/1/35/pdf?version=1641286982	https://www.semanticscholar.org/paper/b76500b1f017c7e5d4826f0522326e02810fdaf6	True	8	0	1	6	Geant4-DNA DNA damage repair simulation radiation biology	Simple Summary A brief description of the methodologies to simulate ionizing radiation transport in biologically relevant matter is presented. Emphasis is given to the physical, chemical, and biological models of Geant4-DNA that enable mechanistic radiobiological modeling at the cellular and DNA level, important to improve the efficacy of existing and novel radiotherapeutic modalities for the treatment of cancer. Abstract The Geant4-DNA low energy extension of the Geant4 Monte Carlo (MC) toolkit is a continuously evolving MC simulation code permitting mechanistic studies of cellular radiobiological effects. Geant4-DNA considers the physical, chemical, and biological stages of the action of ionizing radiation (in the form of x- and γ-ray photons, electrons and β±-rays, hadrons, α-particles, and a set of heavier ions) in living cells towards a variety of applications ranging from predicting radiotherapy outcomes to radiation protection both on earth and in space. In this work, we provide a brief, yet concise, overview of the progress that has been achieved so far concerning the different physical, physicochemical, chemical, and biological models implemented into Geant4-DNA, highlighting the latest developments. Specifically, the “dnadamage1” and “molecularDNA” applications which enable, for the first time within an open-source platform, quantitative predictions of early DNA damage in terms of single-strand-breaks (SSBs), double-strand-breaks (DSBs), and more complex clustered lesions for different DNA structures ranging from the nucleotide level to the entire genome. These developments are critically presented and discussed along with key benchmarking results. The Geant4-DNA toolkit, through its different set of models and functionalities, offers unique capabilities for elucidating the problem of radiation quality or the relative biological effectiveness (RBE) of different ionizing radiations which underlines nearly the whole spectrum of radiotherapeutic modalities, from external high-energy hadron beams to internal low-energy gamma and beta emitters that are used in brachytherapy sources and radiopharmaceuticals, respectively.
23	24.8	track_structure_monte_carlo	candidate_needs_pdf_verify_and_replication_brief	10.1088/1361-6560/aad8eb	Geometrical structures for radiation biology research as implemented in the TOPAS-nBio toolkit	2018	Physics in Medicine and Biology	46	A. McNamara, J. Ramos-Mendez, J. Perl, K. Held, Naoki Dominguez, E. Moreno	https://pure.manchester.ac.uk/ws/files/78456007/Geometries.pdf	https://www.semanticscholar.org/paper/e2c6d1eb76041c41e9ccd6cacdb96ef424cb1f91	True	7	0	0	2	Monte Carlo track structure DNA damage repair radiation biology	Computational simulations, such as Monte Carlo track structure simulations, offer a powerful tool for quantitatively investigating radiation interactions within cells. The modelling of the spatial distribution of energy deposition events as well as diffusion of chemical free radical species, within realistic biological geometries, can help provide a comprehensive understanding of the effects of radiation on cells. Track structure simulations, however, generally require advanced computing skills to implement. The TOPAS-nBio toolkit, an extension to TOPAS (TOol for PArticle Simulation), aims to provide users with a comprehensive framework for radiobiology simulations, without the need for advanced computing skills. This includes providing users with an extensive library of advanced, realistic, biological geometries ranging from the micrometer scale (e.g. cells and organelles) down to the nanometer scale (e.g. DNA molecules and proteins). Here we present the geometries available in TOPAS-nBio.
24	24.0	track_structure_monte_carlo	candidate_needs_pdf_verify_and_replication_brief	10.1088/2057-1976/aae02e	Track structure simulation of low energy electron damage to DNA using Geant4-DNA	2018	Biomedical engineering and physics express	15	M. Mokari, M. Alamatsaz, H. Moeini, Ali A. Babaei-Brojeny, R. Taleei	https://arxiv.org/pdf/1805.11159	https://www.semanticscholar.org/paper/ee057d9d8abfc402062edeaeaf8cbb9cb18d466d	True	6	0	0	4	Geant4-DNA DNA damage repair simulation radiation biology	Due to the physical and chemical processes that are involved, interactions of ionizing radiations with cells lead to single- and double-strand breaks (SSB and DSB) and base damage to DNA cells. The damage may kill the cells or may be mis-repaired and lead to genetic diseases and cancers. Track structure Monte Carlo simulation of the DNA damage provides types of the damage and their frequencies. In the present work, to derive initial DNA damage, we used the Geant4-DNA code to simulate the physical, physico-chemical and chemical stages of interactions of incident beams of 100 eV–4.5 keV electrons. By considering the direct damage of electrons and also the indirect hydroxyl radical damage to the DNA, in a simulation, simple and complex damages to SSB and DSB were investigated. Moreover, the yield of damage and the probability of types of DNA damage were evaluated. The results of these calculations were compared with the existing experimental data and the other simulations. For electrons with energies lower than 500 eV, there were differences between our results and published data which are basically due to the existing differences in the physical (electron ionization, excitation cross sections) and chemical models of Geant4-DNA, the chemical processes considered in the simulations, DNA geometry, and the selected parameters for damage threshold as compared to the other codes. In the present work, the effect of the threshold energy of the strand breaks was also evaluated.
25	23.7	track_structure_monte_carlo	candidate_needs_pdf_verify_and_replication_brief	10.3390/jpm11040286	The Effects of Dimethylsulfoxide and Oxygen on DNA Damage Induction and Repair Outcomes for Cells Irradiated by 62 MeV Proton and 3.31 MeV Helium Ions	2021	Journal of Personalized Medicine	6	Chun-Chieh Chan, Y. Hsiao	https://www.mdpi.com/2075-4426/11/4/286/pdf?version=1617941568	https://www.semanticscholar.org/paper/25346a21c5bd47252ed1f48866317b1676aca81a	True	6	1	0	5	relative biological effectiveness mechanistic model DNA damage repair	Reactive oxygen species (ROS) play an essential role in radiation-induced indirect actions. In terms of DNA damage, double strand breaks (DSBs) have the greatest effects on the repair of DNA damage, cell survival and transformation. This study evaluated the biological effects of the presence of ROS and oxygen on DSB induction and mutation frequency. The relative biological effectiveness (RBE) and oxygen enhancement ratio (OER) of 62 MeV therapeutic proton beams and 3.31 MeV helium ions were calculated using Monte Carlo damage simulation (MCDS) software. Monte Carlo excision repair (MCER) simulations were used to calculate the repair outcomes (mutation frequency). The RBE values of proton beams decreased to 0.75 in the presence of 0.4 M dimethylsulfoxide (DMSO) and then increases to 0.9 in the presence of 2 M DMSO while the RBE values of 3.31 MeV helium ions increased from 2.9 to 5.7 (0–2 M). The mutation frequency of proton beams also decreased from 0.008–0.065 to 0.004–0.034 per cell per Gy by the addition of 2 M DMSO, indicating that ROS affects both DSB induction and repair outcomes. These results show that the combined use of DMSO in normal tissues and an increased dose in tumor regions increases treatment efficiency.
26	23.5	track_structure_monte_carlo	candidate_needs_pdf_verify_and_replication_brief	10.1186/s12645-021-00099-3	Multi-scale Monte Carlo simulations of gold nanoparticle-induced DNA damages for kilovoltage X-ray irradiation in a xenograft mouse model using TOPAS-nBio	2021	Cancer nanotechnology	20	A. Klapproth, J. Schuemann, S. Stangl, Tianwu Xie, Wei Bo Li, G. Multhoff	https://cancer-nano.biomedcentral.com/track/pdf/10.1186/s12645-021-00099-3	https://www.semanticscholar.org/paper/9e0b9e2a0a2a17c3b75fc9435a4b95a4a015c64c	True	7	2	0	3	TOPAS-nBio DNA damage cell survival radiation model	Background Gold nanoparticles (AuNPs) are considered as promising agents to increase the radiosensitivity of tumor cells. However, the biological mechanisms of radiation enhancement effects of AuNPs are still not well understood. We present a multi-scale Monte Carlo simulation framework within TOPAS-nBio to investigate the increase of DNA damage due to the presence of AuNPs in mouse tumor models. Methods A tumor was placed inside a voxel mouse model and irradiated with either 100-kVp or 200-kVp X-ray beams. Phase spaces were employed to transfer particles from the macroscopic (voxel) scale to the microscopic scale, which consists of a cell geometry including a detailed mouse DNA model. Radiosensitizing effects were calculated in the presence and absence of hybrid nanoparticles with a $$\text{Fe}_2\text{O}_3$$ Fe 2 O 3 core surrounded by a gold layer (AuFeNPs). To simulate DNA damage even for very small energy tracks, Geant4-DNA physics and chemistry models were used on microscopic scale. Results An AuFeNP-induced enhancement of both dose and DNA strand breaks has been established for different scenarios. Produced chemical radicals including hydroxyl molecules, which were assumed to be responsible for DNA damage through chemical reactions, were found to be significantly increased. We further observed a dependency of the results on the location of the cells within the tumor for 200-kVp X-ray beams. Conclusion Our multi-scale approach allows to study irradiation-induced physical and chemical effects on cells. We showed a potential increase in cell radiosensitization caused by relatively small concentrations of AuFeNPs. Our new methodology allows the individual adjustment of parameters in each simulation step and therefore can be used for other studies investigating the radiosensitizing effects of AuFeNPs or AuNPs in living cells.
27	23.3	track_structure_monte_carlo	candidate_needs_pdf_verify_and_replication_brief	10.3390/ijms222111713	Monte Carlo Simulation of Double-Strand Break Induction and Conversion after Ultrasoft X-rays Irradiation	2021	International Journal of Molecular Sciences	8	Y. Hsiao, Fan-Hsin Chen, Chun-Chieh Chan, Ching-Chih Tsai	https://www.mdpi.com/1422-0067/22/21/11713/pdf?version=1635776728	https://www.semanticscholar.org/paper/a2b9e517250388d0ae92a784edad3e10a3a40921	True	6	0	0	3	MCDS Monte Carlo damage simulation radiation DNA repair	This paper estimates the yields of DNA double-strand breaks (DSBs) induced by ultrasoft X-rays and uses the DSB yields and the repair outcomes to evaluate the relative biological effectiveness (RBE) of ultrasoft X-rays. We simulated the yields of DSB induction and predicted them in the presence and absence of oxygen, using a Monte Carlo damage simulation (MCDS) software, to calculate the RBE. Monte Carlo excision repair (MCER) simulations were also performed to calculate the repair outcomes (correct repairs, mutations, and DSB conversions). Compared to 60Co γ-rays, the RBE values for ultrasoft X-rays (titanium K-shell, aluminum K-shell, copper L-shell, and carbon K-shell) for DSB induction were respectively 1.3, 1.9, 2.3, and 2.6 under aerobic conditions and 1.3, 2.1, 2.5, and 2.9 under a hypoxic condition (2% O2). The RBE values for enzymatic DSBs were 1.6, 2.1, 2.3, and 2.4, respectively, indicating that the enzymatic DSB yields are comparable to the yields of DSB induction. The synergistic effects of DSB induction and enzymatic DSB formation further facilitate cell killing and the advantage in cancer treatment.
28	23.3	track_structure_monte_carlo	candidate_needs_pdf_verify_and_replication_brief	10.18502/fbt.v8i2.6511	Investigation of Auger Electron Emitting Radionuclides Effects in Therapy Using the Geant4-DNA Toolkit: A Simulation Study	2021	Frontiers in biomedical technologies	2	Parvin Ahmadi, Mojtaba Shamsaei Zafar Ghandi, A. Shokri	https://doi.org/10.18502/fbt.v8i2.6511	https://www.semanticscholar.org/paper/cf02d12c7f6579dcc6cdbd9496868d60f87c9109	True	6	0	0	3	Geant4-DNA DNA damage repair simulation radiation biology	Purpose: The biological effects of ionizing radiation at the cellular and subcellular scales are studied by the number of breaks in the DNA molecule that provides a quantitative description of the stochastic aspects of energy deposition at cellular scales. The Geant4 code represents a suitable theoretical toolkit in microdosimetry and nanodosimetry. In this study, radiation effects due to Auger electrons emitting radionuclides such as 195mPt 113mIn, 125I and 201Tl are investigated using the Geant4-DNA.  Materials and Methods: The Geant4-DNA is the first Open-access software for the simulation of ionizing radiation and biological damage at the DNA scale. Low-energy electrons, especially Auger electron from Auger electron emitting radionuclides during the slowing-down process, deposit their energy within a nanometer volume.  Results: The average number of Single-Strand Breaks (SSB) and Double-Strand Breaks (DSB) of DNA as a function of energy and distance from the center of the DNA axis are shown.  Conclusion: The highest DSBs yield has occurred at energies less than 1 keV, and  induces a higher DSBs yield.
29	23.1	track_structure_monte_carlo	candidate_needs_pdf_verify_and_replication_brief	10.1002/mp.13207	A comparison of mechanism‐inspired models for particle relative biological effectiveness (RBE)	2018	Medical Physics (Lancaster)	97	R. Stewart, D. Carlson, M. Butkus, R. Hawkins, T. Friedrich, M. Scholz	https://aapm.onlinelibrary.wiley.com/doi/pdfdirect/10.1002/mp.13207	https://www.semanticscholar.org/paper/b2e901fd6c33dd0315a84ef737df67e6a9f26e40	True	8	1	1	5	relative biological effectiveness mechanistic model DNA damage repair	BACKGROUND AND SIGNIFICANCE The application of heavy ion beams in cancer therapy must account for the increasing relative biological effectiveness (RBE) with increasing penetration depth when determining dose prescriptions and organ at risk (OAR) constraints in treatment planning. Because RBE depends in a complex manner on factors such as the ion type, energy, cell and tissue radiosensitivity, physical dose, biological endpoint, and position within and outside treatment fields, biophysical models reflecting these dependencies are required for the personalization and optimization of treatment plans.   AIM To review and compare three mechanism-inspired models which predict the complexities of particle RBE for various ion types, energies, linear energy transfer (LET) values and tissue radiation sensitivities.   METHODS The review of models and mechanisms focuses on the Local Effect Model (LEM), the Microdosimetric-Kinetic (MK) model, and the Repair-Misrepair-Fixation (RMF) model in combination with the Monte Carlo Damage Simulation (MCDS). These models relate the induction of potentially lethal double strand breaks (DSBs) to the subsequent interactions and biological processing of DSB into more lethal forms of damage. A key element to explain the increased biological effectiveness of high LET ions compared to MV x rays is the characterization of the number and local complexity (clustering) of the initial DSB produced within a cell. For high LET ions, the spatial density of DSB induction along an ion's trajectory is much greater than along the path of a low LET electron, such as the secondary electrons produced by the megavoltage (MV) x rays used in conventional radiation therapy. The main aspects of the three models are introduced and the conceptual similarities and differences are critiqued and highlighted. Model predictions are compared in terms of the RBE for DSB induction and for reproductive cell survival.   RESULTS AND CONCLUSIONS Comparisons of the RBE for DSB induction and for cell survival are presented for proton (1 H), helium (4 He), and carbon (12 C) ions for the therapeutically most relevant range of ion beam energies. The reviewed models embody mechanisms of action acting over the spatial scales underlying the biological processing of potentially lethal DSB into more lethal forms of damage. Differences among the number and types of input parameters, relevant biological targets, and the computational approaches among the LEM, MK and RMF models are summarized and critiqued. Potential experiments to test some of the seemingly contradictory aspects of the models are discussed.
30	23.1	track_structure_monte_carlo	candidate_needs_pdf_verify_and_replication_brief	10.1007/s00411-025-01110-w	Analytic and Monte Carlo calculations of dose-mean lineal energy for 1 MeV–1 GeV protons with application to radiation protection quality factor	2025	Radiation and Environmental Biophysics	3	Alexis Papadopoulos, I. Kyriakou, Yusuke Matsuya, M. Cortés-Giraldo, Miguel Galocha-Oliva, I. Plante	https://doi.org/10.1007/s00411-025-01110-w	https://www.semanticscholar.org/paper/da7b61d2e98cd5551d5977a7a9697c004eb63ee2	True	7	1	0	1	Monte Carlo track structure DNA damage repair radiation biology	Radiation quality for determining biological effects is commonly linked to the microdosimetric quantity lineal energy (y\documentclass[12pt]{minimal} \usepackage{amsmath} \usepackage{wasysym} \usepackage{amsfonts} \usepackage{amssymb} \usepackage{amsbsy} \usepackage{mathrsfs} \usepackage{upgreek} \setlength{\oddsidemargin}{-69pt} \begin{document}$$y$$\end{document}) and to the dose-mean lineal energy (yD\documentclass[12pt]{minimal} \usepackage{amsmath} \usepackage{wasysym} \usepackage{amsfonts} \usepackage{amssymb} \usepackage{amsbsy} \usepackage{mathrsfs} \usepackage{upgreek} \setlength{\oddsidemargin}{-69pt} \begin{document}$${y}_{\text{D}}$$\end{document}). Calculations of yD\documentclass[12pt]{minimal} \usepackage{amsmath} \usepackage{wasysym} \usepackage{amsfonts} \usepackage{amssymb} \usepackage{amsbsy} \usepackage{mathrsfs} \usepackage{upgreek} \setlength{\oddsidemargin}{-69pt} \begin{document}$${y}_{\text{D}}$$\end{document} are typically performed by specialised Monte Carlo track-structure (MCTS) codes, which can be time-intensive. Thus, microdosimetry-based analytic models are potentially useful for practical calculations. Analytic model calculations of proton yD\documentclass[12pt]{minimal} \usepackage{amsmath} \usepackage{wasysym} \usepackage{amsfonts} \usepackage{amssymb} \usepackage{amsbsy} \usepackage{mathrsfs} \usepackage{upgreek} \setlength{\oddsidemargin}{-69pt} \begin{document}$${y}_{\text{D}}$$\end{document} and radiation protection quality factor (Q\documentclass[12pt]{minimal} \usepackage{amsmath} \usepackage{wasysym} \usepackage{amsfonts} \usepackage{amssymb} \usepackage{amsbsy} \usepackage{mathrsfs} \usepackage{upgreek} \setlength{\oddsidemargin}{-69pt} \begin{document}$$Q$$\end{document}) values in sub-micron liquid water spheres (diameter 10–1000 nm) over a broad energy range (1 MeV–1 GeV) are compared against MCTS simulations by PHITS, RITRACKS, and Geant4-DNA. Additionally, an improved analytic microdosimetry model is proposed. The original analytic model of Xapsos is refined and model parameters are updated based on Geant4-DNA physics model. Direct proton energy deposition is described by an alternative energy-loss straggling distribution and the contribution of secondary electrons is calculated using the dielectric formulation of the relativistic Born approximation. MCTS simulations of proton yD\documentclass[12pt]{minimal} \usepackage{amsmath} \usepackage{wasysym} \usepackage{amsfonts} \usepackage{amssymb} \usepackage{amsbsy} \usepackage{mathrsfs} \usepackage{upgreek} \setlength{\oddsidemargin}{-69pt} \begin{document}$${y}_{\text{D}}$$\end{document} values using the latest versions of the PHITS, RITRACKS, and Geant4-DNA are reported along with the Monte Carlo Damage Simulation (MCDS) algorithm. The yD\documentclass[12pt]{minimal} \usepackage{amsmath} \usepackage{wasysym} \usepackage{amsfonts} \usepackage{amssymb} \usepackage{amsbsy} \usepackage{mathrsfs} \usepackage{upgreek} \setlength{\oddsidemargin}{-69pt} \begin{document}$${y}_{\text{D}}$$\end{document} datasets are then used within the Theory of Dual Radiation Action (TDRA) to illustrate variations in Q\documentclass[12pt]{minimal} \usepackage{amsmath} \usepackage{wasysym} \usepackage{amsfonts} \usepackage{amssymb} \usepackage{amsbsy} \usepackage{mathrsfs} \usepackage{upgreek} \setlength{\oddsidemargin}{-69pt} \begin{document}$$Q$$\end{document} with proton energy. By a careful selection of parameters, overall differences at the ~ 10% level between the proposed analytic model and the MCTS codes can be attained, significantly improving upon existing models. MCDS estimates of yD\documentclass[12pt]{minimal} \usepackage{amsmath} \usepackage{wasysym} \usepackage{amsfonts} \usepackage{amssymb} \usepackage{amsbsy} \usepackage{mathrsfs} \usepackage{upgreek} \setlength{\oddsidemargin}{-69pt} \begin{document}$${y}_{\text{D}}$$\end{document} are generally much lower than estimates from MCTS simulations. The differences of Q\documentclass[12pt]{minimal} \usepackage{amsmath} \usepackage{wasysym} \usepackage{amsfonts} \usepackage{amssymb} \usepackage{amsbsy} \usepackage{mathrsfs} \usepackage{upgreek} \setlength{\oddsidemargin}{-69pt} \begin{document}$$Q$$\end{document} among the examined methods are somewhat smaller than those of yD\documentclass[12pt]{minimal} \usepackage{amsmath} \usepackage{wasysym} \usepackage{amsfonts} \usepackage{amssymb} \usepackage{amsbsy} \usepackage{mathrsfs} \usepackage{upgreek} \setlength{\oddsidemargin}{-69pt} \begin{document}$${y}_{\text{D}}$$\end{document}. Still, estimates of proton Q\documentclass[12pt]{minimal} \usepackage{amsmath} \usepackage{wasysym} \usepackage{amsfonts} \usepackage{amssymb} \usepackage{amsbsy} \usepackage{mathrsfs} \usepackage{upgreek} \setlength{\oddsidemargin}{-69pt} \begin{document}$$Q$$\end{document} values by the present model are in better agreement with MCTS-based estimates than the existing analytic models. An improved microdosimetry-based analytic model is presented for calculating proton yD\documentclass[12pt]{minimal} \usepackage{amsmath} \usepackage{wasysym} \usepackage{amsfonts} \usepackage{amssymb} \usepackage{amsbsy} \usepackage{mathrsfs} \usepackage{upgreek} \setlength{\oddsidemargin}{-69pt} \begin{document}$${y}_{\text{D}}$$\end{document} values over a broad range of proton energies (1 MeV–1 GeV) and target sizes (10–1000 nm) in very good agreement with state-of-the-art MCTS simulations. It is envisioned that the proposed model might be used as an alternative to CPU-intensive MCTS simulations and advance practical microdosimetry and quality factor calculations in medical, accelerator, and space radiation applications.
31	23.0	track_structure_monte_carlo	candidate_needs_pdf_verify_and_replication_brief	10.1088/1361-6560/ab7a6b	A parameter sensitivity study for simulating DNA damage after proton irradiation using TOPAS-nBio	2020	Physics in Medicine and Biology	41	Hongyu Zhu, A. McNamara, J. Ramos-Mendez, S. McMahon, N. Henthorn, B. Faddegon	https://pureadmin.qub.ac.uk/ws/files/231108142/Zhu_A_parameter_sensitivity_study_for_simulating_DNA_damage_after_proton_irradiation_using_TOPAS_nBio.pdf	https://www.semanticscholar.org/paper/b902c2fec9fe2efdb8565fb89d729091bc0151ec	True	6	1	0	4	TOPAS-nBio DNA damage cell survival radiation model	Monte Carlo (MC) track structure simulation tools are commonly used for predicting radiation induced DNA damage by modeling the physical and chemical reactions at the nanometer scale. However, the outcome of these MC simulations is particularly sensitive to the adopted parameters which vary significantly across studies. In this study, a previously developed full model of nuclear DNA was used to describe the DNA geometry. The TOPAS-nBio MC toolkit was used to investigate the impact of physics and chemistry models as well as three key parameters (the energy threshold for direct damage, the chemical stage time length, and the probability of damage between hydroxyl radical reactions with DNA) on the induction of DNA damage. Our results show that the difference in physics and chemistry models alone can cause differences up to 34% and 16% in the DNA double strand break (DSB) yield, respectively. Additionally, changing the direct damage threshold, chemical stage length, and hydroxyl damage probability can cause differences of up to 28%, 51%, and 71% in predicted DSB yields, respectively, for the configurations in this study.
32	23.0	track_structure_monte_carlo	candidate_needs_pdf_verify_and_replication_brief	10.1002/mp.14037	A new open-source GPU-based microscopic Monte Carlo simulation tool for the calculations of DNA damages caused by ionizing radiation --- Part I: Core algorithm and validation.	2020	Medical Physics (Lancaster)	32	Min-yu Tsai, Z. Tian, N. Qin, Congchong Yan, Y. Lai, Shih-Hao Hung	https://onlinelibrary.wiley.com/doi/pdfdirect/10.1002/mp.14037	https://www.semanticscholar.org/paper/37f9fe4cc854ad9c31ed61f913b8d28c4ba180af	True	6	1	0	4	low dose ionizing radiation computational model DNA repair	PURPOSE Monte Carlo (MC) simulation of radiation interactions with water medium at physical, physicochemical, and chemical stages, as well as the computation of biologically relevant quantities such as DNA damages, are of critical importance for the understanding of microscopic basis of radiation effects. Due to the large problem size and many-body simulation problem in the chemical stage, existing CPU-based computational packages encounter the problem of low computational efficiency. This paper reports our development on a GPU-based microscopic Monte Carlo simulation tool gMicroMC using advanced GPU-acceleration techniques.   METHODS gMicroMC simulated electron transport in the physical stage using an interaction-by-interaction scheme to calculate the initial events generating radicals in water. After the physicochemical stage, initial positions of all radicals were determined. Simulation of radicals' diffusion and reactions in the chemical stage was achieved using a step-by-step model using GPU-accelerated parallelization together with a GPU-enabled box-sorting algorithm to reduce the computations of searching for interaction pairs and therefore improve efficiency. A multi-scale DNA model of the whole lymphocyte cell nucleus containing ~6.2 Gbp DNA was built.   RESULTS Accuracy of physics stage simulation was demonstrated by computing stopping power and track length. The results agreed with published data and the data produced by GEANT4-DNA (version 10.3.3) simulations with 10~20% difference in most cases. Difference of yield values of major radiolytic species from GEANT4-DNA results was within 10%. We computed DNA damages caused by monoenergetic 662 keV photons, approximately representing 137 Cs decay. Single-strand break (SSB) and double-strand break (DSB) yields were 196 ± 8 SSB/Gy/Gbp and 7.3 ± 0.7 DSB/Gy/Gbp, respectively, which agreed with the result of 188 SSB/Gy/Gbp and 8.4 DSB/Gy/Gbp computed by Hsiao et al. Comparing to computation using a single CPU, gMicroMC achieved a speedup factor of ~540x using a NVidia TITAN Xp GPU card.   CONCLUSION The achieved accuracy and efficiency made gMicroMC can facilitate research on microscopic radiation transport simulation and DNA damage calculation. gMicroMC is an open-source package available to the research community.
33	23.0	track_structure_monte_carlo	candidate_needs_pdf_verify_and_replication_brief	10.1088/1361-6560/abd4f9	Development of a coupled simulation toolkit for computational radiation biology based on Geant4 and CompuCell3D	2020	bioRxiv	16	Ruirui Liu, K. Higley, M. Swat, Mark A. J. Chaplain, G. Powathil, J. Glazier	https://cronfa.swan.ac.uk/Record/cronfa55919/Download/55919__19122__30b1c93d5fce419b84d68f3e400c6d55.pdf	https://www.semanticscholar.org/paper/f778decc4877ef638e542dde884ff2b5d0a77947	True	6	1	0	4	Geant4-DNA DNA damage repair simulation radiation biology	Understanding and designing clinical radiation therapy is one of the most important areas of state-of-the-art oncological treatment regimens. Decades of research have gone into developing sophisticated treatment devices and optimization protocols for schedules and dosages. In this paper, we presented a comprehensive computational platform that facilitates building of the sophisticated multi-cell-based model of how radiation affects the biology of living tissue. We designed and implemented a coupled simulation method, including a radiation transport model, and a cell biology model, to simulate the tumor response after irradiation. The radiation transport simulation was implemented through Geant4 which is an open-source Monte Carlo simulation platform that provides many flexibilities for users, as well as low energy DNA damage simulation physics, Geant4-DNA. The cell biology simulation was implemented using CompuCell3D (CC3D) which is a cell biology simulation platform. In order to couple Geant4 solver with CC3D, we developed a ‘bridging’ module, RADCELL, that extracts tumor cellular geometry of the CC3D simulation (including specification of the individual cells) and ported it to the Geant4 for radiation transport simulation. The cell dose and cell DNA damage distribution in multicellular system were obtained using Geant4. The tumor response was simulated using cell-based tissue models based on CC3D, and the cell dose and cell DNA damage information were fed back through RADCELL to CC3D for updating the cell properties. By merging two powerful and widely used modeling platforms, CC3D and Geant4, we delivered a novel tool that can give us the ability to simulate the dynamics of biological tissue in the presence of ionizing radiation, which provides a framework for quantifying the biological consequences of radiation therapy. In this introductory methods paper, we described our modeling platform in detail and showed how it can be applied to study the application of radiotherapy to a vascularized tumor.
34	23.0	track_structure_monte_carlo	candidate_needs_pdf_verify_and_replication_brief	10.3390/radiation1010005	Using Machine Learning Techniques for Asserting Cellular Damage Induced by High-LET Particle Radiation	2021	Radiation	9	D. Papakonstantinou, V. Zanni, Z. Nikitaki, Christina Vasileiou, K. Kousouris, A. Georgakilas	https://www.mdpi.com/2673-592X/1/1/5/pdf?version=1614836438	https://www.semanticscholar.org/paper/b53c318896ebe6abbed20a7914c09087444a042a	True	6	1	0	4	radiation-induced DNA damage mechanistic model cell survival	This is a study concerning the use of Machine Learning (ML) techniques to ascertain the impacts of particle ionizing radiation (IR) on cell survival and DNA damage. Current empirical models do not always take into account intrinsic complexities and stochastic effects of the interactions of IR and cell populations. Furthermore, these models often lack in biophysical interpretations of the irradiation outcomes. The linear quadratic (LQ) model is a common way to associate the biological response of a cell population with the radiation dose. The parameters of the LQ model are used to extrapolate the relation between the dosage and the survival fraction of a cell population. The goal was to create a ML-based model that predicts the α and β parameters of the well known and established LQ model, along with the key metrics of DNA damage induction. The main target of this effort was, on the one hand, the development of a computational framework that will be able to assess key radiobiophysical quantities, and on the other hand, to provide meaningful interpretations of the outputs. Based on our results, as some metrics of the adaptability and training efficiency, our ML models exhibited 0.18 median error (relative root mean squared error (RRMSE)) in the prediction of the α parameter and errors of less than 0.01 for various DNA damage quantities; the prediction for β exhibited a rather large error of 0.75. Our study is based on experimental data from a publicly available dataset of irradiation studies. All types of complex DNA damage (all clusters), and the number of double-stranded breaks (DSBs), which are widely accepted to be closely related to cell survival and the detrimental biological effects of IR, were calculated using the fast Monte Carlo Damage Simulation software (MCDS). We critically discussed the varying importance of physical parameters such as charge and linear energy transfer (LET); we also discussed the uncertainties of our predictions and future directions, and the dynamics of our approach.
35	22.6	track_structure_monte_carlo	candidate_needs_pdf_verify_and_replication_brief	10.1088/1361-6560/ac33eb	Geant4-DNA modeling of nanodosimetric quantities in the Jet Counter for alpha particles	2021	Physics in Medicine and Biology	8	M. Pietrzak, M. Mietelska, Aleksandr Bancer, A. Ruciński, B. Brzozowska	https://iopscience.iop.org/article/10.1088/1361-6560/ac33eb/pdf	https://www.semanticscholar.org/paper/6138e2093db9d2f4ece2669fb4ccee58043ec859	True	6	0	0	2	Geant4-DNA DNA damage repair simulation radiation biology	The purpose of this work was to validate the calculation accuracy of nanodosimetric quantities in Geant4-DNA track structure simulation code. We implemented the Jet Counter (JC) nanodosimeter geometry in the simulation platform and quantified the impact of the Geant4-DNA physics models and JC detector performance on the ionization cluster size distributions (ICSD). ICSD parameters characterize the quality of radiation field and are supposed to be correlated to the complexity of the initial DNA damage in nanoscale and eventually the response of biological systems to radiation. We compared Monte Carlo simulations of ICSD in JC geometry performed using Geant4-DNA and PTra codes with experimental data collected for alpha particles at 3.8 MeV. We investigated the impact of simulation and experimental settings, i.e., three Geant4-DNA physics models, three sizes of a nanometer sensitive volume, gas to water density scaling procedure, JC ion extraction efficiency and the presence of passive components of the detector on the ICSD and their parameters. We found that ICSD in JC geometry obtained from Geant4-DNA simulations in water correspond well to ICSD measurements in nitrogen gas for all investigated settings, while the best agreement is for Geant4-DNA physics option 4. This work also discusses the accuracy and robustness of ICSD parameters in the context of the application of track structure simulation methods for treatment planning in particle therapy.
36	22.5	track_structure_monte_carlo	candidate_needs_pdf_verify_and_replication_brief	10.46793/iccbi23.144d	Simulation of DNA damage using the “molecularDNA” example application of Geant4-DNA	2023	Book of Proceedings	0	Milos Dordevic, K. Chatzipapas, Ngoc Hoang Tran, D. Sakata, I. Petrović, A. Ristic-Fira	http://vinar.vin.bg.ac.rs/bitstream/id/34796/bitstream_34796.pdf	https://www.semanticscholar.org/paper/619366f95c38d4ec310f0ec4f52f8b5844446a8a	True	5	0	0	5	Geant4-DNA DNA damage repair simulation radiation biology	The scientific community has a large interest in the studies of DNA damage and response after exposure to ionizing radiation. Several in-silico methods have been proposed so far to model and study the mechanisms of DNA damage using Monte Carlo simulations. The “molecularDNA” example is one of the most recent applications to simulate the irradiation of human cancer cells and bacteria using Geant4-DNA. This example enables the simulation of the physical, physico-chemical and chemical stages of liquid water irradiation, including radiolytic processes following the particle irradiation of the pre-defined human cell geometries and it can be used to calculate the early direct and non-direct DNA damage such as single (SSB) and double strand breaks (DSB) as well as DNA fragment distribution. The application is user friendly and can be used following simple macro commands. The results of the Monte Carlo simulation are compared to experimental data of DSB yields, as well as with previously published simulation data.
37	22.3	track_structure_monte_carlo	candidate_needs_pdf_verify_and_replication_brief	10.3390/ijms23073770	Nanodosimetric Calculations of Radiation-Induced DNA Damage in a New Nucleus Geometrical Model Based on the Isochore Theory	2022	International Journal of Molecular Sciences	14	Y. Thibaut, Nicolas Tang, H. Tran, A. Vaurijoux, C. Villagrasa, S. Incerti	https://www.mdpi.com/1422-0067/23/7/3770/pdf?version=1648635464	https://www.semanticscholar.org/paper/59f957666cf0fe87cfecc23bd4e5a86590ae6c03	True	6	1	0	3	Geant4-DNA DNA damage repair simulation radiation biology	Double-strand breaks (DSBs) in nuclear DNA represents radiation-induced damage that has been identified as particularly deleterious. Calculating this damage using Monte Carlo track structure modeling could be a suitable indicator to better assess and anticipate the side-effects of radiation therapy. However, as already demonstrated in previous work, the geometrical description of the nucleus and the DNA content used in the simulation significantly influence damage calculations. Therefore, in order to obtain accurate results, this geometry must be as realistic as possible. In this study, a new geometrical model of an endothelial cell nucleus and DNA distribution according to the isochore theory are presented and used in a Monte Carlo simulation chain based on the Geant4-DNA toolkit. In this theory, heterochromatin and euchromatin compaction are distributed along the genome according to five different families (L1, L2, H1, H2, and H3). Each of these families is associated with a different hetero/euchromatin rate related to its compaction level. In order to compare the results with those obtained using a previous nuclear geometry, simulations were performed for protons with linear energy transfers (LETs) of 4.29 keV/µm, 19.51 keV/µm, and 43.25 keV/µm. The organization of the chromatin fibers at different compaction levels linked to isochore families increased the DSB yield by 6–10%, and it allowed the most affected part of the genome to be identified. These new results indicate that the genome core is more radiosensitive than the genome desert, with a 3–8% increase in damage depending on the LET. This work highlights the importance of using realistic distributions of chromatin compaction levels to calculate radio-induced damage using Monte Carlo simulation methods.
38	22.3	track_structure_monte_carlo	candidate_needs_pdf_verify_and_replication_brief	10.1088/1361-6560/acc237	A study of indirect action’s impact on simulated neutron-induced DNA damage	2023	Physics in Medicine and Biology	2	J. Manalad, L. Montgomery, J. Kildea	https://iopscience.iop.org/article/10.1088/1361-6560/acc237/pdf	https://www.semanticscholar.org/paper/d8dd04319fa8343ecbe9c27ecf06cd27aa81f185	True	6	1	0	3	Geant4-DNA DNA damage repair simulation radiation biology	Objective. The risk of radiobiological stochastic effects associated with neutrons is strongly energy dependent. Recent Monte Carlo studies simulating neutron-irradiated nuclear DNA have demonstrated that this energy dependence is correlated with the relative biological effectiveness (RBE) of neutrons to inflict DNA damage clusters that contain difficult-to-repair double-strand breaks. However, these previous investigations were either limited to modeling direct radiation action or considered the effects of both direct and indirect action together without distinguishing between the two. In this study, we aimed to quantify the influence of indirect action in neutron irradiation scenarios and acquire novel estimations of the energy-dependent neutron RBE for inducing DNA damage clusters due to both direct and indirect action. Approach. We explored the role of indirect action in neutron-induced DNA damage by integrating a validated indirect action model into our existing simulation pipeline. Using this pipeline, we performed track-structure simulations of monoenergetic neutron irradiations (1 eV to 10 MeV) in a nuclear DNA model and analyzed the resulting simple and clustered DNA lesions. We repeated the irradiation simulations for 250 keV x-rays that acted as our reference radiation. Main results. Including indirect action significantly increased the occurrence of DNA lesions. We found that indirect action tends to amplify the damage due to direct action by inducing DNA lesions in the vicinity of directly-induced lesions, resulting in additional and larger damage clusters. Our neutron RBE results are qualitatively similar to but lower in magnitude than the established radiation protection factors and the results of previous similar investigations, due to the greater relative impact of indirect action in photon-induced damage than in neutron-induced damage. Significance. Although our model for neutron-induced DNA damage has some important limitations, our findings suggest that the energy-dependent risk of neutron-induced stochastic effects may not be completely modeled alone by the relative potential of neutrons to inflict clustered lesions via direct and indirect action in DNA damage.
39	22.0	track_structure_monte_carlo	candidate_needs_pdf_verify_and_replication_brief	10.2967/jnumed.121.262610	Modeling Early Radiation DNA Damage Occurring During 177Lu-DOTATATE Radionuclide Therapy	2021	Journal of Nuclear Medicine	19	G. Tamborino, Y. Perrot, M. De Saint-Hubert, L. Struelens, J. Nonnekens, M. de Jong	https://jnm.snmjournals.org/content/jnumed/early/2021/09/09/jnumed.121.262610.full.pdf	https://www.semanticscholar.org/paper/916ea461028a83f6b48d460c1f4066d8c751297b	True	6	2	0	4	Geant4-DNA DNA damage repair simulation radiation biology	Visual Abstract The aim of this study was to build a simulation framework to evaluate the number of DNA double-strand breaks (DSBs) induced by in vitro targeted radionuclide therapy (TRT). This work represents the first step toward exploring underlying biologic mechanisms and the influence of physical and chemical parameters to enable a better response prediction in patients. We used this tool to characterize early DSB induction by 177Lu-DOTATATE, a commonly used TRT for neuroendocrine tumors. Methods: A multiscale approach was implemented to simulate the number of DSBs produced over 4 h by the cumulated decays of 177Lu distributed according to the somatostatin receptor binding. The approach involves 2 sequential simulations performed with Geant4/Geant4-DNA. The radioactive source is sampled according to uptake experiments on the distribution of activities within the medium and the planar cellular cluster, assuming instant and permanent internalization. A phase space is scored around the nucleus of the central cell. Then, the phase space is used to generate particles entering the nucleus containing a multiscale description of the DNA in order to score the number of DSBs per particle source. The final DSB computations are compared with experimental data, measured by immunofluorescent detection of p53-binding protein 1 foci. Results: The probability of electrons reaching the nucleus was significantly influenced by the shape of the cell compartment, causing a large variance in the induction pattern of DSBs. A significant difference was found in the DSBs induced by activity distributions in cell and medium, as is explained by the specific energy (z¯) distributions. The average number of simulated DSBs was 14 DSBs per cell (range, 7–24 DSBs per cell), compared with 13 DSBs per cell (range, 2–30 DSBs per cell) experimentally determined. We found a linear correlation between the mean absorbed dose to the nucleus and the number of DSBs per cell: 0.014 DSBs per cell mGy−1 for internalization in the Golgi apparatus and 0.017 DSBs per cell mGy−1 for internalization in the cytoplasm. Conclusion: This simulation tool can lead to a more reliable absorbed-dose–to–DNA correlation and help in prediction of biologic response.
40	21.9	track_structure_monte_carlo	candidate_needs_pdf_verify_and_replication_brief	10.1038/s41598-022-15521-y	New damage model for simulating radiation-induced direct damage to biomolecular systems and experimental validation using pBR322 plasmid	2022	Scientific Reports	3	Jinhyung Park, Kwang-Woo Jung, M. Kim, Hui-Jeong Gwon, Jong-Hyun Jung	https://www.nature.com/articles/s41598-022-15521-y.pdf	https://www.semanticscholar.org/paper/2870c3fcb9fe7da08b87b8f01310742f526b2d49	True	6	0	0	1	Monte Carlo track structure DNA damage repair radiation biology	In this work, we proposed a new damage model for estimating radiation-induced direct damage to biomolecular systems and validated its the effectiveness for pBR322 plasmids. The proposed model estimates radiation-induced damage to biomolecular systems by: (1) simulation geometry modeling using the coarse-grained (CG) technique to replace the minimum repeating units of a molecule with a single bead, (2) approximation of the threshold energy for radiation damage through CG potential calculation, (3) calculation of cumulative absorption energy for each radiation event in microscopic regions of CG models using the Monte Carlo track structure (MCTS) code, and (4) estimation of direct radiation damage to biomolecular systems by comparing CG potentials and absorption energy. The proposed model replicated measured data with an average error of approximately 14.2% in the estimation of radiation damage to pBR322 plasmids using the common MCTS code Geant4-DNA. This is similar to the results of previous simulation studies. However, in existing damage models, parameters are adjusted based on experimental data to increase the reliability of simulation results, whereas in the proposed model, they can be determined without using empirical data. Because the proposed model proposed is applicable to DNA and various biomolecular systems with minimal experimental data, it provides a new method that is convenient and effective for predicting damage in living organisms caused by radiation exposure.
41	21.8	track_structure_monte_carlo	candidate_needs_pdf_verify_and_replication_brief	10.1002/mp.14548	Oxygen depletion in FLASH ultra-high-dose-rate radiotherapy: A molecular dynamics simulation.	2020	Medical Physics (Lancaster)	63	R. Abolfath, D. Grosshans, R. Mohan	https://arxiv.org/pdf/2010.00744	https://www.semanticscholar.org/paper/2fe2984f17e7e3d3e1fba1925c16575b868e12a4	True	7	1	1	2	FLASH radiotherapy oxygen DNA damage repair mechanistic model	PURPOSE We present a first-principles molecular dynamics (MD) simulation and expound upon a mechanism of oxygen depletion hypothesis to explain the mitigation of normal tissue injury observed in ultra-high-dose-rate (UHDR) FLASH radiotherapy.   METHODS We simulated damage to a segment of DNA (also representing other bio-molecules such as RNA and proteins) in a simulation box filled with H2O and O2 molecules. Attoseconds physical interactions (ionizations, electronic and vibrational excitations) were simulated by using the Monte Carlo track structure code Geant4-DNA. Immediately after ionization, ab initio Car-Parrinello molecular dynamics (CPMD) simulation was used to identify which H2O and O2 molecules surrounding the DNA-molecule were converted into reactive oxygen species (ROS). Sub-sequently, the femto- to nano-second reactions of ROS were simulated by using MD with Reactive Force Field (ReaxFF), to illustrate ROS merging into new types of non-reactive oxygen species (NROS) due to strong coupling among ROS. A coarse-grained model was constructed to describe the relevant collective phenomenon at the macroscopic level on ROS aggregation and formation of NROS agglomerates consistent with the underlying microscopic pathways obtained from MD simulations.   RESULTS Time-dependent molecular simulations revealed the formation of metastable and transient spaghetti-like complexes among ROS generated at UHDR. At the higher ROS densities produced under UHDR, stranded chains (i.e., NROS) are produced, mediated through attractive electric polarity forces, hydrogen bonds, and magnetic dipole-dipole interactions among hydroxyl (·OH) radicals. NROS tend to be less mobile than cellular biomolecules as opposed to the isolated and sparsely dense ROS generated at conventional dose rates (CDR). We attribute this effect to the suppression of bio-molecular damage induced per particle track. At a given oxygen level, as the dose rate increases, the size and number of NROS chains increase, and correspondingly the population of toxic ROS components decreases. Similarly, at a given high dose rate, as the oxygen level increases, so do the size and number of NROS chains until an optimum level of oxygen is reached. Beyond that level, the amount of oxygen present may be sfficient to saturate the production of NROS chains, thereby reversing the sparing effects of UHDRs.   CONCLUSIONS We showed that oxygen depletion, hypothesized to lead to lower normal-tissue toxicity at FLASH dose rates, takes place within femto- to nano-seconds after irradiation. The mechanism is governed by the slow dynamics of chains of ROS complexes (NROS). Under physoxic (≈ 4-5% oxygen) conditions (i.e., in normal tissues), NROS are more abundant than in hypoxic conditions (e.g., < 0.3% in parts of tumors), suggesting that bio-molecular damage would be reduced in an environment with physoxic oxygen levels. Hence irradiation at UHDRs would be more effective for sparing physoxic normal tissues but not tumors containing regions of hypoxia. At much higher levels of oxygen (e.g., > 10-15%), oxygen depletion by UHDRs may not be sufficient for tissue sparing.
42	21.8	track_structure_monte_carlo	candidate_needs_pdf_verify_and_replication_brief	10.1088/1361-6560/aad7ee	A simulation approach for determining the spectrum of DNA damage induced by protons	2018	Physics in Medicine and Biology	34	M. Mokari, M. Alamatsaz, H. Moeini, R. Taleei	https://arxiv.org/pdf/1806.03682	https://www.semanticscholar.org/paper/b599b9a5e0105dac6111373cae7714acb4f0ab33	True	5	0	0	4	Geant4-DNA DNA damage repair simulation radiation biology	To study the molecular damage induced in the form of single-strand and double-strand breaks by ionizing radiation at the DNA level, the Geant4-DNA Monte Carlo simulation code for complete transportation of primary protons and other secondary particles in liquid water has been employed in this work. To this aim, a B-DNA model and a thorough classification of the complexity of the DNA damage were used. Strand breaks were assumed to have primarily originated by direct physical interactions via energy depositions, assuming a threshold energy of 17.5 eV, or indirect chemical reactions of hydroxyl radicals, assuming a probability of 0.13. The simulation results on the complexity and frequency of various damages are computed for proton energies of 0.5–20 MeV. The yield results for a cell (Gy cell)−1 are presented, assuming 22 chromosomes per cell and a mean number of 245 Mbp per chromosome. The results show that for proton energies below 2 MeV, more than 50% of the energy depositions within the DNA volume resulted in strand breaks. For double-strand breaks (DSBs), there is considerable sensitivity of DSB frequency to the proton energy. A comparison of DSB frequencies predicted by different simulations and experiments is presented as a function of proton linear energy transfer (LET). We show that our yield results (Gy Gbp)−1 are generally comparable with various experimental data and there seems to be a better agreement between our results and a number of experimental studies when compared to other simulations.
43	21.8	track_structure_monte_carlo	candidate_needs_pdf_verify_and_replication_brief	10.1038/s41598-024-81863-4	The effects of cell displacement on DNA damages in targeted radiation therapy using Geant4-DNA	2024	Scientific Reports	3	Ali Azizi Ganjgah, P. Taherparvar	https://doi.org/10.1038/s41598-024-81863-4	https://www.semanticscholar.org/paper/fcd28eb12e4843baff08010e44f3c6f20b9e6167	True	5	0	0	4	Geant4-DNA DNA damage repair simulation radiation biology	Charged particle radiation can, directly and indirectly, affect cells by breaking DNA strands. This effect includes DNA single-strand breaks (SSB) and DNA double-strand breaks (DSB), which may cause cell death and mitotic failure. Thus, using short-range charged particles such as Auger electrons (AEs) not only leads to the destruction of the target cell but also prevents the nearby healthy cells from exposing to ionizing radiation. In this study, two spherical cells (C and C2) and their cell nucleus, both made of liquid water, were modeled. An atomic DNA model constructed in the Geant4-DNA Monte Carlo (MC) simulation toolkit was placed inside the nucleus of the C and C2 cells. The number of direct and indirect SSB, DSB, and hybrid DSB (HDSB), caused by some of the most widely-used Auger electron-emitting (AEE) radionuclides, including 99mTc, 111In, 123I, 125I, and 201Tl, distributed within different compartments of the C cell, was calculated in the C and C2 cells, considering the distance between the surface of the two cells ranges from 0 to 5 μm. The present work aimed to investigate the biological effects of AEE radionuclides and their potential for cancer treatment through targeted radiation therapy. The results indicate the impact of 201Tl > 125I > 123I > 111In > 99mTc on DNA damage when the target is C (first spherical cell). On the other hand, for C2 at distances of 0 to 5 μm, the impact of 99mTc > 123I > 111In > 201Tl > 125I on DNA damage is observed.
44	21.6	track_structure_monte_carlo	candidate_needs_pdf_verify_and_replication_brief	10.1002/mp.13370	MPEXS‐DNA, a new GPU‐based Monte Carlo simulator for track structures and radiation chemistry at subcellular scale	2019	Medical Physics (Lancaster)	25	S. Okada, K. Murakami, S. Incerti, K. Amako, Takashi Sasaki	https://aapm.onlinelibrary.wiley.com/doi/pdfdirect/10.1002/mp.13370	https://www.semanticscholar.org/paper/b10bee7558f5ba49b08ba16dbe758ffcc291003a	True	6	1	0	2	Monte Carlo track structure DNA damage repair radiation biology	Purpose Track structure simulation codes can accurately reproduce the stochastic nature of particle–matter interactions in order to evaluate quantitatively radiation damage in biological cells such as DNA strand breaks and base damage. Such simulations handle large numbers of secondary charged particles and molecular species created in the irradiated medium. Every particle and molecular species are tracked step‐by‐step using a Monte Carlo method to calculate energy loss patterns and spatial distributions of molecular species inside a cell nucleus with high spatial accuracy. The Geant4‐DNA extension of the Geant4 general‐purpose Monte Carlo simulation toolkit allows for such track structure simulations and can be run on CPUs. However, long execution times have been observed for the simulation of DNA damage in cells. We present in this work an improvement of the computing performance of such simulations using ultraparallel processing on a graphical processing unit (GPU). Methods A new Monte Carlo simulator named MPEXS‐DNA, allowing high computing performance by using a GPU, has been developed for track structure and radiolysis simulations at the subcellular scale. MPEXS‐DNA physics and chemical processes are based on Geant4‐DNA processes available in Geant4 version 10.02 p03. We have reimplemented the Geant4‐DNA process codes of the physics stage (electromagnetic processes of charged particles) and the chemical stage (diffusion and chemical reactions for molecular species) for microdosimetry simulation by using the CUDA language. MPEXS‐DNA can calculate a distribution of energy loss in the irradiated medium caused by charged particles and also simulate production, diffusion, and chemical interactions of molecular species from water radiolysis to quantitatively assess initial damage to DNA. The validation of MPEXS‐DNA physics and chemical simulations was performed by comparing various types of distributions, namely the radial dose distributions for the physics stage, and the G‐value profiles for each chemical product and their linear energy transfer dependency for the chemical stage, to existing experimental data and simulation results obtained by other simulation codes, including PARTRAC. Results For physics validation, radial dose distributions calculated by MPEXS‐DNA are consistent with experimental data and numerical simulations. For chemistry validation, MPEXS‐DNA can also reproduce G‐value profiles for each molecular species with the same tendency as existing experimental data. MPEXS‐DNA also agrees with simulations by PARTRAC reasonably well. However, we have confirmed that there are slight discrepancies in G‐value profiles calculated by MPEXS‐DNA for molecular species such as H2 and H2O2 when compared to experimental data and PARTRAC simulations. The differences in G‐value profiles between MPEXS‐DNA and PARTRAC are caused by the different chemical reactions considered. MPEXS‐DNA can drastically boost the computing performance of track structure and radiolysis simulations. By using NVIDIA's GPU devices adopting the Volta architecture, MPEXS‐DNA has achieved speedup factors up to 2900 against Geant4‐DNA simulations with a single CPU core. Conclusion The MPEXS‐DNA Monte Carlo simulation achieves similar accuracy to Monte Carlo simulations performed using other codes such as Geant4‐DNA and PARTRAC, and its predictions are consistent with experimental data. Notably, MPEXS‐DNA allows calculations that are, at maximum, 2900 times faster than conventional simulations using a CPU.
45	21.6	repair_survival_model	candidate_needs_pdf_verify_and_replication_brief	10.3390/genes10110936	A Bi-Exponential Repair Algorithm for Radiation-Induced Double-Strand Breaks: Application to Simulation of Chromosome Aberrations	2019	Genes	22	I. Plante, T. Slaba, Zarana Shavers, M. Hada	https://www.mdpi.com/2073-4425/10/11/936/pdf?version=1573897915	https://www.semanticscholar.org/paper/fd3b4eddd681c10294c743e395562131cc667ec9	True	6	1	0	2	radiation DNA repair mathematical model simulation	Background: Radiation induces DNA double-strand breaks (DSBs), and chromosome aberrations (CA) form during the DSBs repair process. Several methods have been used to model the repair kinetics of DSBs including the bi-exponential model, i.e., N(t) = N1exp(−t/τ1) + N2exp(−t/τ2), where N(t) is the number of breaks at time t, and N1, N2, τ1 and τ2 are parameters. This bi-exponential fit for DSB decay suggests that some breaks are repaired rapidly and other, more complex breaks, take longer to repair. Methods: The bi-exponential repair kinetics model is implemented into a recent simulation code called RITCARD (Radiation Induced Tracks, Chromosome Aberrations, Repair, and Damage). RITCARD simulates the geometric configuration of human chromosomes, radiation-induced breaks, their repair, and the creation of various categories of CAs. The bi-exponential repair relies on a computational algorithm that is shown to be mathematically exact. To categorize breaks as complex or simple, a threshold for the local (voxel) dose was used. Results: The main findings are: i) the curves for the kinetics of restitution of DSBs are mostly independent of dose; ii) the fraction of unrepaired breaks increases with the linear energy transfer (LET) of the incident radiation; iii) the simulated dose–response curves for simple reciprocal chromosome exchanges that are linear-quadratic; iv) the alpha coefficient of the dose–response curve peaks at about 100 keV/µm.
46	21.5	track_structure_monte_carlo	candidate_needs_pdf_verify_and_replication_brief	10.1038/s41598-017-10820-1	A general mechanistic model enables predictions of the biological effectiveness of different qualities of radiation	2017	Scientific Reports	66	S. McMahon, A. McNamara, J. Schuemann, H. Paganetti, K. Prise	https://www.nature.com/articles/s41598-017-10820-1.pdf	https://www.semanticscholar.org/paper/74b0cbf18133f65712cd8fe3f3f2f052afc2823b	True	5	1	0	5	radiation-induced DNA damage mechanistic model cell survival	Predicting the responses of biological systems to ionising radiation is extremely challenging, particularly when comparing X-rays and heavy charged particles, due to the uncertainty in their Relative Biological Effectiveness (RBE). Here we assess the power of a novel mechanistic model of DNA damage repair to predict the sensitivity of cells to X-ray, proton or carbon ion exposures in vitro against over 800 published experiments. By specifying the phenotypic characteristics of cells, the model was able to effectively stratify X-ray radiosensitivity (R2 = 0.74) without the use of any cell-specific fitting parameters. This model was extended to charged particle exposures by integrating Monte Carlo calculated dose distributions, and successfully fit to cellular proton radiosensitivity using a single dose-related parameter (R2 = 0.66). Using these parameters, the model was also shown to be predictive of carbon ion RBE (R2 = 0.77). This model can effectively predict cellular sensitivity to a range of radiations, and has the potential to support developments of personalised radiotherapy independent of radiation type.
47	21.5	track_structure_monte_carlo	candidate_needs_pdf_verify_and_replication_brief	10.3390/ijms21051701	A Simplified Cluster Analysis of Electron Track Structure for Estimating Complex DNA Damage Yields	2020	International Journal of Molecular Sciences	23	Yusuke Matsuya, Toshiaki Nakano, T. Kai, N. Shikazono, K. Akamatsu, Y. Yoshii	https://www.mdpi.com/1422-0067/21/5/1701/pdf?version=1583151923	https://www.semanticscholar.org/paper/e157173a66d71c98d98212d4e0d6b973e1ee8c96	True	5	1	0	5	Monte Carlo track structure DNA damage repair radiation biology	Complex DNA damage, defined as at least two vicinal lesions within 10–20 base pairs (bp), induced after exposure to ionizing radiation, is recognized as fatal damage to human tissue. Due to the difficulty of directly measuring the aggregation of DNA damage at the nano-meter scale, many cluster analyses of inelastic interactions based on Monte Carlo simulation for radiation track structure in liquid water have been conducted to evaluate DNA damage. Meanwhile, the experimental technique to detect complex DNA damage has evolved in recent decades, so both approaches with simulation and experiment get used for investigating complex DNA damage. During this study, we propose a simplified cluster analysis of ionization and electronic excitation events within 10 bp based on track structure for estimating complex DNA damage yields for electron and X-ray irradiations. We then compare the computational results with the experimental complex DNA damage coupled with base damage (BD) measured by enzymatic cleavage and atomic force microscopy (AFM). The computational results agree well with experimental fractions of complex damage yields, i.e., single and double strand breaks (SSBs, DSBs) and complex BD, when the yield ratio of BD/SSB is assumed to be 1.3. Considering the comparison of complex DSB yields, i.e., DSB + BD and DSB + 2BD, between simulation and experimental data, we find that the aggregation degree of the events along electron tracks reflects the complexity of induced DNA damage, showing 43.5% of DSB induced after 70 kVp X-ray irradiation can be classified as a complex form coupled with BD. The present simulation enables us to quantify the type of complex damage which cannot be measured through in vitro experiments and helps us to interpret the experimental detection efficiency for complex BD measured by AFM. This simple model for estimating complex DNA damage yields contributes to the precise understanding of the DNA damage complexity induced after X-ray and electron irradiations.
48	21.5	track_structure_monte_carlo	candidate_needs_pdf_verify_and_replication_brief	10.1088/1361-6560/ac8853	Mechanistic modelling of oxygen enhancement ratio of radiation via Monte Carlo simulation-based DNA damage calculation	2022	Physics in Medicine and Biology	9	Y. Lai, Yujie Chi, Xun Jia	https://www.ncbi.nlm.nih.gov/pmc/articles/PMC10152552	https://www.semanticscholar.org/paper/274834c9ba273c94de007af6aa8f5e4eb244dc2c	True	5	1	0	5	Geant4-DNA DNA damage repair simulation radiation biology	Objective. Oxygen plays an important role in affecting the cellular radio-sensitivity to ionizing radiation. The objective of this study is to build a mechanistic model to compute oxygen enhancement ratio (OER) using a GPU-based Monte Carlo (MC) simulation package gMicroMC for microscopic radiation transport simulation and DNA damage calculation. Approach. We first simulated the water radiolysis process in the presence of DNA and oxygen for 1 ns and recorded the produced DNA damages. In this process, chemical reactions among oxygen, water radiolysis free radicals and DNA molecules were considered. We then applied a probabilistic approach to model the reactions between oxygen and indirect DNA damages for a maximal reaction time of t 0. Finally, we defined two parameters P 0 and P 1, representing probabilities for DNA damages without and with oxygen fixation effect not being restored in the repair process, to compute the final DNA double strand breaks (DSBs). As cell survival fraction is mainly determined by the number of DSBs, we assumed that the same numbers of DSBs resulted in the same cell survival rates, which enabled us to compute the OER as the ratio of doses producing the same number of DSBs without and with oxygen. We determined the three parameters (t 0, P 0 and P 1) by fitting the OERs obtained in our computation to a set of published experimental data under x-ray irradiation. We then validated the model by performing OER studies under proton irradiation and studied model sensitivity to parameter values. Main results. We obtained the model parameters as t 0 = 3.8 ms, P 0 = 0.08, and P 1 = 0.28 with a mean difference of 3.8% between the OERs computed by our model and that obtained from experimental measurements under x-ray irradiation. Applying the established model to proton irradiation, we obtained OERs as functions of oxygen concentration, LET, and dose values, which generally agreed with published experimental data. The parameter sensitivity analysis revealed that the absolute magnitude of the OER curve relied on the values of P 0 and P 1, while the curve was subject to a horizontal shift when adjusting t 0. Significance. This study developed a mechanistic model that fully relies on microscopic MC simulations to compute OER.
49	21.3	track_structure_monte_carlo	candidate_needs_pdf_verify_and_replication_brief	10.1039/c8ra10168j	Clinically relevant nanodosimetric simulation of DNA damage complexity from photons and protons	2019	RSC Advances	30	N. Henthorn, J. Warmenhoven, M. Sotiropoulos, Adam Henry Aitkenhead, E. Smith, S. Ingram	https://pubs.rsc.org/en/content/articlepdf/2019/ra/c8ra10168j	https://www.semanticscholar.org/paper/0cb6f71d78f300cea0fe1c0bfee64cfe3c3bee90	True	6	2	0	3	chromosome aberration radiation track structure simulation DNA repair	Relative Biological Effectiveness (RBE), the ratio of doses between radiation modalities to produce the same biological endpoint, is a controversial and important topic in proton therapy. A number of phenomenological models incorporate variable RBE as a function of Linear Energy Transfer (LET), though a lack of mechanistic description limits their applicability. In this work we take a different approach, using a track structure model employing fundamental physics and chemistry to make predictions of proton and photon induced DNA damage, the first step in the mechanism of radiation-induced cell death. We apply this model to a proton therapy clinical case showing, for the first time, predictions of DNA damage on a patient treatment plan. Our model predictions are for an idealised cell and are applied to an ependymoma case, at this stage without any cell specific parameters. By comparing to similar predictions for photons, we present a voxel-wise RBE of DNA damage complexity. This RBE of damage complexity shows similar trends to the expected RBE for cell kill, implying that damage complexity is an important factor in DNA repair and therefore biological effect.
50	21.3	track_structure_monte_carlo	candidate_needs_pdf_verify_and_replication_brief	10.1016/j.phro.2024.100564	Variation of the relative biological effectiveness in the penumbra of ion therapy beams estimated using different microdosimetric approaches	2024	Physics and Imaging in Radiation Oncology	8	A. Parisi, K. Furutani, Chris J. Beltran	http://www.phiro.science/article/S2405631624000344/pdf	https://www.semanticscholar.org/paper/2483130423cd5c29d28d18ee91bf07a232b156eb	True	6	2	0	3	radiation quality factor biological effectiveness model DNA damage	Background and Purpose The effort to translate clinical findings across institutions employing different relative biological effectiveness (RBE) models of ion radiotherapy has rapidly grown in recent years. Nevertheless, even for a chosen RBE model, different implementations exist. These approaches might consider or disregard the dose-dependence of the RBE and the radial variation of the radiation quality around the beam axis. This study investigated the theoretical impact of disregarding these effects during the RBE calculations. Materials and Methods Microdosimetric simulations were carried out using the Monte Carlo code PHITS along the spread out Bragg peaks of 1H, 4He, 12C, 16O, and 20Ne ions in a water phantom. The RBE was computed using different implementations of the Mayo Clinic Florida microdosimetric kinetic model (MCF MKM) and the modified MKM, considering or not the radial variation of the radiation quality in the penumbra of the ion beams and the dose-dependence of the RBE. Results For an OAR located 5 mm laterally from the target volume, disregarding the radial variation of the radiation quality or the dose-dependence of the RBE could result in an overestimation of the RBE-weighted dose up to a factor of ∼ 3.5 or ∼ 1.7, respectively. Conclusions The RBE-weighted dose to OARs close to the tumor volume was substantially impacted by the approach employed for the RBE calculations, even when using the same RBE model and cell line. Therefore, care should be taken in considering these differences while translating clinical findings between institutions with dissimilar approaches.
51	21.3	track_structure_monte_carlo	candidate_needs_pdf_verify_and_replication_brief	10.3390/ijms25105094	Ionization Detail Parameters for DNA Damage Evaluation in Charged Particle Radiotherapy: Simulation Study Based on Cell Survival Database	2024	International Journal of Molecular Sciences	3	M. Mietelska, Marcin Pietrzak, Aleksandr Bancer, A. Ruciński, Zygmunt Szefliński, B. Brzozowska	https://www.mdpi.com/1422-0067/25/10/5094/pdf?version=1715090396	https://www.semanticscholar.org/paper/c1066b66b0b8988076df6ee224dbd263c7cd43e4	True	6	2	0	3	Geant4-DNA DNA damage repair simulation radiation biology	Details of excitation and ionization acts hide a description of the biological effects of charged particle traversal through living tissue. Nanodosimetry enables the introduction of novel quantities that characterize and quantify the particle track structure while also serving as a foundation for assessing biological effects based on this quantification. This presents an opportunity to enhance the planning of charged particle radiotherapy by taking into account the ionization detail. This work uses Monte Carlo simulations with Geant4-DNA code for a wide variety of charged particles and their radiation qualities to analyze the distribution of ionization cluster sizes within nanometer-scale volumes, similar to DNA diameter. By correlating these results with biological parameters extracted from the PIDE database for the V79 cell line, a novel parameter R2 based on ionization details is proposed for the evaluation of radiation quality in terms of biological consequences, i.e., radiobiological cross section for inactivation. By incorporating the probability p of sub-lethal damage caused by a single ionization, we address limitations associated with the usually proposed nanodosimetric parameter Fk for characterizing the biological effects of radiation. We show that the new parameter R2 correlates well with radiobiological data and can be used to predict biological outcomes.
52	21.0	track_structure_monte_carlo	candidate_needs_pdf_verify_and_replication_brief	10.1667/rr15312.1	From Energy Deposition of Ionizing Radiation to Cell Damage Signaling: Benchmarking Simulations by Measured Yields of Initial DNA Damage after Ion Microbeam Irradiation	2019	Radiation Research	11	G. Gonon, C. Villagrasa, P. Voisin, S. Meylan, M. Bueno, M. Benadjaoud	https://hal.archives-ouvertes.fr/hal-02318865/file/0000160434_002.PDF	https://www.semanticscholar.org/paper/27fbafe1e4d724b7637637846d73992e09474269	True	6	3	0	4	Monte Carlo track structure DNA damage repair radiation biology	Advances in accelerator technology, which have enabled conforming radiotherapy with charged hadronic species, have brought benefits as well as potential new risks to patients. To better understand the effects of ionizing radiation on tumor and surrounding tissue, it is important to investigate and quantify the relationship between energy deposition at the nanometric scale and the initial biological events. Monte Carlo track structure simulation codes provide a powerful tool for investigating this relationship; however, their success and reliability are dependent on their improvement and development accordingly to the dedicated biological data to which they are challenged. For this aim, a microbeam facility that allows for fluence control, down to one ion per cell nucleus, was used to evaluate relative frequencies of DNA damage after interaction between the incoming ion and DNA according to radiation quality. Primary human cells were exposed to alpha particles of three different energies with respective linear energy transfers (LETs) of approximately 36, 85 or 170 keV·µm–1 at the cells' center position, or to protons (19 keV·µm–1). Statistical evaluation of nuclear foci formation (53BP1/γ-H2AX), observed using immunofluorescence and related to a particle traversal, was undertaken in a large population of cell nuclei. The biological results were adjusted to consider the factors that drive the experimental uncertainties, then challenged with results using Geant4-DNA code modeling of the ionizing particle interactions on a virtual phantom of the cell nucleus with the same mean geometry and DNA density as the cells used in our experiments. Both results showed an increase of relative frequencies of foci (or simulated DNA damage) in cell nuclei as a function of increasing LET of the traversing particles, reaching a quasi-plateau when the LET exceeded 80–90 keV·µm–1. For the LET of an alpha particle ranging from 80–90 to 170 keV·µm–1, 10–30% of the particle hits did not lead to DNA damage inducing 53BP1 or γ-H2AX foci formation.
53	20.8	track_structure_monte_carlo	candidate_needs_pdf_verify_and_replication_brief	10.1038/s41598-020-75982-x	Fully integrated Monte Carlo simulation for evaluating radiation induced DNA damage and subsequent repair using Geant4-DNA	2020	Scientific Reports	79	D. Sakata, O. Belov, M. Bordage, D. Emfietzoglou, S. Guatelli, T. Inaniwa	https://www.nature.com/articles/s41598-020-75982-x.pdf	https://www.semanticscholar.org/paper/abe5b5a215f92197596b6bac98ecb35bde1f3390	True	5	1	0	4	radiation-induced DNA damage mechanistic model cell survival	Ionising radiation induced DNA damage and subsequent biological responses to it depend on the radiation’s track-structure and its energy loss distribution pattern. To investigate the underlying biological mechanisms involved in such complex system, there is need of predicting biological response by integrated Monte Carlo (MC) simulations across physics, chemistry and biology. Hence, in this work, we have developed an application using the open source Geant4-DNA toolkit to propose a realistic “fully integrated” MC simulation to calculate both early DNA damage and subsequent biological responses with time. We had previously developed an application allowing simulations of radiation induced early DNA damage on a naked cell nucleus model. In the new version presented in this work, we have developed three additional important features: (1) modeling of a realistic cell geometry, (2) inclusion of a biological repair model, (3) refinement of DNA damage parameters for direct damage and indirect damage scoring. The simulation results are validated with experimental data in terms of Single Strand Break (SSB) yields for plasmid and Double Strand Break (DSB) yields for plasmid/human cell. In addition, the yields of indirect DSBs are compatible with the experimental scavengeable damage fraction. The simulation application also demonstrates agreement with experimental data of γ\documentclass[12pt]{minimal} \usepackage{amsmath} \usepackage{wasysym} \usepackage{amsfonts} \usepackage{amssymb} \usepackage{amsbsy} \usepackage{mathrsfs} \usepackage{upgreek} \setlength{\oddsidemargin}{-69pt} \begin{document}$$\gamma$$\end{document}-H2AX yields for gamma ray irradiation. Using this application, it is now possible to predict biological response along time through track-structure MC simulations.
54	20.8	track_structure_monte_carlo	candidate_needs_pdf_verify_and_replication_brief	10.1088/1361-6560/ac79f9	TOPAS-nBio simulation of temperature-dependent indirect DNA strand break yields	2022	Physics in Medicine and Biology	12	J. Ramos-Mendez, Omar R Garcia-Garcia, J. Domínguez-Kondo, J. LaVerne, J. Schuemann, E. Moreno-Barbosa	https://www.ncbi.nlm.nih.gov/pmc/articles/PMC9512025	https://www.semanticscholar.org/paper/2746db230fbc4f472b32adde6e2429df77b13d0e	True	5	1	0	4	TOPAS-nBio DNA damage cell survival radiation model	Current Monte Carlo simulations of DNA damage have been reported only at ambient temperature. The aim of this work is to use TOPAS-nBio to simulate the yields of DNA single-strand breaks (SSBs) and double-strand breaks (DSBs) produced in plasmids under low-LET irradiation incorporating the effect of the temperature changes in the environment. A new feature was implemented in TOPAS-nBio to incorporate reaction rates used in the simulation of the chemical stage of water radiolysis as a function of temperature. The implemented feature was verified by simulating temperature-dependent G-values of chemical species in liquid water from 20 °C to 90 °C. For radiobiology applications, temperature dependent SSB and DSB yields were calculated from 0 °C to 42 °C, the range of available published measured data. For that, supercoiled DNA plasmids dissolved in aerated solutions containing EDTA irradiated by Cobalt-60 gamma-rays were simulated. TOPAS-nBio well reproduced published temperature-dependent G-values in liquid water and the yields of SSB and DSB for the temperature range considered. For strand break simulations, the model shows that the yield of SSB and DSB increased linearly with the temperature at a rate of (2.94 ± 0.17) × 10−10 Gy–1 Da–1 °C–1 (R 2 = 0.99) and (0.13 ± 0.01) × 10−10 Gy–1 Da–1 °C–1 (R 2 = 0.99), respectively. The extended capability of TOPAS-nBio is a complementary tool to simulate realistic conditions for a large range of environmental temperatures, allowing refined investigations of the biological effects of radiation.
55	20.8	track_structure_monte_carlo	candidate_needs_pdf_verify_and_replication_brief	10.3390/ijms23116343	Nanoscale Calculation of Proton-Induced DNA Damage Using a Chromatin Geometry Model with Geant4-DNA	2022	International Journal of Molecular Sciences	7	Kun Zhu, Chun Wu, Xiaoyu Peng, Xuan-Tao Ji, Siyuan Luo, Yuchen Liu	https://www.mdpi.com/1422-0067/23/11/6343/pdf?version=1654523166	https://www.semanticscholar.org/paper/00df1725df8d2f9f4c68bb284b2f7c1981a5de13	True	5	1	0	4	Geant4-DNA DNA damage repair simulation radiation biology	Monte Carlo simulations can quantify various types of DNA damage to evaluate the biological effects of ionizing radiation at the nanometer scale. This work presents a study simulating the DNA target response after proton irradiation. A chromatin fiber model and new physics constructors with the ELastic Scattering of Electrons and Positrons by neutral Atoms (ELSEPA) model were used to describe the DNA geometry and the physical stage of water radiolysis with the Geant4-DNA toolkit, respectively. Three key parameters (the energy threshold model for strand breaks, the physics model and the maximum distance to distinguish DSB clusters) of scoring DNA damage were studied to investigate the impact on the uncertainties of DNA damage. On the basis of comparison of our results with experimental data and published findings, we were able to accurately predict the yield of various types of DNA damage. Our results indicated that the difference in physics constructor can cause up to 56.4% in the DNA double-strand break (DSB) yields. The DSB yields were quite sensitive to the energy threshold for strand breaks (SB) and the maximum distance to classify the DSB clusters, which were even more than 100 times and four times than the default configurations, respectively.
56	20.8	track_structure_monte_carlo	candidate_needs_pdf_verify_and_replication_brief	10.1038/s41598-025-00875-w	Recent updates of the MPEXS2.1-DNA Monte Carlo code for simulations of water radiolysis under ion irradiation	2025	Scientific Reports	5	S. Okada, K. Murakami, T. Kusumoto, Yoshiyuki Hirano, K. Amako, T. Sasaki	https://doi.org/10.1038/s41598-025-00875-w	https://www.semanticscholar.org/paper/6a2743a8faf7cec4b8e727dfa045e95a13b58aef	True	5	1	0	4	MCDS Monte Carlo damage simulation radiation DNA repair	To improve radiotherapy, especially that with ion beams such as proton and carbon ion beams, the mechanisms of interactions induced by ionizing radiation must be understood. MPEXS2.1-DNA is a Monte Carlo simulation code developed for water radiolysis studies and DNA damage simulations that uses GPU devices for fast computation. However, the original chemistry model in MPEXS2.1-DNA did not include detailed chemical reactions for reactive oxygen species (ROS), e.g., O•-, O2, O2•-, HO2•, HO2-. In the present study, drawing the former work on the step-by-step (SBS) model for the RITRACKS code, we implemented an alternative SBS model into MPEXS2.1-DNA to increase the capabilities and computational speed of water radiolysis simulations under ion irradiation. This model is based on the theory of Green’s function of the diffusion equation (GFDE-SBS). Also, we implemented multiple ionization processes which enhance ROS generation under high-LET irradiation. We compared the simulation results obtained by GFDE-SBS with experimental data from previous studies. The validation results demonstrated that the GFDE-SBS model accurately reproduced the measured radiation chemical yields of major species, such as hydroxyl radicals and hydrogen peroxide. Furthermore, the computational speed of GFDE-SBS was increased approximately ten times faster than the original model due to the changes in time stepping. Additionally, simulations using a Fricke dosimeter confirmed that this model is reliable for long-term simulations over seconds. These improvements enable simulations of radiation interactions and can help in the study of DNA damage mechanisms.
57	20.8	track_structure_monte_carlo	candidate_needs_pdf_verify_and_replication_brief	10.3390/cancers16132349	Monte Carlo-Based Nanoscale Dosimetry Holds Promise for Radiopharmaceutical Therapy Involving Auger Electron Emitters	2024	Cancers	3	O. Kwon, S. Hoffman, Paul A. Ellison, Bryan P Bednarz	https://www.mdpi.com/2072-6694/16/13/2349/pdf?version=1719410947	https://www.semanticscholar.org/paper/706dea33ebc5d1938b25110b8a7a15e85f7949c5	True	5	1	0	4	MCDS Monte Carlo damage simulation radiation DNA repair	Simple Summary In contrast to external beam radiation therapy, our understanding of the dose–response relationship in radiopharmaceutical therapy (RPT) remains limited. Given that the estimation of radiation-induced deoxyribonucleic acid (DNA) damage can correlate with various biological responses, nanoscale dosimetry emerges as a critical tool in lighting this intricate relationship. In this study, we developed a novel simulation-based nanoscale dosimetry platform by identifying optimal DNA physics models and benchmarking against existing data. Leveraging this platform, we conducted a case study to estimate DNA damage, thereby enhancing our comprehension of RPT effects at nanoscales. This research serves as a foundation for future studies on how RPT affects DNA at the nano-level, potentially improving cancer treatment strategies. Abstract Radiopharmaceutical therapy (RPT) is evolving as a promising strategy for treating cancer. As interest grows in short-range particles, like Auger electrons, understanding the dose–response relationship at the deoxyribonucleic acid (DNA) level has become essential. In this study, we used the Geant4-DNA toolkit to evaluate DNA damage caused by the Auger-electron-emitting isotope I-125. We compared the energy deposition and single strand break (SSB) yield at each base pair location in a short B-form DNA (B-DNA) geometry with existing simulation and experimental data, considering both physical direct and chemical indirect hits. Additionally, we evaluated dosimetric differences between our high-resolution B-DNA target and a previously published simple B-DNA geometry. Overall, our benchmarking results for SSB yield from I-125 decay exhibited good agreement with both simulation and experimental data. Using this simulation, we then evaluated the SSB and double strand break (DSB) yields caused by a theranostic Br-77-labeled poly ADP ribose polymerase (PARP) inhibitor radiopharmaceutical. The results indicated a predominant contribution of chemical indirect hits over physical direct hits in generating SSB and DSB. This study lays the foundation for future investigations into the nano-dosimetric properties of RPT.
58	20.6	track_structure_monte_carlo	candidate_needs_pdf_verify_and_replication_brief	10.1667/rr15250.1	RITCARD: Radiation-Induced Tracks, Chromosome Aberrations, Repair and Damage.	2019	Radiation Research	36	I. Plante, A. Ponomarev, Zarana S. Patel, T. Slaba, M. Hada	https://bioone.org/journals/Radiation-Research/volume-192/issue-3/RR15250.1/RITCARD-Radiation-Induced-Tracks-Chromosome-Aberrations-Repair-and-Damage/10.1667/RR15250.1.pdf	https://www.semanticscholar.org/paper/1c81ab6a9d42e293ecaa7dbb91397018225aa4e3	True	6	2	0	2	radiation DNA repair mathematical model simulation	Chromosome aberrations (CA) are one of the effects of radiation exposure and can have implications for human health in the space environment, since they are related to cancer risk. In radiation research, chromosome aberrations are a convenient biomarker for carcinogenesis. To shed light on the formation and quality of chromosome aberrations in the space environment, many experiments and simulations have been performed using chromosome aberrations in human cells, induced by heavy ions, which are present in galactic cosmic rays (GCRs). In this work, the new simulation program, radiation-induced tracks, chromosome aberrations, repair and damage (RITCARD), is presented. This software program is based on the algorithm used in the NASA Radiation Track Image (NASARTI) model with some improvements. NASARTI and RITCARD are both comprised of four parts: a random walk (RW) algorithm for simulating chromosomes in a nucleus; a deoxyribonucleic acid (DNA) damage algorithm; a break repair process; and a function to assess and count chromosome aberrations. Prior to running RITCARD, the code, relativistic ion tracks (RITRACKS), is used to simulate detailed radiation track structure and calculate time-dependent differential voxel dose maps in a parallelepiped centered on a cell nucleus. The RITCARD program reads the pre-calculated voxel dose and locates the intersections between the voxels and the chromosomes that were simulated by random walk. Radiation-induced breaks occur strictly at these intersections with a probability that is a function of the voxel dose. When a break occurs in the random walk, the corresponding chromosome piece is cut into two fragments where each has a free end at the position of the break. RITCARD generates a collection of all fragments, free ends, and enlists free end pairs. In the next step, the algorithm simulates the time-dependent rejoining of free end pairs, using different probabilities for pairs originating from a given break (proper) or from different breaks (improper), which results in the formation of fragment sequences. By grouping these sequences, the program determines the number and types of aberrations, based on the same criteria used in our experiment. The new program is used to assess the yields of various types of chromosome aberrations in human fibroblast cells for several ions (1H+, 4He2+, 12C6+, 16O8+, 20Ne10+, 28Si14+, 48Ti22+ and 56Fe26+) with energies varying from 10 to 1,000 MeV/u. The results show linear and linear-quadratic dose dependence for most chromosome aberrations types. The calculation results were compared with those obtained by fluorescence in situ hybridization (FISH) experiments that were performed by our group. The simulations and experiments are in better agreement at lower LET. Regarding the simulation results, the coefficient of the linear part of the dose-dependence curve also peaks at an LET value of approximately 100 keV/μm, which evokes a relative biological effectiveness (RBE) peak found by other researchers.
59	20.4	track_structure_monte_carlo	candidate_needs_pdf_verify_and_replication_brief	10.1051/epjconf/201817305005	Simulation of Radiation Damage to Neural Cells with the Geant4-DNA Toolkit	2018		6	L. Bayarchimeg, Munkhbaatar Batmunkh, O. Belov, O. Lkhagva	https://www.epj-conferences.org/articles/epjconf/pdf/2018/08/epjconf_mmcp2018_05005.pdf	https://www.semanticscholar.org/paper/098dffe4f1cbdae8e39e78728452f370bf210f61	True	5	0	0	2	Geant4-DNA DNA damage repair simulation radiation biology	To help in understanding the physical and biological mechanisms underlying effects of cosmic and therapeutic types of radiation on the central nervous system (CNS), we have developed an original neuron application based on the Geant4 Monte Carlo simulation toolkit, in particular on its biophysical extension Geant4-DNA. The applied simulation technique provides a tool for the simulation of physical, physico-chemical and chemical processes (e.g. production of water radiolysis species in the vicinity of neurons) in realistic geometrical model of neural cells exposed to ionizing radiation. The present study evaluates the microscopic energy depositions and water radiolysis species yields within a detailed structure of a selected neuron taking into account its soma, dendrites, axon and spines following irradiation with carbon and iron ions.
60	20.4	repair_survival_model	candidate_needs_pdf_verify_and_replication_brief	10.1093/intbio/zyae015	DNA break clustering as a predictor of cell death across various radiation qualities: influence of cell size, cell asymmetry, and beam orientation.	2024	Integrative Biology	2	F. Poignant, E. Pariset, I. Plante, A. Ponomarev, Trevor Evain, Louise Viger	https://doi.org/10.1093/intbio/zyae015	https://www.semanticscholar.org/paper/9ddad2e45407d3cc8ed76ac5c17f4af76e74b398	True	4	2	0	8	TOPAS-nBio DNA damage cell survival radiation model	Cosmic radiation, composed of high charge and energy (HZE) particles, causes cellular DNA damage that can result in cell death or mutation that can evolve into cancer. In this work, a cell death model is applied to several cell lines exposed to HZE ions spanning a broad range of linear energy transfer (LET) values. We hypothesize that chromatin movement leads to the clustering of multiple double strand breaks (DSB) within one radiation-induced foci (RIF). The survival probability of a cell population is determined by averaging the survival probabilities of individual cells, which is function of the number of pairwise DSB interactions within RIF. The simulation code RITCARD was used to compute DSB. Two clustering approaches were applied to determine the number of RIF per cell. RITCARD outputs were combined with experimental data from four normal human cell lines to derive the model parameters and expand its predictions in response to ions with LET ranging from ~0.2 keV/μm to ~3000 keV/μm. Spherical and ellipsoidal nuclear shapes and two ion beam orientations were modeled to assess the impact of geometrical properties on cell death. The calculated average number of RIF per cell reproduces the saturation trend for high doses and high-LET values that is usually experimentally observed. The cell survival model generates the recognizable bell shape of LET dependence for the relative biological effectiveness (RBE). At low LET, smaller nuclei have lower survival due to increased DNA density and DSB clustering. At high LET, nuclei with a smaller irradiation area-either because of a smaller size or a change in beam orientation-have a higher survival rate due to a change in the distribution of DSB/RIF per cell. If confirmed experimentally, the geometric characteristics of cells would become a significant factor in predicting radiation-induced biological effects. Insight Box: High-charge and energy (HZE) ions are characterized by dense linear energy transfer (LET) that induce unique spatial distributions of DNA damage in cell nuclei that result in a greater biological effect than sparsely ionizing radiation like X-rays. HZE ions are a prominent component of galactic cosmic ray exposure during human spaceflight and specific ions are being used for radiotherapy. Here, we model DNA damage clustering at sub-micrometer scale to predict cell survival. The model is in good agreement with experimental data for a broad range of LET. Notably, the model indicates that nuclear geometry and ion beam orientation affect DNA damage clustering, which reveals their possible role in mediating cell radiosensitivity.
61	20.3	track_structure_monte_carlo	candidate_needs_pdf_verify_and_replication_brief	10.1016/j.zemedi.2023.07.007	Radiation-induced double-strand breaks by internal ex vivo irradiation of lymphocytes: Validation of a Monte Carlo simulation model using GATE and Geant4-DNA	2023	Zeitschrift für Medizinische Physik	13	M. Salas-Ramirez, L. Maigne, G. Fois, H. Scherthan, M. Lassmann, U. Eberlein	https://doi.org/10.1016/j.zemedi.2023.07.007	https://www.semanticscholar.org/paper/0ea628ec2d945afb5cd70f56ea9dc5fc838a4271	True	6	3	0	3	Geant4-DNA DNA damage repair simulation radiation biology	This study describes a method to validate a radiation transport model that quantifies the number of DNA double-strand breaks (DSB) produced in the lymphocyte nucleus by internal ex vivo irradiation of whole blood with the radionuclides 90Y, 99mTc, 123I, 131I, 177Lu, 223Ra, and 225Ac in a test vial using the GATE/Geant4 code at the macroscopic level and the Geant4-DNA code at the microscopic level. Methods The simulation at the macroscopic level reproduces an 8 mL cylindrical water-equivalent medium contained in a vial that mimics the geometry for internal ex vivo blood irradiation. The lymphocytes were simulated as spheres of 3.75 µm radius randomly distributed, with a concentration of 125 spheres/mL. A phase-space actor was attached to each sphere to register all the entering particles. The simulation at the microscopic level for each radionuclide was performed using the Geant4-DNA tool kit, which includes the clustering example centered on a density-based spatial clustering of applications with noise (DBSCAN) algorithm. The irradiation source was constructed by generating a single phase space from the sum of all phase spaces. The lymphocyte nucleus was defined as a water sphere of a 3.1 µm radius. The absorbed dose coefficients for lymphocyte nuclei (dLymph) were calculated and compared with macroscopic whole blood absorbed dose coefficients (dBlood). The DBSCAN algorithm was used to calculate the number of DSBs. Lastly, the number of DSB∙cell−1∙mGy−1 (simulation) was compared with the number of radiation-induced foci per cell and absorbed dose (RIF∙cell−1∙mGy−1) provided by experimental data for gamma and beta emitting radionuclides. For alpha emitters, dLymph and the number of α-tracks∙100 cell−1∙mGy−1 and DSBs∙µm−1 were calculated using experiment-based thresholds for the α-track lengths and DSBs/track values. The results were compared with the results of an ex vivo study with 223Ra. Results The dLymph values differed from the dBlood values by −1.0% (90Y), −5.2% (99mTc), −22.3% (123I), 0.35% (131I), 2.4% (177Lu), −5.6% (223Ra) and −6.1% (225Ac). The number of DSB∙cell−1∙mGy−1 for each radionuclide was 0.014 DSB∙cell−1∙mGy−1 (90Y), 0.016 DSB∙cell−1∙mGy−1 (99mTc), 0.013 DSB∙cell−1∙mGy−1 (123I), 0.012 DSB∙cell−1∙mGy−1 (131I), and 0.012 DSB∙cell−1∙mGy−1 (177Lu). These values agree very well with experimental data. The number of α-tracks∙100 cells−1∙mGy−1 for 223Ra and 225Ac where 0.144 α-tracks∙100 cells−1∙mGy−1 and 0.151 α-tracks∙100 cells−1∙mGy−1, respectively. These values agree very well with experimental data. Moreover, the linear density of DSBs per micrometer α-track length were 11.13 ± 0.04 DSB/µm and 10.86 ± 0.06 DSB/µm for 223Ra and 225Ac, respectively. Conclusion This study describes a model to simulate the DNA DSB damage in lymphocyte nuclei validated by experimental data obtained from internal ex vivo blood irradiation with radionuclides frequently used in diagnostic and therapeutic procedures in nuclear medicine.
62	20.3	track_structure_monte_carlo	candidate_needs_pdf_verify_and_replication_brief	10.1016/j.ejmp.2024.103367	Dose and DNA damage modelling of diffusing alpha-emitters radiation therapy using Geant4.	2024	Physica medica (Testo stampato)	13	L. Ballisat, C. De Sio, L. Beck, S. Guatelli, D. Sakata, Yuyao Shi	http://www.physicamedica.com/article/S1120179724001625/pdf	https://www.semanticscholar.org/paper/7f3c83374f1306c01722c0688bb367f94deda0c6	True	4	0	0	5	Geant4-DNA DNA damage repair simulation radiation biology	PURPOSE Diffusing alpha-emitters radiation therapy (DaRT) is a brachytherapy technique using α-particles to treat solid tumours. The high linear energy transfer (LET) and short range of α-particles make them good candidates for the targeted treatment of cancer. Treatment planning of DaRT requires a good understanding of the dose from α-particles and the other particles released in the 224Ra decay chain.   METHODS The Geant4 Monte Carlo toolkit has been used to simulate a DaRT seed to better understand the dose contribution from all particles and simulate the DNA damage due to this treatment.   RESULTS Close to the seed α-particles deliver the majority of dose, however at radial distances greater than 4 mm, the contribution of β-particles is greater. The RBE has been estimated as a function of number of double strand breaks (DSBs) and complex DSBs. A maximum seed spacing of 5.5 mm and 6.5 mm was found to deliver at least 20 Gy RBE weighted dose between the seeds for RBEDSB and RBEcDSB respectively.   CONCLUSIONS The DNA damage changes with radial distance from the seed and has been found to become less complex with distance, which is potentially easier for the cell to repair. Close to the seed α-particles contribute the majority of dose, however the contribution from other particles cannot be neglected and may influence the choice of seed spacing.
63	20.3	rbe_quality_model	candidate_needs_pdf_verify_and_replication_brief	10.1002/mp.15796	A double-strand-break model for the relative biological effectiveness of electrons based on ionization clustering.	2022	Medical Physics (Lancaster)	3	T. Pfuhl, T. Friedrich, M. Scholz	https://onlinelibrary.wiley.com/doi/pdfdirect/10.1002/mp.15796	https://www.semanticscholar.org/paper/3a69166bd3105be8f318b8788cb5547cdda5f051	True	4	0	0	5	relative biological effectiveness mechanistic model DNA damage repair	BACKGROUND The effectiveness of ionizing radiation regarding DNA damage induction depends on its spatial energy deposition pattern. For electrons an increased effectiveness is observed at low kinetic energies due to the enhanced density of energy deposition events at electron track ends.   PURPOSE A model is presented, which enables the calculation of the double-strand-break (DSB) yield and the relative biological effectiveness (RBE) for DSB induction of electrons.   METHODS The model applies the mean free path between two ionizations and the assumption that two ionizations within a certain threshold distance are necessary to potentially lead to a DSB. Next to an expression for the electron RBE according to its common definition, a local RBE is determined, which describes the electrons' local effectiveness at a defined point on their track.   RESULTS This local RBE allows a better understanding of microscopic processes resulting from radiation and can be used for instance to describe the mean effectiveness of the mixed electron radiation field as a function of the radial distance to the center of an ion track.   CONCLUSIONS The presented model reflects the experimentally-observed increased effectiveness of low-energetic electrons. It will be used in a future work to improve RBE predictions for ions performed with the local effect model. This article is protected by copyright. All rights reserved.
64	20.1	track_structure_monte_carlo	candidate_needs_pdf_verify_and_replication_brief	10.1038/s41598-019-54081-6	Track Structure Study for Energy Dependency of Electrons and X-rays on DNA Double-Strand Break Induction	2019	Scientific Reports	17	Yoshie Yachi, Y. Yoshii, Yusuke Matsuya, Ryosuke Mori, Joma Oikawa, H. Date	https://www.nature.com/articles/s41598-019-54081-6.pdf	https://www.semanticscholar.org/paper/5ba51a6df9225131f928950d7342362bb39a5cb6	True	5	1	0	3	chromosome aberration radiation track structure simulation DNA repair	Radiation weighting factor wR for photons and electrons has been defined as unity independently of the energy of the particles. However, the biological effects depend on the incident energies according to in vitro experimental data. In this study, we have quantified the energy concentration along electron tracks in terms of dose-mean lineal energy (yD) on chromosome (micro-meter) and DNA (nano-meter) order scales by Monte Carlo simulations, and evaluated the impact of photon energies on DNA double-strand break (DNA-DSB) induction from an experimental study of irradiated cells. Our simulation result shows that the yD values for diagnostic X-rays (60–250 kVp) are higher than that for therapeutic X-rays (linac 6 MV), which agrees well with the tissue equivalent proportional counter (TEPC) measurements. The relation between the yD values and the numbers of γ-H2AX foci for various photon energy spectra suggests that low energy X-rays induce DNA-DSB more efficiently than higher energy X-rays even at the same absorbed dose (e.g., 1.0 Gy). The relative biological effectiveness based on DNA-DSBs number (RBEDSB) is proportionally enhanced as the yD value increases, demonstrating that the biological impact of the photon irradiation depends on energy concentration along radiation tracks of electrons produced in the bio-tissues. Ultimately, our study implies that the value of wR for photons varies depending on their energies.
65	20.1	track_structure_monte_carlo	candidate_needs_pdf_verify_and_replication_brief	10.1007/s00411-021-00936-4	Investigation into the foundations of the track-event theory of cell survival and the radiation action model based on nanodosimetry	2021	Radiation and Environmental Biophysics	11	S. Ngcezu, H. Rabus	https://link.springer.com/content/pdf/10.1007/s00411-021-00936-4.pdf	https://www.semanticscholar.org/paper/87ec4a2e5e11e6181a92388d1c6fb0cc68db24ab	True	5	1	0	3	TOPAS-nBio DNA damage cell survival radiation model	This work aims at elaborating the basic assumptions behind the “track-event theory” (TET) and its derivate “radiation action model based on nanodosimetry” (RAMN) by clearly distinguishing between effects of tracks at the cellular level and the induction of lesions in subcellular targets. It is demonstrated that the model assumptions of Poisson distribution and statistical independence of the frequency of single and clustered DNA lesions are dispensable for multi-event distributions because they follow from the Poisson distribution of the number of tracks affecting the considered target volume. It is also shown that making these assumptions for the single-event distributions of the number of lethal and sublethal lesions within a cell would lead to an essentially exponential dose dependence of survival for practically relevant values of the absorbed dose. Furthermore, it is elucidated that the model equation used for consideration of repair within the TET is based on the assumption that DNA lesions induced by different tracks are repaired independently. Consequently, the model equation is presumably inconsistent with the model assumptions and requires an additional model parameter. Furthermore, the methodology for deriving model parameters from nanodosimetric properties of particle track structure is critically assessed. Based on data from proton track simulations it is shown that the assumption of statistically independent targets leads to the prediction of negligible frequency of clustered DNA damage. An approach is outlined how track structure could be considered in determining the model parameters, and the implications for TET and RAMN are discussed.
66	20.1	track_structure_monte_carlo	candidate_needs_pdf_verify_and_replication_brief	10.3389/fphy.2020.576284	Can We Assess Early DNA Damage at the Molecular Scale by Radiation Track Structure Simulations? A Tetranucleosome Scenario in Geant4-DNA	2020	Frontiers of Physics	5	Lorenzo Petrolli, F. Tommasino, E. Scifoni, G. Lattanzi	https://www.frontiersin.org/articles/10.3389/fphy.2020.576284/pdf	https://www.semanticscholar.org/paper/1974805992a6d54d47d1b6255ec3f8c30fa7ad25	True	5	1	0	3	Geant4-DNA DNA damage repair simulation radiation biology	Advanced track structure codes excel as state-of-the-art tools to low-scale dosimetric models: the rational evolution for a cell-like scenario is detailed within a microsecond of an ion collision, that is the standard timescale for critical DNA modifications. The in vitro DNA double-strand breaks (DSB) yield is matched indirectly by nanodosimetric track structure assessments; however, the score to specific DSB motifs (i.e., the yield associated to each DSB distance between DNA cuts) is mostly overlooked. In this work, we extend the PDB4DNA example of the Geant4-DNA toolkit, to briefly assess the hit and DSB scores over a nucleosome tetramer framework (Protein Data Bank entry: 1zbb). We describe a critical scenario that biases the statistical significance for an event-by-event track structure assessment at the nanometric scale, based on a Shannon's entropy estimate of the volumetric hit score; finally, we draw a tentative correlation between the mean DSB quality and a proton track, and conclude that short-distanced DSBs by direct effect are favored within a Bragg peak-relevant energy range.
67	20.0	track_structure_monte_carlo	candidate_needs_pdf_verify_and_replication_brief	10.3390/app11198985	Monte Carlo Simulation-Based Calculations of Complex DNA Damage for Incidents of Environmental Ionizing Radiation Exposure	2021	Applied Sciences	10	S. A. Kalospyros, V. Gika, Z. Nikitaki, A. Kalamara, I. Kyriakou, D. Emfietzoglou	https://www.mdpi.com/2076-3417/11/19/8985/pdf?version=1632731155	https://www.semanticscholar.org/paper/4296170fdd2090c8b986f51d459df6e74cdeaf2f	True	4	1	0	6	MCDS Monte Carlo damage simulation radiation DNA repair	In this paper, we present a useful Monte Carlo (MC)-based methodology that can be utilized to calculate the absorbed dose and the initial levels of complex DNA damage (such as double strand breaks-DSBs) in the case of an environmental ionizing radiation (IR) exposure incident (REI) i.e., a nuclear accident. Our objective is to assess the doses and complex DNA damage by isolating only one component of the total radiation released in the environment after a REI that will affect the health of the exposed individual. More specifically, the radiation emitted by radionuclide 137Cs in the ground (under the individual’s feet). We use a merging of the Monte Carlo N-Particle Transport code (MCNP) with the Monte Carlo Damage Simulation (MCDS) code. The DNA lesions have been estimated through simulations for different surface activities of a 137Cs ground-based γ radiation source. The energy spectrum of the emitted secondary electrons and the absorbed dose in typical mammalian cells have been calculated using the MCNP code, and then these data are used as an input in the MCDS code for the estimation of critical DNA damage levels and types. As a realistic application, the calculated dose is also used to assess the Excess Lifetime Cancer Risk (ELCR) for eight hypothetical individuals, living in different zones around the Chernobyl Nuclear Power Plant, exposed to different time periods at the days of the accident in 1986. We conclude that any exposition of an individual in the near zone of Chernobyl increases the risk of cancer at a moderate to high grade, connected also with the induction of complex DNA damage by radiation. Generally, our methodology has proven to be useful for assessing γ rays-induced complex DNA damage levels of the exposed population, in the case of a REI and for better understanding the long-term health effects of exposure of the population to IR.
68	19.8	track_structure_monte_carlo	candidate_needs_pdf_verify_and_replication_brief	10.1002/mp.13405	Influence of chromatin compaction on simulated early radiation‐induced DNA damage using Geant4‐DNA	2019	Medical Physics (Lancaster)	52	Nicolas Tang, M. Bueno, S. Meylan, S. Incerti, H. Tran, A. Vaurijoux	https://aapm.onlinelibrary.wiley.com/doi/pdfdirect/10.1002/mp.13405	https://www.semanticscholar.org/paper/58b69145c00a5ac47f9c5676f733c17249ad2ca7	True	5	2	0	4	Geant4-DNA DNA damage repair simulation radiation biology	PURPOSE In this work, we present simulated double-strand breaks (DSBs) obtained for two human cell nucleus geometries. The first cell nucleus represents fibroblasts, filled with DNA molecules in different compaction forms: heterochromatin or euchromatin only. The second one represents an endothelial cell nucleus, either filled with heterochromatin only or with a uniform distribution of 48% of heterochromatin and 52% of euchromatin, obtained from measurements carried out at IRSN. Protons and alpha particles of different energies were used as projectiles. Each cell nucleus model includes a multi-scale description of the DNA target from the molecular level to the whole human genome representation.   METHODS The cell nucleus models were generated using an extended version of the DnaFabric software in which a new model of euchromatin was implemented in addition to the existing model of heterochromatin. Thus, each nucleus model contains the complete human genome (a total of 6 Gbp) in the G0/G1 phase of the cycle, filled with a continuous chromatin fiber per chromosome that can take into account the heterochromatin and the euchromatin compaction. These geometries were then exported to a simulation chain using the Monte Carlo toolkit Geant4-DNA to perform computations of the physical, physicochemical, and chemical stages, in order to evaluate the influence of chromatin compaction on DSB induction and the contribution of direct and indirect damage, as well as DSB complexity.   RESULTS More direct damage and less indirect damage were observed in the heterochromatin than in the euchromatin. Nevertheless, no difference in terms of DSB complexity was observed between those formed in the heterochromatin or the euchromatin models. Yields of DSB/Gy/Gbp show an increase when both heterochromatin and euchromatin models are taken into account, compared to when only heterochromatin is considered.   CONCLUSIONS The results presented indicate that the chromatin compaction decreases DNA damage generated by ionizing radiation and thus, DNA compaction should be considered for the simulation of DNA repair and other cellular outcomes.
69	19.8	repair_survival_model	candidate_needs_pdf_verify_and_replication_brief	10.3390/molecules26040840	A Mathematical Radiobiological Model (MRM) to Predict Complex DNA Damage and Cell Survival for Ionizing Particle Radiations of Varying Quality	2021	Molecules	10	S. A. Kalospyros, Z. Nikitaki, I. Kyriakou, M. Kokkoris, D. Emfietzoglou, A. Georgakilas	https://www.mdpi.com/1420-3049/26/4/840/pdf?version=1612787390	https://www.semanticscholar.org/paper/f1133c78d8c98ea0862ee770d0d3e4fcb1b64e4c	True	5	2	0	4	radiation DNA repair mathematical model simulation	Predicting radiobiological effects is important in different areas of basic or clinical applications using ionizing radiation (IR); for example, towards optimizing radiation protection or radiation therapy protocols. In this case, we utilized as a basis the ‘MultiScale Approach (MSA)’ model and developed an integrated mathematical radiobiological model (MRM) with several modifications and improvements. Based on this new adaptation of the MSA model, we have predicted cell-specific levels of initial complex DNA damage and cell survival for irradiation with 11Β, 12C, 14Ν, 16Ο, 20Νe, 40Αr, 28Si and 56Fe ions by using only three input parameters (particle’s LET and two cell-specific parameters: the cross sectional area of each cell nucleus and its genome size). The model-predicted survival curves are in good agreement with the experimental ones. The particle Relative Biological Effectiveness (RBE) and Oxygen Enhancement Ratio (OER) are also calculated in a very satisfactory way. The proposed integrated MRM model (within current limitations) can be a useful tool for the assessment of radiation biological damage for ions used in hadron-beam radiation therapy or radiation protection purposes.
70	19.7	repair_survival_model	candidate_needs_pdf_verify_and_replication_brief	10.1101/2020.11.30.403717	DNA break clustering inside repair domains predicts cell death and mutation frequency in human fibroblasts and in Chinese hamster cells for a 103x range of linear energy transfers	2020	bioRxiv	2	E. Pariset, I. Plante, A. Ponomarev, Louise Viger, Trevor Evain, S. Blattnig	https://doi.org/10.1101/2020.11.30.403717	https://www.semanticscholar.org/paper/a51900cdd27d9feaa3db00955dd285dc0434124a	True	6	3	1	5	chromosome aberration radiation track structure simulation DNA repair	Cosmic radiation, composed of high charged and energy (HZE) particles, causes cell death and mutations that can subsequently lead to cancers. Radiation-mediated mutations are induced by inter- and intra-chromosomal rearrangements (translocations, deletions, inversions) that are triggered by misrepaired DNA breaks, especially double-strand breaks (DSBs). In this work, we introduce a new model to predict radiation-mediated induction of cell death and mutation in two different cell lines across a large range of linear energy transfer (LET) values, based on the assumption that DSBs cluster into repair domains, as previously suggested by our group. Specifically, we propose that the probabilities of cell survival and cell mutation can be determined from the number of DSBs and the number of pairwise DSB interactions forming radiation-induced foci. We computed the distribution and locations of DSBs with the new simulation code RITCARD (relativistic ion tracks, chromosome aberrations, repair, and damage) and combined them with experimental data from HF19 human fibroblasts and V79 Chinese hamster cells to derive the parameters of our model and expand its predictions to the relative biological effectiveness (RBE) for cell survival and mutation in both cell lines in response to 9 different irradiation particles and energies ranging from 10 to 1,600 MeV/n. Our model generates the correct bell shape of LET dependence for RBE, as well as similar RBE values as experimental data, notably including data that were not used to set the model parameters. Interestingly, our results also suggest that cell orientation (parallel or perpendicular) with respect to the HZE beam can modulate the RBE for both cell death and mutation frequency. Cell orientation effects, if confirmed experimentally, would be another strong piece of evidence for the existence of DNA repair domains and their critical role in interpreting cellular sensitivity to cosmic radiation and hadron therapy. AUTHOR SUMMARY One of the main hazards of human spaceflight beyond low Earth orbit is space radiation exposure. Galactic cosmic rays (GCRs), in particular their high-charge and high-energy particle component, induce a unique spatial distribution of DNA double strand breaks in the nucleus along their traversal in the cell [1], which result in significantly higher cancer risk than X-rays [2]. To mitigate this hazard, there is a significant need to better understand and predict the effects of cosmic radiation exposure at the cellular level. We have computationally predicted two biological endpoints – cell survival and probability of mutations, critical for cancer induction mechanisms – for the full spectrum of cosmic radiation types and energies, by modeling the distribution of DNA damage locations within the cell nucleus. From experimental results of cell survival and mutation probability in two standard cell lines, we were able to derive the parameters of the model for multiple radiation qualities, both biological endpoints, and two irradiation orientations. The model was validated against biological data and showed high predictive capability on data not used for tuning the model. Overall, this work opens new perspectives to predict multiple responses to cosmic radiation, even with limited experimental data available.
71	19.6	track_structure_monte_carlo	candidate_needs_pdf_verify_and_replication_brief	10.1002/mp.14212	Investigating the impact of alpha/beta and LETd on relative biological effectiveness in scanned proton beams: An in vitro study based on human cell lines	2020	Medical Physics (Lancaster)	26	E. Mara, M. Clausen, S. Khachonkham, Simon Deycmar, C. Pessy, Wolfgang Doerr	https://onlinelibrary.wiley.com/doi/pdfdirect/10.1002/mp.14212	https://www.semanticscholar.org/paper/ae18d1d867c1c43a8782a3aa6374f268b2b9254e	True	6	3	0	2	relative biological effectiveness mechanistic model DNA damage repair	Purpose A relative biological effectiveness (RBE) of 1.1 is commonly used in clinical proton therapy, irrespective of tissue type and depth. This in vitro study was conducted to quantify the RBE of scanned protons as a function of the dose‐averaged linear energy transfer (LETd) and the sensitivity factor (α/ß)X. Additionally, three phenomenological models (McNamara, Rørvik, and Jones) and one mechanistic model (repair‐misrepair‐fixation, RMF) were applied to the experimentally derived data. Methods Four human cell lines (FaDu, HaCat, Du145, SKMel) with differential (α/ß)X ratios were irradiated in a custom‐designed irradiation setup with doses between 0 and 6 Gy at proximal, central, and distal positions of a 80 mm spread‐out Bragg peak (SOBP) centered at 80 mm (setup A: proton energies 66.5–135.6 MeV) and 155 mm (setup B: proton energies 127.2–185.9 MeV) depth, respectively. LETd values at the respective cell positions were derived from Monte Carlo simulations performed with the treatment planning system (TPS, RayStation). Dosimetric measurements were conducted to verify dose homogeneity and dose delivery accuracy. RBE values were derived for doses that resulted in 90 % (RBE90) and 10 % (RBE10) of cell survival, and survival after a 0.5 Gy dose (RBE0.5Gy), 2 Gy dose (RBE2Gy), and 6 Gy dose (RBE6Gy). Results LETd values at sample positions were 1.9, 2.1, 2.5, 2.8, 4.1, and 4.5 keV/µm. For the cell lines with high (α/ß)X ratios (FaDu, HaCat), the LETd did not impact on the RBE. For low (α/ß)X cell lines (Du145, SKMel), LQ‐derived survival curves indicated a clear correlation of LETd and RBE. RBE90 values up to 2.9 and RBE10 values between 1.4 and 1.8 were obtained. Model‐derived RBE predictions slightly overestimated the RBE for the high (α/ß)X cell lines, although all models except the Jones model provided RBE values within the experimental uncertainty. For low (α/ß)X cell lines, no agreement was found between experiments and model predictions, that is, all models underestimated the measured RBE. Conclusions The sensitivity parameter (α/ß)X was observed to be a major influencing factor for the RBE of protons and its sensitivity toward LETd changes. RBE prediction models are applicable for high (α/ß)X cell lines but do not estimate RBE values with sufficient accuracy in low (α/ß)X cell lines.
72	19.6	track_structure_monte_carlo	candidate_needs_pdf_verify_and_replication_brief	10.1038/s41598-020-72857-z	Analytical formulas representing track-structure simulations on DNA damage induced by protons and light ions at radiotherapy-relevant energies	2020	Scientific Reports	25	P. Kundrát, W. Friedland, J. Becker, M. Eidemüller, A. Ottolenghi, G. Baiocco	https://doi.org/10.1038/s41598-020-72857-z	https://www.semanticscholar.org/paper/745d97faef7684adc36c88edd7c09242fe305e9b	True	4	0	0	4	Monte Carlo track structure DNA damage repair radiation biology	Track structure based simulations valuably complement experimental research on biological effects of ionizing radiation. They provide information at the highest level of detail on initial DNA damage induced by diverse types of radiation. Simulations with the biophysical Monte Carlo code PARTRAC have been used for testing working hypotheses on radiation action mechanisms, for benchmarking other damage codes and as input for modelling subsequent biological processes. To facilitate such applications and in particular to enable extending the simulations to mixed radiation field conditions, we present analytical formulas that capture PARTRAC simulation results on DNA single- and double-strand breaks and their clusters induced in cells irradiated by ions ranging from hydrogen to neon at energies from 0.5 GeV/u down to their stopping. These functions offer a means by which radiation transport codes at the macroscopic scale could easily be extended to predict biological effects, exploiting a large database of results from micro-/nanoscale simulations, without having to deal with the coupling of spatial scales and running full track-structure calculations.
73	19.6	track_structure_monte_carlo	candidate_needs_pdf_verify_and_replication_brief	10.1038/s41598-019-56258-5	In Silico Models of DNA Damage and Repair in Proton Treatment Planning: A Proof of Concept	2019	Scientific Reports	9	E. Smith, N. Henthorn, J. Warmenhoven, S. Ingram, Adam Henry Aitkenhead, J. Richardson	https://www.nature.com/articles/s41598-019-56258-5.pdf	https://www.semanticscholar.org/paper/9989cb5a39859e8ca1a3657eeb8ae58700cddf15	True	6	3	0	2	relative biological effectiveness mechanistic model DNA damage repair	There is strong in vitro cell survival evidence that the relative biological effectiveness (RBE) of protons is variable, with dependence on factors such as linear energy transfer (LET) and dose. This is coupled with the growing in vivo evidence, from post-treatment image change analysis, of a variable RBE. Despite this, a constant RBE of 1.1 is still applied as a standard in proton therapy. However, there is a building clinical interest in incorporating a variable RBE. Recently, correlations summarising Monte Carlo-based mechanistic models of DNA damage and repair with absorbed dose and LET have been published as the Manchester mechanistic (MM) model. These correlations offer an alternative path to variable RBE compared to the more standard phenomenological models. In this proof of concept work, these correlations have been extended to acquire RBE-weighted dose distributions and calculated, along with other RBE models, on a treatment plan. The phenomenological and mechanistic models for RBE have been shown to produce comparable results with some differences in magnitude and relative distribution. The mechanistic model found a large RBE for misrepair, which phenomenological models are unable to do. The potential of the MM model to predict multiple endpoints presents a clear advantage over phenomenological models.
74	19.4	track_structure_monte_carlo	candidate_needs_pdf_verify_and_replication_brief	10.1667/rade-20-00241.1	Monte Carlo Simulation of SARS-CoV-2 Radiation-Induced Inactivation for Vaccine Development	2020	Radiation Research	12	Z. Francis, S. Incerti, S. Zein, Nathanael Lampe, C. Guzmán, M. Durante	https://bioone.org/journals/radiation-research/volume-195/issue-3/RADE-20-00241.1/Monte-Carlo-Simulation-of-SARS-CoV-2-Radiation-Induced-Inactivation/10.1667/RADE-20-00241.1.pdf	https://www.semanticscholar.org/paper/5326515d4062391a68718f5e8c1c1d73b4143d88	True	5	1	0	2	MCDS Monte Carlo damage simulation radiation DNA repair	Immunization with an inactivated virus is one of the strategies currently being tested towards developing a SARS-CoV-2 vaccine. One of the methods used to inactivate viruses is exposure to high doses of ionizing radiation to damage their nucleic acids. While gamma (γ) rays effectively induce lesions in the RNA, envelope proteins are also highly damaged in the process. This in turn may alter their antigenic properties, affecting their capacity to induce an adaptive immune response able to confer effective protection. Here, we modeled the effect of sparsely and densely ionizing radiation on SARS-CoV-2 using the Monte Carlo toolkit Geant4-DNA. With a realistic 3D target virus model, we calculated the expected number of lesions in the spike and membrane proteins, as well as in the viral RNA. Our findings showed that γ rays produced significant spike protein damage, but densely ionizing charged particles induced less membrane damage for the same level of RNA lesions, because a single ion traversal through the nuclear envelope was sufficient to inactivate the virus. We propose that accelerated charged particles produce inactivated viruses with little structural damage to envelope proteins, thereby representing a new and effective tool for developing vaccines against SARS-CoV-2 and other enveloped viruses.
75	19.3	repair_survival_model	candidate_needs_pdf_verify_and_replication_brief	10.1038/srep33290	Mechanistic Modelling of DNA Repair and Cellular Survival Following Radiation-Induced DNA Damage	2016	Scientific Reports	119	S. McMahon, J. Schuemann, H. Paganetti, K. Prise	https://www.nature.com/articles/srep33290.pdf	https://www.semanticscholar.org/paper/13e14ba3e9ad832add255da94beec5d0cfe239c6	True	4	1	0	5	radiation DNA repair mathematical model simulation	Characterising and predicting the effects of ionising radiation on cells remains challenging, with the lack of robust models of the underlying mechanism of radiation responses providing a significant limitation to the development of personalised radiotherapy. In this paper we present a mechanistic model of cellular response to radiation that incorporates the kinetics of different DNA repair processes, the spatial distribution of double strand breaks and the resulting probability and severity of misrepair. This model enables predictions to be made of a range of key biological endpoints (DNA repair kinetics, chromosome aberration and mutation formation, survival) across a range of cell types based on a set of 11 mechanistic fitting parameters that are common across all cells. Applying this model to cellular survival showed its capacity to stratify the radiosensitivity of cells based on aspects of their phenotype and experimental conditions such as cell cycle phase and plating delay (correlation between modelled and observed Mean Inactivation Doses R2 > 0.9). By explicitly incorporating underlying mechanistic factors, this model can integrate knowledge from a wide range of biological studies to provide robust predictions and may act as a foundation for future calculations of individualised radiosensitivity.
76	18.9	systems_pathway_model	candidate_needs_pdf_verify_and_replication_brief	10.1007/s00285-024-02046-3	A spatial measure-valued model for radiation-induced DNA damage kinetics and repair under protracted irradiation condition	2023	Journal of Mathematical Biology	11	F. Cordoni	https://link.springer.com/content/pdf/10.1007/s00285-024-02046-3.pdf	https://www.semanticscholar.org/paper/71755a25a2b14c1556eef2d9f75f10dd53fd96d5	True	4	0	0	3	radiation DNA repair mathematical model simulation	In the present work, we develop a general spatial stochastic model to describe the formation and repair of radiation-induced DNA damage. The model is described mathematically as a measure-valued particle-based stochastic system and extends in several directions the model developed in Cordoni et al. (Phys Rev E 103:012412, 2021; Int J Radiat Biol 1–16, 2022a; Radiat Res 197:218–232, 2022b). In this new spatial formulation, radiation-induced DNA damage in the cell nucleus can undergo different pathways to either repair or lead to cell inactivation. The main novelty of the work is to rigorously define a spatial model that considers the pairwise interaction of lesions and continuous protracted irradiation. The former is relevant from a biological point of view as clustered lesions are less likely to be repaired, leading to cell inactivation. The latter instead describes the effects of a continuous radiation field on biological tissue. We prove the existence and uniqueness of a solution to the above stochastic systems, characterizing its probabilistic properties. We further couple the model describing the biological system to a set of reaction–diffusion equations with random discontinuity that model the chemical environment. At last, we study the large system limit of the process. The developed model can be applied to different contexts, with radiotherapy and space radioprotection being the most relevant. Further, the biochemical system derived can play a crucial role in understanding an extremely promising novel radiotherapy treatment modality, named in the community FLASH radiotherapy, whose mechanism is today largely unknown.
77	17.9	systems_pathway_model	candidate_needs_pdf_verify_and_replication_brief	10.15252/msb.20199068	Stochastic transcription in the p53‐mediated response to DNA damage is modulated by burst frequency	2019	bioRxiv	28	Dhana Friedrich, Laura Friedel, A. Herrmann, S. Preibisch, A. Loewer	https://doi.org/10.15252/msb.20199068	https://www.semanticscholar.org/paper/1973f4c13af14d514e074347ccf6ac1335535001	True	4	1	0	3	p53 radiation DNA damage response mathematical model	Discontinuous transcription has been described for different mammalian cell lines and numerous promoters. However, our knowledge of how the activity of individual promoters is adjusted by dynamic signaling inputs from transcription factor is limited. To address this question, we characterized the activity of selected target genes that are regulated by pulsatile accumulation of the tumor suppressor p53 in response to ionizing radiation. We performed time resolved measurements of gene expression at the single cell level by smFISH and used the resulting data to inform a mathematical model of promoter activity. We found that p53 target promoters are regulated by frequency modulation of stochastic bursting and can be grouped along three archetypes of gene expression. The occurrence of these archetypes cannot solely be explained by nuclear p53 abundance or promoter binding of total p53. Instead, we provide evidence that the time-varying acetylation state of p53’s C-terminal lysine residues is critical for gene-specific regulation of stochastic bursting.
78	17.9	track_structure_monte_carlo	candidate_needs_pdf_verify_and_replication_brief	10.3390/app13158942	DNA Damage of Iron-Gold Nanoparticle Heterojunction Irradiated by kV Photon Beams: A Monte Carlo Study	2023	Applied Sciences	16	J. Chow, Christine A. Santiago	https://www.mdpi.com/2076-3417/13/15/8942/pdf?version=1691066895	https://www.semanticscholar.org/paper/fbec9daf12e97d19ae7a154a4981a3409ac1cb9d	True	4	1	0	3	Geant4-DNA DNA damage repair simulation radiation biology	This study aims to evaluate the dependence of DNA damage on the proportion of iron and gold in iron-gold nanoparticle heterojunctions using Monte Carlo simulations. The simulation setup included a spherical nanoparticle with varying percentages of iron and gold, irradiated by photon beams of different energies (50–150 keV). The Geant4-DNA Monte Carlo code was utilized for the accurate tracking of radiation transport. The results reveal that DNA damage increases with a higher percentage of gold volume in the heterojunction, primarily due to photoelectric enhancement. Furthermore, a lower photon beam energy of 50 keV induces greater DNA damage compared to energies of 100 keV and 150 keV. The findings suggest that for effective cancer cell eradication through DNA damage, the gold volume should be equal to or greater than 50% in the iron-gold nanoparticle heterojunction. In conclusion, the findings from this study will shed light on the potential of iron-gold nanoparticle heterojunctions in enhancing radiotherapy outcomes. The investigation of DNA damage resulting from the combination of contrast agents and radiosensitizers is crucial for advancing cancer research and treatment. The knowledge gained from this research will aid in the development of personalized and effective radiotherapy approaches, ultimately improving patient outcomes in cancer treatment.
79	17.9	track_structure_monte_carlo	candidate_needs_pdf_verify_and_replication_brief	10.1371/journal.pone.0292608	Assessing radiation dosimetry for microorganisms in naturally radioactive mineral springs using GATE and Geant4-DNA Monte Carlo simulations	2023	PLoS ONE	2	S. Kolovi, Giovanna-Rosa Fois, S. Lanouar, P. Chardon, D. Miallier, Lory-Anne Baker	https://journals.plos.org/plosone/article/file?id=10.1371/journal.pone.0292608&type=printable	https://www.semanticscholar.org/paper/e5540147f217707e9da72769f53aa5f7b7ece582	True	4	1	0	3	Geant4-DNA DNA damage repair simulation radiation biology	Mineral springs in Massif Central, France can be characterized by higher levels of natural radioactivity in comparison to the background. The biota in these waters is constantly under radiation exposure mainly from the α-emitters of the natural decay chains, with 226Ra in sediments ranging from 21 Bq/g to 43 Bq/g and 222Rn activity concentrations in water up to 4600 Bq/L. This study couples for the first time micro- and nanodosimetric approaches to radioecology by combining GATE and Geant4-DNA to assess the dose rates and DNA damages to microorganisms living in these naturally radioactive ecosystems. It focuses on unicellular eukaryotic microalgae (diatoms) which display an exceptional abundance of teratological forms in the most radioactive mineral springs in Auvergne. Using spherical geometries for the microorganisms and based on γ-spectrometric analyses, we evaluate the impact of the external exposure to 1000 Bq/L 222Rn dissolved in the water and 30 Bq/g 226Ra in the sediments. Our results show that the external dose rates for diatoms are significant (9.7 μGy/h) and comparable to the threshold (10 μGy/h) for the protection of the ecosystems suggested by the literature. In a first attempt of simulating the radiation induced DNA damage on this species, the rate of DNA Double Strand Breaks per day is estimated to 1.11E-04. Our study confirms the significant mutational pressure from natural radioactivity to which microbial biodiversity has been exposed since Earth origin in hydrothermal springs.
80	17.7	track_structure_monte_carlo	candidate_needs_pdf_verify_and_replication_brief	10.1093/jrr/rrad049	Event-by-event approach to the oxygen-effect-incorporated stochastic microdosimetric kinetic model for hypofractionated multi-ion therapy	2023	Journal of Radiation Research	10	T. Inaniwa, N. Kanematsu	https://academic.oup.com/jrr/advance-article-pdf/doi/10.1093/jrr/rrad049/50839083/rrad049.pdf	https://www.semanticscholar.org/paper/d526746a66581bdebb37395a69bf7a724a46c5fe	True	5	2	0	1	cell survival radiation induced DSB repair kinetic model	Abstract An oxygen-effect-incorporated stochastic microdosimetric kinetic (OSMK) model was previously developed to estimate the survival fraction of cells exposed to charged-particle beams with wide dose and linear energy transfer (LET) ranges under various oxygen conditions. In the model, hypoxia-induced radioresistance was formulated based on the dose-averaged radiation quality. This approximation may cause inaccuracy in the estimation of the biological effectiveness of the radiation with wide variation in energy deposited to a sensitive volume per event, such as spread-out Bragg peak (SOBP) beams. The purpose of this study was to apply an alternative approach so as to consider the energy depositions on an event-by-event basis. The production probability of radiation-induced lesions per energy was formulated with oxygen partial pressure to account for the hypoxia-induced radioresistance. The reduction in the oxygen enhancement ratio for high-LET radiations was modeled by reducing the sensitive-volume size and increasing the saturation energy in microdosimetry. The modified OSMK model was tested against the reported survival data of three cell lines exposed to six species of ions with wide dose and LET ranges under aerobic and hypoxic conditions. The model reasonably reproduced the reported cell survival data. To evaluate the event-by-event approach, survival distributions of Chinese hamster ovary cells exposed to SOBP beams were estimated using the original and modified OSMK models. The differences in the estimated survival distributions between the models were marginal even under extreme hypoxia. The event-by-event approach improved the theoretical validity of the OSMK model. However, the original OSMK model can still provide an accurate estimation of the biological effectiveness of therapeutic radiations.
81	17.6	track_structure_monte_carlo	candidate_needs_pdf_verify_and_replication_brief	10.1051/epjconf/201715304019	Geant4-DNA simulation of DNA damage caused by direct and indirect radiation effects and comparison with biological data.	2017		25	C. Villagrasa, S. Meylan, G. Gonon, G. Gruel, U. Giesen, M. Bueno	https://www.epj-conferences.org/articles/epjconf/pdf/2017/22/epjconf_icrs2017_04019.pdf	https://www.semanticscholar.org/paper/4196b0daeaee2d83708b46fca9447d5984b4f1a2	True	4	2	0	4	Geant4-DNA DNA damage repair simulation radiation biology	In this work we present results obtained in the frame of the BioQuaRT project. The objective of the study was the correlation between the number of radiation-induced double strand breaks (DSB) of the DNA molecule and the probability of detecting nuclear foci after targeted microbeam irradiation of cells with protons and alpha particles of different LET. The former were obtained by simulation with new methods integrated into Geant4-DNA that permit calculating the number of DSB in a DNA target model induced by direct and indirect radiation effects. A particular focus was laid in this work on evaluating the influence of different criteria applied to the simulated results for predicting the formation of a direct SSB. Indeed, these criteria have an important impact on the predicted number of DSB per particle track and its dependence with LET. Among the criteria tested in this work, the case that a direct radiation interaction leads to a strand break if the cumulative energy deposited in the backbone part of one nucleotide exceeds a threshold of 17.5 eV leads to the best agreement with the relative LET dependence of number of radiation induced foci. Further calculations and experimental data are nevertheless needed in order to fix the simulation parameters and to help interpreting the biological experimental data observed by immunofluorescence in terms of the DSB complexity.
82	17.6	track_structure_monte_carlo	candidate_needs_pdf_verify_and_replication_brief	10.1371/journal.pcbi.1008476	Hi-C implementation of genome structure for in silico models of radiation-induced DNA damage	2020	PLoS Comput. Biol.	19	S. Ingram, N. Henthorn, J. Warmenhoven, N. Kirkby, R. Mackay, K. Kirkby	https://journals.plos.org/ploscompbiol/article/file?id=10.1371/journal.pcbi.1008476&type=printable	https://www.semanticscholar.org/paper/a5d40aea4f644cea230d171e0c4c9d32c332dcc6	True	4	2	0	4	chromosome aberration radiation track structure simulation DNA repair	Developments in the genome organisation field has resulted in the recent methodology to infer spatial conformations of the genome directly from experimentally measured genome contacts (Hi-C data). This provides a detailed description of both intra- and inter-chromosomal arrangements. Chromosomal intermingling is an important driver for radiation-induced DNA mis-repair. Which is a key biological endpoint of relevance to the fields of cancer therapy (radiotherapy), public health (biodosimetry) and space travel. For the first time, we leverage these methods of inferring genome organisation and couple them to nano-dosimetric radiation track structure modelling to predict quantities and distribution of DNA damage within cell-type specific geometries. These nano-dosimetric simulations are highly dependent on geometry and are benefited from the inclusion of experimentally driven chromosome conformations. We show how the changes in Hi-C contract maps impact the inferred geometries resulting in significant differences in chromosomal intermingling. We demonstrate how these differences propagate through to significant changes in the distribution of DNA damage throughout the cell nucleus, suggesting implications for DNA repair fidelity and subsequent cell fate. We suggest that differences in the geometric clustering for the chromosomes between the cell-types are a plausible factor leading to changes in cellular radiosensitivity. Furthermore, we investigate changes in cell shape, such as flattening, and show that this greatly impacts the distribution of DNA damage. This should be considered when comparing in vitro results to in vivo systems. The effect may be especially important when attempting to translate radiosensitivity measurements at the experimental in vitro level to the patient or human level.
83	17.4	track_structure_monte_carlo	candidate_needs_pdf_verify_and_replication_brief	10.1016/j.clon.2019.08.006	Radiation Track Structure: How the Spatial Distribution of Energy Deposition Drives Biological Response.	2020	Clinics in oncology	48	Mark A. Hill	https://ora.ox.ac.uk/objects/uuid:19ab9d04-a43f-4c50-a701-9d65b4b4ec8e/files/rz316q177v	https://www.semanticscholar.org/paper/c9aaa1a0632b44ed338f1c2e1a077b35608686fd	True	3	0	0	4	chromosome aberration radiation track structure simulation DNA repair	Ionising radiation is incredibly effective at causing biological effects. This is due to the unique way energy is deposited along highly structured tracks of ionisation and excitation events, which results in correlation with sites of DNA damage from the nanometre to the micrometre scale. Correlation of these events along the track on the nanometre scale results in clustered damage, which not only results in the formation of DNA double-strand breaks (DSB), but also more difficult to repair complex DSB, which include additional damage within a few base pairs. The track structure varies significantly with radiation quality and the increase in relative biological effectiveness observed with increasing linear energy transfer in part corresponds to an increase in the probability and complexity of clustered DNA damage produced. Likewise, correlation over larger scales, associated with packing of DNA and associated chromosomes within the cell nucleus, can also have a major impact on the biological response. The proximity of the correlated damage along the track increases the probability of miss-repair through pairwise interactions resulting in an increase in probability and complexity of DNA fragments/deletions, mutations and chromosomal rearrangements. Understanding the mechanisms underlying the biological effectiveness of ionising radiation can provide an important insight into ways of increasing the efficacy of radiotherapy, as well as the risks associated with exposure. This requires a multi-scale approach for modelling, not only considering the physics of the track structure from the millimetre scale down to the nanometre scale, but also the structural packing of the DNA within the nucleus, the resulting chemistry in the context of the highly reactive environment of the nucleus, together with the subsequent biological response.
84	17.4	track_structure_monte_carlo	candidate_needs_pdf_verify_and_replication_brief	10.1016/j.zemedi.2022.07.003	DNA damage by radiation as a function of electron energy and interaction at the atomic level with Monte Carlo simulation	2022	Zeitschrift für Medizinische Physik	7	Y. Lamghari, Huizhong Lu, M. Bentourkia	https://doi.org/10.1016/j.zemedi.2022.07.003	https://www.semanticscholar.org/paper/ddca008f12ef4c75e5ecc485a56aa756d32d3469	True	3	0	0	4	MCDS Monte Carlo damage simulation radiation DNA repair	In radiotherapy, X-ray or heavy ion beams target tumors to cause damage to their cell DNA. This damage is mainly induced by secondary low energy electrons. In this paper, we report the DNA molecular breaks at the atomic level as a function of electron energy and types of electron interactions using of Monte Carlo simulation. The number of DNA single and double strand breaks are compared to those from experimental results based on electron energies. In recent years, DNA atomistic models were introduced but still the simulations consider energy deposition in volumes of DNA or water equivalent material. We simulated a model of atomistic B-DNA in vacuum, forming 1122 base pairs of 30 nm in length. Each atom has been represented by a sphere whose radius equals the radius of van der Waals. We repeatedly simulated 10 million electrons for each energy from 4 eV to 500 eV and counted each interaction type with its position x, y, z in the volume of DNA. Based on the number and types of interactions at the atomic level, the number of DNA single and double strand breaks were calculated. We found that the dissociative electron attachment has the dominant effect on DNA strand breaks at energies below 10 eV compared to excitation and ionization. In addition, it is straightforward with our simulation to discriminate the strand and base breaks as a function of radiation interaction type and energy. In conclusion, the knowledge of DNA damage at the atomic level helps design direct internal therapeutic agents of cancer treatment.
85	17.2	track_structure_monte_carlo	candidate_needs_pdf_verify_and_replication_brief	10.1667/rr15209.1	A New Standard DNA Damage (SDD) Data Format	2018	Radiation Research	64	J. Schuemann, Aimee McNamara, J. Warmenhoven, N. Henthorn, K. Kirkby, M. Merchant	https://bioone.org/journals/radiation-research/volume-191/issue-1/RR15209.1/A-New-Standard-DNA-Damage-SDD-Data-Format/10.1667/RR15209.1.pdf	https://www.semanticscholar.org/paper/eaf4c19608927046920505dcbffc0a25df4447ff	True	4	1	0	2	Monte Carlo track structure DNA damage repair radiation biology	Our understanding of radiation-induced cellular damage has greatly improved over the past few decades. Despite this progress, there are still many obstacles to fully understand how radiation interacts with biologically relevant cellular components, such as DNA, to cause observable end points such as cell killing. Damage in DNA is identified as a major route of cell killing. One hurdle when modeling biological effects is the difficulty in directly comparing results generated by members of different research groups. Multiple Monte Carlo codes have been developed to simulate damage induction at the DNA scale, while at the same time various groups have developed models that describe DNA repair processes with varying levels of detail. These repair models are intrinsically linked to the damage model employed in their development, making it difficult to disentangle systematic effects in either part of the modeling chain. These modeling chains typically consist of track-structure Monte Carlo simulations of the physical interactions creating direct damages to DNA, followed by simulations of the production and initial reactions of chemical species causing so-called “indirect” damages. After the induction of DNA damage, DNA repair models combine the simulated damage patterns with biological models to determine the biological consequences of the damage. To date, the effect of the environment, such as molecular oxygen (normoxic vs. hypoxic), has been poorly considered. We propose a new standard DNA damage (SDD) data format to unify the interface between the simulation of damage induction in DNA and the biological modeling of DNA repair processes, and introduce the effect of the environment (molecular oxygen or other compounds) as a flexible parameter. Such a standard greatly facilitates intermodel comparisons, providing an ideal environment to tease out model assumptions and identify persistent, underlying mechanisms. Through inter-model comparisons, this unified standard has the potential to greatly advance our understanding of the underlying mechanisms of radiation-induced DNA damage and the resulting observable biological effects when radiation parameters and/or environmental conditions change.
86	17.2	track_structure_monte_carlo	candidate_needs_pdf_verify_and_replication_brief	10.1088/1367-2630/10/7/075008	Heavy-ion effects: from track structure to DNA and chromosome damage	2008		44	F. Ballarini, D. Alloni, Angelica Facoetti, Andrea Ottolenghi	https://iopscience.iop.org/article/10.1088/1367-2630/10/7/075008/pdf	https://www.semanticscholar.org/paper/80fd3113cd4590a7588bafd968223616c8e0c129	True	4	1	0	2	chromosome aberration radiation track structure simulation DNA repair	The use of carbon ions for the treatment of certain tumour types, especially radioresistant tumours, is becoming more frequent due to the carbon-ion dose localization and high relative biological effectiveness (RBE) in the Bragg peak region. Human beings can also be exposed to heavy ions in space, since galactic cosmic rays are a mixed field consisting of not only high-energy protons and He ions, but also heavier ions including iron. Due to their high linear energy transfer (LET), heavy ions have peculiar track structures, characterized by a high level of energy deposition clustering. Furthermore, high-energy ions produce energetic secondary electrons (‘delta rays’) which can give rise to energy depositions several micrometres away from the core of the primary particle track. Also in view of hadron therapy and space radiation applications, it is therefore important to characterize heavy-ion tracks from a physical and biophysical point of view. In this framework, herein we will discuss the main physical features of heavy-ion track structure, as well as heavy-ion-induced DNA double-strand breaks, which are regarded as one of the most important initial radiobiological lesions and chromosome aberrations, which are correlated both with cell death and with cell conversion to malignancy.
87	17.2	track_structure_monte_carlo	candidate_needs_pdf_verify_and_replication_brief	10.1259/bjr.20200125	Dose compensation based on biological effectiveness due to interruption time for photon radiation therapy.	2020	British Journal of Radiology	13	Daisuke Kawahara, Hisashi Nakano, A. Saito, S. Ozawa, Y. Nagata	https://academic.oup.com/bjr/article-pdf/93/1111/20200125/54525516/bjr.20200125.pdf	https://www.semanticscholar.org/paper/fb5ab6e7681496b14fe545a3b277b2fa05da53b2	True	4	1	0	2	radiation quality factor biological effectiveness model DNA damage	OBJECTIVE To evaluate the biological effectiveness of dose associated with interruption time; and propose the dose compensation method based on biological effectiveness when an interruption occurs during photon radiation therapy.   METHODS The lineal energy distribution for human salivary gland tumor was calculated by Monte Carlo simulation using a photon beam. The biological dose (Dbio) was estimated using the microdosimetric kinetic model. The dose compensating factor with the physical dose for the difference of the Dbio with and without interruption (Δ) was derived. The interruption time (τ) was varied to 0.1, 0.2, 0.3, 0.4, 0.5, 1, 2, 3, 4, 5, 10, 20, 30, 40, 50, 75, and 120 min. The dose per fraction and dose rate varied from 2 to 8 Gy and 0.1 to 24 Gy/min, respectively.   RESULTS The maximum Δ with 1 Gy/min occurred when the interruption occurred at half the dose. The Δ with 1 Gy/min at half of the dose was over 3% for τ >= 20 min for 2 Gy, τ = 10 min for 5 Gy, and τ = 10 min for 8 Gy. The maximum difference of the Δ due to the dose rate was within 3% for 2 and 5 Gy, and achieving values of 4.0% for 8 Gy. The dose compensating factor was larger with a high dose per fraction and high-dose rate beams.   CONCLUSION A loss of biological effectiveness occurs due to interruption. Our proposal method could correct for the unexpected decrease of the biological effectiveness caused by interruption time.   ADVANCES IN KNOWLEDGE For photon radiotherapy, the interruption causes the sublethal damage repair. The current study proposed the dose compensation method for the decrease of the biological effect by the interruption.
88	17.2	track_structure_monte_carlo	candidate_needs_pdf_verify_and_replication_brief	10.1101/2025.01.28.635376	The calculation of the mutation frequency for humans at different proton doses in a mathematical model and estimation of the mutation risks for the space explorations	2025	bioRxiv	0	M. Kara, M. Demirköz	https://doi.org/10.1101/2025.01.28.635376	https://www.semanticscholar.org/paper/adb2297bb2c5ce5e2d8340ed21f3472047616f9c	True	4	1	0	2	radiation DNA repair mathematical model simulation	DNA is considered a fundamental component of life, yet it remains vulnerable to damage under extreme conditions, such as ionizing radiation exposure. To better understand this fragility, it becomes important to estimate mutation frequencies under different radiation doses. Furthermore, this approach has potential for future applications, especially in the context of deep space exploration, where astronauts are exposed to higher levels of cosmic radiation. For this purpose, we developed a mathematical model by integrating two existing models, the Monte Carlo Excision Repair (MCER) model and the Whack-a-Mole (WAM) model, both specifically adapted for use in manned space missions. The WAM model is supported with the Monte Carlo simulation to address the lack of human experimental data available in previous studies so that by calculating four key variables related to the human cells defined in the WAM model, potential mutations in astronauts during space exploration were estimated. The results showed small deviations from previous studies, which can be attributed to differences in the type of radiation sources as well as the organisms studied being different from those used in previous studies. With this study, researchers can now better predict mutation frequency during deep space missions by considering the impact of cosmic radiation. This is particularly important in the context of future missions to the Moon and Mars, where cosmic radiation will play an important role in mission planning and risk management.
89	17.1	track_structure_monte_carlo	candidate_needs_pdf_verify_and_replication_brief	10.1007/s00411-022-00989-z	A matter of space: how the spatial heterogeneity in energy deposition determines the biological outcome of radiation exposure	2022	Radiation and Environmental Biophysics	26	G. Baiocco, S. Bartzsch, V. Conte, T. Friedrich, B. Jakob, Adrianna Tartas	https://link.springer.com/content/pdf/10.1007/s00411-022-00989-z.pdf	https://www.semanticscholar.org/paper/b9cc5b00a44430f3fffc840eb724722a67310c00	True	5	1	0	3	chromosome aberration radiation track structure simulation DNA repair	The outcome of the exposure of living organisms to ionizing radiation is determined by the distribution of the associated energy deposition at different spatial scales. Radiation proceeds through ionizations and excitations of hit molecules with an ~ nm spacing. Approaches such as nanodosimetry/microdosimetry and Monte Carlo track-structure simulations have been successfully adopted to investigate radiation quality effects: they allow to explore correlations between the spatial clustering of such energy depositions at the scales of DNA or chromosome domains and their biological consequences at the cellular level. Physical features alone, however, are not enough to assess the entity and complexity of radiation-induced DNA damage: this latter is the result of an interplay between radiation track structure and the spatial architecture of chromatin, and further depends on the chromatin dynamic response, affecting the activation and efficiency of the repair machinery. The heterogeneity of radiation energy depositions at the single-cell level affects the trade-off between cell inactivation and induction of viable mutations and hence influences radiation-induced carcinogenesis. In radiation therapy, where the goal is cancer cell inactivation, the delivery of a homogenous dose to the tumour has been the traditional approach in clinical practice. However, evidence is accumulating that introducing heterogeneity with spatially fractionated beams (mini- and microbeam therapy) can lead to significant advantages, particularly in sparing normal tissues. Such findings cannot be explained in merely physical terms, and their interpretation requires considering the scales at play in the underlying biological mechanisms, suggesting a systemic response to radiation.
90	17.1	track_structure_monte_carlo	candidate_needs_pdf_verify_and_replication_brief	10.1007/978-3-319-19387-8_417	DNA Damage Induced in Glioblastoma Cells by I-131: A Comparison between Experimental Data and Monte Carlo Simulation	2012	Cell journal	8	A. Neshasteh-Riz, Fereshteh Koosha, A. Mohsenifar, S. Mahdavi	https://europepmc.org/articles/pmc3635817?pdf=render	https://www.semanticscholar.org/paper/f536be083360c80438d12cbd16cf863a8bcde931	True	3	1	0	5	MCDS Monte Carlo damage simulation radiation DNA repair	Objective: The passage of ionizing radiation in living cells creates clusters of damaged nucleotides in DNA. In this study, DNA strand breaks induced by the beta particle of iodine-131 (I-131), have been determined experimentally and compared to Monte Carlo simulation results as a theoretical method of determining131I damage. Materials and Methods: In this experimental study, in order to create single strand breaks (SSB) and double strand breaks (DSB) in the DNA, glioblastoma (GBM) cells were exposed to 10 mCi I-131, at a dose of 2 Gy. Damage of irradiated cells were evaluated quantitatively by the Fast Micromethod assay. The energy spectrum of electrons released in cells were obtained by the macroscopic Monte Carlo code (MCNP4c) and used as an input of the micro Monte Carlo code (MCDS). The percent of damage induced in cells was analyzed by Mann-Whitney test. Results: A significant reduction (p<0.05) in fluorescence intensity in irradiated cells compared to control cells as determined by the Fast Micromethod assay represented induced SSB and DSB damages in the DNA of irradiated cells. Comparison of experimental and theoretical results showed that the difference between the percentages of SSB per Gy was about 7.4% and DSB was about 1% per Gy. Conclusion: The differences in experimental and theoretical results may be due to the algorithm of applied codes. Since the Fast Micromethod and other experimental techniques do not provide information about the amount of detailed and complex damages of DNA-like base damages, the applied Monte Carlo codes, due to their capability to predict the amount of detailed damages that occur in the DNA of irradiated cells, can be used in in vitro experiments and radiation protection areas.
91	16.9	track_structure_monte_carlo	candidate_needs_pdf_verify_and_replication_brief	10.1038/s41598-017-11851-4	Simulation of early DNA damage after the irradiation of a fibroblast cell nucleus using Geant4-DNA	2017	Scientific Reports	137	S. Meylan, S. Incerti, M. Karamitros, Nicolas Tang, M. Bueno, I. Clairand	https://doi.org/10.1038/s41598-017-11851-4	https://www.semanticscholar.org/paper/5bd2572cba0344dda997202fe5f3e500cd24b264	True	4	2	0	3	Geant4-DNA DNA damage repair simulation radiation biology	In order to improve the understanding of the mechanisms involved in the generation of early DNA damage, a new calculation chain based on the Geant4-DNA toolkit was developed. This work presents for the first time the simulation of the physical, physicochemical and chemical stages of early radiation damage at the scale of an entire human genome (fibroblast, male) and using Geant4-DNA models. The DnaFabric software was extended to generate and export this nucleus model to a text file with a specific format that can be read by Geant4 user applications. This calculation chain was used to simulate the irradiation of the nucleus by primary protons of different energies (0,5; 0,7; 0,8; 1; 1,5; 2; 3; 4; 5; 10; 20 MeV) and the results, in terms of DNA double strand breaks, agree with experimental data found in the literature (pulsed field electrophoresis technique). These results show that the simulation is consistent and that its parameters are well balanced. Among the different parameters that can be adjusted, our results demonstrate that the criterion used to select direct strand break appears to have a very significant role on the final number of simulated double strand breaks.
92	16.9	systems_pathway_model	candidate_needs_pdf_verify_and_replication_brief	10.1371/journal.pone.0028559	Radiation-Induced Carcinogenesis: Mechanistically Based Differences between Gamma-Rays and Neutrons, and Interactions with DMBA	2011	PLoS ONE	40	I. Shuryak, D. Brenner, R. Ullrich	https://doi.org/10.1371/journal.pone.0028559	https://www.semanticscholar.org/paper/893ad2820010e66a76d908e31918547c26a75682	True	4	2	0	3	radiation bystander effect mathematical model low dose	Different types of ionizing radiation produce different dependences of cancer risk on radiation dose/dose rate. Sparsely ionizing radiation (e.g. γ-rays) generally produces linear or upwardly curving dose responses at low doses, and the risk decreases when the dose rate is reduced (direct dose rate effect). Densely ionizing radiation (e.g. neutrons) often produces downwardly curving dose responses, where the risk initially grows with dose, but eventually stabilizes or decreases. When the dose rate is reduced, the risk increases (inverse dose rate effect). These qualitative differences suggest qualitative differences in carcinogenesis mechanisms. We hypothesize that the dominant mechanism for induction of many solid cancers by sparsely ionizing radiation is initiation of stem cells to a pre-malignant state, but for densely ionizing radiation the dominant mechanism is radiation-bystander-effect mediated promotion of already pre-malignant cell clone growth. Here we present a mathematical model based on these assumptions and test it using data on the incidence of dysplastic growths and tumors in the mammary glands of mice exposed to high or low dose rates of γ-rays and neutrons, either with or without pre-treatment with the chemical carcinogen 7,12-dimethylbenz-alpha-anthracene (DMBA). The model provides a mechanistic and quantitative explanation which is consistent with the data and may provide useful insight into human carcinogenesis.
93	16.9	repair_survival_model	candidate_needs_pdf_verify_and_replication_brief	10.1016/j.ijrobp.2021.07.079	A Novel Mechanistic Cell Survival Model to Replace Linear-Quadratic Model for Relative Biological Effectiveness (RBE) in Proton Therapy.	2021	International Journal of Radiation Oncology, Biology, Physics	1	J. Jin, J. Yuan, N. Oleinick, M. Yao, Q. Pan, F. Kong	https://doi.org/10.1016/j.ijrobp.2021.07.079	https://www.semanticscholar.org/paper/2aa0b4a3cae5651efbe419328eb05c536f475824	True	4	2	0	3	TOPAS-nBio DNA damage cell survival radiation model	PURPOSE/OBJECTIVE(S) Relative biological effectiveness (RBE) is important in proton therapy. Although a large amount of in vitro cell experimental data exists for various linear energy transfers (LETs) and various cell lines, it is difficult to derive a reliable RBE model from these data using the classic linear-quadratic (LQ) model, mainly because its parameters, αLQ and βLQ, have no clear mechanistic correlation with LET. In this study, we hypothesize that a mechanistic model with parameters directly relate to LET can be developed to replace the LQ model for cell survival description, and it would be better than the LQ model for RBE model derivation. The 2 parameters in the model are αM, which represents the ability to generate cell damage and may linearly increase with LET, and βM, which represents the ability to repair cell damage and may linearly decrease with LET (because higher LET generates more clustered DNA damages, which are difficult to repair).   MATERIALS/METHODS We used the number of unit damages to score the severity of radiation-generated damage in a cell. Assuming that a dose of D generated an average number of αM*D unit damages, the probability of cells having n (n = 0, 1, 2, ...m) unit damages was thus determined using the Poisson Equation, P(n) = [(αMD)n/n!]*exp(-αMD). We further assumed that a cell with n unit damages has a probability of βMn to be repaired, and cells having 4 or more unit damages would not be repaired. Thus, the survival fraction of cells after a dose of D was derived as SF(D) = [1+αMβMD+(αMβMD)2/2+(αMβMD)3/6]*exp(-αMD). A total of 47 experimental cell survival datasets for 3 cell lines in the literature were used to test this mechanistic model. Correlations of αM and βM with LET were determined in terms of RBEα and RBEβ, which is the ratio of αM (or βM) in proton and photon. A RBE model was consequently derived.   RESULTS The mechanistic model fitted well with all experimental data, similar as the LQ model. Interestingly, for two cell lines with pristine proton beam data, both αM and βM were perfect linear functions of LET, with R2 = 0.98∼1.0. On the other hand, the linearity was greatly degraded for the corresponding spread-out Bragg Peak (SOBP) data, with same data points deviating at same directions for 2 cell lines, suggesting that the LET values calculated in SOBP were not as accurate as pristine beam. For the 3rd cell line with majority data points of SOBP beams, R2 = 0.89∼0.91. The correlation of αM and βM with LET were expressed as RBEα = 1.1+kα*LET and RBEβ = 1.0-kβ*LET, where kα = 0.018, 0.009 and 0.005, kβ = 0.031, 0.028, and 0.027 for 3 cell lines, respectively. A RBE model depending on LET, dose and cell type (represented by αM and βM in photon) was finally derived.   CONCLUSION A mechanistic cell survival model was developed and it appeared to have advantage over the LQ model in deriving a reliable RBE model.
94	16.7	repair_survival_model	candidate_needs_pdf_verify_and_replication_brief	10.3390/ijms20236054	Modeling the Effect of Hypoxia and DNA Repair Inhibition on Cell Survival after Photon Irradiation	2019	International Journal of Molecular Sciences	15	H. Liew, C. Klein, F. Zenke, A. Abdollahi, J. Debus, I. Dokic	https://www.mdpi.com/1422-0067/20/23/6054/pdf?version=1575452189	https://www.semanticscholar.org/paper/bc5fc950cde2861244cb24f72f72c97f57d2b349	True	3	0	0	3	TOPAS-nBio DNA damage cell survival radiation model	Mechanistic approaches to modeling the effects of ionizing radiation on cells are on the rise, promising a better understanding of predictions and higher flexibility concerning conditions to be accounted for. In this work we modified and extended a previously published mechanistic model of cell survival after photon irradiation under hypoxia to account for radiosensitization caused by deficiency or inhibition of DNA damage repair enzymes. The model is shown to be capable of describing the survival data of cells with DNA damage repair deficiency, both under norm- and hypoxia. We find that our parameterization of radiosensitization is invariant under change of oxygen status, indicating that the relevant parameters for both mechanisms can be obtained independently and introduced freely to the model to predict their combined effect.
95	16.6	systems_pathway_model	candidate_needs_pdf_verify_and_replication_brief	10.1126/scisignal.aah6671	Dynamics of p53 in response to DNA damage vary across cell lines and are shaped by efficiency of DNA repair and activity of the kinase ATM	2017	Science Signaling	100	Jacob Stewart-Ornstein, G. Lahav	https://stke.sciencemag.org/content/sigtrans/10/476/eaah6671.full.pdf	https://www.semanticscholar.org/paper/52a9fe37a94c028ba7dd04483c94f0cd2504a7ea	True	4	3	0	4	p53 radiation DNA damage response mathematical model	Single-cell imaging shows that the p53 response to DNA damage is dynamic and cell line–specific. Variations in p53 dynamics A cell’s response to changes in its extracellular or intracellular environment (the path between signal and output) involves complex molecular networks. These networks are temporally dynamic, requiring investigators to consider multiple time points when analyzing pathway activity. Using single-cell imaging, Stewart-Ornstein and Lahav showed not only that DNA damage dynamically induced the tumor suppressor protein p53, which regulates cell cycle arrest and apoptosis, but also that those dynamics varied between cell lines, even of the same tissue type. The findings provide insight into the p53-mediated DNA damage response in multiple cell types. Because many other signaling pathways likely demonstrate this high degree of variability, the study also reveals that making generalized assumptions about cell signaling behavior based on a single cell line, or even one line for each tissue, is prone to error. Cellular systems show a wide range of signaling dynamics. Many of these dynamics are highly stereotyped, such as oscillations at a fixed frequency. However, most studies looking at the role of signaling dynamics focus on one or a few cell lines, leaving the diversity of dynamics across tissues or cell lines a largely unexplored question. We focused on the dynamics of the tumor suppressor protein p53, which regulates cell cycle arrest and apoptosis in response to DNA damage. We established live-cell reporters for 12 cancer cell lines expressing wild-type p53 and quantified p53 dynamics in response to double-strand break–inducing DNA damage. In many of the tested cell lines, we found that p53 abundance oscillated in response to ionizing radiation or the DNA-damaging chemotherapeutic neocarzinostatin and that the periodicity of the oscillations was fixed. In other cell lines, p53 abundance dynamically changed in different ways, such as a single broad pulse or a continuous induction. By combining single-cell assays of p53 signaling dynamics, small-molecule screening in live cells, and mathematical modeling, we identified molecules that perturbed p53 dynamics and determined that cell-specific variation in the efficiency of DNA repair and the activity of the kinase ATM (ataxia-telangiectasia mutated) controlled the signaling landscape of p53 dynamics. Because the dynamics of wild-type p53 varied substantially between cell lines, our study highlights the limitation of using one line as a model system and emphasizes the importance of studying the dynamics of other signaling pathways across different cell lines and genetic backgrounds.
96	16.6	systems_pathway_model	candidate_needs_pdf_verify_and_replication_brief	10.1016/j.jtbi.2009.08.003	A model of interactions between radiation-induced oxidative stress, protein and DNA damage in Deinococcus radiodurans	2009	Journal of Theoretical Biology	36	I. Shuryak, D. Brenner	https://europepmc.org/articles/pmc2774503?pdf=render	https://www.semanticscholar.org/paper/0d2218696005fa4d13940d1170b2d69116c8b938	True	2	0	0	6	radiation-induced DNA damage mechanistic model cell survival	Ionizing radiation triggers oxidative stress, which can have a variety of subtle and profound biological effects. Here we focus on mathematical modeling of potential synergistic interactions between radiation damage to DNA and oxidative stress-induced damage to proteins involved in DNA repair/replication. When sensitive sites on these proteins are attacked by radiation-induced radicals, correct repair of dangerous DNA lesions such as double strand breaks (DSBs) can be compromised. In contrast, if oxidation of important proteins is prevented by strong antioxidant defenses, DNA repair may function more efficiently. These processes probably occur to some extent even at low doses of radiation/oxidative stress, but they are easiest to investigate at high doses, where both DNA and protein damage are extensive. As an example, we use data on survival of Deinococcus radiodurans after high doses (thousands of Gy) of acute and chronic irradiation. Our model of radiogenic oxidative stress is consistent with these data and can potentially be generalized to other organisms and lower radiation doses.
97	16.6	systems_pathway_model	candidate_needs_pdf_verify_and_replication_brief	10.1038/s41598-023-38295-3	High-LET radiation induces large amounts of rapidly-repaired sublethal damage	2023	Scientific Reports	13	F. D. Guerra Liberal, Shannon J Thompson, K. Prise, S. McMahon	https://www.nature.com/articles/s41598-023-38295-3.pdf	https://www.semanticscholar.org/paper/f7c969666cdbd44664c2d231ebff5fda205a3dae	True	4	3	0	4	radiation quality factor biological effectiveness model DNA damage	There is agreement that high-LET radiation has a high Relative Biological Effectiveness (RBE) when delivered as a single treatment, but how it interacts with radiations of different qualities, such as X-rays, is less clear. We sought to clarify these effects by quantifying and modelling responses to X-ray and alpha particle combinations. Cells were exposed to X-rays, alpha particles, or combinations, with different doses and temporal separations. DNA damage was assessed by 53BP1 immunofluorescence, and radiosensitivity assessed using the clonogenic assay. Mechanistic models were then applied to understand trends in repair and survival. 53BP1 foci yields were significantly reduced in alpha particle exposures compared to X-rays, but these foci were slow to repair. Although alpha particles alone showed no inter-track interactions, substantial interactions were seen between X-rays and alpha particles. Mechanistic modelling suggested that sublethal damage (SLD) repair was independent of radiation quality, but that alpha particles generated substantially more sublethal damage than a similar dose of X-rays, $$RB{E}_{SLD}>2.8$$ R B E SLD > 2.8 . This high RBE may lead to unexpected synergies for combinations of different radiation qualities which must be taken into account in treatment design, and the rapid repair of this damage may impact on mechanistic modelling of radiation responses to high LETs.
98	16.6	systems_pathway_model	candidate_needs_pdf_verify_and_replication_brief	10.1007/s00411-022-00981-7	Hyper-radiosensitivity affects low-dose acute myeloid leukemia incidence in a mathematical model	2022	Radiation and Environmental Biophysics	3	S. Stouten, Ben Balkenende, L. Roobol, S. Lunel, C. Badie, F. Dekkers	https://doi.org/10.1007/s00411-022-00981-7	https://www.semanticscholar.org/paper/90494c49b2aa78f1db03afbd3f3a75d6b5785662	True	4	3	0	4	radiation bystander effect mathematical model low dose	In vitro experiments show that the cells possibly responsible for radiation-induced acute myeloid leukemia (rAML) exhibit low-dose hyper-radiosensitivity (HRS). In these cells, HRS is responsible for excess cell killing at low doses. Besides the endpoint of cell killing, HRS has also been shown to stimulate the low-dose formation of chromosomal aberrations such as deletions. Although HRS has been investigated extensively, little is known about the possible effect of HRS on low-dose cancer risk. In CBA mice, rAML can largely be explained in terms of a radiation-induced Sfpi1 deletion and a point mutation in the remaining Sfpi1 gene copy. The aim of this paper is to present and quantify possible mechanisms through which HRS may influence low-dose rAML incidence in CBA mice. To accomplish this, a mechanistic rAML CBA mouse model was developed to study HRS-dependent AML onset after low-dose photon irradiation. The rAML incidence was computed under the assumptions that target cells: (1) do not exhibit HRS; (2) HRS only stimulates cell killing; or (3) HRS stimulates cell killing and the formation of the Sfpi1 deletion. In absence of HRS (control), the rAML dose-response curve can be approximated with a linear-quadratic function of the absorbed dose. Compared to the control, the assumption that HRS stimulates cell killing lowered the rAML incidence, whereas increased incidence was observed at low doses if HRS additionally stimulates the induction of the Sfpi1 deletion. In conclusion, cellular HRS affects the number of surviving pre-leukemic cells with an Sfpi1 deletion which, depending on the HRS assumption, directly translates to a lower/higher probability of developing rAML. Low-dose HRS may affect cancer risk in general by altering the probability that certain mutations occur/persist.
99	16.4	systems_pathway_model	candidate_needs_pdf_verify_and_replication_brief	10.1038/s41598-019-42901-8	Mechanistic modelling supports entwined rather than exclusively competitive DNA double-strand break repair pathway	2019	Scientific Reports	40	S. Ingram, J. Warmenhoven, J. Warmenhoven, N. Henthorn, N. Henthorn, E. Smith	https://www.nature.com/articles/s41598-019-42901-8.pdf	https://www.semanticscholar.org/paper/5e10cdde3693bfa2fa7e20b5d5ccd2a4b35597eb	True	3	1	0	4	ionizing radiation DNA double strand break repair model simulation	Following radiation induced DNA damage, several repair pathways are activated to help preserve genome integrity. Double Strand Breaks (DSBs), which are highly toxic, have specified repair pathways to address them. The main repair pathways used to resolve DSBs are Non-Homologous End Joining (NHEJ) and Homologous Recombination (HR). Cell cycle phase determines the availability of HR, but the repair choice between pathways in the G2 phases where both HR and NHEJ can operate is not clearly understood. This study compares several in silico models of repair choice to experimental data published in the literature, each model representing a different possible scenario describing how repair choice takes place. Competitive only scenarios, where initial protein recruitment determines repair choice, are unable to fit the literature data. In contrast, the scenario which uses a more entwined relationship between NHEJ and HR, incorporating protein co-localisation and RNF138-dependent removal of the Ku/DNA-PK complex, is better able to predict levels of repair similar to the experimental data. Furthermore, this study concludes that co-localisation of the Mre11-Rad50-Nbs1 (MRN) complexes, with initial NHEJ proteins must be modeled to accurately depict repair choice.
100	16.4	repair_survival_model	candidate_needs_pdf_verify_and_replication_brief	10.1088/1361-6560/ab7d14	A theoretical cell-killing model to evaluate oxygen enhancement ratios at DNA damage and cell survival endpoints in radiation therapy	2020	Physics in Medicine and Biology	8	Yusuke Matsuya, Tatsuhiko Sato, R. Nakamura, Shingo Naijo, H. Date	https://eprints.lib.hokudai.ac.jp/dspace/bitstream/2115/81071/1/Matsuya%20Y_2020_Phys.Med.Biol.pdf	https://www.semanticscholar.org/paper/3a7feee0f803ec2da4fca633218baddf6d389e99	True	3	1	0	4	TOPAS-nBio DNA damage cell survival radiation model	Radio-resistance induced under low oxygen pressure plays an important role in malignant progression in fractionated radiotherapy. For the general approach to predict cell killing under hypoxia, cell-killing models (e.g. the Linear-Quadratic model) have to be fitted to in vitro experimental survival data for both normoxia and hypoxia to obtain the oxygen enhancement ratio (OER). In such a case, model parameters for every oxygen condition needs to be considered by model-fitting approaches. This is inefficient for fractionated irradiation planning. Here, we present an efficient model for fractionated radiotherapy the integrated microdosimetric-kinetic model including cell-cycle distribution and the OER at DNA double-strand break endpoint (OERDSB). The cell survival curves described by this model can reproduce the in vitro experimental survival data for both acute and chronic low oxygen concentrations. The OERDSB used for calculating cell survival agrees well with experimental DSB ratio of normoxia to hypoxia. The important parameters of the model are oxygen pressure and cell-cycle distribution, which enables us to predict cell survival probabilities under chronic hypoxia and chronic anoxia. This work provides biological effective dose (BED) under various oxygen conditions including its uncertainty, which can contribute to creating fractionated regimens for multi-fractionated radiotherapy. If the oxygen concentration in a tumor can be quantified by medical imaging, the present model will make it possible to estimate the cell-killing and BED under hypoxia in more realistic intravital situations.
