score_rank	computational_fulltext_score	doi	title	year	venue	citationCount	authors	open_pdf_url	semantic_scholar_url	isOpenAccess	comp_kw_count	wet_kw_count	review_kw_count	radiation_kw_count	query_hit	abstract
1	30.8	10.3389/fnume.2023.1284558	A fast Monte Carlo cell-by-cell simulation for radiobiological effects in targeted radionuclide therapy using pre-calculated single-particle track standard DNA damage data	2023	Frontiers in Nuclear Medicine	7	Tara Mastren, Itzhak Orion, Weibo Li, A. Lim, M. Andriotty, T. Yusufaly	https://www.frontiersin.org/articles/10.3389/fnume.2023.1284558/pdf?isPublishedV2=False	https://www.semanticscholar.org/paper/af0e1849aacacc97d7fbc4b9d5948ca9541e979e	True	10	2	0	4	radiation-induced DNA damage mechanistic model cell survival	Introduction We developed a new method that drastically speeds up radiobiological Monte Carlo radiation-track-structure (MC-RTS) calculations on a cell-by-cell basis. Methods The technique is based on random sampling and superposition of single-particle track (SPT) standard DNA damage (SDD) files from a “pre-calculated” data library, constructed using the RTS code TOPAS-nBio, with “time stamps” manually added to incorporate dose-rate effects. This time-stamped SDD file can then be input into MEDRAS, a mechanistic kinetic model that calculates various radiation-induced biological endpoints, such as DNA double-strand breaks (DSBs), misrepairs and chromosomal aberrations, and cell death. As a benchmark validation of the approach, we calculated the predicted energy-dependent DSB yield and the ratio of direct-to-total DNA damage, both of which agreed with published in vitro experimental data. We subsequently applied the method to perform a superfast cell-by-cell simulation of an experimental in vitro system consisting of neuroendocrine tumor cells uniformly incubated with 177Lu. Results and discussion The results for residual DSBs, both at 24 and 48 h post-irradiation, are in line with the published literature values. Our work serves as a proof-of-concept demonstration of the feasibility of a cost-effective “in silico clonogenic cell survival assay” for the computational design and development of radiopharmaceuticals and novel radiotherapy treatments more generally.
2	29.3	10.3390/ijms251810061	TOPAS-Tissue: A Framework for the Simulation of the Biological Response to Ionizing Radiation at the Multi-Cellular Level	2024	International Journal of Molecular Sciences	4	Omar Rodrigo García García, Ramón Ortiz, E. Moreno-Barbosa, Naoki D-Kondo, Bruce Faddegon, J. Ramos-Mendez	https://doi.org/10.3390/ijms251810061	https://www.semanticscholar.org/paper/7ec871f221dc7db1acb7b5d826a28bcfe997d524	True	9	2	0	5	TOPAS-nBio DNA damage cell survival radiation model	This work aims to develop and validate a framework for the multiscale simulation of the biological response to ionizing radiation in a population of cells forming a tissue. We present TOPAS-Tissue, a framework to allow coupling two Monte Carlo (MC) codes: TOPAS with the TOPAS-nBio extension, capable of handling the track-structure simulation and subsequent chemistry, and CompuCell3D, an agent-based model simulator for biological and environmental behavior of a population of cells. We verified the implementation by simulating the experimental conditions for a clonogenic survival assay of a 2-D PC-3 cell culture model (10 cells in 10,000 µm2) irradiated by MV X-rays at several absorbed dose values from 0–8 Gy. The simulation considered cell growth and division, irradiation, DSB induction, DNA repair, and cellular response. The survival was obtained by counting the number of colonies, defined as a surviving primary (or seeded) cell with progeny, at 2.7 simulated days after irradiation. DNA repair was simulated with an MC implementation of the two-lesion kinetic model and the cell response with a p53 protein-pulse model. The simulated survival curve followed the theoretical linear–quadratic response with dose. The fitted coefficients α = 0.280 ± 0.025/Gy and β = 0.042 ± 0.006/Gy2 agreed with published experimental data within two standard deviations. TOPAS-Tissue extends previous works by simulating in an end-to-end way the effects of radiation in a cell population, from irradiation and DNA damage leading to the cell fate. In conclusion, TOPAS-Tissue offers an extensible all-in-one simulation framework that successfully couples Compucell3D and TOPAS for multiscale simulation of the biological response to radiation.
3	28.9	10.1667/rr15226.1	TOPAS-nBio: An Extension to the TOPAS Simulation Toolkit for Cellular and Sub-cellular Radiobiology	2018	Radiation Research	174	J. Schuemann, Aimee McNamara, J. Ramos-Mendez, J. Perl, Kathryn D. Held, Harald Paganetti	https://bioone.org/journals/Radiation-Research/volume-191/issue-2/RR15226.1/TOPAS-nBio--An-Extension-to-the-TOPAS-Simulation-Toolkit/10.1667/RR15226.1.pdf	https://www.semanticscholar.org/paper/b406922eedd4fd1b2134ed26d1b7d2d9e84a6e30	True	9	1	0	3	TOPAS-nBio DNA damage cell survival radiation model	The TOPAS Monte Carlo (MC) system is used in radiation therapy and medical imaging research, having played a significant role in making Monte Carlo simulations widely available for proton therapy related research. While TOPAS provides detailed simulations of patient scale properties, the fundamental unit of the biological response to radiation is a cell. Thus, our goal was to develop TOPAS-nBio, an extension of TOPAS dedicated to advance understanding of radiobiological effects at the (sub-)cellular, (i.e., the cellular and sub-cellular) scale. TOPAS-nBio was designed as a set of open source classes that extends TOPAS to model radiobiological experiments. TOPAS-nBio is based on and extends Geant4-DNA, which extends the Geant4 toolkit, the basis of TOPAS, to include very low-energy interactions of particles down to vibrational energies, explicitly simulates every particle interaction (i.e., without using condensed histories) and propagates radiolysis products. To further facilitate the use of TOPAS-nBio, a graphical user interface was developed. TOPAS-nBio offers full track-structure Monte Carlo simulations, integration of chemical reactions within the first millisecond, an extensive catalogue of specialized cell geometries as well as sub-cellular structures such as DNA and mitochondria, and interfaces to mechanistic models of DNA repair kinetics. We compared TOPAS-nBio simulations to measured and published data of energy deposition patterns and chemical reaction rates (G values). Our simulations agreed well within the experimental uncertainties. Additionally, we expanded the chemical reactions and species provided in Geant4-DNA and developed a new method based on independent reaction times (IRT), including a total of 72 reactions classified into 6 types between neutral and charged species. Chemical stage simulations using IRT were a factor of 145 faster than with step-by-step tracking. Finally, we applied the geometric/chemical modeling to obtain initial yields of double-strand breaks (DSBs) in DNA fibers for proton irradiations of 3 and 50 MeV and compared the effect of including chemical reactions on the number and complexity of DSB induction. Over half of the DSBs were found to include chemical reactions with approximately 5% of DSBs caused only by chemical reactions. In conclusion, the TOPAS-nBio extension to the TOPAS MC application offers access to accurate and detailed multiscale simulations, from a macroscopic description of the radiation field to microscopic description of biological outcome for selected cells. TOPAS-nBio offers detailed physics and chemistry simulations of radiobiological experiments on cells simulating the initially induced damage and links to models of DNA repair kinetics.
4	26.7	10.1088/1361-6560/ab6b47	Microdosimetric calculations of the direct DNA damage induced by low energy electrons using the Geant4-DNA Monte Carlo code	2020	Physics in Medicine and Biology	34	Stefanos Margis, Maria Magouni, I. Kyriakou, A. Georgakilas, S. Incerti, D. Emfietzoglou	https://hal.archives-ouvertes.fr/hal-02483967/file/hal-02483967.pdf	https://www.semanticscholar.org/paper/8ff303d803fdc55de181ad5a8b5d440ff880a857	True	8	1	0	3	Geant4-DNA DNA damage repair simulation radiation biology	To calculate the yield of direct DNA damage induced by low energy electrons using Monte Carlo generated microdosimetric spectra at the nanometer scale and examine the influence of various simulation inputs. The potential of classical microdosimetry to offer a viable and simpler alternative to more elaborate mechanistic approaches for practical applications is discussed. Track-structure simulations with the Geant4-DNA low-energy extension of the Geant4 Monte Carlo toolkit were used for calculating lineal energy spectra in spherical volumes with dimensions relevant to double-strand-break (DSB) induction. The microdosimetric spectra were then used to calculate the yield of simple and clustered DSB based on literature values of the threshold energy of DNA damage. The influence of the different implementations of the dielectric function of liquid water available in Geant4-DNA (Option 2 and Option 4 constructors), as well as the effect of particle tracking cutoff energy and target size are examined. Frequency- and dose-mean lineal energies in liquid-water spheres of 2, 2.3, 2.6, and 3.4 nm diameter, as well as, number of simple and clustered DSB/Gy/cell are presented for electrons over the 100 eV to 100 keV energy range. Results are presented for both the ‘default’ (Option 2) and ‘Ioannina’ (Option 4) physics models of Geant4-DNA applying several commonly used tracking cutoff energies (10, 20, 50, 100 eV). Overall, the choice of the physics model and target diameter has a moderate effect (up to ~10%–30%) on the DSB yield whereas the effect of the tracking cutoff energy may be significant (>100%). Importantly, the yield of both simple and clustered DSB was found to vary significantly (by a factor of 2 or more) with electron energy over the examined range. The yields of electron-induced simple and clustered DSB exhibit a strong energy dependence over the 100 eV–100 keV range with implications to radiation quality issues. It is shown that a classical microdosimetry approach for the calculation of DNA damage based on lineal energy spectra in nanometer-size targets predicts comparable results to computationally intensive mechanistic approaches which use detailed atomistic DNA geometries, thus, offering a relatively simple and robust alternative for some practical applications.
5	26.7	10.1667/rade-21-00179.1	Impact of DNA Geometry and Scoring on Monte Carlo Track-Structure Simulations of Initial Radiation-Induced Damage	2022	Radiation Research	26	Alejandro Bertolet, J. Ramos-Mendez, A. McNamara, Dohyeon Yoo, S. Ingram, N. Henthorn	https://bioone.org/journals/radiation-research/volume-198/issue-3/RADE-21-00179.1/Impact-of-DNA-Geometry-and-Scoring-on-Monte-Carlo-Track/10.1667/RADE-21-00179.1.pdf	https://www.semanticscholar.org/paper/9d59c2312dd27e25e216cba330d1ed6ad9e3b73f	True	8	1	0	3	radiation-induced DNA damage mechanistic model cell survival	Track structure Monte Carlo simulations are a useful tool to investigate the damage induced to DNA by ionizing radiation. These simulations usually rely on simplified geometrical representations of the DNA subcomponents. DNA damage is determined by the physical and physicochemical processes occurring within these volumes. In particular, damage to the DNA backbone is generally assumed to result in strand breaks. DNA damage can be categorized as direct (ionization of an atom part of the DNA molecule) or indirect (damage from reactive chemical species following water radiolysis). We also consider quasi-direct effects, i.e., damage originated by charge transfers after ionization of the hydration shell surrounding the DNA. DNA geometries are needed to account for the damage induced by ionizing radiation, and different geometry models can be used for speed or accuracy reasons. In this work, we use the Monte Carlo track structure tool TOPAS-nBio, built on top of Geant4-DNA, for simulation at the nanometer scale to evaluate differences among three DNA geometrical models in an entire cell nucleus, including a sphere/spheroid model specifically designed for this work. In addition to strand breaks, we explicitly consider the direct, quasi-direct, and indirect damage induced to DNA base moieties. We use results from the literature to determine the best values for the relevant parameters. For example, the proportion of hydroxyl radical reactions between base moieties was 80%, and between backbone, moieties was 20%, the proportion of radical attacks leading to a strand break was 11%, and the expected ratio of base damages and strand breaks was 2.5–3. Our results show that failure to update parameters for new geometric models can lead to significant differences in predicted damage yields.
6	26.7	10.1088/1361-6560/acb196	MINAS TIRITH: a new tool for simulating radiation-induced DNA damage at the cell population level	2023	Physics in Medicine and Biology	7	Y. Thibaut, G. Gonon, J. S. Martinez, M. Petit, A. Vaurijoux, G. Gruel	https://iopscience.iop.org/article/10.1088/1361-6560/acb196/pdf	https://www.semanticscholar.org/paper/0ad003a5d4b9317daa410c746ff445f4e3c338d5	True	8	1	0	3	Geant4-DNA DNA damage repair simulation radiation biology	Objective. The mechanisms of radiation-induced DNA damage can be understood via the fundamental acquisition of knowledge through a combination of experiments and modeling. Currently, most biological experiments are performed by irradiating an entire cell population, whereas modeling of radiation-induced effects is usually performed via Monte Carlo simulations with track structure codes coupled to realistic DNA geometries of a single-cell nucleus. However, the difference in scale between the two methods hinders a direct comparison because the dose distribution in the cell population is not necessarily uniform owing to the stochastic nature of the energy deposition. Thus, this study proposed the MINAS TIRITH tool to model the distribution of radiation-induced DNA damage in a cell population. Approach. The proposed method is based on precomputed databases of microdosimetric parameters and DNA damage distributions generated using the Geant4-DNA Monte Carlo Toolkit. First, a specific energy z was assigned to each cell of an irradiated population for a particular absorbed dose Dabs, following microdosimetric formalism. Then, each cell was assigned a realistic number of DNA damage events according to the specific energy z, respecting the stochastic character of its occurrence. Main results. This study validated the MINAS TIRITH tool by comparing its results with those obtained using the Geant4-DNA track structure code and a Geant4-DNA based simulation chain for DNA damage calculation. The different elements of comparison indicated consistency between MINAS TIRITH and the Monte Carlo simulation in case of the dose distribution in the population and the calculation of the amount of DNA damage. Significance. MINAS TIRITH is a new approach for the calculation of radiation-induced DNA damage at the cell population level that facilitates reasonable simulation times compared to those obtained with track structure codes. Moreover, this tool enables a more direct comparison between modeling and biological experimentation.
7	26.3	10.1088/2057-1976/ad57ce	Radiation-induced DNA damage by proton, helium and carbon ions in human fibroblast cell: Geant4-DNA and MCDS-based study	2024	Biomedical engineering and physics express	4	A. Chattaraj, Selvam T Palani	https://iopscience.iop.org/article/10.1088/2057-1976/ad57ce/pdf	https://www.semanticscholar.org/paper/5ce8a71b538f401ef5affbf9233140ce5b091f3b	True	7	2	0	7	Geant4-DNA DNA damage repair simulation radiation biology	Background. Radiation-induced DNA damages such as Single Strand Break (SSB), Double Strand Break (DSB) and Complex DSB (cDSB) are critical aspects of radiobiology with implications in radiotherapy and radiation protection applications. Materials and Methods. This study presents a thorough investigation into the effects of protons (0.1–100 MeV/u), helium ions (0.13–100 MeV/u) and carbon ions (0.5–480 MeV/u) on DNA of human fibroblast cells using Geant4-DNA track structure code coupled with DBSCAN algorithm and Monte Carlo Damage Simulations (MCDS) code. Geant4-DNA-based simulations consider 1 μm × 1 μm × 0.5 μm water box as the target to calculate energy deposition on event-by-event basis and the three-dimensional coordinates of the interaction location, and then DBSCAN algorithm is used to calculate yields of SSB, DSB and cDSB in human fibroblast cell. The study investigated the influence of Linear Energy Transfer (LET) of protons, helium ions and carbon ions on the yields of DNA damages. Influence of cellular oxygenation on DNA damage patterns is investigated using MCDS code. Results. The study shows that DSB and SSB yields are influenced by the LET of the particles, with distinct trends observed for different particles. The cellular oxygenation is a key factor, with anoxic cells exhibiting reduced SSB and DSB yields, underscoring the intricate relationship between cellular oxygen levels and DNA damage. The study introduced DSB/SSB ratio as an informative metric for evaluating the severity of radiation-induced DNA damage, particularly in higher LET regions. Conclusions. The study highlights the importance of considering particle type, LET, and cellular oxygenation in assessing the biological effects of ionizing radiation.
8	26.0	10.3390/cancers14030463	Evaluating Iodine-125 DNA Damage Benchmarks of Monte Carlo DNA Damage Models	2022	Cancers	9	Shannon J Thompson, Aoife Rooney, K. Prise, S. McMahon	https://www.mdpi.com/2072-6694/14/3/463/pdf?version=1642488318	https://www.semanticscholar.org/paper/c17f581d841f7764bb8ae9ed6c2110124a6bdef2	True	8	1	0	2	Monte Carlo track structure DNA damage repair radiation biology	Simple Summary Simulation of initial radiation-induced DNA damage remains a major area of research, with numerous Monte Carlo models having been developed to model radiation effects on the cellular scale. While many models have been reasonably fit to a range of biological endpoints, there remains a lack of robust benchmarking data. Here, we investigate the application of a dataset on strand breaking in a single DNA strand through incorporation of radioactive Iodine-125 to distinguish between different Monte Carlo nanoscale physics models. We find that, while all models are able to effectively fit this data, they do so using significantly different best-fitting parameters and make substantially different predictions for other endpoints. These observations suggest that most nanoscale models broadly agree on the distribution of energy and can be made to fit to single datasets, but robust, multi-endpoint analysis is required to fully optimize and validate these approaches. Abstract A wide range of Monte Carlo models have been applied to predict yields of DNA damage based on nanoscale track structure calculations. While often similar on the macroscopic scale, these models frequently employ different assumptions which lead to significant differences in nanoscale dose deposition. However, the impact of these differences on key biological readouts remains unclear. A major challenge in this area is the lack of robust datasets which can be used to benchmark models, due to a lack of resolution at the base pair level required to deeply test nanoscale dose deposition. Studies investigating the distribution of strand breakage in short DNA strands following the decay of incorporated 125I offer one of the few benchmarks for model predictions on this scale. In this work, we have used TOPAS-nBio to evaluate the performance of three Geant4-DNA physics models at predicting the distribution and yield of strand breaks in this irradiation scenario. For each model, energy and OH radical distributions were simulated and used to generate predictions of strand breakage, varying energy thresholds for strand breakage and OH interaction rates to fit to the experimental data. All three models could fit well to the observed data, although the best-fitting strand break energy thresholds ranged from 29.5 to 32.5 eV, significantly higher than previous studies. However, despite well describing the resulting DNA fragment distribution, these fit models differed significantly with other endpoints, such as the total yield of breaks, which varied by 70%. Limitations in the underlying data due to inherent normalisation mean it is not possible to distinguish clearly between the models in terms of total yield. This suggests that, while these physics models can effectively fit some biological data, they may not always generalise in the same way to other endpoints, requiring caution in their extrapolation to new systems and the use of multiple different data sources for robust model benchmarking.
9	26.0	10.1088/1361-6560/ad00a4	Microdosimetry-based investigation of biological effectiveness of 252Cf brachytherapy source: TOPAS Monte Carlo study	2023	Physics in Medicine and Biology	0	A. Chattaraj, T. Selvam	https://iopscience.iop.org/article/10.1088/1361-6560/ad00a4/pdf	https://www.semanticscholar.org/paper/40d5bf229ab8af90052b05b4c2b34f6d21bfa66d	True	8	1	0	2	radiation quality factor biological effectiveness model DNA damage	Objective. To investigate biological effectiveness of 252Cf brachytherapy source using Monte Carlo-calculated microdosimetric distributions. Approach. 252Cf source capsule was placed at the center of the spherical water phantom and phase-space data were scored as a function of radial distance in water (R = 1–5 cm) using TOPAS Monte Carlo code. The phase-space data were used to calculate microdosimetric distributions at 1 μm site size. Using these distributions, Relative Biological Effectiveness (RBE), mean quality factor ( Q̅ ) and Oxygen Enhancement Ratio (OER) were calculated as a function of R. Main results. The overall shapes of the microdosimetric distributions are comparable at all the radial distances in water. However, slight variation in the bin-wise yield is observed with R. RBE, Q̅ and OER are insensitive to R over the range 1–5 cm. Microdosimetric kinetic model based RBE values are about 2.3 and 2.8 for HSG tumour cells and V79 cells, respectively, whereas biological weighting function-based RBE is about 2.8. ICRP 60 and ICRU 40 recommendation-based Q̅ values are about 14.5 and 16, respectively. Theory of dual radiation action based RBE is 11.4. The calculated value of OER is 1.6. Significance. This study demonstrates the relative insensitivity of RBE, Q̅ and OER radially away from the 252Cf source along the distances of 1–5 cm in water.
10	25.9	10.1016/j.ejmp.2019.04.010	Evaluation of early radiation DNA damage in a fractal cell nucleus model using Geant4-DNA.	2019	Physica medica (Testo stampato)	74	D. Sakata, Nathanael Lampe, M. Karamitros, I. Kyriakou, O. Belov, M. Bernal	http://www.physicamedica.com/article/S1120179719300882/pdf	https://www.semanticscholar.org/paper/6aafc32f1f1f4109cf82c4339e5a62f0b0b71c1d	True	7	1	0	5	radiation DNA repair mathematical model simulation	The advancement of multidisciplinary research fields dealing with ionising radiation induced biological damage - radiobiology, radiation physics, radiation protection and, in particular, medical physics - requires a clear mechanistic understanding of how cellular damage is induced by ionising radiation. Monte Carlo (MC) simulations provide a promising approach for the mechanistic simulation of radiation transport and radiation chemistry, towards the in silico simulation of early biological damage. We have recently developed a fully integrated MC simulation that calculates early single strand breaks (SSBs) and double strand breaks (DSBs) in a fractal chromatin based human cell nucleus model. The results of this simulation are almost equivalent to past MC simulations when considering direct/indirect strand break fraction, DSB yields and fragment distribution. The simulation results agree with experimental data on DSB yields within 13.6% on average and fragment distributions agree within an average of 34.8%.
11	25.7	10.1016/j.ejmp.2022.11.012	Prediction of DNA rejoining kinetics and cell survival after proton irradiation for V79 cells using Geant4-DNA	2022	Physica medica (Testo stampato)	30	D. Sakata, R. Hirayama, W. Shin, M. Belli, M. Tabocchini, R. Stewart	https://doi.org/10.1016/j.ejmp.2022.11.012	https://www.semanticscholar.org/paper/a58701a4e5cc1c17ebd82d92335374042f95148f	True	8	2	0	3	radiation-induced DNA damage mechanistic model cell survival	Purpose Track structure Monte Carlo (MC) codes have achieved successful outcomes in the quantitative investigation of radiation-induced initial DNA damage. The aim of the present study is to extend a Geant4-DNA radiobiological application by incorporating a feature allowing for the prediction of DNA rejoining kinetics and corresponding cell surviving fraction along time after irradiation, for a Chinese hamster V79 cell line, which is one of the most popular and widely investigated cell lines in radiobiology. Methods We implemented the Two-Lesion Kinetics (TLK) model, originally proposed by Stewart, which allows for simulations to calculate residual DNA damage and surviving fraction along time via the number of initial DNA damage and its complexity as inputs. Results By optimizing the model parameters of the TLK model in accordance to the experimental data on V79, we were able to predict both DNA rejoining kinetics at low linear energy transfers (LET) and cell surviving fraction. Conclusions This is the first study to demonstrate the implementation of both the cell surviving fraction and the DNA rejoining kinetics with the estimated initial DNA damage, in a realistic cell geometrical model simulated by full track structure MC simulations at DNA level and for various LET. These simulation and model link between mechanistic physical/chemical damage processes and these two specific biological endpoints.
12	25.7	10.1002/acm2.14399	DNA‐damage RBE assessment for combined boron and gadolinium neutron capture therapy	2024	Journal of Applied Clinical Medical Physics	2	Reza Shamsabadi, H. Baghani	https://onlinelibrary.wiley.com/doi/pdfdirect/10.1002/acm2.14399	https://www.semanticscholar.org/paper/247f3d40b5d42048a9663b13ddad7614e25ba9ca	True	8	2	0	3	relative biological effectiveness mechanistic model DNA damage repair	Abstract Purpose Neutron capture therapy (NCT) by 10B and 157Gd agents is a unique irradiation‐based method which can be used to treat brain tumors. Current study aims to quantitatively evaluate the relative biological effectiveness (RBE) and dose distributions during the combined BNCT and GdNCT modalities through a hybrid Monte Carlo (MC) simulation approach. Methods Snyder head phantom as well as a cubic hypothetical tumor was at first modeled by Geant4 MC Code. Then, the energy spectra and dose distribution relevant to the released secondary particles during the combined Gd/BNCT were scored for different concentrations of 157Gd and 10B inside tumor volume. Finally, the scored energy spectra were imported to the MCDS code to estimate both RBESSB and RBEDSB values for different 157Gd concentrations. Results The results showed that combined Gd/BNCT increases the fluence‐averaged RBESSB values by about 1.7 times when 157Gd concentration increments from 0 to 2000 µg/g for both considered cell oxygen levels (pO2 = 10% and 100%). Besides, a reduction of about 26% was found for fluence‐averaged RBEDSB values with an increment of 157Gd concentration in tumor volume. Conclusion From the results, it can be concluded that combined Gd/BNCT technique can improve tumor coverage with higher dose levels but in the expense of RBEDSB reduction which can affect the clinical efficacy of the NCT technique.
13	25.7	10.1088/1361-6560/ad94c6	Integrating chromosome conformation and DNA repair in a computational framework to assess cell radiosensitivity	2024	bioRxiv	2	M. Andriotty, C-K C Wang, Anuj J. Kapadia, R. P. McCord, G. Agasthya	https://doi.org/10.1101/2024.03.25.586626	https://www.semanticscholar.org/paper/dcf88bf1bba608d1cb030e0513e6468fdfe0a461	True	8	2	0	3	Monte Carlo track structure DNA damage repair radiation biology	Objective. The arrangement of chromosomes in the cell nucleus has implications for cell radiosensitivity. The development of new tools to utilize Hi-C chromosome conformation data in nanoscale radiation track structure simulations allows for in silico investigation of this phenomenon. We have developed a framework employing Hi-C-based cell nucleus models in Monte Carlo radiation simulations, in conjunction with mechanistic models of DNA repair, to predict not only the initial radiation-induced DNA damage, but also the repair outcomes resulting from this damage, allowing us to investigate the role chromosome conformation plays in the biological outcome of radiation exposure. Approach. In this study, we used this framework to generate cell nucleus models based on Hi-C data from fibroblast and lymphoblastoid cells and explore the effects of cell type-specific chromosome structure on radiation response. The models were used to simulate external beam irradiation including DNA damage and subsequent DNA repair. The kinetics of the simulated DNA repair were compared with previous results. Main results. We found that the fibroblast models resulted in a higher rate of inter-chromosome misrepair than the lymphoblastoid model, despite having similar amounts of initial DNA damage and total misrepairs for each irradiation scenario. Significance. This framework represents a step forward in radiobiological modeling and simulation allowing for more realistic investigation of radiosensitivity in different types of cells.
14	25.4	10.1088/1361-6560/abc93b	Modeling the Effect of Oxygen on the Chemical Stage of Water Radiolysis using GPU-based Microscopic Monte Carlo Simulations, with an Application in FLASH Radiotherapy	2020	Physics in Medicine and Biology	72	Y. Lai, X. Jia, Yujie Chi	https://www.ncbi.nlm.nih.gov/pmc/articles/PMC8236313	https://www.semanticscholar.org/paper/bf6070e8b15fcc358b24095747fbad6d88383533	True	8	1	1	4	FLASH radiotherapy oxygen DNA damage repair mechanistic model	Oxygen plays a critical role in determining the initial DNA damages induced by ionizing radiation. It is important to mechanistically model the oxygen effect in the water radiolysis process. However, due to the computational costs from the many body interaction problem, oxygen is often ignored or treated as a constant continuum radiolysis-scavenger background in the simulations using common microscopic Monte Carlo tools. In this work, we reported our recent progress on the modeling of the chemical stage of the water radiolysis with an explicit consideration of the oxygen effect, based upon our initial development of an open-source graphical processing unit (GPU)-based MC simulation tool, gMicroMC. The inclusion of oxygen mainly reduces the yields of eh and H. chemical radicals, turning them into highly toxic O2.− and HO2. species. To demonstrate the practical value of gMicroMC in large scale simulation problems, we applied the oxygen-simulation-enabled gMicroMC to compute the yields of chemical radicals under a high instantaneous dose rate D˙i to study the oxygen depletion hypothesis in FLASH radiotherapy. A decreased oxygen consumption rate (OCR) was found associated with a reduced initial oxygen concentration level due to reduced probabilities of reactions. With respect to dose rate, for the oxygen concentration of 21% and electron energy of 4.5 keV , OCR remained approximately constant (∼0.22 μM Gy−1 ) for D˙i ’s of 106 , 107 Gys−1 and reduced to 0.19 μM Gy−1 at 108 Gys−1 , because the increased dose rate improved the mutual reaction frequencies among radicals, hence reducing their reactions with oxygen. We computed the time evolution of oxygen concentration under the FLASH irradiation setups. At the dose rate of 107 Gys−1 and initial oxygen concentrations from 0.01% to 21%, the oxygen is unlikely to be fully depleted with an accumulative dose of 30 Gy, which is a typical dose used in FLASH experiments. The computational efficiency of gMicroMC when considering oxygen molecules in the chemical stage was evaluated through benchmark work to GEANT4-DNA with simulating an equivalent number of radicals. With an initial oxygen concentration of 3% (∼105 molecules), a speedup factor of 1228 was achieved for gMicroMC on a single GPU card when comparing with GEANT4-DNA on a single CPU.
15	25.4	10.1088/2057-1976/ad1bb9	Proton relative biological effectiveness for the induction of DNA double strand breaks based on Geant4	2024	Biomedical engineering and physics express	2	Yuchen Liu, Kun Zhu, Xiaoyu Peng, S. Luo, Jin Zhu, Wancheng Xiao	https://iopscience.iop.org/article/10.1088/2057-1976/ad1bb9/pdf	https://www.semanticscholar.org/paper/dbe485203dfb7365acb6972d1ba872a548eaa916	True	6	0	0	6	relative biological effectiveness mechanistic model DNA damage repair	Uncertainties in the relative biological effectiveness (RBE) of proton remains a major barrier to the biological optimization of proton therapy. A large amount of experimental data suggest that proton RBE is variable. As an evolving Monte Carlo code toolkit, Geant4-DNA is able to simulate the initial DNA damage caused by particle beams through physical and chemical interactions at the nanometer scale over a short period of time. This contributes to evaluating the radiobiological effects induced by ionizing radiation. Based on the Geant4-DNA toolkit, this study constructed a DNA geometric model containing 6.32Gbp, simulated the relationship between radiochemical yields (G-values) and their corresponding chemical constructors, and calculated a detailed calculation of the sources of damage and the complexity of damage in DNA strand breaks. The damage model constructed in this study can simulate the relative biological effectiveness (RBE) in the proton Bragg peak region. The results indicate that: (1) When the electron energy is below 400 keV, the yield of OH· account for 18.1% to 25.3% of the total water radiolysis yields. (2) Under the influence of histone clearance function, the yield of indirect damage account for over 72.93% of the yield of DNA strand breaks (SBs). When linear energy transfer (LET) increased from 29.79 (keV/μm) to 64.29 (keV/μm), the yield of double strand breaks (DSB) increased from 17.27% to 32.65%. (3) By investigating the effect of proton Bragg peak depth on the yield of direct DSB (DSBdirect) and total DSB (DSBtotal), the RBEDSBtot and RBEDSBdir levels of cells show that the RBE value of protons reaches 2.2 in the Bragg peak region.
16	25.2	10.1088/0031-9155/58/20/7143	A molecular dynamics simulation of DNA damage induction by ionizing radiation	2013	Physics in Medicine and Biology	56	R. Abolfath, D. Carlson, Zhe Chen, R. Nath	http://arxiv.org/pdf/1309.0426	https://www.semanticscholar.org/paper/3a5bda4af09d06e0aa4a74aedb80c2e66b2b7971	True	7	1	0	4	Monte Carlo track structure DNA damage repair radiation biology	We present a multi-scale simulation of the early stage of DNA damages by the indirect action of hydroxyl (•OH) free radicals generated by electrons and protons. The computational method comprises of interfacing the Geant4-DNA Monte Carlo with ReaxFF molecular dynamics software. A clustering method was employed to map the coordinates of •OH-radicals extracted from the ionization-track-structures onto nano-meter simulation voxels filled with DNA and water molecules. The molecular dynamics simulation provides the time-evolution and chemical reactions in individual simulation voxels as well as the energy–landscape accounted for the DNA–•OH chemical reaction that is essential for the first-principle enumeration of hydrogen abstractions, chemical bond breaks, and DNA-lesions induced by collection of ions in clusters less than the critical dimension which is approximately 2–3 Å. We show that the formation of broken bonds leads to DNA-base and backbone damages that collectively propagate to DNA single and double-strand breaks. For illustration of the methodology, we focused on particles with an initial energy of 1 MeV. Our studies reveal a qualitative difference in DNA damage induced by low energy electrons and protons. Electrons mainly generate small pockets of •OH-radicals, randomly dispersed in the cell volume. In contrast, protons generate larger clusters along a straight-line parallel to the direction of the particle. The ratio of the total DNA double-strand breaks induced by a single proton and electron track is determined to be ≈4 in the linear scaling limit. In summary, we have developed a multi-scale computational model based on first-principles to study the interaction of ionizing radiation with DNA molecules. The main advantage of our hybrid Monte Carlo approach using Geant4-DNA and ReaxFF is the multi-scale simulation of the cascade of both physical and chemical events which result in the formation of biological damage. The tool developed in this work can be used in the future to investigate the relative biological effectiveness of light and heavy ions that are used in radiotherapy.
17	25.2	10.1186/s12918-016-0293-0	A novel mathematical model of ATM/p53/NF- κB pathways points to the importance of the DDR switch-off mechanisms	2016	BMC Systems Biology	39	Katarzyna Jonak, M. Kurpas, K. Szoltysek, Patryk Janus, A. Abramowicz, Krzysztof Puszyński	https://doi.org/10.1186/s12918-016-0293-0	https://www.semanticscholar.org/paper/363fb5d33a920bc1dd89321800d5910c9802c74b	True	7	1	0	4	p53 radiation DNA damage response mathematical model	BackgroundAtaxia telangiectasia mutated (ATM) is a detector of double-strand breaks (DSBs) and a crucial component of the DNA damage response (DDR) along with p53 and NF- κB transcription factors and Wip1 phosphatase. Despite the recent advances in studying the DDR, the mechanisms of cell fate determination after DNA damage induction is still poorly understood.ResultsTo investigate the importance of various DDR elements with particular emphasis on Wip1, we developed a novel mathematical model of ATM/p53/NF- κB pathways. Our results from in silico and in vitro experiments performed on U2-OS cells with Wip1 silenced to 25 % (Wip1-RNAi) revealed a strong dependence of cellular response to DNA damages on this phosphatase. Notably, Wip1-RNAi cells exhibited lower resistance to ionizing radiation (IR) resulting in smaller clonogenicity and higher apoptotic fraction.ConclusionsIn this article, we demonstrated that Wip1 plays a role as a gatekeeper of apoptosis and influences the pro-survival behaviour of cells – the level of Wip1 increases to block the apoptotic decision when DNA repair is successful. Moreover, we were able to verify the dynamics of proteins and transcripts, apoptotic fractions and cells viability obtained from stochastic simulations using in vitro approaches. Taken together, we demonstrated that the model can be successfully used in prediction of cellular behaviour after exposure to IR. Thus, our studies may provide further insights into key elements involved in the underlying mechanisms of the DDR.
18	25.2	10.3390/cancers13122997	Impact of Hypoxia on Relative Biological Effectiveness and Oxygen Enhancement Ratio for a 62-MeV Therapeutic Proton Beam	2021	Cancers	10	Chun-Chieh Chan, Fan-Hsin Chen, Y. Hsiao	https://www.mdpi.com/2072-6694/13/12/2997/pdf?version=1624016271	https://www.semanticscholar.org/paper/1d07ead70b6bee39b7ab5d895755b1fa082a2b55	True	7	1	0	4	relative biological effectiveness mechanistic model DNA damage repair	Simple Summary This study presents an algorithm to estimate the relative biological effectiveness (RBE) for cell survival under hypoxic conditions using the repair-misrepair-fixation model. The study finds that the RBE values are in the range of 1.0–3.0 for the linear energy transfer equal to 1.1 to 22.6 keV/μm under aerobic condition (21% O2) and further increase to the range of 1.1–4.4 under severe hypoxia (0.1% O2). Abstract This study uses the yields of double-strand breaks (DSBs) to determine the relative biological effectiveness (RBE) of proton beams, using cell survival as a biological endpoint. DSB induction is determined when cells locate at different depths (6 positions) along the track of 62 MeV proton beams. The DNA damage yields are estimated using Monte Carlo Damage Simulation (MCDS) software. The repair outcomes are estimated using Monte Carlo excision repair (MCER) simulations. The RBE for cell survival at different oxygen concentrations is calculated using the repair-misrepair-fixation (RMF) model. Using 60Co γ-rays (linear energy transfer (LET) = 2.4 keV/μm) as the reference radiation, the RBE for DSB induction and enzymatic DSB under aerobic condition (21% O2) are in the range 1.0–1.5 and 1.0–1.6 along the track depth, respectively. In accord with RBE obtained from experimental data, RMF model-derived RBE values for cell survival are in the range of 1.0–3.0. The oxygen enhancement ratio (OER) for cell survival (10%) decreases from 3.0 to 2.5 as LET increases from 1.1 to 22.6 keV/μm. The RBE values for severe hypoxia (0.1% O2) are in the range of 1.1–4.4 as LET increases, indicating greater contributions of direct effects for protons. Compared with photon therapy, the overall effect of 62 MeV proton beams results in greater cell death and is further intensified under hypoxic conditions.
19	25.2	10.3389/fonc.2023.1196502	The complexity of DNA damage by radiation follows a Gamma distribution: insights from the Microdosimetric Gamma Model	2023	Frontiers in Oncology	10	Alejandro Bertolet, Ibrahim Chamseddine, H. Paganetti, J. Schuemann	https://www.frontiersin.org/articles/10.3389/fonc.2023.1196502/pdf	https://www.semanticscholar.org/paper/7375266a20db11b67fe29435b740c523e3ad7e50	True	7	1	0	4	Geant4-DNA DNA damage repair simulation radiation biology	Introduction DNA damage is the main predictor of response to radiation therapy for cancer. Its Q8 quantification and characterization are paramount for treatment optimization, particularly in advanced modalities such as proton and alpha-targeted therapy. Methods We present a novel approach called the Microdosimetric Gamma Model (MGM) to address this important issue. The MGM uses the theory of microdosimetry, specifically the mean energy imparted to small sites, as a predictor of DNA damage properties. MGM provides the number of DNA damage sites and their complexity, which were determined using Monte Carlo simulations with the TOPAS-nBio toolkit for monoenergetic protons and alpha particles. Complexity was used together with a illustrative and simplistic repair model to depict the differences between high and low LET radiations. Results DNA damage complexity distributions were were found to follow a Gamma distribution for all monoenergetic particles studied. The MGM functions allowed to predict number of DNA damage sites and their complexity for particles not simulated with microdosimetric measurements (yF) in the range of those studied. Discussion Compared to current methods, MGM allows for the characterization of DNA damage induced by beams composed of multi-energy components distributed over any time configuration and spatial distribution. The output can be plugged into ad hoc repair models that can predict cell killing, protein recruitment at repair sites, chromosome aberrations, and other biological effects, as opposed to current models solely focusing on cell survival. These features are particularly important in targeted alpha-therapy, for which biological effects remain largely uncertain. The MGM provides a flexible framework to study the energy, time, and spatial aspects of ionizing radiation and offers an excellent tool for studying and optimizing the biological effects of these radiotherapy modalities.
20	25.2	10.1038/s41598-025-85879-2	Mapping neutron biological effectiveness for DNA damage induction as a function of incident energy and depth in a human sized phantom	2025	Scientific Reports	4	A. Mentana, V. Quaresima, Pavel Kundrát, I. Guardamagna, L. Lonati, O. Iaria	https://doi.org/10.1038/s41598-025-85879-2	https://www.semanticscholar.org/paper/c343e552e1bcb3f1e0c7ef23350e502a4faacfac	True	7	1	0	4	Monte Carlo track structure DNA damage repair radiation biology	We present new developments for an ab-initio model of the neutron relative biological effectiveness (RBE) in inducing specific classes of DNA damage. RBE is evaluated as a function of the incident neutron energy and of the depth inside a human-sized reference spherical phantom. The adopted mechanistic approach traces neutron RBE back to its origin, i.e. neutron physical interactions with biological tissues. To this aim, we combined the simulation of radiation transport through biological matter, performed with the Monte Carlo code PHITS, and the prediction of DNA damage using analytical formulas, which ground on a large database of biophysical radiation track structure simulations performed with the code PARTRAC. In particular, two classes of DNA damage were considered: sites and clusters of double-strand breaks (DSBs), which are known to be correlated with cell fate following radiation exposure. Within a coherent modelling framework, this approach tackles the variation of neutron RBE in a wide energy range, from thermal neutrons to neutrons of hundreds of GeV, and reproduces effects related to depth in the human-sized receptor, as well as to the receptor size itself. Besides providing a better mechanistic understanding of neutron biological effectiveness, the new model can support better-informed decisions for radiation protection: indeed, current neutron weighting (ICRP)/quality (U.S. NRC) factors might be insufficient for use in some radiation protection applications, because they do not account for depth. RBE predictions obtained with the reported model were successfully compared to the currently adopted radiation protection standards when the depth information is not relevant (at the shallowest depth in the phantom or for very high energy neutrons). However, our results demonstrate that great care is needed when applying weighting factors as a function of incident neutron energy only, not explicitly considering RBE variation in the target. Finally, to facilitate the use of our results, we propose look-up RBE tables, explicitly considering the depth variable, and an analytical representation of the maximal RBE vs. neutron energy.
21	24.9	10.3390/cancers13194940	A Geant4-DNA Evaluation of Radiation-Induced DNA Damage on a Human Fibroblast	2021	Cancers	43	W. Shin, D. Sakata, Nathanael Lampe, O. Belov, N. Tran, I. Petrović	https://www.mdpi.com/2072-6694/13/19/4940/pdf?version=1633752979	https://www.semanticscholar.org/paper/5fe1e8e5ece88650419b0f8adf7ff984bc0f8a9c	True	7	2	0	5	Geant4-DNA DNA damage repair simulation radiation biology	Simple Summary DNA damage caused by ionizing radiation in a human fibroblast cell evaluated by the Geant4-DNA Monte Carlo toolkit is presented. A validation study using a computational geometric human DNA model was then carried out, and the calculated DNA damage as a function of particle type and energy is presented. The results of this work showed a significant improvement on past work and were consistent with recent radiobiological experimental data, such as damage yields. This work and the developed methodology could impact a broad number of research fields in which the understanding of radiation effects is crucial, such as cancer radiotherapy, space science, and medical physics. Abstract Accurately modeling the radiobiological mechanisms responsible for the induction of DNA damage remains a major scientific challenge, particularly for understanding the effects of low doses of ionizing radiation on living beings, such as the induction of carcinogenesis. A computational approach based on the Monte Carlo technique to simulate track structures in a biological medium is currently the most reliable method for calculating the early effects induced by ionizing radiation on DNA, the primary cellular target of such effects. The Geant4-DNA Monte Carlo toolkit can simulate not only the physical, but also the physico-chemical and chemical stages of water radiolysis. These stages can be combined with simplified geometric models of biological targets, such as DNA, to assess direct and indirect early DNA damage. In this study, DNA damage induced in a human fibroblast cell was evaluated using Geant4-DNA as a function of incident particle type (gammas, protons, and alphas) and energy. The resulting double-strand break yields as a function of linear energy transfer closely reproduced recent experimental data. Other quantities, such as fragment length distribution, scavengeable damage fraction, and time evolution of damage within an analytical repair model also supported the plausibility of predicting DNA damage using Geant4-DNA.The complete simulation chain application “molecularDNA”, an example for users of Geant4-DNA, will soon be distributed through Geant4.
22	24.8	10.3390/cancers14010035	Review of the Geant4-DNA Simulation Toolkit for Radiobiological Applications at the Cellular and DNA Level	2021	Cancers	111	I. Kyriakou, D. Sakata, H. Tran, Y. Perrot, W. Shin, Nathanael Lampe	https://www.mdpi.com/2072-6694/14/1/35/pdf?version=1641286982	https://www.semanticscholar.org/paper/b76500b1f017c7e5d4826f0522326e02810fdaf6	True	8	0	1	6	Geant4-DNA DNA damage repair simulation radiation biology	Simple Summary A brief description of the methodologies to simulate ionizing radiation transport in biologically relevant matter is presented. Emphasis is given to the physical, chemical, and biological models of Geant4-DNA that enable mechanistic radiobiological modeling at the cellular and DNA level, important to improve the efficacy of existing and novel radiotherapeutic modalities for the treatment of cancer. Abstract The Geant4-DNA low energy extension of the Geant4 Monte Carlo (MC) toolkit is a continuously evolving MC simulation code permitting mechanistic studies of cellular radiobiological effects. Geant4-DNA considers the physical, chemical, and biological stages of the action of ionizing radiation (in the form of x- and γ-ray photons, electrons and β±-rays, hadrons, α-particles, and a set of heavier ions) in living cells towards a variety of applications ranging from predicting radiotherapy outcomes to radiation protection both on earth and in space. In this work, we provide a brief, yet concise, overview of the progress that has been achieved so far concerning the different physical, physicochemical, chemical, and biological models implemented into Geant4-DNA, highlighting the latest developments. Specifically, the “dnadamage1” and “molecularDNA” applications which enable, for the first time within an open-source platform, quantitative predictions of early DNA damage in terms of single-strand-breaks (SSBs), double-strand-breaks (DSBs), and more complex clustered lesions for different DNA structures ranging from the nucleotide level to the entire genome. These developments are critically presented and discussed along with key benchmarking results. The Geant4-DNA toolkit, through its different set of models and functionalities, offers unique capabilities for elucidating the problem of radiation quality or the relative biological effectiveness (RBE) of different ionizing radiations which underlines nearly the whole spectrum of radiotherapeutic modalities, from external high-energy hadron beams to internal low-energy gamma and beta emitters that are used in brachytherapy sources and radiopharmaceuticals, respectively.
23	24.8	10.1088/1361-6560/aad8eb	Geometrical structures for radiation biology research as implemented in the TOPAS-nBio toolkit	2018	Physics in Medicine and Biology	46	A. McNamara, J. Ramos-Mendez, J. Perl, K. Held, Naoki Dominguez, E. Moreno	https://pure.manchester.ac.uk/ws/files/78456007/Geometries.pdf	https://www.semanticscholar.org/paper/e2c6d1eb76041c41e9ccd6cacdb96ef424cb1f91	True	7	0	0	2	Monte Carlo track structure DNA damage repair radiation biology	Computational simulations, such as Monte Carlo track structure simulations, offer a powerful tool for quantitatively investigating radiation interactions within cells. The modelling of the spatial distribution of energy deposition events as well as diffusion of chemical free radical species, within realistic biological geometries, can help provide a comprehensive understanding of the effects of radiation on cells. Track structure simulations, however, generally require advanced computing skills to implement. The TOPAS-nBio toolkit, an extension to TOPAS (TOol for PArticle Simulation), aims to provide users with a comprehensive framework for radiobiology simulations, without the need for advanced computing skills. This includes providing users with an extensive library of advanced, realistic, biological geometries ranging from the micrometer scale (e.g. cells and organelles) down to the nanometer scale (e.g. DNA molecules and proteins). Here we present the geometries available in TOPAS-nBio.
24	24.0	10.1088/2057-1976/aae02e	Track structure simulation of low energy electron damage to DNA using Geant4-DNA	2018	Biomedical engineering and physics express	15	M. Mokari, M. Alamatsaz, H. Moeini, Ali A. Babaei-Brojeny, R. Taleei	https://arxiv.org/pdf/1805.11159	https://www.semanticscholar.org/paper/ee057d9d8abfc402062edeaeaf8cbb9cb18d466d	True	6	0	0	4	Geant4-DNA DNA damage repair simulation radiation biology	Due to the physical and chemical processes that are involved, interactions of ionizing radiations with cells lead to single- and double-strand breaks (SSB and DSB) and base damage to DNA cells. The damage may kill the cells or may be mis-repaired and lead to genetic diseases and cancers. Track structure Monte Carlo simulation of the DNA damage provides types of the damage and their frequencies. In the present work, to derive initial DNA damage, we used the Geant4-DNA code to simulate the physical, physico-chemical and chemical stages of interactions of incident beams of 100 eV–4.5 keV electrons. By considering the direct damage of electrons and also the indirect hydroxyl radical damage to the DNA, in a simulation, simple and complex damages to SSB and DSB were investigated. Moreover, the yield of damage and the probability of types of DNA damage were evaluated. The results of these calculations were compared with the existing experimental data and the other simulations. For electrons with energies lower than 500 eV, there were differences between our results and published data which are basically due to the existing differences in the physical (electron ionization, excitation cross sections) and chemical models of Geant4-DNA, the chemical processes considered in the simulations, DNA geometry, and the selected parameters for damage threshold as compared to the other codes. In the present work, the effect of the threshold energy of the strand breaks was also evaluated.
25	23.7	10.3390/jpm11040286	The Effects of Dimethylsulfoxide and Oxygen on DNA Damage Induction and Repair Outcomes for Cells Irradiated by 62 MeV Proton and 3.31 MeV Helium Ions	2021	Journal of Personalized Medicine	6	Chun-Chieh Chan, Y. Hsiao	https://www.mdpi.com/2075-4426/11/4/286/pdf?version=1617941568	https://www.semanticscholar.org/paper/25346a21c5bd47252ed1f48866317b1676aca81a	True	6	1	0	5	relative biological effectiveness mechanistic model DNA damage repair	Reactive oxygen species (ROS) play an essential role in radiation-induced indirect actions. In terms of DNA damage, double strand breaks (DSBs) have the greatest effects on the repair of DNA damage, cell survival and transformation. This study evaluated the biological effects of the presence of ROS and oxygen on DSB induction and mutation frequency. The relative biological effectiveness (RBE) and oxygen enhancement ratio (OER) of 62 MeV therapeutic proton beams and 3.31 MeV helium ions were calculated using Monte Carlo damage simulation (MCDS) software. Monte Carlo excision repair (MCER) simulations were used to calculate the repair outcomes (mutation frequency). The RBE values of proton beams decreased to 0.75 in the presence of 0.4 M dimethylsulfoxide (DMSO) and then increases to 0.9 in the presence of 2 M DMSO while the RBE values of 3.31 MeV helium ions increased from 2.9 to 5.7 (0–2 M). The mutation frequency of proton beams also decreased from 0.008–0.065 to 0.004–0.034 per cell per Gy by the addition of 2 M DMSO, indicating that ROS affects both DSB induction and repair outcomes. These results show that the combined use of DMSO in normal tissues and an increased dose in tumor regions increases treatment efficiency.
26	23.5	10.1186/s12645-021-00099-3	Multi-scale Monte Carlo simulations of gold nanoparticle-induced DNA damages for kilovoltage X-ray irradiation in a xenograft mouse model using TOPAS-nBio	2021	Cancer nanotechnology	20	A. Klapproth, J. Schuemann, S. Stangl, Tianwu Xie, Wei Bo Li, G. Multhoff	https://cancer-nano.biomedcentral.com/track/pdf/10.1186/s12645-021-00099-3	https://www.semanticscholar.org/paper/9e0b9e2a0a2a17c3b75fc9435a4b95a4a015c64c	True	7	2	0	3	TOPAS-nBio DNA damage cell survival radiation model	Background Gold nanoparticles (AuNPs) are considered as promising agents to increase the radiosensitivity of tumor cells. However, the biological mechanisms of radiation enhancement effects of AuNPs are still not well understood. We present a multi-scale Monte Carlo simulation framework within TOPAS-nBio to investigate the increase of DNA damage due to the presence of AuNPs in mouse tumor models. Methods A tumor was placed inside a voxel mouse model and irradiated with either 100-kVp or 200-kVp X-ray beams. Phase spaces were employed to transfer particles from the macroscopic (voxel) scale to the microscopic scale, which consists of a cell geometry including a detailed mouse DNA model. Radiosensitizing effects were calculated in the presence and absence of hybrid nanoparticles with a $$\text{Fe}_2\text{O}_3$$ Fe 2 O 3 core surrounded by a gold layer (AuFeNPs). To simulate DNA damage even for very small energy tracks, Geant4-DNA physics and chemistry models were used on microscopic scale. Results An AuFeNP-induced enhancement of both dose and DNA strand breaks has been established for different scenarios. Produced chemical radicals including hydroxyl molecules, which were assumed to be responsible for DNA damage through chemical reactions, were found to be significantly increased. We further observed a dependency of the results on the location of the cells within the tumor for 200-kVp X-ray beams. Conclusion Our multi-scale approach allows to study irradiation-induced physical and chemical effects on cells. We showed a potential increase in cell radiosensitization caused by relatively small concentrations of AuFeNPs. Our new methodology allows the individual adjustment of parameters in each simulation step and therefore can be used for other studies investigating the radiosensitizing effects of AuFeNPs or AuNPs in living cells.
27	23.3	10.3390/ijms222111713	Monte Carlo Simulation of Double-Strand Break Induction and Conversion after Ultrasoft X-rays Irradiation	2021	International Journal of Molecular Sciences	8	Y. Hsiao, Fan-Hsin Chen, Chun-Chieh Chan, Ching-Chih Tsai	https://www.mdpi.com/1422-0067/22/21/11713/pdf?version=1635776728	https://www.semanticscholar.org/paper/a2b9e517250388d0ae92a784edad3e10a3a40921	True	6	0	0	3	MCDS Monte Carlo damage simulation radiation DNA repair	This paper estimates the yields of DNA double-strand breaks (DSBs) induced by ultrasoft X-rays and uses the DSB yields and the repair outcomes to evaluate the relative biological effectiveness (RBE) of ultrasoft X-rays. We simulated the yields of DSB induction and predicted them in the presence and absence of oxygen, using a Monte Carlo damage simulation (MCDS) software, to calculate the RBE. Monte Carlo excision repair (MCER) simulations were also performed to calculate the repair outcomes (correct repairs, mutations, and DSB conversions). Compared to 60Co γ-rays, the RBE values for ultrasoft X-rays (titanium K-shell, aluminum K-shell, copper L-shell, and carbon K-shell) for DSB induction were respectively 1.3, 1.9, 2.3, and 2.6 under aerobic conditions and 1.3, 2.1, 2.5, and 2.9 under a hypoxic condition (2% O2). The RBE values for enzymatic DSBs were 1.6, 2.1, 2.3, and 2.4, respectively, indicating that the enzymatic DSB yields are comparable to the yields of DSB induction. The synergistic effects of DSB induction and enzymatic DSB formation further facilitate cell killing and the advantage in cancer treatment.
28	23.3	10.18502/fbt.v8i2.6511	Investigation of Auger Electron Emitting Radionuclides Effects in Therapy Using the Geant4-DNA Toolkit: A Simulation Study	2021	Frontiers in biomedical technologies	2	Parvin Ahmadi, Mojtaba Shamsaei Zafar Ghandi, A. Shokri	https://doi.org/10.18502/fbt.v8i2.6511	https://www.semanticscholar.org/paper/cf02d12c7f6579dcc6cdbd9496868d60f87c9109	True	6	0	0	3	Geant4-DNA DNA damage repair simulation radiation biology	Purpose: The biological effects of ionizing radiation at the cellular and subcellular scales are studied by the number of breaks in the DNA molecule that provides a quantitative description of the stochastic aspects of energy deposition at cellular scales. The Geant4 code represents a suitable theoretical toolkit in microdosimetry and nanodosimetry. In this study, radiation effects due to Auger electrons emitting radionuclides such as 195mPt 113mIn, 125I and 201Tl are investigated using the Geant4-DNA.  Materials and Methods: The Geant4-DNA is the first Open-access software for the simulation of ionizing radiation and biological damage at the DNA scale. Low-energy electrons, especially Auger electron from Auger electron emitting radionuclides during the slowing-down process, deposit their energy within a nanometer volume.  Results: The average number of Single-Strand Breaks (SSB) and Double-Strand Breaks (DSB) of DNA as a function of energy and distance from the center of the DNA axis are shown.  Conclusion: The highest DSBs yield has occurred at energies less than 1 keV, and  induces a higher DSBs yield.
29	23.1	10.1002/mp.13207	A comparison of mechanism‐inspired models for particle relative biological effectiveness (RBE)	2018	Medical Physics (Lancaster)	97	R. Stewart, D. Carlson, M. Butkus, R. Hawkins, T. Friedrich, M. Scholz	https://aapm.onlinelibrary.wiley.com/doi/pdfdirect/10.1002/mp.13207	https://www.semanticscholar.org/paper/b2e901fd6c33dd0315a84ef737df67e6a9f26e40	True	8	1	1	5	relative biological effectiveness mechanistic model DNA damage repair	BACKGROUND AND SIGNIFICANCE The application of heavy ion beams in cancer therapy must account for the increasing relative biological effectiveness (RBE) with increasing penetration depth when determining dose prescriptions and organ at risk (OAR) constraints in treatment planning. Because RBE depends in a complex manner on factors such as the ion type, energy, cell and tissue radiosensitivity, physical dose, biological endpoint, and position within and outside treatment fields, biophysical models reflecting these dependencies are required for the personalization and optimization of treatment plans.   AIM To review and compare three mechanism-inspired models which predict the complexities of particle RBE for various ion types, energies, linear energy transfer (LET) values and tissue radiation sensitivities.   METHODS The review of models and mechanisms focuses on the Local Effect Model (LEM), the Microdosimetric-Kinetic (MK) model, and the Repair-Misrepair-Fixation (RMF) model in combination with the Monte Carlo Damage Simulation (MCDS). These models relate the induction of potentially lethal double strand breaks (DSBs) to the subsequent interactions and biological processing of DSB into more lethal forms of damage. A key element to explain the increased biological effectiveness of high LET ions compared to MV x rays is the characterization of the number and local complexity (clustering) of the initial DSB produced within a cell. For high LET ions, the spatial density of DSB induction along an ion's trajectory is much greater than along the path of a low LET electron, such as the secondary electrons produced by the megavoltage (MV) x rays used in conventional radiation therapy. The main aspects of the three models are introduced and the conceptual similarities and differences are critiqued and highlighted. Model predictions are compared in terms of the RBE for DSB induction and for reproductive cell survival.   RESULTS AND CONCLUSIONS Comparisons of the RBE for DSB induction and for cell survival are presented for proton (1 H), helium (4 He), and carbon (12 C) ions for the therapeutically most relevant range of ion beam energies. The reviewed models embody mechanisms of action acting over the spatial scales underlying the biological processing of potentially lethal DSB into more lethal forms of damage. Differences among the number and types of input parameters, relevant biological targets, and the computational approaches among the LEM, MK and RMF models are summarized and critiqued. Potential experiments to test some of the seemingly contradictory aspects of the models are discussed.
30	23.1	10.1007/s00411-025-01110-w	Analytic and Monte Carlo calculations of dose-mean lineal energy for 1 MeV–1 GeV protons with application to radiation protection quality factor	2025	Radiation and Environmental Biophysics	3	Alexis Papadopoulos, I. Kyriakou, Yusuke Matsuya, M. Cortés-Giraldo, Miguel Galocha-Oliva, I. Plante	https://doi.org/10.1007/s00411-025-01110-w	https://www.semanticscholar.org/paper/da7b61d2e98cd5551d5977a7a9697c004eb63ee2	True	7	1	0	1	Monte Carlo track structure DNA damage repair radiation biology	Radiation quality for determining biological effects is commonly linked to the microdosimetric quantity lineal energy (y\documentclass[12pt]{minimal} \usepackage{amsmath} \usepackage{wasysym} \usepackage{amsfonts} \usepackage{amssymb} \usepackage{amsbsy} \usepackage{mathrsfs} \usepackage{upgreek} \setlength{\oddsidemargin}{-69pt} \begin{document}$$y$$\end{document}) and to the dose-mean lineal energy (yD\documentclass[12pt]{minimal} \usepackage{amsmath} \usepackage{wasysym} \usepackage{amsfonts} \usepackage{amssymb} \usepackage{amsbsy} \usepackage{mathrsfs} \usepackage{upgreek} \setlength{\oddsidemargin}{-69pt} \begin{document}$${y}_{\text{D}}$$\end{document}). Calculations of yD\documentclass[12pt]{minimal} \usepackage{amsmath} \usepackage{wasysym} \usepackage{amsfonts} \usepackage{amssymb} \usepackage{amsbsy} \usepackage{mathrsfs} \usepackage{upgreek} \setlength{\oddsidemargin}{-69pt} \begin{document}$${y}_{\text{D}}$$\end{document} are typically performed by specialised Monte Carlo track-structure (MCTS) codes, which can be time-intensive. Thus, microdosimetry-based analytic models are potentially useful for practical calculations. Analytic model calculations of proton yD\documentclass[12pt]{minimal} \usepackage{amsmath} \usepackage{wasysym} \usepackage{amsfonts} \usepackage{amssymb} \usepackage{amsbsy} \usepackage{mathrsfs} \usepackage{upgreek} \setlength{\oddsidemargin}{-69pt} \begin{document}$${y}_{\text{D}}$$\end{document} and radiation protection quality factor (Q\documentclass[12pt]{minimal} \usepackage{amsmath} \usepackage{wasysym} \usepackage{amsfonts} \usepackage{amssymb} \usepackage{amsbsy} \usepackage{mathrsfs} \usepackage{upgreek} \setlength{\oddsidemargin}{-69pt} \begin{document}$$Q$$\end{document}) values in sub-micron liquid water spheres (diameter 10–1000 nm) over a broad energy range (1 MeV–1 GeV) are compared against MCTS simulations by PHITS, RITRACKS, and Geant4-DNA. Additionally, an improved analytic microdosimetry model is proposed. The original analytic model of Xapsos is refined and model parameters are updated based on Geant4-DNA physics model. Direct proton energy deposition is described by an alternative energy-loss straggling distribution and the contribution of secondary electrons is calculated using the dielectric formulation of the relativistic Born approximation. MCTS simulations of proton yD\documentclass[12pt]{minimal} \usepackage{amsmath} \usepackage{wasysym} \usepackage{amsfonts} \usepackage{amssymb} \usepackage{amsbsy} \usepackage{mathrsfs} \usepackage{upgreek} \setlength{\oddsidemargin}{-69pt} \begin{document}$${y}_{\text{D}}$$\end{document} values using the latest versions of the PHITS, RITRACKS, and Geant4-DNA are reported along with the Monte Carlo Damage Simulation (MCDS) algorithm. The yD\documentclass[12pt]{minimal} \usepackage{amsmath} \usepackage{wasysym} \usepackage{amsfonts} \usepackage{amssymb} \usepackage{amsbsy} \usepackage{mathrsfs} \usepackage{upgreek} \setlength{\oddsidemargin}{-69pt} \begin{document}$${y}_{\text{D}}$$\end{document} datasets are then used within the Theory of Dual Radiation Action (TDRA) to illustrate variations in Q\documentclass[12pt]{minimal} \usepackage{amsmath} \usepackage{wasysym} \usepackage{amsfonts} \usepackage{amssymb} \usepackage{amsbsy} \usepackage{mathrsfs} \usepackage{upgreek} \setlength{\oddsidemargin}{-69pt} \begin{document}$$Q$$\end{document} with proton energy. By a careful selection of parameters, overall differences at the ~ 10% level between the proposed analytic model and the MCTS codes can be attained, significantly improving upon existing models. MCDS estimates of yD\documentclass[12pt]{minimal} \usepackage{amsmath} \usepackage{wasysym} \usepackage{amsfonts} \usepackage{amssymb} \usepackage{amsbsy} \usepackage{mathrsfs} \usepackage{upgreek} \setlength{\oddsidemargin}{-69pt} \begin{document}$${y}_{\text{D}}$$\end{document} are generally much lower than estimates from MCTS simulations. The differences of Q\documentclass[12pt]{minimal} \usepackage{amsmath} \usepackage{wasysym} \usepackage{amsfonts} \usepackage{amssymb} \usepackage{amsbsy} \usepackage{mathrsfs} \usepackage{upgreek} \setlength{\oddsidemargin}{-69pt} \begin{document}$$Q$$\end{document} among the examined methods are somewhat smaller than those of yD\documentclass[12pt]{minimal} \usepackage{amsmath} \usepackage{wasysym} \usepackage{amsfonts} \usepackage{amssymb} \usepackage{amsbsy} \usepackage{mathrsfs} \usepackage{upgreek} \setlength{\oddsidemargin}{-69pt} \begin{document}$${y}_{\text{D}}$$\end{document}. Still, estimates of proton Q\documentclass[12pt]{minimal} \usepackage{amsmath} \usepackage{wasysym} \usepackage{amsfonts} \usepackage{amssymb} \usepackage{amsbsy} \usepackage{mathrsfs} \usepackage{upgreek} \setlength{\oddsidemargin}{-69pt} \begin{document}$$Q$$\end{document} values by the present model are in better agreement with MCTS-based estimates than the existing analytic models. An improved microdosimetry-based analytic model is presented for calculating proton yD\documentclass[12pt]{minimal} \usepackage{amsmath} \usepackage{wasysym} \usepackage{amsfonts} \usepackage{amssymb} \usepackage{amsbsy} \usepackage{mathrsfs} \usepackage{upgreek} \setlength{\oddsidemargin}{-69pt} \begin{document}$${y}_{\text{D}}$$\end{document} values over a broad range of proton energies (1 MeV–1 GeV) and target sizes (10–1000 nm) in very good agreement with state-of-the-art MCTS simulations. It is envisioned that the proposed model might be used as an alternative to CPU-intensive MCTS simulations and advance practical microdosimetry and quality factor calculations in medical, accelerator, and space radiation applications.
31	23.0	10.1088/1361-6560/ab7a6b	A parameter sensitivity study for simulating DNA damage after proton irradiation using TOPAS-nBio	2020	Physics in Medicine and Biology	41	Hongyu Zhu, A. McNamara, J. Ramos-Mendez, S. McMahon, N. Henthorn, B. Faddegon	https://pureadmin.qub.ac.uk/ws/files/231108142/Zhu_A_parameter_sensitivity_study_for_simulating_DNA_damage_after_proton_irradiation_using_TOPAS_nBio.pdf	https://www.semanticscholar.org/paper/b902c2fec9fe2efdb8565fb89d729091bc0151ec	True	6	1	0	4	TOPAS-nBio DNA damage cell survival radiation model	Monte Carlo (MC) track structure simulation tools are commonly used for predicting radiation induced DNA damage by modeling the physical and chemical reactions at the nanometer scale. However, the outcome of these MC simulations is particularly sensitive to the adopted parameters which vary significantly across studies. In this study, a previously developed full model of nuclear DNA was used to describe the DNA geometry. The TOPAS-nBio MC toolkit was used to investigate the impact of physics and chemistry models as well as three key parameters (the energy threshold for direct damage, the chemical stage time length, and the probability of damage between hydroxyl radical reactions with DNA) on the induction of DNA damage. Our results show that the difference in physics and chemistry models alone can cause differences up to 34% and 16% in the DNA double strand break (DSB) yield, respectively. Additionally, changing the direct damage threshold, chemical stage length, and hydroxyl damage probability can cause differences of up to 28%, 51%, and 71% in predicted DSB yields, respectively, for the configurations in this study.
32	23.0	10.1002/mp.14037	A new open-source GPU-based microscopic Monte Carlo simulation tool for the calculations of DNA damages caused by ionizing radiation --- Part I: Core algorithm and validation.	2020	Medical Physics (Lancaster)	32	Min-yu Tsai, Z. Tian, N. Qin, Congchong Yan, Y. Lai, Shih-Hao Hung	https://onlinelibrary.wiley.com/doi/pdfdirect/10.1002/mp.14037	https://www.semanticscholar.org/paper/37f9fe4cc854ad9c31ed61f913b8d28c4ba180af	True	6	1	0	4	low dose ionizing radiation computational model DNA repair	PURPOSE Monte Carlo (MC) simulation of radiation interactions with water medium at physical, physicochemical, and chemical stages, as well as the computation of biologically relevant quantities such as DNA damages, are of critical importance for the understanding of microscopic basis of radiation effects. Due to the large problem size and many-body simulation problem in the chemical stage, existing CPU-based computational packages encounter the problem of low computational efficiency. This paper reports our development on a GPU-based microscopic Monte Carlo simulation tool gMicroMC using advanced GPU-acceleration techniques.   METHODS gMicroMC simulated electron transport in the physical stage using an interaction-by-interaction scheme to calculate the initial events generating radicals in water. After the physicochemical stage, initial positions of all radicals were determined. Simulation of radicals' diffusion and reactions in the chemical stage was achieved using a step-by-step model using GPU-accelerated parallelization together with a GPU-enabled box-sorting algorithm to reduce the computations of searching for interaction pairs and therefore improve efficiency. A multi-scale DNA model of the whole lymphocyte cell nucleus containing ~6.2 Gbp DNA was built.   RESULTS Accuracy of physics stage simulation was demonstrated by computing stopping power and track length. The results agreed with published data and the data produced by GEANT4-DNA (version 10.3.3) simulations with 10~20% difference in most cases. Difference of yield values of major radiolytic species from GEANT4-DNA results was within 10%. We computed DNA damages caused by monoenergetic 662 keV photons, approximately representing 137 Cs decay. Single-strand break (SSB) and double-strand break (DSB) yields were 196 ± 8 SSB/Gy/Gbp and 7.3 ± 0.7 DSB/Gy/Gbp, respectively, which agreed with the result of 188 SSB/Gy/Gbp and 8.4 DSB/Gy/Gbp computed by Hsiao et al. Comparing to computation using a single CPU, gMicroMC achieved a speedup factor of ~540x using a NVidia TITAN Xp GPU card.   CONCLUSION The achieved accuracy and efficiency made gMicroMC can facilitate research on microscopic radiation transport simulation and DNA damage calculation. gMicroMC is an open-source package available to the research community.
33	23.0	10.1088/1361-6560/abd4f9	Development of a coupled simulation toolkit for computational radiation biology based on Geant4 and CompuCell3D	2020	bioRxiv	16	Ruirui Liu, K. Higley, M. Swat, Mark A. J. Chaplain, G. Powathil, J. Glazier	https://cronfa.swan.ac.uk/Record/cronfa55919/Download/55919__19122__30b1c93d5fce419b84d68f3e400c6d55.pdf	https://www.semanticscholar.org/paper/f778decc4877ef638e542dde884ff2b5d0a77947	True	6	1	0	4	Geant4-DNA DNA damage repair simulation radiation biology	Understanding and designing clinical radiation therapy is one of the most important areas of state-of-the-art oncological treatment regimens. Decades of research have gone into developing sophisticated treatment devices and optimization protocols for schedules and dosages. In this paper, we presented a comprehensive computational platform that facilitates building of the sophisticated multi-cell-based model of how radiation affects the biology of living tissue. We designed and implemented a coupled simulation method, including a radiation transport model, and a cell biology model, to simulate the tumor response after irradiation. The radiation transport simulation was implemented through Geant4 which is an open-source Monte Carlo simulation platform that provides many flexibilities for users, as well as low energy DNA damage simulation physics, Geant4-DNA. The cell biology simulation was implemented using CompuCell3D (CC3D) which is a cell biology simulation platform. In order to couple Geant4 solver with CC3D, we developed a ‘bridging’ module, RADCELL, that extracts tumor cellular geometry of the CC3D simulation (including specification of the individual cells) and ported it to the Geant4 for radiation transport simulation. The cell dose and cell DNA damage distribution in multicellular system were obtained using Geant4. The tumor response was simulated using cell-based tissue models based on CC3D, and the cell dose and cell DNA damage information were fed back through RADCELL to CC3D for updating the cell properties. By merging two powerful and widely used modeling platforms, CC3D and Geant4, we delivered a novel tool that can give us the ability to simulate the dynamics of biological tissue in the presence of ionizing radiation, which provides a framework for quantifying the biological consequences of radiation therapy. In this introductory methods paper, we described our modeling platform in detail and showed how it can be applied to study the application of radiotherapy to a vascularized tumor.
34	23.0	10.3390/radiation1010005	Using Machine Learning Techniques for Asserting Cellular Damage Induced by High-LET Particle Radiation	2021	Radiation	9	D. Papakonstantinou, V. Zanni, Z. Nikitaki, Christina Vasileiou, K. Kousouris, A. Georgakilas	https://www.mdpi.com/2673-592X/1/1/5/pdf?version=1614836438	https://www.semanticscholar.org/paper/b53c318896ebe6abbed20a7914c09087444a042a	True	6	1	0	4	radiation-induced DNA damage mechanistic model cell survival	This is a study concerning the use of Machine Learning (ML) techniques to ascertain the impacts of particle ionizing radiation (IR) on cell survival and DNA damage. Current empirical models do not always take into account intrinsic complexities and stochastic effects of the interactions of IR and cell populations. Furthermore, these models often lack in biophysical interpretations of the irradiation outcomes. The linear quadratic (LQ) model is a common way to associate the biological response of a cell population with the radiation dose. The parameters of the LQ model are used to extrapolate the relation between the dosage and the survival fraction of a cell population. The goal was to create a ML-based model that predicts the α and β parameters of the well known and established LQ model, along with the key metrics of DNA damage induction. The main target of this effort was, on the one hand, the development of a computational framework that will be able to assess key radiobiophysical quantities, and on the other hand, to provide meaningful interpretations of the outputs. Based on our results, as some metrics of the adaptability and training efficiency, our ML models exhibited 0.18 median error (relative root mean squared error (RRMSE)) in the prediction of the α parameter and errors of less than 0.01 for various DNA damage quantities; the prediction for β exhibited a rather large error of 0.75. Our study is based on experimental data from a publicly available dataset of irradiation studies. All types of complex DNA damage (all clusters), and the number of double-stranded breaks (DSBs), which are widely accepted to be closely related to cell survival and the detrimental biological effects of IR, were calculated using the fast Monte Carlo Damage Simulation software (MCDS). We critically discussed the varying importance of physical parameters such as charge and linear energy transfer (LET); we also discussed the uncertainties of our predictions and future directions, and the dynamics of our approach.
35	22.6	10.1088/1361-6560/ac33eb	Geant4-DNA modeling of nanodosimetric quantities in the Jet Counter for alpha particles	2021	Physics in Medicine and Biology	8	M. Pietrzak, M. Mietelska, Aleksandr Bancer, A. Ruciński, B. Brzozowska	https://iopscience.iop.org/article/10.1088/1361-6560/ac33eb/pdf	https://www.semanticscholar.org/paper/6138e2093db9d2f4ece2669fb4ccee58043ec859	True	6	0	0	2	Geant4-DNA DNA damage repair simulation radiation biology	The purpose of this work was to validate the calculation accuracy of nanodosimetric quantities in Geant4-DNA track structure simulation code. We implemented the Jet Counter (JC) nanodosimeter geometry in the simulation platform and quantified the impact of the Geant4-DNA physics models and JC detector performance on the ionization cluster size distributions (ICSD). ICSD parameters characterize the quality of radiation field and are supposed to be correlated to the complexity of the initial DNA damage in nanoscale and eventually the response of biological systems to radiation. We compared Monte Carlo simulations of ICSD in JC geometry performed using Geant4-DNA and PTra codes with experimental data collected for alpha particles at 3.8 MeV. We investigated the impact of simulation and experimental settings, i.e., three Geant4-DNA physics models, three sizes of a nanometer sensitive volume, gas to water density scaling procedure, JC ion extraction efficiency and the presence of passive components of the detector on the ICSD and their parameters. We found that ICSD in JC geometry obtained from Geant4-DNA simulations in water correspond well to ICSD measurements in nitrogen gas for all investigated settings, while the best agreement is for Geant4-DNA physics option 4. This work also discusses the accuracy and robustness of ICSD parameters in the context of the application of track structure simulation methods for treatment planning in particle therapy.
36	22.5	10.46793/iccbi23.144d	Simulation of DNA damage using the “molecularDNA” example application of Geant4-DNA	2023	Book of Proceedings	0	Milos Dordevic, K. Chatzipapas, Ngoc Hoang Tran, D. Sakata, I. Petrović, A. Ristic-Fira	http://vinar.vin.bg.ac.rs/bitstream/id/34796/bitstream_34796.pdf	https://www.semanticscholar.org/paper/619366f95c38d4ec310f0ec4f52f8b5844446a8a	True	5	0	0	5	Geant4-DNA DNA damage repair simulation radiation biology	The scientific community has a large interest in the studies of DNA damage and response after exposure to ionizing radiation. Several in-silico methods have been proposed so far to model and study the mechanisms of DNA damage using Monte Carlo simulations. The “molecularDNA” example is one of the most recent applications to simulate the irradiation of human cancer cells and bacteria using Geant4-DNA. This example enables the simulation of the physical, physico-chemical and chemical stages of liquid water irradiation, including radiolytic processes following the particle irradiation of the pre-defined human cell geometries and it can be used to calculate the early direct and non-direct DNA damage such as single (SSB) and double strand breaks (DSB) as well as DNA fragment distribution. The application is user friendly and can be used following simple macro commands. The results of the Monte Carlo simulation are compared to experimental data of DSB yields, as well as with previously published simulation data.
37	22.3	10.3390/ijms23073770	Nanodosimetric Calculations of Radiation-Induced DNA Damage in a New Nucleus Geometrical Model Based on the Isochore Theory	2022	International Journal of Molecular Sciences	14	Y. Thibaut, Nicolas Tang, H. Tran, A. Vaurijoux, C. Villagrasa, S. Incerti	https://www.mdpi.com/1422-0067/23/7/3770/pdf?version=1648635464	https://www.semanticscholar.org/paper/59f957666cf0fe87cfecc23bd4e5a86590ae6c03	True	6	1	0	3	Geant4-DNA DNA damage repair simulation radiation biology	Double-strand breaks (DSBs) in nuclear DNA represents radiation-induced damage that has been identified as particularly deleterious. Calculating this damage using Monte Carlo track structure modeling could be a suitable indicator to better assess and anticipate the side-effects of radiation therapy. However, as already demonstrated in previous work, the geometrical description of the nucleus and the DNA content used in the simulation significantly influence damage calculations. Therefore, in order to obtain accurate results, this geometry must be as realistic as possible. In this study, a new geometrical model of an endothelial cell nucleus and DNA distribution according to the isochore theory are presented and used in a Monte Carlo simulation chain based on the Geant4-DNA toolkit. In this theory, heterochromatin and euchromatin compaction are distributed along the genome according to five different families (L1, L2, H1, H2, and H3). Each of these families is associated with a different hetero/euchromatin rate related to its compaction level. In order to compare the results with those obtained using a previous nuclear geometry, simulations were performed for protons with linear energy transfers (LETs) of 4.29 keV/µm, 19.51 keV/µm, and 43.25 keV/µm. The organization of the chromatin fibers at different compaction levels linked to isochore families increased the DSB yield by 6–10%, and it allowed the most affected part of the genome to be identified. These new results indicate that the genome core is more radiosensitive than the genome desert, with a 3–8% increase in damage depending on the LET. This work highlights the importance of using realistic distributions of chromatin compaction levels to calculate radio-induced damage using Monte Carlo simulation methods.
38	22.3	10.1088/1361-6560/acc237	A study of indirect action’s impact on simulated neutron-induced DNA damage	2023	Physics in Medicine and Biology	2	J. Manalad, L. Montgomery, J. Kildea	https://iopscience.iop.org/article/10.1088/1361-6560/acc237/pdf	https://www.semanticscholar.org/paper/d8dd04319fa8343ecbe9c27ecf06cd27aa81f185	True	6	1	0	3	Geant4-DNA DNA damage repair simulation radiation biology	Objective. The risk of radiobiological stochastic effects associated with neutrons is strongly energy dependent. Recent Monte Carlo studies simulating neutron-irradiated nuclear DNA have demonstrated that this energy dependence is correlated with the relative biological effectiveness (RBE) of neutrons to inflict DNA damage clusters that contain difficult-to-repair double-strand breaks. However, these previous investigations were either limited to modeling direct radiation action or considered the effects of both direct and indirect action together without distinguishing between the two. In this study, we aimed to quantify the influence of indirect action in neutron irradiation scenarios and acquire novel estimations of the energy-dependent neutron RBE for inducing DNA damage clusters due to both direct and indirect action. Approach. We explored the role of indirect action in neutron-induced DNA damage by integrating a validated indirect action model into our existing simulation pipeline. Using this pipeline, we performed track-structure simulations of monoenergetic neutron irradiations (1 eV to 10 MeV) in a nuclear DNA model and analyzed the resulting simple and clustered DNA lesions. We repeated the irradiation simulations for 250 keV x-rays that acted as our reference radiation. Main results. Including indirect action significantly increased the occurrence of DNA lesions. We found that indirect action tends to amplify the damage due to direct action by inducing DNA lesions in the vicinity of directly-induced lesions, resulting in additional and larger damage clusters. Our neutron RBE results are qualitatively similar to but lower in magnitude than the established radiation protection factors and the results of previous similar investigations, due to the greater relative impact of indirect action in photon-induced damage than in neutron-induced damage. Significance. Although our model for neutron-induced DNA damage has some important limitations, our findings suggest that the energy-dependent risk of neutron-induced stochastic effects may not be completely modeled alone by the relative potential of neutrons to inflict clustered lesions via direct and indirect action in DNA damage.
39	22.0	10.2967/jnumed.121.262610	Modeling Early Radiation DNA Damage Occurring During 177Lu-DOTATATE Radionuclide Therapy	2021	Journal of Nuclear Medicine	19	G. Tamborino, Y. Perrot, M. De Saint-Hubert, L. Struelens, J. Nonnekens, M. de Jong	https://jnm.snmjournals.org/content/jnumed/early/2021/09/09/jnumed.121.262610.full.pdf	https://www.semanticscholar.org/paper/916ea461028a83f6b48d460c1f4066d8c751297b	True	6	2	0	4	Geant4-DNA DNA damage repair simulation radiation biology	Visual Abstract The aim of this study was to build a simulation framework to evaluate the number of DNA double-strand breaks (DSBs) induced by in vitro targeted radionuclide therapy (TRT). This work represents the first step toward exploring underlying biologic mechanisms and the influence of physical and chemical parameters to enable a better response prediction in patients. We used this tool to characterize early DSB induction by 177Lu-DOTATATE, a commonly used TRT for neuroendocrine tumors. Methods: A multiscale approach was implemented to simulate the number of DSBs produced over 4 h by the cumulated decays of 177Lu distributed according to the somatostatin receptor binding. The approach involves 2 sequential simulations performed with Geant4/Geant4-DNA. The radioactive source is sampled according to uptake experiments on the distribution of activities within the medium and the planar cellular cluster, assuming instant and permanent internalization. A phase space is scored around the nucleus of the central cell. Then, the phase space is used to generate particles entering the nucleus containing a multiscale description of the DNA in order to score the number of DSBs per particle source. The final DSB computations are compared with experimental data, measured by immunofluorescent detection of p53-binding protein 1 foci. Results: The probability of electrons reaching the nucleus was significantly influenced by the shape of the cell compartment, causing a large variance in the induction pattern of DSBs. A significant difference was found in the DSBs induced by activity distributions in cell and medium, as is explained by the specific energy (z¯) distributions. The average number of simulated DSBs was 14 DSBs per cell (range, 7–24 DSBs per cell), compared with 13 DSBs per cell (range, 2–30 DSBs per cell) experimentally determined. We found a linear correlation between the mean absorbed dose to the nucleus and the number of DSBs per cell: 0.014 DSBs per cell mGy−1 for internalization in the Golgi apparatus and 0.017 DSBs per cell mGy−1 for internalization in the cytoplasm. Conclusion: This simulation tool can lead to a more reliable absorbed-dose–to–DNA correlation and help in prediction of biologic response.
40	21.9	10.1038/s41598-022-15521-y	New damage model for simulating radiation-induced direct damage to biomolecular systems and experimental validation using pBR322 plasmid	2022	Scientific Reports	3	Jinhyung Park, Kwang-Woo Jung, M. Kim, Hui-Jeong Gwon, Jong-Hyun Jung	https://www.nature.com/articles/s41598-022-15521-y.pdf	https://www.semanticscholar.org/paper/2870c3fcb9fe7da08b87b8f01310742f526b2d49	True	6	0	0	1	Monte Carlo track structure DNA damage repair radiation biology	In this work, we proposed a new damage model for estimating radiation-induced direct damage to biomolecular systems and validated its the effectiveness for pBR322 plasmids. The proposed model estimates radiation-induced damage to biomolecular systems by: (1) simulation geometry modeling using the coarse-grained (CG) technique to replace the minimum repeating units of a molecule with a single bead, (2) approximation of the threshold energy for radiation damage through CG potential calculation, (3) calculation of cumulative absorption energy for each radiation event in microscopic regions of CG models using the Monte Carlo track structure (MCTS) code, and (4) estimation of direct radiation damage to biomolecular systems by comparing CG potentials and absorption energy. The proposed model replicated measured data with an average error of approximately 14.2% in the estimation of radiation damage to pBR322 plasmids using the common MCTS code Geant4-DNA. This is similar to the results of previous simulation studies. However, in existing damage models, parameters are adjusted based on experimental data to increase the reliability of simulation results, whereas in the proposed model, they can be determined without using empirical data. Because the proposed model proposed is applicable to DNA and various biomolecular systems with minimal experimental data, it provides a new method that is convenient and effective for predicting damage in living organisms caused by radiation exposure.
41	21.8	10.1002/mp.14548	Oxygen depletion in FLASH ultra-high-dose-rate radiotherapy: A molecular dynamics simulation.	2020	Medical Physics (Lancaster)	63	R. Abolfath, D. Grosshans, R. Mohan	https://arxiv.org/pdf/2010.00744	https://www.semanticscholar.org/paper/2fe2984f17e7e3d3e1fba1925c16575b868e12a4	True	7	1	1	2	FLASH radiotherapy oxygen DNA damage repair mechanistic model	PURPOSE We present a first-principles molecular dynamics (MD) simulation and expound upon a mechanism of oxygen depletion hypothesis to explain the mitigation of normal tissue injury observed in ultra-high-dose-rate (UHDR) FLASH radiotherapy.   METHODS We simulated damage to a segment of DNA (also representing other bio-molecules such as RNA and proteins) in a simulation box filled with H2O and O2 molecules. Attoseconds physical interactions (ionizations, electronic and vibrational excitations) were simulated by using the Monte Carlo track structure code Geant4-DNA. Immediately after ionization, ab initio Car-Parrinello molecular dynamics (CPMD) simulation was used to identify which H2O and O2 molecules surrounding the DNA-molecule were converted into reactive oxygen species (ROS). Sub-sequently, the femto- to nano-second reactions of ROS were simulated by using MD with Reactive Force Field (ReaxFF), to illustrate ROS merging into new types of non-reactive oxygen species (NROS) due to strong coupling among ROS. A coarse-grained model was constructed to describe the relevant collective phenomenon at the macroscopic level on ROS aggregation and formation of NROS agglomerates consistent with the underlying microscopic pathways obtained from MD simulations.   RESULTS Time-dependent molecular simulations revealed the formation of metastable and transient spaghetti-like complexes among ROS generated at UHDR. At the higher ROS densities produced under UHDR, stranded chains (i.e., NROS) are produced, mediated through attractive electric polarity forces, hydrogen bonds, and magnetic dipole-dipole interactions among hydroxyl (·OH) radicals. NROS tend to be less mobile than cellular biomolecules as opposed to the isolated and sparsely dense ROS generated at conventional dose rates (CDR). We attribute this effect to the suppression of bio-molecular damage induced per particle track. At a given oxygen level, as the dose rate increases, the size and number of NROS chains increase, and correspondingly the population of toxic ROS components decreases. Similarly, at a given high dose rate, as the oxygen level increases, so do the size and number of NROS chains until an optimum level of oxygen is reached. Beyond that level, the amount of oxygen present may be sfficient to saturate the production of NROS chains, thereby reversing the sparing effects of UHDRs.   CONCLUSIONS We showed that oxygen depletion, hypothesized to lead to lower normal-tissue toxicity at FLASH dose rates, takes place within femto- to nano-seconds after irradiation. The mechanism is governed by the slow dynamics of chains of ROS complexes (NROS). Under physoxic (≈ 4-5% oxygen) conditions (i.e., in normal tissues), NROS are more abundant than in hypoxic conditions (e.g., < 0.3% in parts of tumors), suggesting that bio-molecular damage would be reduced in an environment with physoxic oxygen levels. Hence irradiation at UHDRs would be more effective for sparing physoxic normal tissues but not tumors containing regions of hypoxia. At much higher levels of oxygen (e.g., > 10-15%), oxygen depletion by UHDRs may not be sufficient for tissue sparing.
42	21.8	10.1088/1361-6560/aad7ee	A simulation approach for determining the spectrum of DNA damage induced by protons	2018	Physics in Medicine and Biology	34	M. Mokari, M. Alamatsaz, H. Moeini, R. Taleei	https://arxiv.org/pdf/1806.03682	https://www.semanticscholar.org/paper/b599b9a5e0105dac6111373cae7714acb4f0ab33	True	5	0	0	4	Geant4-DNA DNA damage repair simulation radiation biology	To study the molecular damage induced in the form of single-strand and double-strand breaks by ionizing radiation at the DNA level, the Geant4-DNA Monte Carlo simulation code for complete transportation of primary protons and other secondary particles in liquid water has been employed in this work. To this aim, a B-DNA model and a thorough classification of the complexity of the DNA damage were used. Strand breaks were assumed to have primarily originated by direct physical interactions via energy depositions, assuming a threshold energy of 17.5 eV, or indirect chemical reactions of hydroxyl radicals, assuming a probability of 0.13. The simulation results on the complexity and frequency of various damages are computed for proton energies of 0.5–20 MeV. The yield results for a cell (Gy cell)−1 are presented, assuming 22 chromosomes per cell and a mean number of 245 Mbp per chromosome. The results show that for proton energies below 2 MeV, more than 50% of the energy depositions within the DNA volume resulted in strand breaks. For double-strand breaks (DSBs), there is considerable sensitivity of DSB frequency to the proton energy. A comparison of DSB frequencies predicted by different simulations and experiments is presented as a function of proton linear energy transfer (LET). We show that our yield results (Gy Gbp)−1 are generally comparable with various experimental data and there seems to be a better agreement between our results and a number of experimental studies when compared to other simulations.
43	21.8	10.1038/s41598-024-81863-4	The effects of cell displacement on DNA damages in targeted radiation therapy using Geant4-DNA	2024	Scientific Reports	3	Ali Azizi Ganjgah, P. Taherparvar	https://doi.org/10.1038/s41598-024-81863-4	https://www.semanticscholar.org/paper/fcd28eb12e4843baff08010e44f3c6f20b9e6167	True	5	0	0	4	Geant4-DNA DNA damage repair simulation radiation biology	Charged particle radiation can, directly and indirectly, affect cells by breaking DNA strands. This effect includes DNA single-strand breaks (SSB) and DNA double-strand breaks (DSB), which may cause cell death and mitotic failure. Thus, using short-range charged particles such as Auger electrons (AEs) not only leads to the destruction of the target cell but also prevents the nearby healthy cells from exposing to ionizing radiation. In this study, two spherical cells (C and C2) and their cell nucleus, both made of liquid water, were modeled. An atomic DNA model constructed in the Geant4-DNA Monte Carlo (MC) simulation toolkit was placed inside the nucleus of the C and C2 cells. The number of direct and indirect SSB, DSB, and hybrid DSB (HDSB), caused by some of the most widely-used Auger electron-emitting (AEE) radionuclides, including 99mTc, 111In, 123I, 125I, and 201Tl, distributed within different compartments of the C cell, was calculated in the C and C2 cells, considering the distance between the surface of the two cells ranges from 0 to 5 μm. The present work aimed to investigate the biological effects of AEE radionuclides and their potential for cancer treatment through targeted radiation therapy. The results indicate the impact of 201Tl > 125I > 123I > 111In > 99mTc on DNA damage when the target is C (first spherical cell). On the other hand, for C2 at distances of 0 to 5 μm, the impact of 99mTc > 123I > 111In > 201Tl > 125I on DNA damage is observed.
44	21.6	10.1002/mp.13370	MPEXS‐DNA, a new GPU‐based Monte Carlo simulator for track structures and radiation chemistry at subcellular scale	2019	Medical Physics (Lancaster)	25	S. Okada, K. Murakami, S. Incerti, K. Amako, Takashi Sasaki	https://aapm.onlinelibrary.wiley.com/doi/pdfdirect/10.1002/mp.13370	https://www.semanticscholar.org/paper/b10bee7558f5ba49b08ba16dbe758ffcc291003a	True	6	1	0	2	Monte Carlo track structure DNA damage repair radiation biology	Purpose Track structure simulation codes can accurately reproduce the stochastic nature of particle–matter interactions in order to evaluate quantitatively radiation damage in biological cells such as DNA strand breaks and base damage. Such simulations handle large numbers of secondary charged particles and molecular species created in the irradiated medium. Every particle and molecular species are tracked step‐by‐step using a Monte Carlo method to calculate energy loss patterns and spatial distributions of molecular species inside a cell nucleus with high spatial accuracy. The Geant4‐DNA extension of the Geant4 general‐purpose Monte Carlo simulation toolkit allows for such track structure simulations and can be run on CPUs. However, long execution times have been observed for the simulation of DNA damage in cells. We present in this work an improvement of the computing performance of such simulations using ultraparallel processing on a graphical processing unit (GPU). Methods A new Monte Carlo simulator named MPEXS‐DNA, allowing high computing performance by using a GPU, has been developed for track structure and radiolysis simulations at the subcellular scale. MPEXS‐DNA physics and chemical processes are based on Geant4‐DNA processes available in Geant4 version 10.02 p03. We have reimplemented the Geant4‐DNA process codes of the physics stage (electromagnetic processes of charged particles) and the chemical stage (diffusion and chemical reactions for molecular species) for microdosimetry simulation by using the CUDA language. MPEXS‐DNA can calculate a distribution of energy loss in the irradiated medium caused by charged particles and also simulate production, diffusion, and chemical interactions of molecular species from water radiolysis to quantitatively assess initial damage to DNA. The validation of MPEXS‐DNA physics and chemical simulations was performed by comparing various types of distributions, namely the radial dose distributions for the physics stage, and the G‐value profiles for each chemical product and their linear energy transfer dependency for the chemical stage, to existing experimental data and simulation results obtained by other simulation codes, including PARTRAC. Results For physics validation, radial dose distributions calculated by MPEXS‐DNA are consistent with experimental data and numerical simulations. For chemistry validation, MPEXS‐DNA can also reproduce G‐value profiles for each molecular species with the same tendency as existing experimental data. MPEXS‐DNA also agrees with simulations by PARTRAC reasonably well. However, we have confirmed that there are slight discrepancies in G‐value profiles calculated by MPEXS‐DNA for molecular species such as H2 and H2O2 when compared to experimental data and PARTRAC simulations. The differences in G‐value profiles between MPEXS‐DNA and PARTRAC are caused by the different chemical reactions considered. MPEXS‐DNA can drastically boost the computing performance of track structure and radiolysis simulations. By using NVIDIA's GPU devices adopting the Volta architecture, MPEXS‐DNA has achieved speedup factors up to 2900 against Geant4‐DNA simulations with a single CPU core. Conclusion The MPEXS‐DNA Monte Carlo simulation achieves similar accuracy to Monte Carlo simulations performed using other codes such as Geant4‐DNA and PARTRAC, and its predictions are consistent with experimental data. Notably, MPEXS‐DNA allows calculations that are, at maximum, 2900 times faster than conventional simulations using a CPU.
45	21.6	10.3390/genes10110936	A Bi-Exponential Repair Algorithm for Radiation-Induced Double-Strand Breaks: Application to Simulation of Chromosome Aberrations	2019	Genes	22	I. Plante, T. Slaba, Zarana Shavers, M. Hada	https://www.mdpi.com/2073-4425/10/11/936/pdf?version=1573897915	https://www.semanticscholar.org/paper/fd3b4eddd681c10294c743e395562131cc667ec9	True	6	1	0	2	radiation DNA repair mathematical model simulation	Background: Radiation induces DNA double-strand breaks (DSBs), and chromosome aberrations (CA) form during the DSBs repair process. Several methods have been used to model the repair kinetics of DSBs including the bi-exponential model, i.e., N(t) = N1exp(−t/τ1) + N2exp(−t/τ2), where N(t) is the number of breaks at time t, and N1, N2, τ1 and τ2 are parameters. This bi-exponential fit for DSB decay suggests that some breaks are repaired rapidly and other, more complex breaks, take longer to repair. Methods: The bi-exponential repair kinetics model is implemented into a recent simulation code called RITCARD (Radiation Induced Tracks, Chromosome Aberrations, Repair, and Damage). RITCARD simulates the geometric configuration of human chromosomes, radiation-induced breaks, their repair, and the creation of various categories of CAs. The bi-exponential repair relies on a computational algorithm that is shown to be mathematically exact. To categorize breaks as complex or simple, a threshold for the local (voxel) dose was used. Results: The main findings are: i) the curves for the kinetics of restitution of DSBs are mostly independent of dose; ii) the fraction of unrepaired breaks increases with the linear energy transfer (LET) of the incident radiation; iii) the simulated dose–response curves for simple reciprocal chromosome exchanges that are linear-quadratic; iv) the alpha coefficient of the dose–response curve peaks at about 100 keV/µm.
46	21.5	10.1038/s41598-017-10820-1	A general mechanistic model enables predictions of the biological effectiveness of different qualities of radiation	2017	Scientific Reports	66	S. McMahon, A. McNamara, J. Schuemann, H. Paganetti, K. Prise	https://www.nature.com/articles/s41598-017-10820-1.pdf	https://www.semanticscholar.org/paper/74b0cbf18133f65712cd8fe3f3f2f052afc2823b	True	5	1	0	5	radiation-induced DNA damage mechanistic model cell survival	Predicting the responses of biological systems to ionising radiation is extremely challenging, particularly when comparing X-rays and heavy charged particles, due to the uncertainty in their Relative Biological Effectiveness (RBE). Here we assess the power of a novel mechanistic model of DNA damage repair to predict the sensitivity of cells to X-ray, proton or carbon ion exposures in vitro against over 800 published experiments. By specifying the phenotypic characteristics of cells, the model was able to effectively stratify X-ray radiosensitivity (R2 = 0.74) without the use of any cell-specific fitting parameters. This model was extended to charged particle exposures by integrating Monte Carlo calculated dose distributions, and successfully fit to cellular proton radiosensitivity using a single dose-related parameter (R2 = 0.66). Using these parameters, the model was also shown to be predictive of carbon ion RBE (R2 = 0.77). This model can effectively predict cellular sensitivity to a range of radiations, and has the potential to support developments of personalised radiotherapy independent of radiation type.
47	21.5	10.3390/ijms21051701	A Simplified Cluster Analysis of Electron Track Structure for Estimating Complex DNA Damage Yields	2020	International Journal of Molecular Sciences	23	Yusuke Matsuya, Toshiaki Nakano, T. Kai, N. Shikazono, K. Akamatsu, Y. Yoshii	https://www.mdpi.com/1422-0067/21/5/1701/pdf?version=1583151923	https://www.semanticscholar.org/paper/e157173a66d71c98d98212d4e0d6b973e1ee8c96	True	5	1	0	5	Monte Carlo track structure DNA damage repair radiation biology	Complex DNA damage, defined as at least two vicinal lesions within 10–20 base pairs (bp), induced after exposure to ionizing radiation, is recognized as fatal damage to human tissue. Due to the difficulty of directly measuring the aggregation of DNA damage at the nano-meter scale, many cluster analyses of inelastic interactions based on Monte Carlo simulation for radiation track structure in liquid water have been conducted to evaluate DNA damage. Meanwhile, the experimental technique to detect complex DNA damage has evolved in recent decades, so both approaches with simulation and experiment get used for investigating complex DNA damage. During this study, we propose a simplified cluster analysis of ionization and electronic excitation events within 10 bp based on track structure for estimating complex DNA damage yields for electron and X-ray irradiations. We then compare the computational results with the experimental complex DNA damage coupled with base damage (BD) measured by enzymatic cleavage and atomic force microscopy (AFM). The computational results agree well with experimental fractions of complex damage yields, i.e., single and double strand breaks (SSBs, DSBs) and complex BD, when the yield ratio of BD/SSB is assumed to be 1.3. Considering the comparison of complex DSB yields, i.e., DSB + BD and DSB + 2BD, between simulation and experimental data, we find that the aggregation degree of the events along electron tracks reflects the complexity of induced DNA damage, showing 43.5% of DSB induced after 70 kVp X-ray irradiation can be classified as a complex form coupled with BD. The present simulation enables us to quantify the type of complex damage which cannot be measured through in vitro experiments and helps us to interpret the experimental detection efficiency for complex BD measured by AFM. This simple model for estimating complex DNA damage yields contributes to the precise understanding of the DNA damage complexity induced after X-ray and electron irradiations.
48	21.5	10.1088/1361-6560/ac8853	Mechanistic modelling of oxygen enhancement ratio of radiation via Monte Carlo simulation-based DNA damage calculation	2022	Physics in Medicine and Biology	9	Y. Lai, Yujie Chi, Xun Jia	https://www.ncbi.nlm.nih.gov/pmc/articles/PMC10152552	https://www.semanticscholar.org/paper/274834c9ba273c94de007af6aa8f5e4eb244dc2c	True	5	1	0	5	Geant4-DNA DNA damage repair simulation radiation biology	Objective. Oxygen plays an important role in affecting the cellular radio-sensitivity to ionizing radiation. The objective of this study is to build a mechanistic model to compute oxygen enhancement ratio (OER) using a GPU-based Monte Carlo (MC) simulation package gMicroMC for microscopic radiation transport simulation and DNA damage calculation. Approach. We first simulated the water radiolysis process in the presence of DNA and oxygen for 1 ns and recorded the produced DNA damages. In this process, chemical reactions among oxygen, water radiolysis free radicals and DNA molecules were considered. We then applied a probabilistic approach to model the reactions between oxygen and indirect DNA damages for a maximal reaction time of t 0. Finally, we defined two parameters P 0 and P 1, representing probabilities for DNA damages without and with oxygen fixation effect not being restored in the repair process, to compute the final DNA double strand breaks (DSBs). As cell survival fraction is mainly determined by the number of DSBs, we assumed that the same numbers of DSBs resulted in the same cell survival rates, which enabled us to compute the OER as the ratio of doses producing the same number of DSBs without and with oxygen. We determined the three parameters (t 0, P 0 and P 1) by fitting the OERs obtained in our computation to a set of published experimental data under x-ray irradiation. We then validated the model by performing OER studies under proton irradiation and studied model sensitivity to parameter values. Main results. We obtained the model parameters as t 0 = 3.8 ms, P 0 = 0.08, and P 1 = 0.28 with a mean difference of 3.8% between the OERs computed by our model and that obtained from experimental measurements under x-ray irradiation. Applying the established model to proton irradiation, we obtained OERs as functions of oxygen concentration, LET, and dose values, which generally agreed with published experimental data. The parameter sensitivity analysis revealed that the absolute magnitude of the OER curve relied on the values of P 0 and P 1, while the curve was subject to a horizontal shift when adjusting t 0. Significance. This study developed a mechanistic model that fully relies on microscopic MC simulations to compute OER.
49	21.3	10.1039/c8ra10168j	Clinically relevant nanodosimetric simulation of DNA damage complexity from photons and protons	2019	RSC Advances	30	N. Henthorn, J. Warmenhoven, M. Sotiropoulos, Adam Henry Aitkenhead, E. Smith, S. Ingram	https://pubs.rsc.org/en/content/articlepdf/2019/ra/c8ra10168j	https://www.semanticscholar.org/paper/0cb6f71d78f300cea0fe1c0bfee64cfe3c3bee90	True	6	2	0	3	chromosome aberration radiation track structure simulation DNA repair	Relative Biological Effectiveness (RBE), the ratio of doses between radiation modalities to produce the same biological endpoint, is a controversial and important topic in proton therapy. A number of phenomenological models incorporate variable RBE as a function of Linear Energy Transfer (LET), though a lack of mechanistic description limits their applicability. In this work we take a different approach, using a track structure model employing fundamental physics and chemistry to make predictions of proton and photon induced DNA damage, the first step in the mechanism of radiation-induced cell death. We apply this model to a proton therapy clinical case showing, for the first time, predictions of DNA damage on a patient treatment plan. Our model predictions are for an idealised cell and are applied to an ependymoma case, at this stage without any cell specific parameters. By comparing to similar predictions for photons, we present a voxel-wise RBE of DNA damage complexity. This RBE of damage complexity shows similar trends to the expected RBE for cell kill, implying that damage complexity is an important factor in DNA repair and therefore biological effect.
50	21.3	10.1016/j.phro.2024.100564	Variation of the relative biological effectiveness in the penumbra of ion therapy beams estimated using different microdosimetric approaches	2024	Physics and Imaging in Radiation Oncology	8	A. Parisi, K. Furutani, Chris J. Beltran	http://www.phiro.science/article/S2405631624000344/pdf	https://www.semanticscholar.org/paper/2483130423cd5c29d28d18ee91bf07a232b156eb	True	6	2	0	3	radiation quality factor biological effectiveness model DNA damage	Background and Purpose The effort to translate clinical findings across institutions employing different relative biological effectiveness (RBE) models of ion radiotherapy has rapidly grown in recent years. Nevertheless, even for a chosen RBE model, different implementations exist. These approaches might consider or disregard the dose-dependence of the RBE and the radial variation of the radiation quality around the beam axis. This study investigated the theoretical impact of disregarding these effects during the RBE calculations. Materials and Methods Microdosimetric simulations were carried out using the Monte Carlo code PHITS along the spread out Bragg peaks of 1H, 4He, 12C, 16O, and 20Ne ions in a water phantom. The RBE was computed using different implementations of the Mayo Clinic Florida microdosimetric kinetic model (MCF MKM) and the modified MKM, considering or not the radial variation of the radiation quality in the penumbra of the ion beams and the dose-dependence of the RBE. Results For an OAR located 5 mm laterally from the target volume, disregarding the radial variation of the radiation quality or the dose-dependence of the RBE could result in an overestimation of the RBE-weighted dose up to a factor of ∼ 3.5 or ∼ 1.7, respectively. Conclusions The RBE-weighted dose to OARs close to the tumor volume was substantially impacted by the approach employed for the RBE calculations, even when using the same RBE model and cell line. Therefore, care should be taken in considering these differences while translating clinical findings between institutions with dissimilar approaches.
51	21.3	10.3390/ijms25105094	Ionization Detail Parameters for DNA Damage Evaluation in Charged Particle Radiotherapy: Simulation Study Based on Cell Survival Database	2024	International Journal of Molecular Sciences	3	M. Mietelska, Marcin Pietrzak, Aleksandr Bancer, A. Ruciński, Zygmunt Szefliński, B. Brzozowska	https://www.mdpi.com/1422-0067/25/10/5094/pdf?version=1715090396	https://www.semanticscholar.org/paper/c1066b66b0b8988076df6ee224dbd263c7cd43e4	True	6	2	0	3	Geant4-DNA DNA damage repair simulation radiation biology	Details of excitation and ionization acts hide a description of the biological effects of charged particle traversal through living tissue. Nanodosimetry enables the introduction of novel quantities that characterize and quantify the particle track structure while also serving as a foundation for assessing biological effects based on this quantification. This presents an opportunity to enhance the planning of charged particle radiotherapy by taking into account the ionization detail. This work uses Monte Carlo simulations with Geant4-DNA code for a wide variety of charged particles and their radiation qualities to analyze the distribution of ionization cluster sizes within nanometer-scale volumes, similar to DNA diameter. By correlating these results with biological parameters extracted from the PIDE database for the V79 cell line, a novel parameter R2 based on ionization details is proposed for the evaluation of radiation quality in terms of biological consequences, i.e., radiobiological cross section for inactivation. By incorporating the probability p of sub-lethal damage caused by a single ionization, we address limitations associated with the usually proposed nanodosimetric parameter Fk for characterizing the biological effects of radiation. We show that the new parameter R2 correlates well with radiobiological data and can be used to predict biological outcomes.
52	21.0	10.1667/rr15312.1	From Energy Deposition of Ionizing Radiation to Cell Damage Signaling: Benchmarking Simulations by Measured Yields of Initial DNA Damage after Ion Microbeam Irradiation	2019	Radiation Research	11	G. Gonon, C. Villagrasa, P. Voisin, S. Meylan, M. Bueno, M. Benadjaoud	https://hal.archives-ouvertes.fr/hal-02318865/file/0000160434_002.PDF	https://www.semanticscholar.org/paper/27fbafe1e4d724b7637637846d73992e09474269	True	6	3	0	4	Monte Carlo track structure DNA damage repair radiation biology	Advances in accelerator technology, which have enabled conforming radiotherapy with charged hadronic species, have brought benefits as well as potential new risks to patients. To better understand the effects of ionizing radiation on tumor and surrounding tissue, it is important to investigate and quantify the relationship between energy deposition at the nanometric scale and the initial biological events. Monte Carlo track structure simulation codes provide a powerful tool for investigating this relationship; however, their success and reliability are dependent on their improvement and development accordingly to the dedicated biological data to which they are challenged. For this aim, a microbeam facility that allows for fluence control, down to one ion per cell nucleus, was used to evaluate relative frequencies of DNA damage after interaction between the incoming ion and DNA according to radiation quality. Primary human cells were exposed to alpha particles of three different energies with respective linear energy transfers (LETs) of approximately 36, 85 or 170 keV·µm–1 at the cells' center position, or to protons (19 keV·µm–1). Statistical evaluation of nuclear foci formation (53BP1/γ-H2AX), observed using immunofluorescence and related to a particle traversal, was undertaken in a large population of cell nuclei. The biological results were adjusted to consider the factors that drive the experimental uncertainties, then challenged with results using Geant4-DNA code modeling of the ionizing particle interactions on a virtual phantom of the cell nucleus with the same mean geometry and DNA density as the cells used in our experiments. Both results showed an increase of relative frequencies of foci (or simulated DNA damage) in cell nuclei as a function of increasing LET of the traversing particles, reaching a quasi-plateau when the LET exceeded 80–90 keV·µm–1. For the LET of an alpha particle ranging from 80–90 to 170 keV·µm–1, 10–30% of the particle hits did not lead to DNA damage inducing 53BP1 or γ-H2AX foci formation.
53	20.8	10.1038/s41598-020-75982-x	Fully integrated Monte Carlo simulation for evaluating radiation induced DNA damage and subsequent repair using Geant4-DNA	2020	Scientific Reports	79	D. Sakata, O. Belov, M. Bordage, D. Emfietzoglou, S. Guatelli, T. Inaniwa	https://www.nature.com/articles/s41598-020-75982-x.pdf	https://www.semanticscholar.org/paper/abe5b5a215f92197596b6bac98ecb35bde1f3390	True	5	1	0	4	radiation-induced DNA damage mechanistic model cell survival	Ionising radiation induced DNA damage and subsequent biological responses to it depend on the radiation’s track-structure and its energy loss distribution pattern. To investigate the underlying biological mechanisms involved in such complex system, there is need of predicting biological response by integrated Monte Carlo (MC) simulations across physics, chemistry and biology. Hence, in this work, we have developed an application using the open source Geant4-DNA toolkit to propose a realistic “fully integrated” MC simulation to calculate both early DNA damage and subsequent biological responses with time. We had previously developed an application allowing simulations of radiation induced early DNA damage on a naked cell nucleus model. In the new version presented in this work, we have developed three additional important features: (1) modeling of a realistic cell geometry, (2) inclusion of a biological repair model, (3) refinement of DNA damage parameters for direct damage and indirect damage scoring. The simulation results are validated with experimental data in terms of Single Strand Break (SSB) yields for plasmid and Double Strand Break (DSB) yields for plasmid/human cell. In addition, the yields of indirect DSBs are compatible with the experimental scavengeable damage fraction. The simulation application also demonstrates agreement with experimental data of γ\documentclass[12pt]{minimal} \usepackage{amsmath} \usepackage{wasysym} \usepackage{amsfonts} \usepackage{amssymb} \usepackage{amsbsy} \usepackage{mathrsfs} \usepackage{upgreek} \setlength{\oddsidemargin}{-69pt} \begin{document}$$\gamma$$\end{document}-H2AX yields for gamma ray irradiation. Using this application, it is now possible to predict biological response along time through track-structure MC simulations.
54	20.8	10.1088/1361-6560/ac79f9	TOPAS-nBio simulation of temperature-dependent indirect DNA strand break yields	2022	Physics in Medicine and Biology	12	J. Ramos-Mendez, Omar R Garcia-Garcia, J. Domínguez-Kondo, J. LaVerne, J. Schuemann, E. Moreno-Barbosa	https://www.ncbi.nlm.nih.gov/pmc/articles/PMC9512025	https://www.semanticscholar.org/paper/2746db230fbc4f472b32adde6e2429df77b13d0e	True	5	1	0	4	TOPAS-nBio DNA damage cell survival radiation model	Current Monte Carlo simulations of DNA damage have been reported only at ambient temperature. The aim of this work is to use TOPAS-nBio to simulate the yields of DNA single-strand breaks (SSBs) and double-strand breaks (DSBs) produced in plasmids under low-LET irradiation incorporating the effect of the temperature changes in the environment. A new feature was implemented in TOPAS-nBio to incorporate reaction rates used in the simulation of the chemical stage of water radiolysis as a function of temperature. The implemented feature was verified by simulating temperature-dependent G-values of chemical species in liquid water from 20 °C to 90 °C. For radiobiology applications, temperature dependent SSB and DSB yields were calculated from 0 °C to 42 °C, the range of available published measured data. For that, supercoiled DNA plasmids dissolved in aerated solutions containing EDTA irradiated by Cobalt-60 gamma-rays were simulated. TOPAS-nBio well reproduced published temperature-dependent G-values in liquid water and the yields of SSB and DSB for the temperature range considered. For strand break simulations, the model shows that the yield of SSB and DSB increased linearly with the temperature at a rate of (2.94 ± 0.17) × 10−10 Gy–1 Da–1 °C–1 (R 2 = 0.99) and (0.13 ± 0.01) × 10−10 Gy–1 Da–1 °C–1 (R 2 = 0.99), respectively. The extended capability of TOPAS-nBio is a complementary tool to simulate realistic conditions for a large range of environmental temperatures, allowing refined investigations of the biological effects of radiation.
55	20.8	10.3390/ijms23116343	Nanoscale Calculation of Proton-Induced DNA Damage Using a Chromatin Geometry Model with Geant4-DNA	2022	International Journal of Molecular Sciences	7	Kun Zhu, Chun Wu, Xiaoyu Peng, Xuan-Tao Ji, Siyuan Luo, Yuchen Liu	https://www.mdpi.com/1422-0067/23/11/6343/pdf?version=1654523166	https://www.semanticscholar.org/paper/00df1725df8d2f9f4c68bb284b2f7c1981a5de13	True	5	1	0	4	Geant4-DNA DNA damage repair simulation radiation biology	Monte Carlo simulations can quantify various types of DNA damage to evaluate the biological effects of ionizing radiation at the nanometer scale. This work presents a study simulating the DNA target response after proton irradiation. A chromatin fiber model and new physics constructors with the ELastic Scattering of Electrons and Positrons by neutral Atoms (ELSEPA) model were used to describe the DNA geometry and the physical stage of water radiolysis with the Geant4-DNA toolkit, respectively. Three key parameters (the energy threshold model for strand breaks, the physics model and the maximum distance to distinguish DSB clusters) of scoring DNA damage were studied to investigate the impact on the uncertainties of DNA damage. On the basis of comparison of our results with experimental data and published findings, we were able to accurately predict the yield of various types of DNA damage. Our results indicated that the difference in physics constructor can cause up to 56.4% in the DNA double-strand break (DSB) yields. The DSB yields were quite sensitive to the energy threshold for strand breaks (SB) and the maximum distance to classify the DSB clusters, which were even more than 100 times and four times than the default configurations, respectively.
56	20.8	10.1038/s41598-025-00875-w	Recent updates of the MPEXS2.1-DNA Monte Carlo code for simulations of water radiolysis under ion irradiation	2025	Scientific Reports	5	S. Okada, K. Murakami, T. Kusumoto, Yoshiyuki Hirano, K. Amako, T. Sasaki	https://doi.org/10.1038/s41598-025-00875-w	https://www.semanticscholar.org/paper/6a2743a8faf7cec4b8e727dfa045e95a13b58aef	True	5	1	0	4	MCDS Monte Carlo damage simulation radiation DNA repair	To improve radiotherapy, especially that with ion beams such as proton and carbon ion beams, the mechanisms of interactions induced by ionizing radiation must be understood. MPEXS2.1-DNA is a Monte Carlo simulation code developed for water radiolysis studies and DNA damage simulations that uses GPU devices for fast computation. However, the original chemistry model in MPEXS2.1-DNA did not include detailed chemical reactions for reactive oxygen species (ROS), e.g., O•-, O2, O2•-, HO2•, HO2-. In the present study, drawing the former work on the step-by-step (SBS) model for the RITRACKS code, we implemented an alternative SBS model into MPEXS2.1-DNA to increase the capabilities and computational speed of water radiolysis simulations under ion irradiation. This model is based on the theory of Green’s function of the diffusion equation (GFDE-SBS). Also, we implemented multiple ionization processes which enhance ROS generation under high-LET irradiation. We compared the simulation results obtained by GFDE-SBS with experimental data from previous studies. The validation results demonstrated that the GFDE-SBS model accurately reproduced the measured radiation chemical yields of major species, such as hydroxyl radicals and hydrogen peroxide. Furthermore, the computational speed of GFDE-SBS was increased approximately ten times faster than the original model due to the changes in time stepping. Additionally, simulations using a Fricke dosimeter confirmed that this model is reliable for long-term simulations over seconds. These improvements enable simulations of radiation interactions and can help in the study of DNA damage mechanisms.
57	20.8	10.3390/cancers16132349	Monte Carlo-Based Nanoscale Dosimetry Holds Promise for Radiopharmaceutical Therapy Involving Auger Electron Emitters	2024	Cancers	3	O. Kwon, S. Hoffman, Paul A. Ellison, Bryan P Bednarz	https://www.mdpi.com/2072-6694/16/13/2349/pdf?version=1719410947	https://www.semanticscholar.org/paper/706dea33ebc5d1938b25110b8a7a15e85f7949c5	True	5	1	0	4	MCDS Monte Carlo damage simulation radiation DNA repair	Simple Summary In contrast to external beam radiation therapy, our understanding of the dose–response relationship in radiopharmaceutical therapy (RPT) remains limited. Given that the estimation of radiation-induced deoxyribonucleic acid (DNA) damage can correlate with various biological responses, nanoscale dosimetry emerges as a critical tool in lighting this intricate relationship. In this study, we developed a novel simulation-based nanoscale dosimetry platform by identifying optimal DNA physics models and benchmarking against existing data. Leveraging this platform, we conducted a case study to estimate DNA damage, thereby enhancing our comprehension of RPT effects at nanoscales. This research serves as a foundation for future studies on how RPT affects DNA at the nano-level, potentially improving cancer treatment strategies. Abstract Radiopharmaceutical therapy (RPT) is evolving as a promising strategy for treating cancer. As interest grows in short-range particles, like Auger electrons, understanding the dose–response relationship at the deoxyribonucleic acid (DNA) level has become essential. In this study, we used the Geant4-DNA toolkit to evaluate DNA damage caused by the Auger-electron-emitting isotope I-125. We compared the energy deposition and single strand break (SSB) yield at each base pair location in a short B-form DNA (B-DNA) geometry with existing simulation and experimental data, considering both physical direct and chemical indirect hits. Additionally, we evaluated dosimetric differences between our high-resolution B-DNA target and a previously published simple B-DNA geometry. Overall, our benchmarking results for SSB yield from I-125 decay exhibited good agreement with both simulation and experimental data. Using this simulation, we then evaluated the SSB and double strand break (DSB) yields caused by a theranostic Br-77-labeled poly ADP ribose polymerase (PARP) inhibitor radiopharmaceutical. The results indicated a predominant contribution of chemical indirect hits over physical direct hits in generating SSB and DSB. This study lays the foundation for future investigations into the nano-dosimetric properties of RPT.
58	20.6	10.1667/rr15250.1	RITCARD: Radiation-Induced Tracks, Chromosome Aberrations, Repair and Damage.	2019	Radiation Research	36	I. Plante, A. Ponomarev, Zarana S. Patel, T. Slaba, M. Hada	https://bioone.org/journals/Radiation-Research/volume-192/issue-3/RR15250.1/RITCARD-Radiation-Induced-Tracks-Chromosome-Aberrations-Repair-and-Damage/10.1667/RR15250.1.pdf	https://www.semanticscholar.org/paper/1c81ab6a9d42e293ecaa7dbb91397018225aa4e3	True	6	2	0	2	radiation DNA repair mathematical model simulation	Chromosome aberrations (CA) are one of the effects of radiation exposure and can have implications for human health in the space environment, since they are related to cancer risk. In radiation research, chromosome aberrations are a convenient biomarker for carcinogenesis. To shed light on the formation and quality of chromosome aberrations in the space environment, many experiments and simulations have been performed using chromosome aberrations in human cells, induced by heavy ions, which are present in galactic cosmic rays (GCRs). In this work, the new simulation program, radiation-induced tracks, chromosome aberrations, repair and damage (RITCARD), is presented. This software program is based on the algorithm used in the NASA Radiation Track Image (NASARTI) model with some improvements. NASARTI and RITCARD are both comprised of four parts: a random walk (RW) algorithm for simulating chromosomes in a nucleus; a deoxyribonucleic acid (DNA) damage algorithm; a break repair process; and a function to assess and count chromosome aberrations. Prior to running RITCARD, the code, relativistic ion tracks (RITRACKS), is used to simulate detailed radiation track structure and calculate time-dependent differential voxel dose maps in a parallelepiped centered on a cell nucleus. The RITCARD program reads the pre-calculated voxel dose and locates the intersections between the voxels and the chromosomes that were simulated by random walk. Radiation-induced breaks occur strictly at these intersections with a probability that is a function of the voxel dose. When a break occurs in the random walk, the corresponding chromosome piece is cut into two fragments where each has a free end at the position of the break. RITCARD generates a collection of all fragments, free ends, and enlists free end pairs. In the next step, the algorithm simulates the time-dependent rejoining of free end pairs, using different probabilities for pairs originating from a given break (proper) or from different breaks (improper), which results in the formation of fragment sequences. By grouping these sequences, the program determines the number and types of aberrations, based on the same criteria used in our experiment. The new program is used to assess the yields of various types of chromosome aberrations in human fibroblast cells for several ions (1H+, 4He2+, 12C6+, 16O8+, 20Ne10+, 28Si14+, 48Ti22+ and 56Fe26+) with energies varying from 10 to 1,000 MeV/u. The results show linear and linear-quadratic dose dependence for most chromosome aberrations types. The calculation results were compared with those obtained by fluorescence in situ hybridization (FISH) experiments that were performed by our group. The simulations and experiments are in better agreement at lower LET. Regarding the simulation results, the coefficient of the linear part of the dose-dependence curve also peaks at an LET value of approximately 100 keV/μm, which evokes a relative biological effectiveness (RBE) peak found by other researchers.
59	20.4	10.1051/epjconf/201817305005	Simulation of Radiation Damage to Neural Cells with the Geant4-DNA Toolkit	2018		6	L. Bayarchimeg, Munkhbaatar Batmunkh, O. Belov, O. Lkhagva	https://www.epj-conferences.org/articles/epjconf/pdf/2018/08/epjconf_mmcp2018_05005.pdf	https://www.semanticscholar.org/paper/098dffe4f1cbdae8e39e78728452f370bf210f61	True	5	0	0	2	Geant4-DNA DNA damage repair simulation radiation biology	To help in understanding the physical and biological mechanisms underlying effects of cosmic and therapeutic types of radiation on the central nervous system (CNS), we have developed an original neuron application based on the Geant4 Monte Carlo simulation toolkit, in particular on its biophysical extension Geant4-DNA. The applied simulation technique provides a tool for the simulation of physical, physico-chemical and chemical processes (e.g. production of water radiolysis species in the vicinity of neurons) in realistic geometrical model of neural cells exposed to ionizing radiation. The present study evaluates the microscopic energy depositions and water radiolysis species yields within a detailed structure of a selected neuron taking into account its soma, dendrites, axon and spines following irradiation with carbon and iron ions.
60	20.4	10.1093/intbio/zyae015	DNA break clustering as a predictor of cell death across various radiation qualities: influence of cell size, cell asymmetry, and beam orientation.	2024	Integrative Biology	2	F. Poignant, E. Pariset, I. Plante, A. Ponomarev, Trevor Evain, Louise Viger	https://doi.org/10.1093/intbio/zyae015	https://www.semanticscholar.org/paper/9ddad2e45407d3cc8ed76ac5c17f4af76e74b398	True	4	2	0	8	TOPAS-nBio DNA damage cell survival radiation model	Cosmic radiation, composed of high charge and energy (HZE) particles, causes cellular DNA damage that can result in cell death or mutation that can evolve into cancer. In this work, a cell death model is applied to several cell lines exposed to HZE ions spanning a broad range of linear energy transfer (LET) values. We hypothesize that chromatin movement leads to the clustering of multiple double strand breaks (DSB) within one radiation-induced foci (RIF). The survival probability of a cell population is determined by averaging the survival probabilities of individual cells, which is function of the number of pairwise DSB interactions within RIF. The simulation code RITCARD was used to compute DSB. Two clustering approaches were applied to determine the number of RIF per cell. RITCARD outputs were combined with experimental data from four normal human cell lines to derive the model parameters and expand its predictions in response to ions with LET ranging from ~0.2 keV/μm to ~3000 keV/μm. Spherical and ellipsoidal nuclear shapes and two ion beam orientations were modeled to assess the impact of geometrical properties on cell death. The calculated average number of RIF per cell reproduces the saturation trend for high doses and high-LET values that is usually experimentally observed. The cell survival model generates the recognizable bell shape of LET dependence for the relative biological effectiveness (RBE). At low LET, smaller nuclei have lower survival due to increased DNA density and DSB clustering. At high LET, nuclei with a smaller irradiation area-either because of a smaller size or a change in beam orientation-have a higher survival rate due to a change in the distribution of DSB/RIF per cell. If confirmed experimentally, the geometric characteristics of cells would become a significant factor in predicting radiation-induced biological effects. Insight Box: High-charge and energy (HZE) ions are characterized by dense linear energy transfer (LET) that induce unique spatial distributions of DNA damage in cell nuclei that result in a greater biological effect than sparsely ionizing radiation like X-rays. HZE ions are a prominent component of galactic cosmic ray exposure during human spaceflight and specific ions are being used for radiotherapy. Here, we model DNA damage clustering at sub-micrometer scale to predict cell survival. The model is in good agreement with experimental data for a broad range of LET. Notably, the model indicates that nuclear geometry and ion beam orientation affect DNA damage clustering, which reveals their possible role in mediating cell radiosensitivity.
61	20.3	10.1016/j.zemedi.2023.07.007	Radiation-induced double-strand breaks by internal ex vivo irradiation of lymphocytes: Validation of a Monte Carlo simulation model using GATE and Geant4-DNA	2023	Zeitschrift für Medizinische Physik	13	M. Salas-Ramirez, L. Maigne, G. Fois, H. Scherthan, M. Lassmann, U. Eberlein	https://doi.org/10.1016/j.zemedi.2023.07.007	https://www.semanticscholar.org/paper/0ea628ec2d945afb5cd70f56ea9dc5fc838a4271	True	6	3	0	3	Geant4-DNA DNA damage repair simulation radiation biology	This study describes a method to validate a radiation transport model that quantifies the number of DNA double-strand breaks (DSB) produced in the lymphocyte nucleus by internal ex vivo irradiation of whole blood with the radionuclides 90Y, 99mTc, 123I, 131I, 177Lu, 223Ra, and 225Ac in a test vial using the GATE/Geant4 code at the macroscopic level and the Geant4-DNA code at the microscopic level. Methods The simulation at the macroscopic level reproduces an 8 mL cylindrical water-equivalent medium contained in a vial that mimics the geometry for internal ex vivo blood irradiation. The lymphocytes were simulated as spheres of 3.75 µm radius randomly distributed, with a concentration of 125 spheres/mL. A phase-space actor was attached to each sphere to register all the entering particles. The simulation at the microscopic level for each radionuclide was performed using the Geant4-DNA tool kit, which includes the clustering example centered on a density-based spatial clustering of applications with noise (DBSCAN) algorithm. The irradiation source was constructed by generating a single phase space from the sum of all phase spaces. The lymphocyte nucleus was defined as a water sphere of a 3.1 µm radius. The absorbed dose coefficients for lymphocyte nuclei (dLymph) were calculated and compared with macroscopic whole blood absorbed dose coefficients (dBlood). The DBSCAN algorithm was used to calculate the number of DSBs. Lastly, the number of DSB∙cell−1∙mGy−1 (simulation) was compared with the number of radiation-induced foci per cell and absorbed dose (RIF∙cell−1∙mGy−1) provided by experimental data for gamma and beta emitting radionuclides. For alpha emitters, dLymph and the number of α-tracks∙100 cell−1∙mGy−1 and DSBs∙µm−1 were calculated using experiment-based thresholds for the α-track lengths and DSBs/track values. The results were compared with the results of an ex vivo study with 223Ra. Results The dLymph values differed from the dBlood values by −1.0% (90Y), −5.2% (99mTc), −22.3% (123I), 0.35% (131I), 2.4% (177Lu), −5.6% (223Ra) and −6.1% (225Ac). The number of DSB∙cell−1∙mGy−1 for each radionuclide was 0.014 DSB∙cell−1∙mGy−1 (90Y), 0.016 DSB∙cell−1∙mGy−1 (99mTc), 0.013 DSB∙cell−1∙mGy−1 (123I), 0.012 DSB∙cell−1∙mGy−1 (131I), and 0.012 DSB∙cell−1∙mGy−1 (177Lu). These values agree very well with experimental data. The number of α-tracks∙100 cells−1∙mGy−1 for 223Ra and 225Ac where 0.144 α-tracks∙100 cells−1∙mGy−1 and 0.151 α-tracks∙100 cells−1∙mGy−1, respectively. These values agree very well with experimental data. Moreover, the linear density of DSBs per micrometer α-track length were 11.13 ± 0.04 DSB/µm and 10.86 ± 0.06 DSB/µm for 223Ra and 225Ac, respectively. Conclusion This study describes a model to simulate the DNA DSB damage in lymphocyte nuclei validated by experimental data obtained from internal ex vivo blood irradiation with radionuclides frequently used in diagnostic and therapeutic procedures in nuclear medicine.
62	20.3	10.1016/j.ejmp.2024.103367	Dose and DNA damage modelling of diffusing alpha-emitters radiation therapy using Geant4.	2024	Physica medica (Testo stampato)	13	L. Ballisat, C. De Sio, L. Beck, S. Guatelli, D. Sakata, Yuyao Shi	http://www.physicamedica.com/article/S1120179724001625/pdf	https://www.semanticscholar.org/paper/7f3c83374f1306c01722c0688bb367f94deda0c6	True	4	0	0	5	Geant4-DNA DNA damage repair simulation radiation biology	PURPOSE Diffusing alpha-emitters radiation therapy (DaRT) is a brachytherapy technique using α-particles to treat solid tumours. The high linear energy transfer (LET) and short range of α-particles make them good candidates for the targeted treatment of cancer. Treatment planning of DaRT requires a good understanding of the dose from α-particles and the other particles released in the 224Ra decay chain.   METHODS The Geant4 Monte Carlo toolkit has been used to simulate a DaRT seed to better understand the dose contribution from all particles and simulate the DNA damage due to this treatment.   RESULTS Close to the seed α-particles deliver the majority of dose, however at radial distances greater than 4 mm, the contribution of β-particles is greater. The RBE has been estimated as a function of number of double strand breaks (DSBs) and complex DSBs. A maximum seed spacing of 5.5 mm and 6.5 mm was found to deliver at least 20 Gy RBE weighted dose between the seeds for RBEDSB and RBEcDSB respectively.   CONCLUSIONS The DNA damage changes with radial distance from the seed and has been found to become less complex with distance, which is potentially easier for the cell to repair. Close to the seed α-particles contribute the majority of dose, however the contribution from other particles cannot be neglected and may influence the choice of seed spacing.
63	20.3	10.1002/mp.15796	A double-strand-break model for the relative biological effectiveness of electrons based on ionization clustering.	2022	Medical Physics (Lancaster)	3	T. Pfuhl, T. Friedrich, M. Scholz	https://onlinelibrary.wiley.com/doi/pdfdirect/10.1002/mp.15796	https://www.semanticscholar.org/paper/3a69166bd3105be8f318b8788cb5547cdda5f051	True	4	0	0	5	relative biological effectiveness mechanistic model DNA damage repair	BACKGROUND The effectiveness of ionizing radiation regarding DNA damage induction depends on its spatial energy deposition pattern. For electrons an increased effectiveness is observed at low kinetic energies due to the enhanced density of energy deposition events at electron track ends.   PURPOSE A model is presented, which enables the calculation of the double-strand-break (DSB) yield and the relative biological effectiveness (RBE) for DSB induction of electrons.   METHODS The model applies the mean free path between two ionizations and the assumption that two ionizations within a certain threshold distance are necessary to potentially lead to a DSB. Next to an expression for the electron RBE according to its common definition, a local RBE is determined, which describes the electrons' local effectiveness at a defined point on their track.   RESULTS This local RBE allows a better understanding of microscopic processes resulting from radiation and can be used for instance to describe the mean effectiveness of the mixed electron radiation field as a function of the radial distance to the center of an ion track.   CONCLUSIONS The presented model reflects the experimentally-observed increased effectiveness of low-energetic electrons. It will be used in a future work to improve RBE predictions for ions performed with the local effect model. This article is protected by copyright. All rights reserved.
64	20.1	10.1038/s41598-019-54081-6	Track Structure Study for Energy Dependency of Electrons and X-rays on DNA Double-Strand Break Induction	2019	Scientific Reports	17	Yoshie Yachi, Y. Yoshii, Yusuke Matsuya, Ryosuke Mori, Joma Oikawa, H. Date	https://www.nature.com/articles/s41598-019-54081-6.pdf	https://www.semanticscholar.org/paper/5ba51a6df9225131f928950d7342362bb39a5cb6	True	5	1	0	3	chromosome aberration radiation track structure simulation DNA repair	Radiation weighting factor wR for photons and electrons has been defined as unity independently of the energy of the particles. However, the biological effects depend on the incident energies according to in vitro experimental data. In this study, we have quantified the energy concentration along electron tracks in terms of dose-mean lineal energy (yD) on chromosome (micro-meter) and DNA (nano-meter) order scales by Monte Carlo simulations, and evaluated the impact of photon energies on DNA double-strand break (DNA-DSB) induction from an experimental study of irradiated cells. Our simulation result shows that the yD values for diagnostic X-rays (60–250 kVp) are higher than that for therapeutic X-rays (linac 6 MV), which agrees well with the tissue equivalent proportional counter (TEPC) measurements. The relation between the yD values and the numbers of γ-H2AX foci for various photon energy spectra suggests that low energy X-rays induce DNA-DSB more efficiently than higher energy X-rays even at the same absorbed dose (e.g., 1.0 Gy). The relative biological effectiveness based on DNA-DSBs number (RBEDSB) is proportionally enhanced as the yD value increases, demonstrating that the biological impact of the photon irradiation depends on energy concentration along radiation tracks of electrons produced in the bio-tissues. Ultimately, our study implies that the value of wR for photons varies depending on their energies.
65	20.1	10.1007/s00411-021-00936-4	Investigation into the foundations of the track-event theory of cell survival and the radiation action model based on nanodosimetry	2021	Radiation and Environmental Biophysics	11	S. Ngcezu, H. Rabus	https://link.springer.com/content/pdf/10.1007/s00411-021-00936-4.pdf	https://www.semanticscholar.org/paper/87ec4a2e5e11e6181a92388d1c6fb0cc68db24ab	True	5	1	0	3	TOPAS-nBio DNA damage cell survival radiation model	This work aims at elaborating the basic assumptions behind the “track-event theory” (TET) and its derivate “radiation action model based on nanodosimetry” (RAMN) by clearly distinguishing between effects of tracks at the cellular level and the induction of lesions in subcellular targets. It is demonstrated that the model assumptions of Poisson distribution and statistical independence of the frequency of single and clustered DNA lesions are dispensable for multi-event distributions because they follow from the Poisson distribution of the number of tracks affecting the considered target volume. It is also shown that making these assumptions for the single-event distributions of the number of lethal and sublethal lesions within a cell would lead to an essentially exponential dose dependence of survival for practically relevant values of the absorbed dose. Furthermore, it is elucidated that the model equation used for consideration of repair within the TET is based on the assumption that DNA lesions induced by different tracks are repaired independently. Consequently, the model equation is presumably inconsistent with the model assumptions and requires an additional model parameter. Furthermore, the methodology for deriving model parameters from nanodosimetric properties of particle track structure is critically assessed. Based on data from proton track simulations it is shown that the assumption of statistically independent targets leads to the prediction of negligible frequency of clustered DNA damage. An approach is outlined how track structure could be considered in determining the model parameters, and the implications for TET and RAMN are discussed.
66	20.1	10.3389/fphy.2020.576284	Can We Assess Early DNA Damage at the Molecular Scale by Radiation Track Structure Simulations? A Tetranucleosome Scenario in Geant4-DNA	2020	Frontiers of Physics	5	Lorenzo Petrolli, F. Tommasino, E. Scifoni, G. Lattanzi	https://www.frontiersin.org/articles/10.3389/fphy.2020.576284/pdf	https://www.semanticscholar.org/paper/1974805992a6d54d47d1b6255ec3f8c30fa7ad25	True	5	1	0	3	Geant4-DNA DNA damage repair simulation radiation biology	Advanced track structure codes excel as state-of-the-art tools to low-scale dosimetric models: the rational evolution for a cell-like scenario is detailed within a microsecond of an ion collision, that is the standard timescale for critical DNA modifications. The in vitro DNA double-strand breaks (DSB) yield is matched indirectly by nanodosimetric track structure assessments; however, the score to specific DSB motifs (i.e., the yield associated to each DSB distance between DNA cuts) is mostly overlooked. In this work, we extend the PDB4DNA example of the Geant4-DNA toolkit, to briefly assess the hit and DSB scores over a nucleosome tetramer framework (Protein Data Bank entry: 1zbb). We describe a critical scenario that biases the statistical significance for an event-by-event track structure assessment at the nanometric scale, based on a Shannon's entropy estimate of the volumetric hit score; finally, we draw a tentative correlation between the mean DSB quality and a proton track, and conclude that short-distanced DSBs by direct effect are favored within a Bragg peak-relevant energy range.
67	20.0	10.3390/app11198985	Monte Carlo Simulation-Based Calculations of Complex DNA Damage for Incidents of Environmental Ionizing Radiation Exposure	2021	Applied Sciences	10	S. A. Kalospyros, V. Gika, Z. Nikitaki, A. Kalamara, I. Kyriakou, D. Emfietzoglou	https://www.mdpi.com/2076-3417/11/19/8985/pdf?version=1632731155	https://www.semanticscholar.org/paper/4296170fdd2090c8b986f51d459df6e74cdeaf2f	True	4	1	0	6	MCDS Monte Carlo damage simulation radiation DNA repair	In this paper, we present a useful Monte Carlo (MC)-based methodology that can be utilized to calculate the absorbed dose and the initial levels of complex DNA damage (such as double strand breaks-DSBs) in the case of an environmental ionizing radiation (IR) exposure incident (REI) i.e., a nuclear accident. Our objective is to assess the doses and complex DNA damage by isolating only one component of the total radiation released in the environment after a REI that will affect the health of the exposed individual. More specifically, the radiation emitted by radionuclide 137Cs in the ground (under the individual’s feet). We use a merging of the Monte Carlo N-Particle Transport code (MCNP) with the Monte Carlo Damage Simulation (MCDS) code. The DNA lesions have been estimated through simulations for different surface activities of a 137Cs ground-based γ radiation source. The energy spectrum of the emitted secondary electrons and the absorbed dose in typical mammalian cells have been calculated using the MCNP code, and then these data are used as an input in the MCDS code for the estimation of critical DNA damage levels and types. As a realistic application, the calculated dose is also used to assess the Excess Lifetime Cancer Risk (ELCR) for eight hypothetical individuals, living in different zones around the Chernobyl Nuclear Power Plant, exposed to different time periods at the days of the accident in 1986. We conclude that any exposition of an individual in the near zone of Chernobyl increases the risk of cancer at a moderate to high grade, connected also with the induction of complex DNA damage by radiation. Generally, our methodology has proven to be useful for assessing γ rays-induced complex DNA damage levels of the exposed population, in the case of a REI and for better understanding the long-term health effects of exposure of the population to IR.
68	19.8	10.1002/mp.13405	Influence of chromatin compaction on simulated early radiation‐induced DNA damage using Geant4‐DNA	2019	Medical Physics (Lancaster)	52	Nicolas Tang, M. Bueno, S. Meylan, S. Incerti, H. Tran, A. Vaurijoux	https://aapm.onlinelibrary.wiley.com/doi/pdfdirect/10.1002/mp.13405	https://www.semanticscholar.org/paper/58b69145c00a5ac47f9c5676f733c17249ad2ca7	True	5	2	0	4	Geant4-DNA DNA damage repair simulation radiation biology	PURPOSE In this work, we present simulated double-strand breaks (DSBs) obtained for two human cell nucleus geometries. The first cell nucleus represents fibroblasts, filled with DNA molecules in different compaction forms: heterochromatin or euchromatin only. The second one represents an endothelial cell nucleus, either filled with heterochromatin only or with a uniform distribution of 48% of heterochromatin and 52% of euchromatin, obtained from measurements carried out at IRSN. Protons and alpha particles of different energies were used as projectiles. Each cell nucleus model includes a multi-scale description of the DNA target from the molecular level to the whole human genome representation.   METHODS The cell nucleus models were generated using an extended version of the DnaFabric software in which a new model of euchromatin was implemented in addition to the existing model of heterochromatin. Thus, each nucleus model contains the complete human genome (a total of 6 Gbp) in the G0/G1 phase of the cycle, filled with a continuous chromatin fiber per chromosome that can take into account the heterochromatin and the euchromatin compaction. These geometries were then exported to a simulation chain using the Monte Carlo toolkit Geant4-DNA to perform computations of the physical, physicochemical, and chemical stages, in order to evaluate the influence of chromatin compaction on DSB induction and the contribution of direct and indirect damage, as well as DSB complexity.   RESULTS More direct damage and less indirect damage were observed in the heterochromatin than in the euchromatin. Nevertheless, no difference in terms of DSB complexity was observed between those formed in the heterochromatin or the euchromatin models. Yields of DSB/Gy/Gbp show an increase when both heterochromatin and euchromatin models are taken into account, compared to when only heterochromatin is considered.   CONCLUSIONS The results presented indicate that the chromatin compaction decreases DNA damage generated by ionizing radiation and thus, DNA compaction should be considered for the simulation of DNA repair and other cellular outcomes.
69	19.8	10.3390/molecules26040840	A Mathematical Radiobiological Model (MRM) to Predict Complex DNA Damage and Cell Survival for Ionizing Particle Radiations of Varying Quality	2021	Molecules	10	S. A. Kalospyros, Z. Nikitaki, I. Kyriakou, M. Kokkoris, D. Emfietzoglou, A. Georgakilas	https://www.mdpi.com/1420-3049/26/4/840/pdf?version=1612787390	https://www.semanticscholar.org/paper/f1133c78d8c98ea0862ee770d0d3e4fcb1b64e4c	True	5	2	0	4	radiation DNA repair mathematical model simulation	Predicting radiobiological effects is important in different areas of basic or clinical applications using ionizing radiation (IR); for example, towards optimizing radiation protection or radiation therapy protocols. In this case, we utilized as a basis the ‘MultiScale Approach (MSA)’ model and developed an integrated mathematical radiobiological model (MRM) with several modifications and improvements. Based on this new adaptation of the MSA model, we have predicted cell-specific levels of initial complex DNA damage and cell survival for irradiation with 11Β, 12C, 14Ν, 16Ο, 20Νe, 40Αr, 28Si and 56Fe ions by using only three input parameters (particle’s LET and two cell-specific parameters: the cross sectional area of each cell nucleus and its genome size). The model-predicted survival curves are in good agreement with the experimental ones. The particle Relative Biological Effectiveness (RBE) and Oxygen Enhancement Ratio (OER) are also calculated in a very satisfactory way. The proposed integrated MRM model (within current limitations) can be a useful tool for the assessment of radiation biological damage for ions used in hadron-beam radiation therapy or radiation protection purposes.
70	19.7	10.1101/2020.11.30.403717	DNA break clustering inside repair domains predicts cell death and mutation frequency in human fibroblasts and in Chinese hamster cells for a 103x range of linear energy transfers	2020	bioRxiv	2	E. Pariset, I. Plante, A. Ponomarev, Louise Viger, Trevor Evain, S. Blattnig	https://doi.org/10.1101/2020.11.30.403717	https://www.semanticscholar.org/paper/a51900cdd27d9feaa3db00955dd285dc0434124a	True	6	3	1	5	chromosome aberration radiation track structure simulation DNA repair	Cosmic radiation, composed of high charged and energy (HZE) particles, causes cell death and mutations that can subsequently lead to cancers. Radiation-mediated mutations are induced by inter- and intra-chromosomal rearrangements (translocations, deletions, inversions) that are triggered by misrepaired DNA breaks, especially double-strand breaks (DSBs). In this work, we introduce a new model to predict radiation-mediated induction of cell death and mutation in two different cell lines across a large range of linear energy transfer (LET) values, based on the assumption that DSBs cluster into repair domains, as previously suggested by our group. Specifically, we propose that the probabilities of cell survival and cell mutation can be determined from the number of DSBs and the number of pairwise DSB interactions forming radiation-induced foci. We computed the distribution and locations of DSBs with the new simulation code RITCARD (relativistic ion tracks, chromosome aberrations, repair, and damage) and combined them with experimental data from HF19 human fibroblasts and V79 Chinese hamster cells to derive the parameters of our model and expand its predictions to the relative biological effectiveness (RBE) for cell survival and mutation in both cell lines in response to 9 different irradiation particles and energies ranging from 10 to 1,600 MeV/n. Our model generates the correct bell shape of LET dependence for RBE, as well as similar RBE values as experimental data, notably including data that were not used to set the model parameters. Interestingly, our results also suggest that cell orientation (parallel or perpendicular) with respect to the HZE beam can modulate the RBE for both cell death and mutation frequency. Cell orientation effects, if confirmed experimentally, would be another strong piece of evidence for the existence of DNA repair domains and their critical role in interpreting cellular sensitivity to cosmic radiation and hadron therapy. AUTHOR SUMMARY One of the main hazards of human spaceflight beyond low Earth orbit is space radiation exposure. Galactic cosmic rays (GCRs), in particular their high-charge and high-energy particle component, induce a unique spatial distribution of DNA double strand breaks in the nucleus along their traversal in the cell [1], which result in significantly higher cancer risk than X-rays [2]. To mitigate this hazard, there is a significant need to better understand and predict the effects of cosmic radiation exposure at the cellular level. We have computationally predicted two biological endpoints – cell survival and probability of mutations, critical for cancer induction mechanisms – for the full spectrum of cosmic radiation types and energies, by modeling the distribution of DNA damage locations within the cell nucleus. From experimental results of cell survival and mutation probability in two standard cell lines, we were able to derive the parameters of the model for multiple radiation qualities, both biological endpoints, and two irradiation orientations. The model was validated against biological data and showed high predictive capability on data not used for tuning the model. Overall, this work opens new perspectives to predict multiple responses to cosmic radiation, even with limited experimental data available.
71	19.6	10.1002/mp.14212	Investigating the impact of alpha/beta and LETd on relative biological effectiveness in scanned proton beams: An in vitro study based on human cell lines	2020	Medical Physics (Lancaster)	26	E. Mara, M. Clausen, S. Khachonkham, Simon Deycmar, C. Pessy, Wolfgang Doerr	https://onlinelibrary.wiley.com/doi/pdfdirect/10.1002/mp.14212	https://www.semanticscholar.org/paper/ae18d1d867c1c43a8782a3aa6374f268b2b9254e	True	6	3	0	2	relative biological effectiveness mechanistic model DNA damage repair	Purpose A relative biological effectiveness (RBE) of 1.1 is commonly used in clinical proton therapy, irrespective of tissue type and depth. This in vitro study was conducted to quantify the RBE of scanned protons as a function of the dose‐averaged linear energy transfer (LETd) and the sensitivity factor (α/ß)X. Additionally, three phenomenological models (McNamara, Rørvik, and Jones) and one mechanistic model (repair‐misrepair‐fixation, RMF) were applied to the experimentally derived data. Methods Four human cell lines (FaDu, HaCat, Du145, SKMel) with differential (α/ß)X ratios were irradiated in a custom‐designed irradiation setup with doses between 0 and 6 Gy at proximal, central, and distal positions of a 80 mm spread‐out Bragg peak (SOBP) centered at 80 mm (setup A: proton energies 66.5–135.6 MeV) and 155 mm (setup B: proton energies 127.2–185.9 MeV) depth, respectively. LETd values at the respective cell positions were derived from Monte Carlo simulations performed with the treatment planning system (TPS, RayStation). Dosimetric measurements were conducted to verify dose homogeneity and dose delivery accuracy. RBE values were derived for doses that resulted in 90 % (RBE90) and 10 % (RBE10) of cell survival, and survival after a 0.5 Gy dose (RBE0.5Gy), 2 Gy dose (RBE2Gy), and 6 Gy dose (RBE6Gy). Results LETd values at sample positions were 1.9, 2.1, 2.5, 2.8, 4.1, and 4.5 keV/µm. For the cell lines with high (α/ß)X ratios (FaDu, HaCat), the LETd did not impact on the RBE. For low (α/ß)X cell lines (Du145, SKMel), LQ‐derived survival curves indicated a clear correlation of LETd and RBE. RBE90 values up to 2.9 and RBE10 values between 1.4 and 1.8 were obtained. Model‐derived RBE predictions slightly overestimated the RBE for the high (α/ß)X cell lines, although all models except the Jones model provided RBE values within the experimental uncertainty. For low (α/ß)X cell lines, no agreement was found between experiments and model predictions, that is, all models underestimated the measured RBE. Conclusions The sensitivity parameter (α/ß)X was observed to be a major influencing factor for the RBE of protons and its sensitivity toward LETd changes. RBE prediction models are applicable for high (α/ß)X cell lines but do not estimate RBE values with sufficient accuracy in low (α/ß)X cell lines.
72	19.6	10.1038/s41598-020-72857-z	Analytical formulas representing track-structure simulations on DNA damage induced by protons and light ions at radiotherapy-relevant energies	2020	Scientific Reports	25	P. Kundrát, W. Friedland, J. Becker, M. Eidemüller, A. Ottolenghi, G. Baiocco	https://doi.org/10.1038/s41598-020-72857-z	https://www.semanticscholar.org/paper/745d97faef7684adc36c88edd7c09242fe305e9b	True	4	0	0	4	Monte Carlo track structure DNA damage repair radiation biology	Track structure based simulations valuably complement experimental research on biological effects of ionizing radiation. They provide information at the highest level of detail on initial DNA damage induced by diverse types of radiation. Simulations with the biophysical Monte Carlo code PARTRAC have been used for testing working hypotheses on radiation action mechanisms, for benchmarking other damage codes and as input for modelling subsequent biological processes. To facilitate such applications and in particular to enable extending the simulations to mixed radiation field conditions, we present analytical formulas that capture PARTRAC simulation results on DNA single- and double-strand breaks and their clusters induced in cells irradiated by ions ranging from hydrogen to neon at energies from 0.5 GeV/u down to their stopping. These functions offer a means by which radiation transport codes at the macroscopic scale could easily be extended to predict biological effects, exploiting a large database of results from micro-/nanoscale simulations, without having to deal with the coupling of spatial scales and running full track-structure calculations.
73	19.6	10.1038/s41598-019-56258-5	In Silico Models of DNA Damage and Repair in Proton Treatment Planning: A Proof of Concept	2019	Scientific Reports	9	E. Smith, N. Henthorn, J. Warmenhoven, S. Ingram, Adam Henry Aitkenhead, J. Richardson	https://www.nature.com/articles/s41598-019-56258-5.pdf	https://www.semanticscholar.org/paper/9989cb5a39859e8ca1a3657eeb8ae58700cddf15	True	6	3	0	2	relative biological effectiveness mechanistic model DNA damage repair	There is strong in vitro cell survival evidence that the relative biological effectiveness (RBE) of protons is variable, with dependence on factors such as linear energy transfer (LET) and dose. This is coupled with the growing in vivo evidence, from post-treatment image change analysis, of a variable RBE. Despite this, a constant RBE of 1.1 is still applied as a standard in proton therapy. However, there is a building clinical interest in incorporating a variable RBE. Recently, correlations summarising Monte Carlo-based mechanistic models of DNA damage and repair with absorbed dose and LET have been published as the Manchester mechanistic (MM) model. These correlations offer an alternative path to variable RBE compared to the more standard phenomenological models. In this proof of concept work, these correlations have been extended to acquire RBE-weighted dose distributions and calculated, along with other RBE models, on a treatment plan. The phenomenological and mechanistic models for RBE have been shown to produce comparable results with some differences in magnitude and relative distribution. The mechanistic model found a large RBE for misrepair, which phenomenological models are unable to do. The potential of the MM model to predict multiple endpoints presents a clear advantage over phenomenological models.
74	19.4	10.1667/rade-20-00241.1	Monte Carlo Simulation of SARS-CoV-2 Radiation-Induced Inactivation for Vaccine Development	2020	Radiation Research	12	Z. Francis, S. Incerti, S. Zein, Nathanael Lampe, C. Guzmán, M. Durante	https://bioone.org/journals/radiation-research/volume-195/issue-3/RADE-20-00241.1/Monte-Carlo-Simulation-of-SARS-CoV-2-Radiation-Induced-Inactivation/10.1667/RADE-20-00241.1.pdf	https://www.semanticscholar.org/paper/5326515d4062391a68718f5e8c1c1d73b4143d88	True	5	1	0	2	MCDS Monte Carlo damage simulation radiation DNA repair	Immunization with an inactivated virus is one of the strategies currently being tested towards developing a SARS-CoV-2 vaccine. One of the methods used to inactivate viruses is exposure to high doses of ionizing radiation to damage their nucleic acids. While gamma (γ) rays effectively induce lesions in the RNA, envelope proteins are also highly damaged in the process. This in turn may alter their antigenic properties, affecting their capacity to induce an adaptive immune response able to confer effective protection. Here, we modeled the effect of sparsely and densely ionizing radiation on SARS-CoV-2 using the Monte Carlo toolkit Geant4-DNA. With a realistic 3D target virus model, we calculated the expected number of lesions in the spike and membrane proteins, as well as in the viral RNA. Our findings showed that γ rays produced significant spike protein damage, but densely ionizing charged particles induced less membrane damage for the same level of RNA lesions, because a single ion traversal through the nuclear envelope was sufficient to inactivate the virus. We propose that accelerated charged particles produce inactivated viruses with little structural damage to envelope proteins, thereby representing a new and effective tool for developing vaccines against SARS-CoV-2 and other enveloped viruses.
75	19.3	10.1038/srep33290	Mechanistic Modelling of DNA Repair and Cellular Survival Following Radiation-Induced DNA Damage	2016	Scientific Reports	119	S. McMahon, J. Schuemann, H. Paganetti, K. Prise	https://www.nature.com/articles/srep33290.pdf	https://www.semanticscholar.org/paper/13e14ba3e9ad832add255da94beec5d0cfe239c6	True	4	1	0	5	radiation DNA repair mathematical model simulation	Characterising and predicting the effects of ionising radiation on cells remains challenging, with the lack of robust models of the underlying mechanism of radiation responses providing a significant limitation to the development of personalised radiotherapy. In this paper we present a mechanistic model of cellular response to radiation that incorporates the kinetics of different DNA repair processes, the spatial distribution of double strand breaks and the resulting probability and severity of misrepair. This model enables predictions to be made of a range of key biological endpoints (DNA repair kinetics, chromosome aberration and mutation formation, survival) across a range of cell types based on a set of 11 mechanistic fitting parameters that are common across all cells. Applying this model to cellular survival showed its capacity to stratify the radiosensitivity of cells based on aspects of their phenotype and experimental conditions such as cell cycle phase and plating delay (correlation between modelled and observed Mean Inactivation Doses R2 > 0.9). By explicitly incorporating underlying mechanistic factors, this model can integrate knowledge from a wide range of biological studies to provide robust predictions and may act as a foundation for future calculations of individualised radiosensitivity.
76	18.9	10.1007/s00285-024-02046-3	A spatial measure-valued model for radiation-induced DNA damage kinetics and repair under protracted irradiation condition	2023	Journal of Mathematical Biology	11	F. Cordoni	https://link.springer.com/content/pdf/10.1007/s00285-024-02046-3.pdf	https://www.semanticscholar.org/paper/71755a25a2b14c1556eef2d9f75f10dd53fd96d5	True	4	0	0	3	radiation DNA repair mathematical model simulation	In the present work, we develop a general spatial stochastic model to describe the formation and repair of radiation-induced DNA damage. The model is described mathematically as a measure-valued particle-based stochastic system and extends in several directions the model developed in Cordoni et al. (Phys Rev E 103:012412, 2021; Int J Radiat Biol 1–16, 2022a; Radiat Res 197:218–232, 2022b). In this new spatial formulation, radiation-induced DNA damage in the cell nucleus can undergo different pathways to either repair or lead to cell inactivation. The main novelty of the work is to rigorously define a spatial model that considers the pairwise interaction of lesions and continuous protracted irradiation. The former is relevant from a biological point of view as clustered lesions are less likely to be repaired, leading to cell inactivation. The latter instead describes the effects of a continuous radiation field on biological tissue. We prove the existence and uniqueness of a solution to the above stochastic systems, characterizing its probabilistic properties. We further couple the model describing the biological system to a set of reaction–diffusion equations with random discontinuity that model the chemical environment. At last, we study the large system limit of the process. The developed model can be applied to different contexts, with radiotherapy and space radioprotection being the most relevant. Further, the biochemical system derived can play a crucial role in understanding an extremely promising novel radiotherapy treatment modality, named in the community FLASH radiotherapy, whose mechanism is today largely unknown.
77	17.9	10.15252/msb.20199068	Stochastic transcription in the p53‐mediated response to DNA damage is modulated by burst frequency	2019	bioRxiv	28	Dhana Friedrich, Laura Friedel, A. Herrmann, S. Preibisch, A. Loewer	https://doi.org/10.15252/msb.20199068	https://www.semanticscholar.org/paper/1973f4c13af14d514e074347ccf6ac1335535001	True	4	1	0	3	p53 radiation DNA damage response mathematical model	Discontinuous transcription has been described for different mammalian cell lines and numerous promoters. However, our knowledge of how the activity of individual promoters is adjusted by dynamic signaling inputs from transcription factor is limited. To address this question, we characterized the activity of selected target genes that are regulated by pulsatile accumulation of the tumor suppressor p53 in response to ionizing radiation. We performed time resolved measurements of gene expression at the single cell level by smFISH and used the resulting data to inform a mathematical model of promoter activity. We found that p53 target promoters are regulated by frequency modulation of stochastic bursting and can be grouped along three archetypes of gene expression. The occurrence of these archetypes cannot solely be explained by nuclear p53 abundance or promoter binding of total p53. Instead, we provide evidence that the time-varying acetylation state of p53’s C-terminal lysine residues is critical for gene-specific regulation of stochastic bursting.
78	17.9	10.3390/app13158942	DNA Damage of Iron-Gold Nanoparticle Heterojunction Irradiated by kV Photon Beams: A Monte Carlo Study	2023	Applied Sciences	16	J. Chow, Christine A. Santiago	https://www.mdpi.com/2076-3417/13/15/8942/pdf?version=1691066895	https://www.semanticscholar.org/paper/fbec9daf12e97d19ae7a154a4981a3409ac1cb9d	True	4	1	0	3	Geant4-DNA DNA damage repair simulation radiation biology	This study aims to evaluate the dependence of DNA damage on the proportion of iron and gold in iron-gold nanoparticle heterojunctions using Monte Carlo simulations. The simulation setup included a spherical nanoparticle with varying percentages of iron and gold, irradiated by photon beams of different energies (50–150 keV). The Geant4-DNA Monte Carlo code was utilized for the accurate tracking of radiation transport. The results reveal that DNA damage increases with a higher percentage of gold volume in the heterojunction, primarily due to photoelectric enhancement. Furthermore, a lower photon beam energy of 50 keV induces greater DNA damage compared to energies of 100 keV and 150 keV. The findings suggest that for effective cancer cell eradication through DNA damage, the gold volume should be equal to or greater than 50% in the iron-gold nanoparticle heterojunction. In conclusion, the findings from this study will shed light on the potential of iron-gold nanoparticle heterojunctions in enhancing radiotherapy outcomes. The investigation of DNA damage resulting from the combination of contrast agents and radiosensitizers is crucial for advancing cancer research and treatment. The knowledge gained from this research will aid in the development of personalized and effective radiotherapy approaches, ultimately improving patient outcomes in cancer treatment.
79	17.9	10.1371/journal.pone.0292608	Assessing radiation dosimetry for microorganisms in naturally radioactive mineral springs using GATE and Geant4-DNA Monte Carlo simulations	2023	PLoS ONE	2	S. Kolovi, Giovanna-Rosa Fois, S. Lanouar, P. Chardon, D. Miallier, Lory-Anne Baker	https://journals.plos.org/plosone/article/file?id=10.1371/journal.pone.0292608&type=printable	https://www.semanticscholar.org/paper/e5540147f217707e9da72769f53aa5f7b7ece582	True	4	1	0	3	Geant4-DNA DNA damage repair simulation radiation biology	Mineral springs in Massif Central, France can be characterized by higher levels of natural radioactivity in comparison to the background. The biota in these waters is constantly under radiation exposure mainly from the α-emitters of the natural decay chains, with 226Ra in sediments ranging from 21 Bq/g to 43 Bq/g and 222Rn activity concentrations in water up to 4600 Bq/L. This study couples for the first time micro- and nanodosimetric approaches to radioecology by combining GATE and Geant4-DNA to assess the dose rates and DNA damages to microorganisms living in these naturally radioactive ecosystems. It focuses on unicellular eukaryotic microalgae (diatoms) which display an exceptional abundance of teratological forms in the most radioactive mineral springs in Auvergne. Using spherical geometries for the microorganisms and based on γ-spectrometric analyses, we evaluate the impact of the external exposure to 1000 Bq/L 222Rn dissolved in the water and 30 Bq/g 226Ra in the sediments. Our results show that the external dose rates for diatoms are significant (9.7 μGy/h) and comparable to the threshold (10 μGy/h) for the protection of the ecosystems suggested by the literature. In a first attempt of simulating the radiation induced DNA damage on this species, the rate of DNA Double Strand Breaks per day is estimated to 1.11E-04. Our study confirms the significant mutational pressure from natural radioactivity to which microbial biodiversity has been exposed since Earth origin in hydrothermal springs.
80	17.7	10.1093/jrr/rrad049	Event-by-event approach to the oxygen-effect-incorporated stochastic microdosimetric kinetic model for hypofractionated multi-ion therapy	2023	Journal of Radiation Research	10	T. Inaniwa, N. Kanematsu	https://academic.oup.com/jrr/advance-article-pdf/doi/10.1093/jrr/rrad049/50839083/rrad049.pdf	https://www.semanticscholar.org/paper/d526746a66581bdebb37395a69bf7a724a46c5fe	True	5	2	0	1	cell survival radiation induced DSB repair kinetic model	Abstract An oxygen-effect-incorporated stochastic microdosimetric kinetic (OSMK) model was previously developed to estimate the survival fraction of cells exposed to charged-particle beams with wide dose and linear energy transfer (LET) ranges under various oxygen conditions. In the model, hypoxia-induced radioresistance was formulated based on the dose-averaged radiation quality. This approximation may cause inaccuracy in the estimation of the biological effectiveness of the radiation with wide variation in energy deposited to a sensitive volume per event, such as spread-out Bragg peak (SOBP) beams. The purpose of this study was to apply an alternative approach so as to consider the energy depositions on an event-by-event basis. The production probability of radiation-induced lesions per energy was formulated with oxygen partial pressure to account for the hypoxia-induced radioresistance. The reduction in the oxygen enhancement ratio for high-LET radiations was modeled by reducing the sensitive-volume size and increasing the saturation energy in microdosimetry. The modified OSMK model was tested against the reported survival data of three cell lines exposed to six species of ions with wide dose and LET ranges under aerobic and hypoxic conditions. The model reasonably reproduced the reported cell survival data. To evaluate the event-by-event approach, survival distributions of Chinese hamster ovary cells exposed to SOBP beams were estimated using the original and modified OSMK models. The differences in the estimated survival distributions between the models were marginal even under extreme hypoxia. The event-by-event approach improved the theoretical validity of the OSMK model. However, the original OSMK model can still provide an accurate estimation of the biological effectiveness of therapeutic radiations.
81	17.6	10.1051/epjconf/201715304019	Geant4-DNA simulation of DNA damage caused by direct and indirect radiation effects and comparison with biological data.	2017		25	C. Villagrasa, S. Meylan, G. Gonon, G. Gruel, U. Giesen, M. Bueno	https://www.epj-conferences.org/articles/epjconf/pdf/2017/22/epjconf_icrs2017_04019.pdf	https://www.semanticscholar.org/paper/4196b0daeaee2d83708b46fca9447d5984b4f1a2	True	4	2	0	4	Geant4-DNA DNA damage repair simulation radiation biology	In this work we present results obtained in the frame of the BioQuaRT project. The objective of the study was the correlation between the number of radiation-induced double strand breaks (DSB) of the DNA molecule and the probability of detecting nuclear foci after targeted microbeam irradiation of cells with protons and alpha particles of different LET. The former were obtained by simulation with new methods integrated into Geant4-DNA that permit calculating the number of DSB in a DNA target model induced by direct and indirect radiation effects. A particular focus was laid in this work on evaluating the influence of different criteria applied to the simulated results for predicting the formation of a direct SSB. Indeed, these criteria have an important impact on the predicted number of DSB per particle track and its dependence with LET. Among the criteria tested in this work, the case that a direct radiation interaction leads to a strand break if the cumulative energy deposited in the backbone part of one nucleotide exceeds a threshold of 17.5 eV leads to the best agreement with the relative LET dependence of number of radiation induced foci. Further calculations and experimental data are nevertheless needed in order to fix the simulation parameters and to help interpreting the biological experimental data observed by immunofluorescence in terms of the DSB complexity.
82	17.6	10.1371/journal.pcbi.1008476	Hi-C implementation of genome structure for in silico models of radiation-induced DNA damage	2020	PLoS Comput. Biol.	19	S. Ingram, N. Henthorn, J. Warmenhoven, N. Kirkby, R. Mackay, K. Kirkby	https://journals.plos.org/ploscompbiol/article/file?id=10.1371/journal.pcbi.1008476&type=printable	https://www.semanticscholar.org/paper/a5d40aea4f644cea230d171e0c4c9d32c332dcc6	True	4	2	0	4	chromosome aberration radiation track structure simulation DNA repair	Developments in the genome organisation field has resulted in the recent methodology to infer spatial conformations of the genome directly from experimentally measured genome contacts (Hi-C data). This provides a detailed description of both intra- and inter-chromosomal arrangements. Chromosomal intermingling is an important driver for radiation-induced DNA mis-repair. Which is a key biological endpoint of relevance to the fields of cancer therapy (radiotherapy), public health (biodosimetry) and space travel. For the first time, we leverage these methods of inferring genome organisation and couple them to nano-dosimetric radiation track structure modelling to predict quantities and distribution of DNA damage within cell-type specific geometries. These nano-dosimetric simulations are highly dependent on geometry and are benefited from the inclusion of experimentally driven chromosome conformations. We show how the changes in Hi-C contract maps impact the inferred geometries resulting in significant differences in chromosomal intermingling. We demonstrate how these differences propagate through to significant changes in the distribution of DNA damage throughout the cell nucleus, suggesting implications for DNA repair fidelity and subsequent cell fate. We suggest that differences in the geometric clustering for the chromosomes between the cell-types are a plausible factor leading to changes in cellular radiosensitivity. Furthermore, we investigate changes in cell shape, such as flattening, and show that this greatly impacts the distribution of DNA damage. This should be considered when comparing in vitro results to in vivo systems. The effect may be especially important when attempting to translate radiosensitivity measurements at the experimental in vitro level to the patient or human level.
83	17.4	10.1016/j.clon.2019.08.006	Radiation Track Structure: How the Spatial Distribution of Energy Deposition Drives Biological Response.	2020	Clinics in oncology	48	Mark A. Hill	https://ora.ox.ac.uk/objects/uuid:19ab9d04-a43f-4c50-a701-9d65b4b4ec8e/files/rz316q177v	https://www.semanticscholar.org/paper/c9aaa1a0632b44ed338f1c2e1a077b35608686fd	True	3	0	0	4	chromosome aberration radiation track structure simulation DNA repair	Ionising radiation is incredibly effective at causing biological effects. This is due to the unique way energy is deposited along highly structured tracks of ionisation and excitation events, which results in correlation with sites of DNA damage from the nanometre to the micrometre scale. Correlation of these events along the track on the nanometre scale results in clustered damage, which not only results in the formation of DNA double-strand breaks (DSB), but also more difficult to repair complex DSB, which include additional damage within a few base pairs. The track structure varies significantly with radiation quality and the increase in relative biological effectiveness observed with increasing linear energy transfer in part corresponds to an increase in the probability and complexity of clustered DNA damage produced. Likewise, correlation over larger scales, associated with packing of DNA and associated chromosomes within the cell nucleus, can also have a major impact on the biological response. The proximity of the correlated damage along the track increases the probability of miss-repair through pairwise interactions resulting in an increase in probability and complexity of DNA fragments/deletions, mutations and chromosomal rearrangements. Understanding the mechanisms underlying the biological effectiveness of ionising radiation can provide an important insight into ways of increasing the efficacy of radiotherapy, as well as the risks associated with exposure. This requires a multi-scale approach for modelling, not only considering the physics of the track structure from the millimetre scale down to the nanometre scale, but also the structural packing of the DNA within the nucleus, the resulting chemistry in the context of the highly reactive environment of the nucleus, together with the subsequent biological response.
84	17.4	10.1016/j.zemedi.2022.07.003	DNA damage by radiation as a function of electron energy and interaction at the atomic level with Monte Carlo simulation	2022	Zeitschrift für Medizinische Physik	7	Y. Lamghari, Huizhong Lu, M. Bentourkia	https://doi.org/10.1016/j.zemedi.2022.07.003	https://www.semanticscholar.org/paper/ddca008f12ef4c75e5ecc485a56aa756d32d3469	True	3	0	0	4	MCDS Monte Carlo damage simulation radiation DNA repair	In radiotherapy, X-ray or heavy ion beams target tumors to cause damage to their cell DNA. This damage is mainly induced by secondary low energy electrons. In this paper, we report the DNA molecular breaks at the atomic level as a function of electron energy and types of electron interactions using of Monte Carlo simulation. The number of DNA single and double strand breaks are compared to those from experimental results based on electron energies. In recent years, DNA atomistic models were introduced but still the simulations consider energy deposition in volumes of DNA or water equivalent material. We simulated a model of atomistic B-DNA in vacuum, forming 1122 base pairs of 30 nm in length. Each atom has been represented by a sphere whose radius equals the radius of van der Waals. We repeatedly simulated 10 million electrons for each energy from 4 eV to 500 eV and counted each interaction type with its position x, y, z in the volume of DNA. Based on the number and types of interactions at the atomic level, the number of DNA single and double strand breaks were calculated. We found that the dissociative electron attachment has the dominant effect on DNA strand breaks at energies below 10 eV compared to excitation and ionization. In addition, it is straightforward with our simulation to discriminate the strand and base breaks as a function of radiation interaction type and energy. In conclusion, the knowledge of DNA damage at the atomic level helps design direct internal therapeutic agents of cancer treatment.
85	17.2	10.1667/rr15209.1	A New Standard DNA Damage (SDD) Data Format	2018	Radiation Research	64	J. Schuemann, Aimee McNamara, J. Warmenhoven, N. Henthorn, K. Kirkby, M. Merchant	https://bioone.org/journals/radiation-research/volume-191/issue-1/RR15209.1/A-New-Standard-DNA-Damage-SDD-Data-Format/10.1667/RR15209.1.pdf	https://www.semanticscholar.org/paper/eaf4c19608927046920505dcbffc0a25df4447ff	True	4	1	0	2	Monte Carlo track structure DNA damage repair radiation biology	Our understanding of radiation-induced cellular damage has greatly improved over the past few decades. Despite this progress, there are still many obstacles to fully understand how radiation interacts with biologically relevant cellular components, such as DNA, to cause observable end points such as cell killing. Damage in DNA is identified as a major route of cell killing. One hurdle when modeling biological effects is the difficulty in directly comparing results generated by members of different research groups. Multiple Monte Carlo codes have been developed to simulate damage induction at the DNA scale, while at the same time various groups have developed models that describe DNA repair processes with varying levels of detail. These repair models are intrinsically linked to the damage model employed in their development, making it difficult to disentangle systematic effects in either part of the modeling chain. These modeling chains typically consist of track-structure Monte Carlo simulations of the physical interactions creating direct damages to DNA, followed by simulations of the production and initial reactions of chemical species causing so-called “indirect” damages. After the induction of DNA damage, DNA repair models combine the simulated damage patterns with biological models to determine the biological consequences of the damage. To date, the effect of the environment, such as molecular oxygen (normoxic vs. hypoxic), has been poorly considered. We propose a new standard DNA damage (SDD) data format to unify the interface between the simulation of damage induction in DNA and the biological modeling of DNA repair processes, and introduce the effect of the environment (molecular oxygen or other compounds) as a flexible parameter. Such a standard greatly facilitates intermodel comparisons, providing an ideal environment to tease out model assumptions and identify persistent, underlying mechanisms. Through inter-model comparisons, this unified standard has the potential to greatly advance our understanding of the underlying mechanisms of radiation-induced DNA damage and the resulting observable biological effects when radiation parameters and/or environmental conditions change.
86	17.2	10.1088/1367-2630/10/7/075008	Heavy-ion effects: from track structure to DNA and chromosome damage	2008		44	F. Ballarini, D. Alloni, Angelica Facoetti, Andrea Ottolenghi	https://iopscience.iop.org/article/10.1088/1367-2630/10/7/075008/pdf	https://www.semanticscholar.org/paper/80fd3113cd4590a7588bafd968223616c8e0c129	True	4	1	0	2	chromosome aberration radiation track structure simulation DNA repair	The use of carbon ions for the treatment of certain tumour types, especially radioresistant tumours, is becoming more frequent due to the carbon-ion dose localization and high relative biological effectiveness (RBE) in the Bragg peak region. Human beings can also be exposed to heavy ions in space, since galactic cosmic rays are a mixed field consisting of not only high-energy protons and He ions, but also heavier ions including iron. Due to their high linear energy transfer (LET), heavy ions have peculiar track structures, characterized by a high level of energy deposition clustering. Furthermore, high-energy ions produce energetic secondary electrons (‘delta rays’) which can give rise to energy depositions several micrometres away from the core of the primary particle track. Also in view of hadron therapy and space radiation applications, it is therefore important to characterize heavy-ion tracks from a physical and biophysical point of view. In this framework, herein we will discuss the main physical features of heavy-ion track structure, as well as heavy-ion-induced DNA double-strand breaks, which are regarded as one of the most important initial radiobiological lesions and chromosome aberrations, which are correlated both with cell death and with cell conversion to malignancy.
87	17.2	10.1259/bjr.20200125	Dose compensation based on biological effectiveness due to interruption time for photon radiation therapy.	2020	British Journal of Radiology	13	Daisuke Kawahara, Hisashi Nakano, A. Saito, S. Ozawa, Y. Nagata	https://academic.oup.com/bjr/article-pdf/93/1111/20200125/54525516/bjr.20200125.pdf	https://www.semanticscholar.org/paper/fb5ab6e7681496b14fe545a3b277b2fa05da53b2	True	4	1	0	2	radiation quality factor biological effectiveness model DNA damage	OBJECTIVE To evaluate the biological effectiveness of dose associated with interruption time; and propose the dose compensation method based on biological effectiveness when an interruption occurs during photon radiation therapy.   METHODS The lineal energy distribution for human salivary gland tumor was calculated by Monte Carlo simulation using a photon beam. The biological dose (Dbio) was estimated using the microdosimetric kinetic model. The dose compensating factor with the physical dose for the difference of the Dbio with and without interruption (Δ) was derived. The interruption time (τ) was varied to 0.1, 0.2, 0.3, 0.4, 0.5, 1, 2, 3, 4, 5, 10, 20, 30, 40, 50, 75, and 120 min. The dose per fraction and dose rate varied from 2 to 8 Gy and 0.1 to 24 Gy/min, respectively.   RESULTS The maximum Δ with 1 Gy/min occurred when the interruption occurred at half the dose. The Δ with 1 Gy/min at half of the dose was over 3% for τ >= 20 min for 2 Gy, τ = 10 min for 5 Gy, and τ = 10 min for 8 Gy. The maximum difference of the Δ due to the dose rate was within 3% for 2 and 5 Gy, and achieving values of 4.0% for 8 Gy. The dose compensating factor was larger with a high dose per fraction and high-dose rate beams.   CONCLUSION A loss of biological effectiveness occurs due to interruption. Our proposal method could correct for the unexpected decrease of the biological effectiveness caused by interruption time.   ADVANCES IN KNOWLEDGE For photon radiotherapy, the interruption causes the sublethal damage repair. The current study proposed the dose compensation method for the decrease of the biological effect by the interruption.
88	17.2	10.1101/2025.01.28.635376	The calculation of the mutation frequency for humans at different proton doses in a mathematical model and estimation of the mutation risks for the space explorations	2025	bioRxiv	0	M. Kara, M. Demirköz	https://doi.org/10.1101/2025.01.28.635376	https://www.semanticscholar.org/paper/adb2297bb2c5ce5e2d8340ed21f3472047616f9c	True	4	1	0	2	radiation DNA repair mathematical model simulation	DNA is considered a fundamental component of life, yet it remains vulnerable to damage under extreme conditions, such as ionizing radiation exposure. To better understand this fragility, it becomes important to estimate mutation frequencies under different radiation doses. Furthermore, this approach has potential for future applications, especially in the context of deep space exploration, where astronauts are exposed to higher levels of cosmic radiation. For this purpose, we developed a mathematical model by integrating two existing models, the Monte Carlo Excision Repair (MCER) model and the Whack-a-Mole (WAM) model, both specifically adapted for use in manned space missions. The WAM model is supported with the Monte Carlo simulation to address the lack of human experimental data available in previous studies so that by calculating four key variables related to the human cells defined in the WAM model, potential mutations in astronauts during space exploration were estimated. The results showed small deviations from previous studies, which can be attributed to differences in the type of radiation sources as well as the organisms studied being different from those used in previous studies. With this study, researchers can now better predict mutation frequency during deep space missions by considering the impact of cosmic radiation. This is particularly important in the context of future missions to the Moon and Mars, where cosmic radiation will play an important role in mission planning and risk management.
89	17.1	10.1007/s00411-022-00989-z	A matter of space: how the spatial heterogeneity in energy deposition determines the biological outcome of radiation exposure	2022	Radiation and Environmental Biophysics	26	G. Baiocco, S. Bartzsch, V. Conte, T. Friedrich, B. Jakob, Adrianna Tartas	https://link.springer.com/content/pdf/10.1007/s00411-022-00989-z.pdf	https://www.semanticscholar.org/paper/b9cc5b00a44430f3fffc840eb724722a67310c00	True	5	1	0	3	chromosome aberration radiation track structure simulation DNA repair	The outcome of the exposure of living organisms to ionizing radiation is determined by the distribution of the associated energy deposition at different spatial scales. Radiation proceeds through ionizations and excitations of hit molecules with an ~ nm spacing. Approaches such as nanodosimetry/microdosimetry and Monte Carlo track-structure simulations have been successfully adopted to investigate radiation quality effects: they allow to explore correlations between the spatial clustering of such energy depositions at the scales of DNA or chromosome domains and their biological consequences at the cellular level. Physical features alone, however, are not enough to assess the entity and complexity of radiation-induced DNA damage: this latter is the result of an interplay between radiation track structure and the spatial architecture of chromatin, and further depends on the chromatin dynamic response, affecting the activation and efficiency of the repair machinery. The heterogeneity of radiation energy depositions at the single-cell level affects the trade-off between cell inactivation and induction of viable mutations and hence influences radiation-induced carcinogenesis. In radiation therapy, where the goal is cancer cell inactivation, the delivery of a homogenous dose to the tumour has been the traditional approach in clinical practice. However, evidence is accumulating that introducing heterogeneity with spatially fractionated beams (mini- and microbeam therapy) can lead to significant advantages, particularly in sparing normal tissues. Such findings cannot be explained in merely physical terms, and their interpretation requires considering the scales at play in the underlying biological mechanisms, suggesting a systemic response to radiation.
90	17.1	10.1007/978-3-319-19387-8_417	DNA Damage Induced in Glioblastoma Cells by I-131: A Comparison between Experimental Data and Monte Carlo Simulation	2012	Cell journal	8	A. Neshasteh-Riz, Fereshteh Koosha, A. Mohsenifar, S. Mahdavi	https://europepmc.org/articles/pmc3635817?pdf=render	https://www.semanticscholar.org/paper/f536be083360c80438d12cbd16cf863a8bcde931	True	3	1	0	5	MCDS Monte Carlo damage simulation radiation DNA repair	Objective: The passage of ionizing radiation in living cells creates clusters of damaged nucleotides in DNA. In this study, DNA strand breaks induced by the beta particle of iodine-131 (I-131), have been determined experimentally and compared to Monte Carlo simulation results as a theoretical method of determining131I damage. Materials and Methods: In this experimental study, in order to create single strand breaks (SSB) and double strand breaks (DSB) in the DNA, glioblastoma (GBM) cells were exposed to 10 mCi I-131, at a dose of 2 Gy. Damage of irradiated cells were evaluated quantitatively by the Fast Micromethod assay. The energy spectrum of electrons released in cells were obtained by the macroscopic Monte Carlo code (MCNP4c) and used as an input of the micro Monte Carlo code (MCDS). The percent of damage induced in cells was analyzed by Mann-Whitney test. Results: A significant reduction (p<0.05) in fluorescence intensity in irradiated cells compared to control cells as determined by the Fast Micromethod assay represented induced SSB and DSB damages in the DNA of irradiated cells. Comparison of experimental and theoretical results showed that the difference between the percentages of SSB per Gy was about 7.4% and DSB was about 1% per Gy. Conclusion: The differences in experimental and theoretical results may be due to the algorithm of applied codes. Since the Fast Micromethod and other experimental techniques do not provide information about the amount of detailed and complex damages of DNA-like base damages, the applied Monte Carlo codes, due to their capability to predict the amount of detailed damages that occur in the DNA of irradiated cells, can be used in in vitro experiments and radiation protection areas.
91	16.9	10.1038/s41598-017-11851-4	Simulation of early DNA damage after the irradiation of a fibroblast cell nucleus using Geant4-DNA	2017	Scientific Reports	137	S. Meylan, S. Incerti, M. Karamitros, Nicolas Tang, M. Bueno, I. Clairand	https://doi.org/10.1038/s41598-017-11851-4	https://www.semanticscholar.org/paper/5bd2572cba0344dda997202fe5f3e500cd24b264	True	4	2	0	3	Geant4-DNA DNA damage repair simulation radiation biology	In order to improve the understanding of the mechanisms involved in the generation of early DNA damage, a new calculation chain based on the Geant4-DNA toolkit was developed. This work presents for the first time the simulation of the physical, physicochemical and chemical stages of early radiation damage at the scale of an entire human genome (fibroblast, male) and using Geant4-DNA models. The DnaFabric software was extended to generate and export this nucleus model to a text file with a specific format that can be read by Geant4 user applications. This calculation chain was used to simulate the irradiation of the nucleus by primary protons of different energies (0,5; 0,7; 0,8; 1; 1,5; 2; 3; 4; 5; 10; 20 MeV) and the results, in terms of DNA double strand breaks, agree with experimental data found in the literature (pulsed field electrophoresis technique). These results show that the simulation is consistent and that its parameters are well balanced. Among the different parameters that can be adjusted, our results demonstrate that the criterion used to select direct strand break appears to have a very significant role on the final number of simulated double strand breaks.
92	16.9	10.1371/journal.pone.0028559	Radiation-Induced Carcinogenesis: Mechanistically Based Differences between Gamma-Rays and Neutrons, and Interactions with DMBA	2011	PLoS ONE	40	I. Shuryak, D. Brenner, R. Ullrich	https://doi.org/10.1371/journal.pone.0028559	https://www.semanticscholar.org/paper/893ad2820010e66a76d908e31918547c26a75682	True	4	2	0	3	radiation bystander effect mathematical model low dose	Different types of ionizing radiation produce different dependences of cancer risk on radiation dose/dose rate. Sparsely ionizing radiation (e.g. γ-rays) generally produces linear or upwardly curving dose responses at low doses, and the risk decreases when the dose rate is reduced (direct dose rate effect). Densely ionizing radiation (e.g. neutrons) often produces downwardly curving dose responses, where the risk initially grows with dose, but eventually stabilizes or decreases. When the dose rate is reduced, the risk increases (inverse dose rate effect). These qualitative differences suggest qualitative differences in carcinogenesis mechanisms. We hypothesize that the dominant mechanism for induction of many solid cancers by sparsely ionizing radiation is initiation of stem cells to a pre-malignant state, but for densely ionizing radiation the dominant mechanism is radiation-bystander-effect mediated promotion of already pre-malignant cell clone growth. Here we present a mathematical model based on these assumptions and test it using data on the incidence of dysplastic growths and tumors in the mammary glands of mice exposed to high or low dose rates of γ-rays and neutrons, either with or without pre-treatment with the chemical carcinogen 7,12-dimethylbenz-alpha-anthracene (DMBA). The model provides a mechanistic and quantitative explanation which is consistent with the data and may provide useful insight into human carcinogenesis.
93	16.9	10.1016/j.ijrobp.2021.07.079	A Novel Mechanistic Cell Survival Model to Replace Linear-Quadratic Model for Relative Biological Effectiveness (RBE) in Proton Therapy.	2021	International Journal of Radiation Oncology, Biology, Physics	1	J. Jin, J. Yuan, N. Oleinick, M. Yao, Q. Pan, F. Kong	https://doi.org/10.1016/j.ijrobp.2021.07.079	https://www.semanticscholar.org/paper/2aa0b4a3cae5651efbe419328eb05c536f475824	True	4	2	0	3	TOPAS-nBio DNA damage cell survival radiation model	PURPOSE/OBJECTIVE(S) Relative biological effectiveness (RBE) is important in proton therapy. Although a large amount of in vitro cell experimental data exists for various linear energy transfers (LETs) and various cell lines, it is difficult to derive a reliable RBE model from these data using the classic linear-quadratic (LQ) model, mainly because its parameters, αLQ and βLQ, have no clear mechanistic correlation with LET. In this study, we hypothesize that a mechanistic model with parameters directly relate to LET can be developed to replace the LQ model for cell survival description, and it would be better than the LQ model for RBE model derivation. The 2 parameters in the model are αM, which represents the ability to generate cell damage and may linearly increase with LET, and βM, which represents the ability to repair cell damage and may linearly decrease with LET (because higher LET generates more clustered DNA damages, which are difficult to repair).   MATERIALS/METHODS We used the number of unit damages to score the severity of radiation-generated damage in a cell. Assuming that a dose of D generated an average number of αM*D unit damages, the probability of cells having n (n = 0, 1, 2, ...m) unit damages was thus determined using the Poisson Equation, P(n) = [(αMD)n/n!]*exp(-αMD). We further assumed that a cell with n unit damages has a probability of βMn to be repaired, and cells having 4 or more unit damages would not be repaired. Thus, the survival fraction of cells after a dose of D was derived as SF(D) = [1+αMβMD+(αMβMD)2/2+(αMβMD)3/6]*exp(-αMD). A total of 47 experimental cell survival datasets for 3 cell lines in the literature were used to test this mechanistic model. Correlations of αM and βM with LET were determined in terms of RBEα and RBEβ, which is the ratio of αM (or βM) in proton and photon. A RBE model was consequently derived.   RESULTS The mechanistic model fitted well with all experimental data, similar as the LQ model. Interestingly, for two cell lines with pristine proton beam data, both αM and βM were perfect linear functions of LET, with R2 = 0.98∼1.0. On the other hand, the linearity was greatly degraded for the corresponding spread-out Bragg Peak (SOBP) data, with same data points deviating at same directions for 2 cell lines, suggesting that the LET values calculated in SOBP were not as accurate as pristine beam. For the 3rd cell line with majority data points of SOBP beams, R2 = 0.89∼0.91. The correlation of αM and βM with LET were expressed as RBEα = 1.1+kα*LET and RBEβ = 1.0-kβ*LET, where kα = 0.018, 0.009 and 0.005, kβ = 0.031, 0.028, and 0.027 for 3 cell lines, respectively. A RBE model depending on LET, dose and cell type (represented by αM and βM in photon) was finally derived.   CONCLUSION A mechanistic cell survival model was developed and it appeared to have advantage over the LQ model in deriving a reliable RBE model.
94	16.7	10.3390/ijms20236054	Modeling the Effect of Hypoxia and DNA Repair Inhibition on Cell Survival after Photon Irradiation	2019	International Journal of Molecular Sciences	15	H. Liew, C. Klein, F. Zenke, A. Abdollahi, J. Debus, I. Dokic	https://www.mdpi.com/1422-0067/20/23/6054/pdf?version=1575452189	https://www.semanticscholar.org/paper/bc5fc950cde2861244cb24f72f72c97f57d2b349	True	3	0	0	3	TOPAS-nBio DNA damage cell survival radiation model	Mechanistic approaches to modeling the effects of ionizing radiation on cells are on the rise, promising a better understanding of predictions and higher flexibility concerning conditions to be accounted for. In this work we modified and extended a previously published mechanistic model of cell survival after photon irradiation under hypoxia to account for radiosensitization caused by deficiency or inhibition of DNA damage repair enzymes. The model is shown to be capable of describing the survival data of cells with DNA damage repair deficiency, both under norm- and hypoxia. We find that our parameterization of radiosensitization is invariant under change of oxygen status, indicating that the relevant parameters for both mechanisms can be obtained independently and introduced freely to the model to predict their combined effect.
95	16.6	10.1126/scisignal.aah6671	Dynamics of p53 in response to DNA damage vary across cell lines and are shaped by efficiency of DNA repair and activity of the kinase ATM	2017	Science Signaling	100	Jacob Stewart-Ornstein, G. Lahav	https://stke.sciencemag.org/content/sigtrans/10/476/eaah6671.full.pdf	https://www.semanticscholar.org/paper/52a9fe37a94c028ba7dd04483c94f0cd2504a7ea	True	4	3	0	4	p53 radiation DNA damage response mathematical model	Single-cell imaging shows that the p53 response to DNA damage is dynamic and cell line–specific. Variations in p53 dynamics A cell’s response to changes in its extracellular or intracellular environment (the path between signal and output) involves complex molecular networks. These networks are temporally dynamic, requiring investigators to consider multiple time points when analyzing pathway activity. Using single-cell imaging, Stewart-Ornstein and Lahav showed not only that DNA damage dynamically induced the tumor suppressor protein p53, which regulates cell cycle arrest and apoptosis, but also that those dynamics varied between cell lines, even of the same tissue type. The findings provide insight into the p53-mediated DNA damage response in multiple cell types. Because many other signaling pathways likely demonstrate this high degree of variability, the study also reveals that making generalized assumptions about cell signaling behavior based on a single cell line, or even one line for each tissue, is prone to error. Cellular systems show a wide range of signaling dynamics. Many of these dynamics are highly stereotyped, such as oscillations at a fixed frequency. However, most studies looking at the role of signaling dynamics focus on one or a few cell lines, leaving the diversity of dynamics across tissues or cell lines a largely unexplored question. We focused on the dynamics of the tumor suppressor protein p53, which regulates cell cycle arrest and apoptosis in response to DNA damage. We established live-cell reporters for 12 cancer cell lines expressing wild-type p53 and quantified p53 dynamics in response to double-strand break–inducing DNA damage. In many of the tested cell lines, we found that p53 abundance oscillated in response to ionizing radiation or the DNA-damaging chemotherapeutic neocarzinostatin and that the periodicity of the oscillations was fixed. In other cell lines, p53 abundance dynamically changed in different ways, such as a single broad pulse or a continuous induction. By combining single-cell assays of p53 signaling dynamics, small-molecule screening in live cells, and mathematical modeling, we identified molecules that perturbed p53 dynamics and determined that cell-specific variation in the efficiency of DNA repair and the activity of the kinase ATM (ataxia-telangiectasia mutated) controlled the signaling landscape of p53 dynamics. Because the dynamics of wild-type p53 varied substantially between cell lines, our study highlights the limitation of using one line as a model system and emphasizes the importance of studying the dynamics of other signaling pathways across different cell lines and genetic backgrounds.
96	16.6	10.1016/j.jtbi.2009.08.003	A model of interactions between radiation-induced oxidative stress, protein and DNA damage in Deinococcus radiodurans	2009	Journal of Theoretical Biology	36	I. Shuryak, D. Brenner	https://europepmc.org/articles/pmc2774503?pdf=render	https://www.semanticscholar.org/paper/0d2218696005fa4d13940d1170b2d69116c8b938	True	2	0	0	6	radiation-induced DNA damage mechanistic model cell survival	Ionizing radiation triggers oxidative stress, which can have a variety of subtle and profound biological effects. Here we focus on mathematical modeling of potential synergistic interactions between radiation damage to DNA and oxidative stress-induced damage to proteins involved in DNA repair/replication. When sensitive sites on these proteins are attacked by radiation-induced radicals, correct repair of dangerous DNA lesions such as double strand breaks (DSBs) can be compromised. In contrast, if oxidation of important proteins is prevented by strong antioxidant defenses, DNA repair may function more efficiently. These processes probably occur to some extent even at low doses of radiation/oxidative stress, but they are easiest to investigate at high doses, where both DNA and protein damage are extensive. As an example, we use data on survival of Deinococcus radiodurans after high doses (thousands of Gy) of acute and chronic irradiation. Our model of radiogenic oxidative stress is consistent with these data and can potentially be generalized to other organisms and lower radiation doses.
97	16.6	10.1038/s41598-023-38295-3	High-LET radiation induces large amounts of rapidly-repaired sublethal damage	2023	Scientific Reports	13	F. D. Guerra Liberal, Shannon J Thompson, K. Prise, S. McMahon	https://www.nature.com/articles/s41598-023-38295-3.pdf	https://www.semanticscholar.org/paper/f7c969666cdbd44664c2d231ebff5fda205a3dae	True	4	3	0	4	radiation quality factor biological effectiveness model DNA damage	There is agreement that high-LET radiation has a high Relative Biological Effectiveness (RBE) when delivered as a single treatment, but how it interacts with radiations of different qualities, such as X-rays, is less clear. We sought to clarify these effects by quantifying and modelling responses to X-ray and alpha particle combinations. Cells were exposed to X-rays, alpha particles, or combinations, with different doses and temporal separations. DNA damage was assessed by 53BP1 immunofluorescence, and radiosensitivity assessed using the clonogenic assay. Mechanistic models were then applied to understand trends in repair and survival. 53BP1 foci yields were significantly reduced in alpha particle exposures compared to X-rays, but these foci were slow to repair. Although alpha particles alone showed no inter-track interactions, substantial interactions were seen between X-rays and alpha particles. Mechanistic modelling suggested that sublethal damage (SLD) repair was independent of radiation quality, but that alpha particles generated substantially more sublethal damage than a similar dose of X-rays, $$RB{E}_{SLD}>2.8$$ R B E SLD > 2.8 . This high RBE may lead to unexpected synergies for combinations of different radiation qualities which must be taken into account in treatment design, and the rapid repair of this damage may impact on mechanistic modelling of radiation responses to high LETs.
98	16.6	10.1007/s00411-022-00981-7	Hyper-radiosensitivity affects low-dose acute myeloid leukemia incidence in a mathematical model	2022	Radiation and Environmental Biophysics	3	S. Stouten, Ben Balkenende, L. Roobol, S. Lunel, C. Badie, F. Dekkers	https://doi.org/10.1007/s00411-022-00981-7	https://www.semanticscholar.org/paper/90494c49b2aa78f1db03afbd3f3a75d6b5785662	True	4	3	0	4	radiation bystander effect mathematical model low dose	In vitro experiments show that the cells possibly responsible for radiation-induced acute myeloid leukemia (rAML) exhibit low-dose hyper-radiosensitivity (HRS). In these cells, HRS is responsible for excess cell killing at low doses. Besides the endpoint of cell killing, HRS has also been shown to stimulate the low-dose formation of chromosomal aberrations such as deletions. Although HRS has been investigated extensively, little is known about the possible effect of HRS on low-dose cancer risk. In CBA mice, rAML can largely be explained in terms of a radiation-induced Sfpi1 deletion and a point mutation in the remaining Sfpi1 gene copy. The aim of this paper is to present and quantify possible mechanisms through which HRS may influence low-dose rAML incidence in CBA mice. To accomplish this, a mechanistic rAML CBA mouse model was developed to study HRS-dependent AML onset after low-dose photon irradiation. The rAML incidence was computed under the assumptions that target cells: (1) do not exhibit HRS; (2) HRS only stimulates cell killing; or (3) HRS stimulates cell killing and the formation of the Sfpi1 deletion. In absence of HRS (control), the rAML dose-response curve can be approximated with a linear-quadratic function of the absorbed dose. Compared to the control, the assumption that HRS stimulates cell killing lowered the rAML incidence, whereas increased incidence was observed at low doses if HRS additionally stimulates the induction of the Sfpi1 deletion. In conclusion, cellular HRS affects the number of surviving pre-leukemic cells with an Sfpi1 deletion which, depending on the HRS assumption, directly translates to a lower/higher probability of developing rAML. Low-dose HRS may affect cancer risk in general by altering the probability that certain mutations occur/persist.
99	16.4	10.1038/s41598-019-42901-8	Mechanistic modelling supports entwined rather than exclusively competitive DNA double-strand break repair pathway	2019	Scientific Reports	40	S. Ingram, J. Warmenhoven, J. Warmenhoven, N. Henthorn, N. Henthorn, E. Smith	https://www.nature.com/articles/s41598-019-42901-8.pdf	https://www.semanticscholar.org/paper/5e10cdde3693bfa2fa7e20b5d5ccd2a4b35597eb	True	3	1	0	4	ionizing radiation DNA double strand break repair model simulation	Following radiation induced DNA damage, several repair pathways are activated to help preserve genome integrity. Double Strand Breaks (DSBs), which are highly toxic, have specified repair pathways to address them. The main repair pathways used to resolve DSBs are Non-Homologous End Joining (NHEJ) and Homologous Recombination (HR). Cell cycle phase determines the availability of HR, but the repair choice between pathways in the G2 phases where both HR and NHEJ can operate is not clearly understood. This study compares several in silico models of repair choice to experimental data published in the literature, each model representing a different possible scenario describing how repair choice takes place. Competitive only scenarios, where initial protein recruitment determines repair choice, are unable to fit the literature data. In contrast, the scenario which uses a more entwined relationship between NHEJ and HR, incorporating protein co-localisation and RNF138-dependent removal of the Ku/DNA-PK complex, is better able to predict levels of repair similar to the experimental data. Furthermore, this study concludes that co-localisation of the Mre11-Rad50-Nbs1 (MRN) complexes, with initial NHEJ proteins must be modeled to accurately depict repair choice.
100	16.4	10.1088/1361-6560/ab7d14	A theoretical cell-killing model to evaluate oxygen enhancement ratios at DNA damage and cell survival endpoints in radiation therapy	2020	Physics in Medicine and Biology	8	Yusuke Matsuya, Tatsuhiko Sato, R. Nakamura, Shingo Naijo, H. Date	https://eprints.lib.hokudai.ac.jp/dspace/bitstream/2115/81071/1/Matsuya%20Y_2020_Phys.Med.Biol.pdf	https://www.semanticscholar.org/paper/3a7feee0f803ec2da4fca633218baddf6d389e99	True	3	1	0	4	TOPAS-nBio DNA damage cell survival radiation model	Radio-resistance induced under low oxygen pressure plays an important role in malignant progression in fractionated radiotherapy. For the general approach to predict cell killing under hypoxia, cell-killing models (e.g. the Linear-Quadratic model) have to be fitted to in vitro experimental survival data for both normoxia and hypoxia to obtain the oxygen enhancement ratio (OER). In such a case, model parameters for every oxygen condition needs to be considered by model-fitting approaches. This is inefficient for fractionated irradiation planning. Here, we present an efficient model for fractionated radiotherapy the integrated microdosimetric-kinetic model including cell-cycle distribution and the OER at DNA double-strand break endpoint (OERDSB). The cell survival curves described by this model can reproduce the in vitro experimental survival data for both acute and chronic low oxygen concentrations. The OERDSB used for calculating cell survival agrees well with experimental DSB ratio of normoxia to hypoxia. The important parameters of the model are oxygen pressure and cell-cycle distribution, which enables us to predict cell survival probabilities under chronic hypoxia and chronic anoxia. This work provides biological effective dose (BED) under various oxygen conditions including its uncertainty, which can contribute to creating fractionated regimens for multi-fractionated radiotherapy. If the oxygen concentration in a tumor can be quantified by medical imaging, the present model will make it possible to estimate the cell-killing and BED under hypoxia in more realistic intravital situations.
101	16.4	10.3390/ijms24021386	An Analytical Method for Quantifying the Yields of DNA Double-Strand Breaks Coupled with Strand Breaks by γ-H2AX Focus Formation Assay Based on Track-Structure Simulation	2023	International Journal of Molecular Sciences	7	Yoshie Yachi, Yusuke Matsuya, Y. Yoshii, Hisanori Fukunaga, H. Date, T. Kai	https://www.mdpi.com/1422-0067/24/2/1386/pdf?version=1673861784	https://www.semanticscholar.org/paper/41ecacd51eb370e465f0261faae50bf5a6b3e06c	True	3	1	0	4	Monte Carlo track structure DNA damage repair radiation biology	Complex DNA double-strand break (DSB), which is defined as a DSB coupled with additional strand breaks within 10 bp in this study, induced after ionizing radiation or X-rays, is recognized as fatal damage which can induce cell death with a certain probability. In general, a DSB site inside the nucleus of live cells can be experimentally detected using the γ-H2AX focus formation assay. DSB complexity is believed to be detected by analyzing the focus size using such an assay. However, the relationship between focus size and DSB complexity remains uncertain. In this study, using Monte Carlo (MC) track-structure simulation codes, i.e., an in-house WLTrack code and a Particle and Heavy Ion Transport code System (PHITS), we developed an analytical method for qualifying the DSB complexity induced by photon irradiation from the microscopic image of γ-H2AX foci. First, assuming that events (i.e., ionization and excitation) potentially induce DNA strand breaks, we scored the number of events in a water cube (5.03 × 5.03 × 5.03 nm3) along electron tracks. Second, we obtained the relationship between the number of events and the foci size experimentally measured by the γ-H2AX focus formation assay. Third, using this relationship, we evaluated the degree of DSB complexity induced after photon irradiation for various X-ray spectra using the foci size, and the experimental DSB complexity was compared to the results estimated by the well-verified DNA damage estimation model in the PHITS code. The number of events in a water cube was found to be proportional to foci size, suggesting that the number of events intrinsically related to DSB complexity at the DNA scale. The developed method was applicable to focus data measured for various X-ray spectral situations (i.e., diagnostic kV X-rays and therapeutic MV X-rays). This method would contribute to a precise understanding of the early biological impacts of photon irradiation by means of the γ-H2AX focus formation assay.
102	16.4	10.3390/ijms25094729	RadPhysBio: A Radiobiological Database for the Prediction of Cell Survival upon Exposure to Ionizing Radiation	2024	International Journal of Molecular Sciences	2	V. Zanni, Dimitris Papakonstantinou, S. A. Kalospyros, D. Karaoulanis, G. M. Biz, L. Manti	https://doi.org/10.3390/ijms25094729	https://www.semanticscholar.org/paper/5f930facab85518510ae2bb69b2ad18db9385a66	True	3	1	0	4	TOPAS-nBio DNA damage cell survival radiation model	Based on the need for radiobiological databases, in this work, we mined experimental ionizing radiation data of human cells treated with X-rays, γ-rays, carbon ions, protons and α-particles, by manually searching the relevant literature in PubMed from 1980 until 2024. In order to calculate normal and tumor cell survival α and β coefficients of the linear quadratic (LQ) established model, as well as the initial values of the double-strand breaks (DSBs) in DNA, we used WebPlotDigitizer and Python programming language. We also produced complex DNA damage results through the fast Monte Carlo code MCDS in order to complete any missing data. The calculated α/β values are in good agreement with those valued reported in the literature, where α shows a relatively good association with linear energy transfer (LET), but not β. In general, a positive correlation between DSBs and LET was observed as far as the experimental values are concerned. Furthermore, we developed a biophysical prediction model by using machine learning, which showed a good performance for α, while it underscored LET as the most important feature for its prediction. In this study, we designed and developed the novel radiobiological ‘RadPhysBio’ database for the prediction of irradiated cell survival (α and β coefficients of the LQ model). The incorporation of machine learning and repair models increases the applicability of our results and the spectrum of potential users.
103	16.2	10.1088/1361-6560/aabede	Adaptation of stochastic microdosimetric kinetic model for charged-particle therapy treatment planning	2018	Physics in Medicine and Biology	67	T. Inaniwa, N. Kanematsu	http://iopscience.iop.org/article/10.1088/1361-6560/aabede/pdf	https://www.semanticscholar.org/paper/07eed4c6a8cba4239599aece13ce4c4fd342b2b5	True	4	2	0	2	cell survival radiation induced DSB repair kinetic model	The microdosimetric kinetic (MK) model underestimates the cell-survival fractions for high linear energy transfer (LET) and high dose irradiations. To address the issue, some researchers previously extended the MK model to the stochastic microdosimetric kinetic (SMK) model. In the SMK model, the radiation induced cell-survival fractions were estimated from the specific energies zd and zn absorbed by a microscopic subnuclear structure domain and a cell nucleus, respectively. By taking the stochastic nature of zn as well as that of zd into account, the SMK model could reproduce the measured cell-survival fractions for radiations with wide LET and dose ranges. However, treatment planning based on the SMK model was unrealistic in clinical practice due to its long computation time and huge memory space required for the computation. In this study, we modified the SMK model to shorten the computation time and to reduce the memory space required for the computation. By using the dose-averaged cell-nucleus specific energy per event in the SMK formalism, the stochastic nature of zn was reflected onto the estimated cell-survival fractions. The accuracy of the modified SMK model was examined through the comparison between the estimated and the measured survival fractions of human salivary gland tumor cells and V79 cells. We then implemented the modified SMK model into the in-house treatment planning software for scanned charged-particle therapy to validate its applicability in clinical practice. As examples, treatment plans of helium-, carbon-, and neon-ion beams were made for an orbital tumor case. The modified SMK model could reproduce the measured cell-survival fractions more accurately compared to the MK model especially for high-LET and high-dose irradiations. In summary, the modified SMK model offers the accuracy and simplicity required in treatment planning of scanned charged-particle therapy for wide LET and dose ranges.
104	16.2	10.1088/1361-6560/aba21d	A kinetic model of continuous radiation damage to populations of cells: comparison to the LQ model and application to molecular radiotherapy	2020	Physics in Medicine and Biology	9	Sara Neira, A. Gago-Arias, Jacobo Guiu-Souto, J. Pardo-Montero	https://iopscience.iop.org/article/10.1088/1361-6560/aba21d/pdf	https://www.semanticscholar.org/paper/292446df54fad1d966a3df1c015238e82dee6414	True	4	2	0	2	cell survival radiation induced DSB repair kinetic model	The linear-quadratic (LQ) model to describe the survival of irradiated cells may be the most frequently used biomathematical model in radiotherapy. There has been an intense debate on the mechanistic origin of the LQ model. An interesting approach is that of obtaining LQ-like behavior from kinetic models, systems of differential equations that model the induction and repair of damage. Development of such kinetic models is particularly interesting for application to continuous dose rate therapies, such as molecular radiotherapy or brachytherapy. In this work, we present a simple kinetic model that describes the kinetics of populations of tumor cells, rather than lethal/sub-lethal lesions, which may be especially useful for application to continuous dose rate therapies, as in molecular radiotherapy. The multi-compartment model consists of a set of three differential equations. The model incorporates in an easy way different cross-interacting compartments of cells forming a tumor, and may be of especial interest for studying dynamics of treated tumors. In the fast dose delivery limit, the model can be analytically solved, obtaining a simple closed-form expression. Fitting of several surviving curves with both this solution and the LQ model shows that they produce similar fits, despite being functionally different. We have also investigated the operation of the model in the continuous dose rate scenario, firstly by fitting pre-clinical data of tumor response to 131I-CLR1404 therapy, and secondly by showing how damage repair and proliferation rates can cause a treatment to achieve control or not. Kinetic models like the one presented in this work may be of special interest when modeling response to molecular radiotherapy.
105	16.0	10.2172/1158919	Systems Biology Model of Interactions Between Tissue Growth Factors and DNA Damage Pathways: Low Dose Response and Cross-Talk in TGFbeta and ATM Signaling	2014		0	P. O'Neill, Jennifer A. Anderson	https://www.osti.gov/servlets/purl/1158919	https://www.semanticscholar.org/paper/07f17af18ffdb29be07eb8916c0d772429b30f13	True	3	0	0	2	p53 radiation DNA damage response mathematical model	
106	15.9	10.1088/2057-1976/1/4/045209	A mechanistic investigation of the oxygen fixation hypothesis and oxygen enhancement ratio	2015	Biomedical engineering and physics express	179	David Robert Grimes, M. Partridge	https://doi.org/10.1088/2057-1976/1/4/045209	https://www.semanticscholar.org/paper/d8213dff0df703d37c61eed9b2dd3a940e327448	True	4	1	1	3	FLASH radiotherapy oxygen DNA damage repair mechanistic model	The presence of oxygen in tumours has substantial impact on treatment outcome; relative to anoxic regions, well-oxygenated cells respond better to radiotherapy by a factor 2.5–3. This increased radio-response is known as the oxygen enhancement ratio. The oxygen effect is most commonly explained by the oxygen fixation hypothesis, which postulates that radical-induced DNA damage can be permanently ‘fixed’ by molecular oxygen, rendering DNA damage irreparable. While this oxygen effect is important in both existing therapy and for future modalities such a radiation dose-painting, the majority of existing mathematical models for oxygen enhancement are empirical rather than based on the underlying physics and radiochemistry. Here we propose a model of oxygen-enhanced damage from physical first principles, investigating factors that might influence the cell kill. This is fitted to a range of experimental oxygen curves from literature and shown to describe them well, yielding a single robust term for oxygen interaction obtained. The model also reveals a small thermal dependency exists but that this is unlikely to be exploitable.
107	15.9	10.1002/pro6.1186	Simulation of DNA damage using Geant4‐DNA: an overview of the “molecularDNA” example application	2022	Precision Radiation Oncology	43	K. Chatzipapas, N. Tran, Milos Dordevic, Sara Zivkovic, S. Zein, W. Shin	https://onlinelibrary.wiley.com/doi/pdfdirect/10.1002/pro6.1186	https://www.semanticscholar.org/paper/50cdfbd6b7e4eb40cc86e6553cfc4be8eb35d0a5	True	4	0	0	3	radiation DNA repair mathematical model simulation	The scientific community shows great interest in the study of DNA damage induction, DNA damage repair, and the biological effects on cells and cellular systems after exposure to ionizing radiation. Several in silico methods have been proposed so far to study these mechanisms using Monte Carlo simulations. This study outlines a Geant4‐DNA example application, named “molecularDNA”, publicly released in the 11.1 version of Geant4 (December 2022).
108	15.8	10.3390/ijms23020878	High-Accuracy Relative Biological Effectiveness Values Following Low-Dose Thermal Neutron Exposures Support Bimodal Quality Factor Response with Neutron Energy	2022	International Journal of Molecular Sciences	8	L. Paterson, A. Festarini, M. Stuart, F. Ali, Christie Costello, C. Boyer	https://www.mdpi.com/1422-0067/23/2/878/pdf?version=1642559586	https://www.semanticscholar.org/paper/aafea0d78263de664523b60a6f866fddea8e248f	True	3	3	0	6	relative biological effectiveness mechanistic model DNA damage repair	Theoretical evaluations indicate the radiation weighting factor for thermal neutrons differs from the current International Commission on Radiological Protection (ICRP) recommended value of 2.5, which has radiation protection implications for high-energy radiotherapy, inside spacecraft, on the lunar or Martian surface, and in nuclear reactor workplaces. We examined the relative biological effectiveness (RBE) of DNA damage generated by thermal neutrons compared to gamma radiation. Whole blood was irradiated by 64 meV thermal neutrons from the National Research Universal reactor. DNA damage and erroneous DNA double-strand break repair was evaluated by dicentric chromosome assay (DCA) and cytokinesis-block micronucleus (CBMN) assay with low doses ranging 6–85 mGy. Linear dose responses were observed. Significant DNA aberration clustering was found indicative of high ionizing density radiation. When the dose contribution of both the 14N(n,p)14C and 1H(n,γ)2H capture reactions were considered, the DCA and the CBMN assays generated similar maximum RBE values of 11.3 ± 1.6 and 9.0 ± 1.1, respectively. Consequently, thermal neutron RBE is approximately four times higher than the current ICRP radiation weighting factor value of 2.5. This lends support to bimodal peaks in the quality factor for RBE neutron energy response, underlining the importance of radiological protection against thermal neutron exposures.
109	15.7	10.1007/s00411-007-0150-z	Systems biological and mechanistic modelling of radiation-induced cancer	2007	Radiation and Environmental Biophysics	52	M. Little, A. Heidenreich, Ae S H Moolgavkar, Ae H Schöllnberger, A. Thomas	https://link.springer.com/content/pdf/10.1007/s00411-007-0150-z.pdf	https://www.semanticscholar.org/paper/3154bf73bb5f9aa969221f268ef6418140cb366e	True	5	1	0	1	systems biology model radiation induced cancer low dose	This paper summarises the five presentations at the First International Workshop on Systems Radiation Biology that were concerned with mechanistic models for carcinogenesis. The mathematical description of various hypotheses about the carcinogenic process, and its comparison with available data is an example of systems biology. It promises better understanding of effects at the whole body level based on properties of cells and signalling mechanisms between them. Of these five presentations, three dealt with multistage carcinogenesis within the framework of stochastic multistage clonal expansion models, another presented a deterministic multistage model incorporating chromosomal aberrations and neoplastic transformation, and the last presented a model of DNA double-strand break repair pathways for second breast cancers following radiation therapy.
110	15.7	10.1371/journal.pone.0164929	The Impact of the Geometrical Structure of the DNA on Parameters of the Track-Event Theory for Radiation Induced Cell Kill	2016	PLoS ONE	7	U. Schneider, F. Vasi, J. Besserer	https://journals.plos.org/plosone/article/file?id=10.1371/journal.pone.0164929&type=printable	https://www.semanticscholar.org/paper/c679131a9c7f06d092fb6ec0b069d55dbbe8aa39	True	3	1	0	3	chromosome aberration radiation track structure simulation DNA repair	Background and Purpose When fractionation schemes for hypofractionation and stereotactic body radiotherapy are considered, a reliable cell survival model at high dose is needed for calculating doses of similar biological effectiveness. An alternative to the LQ-model is the track-event theory which is based on the probabilities for one- and two two-track events. A one-track-event (OTE) is always represented by at least two simultaneous double strand breaks. A two-track-event (TTE) results in one double strand break. Therefore at least two two-track-events on the same or different chromosomes are necessary to produce an event which leads to cell sterilization. It is obvious that the probabilities of OTEs and TTEs must somehow depend on the geometrical structure of the chromatin. In terms of the track-event theory the ratio ε of the probabilities of OTEs and TTEs includes the geometrical dependence and is obtained in this work by simple Monte Carlo simulations. Materials and Methods For this work it was assumed that the anchors of loop forming chromatin are most sensitive to radiation induced cell deaths. Therefore two adjacent tetranucleosomes representing the loop anchors were digitized. The probability ratio ε of OTEs and TTEs was factorized into a radiation quality dependent part and a geometrical part: ε = εion ∙ εgeo. εgeo was obtained for two situations, by applying Monte Carlo simulation for DNA on the tetranucleosomes itself and for linker DNA. Low energy electrons were represented by randomly distributed ionizations and high energy electrons by ionizations which were simulated on rays. εion was determined for electrons by using results from nanodosimetric measurements. The calculated ε was compared to the ε obtained from fits of the track event model to 42 sets of experimental human cell survival data. Results When the two tetranucleosomes are in direct contact and the hits are randomly distributed εgeo and ε are 0.12 and 0.85, respectively. When the hits are simulated on rays εgeo and ε are 0.10 and 0.71. For the linker-DNA εgeo and ε for randomly distributed hits are 0.010 and 0.073, and for hits on rays 0.0058 and 0.041, respectively. The calculated ε fits the experimentally obtained ε = 0.64±0.32 best for hits on the tetranucleosome when they are close to each other both, for high and low energy electrons. Conclusions The parameter εgeo of the track event model was obtained by pure geometrical considerations of the chromatin structure and is 0.095 ± 0.022. It can be used as a fixed parameter in the track-event theory.
111	15.7	10.1101/367995	Dynamics of the p53 response to ionizing and ultraviolet radiation	2018	bioRxiv	0	Elizabeth A. Fedak, F. Adler, E. Young, Lisa M. Abegglen, J. Schiffman	https://doi.org/10.1101/367995	https://www.semanticscholar.org/paper/a1664670b51efc092c12d470d5ccf077bd994cd3	True	3	1	0	3	p53 radiation DNA damage response mathematical model	The tumor suppressor protein p53 compiles information about cellular stressors to make decisions on whether the cell should survive or undergo apoptosis. However, the p53 response depends on the source of damage, displaying a ‘digital’ oscillatory response after ionizing radiation (IR) damage and a proportional non-oscillatory response following UV damage. We propose a mathematical model that qualitatively replicates this observed behavior. The difference in p53 dynamics in the model results from two mechanisms: IR damage is fully detected minutes after exposure while UV damage is detected over several hours; and the p53-controlled transcriptional response is dominated by inactive p53 following UV damage. In particular, we hypothesize that an unidentified positive feedback loop controlled by inactive p53 is required to maintain the qualitative high p53 response to UV damage. This work proposes an explanation for two distinct responses of p53 to DNA damage and how each response can lead to cell cycle arrest or apoptosis. Author summary We propose a mathematical model hypothesizing how the tumor suppressor protein p53 produces two contrasting dynamical responses in response to different types of DNA damage. In particular, we predict the existence of a positive feedback loop controlled by the inactive form of p53, which allows the cell to respond to slowly detected damage. The existence of differing dynamic responses by p53 has implications for our understanding of tumor development and possibly p53-related therapeutic strategies.
112	15.6	10.3389/fphy.2020.578492	Linking Microdosimetric Measurements to Biological Effectiveness in Ion Beam Therapy: A Review of Theoretical Aspects of MKM and Other Models	2021	Frontiers of Physics	43	V. E. Bellinzona, F. Cordoni, M. Missiaggia, F. Tommasino, E. Scifoni, C. La Tessa	https://www.frontiersin.org/articles/10.3389/fphy.2020.578492/pdf	https://www.semanticscholar.org/paper/b7bbde2511f09a846fd19eee1fb63eeb3f432db1	True	6	2	1	2	radiation quality factor biological effectiveness model DNA damage	Different qualities of radiation are known to cause different biological effects at the same absorbed dose. Enhancements of the biological effectiveness are a direct consequence of the energy deposition clustering at the scales of DNA molecule and cell nucleus whilst absorbed dose is a macroscopic averaged quantity which does not take into account heterogeneities at the nanometer and micrometer scales. Microdosimetry aims to measure radiation quality at cellular or sub-cellular levels trying to increase the understanding of radiation damage mechanisms and effects. Existing microdosimeters rely on the well-established gas-based detectors or the more recent solid-state devices. They provide specific energy z spectra and other derived quantities as lineal energy (y) spectra assessed at the micrometer level. The interpretation of the radio-biological experimental data in the framework of different models has raised interest and various investigations have been performed to link in vitro and in vivo radiobiological outcomes with the observed microdosimetric data. A review of the major models based on experimental microdosimetry, with a particular focus on ion beam therapy applications and an emphasis on the microdosimetric kinetic model (MKM), will be presented in this work, enlightening the advantages of each one in terms of accuracy, initial assumptions, and agreement with experimental data. The MKM has been used to predict different kinds of radiobiological quantities such as the relative biological effects for cell inactivation or the oxygen enhancement ratio. Recent developments of the MKM will be also presented, including new non-Poissonian correction approaches for high linear energy transfer radiation, the inclusion of partial repair effects for fractionation studies, and the extension of the model to account for non-targeted effects. We will also explore developments for improving the models by including track structure and the spatial damage correlation information, by using the full fluence spectrum and by better accounting for the energy-deposition fluctuations at the intra- and inter-cellular level.
113	15.6	10.1101/2023.03.27.534408	FLASH-RT does not affect chromosome translocations and junction structures beyond that of CONV-RT dose-rates	2023	bioRxiv	18	Paul G. Barghouth, S. Melemenidis, Pierre Montay-Gruel, J. Ollivier, Vignesh Viswanathan, P. G. Jorge	https://www.biorxiv.org/content/biorxiv/early/2023/03/27/2023.03.27.534408.full.pdf	https://www.semanticscholar.org/paper/90918d8858d43922d3081df6611e9b7d9b461152	True	2	1	0	6	FLASH radiotherapy oxygen DNA damage repair mechanistic model	The molecular and cellular mechanisms driving the enhanced therapeutic ratio of ultra-high dose-rate radiotherapy (FLASH-RT) over slower conventional (CONV-RT) radiotherapy dose-rate remain to be elucidated. However, attenuated DNA damage and transient oxygen depletion are among several proposed models. Here, we tested whether FLASH-RT under physioxic (4% O2) and hypoxic conditions (≤2% O2) reduces genome-wide translocations relative to CONV-RT and whether any differences identified revert under normoxic (21% O2) conditions. We employed high-throughput rejoin and genome-wide translocation sequencing (HTGTS-JoinT-seq), using S. aureus and S. pyogenes Cas9 “bait” DNA double strand breaks (DSBs), to measure differences in bait-proximal repair and their genome-wide translocations to “prey” DSBs generated by electron beam CONV-RT (0.08-0.13Gy/s) and FLASH-RT (1×102-5×106 Gy/s), under varying ionizing radiation (IR) doses and oxygen tensions. Normoxic and physioxic irradiation of HEK293T cells increased translocations at the cost of decreasing bait-proximal repair but were indistinguishable between CONV-RT and FLASH-RT. Although no apparent increase in chromosome translocations was observed with hypoxia-induced apoptosis, the combined decrease in oxygen tension with IR dose-rate modulation did not reveal significant differences in the level of translocations nor in their junction structures. Thus, Irrespective of oxygen tension, FLASH-RT produces translocations and junction structures at levels and proportions that are indistinguishable from CONV-RT.
114	15.4	10.1093/jrr/rrw062	Radiosensitivity and relative biological effectiveness based on a generalized target model	2017	Journal of Radiation Research	21	Lei Zhao, Di Wu, D. Mi, Yeqing Sun	https://academic.oup.com/jrr/article-pdf/58/1/8/9692771/rrw062.pdf	https://www.semanticscholar.org/paper/aafda30c3a9017a02f400b5b26157ddf4dea8ecf	True	3	2	0	4	relative biological effectiveness mechanistic model DNA damage repair	By considering both cellular repair effects and indirect effects of radiation, we have generalized the traditional target model, and made it have a linear–quadratic–linear characteristic. To assess the repair capacity–dependent radiosensitivity and relative biological effectiveness (RBE), the generalized target model was used to fit the survival of human normal embryonic lung fibroblast MRC-5 cells in the G0 and G1 phases after various types of radiations. The fitting results indicate that the generalized target model works well in the dose ranges considered. The resulting calculations qualitatively show that the parameter ratio (a/V) in the model could represent the cellular repair capacity. In particular, the significant linear correlations between radiosensitivity/RBE and cellular repair capacity are observed for different slopes of the linear regression curves. These results show that the radiosensitivity and RBE depend on the cellular repair capacity and can be regulated by linear energy transfer. These analyses suggest that the ratio a/V in the generalized target model can also be used for radiation damage assessment in radiotherapy.
115	15.4	10.1016/j.ejmp.2023.102626	In-silico calculations of DNA damage induced by α-particles in the 224Ra DaRT decay chain for a better understanding of the radiobiological effectiveness of this treatment.	2023	Physica medica (Testo stampato)	13	L. Ballisat, L. Beck, C. De Sio, S. Guatelli, D. Sakata, S. Incerti	http://www.physicamedica.com/article/S1120179723001035/pdf	https://www.semanticscholar.org/paper/2fa48744231a78dd9884c2ed0425dc14e1e635b7	True	3	2	0	4	Geant4-DNA DNA damage repair simulation radiation biology	Diffusing alpha-emitters radiation Therapy (DaRT) is an interstitial brachytherapy technique using 224Ra seeds. For accurate treatment planning a good understanding of the early DNA damage due to α-particles is required. Geant4-DNA was used to calculate the initial DNA damage and radiobiological effectiveness due to α-particles with linear energy transfer (LET) values in the range 57.5-225.9 keV/μm from the 224Ra decay chain. The impact of DNA base pair density on DNA damage has been modelled, as this parameter varies between human cell lines. Results show that the quantity and complexity of DNA damage changes with LET as expected. Indirect damage, due to water radical reactions with the DNA, decreases and becomes less significant at higher LET values as shown in previous studies. As expected, the yield of complex double strand breaks (DSBs), which are harder for a cell to repair, increases approximately linearly with LET. The level of complexity of DSBs and radiobiological effectiveness have been found to increase with LET as expected. The quantity of DNA damage has been shown to increase for increased DNA density in the expected base pair density range of human cells. The change in damage yield as a function of base pair density is largest for higher LET α-particles, an increase of over 50% for individual strand breaks between 62.7 and 127.4 keV/μm. This change in yield shows that the DNA base pair density is an important parameter for modelling DNA damage particularly at higher LET where the DNA damage is greatest and most complex.
116	15.3	10.1118/1.4901555	On the consistency of Monte Carlo track structure DNA damage simulations.	2014	Medical Physics (Lancaster)	48	P. Pater, J. Seuntjens, I. E. El Naqa, M. Bernal	https://repositorio.unicamp.br/Busca/Download?codigoArquivo=550474&tipoMidia=0	https://www.semanticscholar.org/paper/18fde430a214cf20b77577811203022a036209dd	True	3	0	0	1	Monte Carlo track structure DNA damage repair radiation biology	
117	15.3	10.4161/cc.6.8.4103	The Contribution of p53 in the Dynamics of Cell Cycle Response to DNA Damage Interpreted by a Mathematical Model	2007	Cell Cycle	21	M. Lupi, G. Matera, C. Natoli, V. Colombo, P. Ubezio	https://www.tandfonline.com/doi/pdf/10.4161/cc.6.8.4103?needAccess=true	https://www.semanticscholar.org/paper/2aa4fbeb05ca3d0ab9b2e12002db954bc82f3306	True	3	0	0	1	radiation adaptive response mathematical model DNA damage	
118	15.3	10.1016/j.mbs.2008.08.001	A computational model for radiation-induced cellular transformation to in vitro irradiation of cells by acute doses of X-rays.	2008	Mathematical Biosciences	6	L. Fleishman, D. Crawford‐Brown, W. Hofmann	https://doi.org/10.1016/j.mbs.2008.08.001	https://www.semanticscholar.org/paper/90a283b9e6375c6f49b93263f78ea3bd98b91ed9	True	3	0	0	1	radiation bystander effect mathematical model low dose	
119	15.3	10.1016/j.ijrobp.2014.05.2434	Predicting the Relative Biological Effectiveness of Carbon Ion Radiation Therapy Beams Using the Mechanistic Repair-Misrepair-Fixation (RMF) Model and Nuclear Fragment Spectra	2014		1	F. Kamp, G. Cabal, A. Mairani, K. Parodi, J. Wilkens, D. Carlson	https://doi.org/10.1016/j.ijrobp.2014.05.2434	https://www.semanticscholar.org/paper/fbcd9d97f80c7dcd1374cee87285542fbc661a09	True	3	0	0	1	relative biological effectiveness mechanistic model DNA damage repair	
120	15.2	10.1016/j.isci.2018.03.016	SMARCAD1 Phosphorylation and Ubiquitination Are Required for Resection during DNA Double-Strand Break Repair	2018	iScience	49	Sharmistha Chakraborty, R. Pandita, Shashank Hambarde, Abid R Mattoo, V. Charaka, K. M. Ahmed	http://www.cell.com/article/S2589004218300257/pdf	https://www.semanticscholar.org/paper/ff99506c2dfbb502ede1701c07f85ca909557d03	True	2	0	0	4	ionizing radiation DNA double strand break repair model simulation	Summary The chromatin remodeling factor SMARCAD1, an SWI/SNF ATPase family member, has a role in 5′ end resection at DNA double-strand breaks (DSBs) to produce single-strand DNA (ssDNA), a critical step for subsequent checkpoint and repair factor loading to remove DNA damage. However, the mechanistic details of SMARCAD1 coupling to the DNA damage response and repair pathways remains unknown. Here we report that SMARCAD1 is recruited to DNA DSBs through an ATM-dependent process. Depletion of SMARCAD1 reduces ionizing radiation (IR)-induced repairosome foci formation and DSB repair by homologous recombination (HR). IR induces SMARCAD1 phosphorylation at a conserved T906 by ATM kinase, a modification essential for SMARCAD1 recruitment to DSBs. Interestingly, T906 phosphorylation is also important for SMARCAD1 ubiquitination by RING1 at K905. Both these post-translational modifications are critical for regulating the role of SMARCAD1 in DNA end resection, HR-mediated repair, and cell survival after DNA damage.
121	15.0	10.7326/m15-1241	Radiation-Induced Breast Cancer Incidence and Mortality from Digital Mammography Screening: A Modeling Study	2016	Annals of Internal Medicine	156	D. Miglioretti, J. Lange, Jeroen J. van den Broek, Christoph I. Lee, N. V. van Ravesteyn, D. Ritley	https://annals.org/acp/content_public/journal/aim/935000/aime201602160-m151241.pdf	https://www.semanticscholar.org/paper/c040ed97d98896cbd741532e4c4305f2aefa7984	True	3	1	0	2	systems biology model radiation induced cancer low dose	Context Repeated digital mammography examinations expose women to ionizing radiation that can increase breast cancer risk. Contribution This modeling study found that annual mammography screening of 100000 women aged 40 to 74 years might induce 125 breast cancer cases and 16 deaths but avert 968 breast cancer deaths because of early detection. Factors associated with increased risk for radiation-induced cancer included large breasts requiring extra views, higher-than-average doses per view, beginning screening at younger ages, and annual screening. Caution The model had several assumptions. Implication Biennial mammography screening starting at age 50 years and use of the fewest number of views possible would decrease risk for radiation-induced breast cancer. Exposure to ionizing radiation from repeated mammography examinations may increase breast cancer risk (1, 2). Radiation-induced breast cancer incidence and mortality associated with recommended screening strategies are suggested to be low relative to breast cancer deaths prevented (35). However, prior projected population risks were based on exposure from screening only and assumed only 4 standard views per screening examination at the mean radiation dose. Evaluations of screening programs should consider full episodes of care, including diagnostic work-up prompted by an abnormal screening result (6). False-positive recalls, breast biopsies, and short-interval follow-up examinations are relatively common in the United States and add radiation exposure from diagnostic mammography (7). Some subgroups of women, such as obese women and those with dense breasts, are more likely to have additional evaluations (79), which may increase their risk for radiation-induced cancer. When risk for radiation-induced breast cancer is being evaluated, it may also be important to consider variation in radiation dose from a single examination. Examinations vary in the number of views performed and dose per view; therefore, some women receive more than the mean dose. The American College of Radiology Imaging Network DMIST (Digital Mammographic Imaging Screening Trial) found an average radiation dose of 1.86 mGy to the breast from a single digital mammography screening view (10), but dose per view varied from 0.15 to 13.4 mGy (Supplement), and 21% of digital screening examinations used more than 4 views (10). Radiation dose is strongly correlated with compressed breast thickness; thus, women with large breasts tend to receive greater doses per view and may require more than 4 views for complete examination (10, 11). Women with breast augmentation receive implant-displacement views in addition to standard screening views, which doubles their radiation dose (12). Women may have repeated views because of movement artifacts or improper breast positioning. Supplement. Supplemental material. We estimated the distribution of cumulative radiation dose and associated breast cancer risk from full screening episodes to identify subgroups of women who may have a greater risk for radiation-induced cancer because they have factors contributing to greater doses per examination or frequent false-positive screening results that lead to additional radiation exposure from subsequent diagnostic work-up. Using population-based data from the Breast Cancer Surveillance Consortium (BCSC) (13), we estimated the probability of a false-positive screening result followed by additional imaging evaluation, short-interval follow-up, or biopsy. We used data from the BCSC, DMIST, and other sources in 2 simulation models to estimate radiation exposure and radiation-induced breast cancer incidence and mortality associated with 8 potential screening strategies with different starting ages (40, 45, or 50 years) and screening intervals (annual, biennial, or a hybrid strategy). Methods Screening Strategies We used 2 complementary stochastic modeling approaches to evaluate the following 8 strategies for screening with digital mammography: annual screening from age 40 to 74, 45 to 74, or 50 to 74 years; biennial screening from age 40 to 74, 45 to 74, or 50 to 74 years; or a hybrid strategy of annual screening from age 40 to 49 or 45 to 49 years followed by biennial screening from age 50 to 74 years. We included the hybrid strategies because more frequent screening has been advocated for younger and premenopausal women due to their greater prevalence of dense breasts and more aggressive tumors, resulting in a greater risk for interval cancer, than older women (1417). Outcomes were breast cancer deaths averted (benefits) and radiation-induced breast cancer incidence and mortality (harms) associated with a lifetime of mammography screening relative to no screening. Simulation-Modeling Approaches Figure 1 summarizes our approach. We used 2 complementary stochastic modeling approaches to simulate mammography events associated with radiation exposure and outcomes for a population adherent with each of the 8 screening strategies. The first approach used the Microsimulation of Screening AnalysisFatal Diameter (MISCAN-Fadia) model (18), which is a detailed natural history model of breast cancer. This approach provided estimates of breast cancer incidence and mortality with and without screening to contextualize estimates of radiation-induced breast cancer cases. Although MISCAN-Fadia models the average effects of screening on a population level, it does not model correlation among repeated mammography results in individual women or the specific types of work-up after an abnormal screening result; thus, it cannot be used to estimate the distribution of cumulative radiation exposure from both screening mammography and subsequent diagnostic work-up among women. Therefore, we developed a new simulation model that provides woman-level exposure histories that were not available from the MISCAN-Fadia model. This new model captures exposure heterogeneity by simulating mammography results and subsequent work-up in each woman and allowing for variability in radiation exposure and breast size. Figure 1. Schematic of 2 modeling approaches used to simulate mammography events and outcomes associated with 8 screening strategies. Estimates of the number of screening examinations and false-positive results from the MISCAN-Fadia model were combined with the mean radiation dose from the radiation exposure model to estimate mean incidence of radiation-induced breast cancer. Estimates of the probability distribution of cumulative radiation dose at each age among women from the radiation exposure model were used to estimate the probability distribution of radiation-induced breast cancer incidence. Radiation-induced breast cancer incidence was combined with breast cancer survival estimates from the MISCAN-Fadia model to estimate radiation-induced breast cancer mortality. BCSC = Breast Cancer Surveillance Consortium; DMIST = Digital Mammographic Imaging Screening Trial; MISCAN-Fadia = Microsimulation of Screening AnalysisFatal Diameter. MISCAN-Fadia Model The MISCAN-Fadia model simulates individual life histories of women with and without breast cancer in the presence and absence of screening from birth to death from breast cancer or other causes. The model has been described in detail elsewhere (18), information about the model can be found online (http://cisnet.cancer.gov), and inputs and assumptions are described in our report for the draft U.S. Preventive Services Task Force recommendations (19). In brief, on the basis of BCSC data on sensitivity of digital mammography screening, cancer detection rates, and cancer stage at detection, we estimated thresholds at which tumors become screen-detectable. Screening sensitivity and specificity depended on age, breast density, and screening interval. Breast cancer risk depended on age and breast density. The effect of screening on breast cancer natural history was assessed by modeling continuous tumor growth, in which tumors detected before they reached their fatal diameter were cured and those detected past their fatal diameter led to breast cancer death. We assumed that all women received the mean dose per screening examination and, if recalled, the mean dose associated with diagnostic work-up after a false-positive screening result, both of which were estimated from the radiation exposure model. We also projected breast cancer incidence and mortality with and without screening. Radiation Exposure Simulation Model Full details, including approach, data sources, and assumptions, are available in the Supplement. In brief, for each of the 8 screening strategies, we simulated woman-level factors and screening-related events for 100000 women. Woman-Level Factors. Each woman was assigned a compressed breast thickness from the DMIST distribution (Appendix Table 1). Women with a compressed breast thickness of 7.5 cm or greater (8% of DMIST population) were assumed to have large breasts that required extra views for complete examination. On the basis of distributions seen in the BCSC, each woman was assigned a baseline Breast Imaging Reporting and Data System (12) density at the start of screening, which could potentially decrease by 1 category at ages 50 and 65 years (20) (Appendix Table 2). Appendix Table 1. Distribution of Compressed Breast Thickness on Digital Mammography From ACRIN DMIST* Appendix Table 2. Prevalence of BI-RADS Breast Density (by Age) and Probability of Changing Density Category at Age 50 and 65 Years, Estimated From the Breast Cancer Surveillance Consortium* Evaluation of a Positive Screening Result. For each screening strategy, we simulated events after a positive screening result that did not lead to a diagnosis of breast cancer (Figure 2) to focus on risk for first breast cancer induced by radiation. We modeled the probability of each event by using data from digital mammography done at BCSC facilities from 2003 to 2011 on women aged 40 to 74 years without a history of breast cancer or
122	15.0	10.1088/1361-6560/ad1765	Spectral composition of secondary electrons based on the Kiefer–Straaten ion track structure model	2023	Physics in Medicine and Biology	1	T. Friedrich, T. Pfuhl, Michael Scholz	https://iopscience.iop.org/article/10.1088/1361-6560/ad1765/pdf	https://www.semanticscholar.org/paper/076a2d1ce7adf170d39753ae0804c4eb81f538e3	True	3	1	0	2	Monte Carlo track structure DNA damage repair radiation biology	The major part of energy deposition of ionizing radiation is caused by secondary electrons, independent of the primary radiation type. However, their spatial concentration and their spectral properties strongly depend on the primary radiation type and finally determine the pattern of molecular damage e.g. to biological targets as the DNA, and thus the final effect of the radiation exposure. To describe the physical and to predict the biological consequences of charged ion irradiation, amorphous track structure approaches have proven to be pragmatic and helpful. There, the local dose deposition in the ion track is equated by considering the emission and slowing down of the secondary electrons from the primary particle track. In the present work we exploit the model of Kiefer and Straaten and derive the spectral composition of secondary electrons as function of the distance to the track center. The spectral composition indicates differences to spectra of low linear energy transfer (LET) photon radiation, which we confirm by a comparison with Monte Carlo studies. We demonstrate that the amorphous track structure approach provides a simple tool for evaluating the spectral electron properties within the track structure. Predictions of the LET of electrons across the track structure as well as the electronic dose build-up effect are derived. Implications for biological effects and corresponding predicting models based on amorphous track structure are discussed.
123	14.9	10.1667/rr13855.1	Induction and Repair of DNA DSB as Revealed by H2AX Phosphorylation Foci in Human Fibroblasts Exposed to Low- and High-LET Radiation: Relationship with Early and Delayed Reproductive Cell Death	2015	Radiation Research	88	F. Antonelli, A. Campa, G. Esposito, P. Giardullo, M. Belli, V. Dini	https://www.openaccessrepository.it/record/76266/files/induction-and-repair-of-dna-dsb-as-revealed-by-h2ax-phosphorylation-foci-in-human-fibroblasts-exposed-to-low-and-high-let-radiation:-relationship-with-early-and-delayed-reproductive-cell-death_.%5CPDF_AAM20152019VQR%5CWOS_000353416500007.pdf	https://www.semanticscholar.org/paper/70f539da48a63c0f61ab2fdd5c8b1dc4edf53152	True	4	2	1	3	cell survival radiation induced DSB repair kinetic model	The spatial distribution of radiation-induced DNA breaks within the cell nucleus depends on radiation quality in terms of energy deposition pattern. It is generally assumed that the higher the radiation linear energy transfer (LET), the greater the DNA damage complexity. Using a combined experimental and theoretical approach, we examined the phosphorylation-dephosphorylation kinetics of radiation-induced γ-H2AX foci, size distribution and 3D focus morphology, and the relationship between DNA damage and cellular end points (i.e., cell killing and lethal mutations) after exposure to gamma rays, protons, carbon ions and alpha particles. Our results showed that the maximum number of foci are reached 30 min postirradiation for all radiation types. However, the number of foci after 0.5 Gy of each radiation type was different with gamma rays, protons, carbon ions and alpha particles inducing 12.64 ± 0.25, 10.11 ± 0.40, 8.84 ± 0.56 and 4.80 ± 0.35 foci, respectively, which indicated a clear influence of the track structure and fluence on the numbers of foci induced after a dose of 0.5 Gy for each radiation type. The γ-H2AX foci persistence was also dependent on radiation quality, i.e., the higher the LET, the longer the foci persisted in the cell nucleus. The γ-H2AX time course was compared with cell killing and lethal mutation and the results highlighted a correlation between cellular end points and the duration of γ-H2AX foci persistence. A model was developed to evaluate the probability that multiple DSBs reside in the same gamma-ray focus and such probability was found to be negligible for doses lower than 1 Gy. Our model provides evidence that the DSBs inside complex foci, such as those induced by alpha particles, are not processed independently or with the same time constant. The combination of experimental, theoretical and simulation data supports the hypothesis of an interdependent processing of closely associated DSBs, possibly associated with a diminished correct repair capability, which affects cell killing and lethal mutation.
124	14.9	10.18632/oncotarget.8938	Expression of MLL-AF4 or AF4-MLL fusions does not impact the efficiency of DNA damage repair	2016	OncoTarget	24	J. Castaño, A. Herrero, A. Bursen, Federico Gonzãlez, R. Marschalek, N. Gutiérrez	http://www.oncotarget.com/index.php?journal=oncotarget&page=article&op=download&path%5B%5D=8938&path%5B%5D=27020	https://www.semanticscholar.org/paper/13f9df713d4147e61e7772d0ca874ecd5743eaf5	True	2	1	0	5	microdosimetry nanodosimetry DNA damage repair model ionizing radiation	The most frequent rearrangement of the human MLL gene fuses MLL to AF4 resulting in high-risk infant B-cell acute lymphoblastic leukemia (B-ALL). MLL fusions are also hallmark oncogenic events in secondary acute myeloid leukemia. They are a direct consequence of mis-repaired DNA double strand breaks (DNA-DSBs) due to defects in the DNA damage response associated with exposure to topoisomerase-II poisons such as etoposide. It has been suggested that MLL fusions render cells susceptible to additional chromosomal damage upon exposure to etoposide. Conversely, the genome-wide mutational landscape in MLL-rearranged infant B-ALL has been reported silent. Thus, whether MLL fusions compromise the recognition and/or repair of DNA damage remains unanswered. Here, the fusion proteins MLL-AF4 (MA4) and AF4-MLL (A4M) were CRISPR/Cas9-genome edited in the AAVS1 locus of HEK293 cells as a model to study MLL fusion-mediated DNA-DSB formation/repair. Repair kinetics of etoposide- and ionizing radiation-induced DSBs was identical in WT, MA4- and A4M-expressing cells, as revealed by flow cytometry, by immunoblot for γH2AX and by comet assay. Accordingly, no differences were observed between WT, MA4- and A4M-expressing cells in the presence of master proteins involved in non-homologous end-joining (NHEJ; i.e.KU86, KU70), alternative-NHEJ (Alt-NHEJ; i.e.LigIIIa, WRN and PARP1), and homologous recombination (HR, i.e.RAD51). Moreover, functional assays revealed identical NHEJ and HR efficiency irrespective of the genotype. Treatment with etoposide consistently induced cell cycle arrest in S/G2/M independent of MA4/A4M expression, revealing a proper activation of the DNA damage checkpoints. Collectively, expression of MA4 or A4M does neither influence DNA signaling nor DNA-DSB repair.
125	14.9	10.3390/ijms18061176	Dynamic In Vivo Profiling of DNA Damage and Repair after Radiotherapy Using Canine Patients as a Model	2017	International Journal of Molecular Sciences	17	Nadine Schulz, Hassan Chaachouay, K. J. Nytko, M. Weyland, M. Roos, R. Füchslin	https://www.mdpi.com/1422-0067/18/6/1176/pdf?version=1496316378	https://www.semanticscholar.org/paper/942334f4199d3b48d74071cae0047b5397bdf542	True	4	4	0	3	radiation adaptive response mathematical model DNA damage	Time resolved data of DNA damage and repair after radiotherapy elucidates the relation between damage, repair, and cell survival. While well characterized in vitro, little is known about the time-course of DNA damage response in tumors sampled from individual patients. Kinetics of DNA damage after radiotherapy was assessed in eight dogs using repeated in vivo samples of tumor and co-irradiated normal tissue analyzed with comet assay and phosphorylated H2AX (γH2AX) immunohistochemistry. In vivo results were then compared (in silico) with a dynamic mathematical model for DNA damage formation and repair. Maximum %DNA in tail was observed at 15–60 min after irradiation, with a rapid decrease. Time-courses of γH2AX-foci paralleled these findings with a small time delay and were not influenced by covariates. The evolutionary parameter search based on %DNA in tail revealed a good fit of the DNA repair model to in vivo data for pooled sarcoma time-courses, but fits for individual sarcoma time-courses suffer from the heterogeneous nature of the in vivo data. It was possible to follow dynamics of comet tail intensity and γH2AX-foci during a course of radiation using a minimally invasive approach. DNA repair can be quantitatively investigated as time-courses of individual patients by integrating this resulting data into a dynamic mathematical model.
126	14.9	10.1038/s41420-024-02059-3	Inhibition of key DNA double strand break repair protein kinases enhances radiosensitivity of head and neck cancer cells to X-ray and proton irradiation	2024	Cell Death Discovery	16	M. Fabbrizi, Thomas J Doggett, J. Hughes, Emma Melia, Elizabeth R. Dufficy, Rhianna M Hill	https://www.nature.com/articles/s41420-024-02059-3.pdf	https://www.semanticscholar.org/paper/1c74e0df771cd8dd69d76a8bc85f846490257d8d	True	2	1	0	5	MEDRAS radiation DNA damage repair cell survival model	Ionising radiation (IR) is widely used in cancer treatment, including for head and neck squamous cell carcinoma (HNSCC), where it induces significant DNA damage leading ultimately to tumour cell death. Among these lesions, DNA double strand breaks (DSBs) are the most threatening lesion to cell survival. The two main repair mechanisms that detect and repair DSBs are non-homologous end joining (NHEJ) and homologous recombination (HR). Among these pathways, the protein kinases ataxia telangiectasia mutated (ATM), ataxia telangiectasia and Rad3-related (ATR) and the DNA dependent protein kinase catalytic subunit (DNA-Pkcs) play key roles in the sensing of the DSB and subsequent coordination of the downstream repair events. Consequently, targeting these kinases with potent and specific inhibitors is considered an approach to enhance the radiosensitivity of tumour cells. Here, we have investigated the impact of inhibition of ATM, ATR and DNA-Pkcs on the survival and growth of six radioresistant HPV-negative HNSCC cell lines in combination with either X-ray irradiation or proton beam therapy, and confirmed the mechanistic pathway leading to cell radiosensitisation. Using inhibitors targeting ATM (AZD1390), ATR (AZD6738) and DNA-Pkcs (AZD7648), we observed that this led to significantly decreased clonogenic survival of HNSCC cell lines following both X-ray and proton irradiation. Radiosensitisation of HNSCC cells grown as 3D spheroids was also observed, particularly following ATM and DNA-Pkcs inhibition. We confirmed that the inhibitors in combination with X-rays and protons led to DSB persistence, and increased micronuclei formation. Cumulatively, our data suggest that targeting DSB repair, particularly via ATM and DNA-Pkcs inhibition, can exacerbate the impact of ionising radiation in sensitising HNSCC cell models.
127	14.9	10.1590/1984-3143-ar2023-0021	Analysis of nuclear maturation, DNA damage and repair gene expression of bovine oocyte and cumulus cells submitted to ionizing radiation	2023	Animal Reproduction	3	Bruno Tomazele Rovani, V. Rissi, M. Rovani, B. Gasperin, Tadeu Baumhardt, V. Bordignon	https://www.scielo.br/j/ar/a/3pkMzZCWFfM58XgSmzrxyCs/?lang=en&format=pdf	https://www.semanticscholar.org/paper/d13228b9b772d1422047a099d724bf04c3ac1aa3	True	2	1	0	5	TOPAS-nBio DNA damage cell survival radiation model	Abstract Radiotherapy causes destruction of tumor cells, but also threatens the integrity and survival of surrounding normal cells. Then, woman submitted to irradiation for cancer treatment may present permanent ovary damage, resulting in impaired fertility. The objective of this study was to investigate the effects of therapeutic doses of ionizing radiation (IR), used for ovarian cancer treatment in humans, on bovine cumulus-oocyte complexes (COCs) as experimental model. Bovine ovaries were exposed to 0.9 Gy, 1.8 Gy, 3.6 Gy or 18.6 Gy IR, and then COCs were collected and used to evaluate: (a) oocyte nuclear maturation; (b) presence of phosphorylated H2A.X (γH2AX), as an indicator of DNA double-strand breaks (DSBs); and (c) expression of genes involved in DNA repair (TP53BP1, RAD52, ATM, XRCC6 and XRCC5) and apoptosis (BAX). The radiation doses tested in this study had no detrimental effects on nuclear maturation and did not increase γH2AX in the oocytes. However, IR treatment altered the mRNA abundance of RAD52 (RAD52 homolog, DNA repair protein) and BAX (BCL2-associated X protein). We conclude that although IR doses had no apparent effect on oocyte nuclear maturation and DNA damage, molecular pathways involved in DNA repair and apoptosis were affected by IR exposure in cumulus cells.
128	14.7	10.1016/j.jtbi.2016.08.017	Application of bifurcation theory and siRNA-based control signal to restore the proper response of cancer cells to DNA damage.	2016	Journal of Theoretical Biology	13	Emilia Kozłowska, Krzysztof Puszyński	https://doi.org/10.1016/j.jtbi.2016.08.017	https://www.semanticscholar.org/paper/a3138b5c7a08562d0adc80c67d50604af8c2715b	True	3	2	0	3	p53 radiation DNA damage response mathematical model	Many diseases with a genetic background such as some types of cancer are caused by damage in the p53 signaling pathway. The damage changes the system dynamics providing cancer cells with resistance to therapy such as radiation therapy. The change can be observed as the difference in bifurcation diagrams and equilibria type and location between normal and damaged cells, and summarized as the changes of the mathematical model parameters and following changes of the eigenvalues of Jacobian matrix. Therefore a change in other model parameters, such as mRNA degradation rates, may restore the proper eigenvalues and by that proper system dynamics. From the biological point of view, the change of mRNA degradation rate can be achieved by application of the small interfering RNA (siRNA). Here, we propose a general mathematical framework based on the bifurcation theory and siRNA-based control signal in order to study how to restore the proper response of cells with damaged p53 signaling pathway to therapy by using ionizing radiation (IR) therapy as an example. We show the difference between the cells with normal p53 signaling pathway and cells with abnormalities in the negative (as observed in SJSA-1 cell line) or positive (as observed in MCF-7 or PNT1a cell lines) feedback loop. Then we show how the dynamics of these cells can be restored to normal cell dynamics by using selected siRNA.
129	14.7	10.1101/2020.06.19.161836	An empirical model to predict survival curve and relative biological effectiveness after helium and carbon ion irradiation based solely on the cell survival after photon irradiation	2020	bioRxiv	0	D. Flint, S. Bright, C. McFadden, Teruaki Konishi, D. Ohsawa, A. Kobayashi	https://doi.org/10.1101/2020.06.19.161836	https://www.semanticscholar.org/paper/4b740d5568ff1b1413b3e1ddcacb072e80458907	True	3	2	0	3	relative biological effectiveness mechanistic model DNA damage repair	Purpose To develop an empirical model to predict radiosensitivity and relative biological effectiveness (RBE) after helium (He) and carbon (C) ion irradiation with or without DNA repair inhibitors. Methods We characterized survival in eight human cancer cell lines exposed to 6 MV photons and to He- and C-ions with linear energy transfer (LET) values of 2.2-60.5 keV/μm to verify that the radiosensitivity parameters (D5%, D10%, D20%, D37%, D50% and SF2Gy) correlate linearly between photon and ion radiation with or without DNA-PKcs or ATR inhibitors. Then, we parameterized the LET response of the parameters governing these linear correlations up to LET values of 225 keV/μm using the data in the Particle Irradiation Data Ensemble (PIDE) v3.2 database, creating a model that predicts a cell’s ion radiosensitivity, RBE and ion survival curve for a given LET on the basis of the cell’s photon radiosensitivity. We then trained this model using the PIDE database as a training dataset, and validated it by predicting the radiosensitivity of the cell lines we exposed to He- and C- ions with LET ranging from 2.2-60.5 keV/μm. Results Radiosensitivity to ions depended linearly with radiosensitivity of photons in the range of investigated LET values and the slopes and intercepts of these linear relationships within the PIDE database vary exponentially and linearly, respectively. Our model predicted ion radiosensitivity (e.g., D10%) within 5.1–21.3%, RBED10% within 5.0-17.1%, and ion mean inactivation dose within 6.7-25.1% for He- and C-ion LET ranging from 2.2-60.5 keV/μm. Conclusions Radiosensitivity to He- and C-ions depend linearly with radiosensitivity to photons and can be used to predict ion radiosensitivity, RBE and cell survival curves for clinically relevant LET values from 2.2–60.5 keV/μm, with or without drug treatment. SUMMARY We present a new empirical model capable of predicting clonogenic cell survival of cell lines exposed to helium and carbon ion beams. Our model is based on an observed linear correlation between radiosensitivity to ions and photons across a wide range of LET values. This linear correlation can be used to predict ion RBE, radiosensitivity, and the cell survival curve for a given LET all based on a cell’s photon survival curve.
130	14.6	10.1080/09553002.2017.1387304	Track to the future: historical perspective on the importance of radiation track structure and DNA as a radiobiological target	2017	International Journal of Radiation Biology	29	M. Hill	https://europepmc.org/articles/pmc6113897?pdf=render	https://www.semanticscholar.org/paper/e87d470a88282a0d7198d79f9ec8bfe3c8d100b7	True	4	0	1	4	chromosome aberration radiation track structure simulation DNA repair	Abstract Purpose: Understanding the mechanisms behind induced biological response following exposure to ionizing radiation is not only important in assessing the risk associated with human exposure, but potentially can help identify ways of improving the efficacy of radiotherapy. Over the decades, there has been much discussion on what is the key biological target for radiation action and its associated size. It was already known in the 1930s that microscopic features of radiation significantly influenced biological outcomes. This resulted in the development of classic target theory, leading to field of microdosimetry and subsequently nanodosimetry, studying the inhomogeneity and stochastics of interactions, along with the identification of DNA as a key target. Conclusions: Ultimately, the biological response has been found to be dependent on the radiation track structure (spatial and temporal distribution of ionization and excitation events). Clustering of energy deposition on the nanometer scale has been shown to play a critical role in determining biological response, producing not just simple isolated DNA lesions but also complex clustered lesions that are more difficult to repair. The frequency and complexity of these clustered damage sites are typically found to increase with increasing LET. However in order to fully understand the consequences, it is important to look at the relative distribution of these lesions over larger dimensions along the radiation track, up to the micrometer scale. Correlation of energy deposition events and resulting sites of DNA damage can ultimately result in complex gene mutations and complex chromosome rearrangements following repair, with the frequency and spectrum of the resulting rearrangements critically dependent on the spatial and temporal distribution of these sites and therefore the radiation track. Due to limitations in the techniques used to identify these rearrangements it is likely that the full complexity of the genetic rearrangements that occur has yet to be revealed. This paper discusses these issues from a historical perspective, with many of these historical studies still having relevance today. These can not only cast light on current studies but guide future studies, especially with the increasing range of biological techniques available. So, let us build on past knowledge to effectively explore the future.
131	14.5	10.2147/ott.s147316	Quercetin suppresses DNA double-strand break repair and enhances the radiosensitivity of human ovarian cancer cells via p53-dependent endoplasmic reticulum stress pathway	2017	OncoTargets and Therapy	71	Cheng Gong, Zong-Yuan Yang, Lingyun Zhang, Yuehua Wang, W. Gong, Yi Liu	https://www.dovepress.com/getfile.php?fileID=39826	https://www.semanticscholar.org/paper/75b59e5a8b604ed276c8e16ea3e76efc550988fc	True	2	0	0	3	ionizing radiation DNA double strand break repair model simulation	Quercetin is proven to have anticancer effects for many cancers. However, the role of tumor suppressor p53 on quercetin’s radiosensitization and regulation of endoplasmic reticulum (ER) stress response in this process remains obscure. Here, quercetin exposure resulted in ER stress, prolonged DNA repair, and the expression of p53 protein; phosphorylation on serine 15 and 20 increased in combination with X-irradiation. Quercetin pretreatment could potentiate radiation-induced cell death. The combination of irradiation and quercetin treatment aggravated DNA damages and caused typical apoptotic cell death; as well the expression of Bax and p21 elevated and the expression of Bcl-2 decreased. Knocking down of p53 could reverse all the above effects under quercetin in combination with radiation. In addition, quercetin-induced radiosensitization was through stimulation of ATM phosphorylation. In human ovarian cancer xenograft model, combined treatment of quercetin and radiation significantly restrained the growth of tumors, accompanied with the activation of p53, CCAAT/enhancer-binding protein homologous protein, and γ-H2AX. Overall, these results indicated that quercetin acted as a promising radiosensitizer through p53-dependent ER stress signals.
132	14.5	10.1002/mp.14612	Assessment of DNA damage with an adapted independent reaction time approach implemented in Geant4‐DNA for the simulation of diffusion‐controlled reactions between radio‐induced reactive species and a chromatin fiber	2020	Medical Physics (Lancaster)	20	H. Tran, J. Ramos-Mendez, W. Shin, Y. Perrot, B. Faddegon, S. Okada	https://onlinelibrary.wiley.com/doi/pdfdirect/10.1002/mp.14612	https://www.semanticscholar.org/paper/008f10acedb3d11c0e9e54d0f2ab8374145fe8e9	True	2	0	0	3	Geant4-DNA DNA damage repair simulation radiation biology	Purpose Simulation of indirect damage originating from the attack of free radical species produced by ionizing radiation on biological molecules based on the independent pair approximation is investigated in this work. In addition, a new approach, relying on the independent pair approximation that is at the origin of the independent reaction time (IRT) method, is proposed in the chemical stage of Geant4‐DNA. Methods This new approach has been designed to respect the current Geant4‐DNA chemistry framework while proposing a variant IRT method. Based on the synchronous algorithm, this implementation allows us to access the information concerning the position of radicals and may make it more convenient for biological damage simulations. Estimates of the evolution of free species as well as biological hits in a segment of DNA chromatin fiber in Geant4‐DNA were compared for the dynamic time step approach of the step‐by‐step (SBS) method, currently used in Geant4‐DNA, and this newly implemented IRT. Results Results show a gain in computation time of a factor of 30 for high LET particle tracks with a better than 10% agreement on the number of DNA hits between the value obtained with the IRT method as implemented in this work and the SBS method currently available in Geant4‐DNA. Conclusion Offering in Geant4‐DNA more efficient methods for the chemical step based on the IRT method is a task in progress. For the calculation of biological damage, information on the position of chemical species is a crucial point. This can be achieved using the method presented in this paper.
133	14.5	10.2203/dose-response.11-021.zhao	Computational Modeling of Signaling Pathways Mediating Cell Cycle Checkpoint Control and Apoptotic Responses to Ionizing Radiation-Induced DNA Damage	2012	Dose-Response	17	Yuchao Zhao, I. Lou, R. Conolly	https://europepmc.org/articles/pmc3375491?pdf=render	https://www.semanticscholar.org/paper/4e1e6968ebcb21f4984c5a2483c33eb6b2800542	True	2	0	0	3	low dose ionizing radiation computational model DNA repair	
134	14.5	10.1016/j.phymed.2023.155089	Andrographolide causes p53-independent HCC cell death through p62 accumulation and impaired DNA damage repair.	2023	Phytomedicine	14	Xin-yu Li, Xuan Cui, Changping Xie, Yong Wu, Tang Song, Jinsong He	https://doi.org/10.22541/au.167844940.05342281/v1	https://www.semanticscholar.org/paper/a8b4ffed5d40cda7accb6eff6187bfbf5896283c	True	4	3	0	1	FLASH radiotherapy oxygen DNA damage repair mechanistic model	BACKGROUND Hepatocellular carcinoma (HCC) is a highly lethal cancer characterized by dominant driver mutations, including p53. Consequently, there is an urgent need to search for novel therapeutic agents to treat HCC. Andrographolide (Andro), a clinically available anti-inflammatory phytochemical agent, has shown inhibitory effects against various types of cancer, including HCC. However, the underlying molecular mechanisms of its action remain poorly understood.   PURPOSE This study aims to investigate the molecular mechanisms by which p53 and p62 collectively affect Andro-induced HCC cell death, using both in vitro and in vivo models.   METHODS In vitro cellular experiments were conducted to examine the effects of Andro on cell viability and elucidate its mechanisms of action. In vivo xenograft experiments further validated the anti-cancer effects of Andro.   RESULTS Andro induced dose- and time-dependent HCC cell death while sparing normal HL-7702 hepatocytes. Furthermore, Andro caused DNA damage through the generation of reactive oxygen species (ROS), a critical event leading to cell death. Notably, HCC cells expressing p53 exhibited greater resistance to Andro-induced cell death compared to p53-deficient cells, likely due to the ability of p53 to induce G2/M cell cycle arrest. Additionally, Andro-induced p62 aggregation led to the proteasomal degradation of RAD51 and 53BP1, two key proteins involved in DNA damage repair. Consequently, silencing or knocking out p62 facilitated DNA damage repair and protected HCC cells. Importantly, disruption of either p53 or p62 did not affect the expression of the other protein. These findings were further supported by the observation that xenograft tumors formed by p62-knockout HCC cells displayed increased resistance to Andro treatment.   CONCLUSION This study elucidates the mechanistic basis of Andro-induced HCC cell death. It provides valuable insights for repurposing Andro for the treatment of HCC, regardless of the presence of functional p53.
135	14.5	10.7124/feeo.v26.1256	Quantitative description of early transcriptional response of plant cells to radiation-induced DNA damage using a Poisson initiation event model	2020		0	S. Litvinov, N. Rashydov	https://doi.org/10.7124/feeo.v26.1256	https://www.semanticscholar.org/paper/394fa55cd4de63afc1ba8e6fe80a48237969545d	True	2	0	0	3	microdosimetry nanodosimetry DNA damage repair model ionizing radiation	Aim. One of the problems that have not lost their relevance is the study of the mechanisms of adaptation of higher plants to the effects of radiation associated with the modification of the DNA repair system in response to radiation. This paper presents a Poisson mathematical model of the radiation-induced early transcriptional response of genes of key enzymes, which catalyze recovery of double-stranded DNA breaks in active plant cells. Methods. We used total X-ray irradiation of a model object – 35-day-old Arabidopsis thaliana (L.) Heynh plants at sublethal doses of 3-21 Gy, total RNA extraction, reverse transcription with random hexanucleotide primers, PCR amplification of the obtained cDNA with primers to target genes, fluorescence gel densitometry of amplified products. Results. A mathematical model of transcriptional response to the genotoxic action of ionizing radiation in a subpopulation of active plant cells based on Poisson distribution, which satisfactorily describes the experimental data obtained, is proposed. Conclusions. To initiate a maximal transcriptional response to DNA damage, one two-strand lesion per chromosome, detected by DNA repair systems, is sufficient, while the absence of double-stranded lesions, or the appearance of more than one double-stranded lesion per chromosome inhibits early transcriptional response of the cell on the action of ionizing radiation. The Poisson model of the initiating event makes it possible to predict the response of subpopulations of active cells of angiosperms to the action of genotoxic factors.  Keywords: ionizing radiation, DNA damage response (DDR), Arabidopsis thaliana, DNA repair, gene transcriptional activity. 
136	14.4	10.1667/rr3042.2	Effects of Low-Dose Ionizing Radiation and Menadione, an Inducer of Oxidative Stress, Alone and in Combination in a Vertebrate Embryo Model	2012	Radiation Research	21	C. Bladen, D. Kozlowski, W. Dynan	https://europepmc.org/articles/pmc4286334?pdf=render	https://www.semanticscholar.org/paper/86c800f553c03ec5b6cb76bb25a391f4935200a9	True	3	3	0	4	low dose ionizing radiation computational model DNA repair	Prior work has established the zebrafish embryo as an in vivo model for studying the biological effects of exposure to low doses of ionizing radiation. One of the known effects of radiation is to elevate the levels of reactive oxygen species (ROS) in tissue. However, ROS are also produced as by-products of normal metabolism and, regardless of origin, ROS produce similar chemical damage to DNA. Here we use the zebrafish embryo model to investigate whether the effects of low-dose (0–1.5 Gy) radiation and endogenous ROS are mechanistically distinct. We increased levels of endogenous ROS by exposure to low concentrations of the quinone drug, menadione. Imaging studies in live embryos showed that exposure to 3 μM or higher concentrations of menadione dramatically increased ROS levels. This treatment was associated with a growth delay and morphologic abnormalities, which were partially or fully reversible. By contrast, exposure to low doses of ionizing radiation had no discernable effects on overall growth or morphology, although, there was an increase in TUNEL-positive apoptotic cells, consistent with the results of prior studies. Further studies showed that the combined effect of radiation and menadione exposure are greater than with either agent alone, and that attenuation of the expression of Ku80, a gene important for repair of radiation-induced DNA damage, had only a slight effect on menadione sensitivity. Together, results suggest that ionizing radiation and menadione affect the embryo by distinct mechanisms.
137	14.3	10.1080/15401420390844492	Mechanistic Basis for Nonlinear Dose-Response Relationships for Low-Dose Radiation-Induced Stochastic Effects	2003	Nonlinearity in Biology, toxicology, medicine	53	B. Scott, D. Walker, Y. Tesfaigzi, H. Schöllnberger, V. Walker	https://journals.sagepub.com/doi/pdf/10.1080/15401420390844492	https://www.semanticscholar.org/paper/ff8a3876188a0a6fbefa85713f285e864c033ba4	True	3	1	0	1	systems biology model radiation induced cancer low dose	The linear nonthreshold (LNT) model plays a central role in low-dose radiation risk assessment for humans. With the LNT model, any radiation exposure is assumed to increase one's risk of cancer. Based on the LNT model, others have predicted tens of thousands of deaths related to environmental exposure to radioactive material from nuclear accidents (e.g., Chernobyl) and fallout from nuclear weapons testing. Here, we introduce a mechanism-based model for low-dose, radiation-induced, stochastic effects (genomic instability, apoptosis, mutations, neoplastic transformation) that leads to a LNT relationship between the risk for neoplastic transformation and dose only in special cases. It is shown that nonlinear dose-response relationships for risk of stochastic effects (problematic nonlethal mutations, neoplastic transformation) should be expected based on known biological mechanisms. Further, for low-dose, low-dose rate, low-LET radiation, large thresholds may exist for cancer induction. We summarize previously published data demonstrating large thresholds for cancer induction. We also provide evidence for low-dose-radiation-induced, protection (assumed via apoptosis) from neoplastic transformation. We speculate based on work of others (Chung 2002) that such protection may also be induced to operate on existing cancer cells and may be amplified by apoptosis-inducing agents such as dietary isothiocyanates.
138	14.3	10.1186/s12943-024-01933-z	The DNA damage sensor ATM kinase interacts with the p53 mRNA and guides the DNA damage response pathway	2024	Molecular Cancer	32	Konstantinos Karakostis, L. Malbert-Colas, Aikaterini Thermou, B. Vojtesek, Robin Fåhraeus	https://molecular-cancer.biomedcentral.com/counter/pdf/10.1186/s12943-024-01933-z	https://www.semanticscholar.org/paper/8f6bbc30d21500a78e947f8d383d7423a62f7fbb	True	3	1	0	1	p53 radiation DNA damage response mathematical model	The ATM kinase constitutes a master regulatory hub of DNA damage and activates the p53 response pathway by phosphorylating the MDM2 protein, which develops an affinity for the p53 mRNA secondary structure. Disruption of this interaction prevents the activation of the nascent p53. The link of the MDM2 protein—p53 mRNA interaction with the upstream DNA damage sensor ATM kinase and the role of the p53 mRNA in the DNA damage sensing mechanism, are still highly anticipated. The proximity ligation assay (PLA) has been extensively used to reveal the sub-cellular localisation of the protein—mRNA and protein–protein interactions. ELISA and co-immunoprecipitation confirmed the interactions in vitro and in cells. This study provides a novel mechanism whereby the p53 mRNA interacts with the ATM kinase enzyme and shows that the L22L synonymous mutant, known to alter the secondary structure of the p53 mRNA, prevents the interaction. The relevant mechanistic roles in the DNA Damage Sensing pathway, which is linked to downstream DNA damage response, are explored. Following DNA damage (double-stranded DNA breaks activating ATM), activated MDMX protein competes the ATM—p53 mRNA interaction and prevents the association of the p53 mRNA with NBS1 (MRN complex). These data also reveal the binding domains and the phosphorylation events on ATM that regulate the interaction and the trafficking of the complex to the cytoplasm. The presented model shows a novel interaction of ATM with the p53 mRNA and describes the link between DNA Damage Sensing with the downstream p53 activation pathways; supporting the rising functional implications of synonymous mutations altering secondary mRNA structures.
139	14.3	10.1371/journal.pone.0185794	MicroRNA-16 feedback loop with p53 and Wip1 can regulate cell fate determination between apoptosis and senescence in DNA damage response	2017	PLoS ONE	25	M. V. C. Issler, J. C. Mombach	https://journals.plos.org/plosone/article/file?id=10.1371/journal.pone.0185794&type=printable	https://www.semanticscholar.org/paper/e11cea4f6f93396b3dec2ea845f010915df68d32	True	3	1	0	1	p53 radiation DNA damage response mathematical model	Cell fate regulation is an open problem whose comprehension impacts several areas of the biosciences. DNA damage induces cell cycle checkpoints that activate the p53 pathway to regulate cell fate mechanisms such as apoptosis or senescence. Experiments with different cell types show that the p53 pathway regulates cell fate through a switch behavior in its dynamics. For low DNA damage the pathway presents an oscillatory pattern associated with intense DNA damage repair while for high damage there are no oscillations and either p53 concentration increases inducing apoptosis or the cell enters a senescence state. Apoptosis and senescence phenotypes seem to have compensatory functions in tissues and the microRNA 16–1 (miR-16) is involved in the regulation of the fate between both phenotypes in cancer cells. To investigate the regulation of cell fate we developed a logical model of the G1/S checkpoint in DNA damage response that takes into account different levels of damage and contemplates the influence of miR-16 through its positive feedback loop formed with p53 and Wip1. The model reproduces the observed cellular phenotypes in experiments: oscillatory (for low DNA damage) regulated by negative feedback loops involving mainly p53 and Mdm2 and apoptotic or senescent (for high DNA damage) regulated by the positive p53/Wip1/miR-16 feedback loop. We find good agreement between the level of DNA damage and the probability of the phenotype produced according to experiments. We also find that this positive feedback makes senescent and apoptotic phenotypes to be determined stochastically (bistable), however controlling the expression level of miR-16 allows the control of fate determination as observed experimentally.
140	14.3	10.1159/000077480	Models of chromosome aberration induction: an example based on radiation track structure	2004	Cytogenetic and Genome Research	18	F. Ballarini, A. Ottolenghi	https://www.openaccessrepository.it/record/141729/files/fulltext.pdf	https://www.semanticscholar.org/paper/498f1d542f2a48292adf1dc40f528bc1b37a6ce7	True	3	1	0	1	chromosome aberration radiation track structure simulation DNA repair	
141	14.2	10.1074/jbc.m109.079095	Revelation of p53-independent Function of MTA1 in DNA Damage Response via Modulation of the p21WAF1-Proliferating Cell Nuclear Antigen Pathway*	2010	Journal of Biological Chemistry	60	Da-Qiang Li, S. Pakala, Sirigiri Divijendra Natha Reddy, K. Ohshiro, Shaohua Peng, Yi Lian	http://www.jbc.org/article/S0021925819550566/pdf	https://www.semanticscholar.org/paper/0ef2ea9df9d79a004dda0fadf4aae9915df1b43e	True	2	1	0	4	p53 radiation DNA damage response mathematical model	Although metastasis-associated protein 1 (MTA1), a component of the nucleosome remodeling and deacetylase (NuRD) complex, is a DNA-damage response protein and regulates p53-dependent DNA repair, it remains unknown whether MTA1 also participates in p53-independent DNA damage response. Here, we provide evidence that MTA1 is a p53-independent transcriptional corepressor of p21WAF1, and the underlying mechanism involves recruitment of MTA1-histone deacetylase 2 (HDAC2) complexes onto two selective regions of the p21WAF1 promoter. Accordingly, MTA1 depletion, despite its effect on p53 down-regulation, superinduces p21WAF1, increases p21WAF1 binding to proliferating cell nuclear antigen (PCNA), and decreases the nuclear accumulation of PCNA in response to ionizing radiation. In support of a p53-independent role of MTA1 in DNA damage response, we further demonstrate that induced expression of MTA1 in p53-null cells inhibits p21WAF1 promoter activity and p21WAF1 binding to PCNA. Consequently, MTA1 expression in p53-null cells results in increased induction of γH2AX foci and DNA double strand break repair, and decreased DNA damage sensitivity following ionizing radiation treatment. These findings uncover a new target of MTA1 and the existence of an additional p53-independent role of MTA1 in DNA damage response, at least in part, by modulating the p21WAF1-PCNA pathway, and thus, linking two previously unconnected NuRD complex and DNA-damage response pathways.
142	14.2	10.1093/rpd/ncae231	Relative biological effectiveness of 31 meV thermal neutrons in peripheral blood lymphocytes	2025	Radiation Protection Dosimetry	2	L. Paterson, F. Ali, M. Naseri, David Perez Loureiro, A. Festarini, Marilyne Stuart	https://doi.org/10.1093/rpd/ncae231	https://www.semanticscholar.org/paper/4f6675dcc52a00a845a819a04997e78c7d71881a	True	4	4	0	2	radiation quality factor biological effectiveness model DNA damage	Abstract The reported relative biological effectiveness (RBE) for thermal neutrons has a large range (5–51, for cytogenetic endpoints), which can confound radiation protection decision-making. To determine whether thermal neutron spectra can influence RBE, the RBE of reactor-derived thermal neutrons of average energy 31 meV was evaluated in human peripheral blood lymphocytes using two classical DNA double-strand break endpoints: the dicentric chromosome assay (DCA) and the cytokinesis-block micronucleus assay. Dose-response curves for 41 to 408 mGy revealed a preference for linear regression. Maximum RBE (RBEM) values of 6.7 ± 0.9 and 4.4 ± 0.7 were calculated for the DCA and the micronucleus assay, respectively. These 31 meV RBEM values were significantly lower than our prior results for 64 meV thermal neutrons, which yielded a DCA RBEM of 11.3 ± 1.6 and a micronucleus RBEM of 9.0 ± 1.1. Dose-specific RBE values decreased with increasing dose for both assays. Microdosimetry simulations demonstrated similar quality factor values for both thermal neutron spectra. Dose deposition differences on the cellular scale, the difference in dose rate between irradiation configurations, or a not-yet understood phenomenon may be responsible for the RBE difference between the 31 and 64 meV thermal spectra. These findings indicate that the currently accepted radiation weighting factor wR value of 2.5 for thermal neutrons may underestimate the radiation detriment to small or shallow tissue targets including the lens of the eye.
143	14.1	10.1016/j.ijrobp.2021.07.829	Combined DNA Damage Repair Inhibition and Ion Beam Therapy: Development, Benchmark and Clinical Implications of a Mechanistic Biological Model.	2021	International Journal of Radiation Oncology, Biology, Physics	1	H. Liew, S. Meister, S. Mein, B. Kopp, A. Abdollahi, J. Debus	https://doi.org/10.1016/j.ijrobp.2021.07.829	https://www.semanticscholar.org/paper/f6e2f6a9e349d7264835923a1860768485ddddcb	True	3	4	0	5	radiation DNA repair mathematical model simulation	"PURPOSE/OBJECTIVE(S) Cellular radiosensitivity is tightly linked to DNA damage repair (DDR) capability. In a clinical context, inhibition of key DDR enzymes within tumor results in improved tumor control after radiotherapy and many preclinical and clinical trials of radiosensitizing drugs targeting DDR enzymes have been recently conducted or launched. Concurrently, interest in ion beam therapy continues to grow globally and its high precision may provide ideal treatment attributes in combination with tumor radiosensitizers. However, most studies of tumor radiosensitization based on DDR inhibition have been or are conducted using prevalent photon beams. Here, a mechanistic model of biological radiation response is presented to accurately translate findings in DDR inhibition studies to the case of charged particle radiation.   MATERIALS/METHODS The mechanistic ""UNIfied and VErsatile bio-response Engine"" (UNIVERSE) and its model of radiosensitization by DDR inhibition is extended to charged particles by implementing the heterogeneous dose distributions of protons and helium ions utilizing GPU computation. Predictions for monoenergetic and mixed fields over clinically relevant dose and LET range are compared to cell survival data from the literature and own dedicated experiments, including different cell lines and DDR inhibited variants. Our own experimental data represents the first comprehensive measurement of cell survival of repair competent and deficient cell lines in a helium spread-out bragg peak. Ultimately, the predictions of UNIVERSE are considered in a concrete clinical situation based on patient plan recalculations.   RESULTS UNIVERSE is able to precisely predict cell survival of DDR competent and deficient cell lines in clinically relevant settings of ion beam therapy based only on up to 3 parameters derived solely from conventional photon data. With increasing LET the effect of DDR deficiency reduces. This results in a diminished RBE of ion beam radiation for DDR deficient cells in comparison to DDR proficient cells.   CONCLUSION The capabilities of UNIVERSE could lead towards more personalized and ""biological"" planning in charged particle therapy, that could be guided by bio-marker based imaging in the future. By increasing the coverage of a tumor with high-LET using modifications of the treatment planning optimizer or advanced irradiation techniques, one could exploit the reduced impact of DDR inhibition at high LET to reduce the adverse effects of heterogeneous tumor radiosensitivity. UNIVERSE could also aid the appraisal of clinical viability of combined administration of radiosensitizing drugs and charged particle therapy and the identification of patients with known DDR inhibition which might not benefit from ion beam therapy, facilitating the management of limited capacities at therapy centers."
144	14.0	10.33594/000000133	Glycyrrhizic Acid Prevents Oxidative Stress Mediated DNA Damage Response through Modulation of Autophagy in Ultraviolet-B-Irradiated Human Primary Dermal Fibroblasts.	2019	Cellular Physiology and Biochemistry	35	S. A. Umar, M. A. Tanveer, Lone A. Nazir, Gupta Divya, R. Vishwakarma, S. A. Tasduq	https://doi.org/10.33594/000000133	https://www.semanticscholar.org/paper/c65a63af9bc45d5bf6efdfc6886b4efbb67d9156	True	3	2	0	2	radiation adaptive response mathematical model DNA damage	BACKGROUND/AIMS Excessive exposure to UV radiation negatively affects the human skin, characterized by photo-damage (premature aging & carcinogenesis). UV-B radiation causes about 90% of non-melanoma skin cancers by damaging de-oxy ribonucleic acids (DNA). We have previously reported that UV-B radiation induces skin photodamage through oxidative & Endoplasmic Reticulum (ER) stresses and Glycyrrhizic acid (GA), a natural triterpene, protects skin cells against such stresses. UV-B radiation elicits signalling cascade by activation of proteins involved in sensing, signalling, and repair process of DNA damage. In this study, we explored the effects & mechanisms of Glycyrrhizic acid (GA) against UV-B -induced photodamage using a well established cellular model.   METHODS We used primary human dermal fibroblasts as a cellular model. The cells were cultured in the presence or absence of GA for 3,6, & 24 h. Effect of UV-B was assessed by examining cell viability, cell morphology, oxidative stress, ER stress, DNA damage & cellular autophagy levels through biochemical assays, microscopy & protein expression studies.   RESULTS In this study, we have determined the effect of GA on autophagy mediated DNA damage response system as the main mechanism in preventing photodamage due to UV-B -irradiation to primary human dermal fibroblasts (HDFs). GA treatment to UV-B exposed HDFs, significantly inhibited cell death, oxidative & ER stress responses, prevented Cyclobutane Pyrimidine dimer (CPD) DNA adduct formation, and DNA fragmentation via modulation of UV-B induced autophagic flux. Present results showed that GA treatment quenched reactive oxygen species (ROS), relieved ER stress response, improved autophagy (6 hr's post-UV-B -irradiation) and prevented UV-B induced DNA damage.   CONCLUSION The present study links autophagy induction by GA as the main mechanism in the prevention of DNA damage and provides a mechanistic basis for the photoprotective effect of GA and suggests that GA can be potentially developed as a promising agent against UV-B induced skin photo-damage.
145	14.0	10.1103/physreve.95.052419	Measurements and simulations of microscopic damage to DNA in water by 30 keV electrons: A general approach applicable to other radiation sources and biological targets.	2017	Physical Review E	24	Marc Benjamin Hahn, Susann Meyer, H. Kunte, T. Solomun, H. Sturm	http://link.aps.org/pdf/10.1103/PhysRevE.95.052419	https://www.semanticscholar.org/paper/1b2f75514fd9e28a1a1b65d18a0c98cce12bd145	True	3	0	1	2	radiation quality factor biological effectiveness model DNA damage	The determination of the microscopic dose-damage relationship for DNA in an aqueous environment is of a fundamental interest for dosimetry and applications in radiation therapy and protection. We combine geant4 particle-scattering simulations in water with calculations concerning the movement of biomolecules to obtain the energy deposit in the biologically relevant nanoscopic volume. We juxtaposition these results to the experimentally determined damage to obtain the dose-damage relationship at a molecular level. This approach is tested for an experimentally challenging system concerning the direct irradiation of plasmid DNA (pUC19) in water with electrons as primary particles. Here a microscopic target model for the plasmid DNA based on the relation of lineal energy and radiation quality is used to calculate the effective target volume. It was found that on average fewer than two ionizations within a 7.5-nm radius around the sugar-phosphate backbone are sufficient to cause a single strand break, with a corresponding median lethal energy deposit being E_{1/2}=6±4 eV. The presented method is applicable for ionizing radiation (e.g., γ rays, x rays, and electrons) and a variety of targets, such as DNA, proteins, or cells.
146	14.0	10.3390/biomedinformatics3010011	Mechanistic Modelling of DNA Damage Repair by the Radiation Adaptive Response Mechanism and Its Significance	2023	BioMedInformatics	4	Łukasz Piotrowski, Julianna Krasowska, K. W. Fornalski	https://www.mdpi.com/2673-7426/3/1/11/pdf?version=1676879623	https://www.semanticscholar.org/paper/32c42314b542ef41be282568ff0694faa087c20e	True	3	2	0	2	relative biological effectiveness mechanistic model DNA damage repair	The radiation adaptive response effect is a biophysical phenomenon responsible for the enhancement of repair processes in irradiated cells. This can be observed in dedicated radiobiological experiments, e.g., where the small priming dose of ionising radiation is given before the high challenging one (the so-called Raper–Yonezawa effect). The situation is more complicated when the whole complex system (the organism) is taken into consideration; many other mechanisms make the adaptive response weaker and—in some cases—practically insignificant. The recently published simplified Monte Carlo model of human lymphocytes irradiation by X-rays allows for the calculation of the level of repair enhancement by the adaptive response when every other cellular biological mechanism is implemented. The qualitative results show that the adaptive response phenomenon, observed with some probability on a basic level, usually blurs among other effects and becomes weaker than expected. Regardless, the radiation adaptive response is still an important biophysical effect which needs to be taken into consideration in low-dose radiobiological studies.
147	13.7	10.1158/1940-6207.capr-11-0069	Telomere shortening alters the kinetics of the DNA damage response after ionizing radiation in human cells	2011	Cancer Prevention Research	43	R. Drissi, Jing Wu, Yafang Hu, C. Bockhold, J. Dome	https://aacrjournals.org/cancerpreventionresearch/article-pdf/4/12/1973/2337585/1973.pdf	https://www.semanticscholar.org/paper/080eece841c08e33f80008e227b6f9a7f01daa74	True	3	3	0	3	p53 radiation DNA damage response mathematical model	Studies of telomerase-deficient mice and human cell lines have showed that telomere shortening enhances sensitivity to ionizing radiation (IR). The molecular basis for this observation remains unclear. To better understand the connection between telomere shortening and radiation sensitivity, we evaluated components of the DNA damage response pathway in normal human fibroblasts with short and long telomeres. Late-passage cells with short telomeres showed enhanced sensitivity to IR compared with early-passage cells with longer telomeres. Compared with early-passage cells, late-passage cells had a higher baseline level of phosphorylated H2AX protein (γH2AX) before IR but diminished peak levels of H2AX phosphorylation after treatment with IR. Both the appearance and disappearance of γH2AX foci were delayed in late-passage cells, indicative of delayed DNA repair. In contrast to the situation with H2AX, ATM and p53 phosphorylation kinetics were similar in early- and late-passage cells, but phosphorylation of the chromatin-bound ATM targets SMC1 and NBS1 was delayed in late-passage cells. Because impaired phosphorylation associated with short telomeres was restricted to chromatin-bound ATM targets, chromatin structure was assessed. DNA from cells with short telomeres was more resistant to digestion with micrococcal nuclease, indicative of compacted chromatin. Moreover, cells with short telomeres showed histone acetylation and methylation profiles consistent with heterochromatin. Together our data suggest a model in which short telomeres induce chromatin structure changes that limit access of activated ATM to its downstream targets on the chromatin, thereby providing a potential explanation for the increased radiation sensitivity seen with telomere shortening. Cancer Prev Res; 4(12); 1973–81. ©2011 AACR.
148	13.7	10.3390/pharmaceutics16091230	Enhancing Radiotherapy Sensitivity in Prostate Cancer with Lentinan-Functionalized Selenium Nanoparticles: Mechanistic Insights and Therapeutic Potential	2024	Pharmaceutics	11	Yan-Mei Zou, Helin Xu, Xiuhong Wu, Xuesong Liu, Jianfu Zhao	https://doi.org/10.3390/pharmaceutics16091230	https://www.semanticscholar.org/paper/c25a8a6889899fae4a4daacb29da3bae1de3ac20	True	3	3	0	3	FLASH radiotherapy oxygen DNA damage repair mechanistic model	Radiation therapy is a cornerstone of prostate cancer (PCa) treatment. However, its limited tumor sensitivity and severe side effects restrict its clinical utility. Lentinan-functionalized selenium nanoparticles (LET-SeNPs) have shown promise in enhancing radiotherapy sensitivity and exhibiting antitumor activity. In this study, we investigated the radiotherapy sensitization mechanism of LET-SeNPs in PCa. Our results demonstrate that the combination of LET-SeNPs and X-ray therapy (4 Gy) significantly inhibited the growth and colony formation of PCa cells by inducing apoptosis, surpassing the effects of individual treatments. This combined approach modulated DNA damage through the p53, MAPK (mitogen-activated protein kinase), and AKT pathways. Furthermore, LET-SeNPs increased PC3 cell sensitivity to X-ray-induced apoptosis by downregulating TrxR (Thioredoxin reductase) expression and inducing reactive oxygen species (ROS) overproduction, thereby activating mitochondria-mediated apoptosis signaling pathways. Additionally, LET-SeNPs regulated PARP (poly (ADP-ribose) polymerase) to prevent DNA damage repair. In vivo studies confirmed that the combination treatment inhibited PCa growth by synergistically activating the p53 pathway to induce cell apoptosis. These findings highlight LET-SeNPs’ potential as a radiotherapy sensitizer and suggest that combining LET-SeNPs with X-ray therapy could be a promising strategy for clinical application, leveraging selenium-modified nanoparticles’ antitumor effects.
149	13.6	10.3324/haematol.2020.272898	Low-dose ionizing radiations leave scars on human hematopoietic stem and progenitor cells: the role of reactive oxygen species	2021	Haematologica	3	Masayuki Yamashita, T. Suda	https://haematologica.org/article/download/10129/72766	https://www.semanticscholar.org/paper/2586d5dd3b0e3089bc9b7c036e6a22867b2d129c	True	2	3	0	6	low dose ionizing radiation computational model DNA repair	After Röntgen’s discovery in 1895, an X-ray became a game changer in medicine. It was discovered as an invisible ray of light that passes through many objects, including human bodies, and visualizes the internal organs and structures as silhouettes. As now seen in medical radiography, such as chest X-rays and computed tomography (CT) scans, ionizing radiation (IR) has enabled investigation of deep tissues in humans that had been otherwise impossible without surgical intervention, contributing to the early detection and treatment of many diseases. However, as is often the case with new medicine, were shown to have a biohazard effect. They are identified as a type of IR: a stream of high energy photons that are strong enough to ionize atoms and disrupt molecular bonds in biomolecules, including DNA. As DNA encodes an essential blueprint of a cell, the DNA-damaging property of IR can be toxic. This effect, although used for killing cancer cells in radiotherapy, has raised concerns about the effect of IR on normal tissues and whether the benefits exceed the risks. Modern medicine relies heavily on radiography to assess human health. The annual doses of IR people receive are increasing. A recent study estimated that around 2% or 4,000,000 of the non-elderly adults in the US receive 20 milligray (mGy) or more per year due to medical requirements. Historically, risks associated with low-dose IR are considered to be almost negligible as it does not cause any acute toxicity, nor does it increase the risk of carcinogenesis, based on empirical linear fits of existing human data determined at high doses, such as those of Japanese atomic bomb survivors. Indeed, low-dose IR rarely induces DNA double strand breaks (DSB), which often cause mutations and are considered to be the most relevant lesion for the deleterious effects of IR. However, even though low-dose IR rarely cause DSB, they are reportedly less easy to repair than those induced by high-dose IR . Importantly, recent evidence suggests that cumulative doses of 50 mGy IR (doses equivalent to 5-10 brain CT scans when given in childhood) have longterm detrimental effects on human health, including a more than 3-fold increase in the risks of acute lymphoblastic leukemia and myelodysplastic syndrome. Furthermore, mouse studies demonstrate that low-dose IR affect function of long-lived tissue-specific stem cells, including hematopoietic stem cells (HSC). Thus, understanding the persistent effect of low-dose IR on human tissue-specific stem cells is of particular importance in precisely evaluating the risks posed by radiography on public health. In this issue of Haematologica, Henry et al. compared the effects of low and high doses of IR on hematopoietic stem and progenitor cells (HSPC) obtained from human umbilical cord blood (CB) (Figure 1). HSPC sustain themselves via self-renewing ability, and give rise to all of the blood lineage cells, such as innate and acquired immune cells, erythrocytes and platelets, through multi-lineage differentiation. They found that a single dose of 20 mGy IR is sufficient to impair the self-renewing capacity of CB HSPC. Intriguingly, this effect is independent of canonical DNA damage response (DDR), as a 20 mGy dose fails to induce DSB markers γH2AX and 53BP1 foci, or DDR hallmarks phospho-ATM and -p53, all of which are induced by a 2.5 Gy dose. Instead, the authors demonstrate that it is mediated by reactive oxygen species (ROS), a highly reactive oxygen byproduct mainly generated via the cell respiratory process of oxidative phosphorylation (OXPHOS) in mitochondria, and p38/MAPK14, a key enzyme that, upon elevation of ROS, sends a signal to HSPC to inhibit their self-renewing potential. Thus, the results of Henry et al. indicate that low-dose IR impair human CB HSPC function through ROS and p38/MAPK14, but not via canonical DDR via ATM or p53. The high sensitivity of HSC to elevated levels of ROS is well established, first in ATM deficiency and later in the contexts of other stress conditions. Similarly, p38/MAPK14 activation in response to ROS elevation is identified as a common downstream pathway responsible for impairment of self-renewal in HSC. In contrast, what In the article by Yamashita M and Suda T entitled “Low-dose X-rays leave scars on human hematopoietic stem and progenitor cells: the role of reactive oxygen species” published in Haematologica 2020;105(8):1986-1988:
150	13.5	10.1371/journal.pcbi.1000665	Predicted Functions of MdmX in Fine-Tuning the Response of p53 to DNA Damage	2010	PLoS Comput. Biol.	196	Sohyoung Kim, Mirit I. Aladjem, Geoffrey B. McFadden, Kurt W. Kohn	https://journals.plos.org/ploscompbiol/article/file?id=10.1371/journal.pcbi.1000665&type=printable	https://www.semanticscholar.org/paper/0aa11baa62e2aa7d5cf1a4d54dbace48af5af041	True	4	1	0	1	p53 radiation DNA damage response mathematical model	Tumor suppressor protein p53 is regulated by two structurally homologous proteins, Mdm2 and MdmX. In contrast to Mdm2, MdmX lacks ubiquitin ligase activity. Although the essential interactions of MdmX are known, it is not clear how they function to regulate p53. The regulation of tumor suppressor p53 by Mdm2 and MdmX in response to DNA damage was investigated by mathematical modeling of a simplified network. The simplified network model was derived from a detailed molecular interaction map (MIM) that exhibited four coherent DNA damage response pathways. The results suggest that MdmX may amplify or stabilize DNA damage-induced p53 responses via non-enzymatic interactions. Transient effects of MdmX are mediated by reservoirs of p53∶MdmX and Mdm2∶MdmX heterodimers, with MdmX buffering the concentrations of p53 and/or Mdm2. A survey of kinetic parameter space disclosed regions of switch-like behavior stemming from such reservoir-based transients. During an early response to DNA damage, MdmX positively or negatively regulated p53 activity, depending on the level of Mdm2; this led to amplification of p53 activity and switch-like response. During a late response to DNA damage, MdmX could dampen oscillations of p53 activity. A possible role of MdmX may be to dampen such oscillations that otherwise could produce erratic cell behavior. Our study suggests how MdmX may participate in the response of p53 to DNA damage either by increasing dependency of p53 on Mdm2 or by dampening oscillations of p53 activity and presents a model for experimental investigation.
151	13.5	10.1038/s41418-021-00898-6	Coordination between cell proliferation and apoptosis after DNA damage in Drosophila	2021	Cell Death and Differentiation	34	Mireya Ruiz-Losada, R. González, A. Peropadre, A. Gil-Gálvez, J. Tena, A. Baonza	https://www.nature.com/articles/s41418-021-00898-6.pdf	https://www.semanticscholar.org/paper/75eea8675a9166ffae9fab1e96236fee790070b3	True	2	1	0	3	radiation-induced DNA damage mechanistic model cell survival	Exposure to genotoxic stress promotes cell cycle arrest and DNA repair or apoptosis. These “life” or “death” cell fate decisions often rely on the activity of the tumor suppressor gene p53. Therefore, the precise regulation of p53 is essential to maintain tissue homeostasis and to prevent cancer development. However, how cell cycle progression has an impact on p53 cell fate decision-making is mostly unknown. In this work, we demonstrate that Drosophila p53 proapoptotic activity can be impacted by the G2/M kinase Cdk1. We find that cell cycle arrested or endocycle-induced cells are refractory to ionizing radiation-induced apoptosis. We show that p53 binding to the regulatory elements of the proapoptotic genes and its ability to activate their expression is compromised in experimentally arrested cells. Our results indicate that p53 genetically and physically interacts with Cdk1 and that p53 proapoptotic role is regulated by the cell cycle status of the cell. We propose a model in which cell cycle progression and p53 proapoptotic activity are molecularly connected to coordinate the appropriate response after DNA damage.
152	13.5	10.1038/s41419-023-05812-1	RETRACTED ARTICLE: Downregulation of the Rho GTPase pathway abrogates resistance to ionizing radiation in wild-type p53 glioblastoma by suppressing DNA repair mechanisms	2023	Cell Death and Disease	21	Y. Magalhães, V. Boell, G. D. Cardella, F. Forti	https://www.nature.com/articles/s41419-023-05812-1.pdf	https://www.semanticscholar.org/paper/1ddcf4b87f66b7fed5deb119d5a5c28de9a3ff12	True	2	1	0	3	microdosimetry nanodosimetry DNA damage repair model ionizing radiation	Glioblastoma (GBM), the most common aggressive brain tumor, is characterized by rapid cellular infiltration and is routinely treated with ionizing radiation (IR), but therapeutic resistance inevitably recurs. The actin cytoskeleton of glioblastoma cells provides their high invasiveness, but it remains unclear whether Rho GTPases modulate DNA damage repair and therapeutic sensitivity. Here, we irradiated glioblastoma cells with different p53 status and explored the effects of Rho pathway inhibition to elucidate how actin cytoskeleton disruption affects the DNA damage response and repair pathways. p53-wild-type and p53-mutant cells were subjected to Rho GTPase pathway modulation by treatment with C3 toxin; knockdown of mDia-1, PFN1 and MYPT1; or treatment with F-actin polymerization inhibitors. Rho inhibition increased the sensitivity of glioma cells to IR by increasing the number of DNA double-strand breaks and delaying DNA repair by nonhomologous end-joining in p53-wild-type cells. p53 knockdown reversed this phenotype by reducing p21 expression and Rho signaling activity, whereas reactivation of p53 in p53-mutant cells by treatment with PRIMA-1 reversed these effects. The interdependence between p53 and Rho is based on nuclear p53 translocation facilitated by G-actin and enhanced by IR. Isolated IR-resistant p53-wild-type cells showed an altered morphology and increased stress fiber formation: inhibition of Rho or actin polymerization decreased cell viability in a p53-dependent manner and reversed the resistance phenotype. p53 silencing reversed the Rho inhibition-induced sensitization of IR-resistant cells. Rho inhibition also impaired the repair of IR-damaged DNA in 3D spheroid models. Rho GTPase activity and actin cytoskeleton dynamics are sensitive targets for the reversal of acquired resistance in GBM tumors with wild-type p53.
153	13.5	10.1093/jrr/rrw110	Modeling cell survival and change in amount of DNA during protracted irradiation	2016	Journal of Radiation Research	18	Yusuke Matsuya, K. Tsutsumi, K. Sasaki, Y. Yoshii, T. Kimura, H. Date	https://academic.oup.com/jrr/article-pdf/58/3/302/31614923/rrw110.pdf	https://www.semanticscholar.org/paper/b97d4333d08f6dad747131e28325925e97d03f76	True	2	1	0	3	MEDRAS radiation DNA damage repair cell survival model	Abstract Hyper-radiosensitivity (HRS) is a well-known bioresponse under low-dose or low-dose-rate exposures. Although disorder of the DNA repair function, non-targeted effects and accumulation of cells in G2 have been experimentally observed, the mechanism for inducing HRS by long-term irradiation is still unclear. On the basis of biological experiments and a theoretical study, we have shown that change in the amount of DNA associated with accumulation of cells in G2 enhances radiosensitivity. To demonstrate continuous irradiation with 250 kVp X-rays, we adopted a fractionated regimen of 0.186 or 1.00 Gy per fraction at intervals of 1 h (i.e. 0.186 Gy/h, 1.00 Gy/h on average) to Chinese Hamster Ovary (CHO)-K1 cells. The change in the amount of DNA during irradiation was quantified by flow cytometric analysis with propidium iodide (PI). Concurrently, we attempted a theoretical evaluation of the DNA damage by using a microdosimetric-kinetic (MK) model that was modified to incorporate the change in the amount of DNA. Our experimental results showed that the fraction of the cells in G2/M phase increased by 6.7% with 0.186 Gy/h and by 22.1% with 1.00 Gy/h after the 12th irradiation. The MK model considering the change in amount of DNA during the irradiation exhibited a higher radiosensitivity at a high dose range, which could account for the experimental clonogenic survival. The theoretical results suggest that HRS in the high dose range is associated with an increase in the total amount of DNA during irradiation.
154	13.5	10.1093/jrr/rrae067	Luminal progenitor and mature cells are more susceptible than basal cells to radiation-induced DNA double-strand breaks in rat mammary tissue	2024	Journal of Radiation Research	4	K. Nagata, M. Nishimura, K. Daino, Y. Nishimura, Y. Hattori, R. Watanabe	https://doi.org/10.1093/jrr/rrae067	https://www.semanticscholar.org/paper/7055d183579b3b8d29d58fed171d5686655f7f6b	True	2	1	0	3	radiation DNA repair mathematical model simulation	Abstract Ionizing radiation promotes mammary carcinogenesis. Induction of DNA double-strand breaks (DSBs) is the initial event after radiation exposure, which can potentially lead to carcinogenesis, but the dynamics of DSB induction and repair are not well understood at the tissue level. In this study, we used female rats, which have been recognized as a useful experimental model for studying radiation effects on the mammary gland. We focused on differences in DSB kinetics among basal cells, luminal progenitor and mature cells in different parts of the mammary duct. 53BP1 foci were used as surrogate markers of DSBs, and 53BP1 foci in each mammary epithelial cell in immunostained tissue sections were counted 1–24 h after irradiation and fitted to an exponential function of time. Basal cells were identified as cytokeratin (CK) 14+ cells, luminal progenitor cells as CK8 + 18low cells and luminal mature cells as CK8 + 18high cells. The number of DSBs per nucleus tended to be higher in luminal cells than basal cells at 1 h post-irradiation. A model analysis indicated that basal cells in terminal end buds (TEBs), which constitute the leading edge of the mammary duct, had significantly fewer initial DSBs than the two types of luminal cells, and there was no significant difference in initial amount among the cell types in the subtending duct. The repair rate did not differ among mammary epithelial cell types or their locations. Thus, luminal progenitor and mature cells are more susceptible to radiation-induced DSBs than are basal cells in TEBs.
155	13.3	10.1038/ncomms12508	The tumour suppressor CYLD regulates the p53 DNA damage response	2016	Nature Communications	55	Vanesa Fernández-Majada, P. Welz, M. Ermolaeva, Michael J. Schell, Alexander C. Adam, Felix Dietlein	https://www.nature.com/articles/ncomms12508.pdf	https://www.semanticscholar.org/paper/232ebbc0ccce29bc9d22e2a87a79b82773f71592	True	3	2	0	1	p53 radiation DNA damage response mathematical model	The tumour suppressor CYLD is a deubiquitinase previously shown to inhibit NF-κB, MAP kinase and Wnt signalling. However, the tumour suppressing mechanisms of CYLD remain poorly understood. Here we show that loss of CYLD catalytic activity causes impaired DNA damage-induced p53 stabilization and activation in epithelial cells and sensitizes mice to chemical carcinogen-induced intestinal and skin tumorigenesis. Mechanistically, CYLD interacts with and deubiquitinates p53 facilitating its stabilization in response to genotoxic stress. Ubiquitin chain-restriction analysis provides evidence that CYLD removes K48 ubiquitin chains from p53 indirectly by cleaving K63 linkages, suggesting that p53 is decorated with complex K48/K63 chains. Moreover, CYLD deficiency also diminishes CEP-1/p53-dependent DNA damage-induced germ cell apoptosis in the nematode Caenorhabditis elegans. Collectively, our results identify CYLD as a deubiquitinase facilitating DNA damage-induced p53 activation and suggest that regulation of p53 responses to genotoxic stress contributes to the tumour suppressor function of CYLD. CYLD is a deubiquitinase known to act as a tumour suppressor in different models of carcinogenesis. Here, the authors show that CYLD suppresses carcinogen-induced tumorigenesis by deubiquitinating p53 and promoting its stabilization and activation in response to DNA damage.
156	13.3	10.3390/ijms24065118	Do We Preserve Tumor Control Probability (TCP) in FLASH Radiotherapy? A Model-Based Analysis	2023	International Journal of Molecular Sciences	7	H. Liew, S. Mein, T. Tessonnier, A. Abdollahi, J. Debus, I. Dokic	https://www.mdpi.com/1422-0067/24/6/5118/pdf?version=1678190144	https://www.semanticscholar.org/paper/e8504d0fac696523a098fde9df1ea496966ac6db	True	3	2	0	1	FLASH radiotherapy oxygen DNA damage repair mechanistic model	Reports of concurrent sparing of normal tissue and iso-effective treatment of tumors at ultra-high dose-rates (uHDR) have fueled the growing field of FLASH radiotherapy. However, iso-effectiveness in tumors is often deduced from the absence of a significant difference in their growth kinetics. In a model-based analysis, we investigate the meaningfulness of these indications for the clinical treatment outcome. The predictions of a previously benchmarked model of uHDR sparing in the “UNIfied and VERSatile bio response Engine” (UNIVERSE) are combined with existing models of tumor volume kinetics as well as tumor control probability (TCP) and compared to experimental data. The potential TCP of FLASH radiotherapy is investigated by varying the assumed dose-rate, fractionation schemes and oxygen concentration in the target. The developed framework describes the reported tumor growth kinetics appropriately, indicating that sparing effects could be present in the tumor but might be too small to be detected with the number of animals used. The TCP predictions show the possibility of substantial loss of treatment efficacy for FLASH radiotherapy depending on several variables, including the fractionation scheme, oxygen level, and DNA repair kinetics. The possible loss of TCP should be seriously considered when assessing the clinical viability of FLASH treatments.
157	13.3	10.3934/mbe.2024050	Mathematical modeling the gene mechanism of colorectal cancer and the effect of radiation exposure.	2024	Mathematical biosciences and engineering : MBE	1	Lingling Li, Yulu Hu, Xin Li, Tianhai Tian	https://doi.org/10.3934/mbe.2024050	https://www.semanticscholar.org/paper/ed15283b0cb5e2a9e38666d4b324d4ae4a172851	True	3	2	0	1	radiation bystander effect mathematical model low dose	Cancer is the result of continuous accumulation of gene mutations in normal cells. The number of mutations is different in different types of cancer and even in different patients with the same type of cancer. Therefore, studying all possible numbers of gene mutations in malignant cells is of great value for the understanding of tumorigenesis and the treatment of cancer. To this end, we applied a stochastic mathematical model considering the clonal expansion of any premalignant cells with different mutations to analyze the number of gene mutations in colorectal cancer. The age-specific colorectal cancer incidence rates from the Surveillance, Epidemiology and End Results (SEER) registry in the United States and the Life Span Study (LSS) in Nagasaki and Hiroshima, Japan are chosen to test the reasonableness of the model. Our fitting results indicate that the transformation from normal cells to malignant cells may undergo two to five driver mutations for colorectal cancer patients without radiation-exposed environment, two to four driver mutations for colorectal cancer patients with low level radiation-exposure, and two to three driver mutations for colorectal cancer patients with high level radiation-exposure. Furthermore, the net growth rate of the mutated cells with radiation-exposure was is higher than that of the mutated cells without radiation-exposure for the models with two to five driver mutations. These results suggest that radiation environment may affect the clonal expansion of cells and significantly affect the development of tumors.
158	13.2	10.3390/ijms21239130	Histone Variant H2A.J Marks Persistent DNA Damage and Triggers the Secretory Phenotype in Radiation-Induced Senescence	2020	International Journal of Molecular Sciences	49	Anna Isermann, C. Mann, C. Rübe	https://www.mdpi.com/1422-0067/21/23/9130/pdf?version=1606753917	https://www.semanticscholar.org/paper/7ede7192be339c0c053ee000d6c2a6891a5ebc79	True	2	2	0	4	radiation adaptive response mathematical model DNA damage	Irreparable double-strand breaks (DSBs) in response to ionizing radiation (IR) trigger prolonged DNA damage response (DDR) and induce premature senescence. Profound chromatin reorganization with formation of senescence-associated heterochromatin foci (SAHF) is an essential epigenetic mechanism for controlling the senescence-associated secretory phenotype (SASP). To decipher molecular mechanisms provoking continuous DDR leading to premature senescence, radiation-induced DSBs (53BP1-foci) and dynamics of histone variant H2A.J incorporation were analyzed together with chromatin re-modeling in human fibroblasts after IR exposure. High-resolution imaging by transmission electron microscopy revealed that persisting 53BP1-foci developed into DNA segments with chromatin alterations reinforcing senescence (DNA-SCARS), consistently located at the periphery of SAHFs. Quantitative immunogold-analysis by electron microscopy revealed that H2A.J, steadily co-localizing with 53BP1, is increasingly incorporated into DNA-SCARS during senescence progression. Strikingly, shRNA-mediated H2A.J depletion in fibroblasts modified senescence-associated chromatin re-structuring and abolished SASP, thereby shutting down the production of inflammatory mediators. These findings provide mechanistic insights into biological phenomena of SASP and suggest that H2A.J inhibition could ablate SASP, without affecting the senescence-associated growth arrest.
159	13.2	10.1158/1541-7786.mcr-21-0612	DNA-PK Inhibitor Peposertib Amplifies Radiation-Induced Inflammatory Micronucleation and Enhances TGFβ/PD-L1 Targeted Cancer Immunotherapy	2022	Molecular Cancer Research	28	Michael I. Carr, Li-Ya Chiu, Yige Guo, C. Xu, Adam S. Lazorchak, Huakui Yu	https://aacrjournals.org/mcr/article-pdf/20/4/568/3191393/568.pdf	https://www.semanticscholar.org/paper/a0e33fe93680b70c4ec09db6880e5586be2c1f49	True	2	2	0	4	cell survival radiation induced DSB repair kinetic model	Abstract Radiotherapy is the most widely used cancer treatment and improvements in its efficacy and safety are highly sought-after. Peposertib (also known as M3814), a potent and selective DNA-dependent protein kinase (DNA-PK) inhibitor, effectively suppresses the repair of radiation-induced DNA double-strand breaks (DSB) and regresses human xenograft tumors in preclinical models. Irradiated cancer cells devoid of p53 activity are especially sensitive to the DNA-PK inhibitor, as they lose a key cell-cycle checkpoint circuit and enter mitosis with unrepaired DSBs, leading to catastrophic consequences. Here, we show that inhibiting the repair of DSBs induced by ionizing radiation with peposertib offers a powerful new way for improving radiotherapy by simultaneously enhancing cancer cell killing and response to a bifunctional TGFβ “trap”/anti-PD-L1 cancer immunotherapy. By promoting chromosome misalignment and missegregation in p53-deficient cancer cells with unrepaired DSBs, DNA-PK inhibitor accelerated micronuclei formation, a key generator of cytosolic DNA and activator of cGAS/STING-dependent inflammatory signaling as it elevated PD-L1 expression in irradiated cancer cells. Triple combination of radiation, peposertib, and bintrafusp alfa, a fusion protein simultaneously inhibiting the profibrotic TGFβ and immunosuppressive PD-L1 pathways was superior to dual combinations and suggested a novel approach to more efficacious radioimmunotherapy of cancer. Implications: Selective inhibition of DNA-PK in irradiated cancer cells enhances inflammatory signaling and activity of dual TGFβ/PD-L1 targeted therapy and may offer a more efficacious combination option for the treatment of locally advanced solid tumors.
160	13.2	10.3389/fpls.2023.1087070	Application of ionizing radiation as an elicitor to enhance the growth and metabolic activities in Chlamydomonas reinhardtii	2023	Frontiers in Plant Science	8	Jin-Hong Kim, Shubham Dubey, Kwon Hwangbo, B. Chung, Seung Sik Lee, Sungbeom Lee	https://www.frontiersin.org/articles/10.3389/fpls.2023.1087070/pdf	https://www.semanticscholar.org/paper/d62db640cf200c1e4b36e2991d1a8a4248fd88e9	True	2	2	0	4	low dose ionizing radiation computational model DNA repair	Chlamydomonas reinhardtii is a eukaryotic, unicellular photosynthetic organism and a potential algal platform for producing biomass and recombinant proteins for industrial use. Ionizing radiation is a potent genotoxic and mutagenic agent used for algal mutation breeding that induces various DNA damage and repair responses. In this study, however, we explored the counterintuitive bioeffects of ionizing radiation, such as X- and γ-rays, and its potential as an elicitor to facilitate batch or fed-batch cultivation of Chlamydomonas cells. A certain dose range of X- and γ-rays was shown to stimulate the growth and metabolite production of Chlamydomonas cells. X- or γ-irradiation with relatively low doses below 10 Gy substantially increased chlorophyll, protein, starch, and lipid content as well as growth and photosynthetic activity in Chlamydomonas cells without inducing apoptotic cell death. Transcriptome analysis demonstrated the radiation-induced changes in DNA damage response (DDR) and various metabolic pathways with the dose-dependent expression of some DDR genes, such as CrRPA30, CrFEN1, CrKU, CrRAD51, CrOASTL2, CrGST2, and CrRPA70A. However, the overall transcriptomic changes were not causally associated with growth stimulation and/or enhanced metabolic activities. Nevertheless, the radiation-induced growth stimulation was strongly enhanced by repetitive X-irradiation and/or subsequent cultivation with an inorganic carbon source, i.e., NaHCO3, but was significantly inhibited by treatment of ascorbic acid, a scavenger of reactive oxygen species (ROS). The optimal dose range of X-irradiation for growth stimulation differed by genotype and radiation sensitivity. Here, we suggest that ionizing radiation within a certain dose range determined by genotype-dependent radiation sensitivity could induce growth stimulation and enhance metabolic activities, including photosynthesis, chlorophyll, protein, starch, and lipid synthesis in Chlamydomonas cells via ROS signaling. The counterintuitive benefits of a genotoxic and abiotic stress factor, i.e., ionizing radiation, in a unicellular algal organism, i.e., Chlamydomonas, may be explained by epigenetic stress memory or priming effects associated with ROS-mediated metabolic remodeling.
161	13.2	10.1016/j.omtn.2021.12.002	Pre-mRNA processing factor 19 functions in DNA damage repair and radioresistance by modulating cyclin D1 in hepatocellular carcinoma	2021	Molecular Therapy: Nucleic Acids	7	Xiangnan Yu, Guang-Cong Zhang, Hai-Ning Liu, Jin-Min Zhu, Tao-Tao Liu, Guang-Qi Song	http://www.cell.com/article/S216225312100305X/pdf	https://www.semanticscholar.org/paper/2d12b25ded09bf2ce792bd36356f3acfcaef2246	True	2	2	0	4	microdosimetry nanodosimetry DNA damage repair model ionizing radiation	Pre-mRNA processing factor 19 (PRP19) is elevated in hepatocellular carcinoma (HCC); however, little is known about its function in DNA damage repair in HCC. In this study, analysis of The Cancer Genome Atlas data and our tumor models after ionizing radiation (IR) treatment indicated that increased expression of PRP19 was positively correlated with DNA damage repair. Gain of PRP19 expression induced by plasmids resulted in decreases in apoptosis and double-strand breaks (DSBs), and an increase in cell survival after IR. Loss of PRP19 expression induced by small interfering RNAs resulted in the accumulation of apoptosis and DSBs, and a decrease in cell survival. Mechanistically, the effect of PRP19 on DNA damage repair was mediated by the modulation of cyclin D1 expression in HCC. PRP19 controlled the translation of cyclin D1 by modulating eukaryotic initiation factor 4E. PRP19 affected the DNA damage repair ability of cyclin D1 by interacting with the WD40 domain. The combination of PRP19 and cyclin D1 was more valuable than each single marker for predicting the prognosis of patients. Taken together, the present results demonstrate that PRP19 promotes DNA damage repair by modulating cyclin D1 expression and function, thereby contributing to the radioresistance in HCC.
162	13.1	10.1073/pnas.0501352102	A plausible model for the digital response of p53 to DNA damage.	2005	Proceedings of the National Academy of Sciences of the United States of America	364	Lan Ma, John Wagner, J. Rice, Wenwei Hu, A. Levine, G. Stolovitzky	https://www.pnas.org/doi/pdf/10.1073/pnas.0501352102	https://www.semanticscholar.org/paper/e5a30535ad87020cc8710430c937471334c0b694	True	2	0	0	1	p53 radiation DNA damage response mathematical model	
163	13.0	10.1038/ncomms9477	Acute DNA Damage Activates the Tumor Suppressor p53 to Promote Radiation-induced Lymphoma	2015	Nature Communications	49	Chang-Lung Lee, K. D. Castle, E. Moding, Jordan M. Blum, Nerissa T. Williams, Lixia Luo	https://www.nature.com/articles/ncomms9477.pdf	https://www.semanticscholar.org/paper/ecccd9ac75b0d370a4cde361b5a598938fd0845a	True	3	3	0	2	radiation-induced DNA damage mechanistic model cell survival	Genotoxic cancer therapies, such as chemoradiation, cause haematological toxicity primarily by activating the tumour suppressor p53. While inhibiting p53-mediated cell death during cancer therapy ameliorates haematologic toxicity, whether it also impacts carcinogenesis remains unclear. Here we utilize a mouse model of inducible p53 short hairpin RNA (shRNA) to show that temporarily blocking p53 during total-body irradiation (TBI) not only ameliorates acute toxicity, but also improves long-term survival by preventing lymphoma development. Using KrasLA1 mice, we show that TBI promotes the expansion of a rare population of thymocytes that express oncogenic KrasG12D. However, blocking p53 during TBI significantly suppresses the expansion of KrasG12D-expressing thymocytes. Mechanistically, bone marrow transplant experiments demonstrate that TBI activates p53 to decrease the ability of bone marrow cells to suppress lymphoma development through a non-cell-autonomous mechanism. Together, our results demonstrate that the p53 response to acute DNA damage promotes the development of radiation-induced lymphoma. p53 can be activated by oncogenic stress to suppress tumourigenesis, but its role in radiation carcinogenesis has not been studied in p53 wild-type mice. Here, Lee et al. show that knocking down p53 during total-body irradiation not only reduces acute toxicity, but prevents the formation of radiation-induced lymphoma.
164	13.0	10.1093/jrr/rraa118	Impact of lifetime attributable risk of radiation-induced secondary cancer in proton craniospinal irradiation with vertebral-body-sparing for young pediatric patients with medulloblastoma	2020	Journal of Radiation Research	5	S. Suzuki, T. Kato, M. Murakami	https://academic.oup.com/jrr/article-pdf/62/2/186/36685491/rraa118.pdf	https://www.semanticscholar.org/paper/5800d3356f5fb8860f40df62284c995c12deadd6	True	3	3	0	2	systems biology model radiation induced cancer low dose	Abstract We used the method proposed by Schneider et al. Theor Biol Med Model 2011;8:27, to clarify how the radiation-induced secondary cancer incidence rate changes in patients after proton craniospinal irradiation (CSI) without and with vertebral-body-sparing (VBS). Eight patients aged 3–15 years who underwent proton CSI were enrolled in the study. For each case, two types of plan without and with VBS in the target were compared. The prescribed doses were assumed to be 23.4 Gy relative biological effectiveness (RBE) and 36 Gy (RBE). Using the dose–volume histograms of the two plans, the lifetime attributable risk (LAR) was calculated by both methods for each patient based on the dose data calculated using an XiO-M treatment planning system. Eight organs were analyzed as follows: lung, colon, stomach, small intestine, liver, bladder, thyroid and bone. When the prescribed dose used was 23.4 Gy (RBE), the average LAR differences and the average number needed to treat (NNT) between proton CSI without and with VBS were 4.04 and 24.8, respectively, whereas the average LAR difference and the average NNT were larger at 8.65 and 11.6, respectively, when the prescribed dose of 36 Gy (RBE) was used. The LAR for radiation-induced secondary cancer was significantly lower in proton CSI with VBS than without VBS in pediatric patients, especially for the colon, lung, stomach and thyroid. The results of this study could serve as reference data when considering how much of vertebral bodies should be included when performing proton CSI according to age in clinical settings.
165	12.9	10.1016/j.canlet.2019.02.038	Combination treatment of resveratrol and capsaicin radiosensitizes pancreatic tumor cells by unbalancing DNA repair response to radiotherapy towards cell death.	2019	Cancer Letters	38	V. Vendrely, S. Amintas, Cécile Noel, I. Moranvillier, I. Lamrissi, B. Rousseau	https://www.sciencedirect.com/science/article/am/pii/S0304383519301247	https://www.semanticscholar.org/paper/bde0a726bf9794ec9859f055ca9c336890a86ee5	True	2	3	0	5	FLASH radiotherapy oxygen DNA damage repair mechanistic model	Pancreatic ductal adenocarcinoma (PDAC) remains one of the deadliest cancers because it is highly resistant to every available therapeutic strategy, in particular conventional chemotherapy or radiotherapy (RT). Sensitizing tumor cells to existing treatments remains a good option to obtain fast and applicable results. Considering that ionizing radiations induce radiolysis-derived reactive oxygen species (ROS), we hypothesized that ROS-inducing bioactive food components (BFCs) could exacerbate ROS-related cell damages, including DNA double stranded breaks (DSBs), leaving the cellular ROS scavenging systems overwhelmed, and precipitating tumor cell death. Combination of resveratrol and capsaicin radiosensitized radiosensitive tumor cells, but RT did not increase BFC combination toxicity in radioresistant tumor cells. BFC addition to RT increased ROS production and led to significant tumor volume reduction in xenografted mouse preclinical model. Strikingly, BFCs inhibited RT-induced DNA damage molecular response by strongly limiting the first steps of DSB repair, and by keeping cells in cell cycle, provoking exacerbated intrinsic apoptosis. This study positions BFCs as potent radiosensitizers when combined, and identifies an actionable molecular pathway by resveratrol and capsaicin combination.
166	12.9	10.1186/s13046-021-02009-2	Nuclear Transglutaminase 2 interacts with topoisomerase II⍺ to promote DNA damage repair in lung cancer cells	2021	Journal of experimental & clinical cancer research : CR	18	Xiao Lei, Kun Cao, Yuanyuan Chen, Hui Shen, Zhe Liu, Hongran Qin	https://jeccr.biomedcentral.com/counter/pdf/10.1186/s13046-021-02009-2	https://www.semanticscholar.org/paper/5d7885c0fd528ce200d170085176e301434755aa	True	2	3	0	5	microdosimetry nanodosimetry DNA damage repair model ionizing radiation	To block repairs of DNA damages, especially the DNA double strand break (DSB) repair, can be used to induce cancer cell death. DSB repair depends on a sequential activation of DNA repair factors that may be potentially targeted for clinical cancer therapy. Up to now, many protein components of DSB repair complex remain unclear or poorly characterized. In this study, we discovered that Transglutaminase 2 (TG2) acted as a new component of DSB repair complex. A bioinformatic analysis was performed to identify DNA damage relative genes from dataset from The Cancer Genome Atlas. Immunofluorescence and confocal microscopy were used to monitor the protein localization and recruitment kinetics. Furthermore, immunoprecipitation and mass spectrometry analysis were performed to determine protein interaction of both full-length and fragments or mutants in distinct domain. In situ lung cancer model was used to study the effects cancer therapy in vivo. After DSB induction, cytoplasmic TG2 was extensively mobilized and translocated into nucleus after phosphorylated at T162 site by DNA-PKcs. Nuclear TG2 quickly accumulated at DSB sites and directly interacting with Topoisomerase IIα (TOPOIIα) with its TGase domain to promote DSB repair. TG2 deficient cells lost capacity of DSB repair and become susceptible to ionizing radiation. Specific inhibition of TG2-TOPOIIα interaction by glucosamine also significantly inhibited DSB repair, which increased sensitivity in lung cancer cells and engrafted lung cancers. These findings elucidate new mechanism of TG2 in DSB repair trough directly interacting with TOPOIIα, inhibition of which provided potential target for overcoming cancer resistance.
167	12.8	10.1371/journal.pcbi.1000539	A Model of Cardiovascular Disease Giving a Plausible Mechanism for the Effect of Fractionated Low-Dose Ionizing Radiation Exposure	2009	PLoS Comput. Biol.	80	M. Little, A. Gola, I. Tzoulaki	https://journals.plos.org/ploscompbiol/article/file?id=10.1371/journal.pcbi.1000539&type=printable	https://www.semanticscholar.org/paper/13924c1ca1843f35c8ca8ee11c1de5ed74b313b4	True	2	1	0	2	radiation bystander effect mathematical model low dose	Atherosclerosis is the main cause of coronary heart disease and stroke, the two major causes of death in developed society. There is emerging evidence of excess risk of cardiovascular disease at low radiation doses in various occupationally exposed groups receiving small daily radiation doses. Assuming that they are causal, the mechanisms for effects of chronic fractionated radiation exposures on cardiovascular disease are unclear. We outline a spatial reaction-diffusion model for atherosclerosis and perform stability analysis, based wherever possible on human data. We show that a predicted consequence of multiple small radiation doses is to cause mean chemo-attractant (MCP-1) concentration to increase linearly with cumulative dose. The main driver for the increase in MCP-1 is monocyte death, and consequent reduction in MCP-1 degradation. The radiation-induced risks predicted by the model are quantitatively consistent with those observed in a number of occupationally-exposed groups. The changes in equilibrium MCP-1 concentrations with low density lipoprotein cholesterol concentration are also consistent with experimental and epidemiologic data. This proposed mechanism would be experimentally testable. If true, it also has substantive implications for radiological protection, which at present does not take cardiovascular disease into account. The Japanese A-bomb survivor data implies that cardiovascular disease and cancer mortality contribute similarly to radiogenic risk. The major uncertainty in assessing the low-dose risk of cardiovascular disease is the shape of the dose response relationship, which is unclear in the Japanese data. The analysis of the present paper suggests that linear extrapolation would be appropriate for this endpoint.
168	12.8	10.1007/s11538-021-00868-6	ATM and ATR activation through crosstalk between DNA damage response pathways	2021	Bulletin of Mathematical Biology	21	Elizabeth A. Fedak, F. Adler, Lisa M. Abegglen, J. Schiffman	https://www.ncbi.nlm.nih.gov/pmc/articles/PMC8051223	https://www.semanticscholar.org/paper/442795d5561edf008ab75c1b382e5fe77b74e2d0	True	2	1	0	2	radiation adaptive response mathematical model DNA damage	Cells losing the ability to self-regulate in response to damage are a hallmark of cancer. When a cell encounters damage, regulatory pathways estimate the severity of damage and promote repair, cell cycle arrest, or apoptosis. This decision-making process would be remarkable if it were based on the total amount of damage in the cell, but because damage detection pathways vary in the rate and intensity with which they promote pro-apoptotic factors, the cell’s real challenge is to reconcile dissimilar signals. Crosstalk between repair pathways, crosstalk between pro-apoptotic signaling kinases, and signals induced by damage by-products complicate the process further. The cell’s response to γ\documentclass[12pt]{minimal} \usepackage{amsmath} \usepackage{wasysym} \usepackage{amsfonts} \usepackage{amssymb} \usepackage{amsbsy} \usepackage{mathrsfs} \usepackage{upgreek} \setlength{\oddsidemargin}{-69pt} \begin{document}$$\gamma $$\end{document} and UV radiation neatly illustrates this concept. While these forms of radiation produce lesions associated with two different pro-apoptotic signaling kinases, ATM and ATR, recent experiments show that ATM and ATR react to both forms of radiation. To simulate the pro-apoptotic signal induced by γ\documentclass[12pt]{minimal} \usepackage{amsmath} \usepackage{wasysym} \usepackage{amsfonts} \usepackage{amssymb} \usepackage{amsbsy} \usepackage{mathrsfs} \usepackage{upgreek} \setlength{\oddsidemargin}{-69pt} \begin{document}$$\gamma $$\end{document} and UV radiation, we construct a mathematical model that includes three modes of crosstalk between ATM and ATR signaling pathways: positive feedback between ATM/ATR and repair proteins, ATM and ATR mutual upregulation, and changes in lesion topology induced by replication stress or repair. We calibrate the model to agree with 21 experimental claims about ATM and ATR crosstalk. We alter the model by adding or removing specific processes and then examine the effects of each process on ATM/ATR crosstalk by recording which claims the altered model violates. Not only is this the first mathematical model of ATM/ATR crosstalk, it provides a strong argument for treating pro-apoptotic signaling as a holistic effort rather than attributing it to a single dominant kinase.
169	12.8	10.1016/j.jbc.2023.104679	The interplay of 3D genome organization with UV-induced DNA damage and repair	2023	Journal of Biological Chemistry	7	Ümit Akköse, Ogun Adebali	http://www.jbc.org/article/S0021925823003216/pdf	https://www.semanticscholar.org/paper/2444df156696f9bcc578ce4a435aa94f4c049357	True	2	1	0	2	Geant4-DNA DNA damage repair simulation radiation biology	The 3D organization of the eukaryotic genome is crucial for various cellular processes such as gene expression and epigenetic regulation, as well as for maintaining genome integrity. However, the interplay between UV-induced DNA damage and repair with the 3D structure of the genome is not well understood. Here, we used state-of-the-art Hi-C, Damage-seq, and XR-seq datasets and in silico simulations to investigate the synergistic effects of UV damage and 3D genome organization. Our findings demonstrate that the peripheral 3D organization of the genome shields the central regions of genomic DNA from UV-induced damage. Additionally, we observed that potential damage sites of pyrimidine-pyrimidone (6-4) photoproducts are more prevalent in the nucleus center, possibly indicating an evolutionary pressure against those sites at the periphery. Interestingly, we found no correlation between repair efficiency and 3D structure after 12 min of irradiation, suggesting that UV radiation alters the genome's 3D organization in a short period of time. Interestingly, however, 2 h after UV induction, we observed more efficient repair levels in the center of the nucleus relative to the periphery. These results have implications for understanding the etiology of cancer and other diseases, as the interplay between UV radiation and the 3D genome may play a role in the development of genetic mutations and genomic instability.
170	12.8	10.1016/j.ejmp.2024.104871	Simulation of cell cycle effects on DNA strand break induction due to α-particles.	2024	Physica medica (Testo stampato)	3	L. Ballisat, C. De Sio, L. Beck, Anna L. Chambers, M. Dillingham, S. Guatelli	https://doi.org/10.1016/j.ejmp.2024.104871	https://www.semanticscholar.org/paper/bc879dfc69c9eace0ac879056c292ad1541aca96	True	2	1	0	2	Geant4-DNA DNA damage repair simulation radiation biology	PURPOSE Understanding cell cycle variations in radiosensitivity is important for α-particle therapies. Differences are due to both repair response mechanisms and the quantity of initial radiation-induced DNA strand breaks. Genome compaction within the nucleus has been shown to impact the yield of strand breaks. Compaction changes during the cell cycle are therefore likely to contribute to radiosensitivity differences. Simulation allows the strand break yield to be calculated independently of repair mechanisms which would be challenging experimentally.   METHODS Using Geant4 the impact of genome compaction changes on strand break induction due to α-particles was simulated. Genome compaction is considered to be described by three metrics: global base pair density, chromatin fibre packing fraction and chromosome condensation. Nuclei in the G1, S, G2 and M phases from two cancer cell lines and one normal cell line are simulated. Repair mechanisms are not considered to study only the impact of genome compaction changes.   RESULTS The three compaction metrics have differing effects on the strand break yield. For all cell lines the strand break yield is greatest in G2 cells and least in G1 cells. More strand breaks are induced in the two cancer cell lines than in the normal cell line.   CONCLUSIONS Compaction of the genome affects the initial yield of strand breaks. Some radiosensitivity differences between cell lines can be attributed to genome compaction changes between the phases of the cell cycle. This study provides a basis for further analysis of how repair deficiencies impact radiation-induced lethality in normal and malignant cells.
171	12.8	10.3390/radiation4010006	Calculations of the Radiation Dose for the Maximum Hormesis Effect	2024	Radiation	2	Katsuhito Kino	https://www.mdpi.com/2673-592X/4/1/6/pdf?version=1709278352	https://www.semanticscholar.org/paper/ed09a5dba85724191826ea7df50b97a3345ace3c	True	2	1	0	2	radiation bystander effect mathematical model low dose	To date, the radiation-adaptive response has been reported as a low-dose-related phenomenon and has been associated with radiation hormesis. Well-known cancers are caused by non-radiation active reactants, in addition to radiation. A model of suppression for radiation-specific cancers was previously reported, but the model did not target radiation-nonspecific cancers. In this paper, we describe kinetic models of radiation-induced suppressors for general radiation non-specific cancers, estimating the dose M that induces the maximum hormesis effect while satisfying the condition that the risk is approximately proportional to a dose above NOAEL (No Observed Adverse Effect Level). The radiation hormesis effect is maximal when the rate constant for generation of a risk-reducing factor is the same as the rate constant for its decomposition. When the two rate constants are different, the dose M at which the radiation hormesis effect is maximized depends on both rate constants, but the dose M increases as the two rate constants approach each other, reaching a maximum dose. The theory proposed in this paper can only explain existing experiments with extremely short error bar lengths. This theory may lead to the discovery of unknown risk-reducing factor at low doses and the development of risk-reducing methods in the future.
172	12.5	10.18632/oncotarget.5075	Acceleration of atherogenesis in ApoE−/− mice exposed to acute or low-dose-rate ionizing radiation	2015	OncoTarget	52	M. Mancuso, E. Pasquali, Ignacia Braga-Tanaka, S. Tanaka, A. Pannicelli, P. Giardullo	http://www.oncotarget.com/index.php?journal=oncotarget&page=article&op=view&path%5B%5D=5075&path%5B%5D=14116	https://www.semanticscholar.org/paper/88b77438dd335cb3d7271d009eee655a0b85230d	True	2	2	0	3	radiation carcinogenesis computational model low dose ionizing radiation	There is epidemiological evidence for increased non-cancer mortality, primarily due to circulatory diseases after radiation exposure above 0.5 Sv. We evaluated the effects of chronic low-dose rate versus acute exposures in a murine model of spontaneous atherogenesis. Female ApoE−/− mice (60 days) were chronically irradiated for 300 days with gamma rays at two different dose rates (1 mGy/day; 20 mGy/day), with total accumulated doses of 0.3 or 6 Gy. For comparison, age-matched ApoE−/− females were acutely exposed to the same doses and sacrificed 300 days post-irradiation. Mice acutely exposed to 0.3 or 6 Gy showed increased atherogenesis compared to age-matched controls, and this effect was persistent. When the same doses were delivered at low dose rate over 300 days, we again observed a significant impact on global development of atherosclerosis, although at 0.3 Gy effects were limited to the descending thoracic aorta. Our data suggest that a moderate dose of 0.3 Gy can have persistent detrimental effects on the cardiovascular system, and that a high dose of 6 Gy poses high risks at both high and low dose rates. Our results were clearly nonlinear with dose, suggesting that lower doses may be more damaging than predicted by a linear dose response.
173	12.5	10.1038/sj.bjc.6605135	Implication of replicative stress-related stem cell ageing in radiation-induced murine leukaemia	2009	British Journal of Cancer	26	N. Ban, M. Kai	https://www.nature.com/articles/6605135.pdf	https://www.semanticscholar.org/paper/0fc5a1de0689388dec0dcb19b5069a7bf791de1b	True	4	3	1	1	radiation DNA repair mathematical model simulation	Background:The essential aetiology of radiation-induced acute myeloid leukaemia (AML) in mice is the downregulation of the transcription factor PU.1. The causative mutation of the PU.1-endocing Sfpi1 gene consists mostly of C:G to T:A transitions at a CpG site and is likely to be of spontaneous origin. To work out a mechanism underlying the association between radiation exposure and the AML induction, we have hypothesised that replicative stress after irradiation accelerates the ageing of haematopoietic stem cells (HSCs), and the ageing-related decline in DNA repair could affect the spontaneous mutation rates.Methods:Mathematical model analysis was conducted to examine whether and to what extent the cell kinetics of HSCs can be modified after irradiation. The haematopoietic differentiation process is expressed as a mathematical model and the cell-kinetics parameters were estimated by fitting the simulation result to the assay data.Results:The analysis revealed that HSCs cycle vigourously for more than a few months after irradiation. The estimated number of cell divisions per surviving HSC in 3 Gy-exposed mice reached as high as ten times that of the unexposed.Interpretation:The mitotic load after 3 Gy irradiation seems to be heavy enough to accelerate the ageing of HSCs and the hypothesis reasonably explains the leukaemogenic process.
174	12.5	10.1007/s10565-017-9394-9	Analysis of DNA-damage response to ionizing radiation in serum-shock synchronized human fibroblasts	2017	Cell Biology and Toxicology	11	Samantha Corrà, Riccardo Salvadori, L. Bee, V. Barbieri, M. Mognato	https://link.springer.com/content/pdf/10.1007%2Fs10565-017-9394-9.pdf	https://www.semanticscholar.org/paper/a78547040fc09d08427ef57e44da7f4d0dcaf00b	True	2	2	0	3	MEDRAS radiation DNA damage repair cell survival model	Many aspects of cellular physiology, including cellular response to genotoxic stress, are related to the circadian rhythmicity induced by the molecular clock. The current study investigated if the cellular response to DNA damage is in relation to endogenous expression levels of the PER2 protein, a key component of the molecular regulatory system that confers rhythmicity in mammalian cells. Human normal fibroblasts (CCD-34Lu) were subjected to serum shock to induce circadian oscillations of the PER2 protein and then irradiated with γ- rays at times corresponding to the trough and peak expression of the PER2 protein. To better examine cellular response to DNA damage, the experiments performed in this study were carried out in non-proliferating CCD-34Lu fibroblasts in order to maintain the cell and circadian cycles separated while they were being exposed to genotoxic stress. Study results demonstrated that clonogenic cell survival, double-strand break repair kinetics, and TP53 protein levels were affected in the cells irradiated at the trough than in those irradiated at peak expression of the PER2 protein.
175	12.5	10.1016/j.tranon.2020.100898	Dynamic differences between DNA damage repair responses in primary tumors and cell lines	2020	Translational Oncology	9	C. Gilbreath, Shihong Ma, Lan Yu, R. Sonavane, Carlos M Roggero, A. Devineni	https://doi.org/10.1016/j.tranon.2020.100898	https://www.semanticscholar.org/paper/34370603e7f3a291536e1dd5dea63a9e02723028	True	2	2	0	3	microdosimetry nanodosimetry DNA damage repair model ionizing radiation	The study of DNA damage repair response (DDR) in prostate cancer is restricted by the limited number of prostate cancer cell lines and lack of surrogates for heterogeneity in clinical samples. Here, we sought to leverage our experience with patient derived explants (PDEs) cultured ex vivo to study dynamics of DDR in primary tumors following application of clinically relevant doses of ionizing radiation (IR) to tumor cells in their native 3-dimensional microenvironment. We compared DDR dynamics between prostate cancer cell lines, PDEs and xenograft derived explants (XDEs) following treatment with IR (2Gy) either alone or in combination with pharmacological modulators of DDR. We have shown that following treatment with 2Gy, DDR can be consistently detected in PDEs from multiple solid tumors, including prostate, kidney, testes, lung and breast, as evidenced by γ-H2AX, 53BP1, phospho-ATM and phospho-DNA-PKcs foci. By examining kinetics of resolution of IR-induced foci, we have shown that DDR in prostate PDEs (complete resolution in 8 h) is much faster than in prostate cancer cell lines (<50% resolution in 8 h). The transcriptional profile of DDR genes following 2Gy IR appears to be distinct between PDEs and cell lines. Pre-treatment with drugs targeting DDR pathways differentially alter the kinetics of DDR in the PDEs and cell lines, as evidenced by altered kinetics of foci resolution. This study highlights the utility of PDEs as a robust model system for short-term evaluation of DDR in primary solid tumors in clinically relevant microenvironment.
176	12.5	10.1186/s10020-024-00984-8	USP15 regulates radiation-induced DNA damage and intestinal injury through K48-linked deubiquitination and stabilisation of ATM	2024	Molecular Medicine	7	Ruiqiu Zhu, Mingyue Li, Di-Fan Wang, Chengzhi Liu, L. Xie, Yinyin Yang	https://doi.org/10.1186/s10020-024-00984-8	https://www.semanticscholar.org/paper/e94adc3f44bf15153835e17858f5e5d7ac9f3710	True	2	2	0	3	radiation quality factor biological effectiveness model DNA damage	Radiation-induced intestinal injury (RIII) interrupts the scheduled processes of abdominal and pelvic radiotherapy (RT) and compromises the quality of life of cancer survivors. However, the specific regulators and mechanisms underlying the effects of RIII remain unknown. The biological effects of RT are caused primarily by DNA damage, and ataxia telangiectasia mutated (ATM) is a core protein of the DNA damage response (DDR). However, whether ATM is regulated by deubiquitination signaling remains unclear. We established animal and cellular models of RIII. The effects of ubiquitin-specific protease 15 (USP15) on DNA damage and radion-induced intestinal injury were evaluated. Mass spectrometry analysis, truncation tests, and immunoprecipitation were used to identify USP15 as a binding partner of ATM and to investigate the ubiquitination of ATM. Finally, the relationship between the USP15/ATM axes was further determined via subsequent experiments. In this study, we identified the deubiquitylating enzyme USP15 as a regulator of DNA damage and the pathological progression of RIII. Irradiation upregulates the expression of USP15, whereas pharmacological inhibition of USP15 exacerbates radiation-induced DNA damage and RIII both in vivo and in vitro. Mechanistically, USP15 interacts with, deubiquitinates, and stabilises ATM via K48-linked deubiquitination. Notably, ATM overexpression blocks the effect of USP15 genetic inhibition on DNA damage and RIII progression. These findings describe ATM as a novel deubiquitination target of USP15 upon radiation-induced DNA damage and intestinal injury, and provides experimental support for USP15/ATM axis as a potential target for developing strategies that mitigate RIII.
177	12.5	10.1093/jrr/rrae071	Exploring the LET dependence of DNA DSB repair kinetics using the DR DNA database	2024	Journal of Radiation Research	0	W. E. Radstake, Alessio Parisi, Janet M. Denbeigh, Chris J. Beltran, K. Furutani	https://doi.org/10.1093/jrr/rrae071	https://www.semanticscholar.org/paper/44794cc81f964c39123638f115c3bf0fbc312d15	True	2	0	1	3	radiation DNA repair mathematical model simulation	Abstract The repair of DNA double-strand breaks is a crucial yet delicate process which is affected by a multitude of factors. In this study, our goal is to analyse the influence of the linear energy transfer (LET) on the DNA repair kinetics. By utilizing the database of repair of DNA and aggregating the results of 84 experiments, we conduct various model fits to evaluate and compare different hypothesis regarding the effect of LET on the rejoining of DNA ends. Despite the considerable research efforts dedicated to this topic over the past decades, our findings underscore the complexity of the relationship between LET and DNA repair kinetics. This study leverages big data analysis to capture overall trends that single experimental studies might miss, providing a valuable model for understanding how radiation quality impacts DNA damage and subsequent biological effects. Our results highlight the gaps in our current understanding, emphasizing the pressing need for further investigation into this phenomenon.
178	12.3	10.1371/journal.pone.0054526	A Kinetic-Based Model of Radiation-Induced Intercellular Signalling	2013	PLoS ONE	65	S. McMahon, K. Butterworth, Colman Trainor, C. McGarry, J. O’Sullivan, G. Schettino	https://journals.plos.org/plosone/article/file?id=10.1371/journal.pone.0054526&type=printable	https://www.semanticscholar.org/paper/216d94dc0d012259fc05b3d9085da697fa11b86b	True	3	3	0	1	cell survival radiation induced DSB repair kinetic model	It is now widely accepted that intercellular communication can cause significant variations in cellular responses to genotoxic stress. The radiation-induced bystander effect is a prime example of this effect, where cells shielded from radiation exposure see a significant reduction in survival when cultured with irradiated cells. However, there is a lack of robust, quantitative models of this effect which are widely applicable. In this work, we present a novel mathematical model of radiation-induced intercellular signalling which incorporates signal production and response kinetics together with the effects of direct irradiation, and test it against published data sets, including modulated field exposures. This model suggests that these so-called “bystander” effects play a significant role in determining cellular survival, even in directly irradiated populations, meaning that the inclusion of intercellular communication may be essential to produce robust models of radio-biological outcomes in clinically relevant in vivo situations.
179	12.2	10.1126/scitranslmed.aaq1427	IDH1-R132H acts as a tumor suppressor in glioma via epigenetic upregulation of the DNA damage response	2019	Science Translational Medicine	213	F. Núñez, Flor M. Mendez, Padma Kadiyala, Mahmoud S. Alghamri, M. G. Savelieff, M. Garcia-Fabiani	https://stm.sciencemag.org/content/scitransmed/11/479/eaaq1427.full.pdf	https://www.semanticscholar.org/paper/34ddc041f54b5b2561cc499dd2f718a9c357c319	True	2	3	0	4	radiation adaptive response mathematical model DNA damage	Mutant IDH1 coexpressed with inactivating TP53 and ATRX mutations in glioma enhances DNA repair, causing resistance to genotoxic therapies. Linking glioma metabolism and DNA repair Mutations in isocitrate dehydrogenase 1 (IDH1) are frequently found in gliomas and are associated with better outcomes. Núñez et al. discovered that, in addition to its roles in metabolism and epigenetics, mutant IDH1 also helps maintain genomic stability in tumors by enhancing the DNA damage response. This finding helps explain why patients with IDH1-mutant tumors have better survival despite their tumors being less sensitive to radiation than other gliomas. The authors also examined the mechanism for this phenomenon in mouse models and demonstrated that pharmacological inhibition of the DNA damage response sensitizes IDH1-mutant tumors to radiation, suggesting a potential direction for further therapeutic advances. Patients with glioma whose tumors carry a mutation in isocitrate dehydrogenase 1 (IDH1R132H) are younger at diagnosis and live longer. IDH1 mutations co-occur with other molecular lesions, such as 1p/19q codeletion, inactivating mutations in the tumor suppressor protein 53 (TP53) gene, and loss-of-function mutations in alpha thalassemia/mental retardation syndrome X-linked gene (ATRX). All adult low-grade gliomas (LGGs) harboring ATRX loss also express the IDH1R132H mutation. The current molecular classification of LGGs is based, partly, on the distribution of these mutations. We developed a genetically engineered mouse model harboring IDH1R132H, TP53 and ATRX inactivating mutations, and activated NRAS G12V. Previously, we established that ATRX deficiency, in the context of wild-type IDH1, induces genomic instability, impairs nonhomologous end-joining DNA repair, and increases sensitivity to DNA-damaging therapies. In this study, using our mouse model and primary patient-derived glioma cultures with IDH1 mutations, we investigated the function of IDH1R132H in the context of TP53 and ATRX loss. We discovered that IDH1R132H expression in the genetic context of ATRX and TP53 gene inactivation (i) increases median survival in the absence of treatment, (ii) enhances DNA damage response (DDR) via epigenetic up-regulation of the ataxia-telangiectasia–mutated (ATM) signaling pathway, and (iii) elicits tumor radioresistance. Accordingly, pharmacological inhibition of ATM or checkpoint kinases 1 and 2, essential kinases in the DDR, restored the tumors’ radiosensitivity. Translation of these findings to patients with IDH1132H glioma harboring TP53 and ATRX loss could improve the therapeutic efficacy of radiotherapy and, consequently, patient survival.
180	12.2	10.1021/acsnano.8b01508	Hierarchical Multiplexing Nanodroplets for Imaging-Guided Cancer Radiotherapy via DNA Damage Enhancement and Concomitant DNA Repair Prevention.	2018	ACS Nano	95	Wei Jiang, Quan Li, Liang Xiao, Jiaxiang Dou, Yi Liu, Wenhao Yu	https://figshare.com/articles/journal_contribution/Hierarchical_Multiplexing_Nanodroplets_for_Imaging-Guided_Cancer_Radiotherapy_via_DNA_Damage_Enhancement_and_Concomitant_DNA_Repair_Prevention/6406412/1/files/11796473.pdf	https://www.semanticscholar.org/paper/3537e6be253a7d549f0d4d421a138dc05d6ec007	True	2	3	0	4	FLASH radiotherapy oxygen DNA damage repair mechanistic model	Clinical success of cancer radiotherapy is usually impeded by a combination of two factors, i.e., insufficient DNA damage and rapid DNA repair during and after treatment, respectively. Existing strategies for optimizing the radiotherapeutic efficacy often focus on only one facet of the issue, which may fail to function in the long term trials. Herein, we report a DNA-dual-targeting approach for enhanced cancer radiotherapy using a hierarchical multiplexing nanodroplet, which can simultaneously promote DNA lesion formation and prevent subsequent DNA damage repair. Specifically, the ultrasmall gold nanoparticles encapsulated in the liquid nanodroplets can concentrate the radiation energy and induce dramatic DNA damage as evidenced by the enhanced formation of γ-H2AX foci as well as in vivo tumor growth inhibition. Additionally, the ultrasound-triggered burst release of oxygen may relieve tumor hypoxia and fix the DNA radical intermediates produced by ionizing radiation, prevent DNA repair, and eventually result in cancer death. Finally, the nanodroplet platform is compatible with fluorescence, ultrasound, and magnetic resonance imaging techniques, allowing for real-time in vivo imaging-guided precision radiotherapy in an EMT-6 tumor model with significantly enhanced treatment efficacy. Our DNA-dual-targeting design of simultaneously enhancing DNA damage and preventing DNA repair presents an innovative strategy to effective cancer radiotherapy.
181	12.2	10.1515/raon-2017-0044	Carcinogenesis Induced by Low-dose Radiation	2017	Radiology and Oncology	38	I. Piotrowski, K. Kulcenty, W. Suchorska, A. Skrobała, M. Skórska, M. Kruszyna-Mochalska	https://content.sciendo.com/downloadpdf/journals/raon/51/4/article-p369.pdf	https://www.semanticscholar.org/paper/f1fce3725c037071003153bb3ed7f7c9751d5723	True	2	3	0	4	radiation carcinogenesis computational model low dose ionizing radiation	Abstract Background Although the effects of high dose radiation on human cells and tissues are relatively well defined, there is no consensus regarding the effects of low and very low radiation doses on the organism. Ionizing radiation has been shown to induce gene mutations and chromosome aberrations which are known to be involved in the process of carcinogenesis. The induction of secondary cancers is a challenging long-term side effect in oncologic patients treated with radiation. Medical sources of radiation like intensity modulated radiotherapy used in cancer treatment and computed tomography used in diagnostics, deliver very low doses of radiation to large volumes of healthy tissue, which might contribute to increased cancer rates in long surviving patients and in the general population. Research shows that because of the phenomena characteristic for low dose radiation the risk of cancer induction from exposure of healthy tissues to low dose radiation can be greater than the risk calculated from linear no-threshold model. Epidemiological data collected from radiation workers and atomic bomb survivors confirms that exposure to low dose radiation can contribute to increased cancer risk and also that the risk might correlate with the age at exposure. Conclusions Understanding the molecular mechanisms of response to low dose radiation is crucial for the proper evaluation of risks and benefits that stem from these exposures and should be considered in the radiotherapy treatment planning and in determining the allowed occupational exposures.
182	12.2	10.1038/s41388-023-02935-9	TKT-PARP1 axis induces radioresistance by promoting DNA double-strand break repair in hepatocellular carcinoma	2024	Oncogene	23	Longpo Geng, Mingming Zhu, Dongjun Luo, Huihui Chen, Binghua Li, Yuanxiang Lao	https://www.nature.com/articles/s41388-023-02935-9.pdf	https://www.semanticscholar.org/paper/8ebbd4f63d0a8fdac862a05f1f15e2f854074aca	True	2	3	0	4	ionizing radiation DNA double strand break repair model simulation	Hepatocellular carcinoma (HCC) stands as the fifth most prevalent malignant tumor on a global scale and presents as the second leading cause of cancer-related mortality. DNA damage-based radiotherapy (RT) plays a pivotal role in the treatment of HCC. Nevertheless, radioresistance remains a primary factor contributing to the failure of radiation therapy in HCC patients. In this study, we investigated the functional role of transketolase (TKT) in the repair of DNA double-strand breaks (DSBs) in HCC. Our research unveiled that TKT is involved in DSB repair, and its depletion significantly reduces both non-homologous end joining (NHEJ) and homologous recombination (HR)-mediated DSB repair. Mechanistically, TKT interacts with PARP1 in a DNA damage-dependent manner. Furthermore, TKT undergoes PARylation by PARP1, resulting in the inhibition of its enzymatic activity, and TKT can enhance the auto-PARylation of PARP1 in response to DSBs in HCC. The depletion of TKT effectively mitigates the radioresistance of HCC, both in vitro and in mouse xenograft models. Moreover, high TKT expression confers resistance of RT in clinical HCC patients, establishing TKT as a marker for assessing the response of HCC patients who received cancer RT. In summary, our findings reveal a novel mechanism by which TKT contributes to the radioresistance of HCC. Overall, we identify the TKT-PARP1 axis as a promising potential therapeutic target for improving RT outcomes in HCC.
183	12.1	10.1016/j.mad.2009.01.001	Altered senescence, apoptosis, and DNA damage response in a mutant p53 model of accelerated aging.	2009	Mechanisms of Ageing and Development	44	George W. Hinkal, Catherine E. Gatza, Neha Parikh, L. Donehower	https://europepmc.org/articles/pmc2722837?pdf=render	https://www.semanticscholar.org/paper/6fc3f6ffc42a902ce766a17203deddec8df2f647	True	2	1	0	1	p53 radiation DNA damage response mathematical model	
184	12.1	10.2139/ssrn.3404264	A P53-Independent DNA Damage Response Suppresses Oncogenic Proliferation and Genome Instability	2020	Cell Reports	33	K. Fagan-Solis, D. Simpson, Rashmi J. Kumar, L. Martelotto, Lisle E. Mose, N. Rashid	https://doi.org/10.1016/j.celrep.2020.01.020	https://www.semanticscholar.org/paper/52bb0e53985fc73dab03bc9ee81efb028de31433	True	2	1	0	1	p53 radiation DNA damage response mathematical model	SUMMARY The Mre11-Rad50-Nbs1 complex is a DNA doublestrand break sensor that mediates a tumor-suppressive DNA damage response (DDR) in cells undergoing oncogenic stress, yet the mechanisms underlying this effect are poorly understood. Using a genetically inducible primary mammary epithelial cell model, we demonstrate that Mre11 suppresses proliferation and DNA damage induced by diverse oncogenic drivers through a p53-independent mechanism. Breast tumorigenesis models engineered to express a hypomorphic Mre11 allele exhibit increased levels of oncogene-induced DNA damage, R-loop accumulation, and chromosomal instability with a characteristic copy number loss phenotype. Mre11 complex dysfunction is identified in a subset of human triple-negative breast cancers and is associated with increased sensitivity to DNA-damaging therapy and inhibitors of ataxia telangiectasia and Rad3 related (ATR) and poly (ADP-ribose) polymerase (PARP). Thus, deficiencies in the Mre11-dependent DDR drive proliferation and genome instability patterns in p53-deficient breast cancers and represent an opportunity for therapeutic exploitation.
185	12.1	10.1016/j.celrep.2019.06.004	Selective Killing of RAS-Malignant Tissues by Exploiting Oncogene-Induced DNA Damage.	2019	Cell Reports	23	Lada Murcia, Marta Clemente-Ruiz, Priscillia Pierre-Elies, A. Royou, M. Milán	http://www.cell.com/article/S2211124719307624/pdf	https://www.semanticscholar.org/paper/f604b1950ba7a26dbb92d101f3ff4986d2dc82f2	True	2	1	0	1	radiation-induced DNA damage mechanistic model cell survival	Several oncogenes induce untimely entry into S phase and alter replication timing and progression, thereby generating replicative stress, a well-known source of genomic instability and a hallmark of cancer. Using an epithelial model in Drosophila, we show that the RAS oncogene, which triggers G1/S transition, induces DNA damage and, at the same time, silences the DNA damage response pathway. RAS compromises ATR-mediated phosphorylation of the histone variant H2Av and ATR-mediated cell-cycle arrest in G2 and blocks, through ERK, Dp53-dependent induction of cell death. We found that ERK is also activated in normal tissues by an exogenous source of damage and that this activation is necessary to dampen the pro-apoptotic role of Dp53. We exploit the pro-survival role of ERK activation upon endogenous and exogenous sources of DNA damage to present evidence that its genetic or chemical inhibition can be used as a therapeutic opportunity to selectively eliminate RAS-malignant tissues.
186	12.1	10.1007/s00411-023-01023-6	Space radiation quality factor for Galactic Cosmic Rays and typical space mission scenarios using a microdosimetric approach	2023	Radiation and Environmental Biophysics	21	Alexis Papadopoulos, I. Kyriakou, S. Incerti, G. Santin, P. Nieminen, I. Daglis	https://link.springer.com/content/pdf/10.1007/s00411-023-01023-6.pdf	https://www.semanticscholar.org/paper/f36f890cbaabce94423d68e0c384510925eb1dc3	True	2	1	0	1	radiation quality factor biological effectiveness model DNA damage	Space radiation exposure from omnipresent Galactic Cosmic Rays (GCRs) in interplanetary space poses a serious carcinogenic risk to astronauts due to the—limited or absent—protective effect of the Earth’s magnetosphere and, in particular, the terrestrial atmosphere. The radiation risk is directly influenced by the quality of the radiation, i.e., its pattern of energy deposition at the micron/DNA scale. For stochastic biological effects, radiation quality is described by the quality factor, $$Q$$ Q , which can be defined as a function of Linear Energy Transfer (LET) or the microdosimetric lineal energy ( $$y$$ y ). In the present work, the average $$Q$$ Q of GCR for different mission scenarios was calculated using a modified version of the microdosimetric Theory of Dual Radiation Action (TDRA). NASA’s OLTARIS platform was utilized to generate the radiation environment behind different aluminum shielding (0–30 g/cm^2) for a typical mission scenario in low-earth orbit (LEO) and in deep space. The microdosimetric lineal energy spectra of ions ( $$Z\ge 1$$ Z ≥ 1 ) in 1 μm liquid water spheres were calculated by a generalized analytical model which considers energy-loss fluctuations and δ-ray transport inside the irradiated medium. The present TDRA-based $$Q$$ Q -values for the LEO and deep space missions were found to differ by up to 10% and 14% from the corresponding ICRP-based $$Q$$ Q -values and up to 3% and 6% from NASA’s $$Q$$ Q -model. In addition, they were found to be in good agreement with the $$Q$$ Q -values measured in the International Space Station (ISS) and by the Mars Science Laboratory (MSL) Radiation Assessment Detector (RAD) which represent, respectively, a LEO and deep space orbit.
187	12.1	10.4061/2010/352603	A Mathematical Model for DNA Damage and Repair	2010	Journal of Nucleic Acids	17	P. Crooke, F. Parl	https://downloads.hindawi.com/journals/jna/2010/352603.pdf	https://www.semanticscholar.org/paper/43fdb1ea2487fdfcdd6b3468da8d7108a79b1cd8	True	2	1	0	1	radiation DNA repair mathematical model simulation	In cells, DNA repair has to keep up with DNA damage to maintain the integrity of the genome and prevent mutagenesis and carcinogenesis. While the importance of both DNA damage and repair is clear, the impact of imbalances between both processes has not been studied. In this paper, we created a combined mathematical model for the formation of DNA adducts from oxidative estrogen metabolism followed by base excision repair (BER) of these adducts. The model encompasses a set of differential equations representing the sequence of enzymatic reactions in both damage and repair pathways. By combining both pathways, we can simulate the overall process by starting from a given time-dependent concentration of 17β-estradiol (E2) and 2′-deoxyguanosine, determine the extent of adduct formation and the correction by BER required to preserve the integrity of DNA. The model allows us to examine the effect of phenotypic and genotypic factors such as different concentrations of estrogen and variant enzyme haplotypes on the formation and repair of DNA adducts.
188	12.1	10.1016/j.envint.2024.109001	Circ_0025373 inhibits carbon black nanoparticles-induced malignant transformation of human bronchial epithelial cells by affecting DNA damage through binding to MSH2.	2024	Environment International	3	Han Zhang, Wenfeng Lu, Lan Qiu, Saifeng Li, Liqiu Qiu, Mengnan He	https://doi.org/10.1016/j.envint.2024.109001	https://www.semanticscholar.org/paper/a5fc0c3b0876b7c319e7243adf5dedbc96a34f15	True	2	1	0	1	relative biological effectiveness mechanistic model DNA damage repair	Carbon black nanoparticles (CBNPs) have been demonstrated to induce DNA damage in epithelial cells. However, the potential of the damage to initiate carcinogenesis and the underlying mechanism remain poorly understood. Therefore, we constructed an in vitro model of malignant transformation of human bronchial epithelial cells (16HBE-T) by treating 40 μg/mL CBNPs for 120 passages. We observed tumor-like transformation and sustained DNA damage. Using transcriptome sequencing and RIP-seq, we identified the overexpression of the critical DNA mismatch repair genes MutS homolog 2 (MSH2) and its related circular RNA, circ_0025373, in the 16HBE-T cells. Mechanistically, circ_0025373 was found to inhibit DNA damage by binding to MSH2, thereby modifying its expression and influencing its nuclear and cytoplasmic distribution, which lead to inhibition of CBNP-induced malignant transformation of human bronchial epithelial cells. Our findings provide novel evidence on the carcinogenicity of CBNPs, and offer biological insights into the potential epigenetic regulation and potential therapeutic targets for lung carcinogenesis.
189	12.1	10.1177/15593258221078387	Vanishing by Design of Cancer Risk Uncertainty for Low Radiation Doses Is Misleading and Unscientific	2022	Dose-Response	2	B. Scott	https://journals.sagepub.com/doi/pdf/10.1177/15593258221078387	https://www.semanticscholar.org/paper/6237a0edef69f9e73d9d38bdb3091c14102969b1	True	2	1	0	1	systems biology model radiation induced cancer low dose	The main basis for cancer risk quantification for humans exposed to low radiation doses is epidemiologic studies. Findings from such studies have influenced the development of the current system of radiological protection along with the related radiation-dose-reducing concept “As Low As Reasonably Achievable (ALARA).” Cancer risk quantification for low radiation doses is mainly based on the controversial linear-no-threshold (LNT) model which is unsupported by modern radiation biology. There are uncertainties with any cancer risk assessment related to radiation exposure. With use of the LNT model to estimate relative risk (or excess relative risk) for low radiation doses, the uncertainty in the risk estimate is strangely modeled as progressively vanishing as radiation dose decreases to assigned dose zero (e.g., “0 mGy”); an oddity of contemporary epidemiologic studies such as conducted by Leuraud et al. This is problematic because there is no actual zero-radiation exposure since everyone is continuously exposed to natural background radiation and cancer absolute risk in the absence of any radiation exposure throughout life is uncertain. Thus, epidemiologist when employing the LNT model to radiationdose-response data for cancer-relative-risk estimation can predict the absolute risk (estimated as “A{U}” with uncertainty U) for the type of cancer of interest for a radiationfree world. The estimated absolute risk A{U} can then be used in generating the relative risk estimate and related uncertainty for a given dose-group studied. In this case, the zero-radiation relative risk estimate “A{U}/A{U},” with central estimate “1,” also has nonvanishing uncertainty because of uncertainty propagation. The indicated approach would help in preventing the inappropriate vanishing by design of risk uncertainty for decreasing low radiation doses. Uncertainty about the correct risk model (other models are possible, including threshold and hormetic) also needs careful consideration and there are reliable ways to address this. The indicted uncertainty becomes quite important when predicting relative risk (or excess relative risk) for cancer at below normal natural background radiation levels because LNT and hormetic models lead to very different risk predictions. Below-natural-background-radiation radiobiological studies deep underground that used various organisms have produced results that do not support the LNT model as applied to radiation-induced stochastic effects (e.g., mutations). Additionally, neoplastic transformation in cultured cells was reduced rather than increased by above-naturalbackground-radiation, gamma-ray doses of 1 to 100 mGy. Given the information provided in this publication, vanishing by design of cancer risk uncertainty for decreasing low radiation doses is misleading and unscientific.
190	12.1	10.1177/15593258221117049	Are Assigned Low-Dose-Radiation Cancer Risks Based on Some Epidemiologic Studies Unreliable?	2022	Dose-Response	1	B. Scott	https://doi.org/10.1177/15593258221117049	https://www.semanticscholar.org/paper/20a70177868d1471175dce565b0ed364067bd527	True	2	1	0	1	systems biology model radiation induced cancer low dose	Assigned cancer risks (related to real or phantom risks) for low radiation doses derived from epidemiologic studies depend on the radiation-exposure scenario, study-population character-istics, and risk-analysis methods employed. Some researchers use an assumed dose-response model (e.g., Ref [1]) while others do not (e.g., Ref [2]). The risk-analysis methods used are based on presumed (but not demonstrated) reliability for low radiation doses; thus, reliability assessments for the different methods need to be performed so that unreliable methods for low radiation doses can be revealed and their use discontinued. An ethods-r e l iability (RAMRL) assessment for epidemiologic studies of cancer risk after low radiation doses is discussed. RAMRL assessment can be conducted using simulated study data generated based on cancer occurrence (spontaneous or induced speci ﬁ c type) being evaluated as a dose-response-model – related B ernoulli r andom v ariable (BRV) for each member of the study population of interest. The BRV is discrete and would stochastically take on a value of 1 (with probability p ) indicating a simulated cancer victim (for any cause) or a value of 0 (with probability 1 - p ) indicating a simulated cancer-free individual. The cancer probability p would be assigned using a plausible multivariate (due to multiple cancer causes) cancer-risk model for a speci ﬁ c set of risk factors including radiation dose (individual-speci c).
191	12.1	10.1080/09553000050176333	Erratum: Radiation damage to triplex DNA induced by γ-rays: a footprinting study and Monte Carlo simulation	2000		0	F. Barone, M. Begusova, E. La Nave, M. Matzeu, F. Maz	https://doi.org/10.1080/09553000050176333	https://www.semanticscholar.org/paper/53c3f1795eb21582953ae63bfde3bbcd5c861bcb	True	2	1	0	1	MCDS Monte Carlo damage simulation radiation DNA repair	
192	12.0	10.1080/09553002.2022.2020361	A model of infection and immune response to low dose radiation	2022	International Journal of Radiation Biology	3	C. Kirkby	https://figshare.com/articles/journal_contribution/A_model_of_infection_and_immune_response_to_low_dose_radiation/18066245/1/files/32794613.pdf	https://www.semanticscholar.org/paper/c0d6d0757c0fda91e7815d9bb4be285367935f90	True	3	4	0	2	radiation bystander effect mathematical model low dose	Abstract Purpose Low dose radiation therapy (LDRT) using doses in the range of 30–150 cGy has been proposed as a means of mitigating the pneumonia associated with COVID-19. However, preliminary results from ongoing clinical trials have been mixed. The aim of this work is to develop a mathematical model of the viral infection and associated systemic inflammation in a patient based on the time evolution of the viral load. The model further proposes an immunomodulatory response to LDRT based on available data. Inflammation kinetics are then explored and compared to clinical results. Methods The time evolution of a viral infection, inflammatory signaling factors, and inflammatory response are modeled by a set of coupled differential equations. Adjustable parameters are taken from the literature where available and otherwise iteratively adjusted to fit relevant data. Simple functions modeling both the suppression of pro-inflammatory signal factors and the enhancement of anti-inflammatory factors in response to low doses of radiation are developed. The inflammation response is benchmarked against C-reactive protein (CRP) levels measured for cohorts of patients with severe COVID-19. Results The model fit the time-evolution of viral load data, cytokine data, and inflammation (CRP) data. When LDRT was applied early, the model predicted a reduction in peak inflammation consistent with the difference between the non-surviving and surviving cohorts. This reduction of peak inflammation diminished as the application of LDRT was delayed. Conclusion The model tracks the available data on viral load, cytokine levels, and inflammatory biomarkers well. An LDRT effect is large enough in principle to provide a life-saving immunomodulatory effect, though patients treated with LDRT already near the peak of their inflammation trajectory are unlikely to see drastic reductions in that peak. This result potentially explains some discrepancies in the preliminary clinical trial data.
193	11.9	10.1098/rsob.150011	Nonlinear ionizing radiation-induced changes in eye lens cell proliferation, cyclin D1 expression and lens shape	2015	Open Biology	53	E. Markiewicz, S. Barnard, J. Haines, M. Coster, Orry van Geel, Weiju Wu	https://doi.org/10.1098/rsob.150011	https://www.semanticscholar.org/paper/cb275742d3c1e24589f7963d795bdadffd60664a	True	2	4	0	5	cell survival radiation induced DSB repair kinetic model	Elevated cataract risk after radiation exposure was established soon after the discovery of X-rays in 1895. Today, increased cataract incidence among medical imaging practitioners and after nuclear incidents has highlighted how little is still understood about the biological responses of the lens to low-dose ionizing radiation (IR). Here, we show for the first time that in mice, lens epithelial cells (LECs) in the peripheral region repair DNA double strand breaks (DSB) after exposure to 20 and 100 mGy more slowly compared with circulating blood lymphocytes, as demonstrated by counts of γH2AX foci in cell nuclei. LECs in the central region repaired DSBs faster than either LECs in the lens periphery or lymphocytes. Although DSB markers (γH2AX, 53BP1 and RAD51) in both lens regions showed linear dose responses at the 1 h timepoint, nonlinear responses were observed in lenses for EdU (5-ethynyl-2′-deoxy-uridine) incorporation, cyclin D1 staining and cell density after 24 h at 100 and 250 mGy. After 10 months, the lens aspect ratio was also altered, an indicator of the consequences of the altered cell proliferation and cell density changes. A best-fit model demonstrated a dose-response peak at 500 mGy. These data identify specific nonlinear biological responses to low (less than 1000 mGy) dose IR-induced DNA damage in the lens epithelium.
194	11.8	10.1093/jrr/rru090	Evaluation of the cell survival curve under radiation exposure based on the kinetics of lesions in relation to dose-delivery time	2014	Journal of Radiation Research	22	Yusuke Matsuya, K. Tsutsumi, K. Sasaki, H. Date	https://academic.oup.com/jrr/article-pdf/56/1/90/7957157/rru090.pdf	https://www.semanticscholar.org/paper/0d5e002f15d744c985c20df40903dbdbc05a5888	True	2	2	0	2	cell survival radiation induced DSB repair kinetic model	We have investigated the dose rate effects on cell damage caused by photon-beam irradiation. During a relatively long dose-delivery time with a low dose rate, lesions created in cells may undergo some reactions, such as DNA repair. In order to investigate these reactions quantitatively, we adopted the microdosimetric–kinetic (MK) model and deduced a cell surviving fraction (SF) formula for continuous irradiation. This model enabled us to estimate the SF from dose and dose rate. The parameters in the MK model were determined so as to generate the SF, and we attempted to evaluate the dose rate effects on the SF. To deduce the cell-specific parameters in the SF formula, including the dose rate, we performed a split-dose experiment and a single-dose experiment with a constant dose-delivery time (10 min) (to retain the condition for equivalent behavior of cell lesions) by means of a clonogenic assay. Then, using the MK model parameters, the SFs were reproduced for a variety of dose rates (1.0, 0.31, 0.18, 0.025 and 0.0031 Gy/min) and were compared with reported experimental data. The SF curves predicted by the MK model agreed well with the experimental data, suggesting that the dose rate effects appear in the kinetics of cell lesions during the dose-delivery time. From fitting the analysis of the model formula to the experimental data, it was shown that the MK model could illustrate the characteristics of log-SF in a rectilinear form at a high dose range with a relatively low dose rate.
195	11.8	10.1088/1361-6560/ac3119	Investigating spatial fractionation and radiation induced bystander effects: a mathematical modelling approach	2021	Physics in Medicine and Biology	11	Paul Cahoon, V. Giacometti, Francis Casey, Emily Russell, C. McGarry, K. Prise	https://iopscience.iop.org/article/10.1088/1361-6560/ac3119/pdf	https://www.semanticscholar.org/paper/37fcff2d39f1f889979ef67829bd8fe0e6cbdab3	True	2	2	0	2	radiation bystander effect mathematical model low dose	Radiation induced bystander effects (RIBEs) have been shown to cause death in cells receiving little or no physical dose. In standard radiotherapy, where uniform fields are delivered and all cells are directly exposed to radiation, this phenomenon can be neglected. However, the role of RIBEs may become more influential when heterogeneous fields are considered. Mathematical modelling can be used to determine how these heterogeneous fields might influence cell survival, but most established techniques account only for the direct effects of radiation. To gain a full appreciation of how non-uniform fields impact cell survival, it is also necessary to consider the indirect effects of radiation. In this work, we utilise a mathematical model that accounts for both the direct effects of radiation on cells and RIBEs. This model is used to investigate how spatially fractionated radiotherapy plans impact cell survival in vitro. These predictions were compared to survival in normal and cancerous cells following exposure to spatially fractionated plans using a clinical linac. The model is also used to explore how spatially fractionated radiotherapy will impact tumour control in vivo. Results suggest that spatially fractionated plans are associated with higher equivalent uniform doses than conventional uniform plans at clinically relevant doses. The model predicted only small changes changes in normal tissue complication probability, compared to the larger protection seen clinically. This contradicts a central paradigm of radiotherapy where uniform fields are assumed to maximise cell kill and may be important for future radiotherapy optimisation.
196	11.8	10.1140/epjd/e2019-100113-3	Initial radiation DNA damage observed in prematurely condensed chromosomes of G2-phase human lymphocytes and analytical model of ion tracks	2020		3	A. Kowalska, K. Czerski, E. Nasonova, P. Kutsalo, E. Krasavin	https://doi.org/10.1140/epjd/e2019-100113-3	https://www.semanticscholar.org/paper/b21c812d2a33de637a02d5b0352f06e9b966bdb0	True	2	2	0	2	chromosome aberration radiation track structure simulation DNA repair	Abstract In the present work, we have adopted the premature chromosome condensation (PCC) technique to study the initial DNA damage in order to distinguish between the biological and physical components of the dose-effect curves. We have studied G 2 -chromatid breaks in human lymphocytes, isochromatid-type breaks as well as chromatid exchanges at two different sampling times: directly after irradiation (t 0 ) and 12 hours later (t 12 ). The lymphocyte samples have been exposed to 150 MeV and spread out Bragg peak (SOBP) proton beams, 22 MeV/u 11 B ions and for comparison to 60 Co γ rays. Dose-response curves for both types of breaks have been determined. We have shown that t 0 G 2 -chromatid breaks follow linear-quadratic dependence for all studied cases and could be used for estimation of the effective ion track radius. A comparison to the expected physical track radii leads to the conclusion that the biological repair mechanism considerably prevails the physical effect of the overlapping ion tracks even at the time t 0 . The results have been also compared to the dose-effect curves previously obtained in our chromosome aberrations study. Graphical abstract
197	11.8	10.1093/jmcb/mjad058	Telomeric DNA breaks in human induced pluripotent stem cells trigger ATR-mediated arrest and telomerase-independent telomere damage repair	2023	Journal of Molecular Cell Biology	3	Katrina N Estep, J. Tobias, Rafael J Fernandez, Brinley M Beveridge, Brad Johnson	https://academic.oup.com/jmcb/advance-article-pdf/doi/10.1093/jmcb/mjad058/51792460/mjad058.pdf	https://www.semanticscholar.org/paper/7e188ded5e33fcc6846144707e36b476f47190ad	True	2	2	0	2	MEDRAS radiation DNA damage repair cell survival model	Abstract Although mechanisms of telomere protection are well-defined in differentiated cells, how stem cells sense and respond to telomere dysfunction, in particular telomeric double-strand breaks (DSBs), is poorly characterized. Here, we report the DNA damage signaling, cell cycle, and transcriptome changes in human induced pluripotent stem cells (iPSCs) in response to telomere-internal DSBs. We engineer human iPSCs with an inducible TRF1-FokI fusion protein to acutely induce DSBs at telomeres. Using this model, we demonstrate that TRF1-FokI DSBs activate an ATR-dependent DNA damage response, which leads to p53-independent cell cycle arrest in G2. Using CRISPR–Cas9 to cripple the catalytic domain of telomerase reverse transcriptase, we show that telomerase is largely dispensable for survival and lengthening of TRF1-FokI-cleaved telomeres, which instead are effectively repaired by robust homologous recombination (HR). In contrast to HR-based telomere maintenance in mouse embryonic stem cells, where HR causes ZSCAN4-dependent extension of telomeres beyond their initial lengths, HR-based repair of telomeric breaks is sufficient to maintain iPSC telomeres at a normal length, which is compatible with sustained survival of the cells over several days of TRF1-FokI induction. Our findings suggest a previously unappreciated role for HR in telomere maintenance in telomerase-positive iPSCs and reveal distinct iPSC-specific responses to targeted telomeric DNA damage.
198	11.8	10.1080/09553002.2024.2442690	An examination of the dose rate effect in mice assuming that the carcinogenic effect of radiation is life shortening resulting from a tissue reaction	2025	International Journal of Radiation Biology	2	N. Nakamura	https://doi.org/10.1080/09553002.2024.2442690	https://www.semanticscholar.org/paper/dc4e5d7dd2a547beba7923722bd8bee1506dbf97	True	2	2	0	2	radiation bystander effect mathematical model low dose	Abstract Purpose Radiation exposures do not seem to increase the proportion of mice dying from tumors, but rather cause a shift in the appearance of spontaneous cancers, allowing them to appear earlier, and hence produce a life shortening effect. Then, it was possible to estimate the effect of the dose rate on the carcinogenic effects of radiation using life shortening effects as a measure. Conclusion The dose response for the induction of life shortening was linear under acute exposure conditions, which indicates that the response under chronic exposure conditions is also likely to be linear, and hence the dose rate factor (DRF) would be constant throughout the dose. Furthermore, the life shortening effect decreased sharply with an increase in age at exposure. To separate the dose rate effect from the effects of age under long-term exposure conditions, a thought experiment was designed which consisted of 8 repeated exposures to an acute 1 Gy dose at intervals of 50 days with an assumption that the effect is additive, and the results were compared with those observed in a chronic continuous exposure experiment (20 mGy per day for 400 days, for a total of 8 Gy: Tanaka et al. 2003). The results showed 211 days of life shortening in the former and 120 days in the latter, which provided a DRF of 1.8 (211/120). If one assumes that a tissue reaction is the primary cause of radiation carcinogenesis, the contrasting two concepts, radiation hormesis and linear-non-threshold model at low doses, would become compatible.
199	11.5	10.1038/s41388-021-01878-3	Radiation-induced YAP activation confers glioma radioresistance via promoting FGF2 transcription and DNA damage repair	2021	Oncogene	44	Yu Zhang, Yan Wang, Di Zhou, Kai Wang, Xu Wang, Xiang Wang	https://www.nature.com/articles/s41388-021-01878-3.pdf	https://www.semanticscholar.org/paper/791fb1ee8a0e4abcc51ed3cc7f4089f993836edf	True	2	3	0	3	radiation-induced DNA damage mechanistic model cell survival	Although radiotherapy is a well-known effective non-surgical treatment for malignant gliomas, the therapeutic efficacy is severely limited due to the radioresistance of tumor cells. Previously, we demonstrated that Yes-associated protein (YAP) promotes glioma malignant progression. However, whether YAP plays a role in radioresistance and its potential value in cancer treatment are still unclear. In this study, we found that high YAP expression is associated with poor prognosis in malignant glioma patients undergoing radiotherapy. Research in immortalized cell lines and primary cells from GBM patients revealed that YAP exhibited a radioresistant effect on gliomas via promoting DNA damage repair. Mechanistically, after radiation, YAP was translocated into the nucleus, where it promoted the expression and secretion of FGF2, leading to MAPK–ERK pathway activation. FGF2 is a novel target gene of YAP. Inhibition of YAP–FGF2–MAPK signaling sensitizes gliomas to radiotherapy and prolongs the survival of intracranial cell-derived and patient-derived xenograft models. These results suggest that YAP–FGF2–MAPK is a key mechanism of radioresistance and is an actionable target for improving radiotherapy efficacy.
200	11.5	10.1038/s41419-022-05402-7	PRDM15 interacts with DNA-PK-Ku complex to promote radioresistance in rectal cancer by facilitating DNA damage repair	2022	Cell Death and Disease	20	Yue Yu, Tingting Liu, Guanyu Yu, Hang Wang, Zhipeng Du, Yuanyuan Chen	https://www.nature.com/articles/s41419-022-05402-7.pdf	https://www.semanticscholar.org/paper/a198a0aeabe30e3cc7fe6639829ea63c5b814fe7	True	2	3	0	3	FLASH radiotherapy oxygen DNA damage repair mechanistic model	Neoadjuvant radiotherapy is a standard treatment for locally advanced rectal cancer, however, resistance to chemoradiotherapy is one of the main obstacles to improving treatment outcomes. The goal of this study was to explore the role of PRDM15 involved in the radioresistance of colorectal cancer and to clarify the underlying mechanism. In present study, we demonstrated that, after DNA damage, PRDM15 was upregulated and localized to DNA damage sites, co-localizing with γ-H2AX. Knockdown of PRDM15 inhibited DNA damage repair and increased radiosensitivity in colorectal cancer cells. Mechanistically, PRDM15 promoted DNA repair by interacting with DNA-PKcs and Ku70/Ku80 complex. In preclinical models of rectal cancer, knockdown of PRDM15 sensitized cell derived xenograft and patient derived xenograft to radiotherapy. In 80 rectal cancer patients treated with neoadjuvant chemoradiotherapy, higher PRDM15 expression was observed associated with weaker tumor regression and poorer prognosis. Our findings revealed that inhibiting PRDM15 was potent to overcome radioresistance through abrogating DNA repair in colorectal cancer cells. Additionally, the expression level of PRDM15 could be applied to predict radiotherapy responsiveness and the outcome of neoadjuvant radiotherapy in rectal cancer patients.
201	11.5	10.3390/ijms221910590	Mathematical Modelling of p53 Signalling during DNA Damage Response: A Survey	2021	International Journal of Molecular Sciences	16	J. Eliaš, Cicely K. Macnamara	https://www.mdpi.com/1422-0067/22/19/10590/pdf?version=1633919672	https://www.semanticscholar.org/paper/3034ec07c91eeb551c153aeaf20b8aa823acc8a5	True	4	1	1	1	radiation adaptive response mathematical model DNA damage	No gene has garnered more interest than p53 since its discovery over 40 years ago. In the last two decades, thanks to seminal work from Uri Alon and Ghalit Lahav, p53 has defined a truly synergistic topic in the field of mathematical biology, with a rich body of research connecting mathematic endeavour with experimental design and data. In this review we survey and distill the extensive literature of mathematical models of p53. Specifically, we focus on models which seek to reproduce the oscillatory dynamics of p53 in response to DNA damage. We review the standard modelling approaches used in the field categorising them into three types: time delay models, spatial models and coupled negative-positive feedback models, providing sample model equations and simulation results which show clear oscillatory dynamics. We discuss the interplay between mathematics and biology and show how one informs the other; the deep connections between the two disciplines has helped to develop our understanding of this complex gene and paint a picture of its dynamical response. Although yet more is to be elucidated, we offer the current state-of-the-art understanding of p53 response to DNA damage.
202	11.5	10.3389/fenvs.2017.00006	An Extended Dose–Response Model for Microbial Responses to Ionizing Radiation	2017	Frontiers in Environmental Science	14	Eleni Siasou, David W. Johnson, N. Willey	https://www.frontiersin.org/articles/10.3389/fenvs.2017.00006/pdf	https://www.semanticscholar.org/paper/281f70889581632998738416efaa8482854c375f	True	2	1	1	3	low dose ionizing radiation computational model DNA repair	An understanding of the environmental toxicology of ionising radiation (IR) is needed because nuclear power production is expanding and there is increasing pressure to build nuclear waste repositories. The effects of IR in the environment have long been investigated but there have been fewer studies involving environmental microbiology than its importance to key ecosystems services demands. Here we highlight some unique aspects of the relationship between microbes and IR and use them to suggest an extended dose-response model. At high doses, IR causes DNA damage and oxidative stress but some microbes have a remarkable capacity for DNA repair and are tolerant of oxidative stress. Not only is significant radioresistance increasingly being reported for microbes, but some microbes are even radiotrophic. The stressful radiative environment of the early Earth might help explain the existence of these traits, which challenge the assumptions of current dose response models for IR. We suggest that a perspective that takes into account these traits plus both dose and dose rate can be used to model an ‘effects landscape’ that might provide insights for the environmental toxicology of IR to microbes. This might help to predict the effects of IR on key ecosystem processes and also be useful in understanding the environmental toxicology of IR in general.
203	11.5	10.3390/nano12244440	Boosted Radiation Bystander Effect of PSMA-Targeted Gold Nanoparticles in Prostate Cancer Radiosensitization	2022	Nanomaterials	9	D. Hara, W. Tao, Ryder M. Schmidt, Yu-Ping Yang, S. Daunert, N. Dogan	https://www.mdpi.com/2079-4991/12/24/4440/pdf?version=1670998189	https://www.semanticscholar.org/paper/660cd5b728afad91656135c7903ab931bff3b224	True	2	3	0	3	radiation bystander effect mathematical model low dose	Metal nanoparticles are effective radiosensitizers that locally enhance radiation doses in targeted cancer cells. Compared with other metal nanoparticles, gold nanoparticles (GNPs) exhibit high biocompatibility, low toxicity, and they increase secondary electron scatter. Herein, we investigated the effects of active-targeting GNPs on the radiation-induced bystander effect (RIBE) in prostate cancer cells. The impact of GNPs on the RIBE presents implications for secondary cancers or spatially fractionated radiotherapy treatments. Anti-prostate-specific membrane antigen (PSMA) antibodies were conjugated with PEGylated GNPs through EDC–NHS chemistry. The media transfer technique was performed to induce the RIBE on the non-irradiated bystander cells. This study focused on the LNCaP cell line, because it can model a wide range of stages relating to prostate cancer progression, including the transition from androgen dependence to castration resistance and bone metastasis. First, LNCaP cells were pretreated with phosphate buffered saline (PBS) or PSMA-targeted GNPs (PGNPs) for 24 h and irradiated with 160 kVp X-rays (0–8 Gy). Following that, the collected culture media were filtered (sterile 0.45 µm polyethersulfone) in order to acquire PBS- and PGNP- conditioned media (CM). Then, PBS- and PGNP-CM were transferred to the bystander cells that were loaded with/without PGNPs. MTT, γ-H2AX, clonogenic assays and reactive oxygen species assessments were performed to compare RIBE responses under different treatments. Compared with 2 Gy-PBS-CM, 8 Gy-PBS-CM demonstrated a much higher RIBE response, thus validating the dose dependence of RIBE in LNCaP cells. Compared with PBS-CM, PGNP-CM exhibited lower cell viability, higher DNA damage, and a smaller survival fraction. In the presence of PBS-CM, bystander cells loaded with PGNPs showed increased cell death compared with cells that did not have PGNPs. These results demonstrate the PGNP-boosted expression and sensitivity of RIBE in prostate cancer cells.
204	11.5	10.1093/neuonc/noad179.0379	DNAR-13. TARGETING THE DNA DAMAGE RESPONSE IN GLIOBLASTOMA PROPAGATING CELLS: FROM MOLECULAR MECHANISMS TO PRECISION MEDICINE	2023	Neuro-Oncology	0	Alexandros Pailas, Katrin Neumann, Céline Jeanty, C. Herold‐Mende, R. Toth, P. Nazarov	https://www.ncbi.nlm.nih.gov/pmc/articles/PMC10639534	https://www.semanticscholar.org/paper/30fa506dc706527f2024da0fb54775ed85f07105	True	2	3	0	3	FLASH radiotherapy oxygen DNA damage repair mechanistic model	  Glioblastoma (GBM) is the most aggressive and lethal primary tumor of the central nervous system (CNS). Despite surgical resection and a combination of radiotherapy and alkylation chemotherapy, the median survival for patients with newly diagnosed GBM is only ~ 14 months. Among the many challenges confronting clinicians are subpopulations of tumor-propagating cells named GBM Stem-like Cells (GSCs), which have been proposed to drive treatment resistance and foster tumor relapse. At the mechanistic level, GSCs have been shown to display constitutive activation of the DNA damage response (DDR) due to chronic replication stress (RS), which enhances their ability to repair the DNA lesions induced by chemoradiation. Thus, developing new therapeutic strategies against glioblastoma is of paramount importance. Cell cycle regulation and DNA damage response are two crucial molecular networks altered in most cancer types. In this context, we have previously identified a DNA repair and cell cycle gene expression signature that results in the classification of GBM tumors in two major groups, G1 and G3, which differ in the expression of survival and proliferation pathways. Using bioinformatics analysis of the GLASS consortium database, we have created an exhaustive oncopanel of the molecular alterations defining the G1 and G3 groups. Furthermore, using G1- and G3-patient-derived GSC cell lines as experimental models, we have identified crucial differences in the mechanisms orchestrating the cell cycle, DDR, and treatment resistance between G1 and G3 cells. Finally, we have also identified group-specific therapeutic strategies combining repositioned FDA-approved drugs with the inhibition of crucial DDR factors. Our long-term goals are i) to understand the molecular basis behind the differential response to DNA damage and replication stress developed by G1 and G3 cells and ii) to propose group-specific, DDR-based combination therapies that prevent treatment resistance and promote long-lasting treatment.
205	11.4	10.1016/j.radonc.2021.06.034	Wnt/β-catenin inhibitor ICG-001 enhances the antitumor efficacy of radiotherapy by increasing radiation-induced DNA damage and improving tumor immune microenvironment in hepatocellular carcinoma.	2021	Radiotherapy and Oncology	25	Yan Huang, H. Sheng, Yazhi Xiao, Wei Hu, Zhihong Zhang, Yiyao Chen	http://www.thegreenjournal.com/article/S0167814021066214/pdf	https://www.semanticscholar.org/paper/9d9e9219dff3de5f8d6e25efdb75cb930a454e5c	True	3	6	0	4	radiation-induced DNA damage mechanistic model cell survival	BACKGROUND AND PURPOSE Radiotherapy (RT) has a promising anti-tumor effect depending on its effects on both cancer cells and tumor immune microenvironment (TIME). As one of the most common alterations in hepatocellular carcinoma (HCC), wnt/β-catenin pathway activation, has been reported to induce radioresistance and suppressive TIME. In this study, we aim to explore the effect of wnt/β-catenin inhibitor ICG-001 on radiosensitivity and RT-related TIME of HCC and the underlying mechanism.   MATERIALS AND METHODS C57BL/6 and nude mouse tumor models were used to evaluate the efficacy of different treatments on tumor growth, recurrence and mice survival. Flow cytometry was performed to assess tumor infiltrating lymphocytes (TILs). DNA damage response (DDR) and radioresistance was investigated by colony formation assays, γ-H2AX and micronuclei measurements.   RESULTS The addition of ICG-001 to RT exhibited better anti-tumor and survival-prolong efficacy in C57BL/6 than nude mice. TILs analysis revealed that ICG-001 plus RT boosted the infiltration and IFN-γ production of TIL CD8+ T cells, meanwhile reduced the number of Tregs. Moreover, mechanistic study demonstrated that ICG-001 increased the radiation-induced DDR of HCC cells by suppressing p53, thus leading to stronger activation of cGAS/STING pathway. Utilization of cGAS/STING pathway inhibitors impaired the therapeutic effect of combination therapy. Furthermore, combination therapy led to stronger immunologic memory and tumor relapse prevention.   CONCLUSIONS Our findings showed that ICG-001 displayed both local and systematic effects by increasing radiosensitivity and improving immunity in HCC, which indicated that ICG-001 might be a potential synergetic treatment for radiotherapy and radioimmunotherapy in HCC patients.
206	11.4	10.11113/mjfas.v13n2.563	Mini-review: recent updates on the mathematical modelling of radiation-induced bystander effects	2017		2	M. Nasir, F. M. Siam	https://mjfas.utm.my/index.php/mjfas/article/download/563/pdf	https://www.semanticscholar.org/paper/4e0b3027aab58a237d9f3cd9163209a23ad53cc0	True	3	1	1	4	radiation DNA repair mathematical model simulation	Radiotherapy treatment uses ionizing radiation (IR) in order to kill cancer cells. However, the IR exerted its effects outside the radiation field and causes cell death in healthy cells. This effect namely as radiation-induced bystander effects (RIBE) phenomenon. The scope of the overview of the RIBE phenomenon discussed in this paper includes the RIBE mechanism, danger signaling process, deoxyribonucleic acid (DNA) double-strand breaks (DSBs) damage and the damage repair. This paper extended with the discussion of several mathematical models used to describe the RIBE phenomenon. The discussions towards the mathematical models include the models of signals concentration, the models of bystander effects and the survival fraction model. Mathematical modelling and computer simulation are powerful tools used to understand the biological phenomenon of RIBE. The suitable mathematical model of repair and mis-repair DNA DSBs damage has been briefly reviewed in view of the relevance of this model towards RIBE phenomenon. The outcome of this paper suggested a recommendation for future research on the suitable mathematical model and simulation analysis in describing the complexity of RIBE phenomenon.
207	11.2	10.1186/s13014-017-0849-1	Difference in the relative biological effectiveness and DNA damage repair processes in response to proton beam therapy according to the positions of the spread out Bragg peak	2017	Radiation Oncology	34	H. Hojo, T. Dohmae, K. Hotta, R. Kohno, A. Motegi, Atsushi Yagishita	https://ro-journal.biomedcentral.com/track/pdf/10.1186/s13014-017-0849-1	https://www.semanticscholar.org/paper/1a9f81b338668919e9c225e44bf07c3c5937d219	True	2	4	0	4	relative biological effectiveness mechanistic model DNA damage repair	Cellular responses to proton beam irradiation are not yet clearly understood, especially differences in the relative biological effectiveness (RBE) of high-energy proton beams depending on the position on the Spread-Out Bragg Peak (SOBP). Towards this end, we investigated the differences in the biological effect of a high-energy proton beam on the target cells placed at different positions on the SOBP, using two human esophageal cancer cell lines with differing radiosensitivities. Two human esophageal cancer cell lines (OE21, KYSE450) with different radiosensitivities were irradiated with a 235-MeV proton beam at 4 different positions on the SOBP (position #1: At entry; position #2: At the proximal end of the SOBP; position #3: Center of the SOBP; position #4: At the distal end of the SOBP), and the cell survivals were assessed by the clonogenic assay. The RBE10 for each position of the target cell lines on the SOBP was determined based on the results of the cell survival assay conducted after photon beam irradiation. In addition, the number of DNA double-strand breaks was estimated by quantitating the number of phospho-histone H2AX (γH2AX) foci formed in the nuclei by immunofluorescence analysis. In regard to differences in the RBE of a proton beam according to the position on the SOBP, the RBE value tended to increase as the position on the SOBP moved distally. Comparison of the residual number of γH2AX foci at the end 24 h after the irradiation revealed, for both cell lines, a higher number of foci in the cells irradiated at the distal end of the SOPB than in those irradiated at the proximal end or center of the SOBP. The results of this study demonstrate that the RBE of a high-energy proton beam and the cellular responses, including the DNA damage repair processes, to high-energy proton beam irradiation, differ according to the position on the SOBP, irrespective of the radiosensitivity levels of the cell lines.
208	11.2	10.1093/narcan/zcae011	The AsiDNA™ decoy mimicking DSBs protects the normal tissue from radiation toxicity through a DNA-PK/p53/p21-dependent G1/S arrest	2024	NAR Cancer	7	A. Sesink, Margaux Becerra, Jia‐Ling Ruan, Sophie Leboucher, M. Dubail, Sophie Heinrich	https://academic.oup.com/narcancer/article-pdf/6/1/zcae011/56941819/zcae011.pdf	https://www.semanticscholar.org/paper/39caa9f4dfca9af7a4528d770bd9fefb4d899044	True	2	4	0	4	TOPAS-nBio DNA damage cell survival radiation model	Abstract AsiDNA™, a cholesterol-coupled oligonucleotide mimicking double-stranded DNA breaks, was developed to sensitize tumour cells to radio- and chemotherapy. This drug acts as a decoy hijacking the DNA damage response. Previous studies have demonstrated that standalone AsiDNA™ administration is well tolerated with no additional adverse effects when combined with chemo- and/or radiotherapy. The lack of normal tissue complication encouraged further examination into the role of AsiDNA™ in normal cells. This research demonstrates the radioprotective properties of AsiDNA™. In vitro, AsiDNA™ induces a DNA-PK/p53/p21-dependent G1/S arrest in normal epithelial cells and fibroblasts that is absent in p53 deficient and proficient tumour cells. This cell cycle arrest improved survival after irradiation only in p53 proficient normal cells. Combined administration of AsiDNA™ with conventional radiotherapy in mouse models of late and early radiation toxicity resulted in decreased onset of lung fibrosis and increased intestinal crypt survival. Similar results were observed following FLASH radiotherapy in standalone or combined with AsiDNA™. Mechanisms comparable to those identified in vitro were detected both in vivo, in the intestine and ex vivo, in precision cut lung slices. Collectively, the results suggest that AsiDNA™ can partially protect healthy tissues from radiation toxicity by triggering a G1/S arrest in normal cells.
209	11.2	10.1182/blood-2019-129472	Targeting DNA Damage and Repair in Acute Myeloid Leukemia Carrying Internal Tandem Duplication of Fms-like Tyrosine Kinase 3 (FLT3-ITD) - a Mechanistic Study	2019	Blood	1	K. Ng, Claire Lynn, T. W. Leung, Eric So, A. Leung	https://doi.org/10.1182/blood-2019-129472	https://www.semanticscholar.org/paper/72843d7e33c2788a86db59c8e15848de5bd3a2cf	True	4	7	0	2	FLASH radiotherapy oxygen DNA damage repair mechanistic model	Objective  Internal tandem duplication (ITD) of fms-like tyrosine kinase 3 (FLT3) is one of the most common mutations in acute myeloid leukemia (AML), occurring in nearly 30% of cases. FLT3-ITD involves in-frame duplication of 3-400 base-pairs at the juxta-membrane domain, resulting in ligand-independent activation of FLT3 signaling. Downstream effectors include activation of ERK/STAT5 via SRC kinase, activation of PI3K/AKT, phosphorylation of FOXO3A, down-regulation of equilibrative nucleoside transporter 1 (ENT1) for cytarabine, and induction of reactive oxygen species (ROS) that may lead to increased DNA damage and defective repair. The present study investigated if the latter can be effectively targeted for the treatment of this AML subtype.  Methods  Primary samples from patients with FLT3-ITD AML, human cell line carrying FLT3-ITD (MOLM-13) as well as mouse B-lymphoid Ba/F3 cells transduced with human FLT3-ITD were used in this study. Traffic Light Reporter (TLR) assay was used to measure fidelity of double-strand breaks (DSB) repair, either via error-free homologous recombination (HR) or error-prone non-homologous end joining (NHEJ). Percentage of repair events by HR or NHEJ were quantified by flow cytometry. DNA DSB were examined by γ-H2AX foci staining using confocal microscopy. Single-cell DSB were quantified by neutral comet assay and analysed by OpenComet software. The tail moment was calculated as the length of comet tail multiplied by the tail DNA %. MOLM-13 was transplanted into NOD/SCID/IL2Rg-/- (NSG) mice by tail vein injection. Treatment comprised cytarabine (25mg/kg, i.p., day 1-5) and doxorubicin (1.5mg/kg, i.v., day 1-3), with or without olaparib (25mg/kg, i.p., day 1-5). Comparisons between groups of numerical data were evaluated using Student's t-test. P-values less than 0.05 were considered statistically significant.  Results  To investigate the link between FLT3-ITD AML and DNA damage response (DDR), expression of critical DDR genes in primary AML samples was examined by real-time quantitative PCR. The panel of genes included apical kinase ATM, ATR and DNA-PKcs; DNA damage mediators BRCA1,BRCA2 and PARP1; downstream response kinase CHEK1 and CHEK2 and effectors TP53. Among them, BRCA2 was significantly down-regulated in FLT3-ITD AML(Wild-type FLT3=18 samples; FLT3-ITD=13 samples; Average dCt 9.7 in WT vs. 10.6 in ITD; p<0.05). Down-regulation of BRCA2 in FLT3-ITD AML was further validated in a microarray database GSE15434 from a multicenter study investigating gene expression profiles of normal karyotype AML( FLT3-WT=148; FL3-ITD=86; ; log2 gene expression 5.61 in WT vs 5.45 in ITD; p<0.001). As BRCA2 is an important protein mediating HR, a DSB DNA repair TLR assay was performed. HR was significantly down-regulated in Ba/F3-FLT3-ITD as compared with parental Ba/F3 line by flow cytometry(1.21% HR repair in control vs. 0.44% in ITD; p<0.05) while NHEJ was unaffected (1.90% NHEJ repair in control vs. 2.38% in ITD; p=0.50). Down-regulation of BRCA2 expression and defective HR in FLT3-ITD AML was reminiscent of BRCA mutant breast and ovarian cancers. Therefore, the effects of poly (ADP-ribose) polymerase (PARP) inhibitor (PARPi) olaparib were examined. Ba/F3-FLT3-ITD were more sensitive to olaparib than parental line. Olaparib inhibited base excision repair and increased DSB as indicated by increased number of γ-H2AX foci and increased tail moment in Ba/F3-FLT3-ITD cells when compared to parental line. Olaparib-induced DSB in Ba/F3-FLT3-ITD cells was mainly repaired by NHEJ as shown by colocalization of γ-H2AX foci with 53BP1. Combination of chemotherapy (cytarabine and doxorubicin) and olaparib synergistically reduced leukemic cell growth of MOLM-13 in NSG murine xenograft model.  Conclusion  Results from the present study supported the use of PARPi in the treatment of FLT3-ITD AML. Its therapeutic benefits in combination with chemotherapy would have to be further evaluated.  Acknowledgements: Health and Medical Research Fund (Project number: 04152326) and Li Shu Fan Medical Foundation, LKS Faculty of Medicine, University of Hong Kong.      No relevant conflicts of interest to declare. 
210	11.1	10.1016/j.molcel.2012.01.020	Distinct regulatory mechanisms and functions of p53-activated and p53-repressed DNA damage response genes in embryonic stem cells	2012	Molecules and Cells	263	Mangmang Li, Yunlong He, W. Dubois, Xiaolin Wu, Jian Shi, Jing Huang	https://europepmc.org/articles/pmc3327774?pdf=render	https://www.semanticscholar.org/paper/ecc3c2043df0bbea4af0a6065f685f01d8463b7b	True	2	2	0	1	p53 radiation DNA damage response mathematical model	SUMMARY p53 is critical in regulating the differentiation of ES and induced pluripotent stem (iPS) cells. Here, we report a whole-genome study of p53-mediated DNA damage signaling in mouse ES cells. Systems analyses reveal that binding of p53 at promoter region significantly correlates with gene activation but not with repression. Unexpectedly, we identify a regulatory mode for p53-mediated repression through interfering with distal enhancer activity. Importantly, many ES cell-enriched core transcription factors are p53-repressed genes. Further analyses demonstrate that p53-repressed genes are functionally associated with ES/iPS cell status while p53-activated genes are linked to differentiation. p53-activated genes and -repressed genes also display distinguishable features of expression levels and epigenetic markers. Upon DNA damage, p53 regulates the self-renewal and pluripotency of ES cells. Together, these results support a model that, in response to DNA damage, p53 affects the status of ES cells through activating differentiation-associated genes and repressing ES cell-enriched genes.
211	11.1	10.1186/s40478-020-01012-6	P53 aggregation, interactions with tau, and impaired DNA damage response in Alzheimer’s disease	2020	Acta Neuropathologica Communications	112	K. Farmer, Gaurav Ghag, Nicha Puangmalai, Mauro Montalbano, Nemil Bhatt, R. Kayed	https://actaneurocomms.biomedcentral.com/track/pdf/10.1186/s40478-020-01012-6	https://www.semanticscholar.org/paper/45cca89d581743ab3297b7eb3b5ec30e039d2798	True	2	2	0	1	p53 radiation DNA damage response mathematical model	The transcription factor, p53, is critical for many important cellular functions involved in genome integrity, including cell cycle control, DNA damage response, and apoptosis. Disruption of p53 results in a wide range of disorders including cancer, metabolic diseases, and neurodegenerative diseases. Alzheimer’s disease (AD) is a neurodegenerative disorder characterized by protein aggregates that contribute to disease pathology. Although p53 is known to aggregate, its propensity to aggregate in AD has never been assessed. Moreover, AD neuropathology includes lethal cell cycle re-entry, excessive DNA damage, and abnormal cell death which are all controlled by p53. Here, we show p53 forms oligomers and fibrils in human AD brain, but not control brain. p53 oligomers can also be detected in htau and P301L mouse models. Additionally, we demonstrate that p53 interacts with tau, specifically tau oligomers, in AD brain and can be recapitulated by in vitro exogenous tau oligomer treatment in C57BL/6 primary neurons. p53 oligomers also colocalize, potentially seeding, endogenous p53 in primary neurons. Lastly, we demonstrate that in the presence of DNA damage, phosphorylated p53 is mislocalized outside the nucleus and p53-mediated DNA damage responders are significantly decreased in AD brain. Control brain shows a healthy DNA damage response, indicating a loss of nuclear p53 function in AD may be due to p53 aggregation and/or interactions with tau oligomers. Given the critical role of p53 in cellular physiology, the disruption of this crucial transcription factor may set an irreversible course towards neurodegeneration in AD and potentially other tauopathies, warranting further investigation.
212	11.1	10.1007/s12035-016-9688-6	Prolonged Effects of Silver Nanoparticles on p53/p21 Pathway-Mediated Proliferation, DNA Damage Response, and Methylation Parameters in HT22 Hippocampal Neuronal Cells	2016	Molecular Neurobiology	103	J. Mytych, J. Zebrowski, A. Lewińska, M. Wnuk	https://link.springer.com/content/pdf/10.1007%2Fs12035-016-9688-6.pdf	https://www.semanticscholar.org/paper/026894919ebce03289cb64d9bb8de678f1a494e4	True	2	2	0	1	p53 radiation DNA damage response mathematical model	It is widely accepted that silver nanoparticles (AgNPs) are toxic to biological systems. However, little is known about their actions at molecular level and the cytophysiological effects after AgNP removal. As nanoparticles are suggested a promising tool to transport drugs to the brain for use in neurological conditions, we used HT22 mouse hippocampal neuronal cells as a model to study AgNP-mediated effects after their removal from the cell culture medium. We selected a relatively low concentration of AgNPs, 5 μg/ml, treated the cells for 48 h, and evaluated AgNP-induced cytophysiological effects after 96 h of AgNP removal. AgNP removal did not result in cytotoxicity. In contrast, AgNPs modulated HT22 cell cycle and proliferation and induced oxidative stress and 53BP1 recruitment, which were accompanied by elevated levels of p53 and p21. AgNP-associated diminution in lamin B1 pools did not significantly affect the structure of the nucleus. No disruption in F-actin dynamics was observed upon AgNP treatment. Moreover, we showed for the first time that AgNPs stimulated changes in DNA methylation: the augmentation in 5-methylcytosine (5-mC) and DNMT1, DNMT2, DNMT3a, and DNMT3b levels were observed. The upregulation of DNMT2 may be a part of cellular stress response to AgNP treatment. Taken together, AgNP removal resulted in p53/p21-mediated inhibition of cell proliferation, oxidant-based DNA damage response, and changes in DNA methylation patterns, which suggests that more attention should be paid to the possible outcomes in individuals exposed to nano-sized biomaterials.
213	11.1	10.1016/j.celrep.2013.10.025	A Cre-versible approach identifies synthetic lethal interactions between MK2 and p53 in the DNA damage response in vivo	2013	Cell Reports	90	Sandra Morandell, H. Reinhardt, I. Cannell, Jacob S Kim, Daniela M Ruf, Tanya Mitra	https://www.cell.com/article/S2211124713006098/pdf	https://www.semanticscholar.org/paper/374c83d9e0292361b152b128ed34bb70df5e8cde	True	2	2	0	1	p53 radiation DNA damage response mathematical model	A fundamental limitation in devising new therapeutic strategies for killing cancer cells with DNA damaging agents is the need to identify synthetic lethal interactions between tumor-specific mutations and components of the DNA damage response (DDR) in vivo. The stress-activated p38MAPK/MK2 pathway is a critical component of the DDR network in p53-deficient tumor cells in vitro. To explore the relevance of this pathway for cancer therapy in vivo, we developed a specific gene targeting strategy in which Cre-mediated recombination simultaneously creates isogenic MK2-proficient and MK2-deficient tumors within a single animal. This allows direct identification of MK2 synthetic lethality with mutations that promote tumor development or control response to genotoxic treatment. In an autochthonous model of NSCLC, we demonstrate that MK2 is responsible for resistance of p53-deficient tumors to cisplatin, indicating synthetic lethality between p53 and MK2 can successfully be exploited for enhanced sensitization of tumors to DNA damaging chemotherapeutics in vivo.
214	11.1	10.1038/s41419-022-05446-9	p53 triggers mitochondrial apoptosis following DNA damage-dependent replication stress by the hepatotoxin methyleugenol	2022	Cell Death and Disease	46	Max J. Carlsson, A. S. Vollmer, P. Demuth, Daniel Heylmann, D. Reich, C. Quarz	https://www.nature.com/articles/s41419-022-05446-9.pdf	https://www.semanticscholar.org/paper/3fb72d823a38dd4cb2c8f31ea2a2b17bce23de56	True	2	2	0	1	p53 radiation DNA damage response mathematical model	Liver cancer is one of the most frequent tumor entities worldwide, which is causally linked to viral infection, fatty liver disease, life-style factors and food-borne carcinogens, particularly aflatoxins. Moreover, genotoxic plant toxins including phenylpropenes are suspected human liver carcinogens. The phenylpropene methyleugenol (ME) is a constituent of essential oils in many plants and occurs in herbal medicines, food, and cosmetics. Following its uptake, ME undergoes Cytochrome P450 (CYP) and sulfotransferase 1A1 (SULT1A1)-dependent metabolic activation, giving rise to DNA damage. However, little is known about the cellular response to the induced DNA adducts. Here, we made use of different SULT1A1-proficient cell models including primary hepatocytes that were treated with 1′-hydroxymethyleugenol (OH-ME) as main phase I metabolite. Firstly, mass spectrometry showed a concentration-dependent formation of N 2 -MIE-dG as major DNA adduct, strongly correlating with SULT1A1 expression as attested in cells with and without human SULT1A1. ME-derived DNA damage activated mainly the ATR-mediated DNA damage response as shown by phosphorylation of CHK1 and histone 2AX, followed by p53 accumulation and CHK2 phosphorylation. Consistent with these findings, the DNA adducts decreased replication speed and caused replication fork stalling. OH-ME treatment reduced viability particularly in cell lines with wild-type p53 and triggered apoptotic cell death, which was rescued by pan-caspase-inhibition. Further experiments demonstrated mitochondrial apoptosis as major cell death pathway. ME-derived DNA damage caused upregulation of the p53-responsive genes NOXA and PUMA , Bax activation, and cytochrome c release followed by caspase-9 and caspase-3 cleavage. We finally demonstrated the crucial role of p53 for OH-ME triggered cell death as evidenced by reduced pro-apoptotic gene expression, strongly attenuated Bax activation and cell death inhibition upon genetic knockdown or pharmacological inhibition of p53. Taken together, our study demonstrates for the first time that ME-derived DNA damage causes replication stress and triggers mitochondrial apoptosis via the p53-Bax pathway.
215	11.1	10.1093/nar/gkab084	DAZAP2 acts as specifier of the p53 response to DNA damage	2021	Nucleic Acids Research	14	M. Liebl, Jutta Moehlenbrink, Huong Becker, G. Raddatz, Suhaib K. Abdeen, R. Aqeilan	https://doi.org/10.1093/nar/gkab084	https://www.semanticscholar.org/paper/f80b34bd82ea51831cc49ef660b785207644cb60	True	2	2	0	1	p53 radiation DNA damage response mathematical model	Abstract The DNA damage-responsive tumor suppressors p53 and HIPK2 are well established regulators of cell fate decision-making and regulate the cellular sensitivity to DNA-damaging drugs. Here, we identify Deleted in Azoospermia-associated protein 2 (DAZAP2), a small adaptor protein, as a novel regulator of HIPK2 and specifier of the DNA damage-induced p53 response. Knock-down or genetic deletion of DAZAP2 strongly potentiates cancer cell chemosensitivity both in cells and in vivo using a mouse tumour xenograft model. In unstressed cells, DAZAP2 stimulates HIPK2 polyubiquitination and degradation through interplay with the ubiquitin ligase SIAH1. Upon DNA damage, HIPK2 site-specifically phosphorylates DAZAP2, which terminates its HIPK2-degrading function and triggers its re-localization to the cell nucleus. Interestingly, nuclear DAZAP2 interacts with p53 and specifies target gene expression through modulating a defined subset of p53 target genes. Furthermore, our results suggest that DAZAP2 co-occupies p53 response elements to specify target gene expression. Collectively, our findings propose DAZAP2 as novel regulator of the DNA damage-induced p53 response that controls cancer cell chemosensitivity.
216	10.9	10.1038/s41419-023-05576-8	Obesity promotes radioresistance through SERPINE1-mediated aggressiveness and DNA repair of triple-negative breast cancer	2023	Cell Death and Disease	55	Yong-Han Su, Yi-Zhen Wu, D. Ann, Jenny Ling-Yu Chen, Ching-Ying Kuo	https://www.nature.com/articles/s41419-023-05576-8.pdf	https://www.semanticscholar.org/paper/aa6702a44835e4720274cfd5cc53d9d595ec9d70	True	2	5	0	5	microdosimetry nanodosimetry DNA damage repair model ionizing radiation	Obesity is a risk factor in various types of cancer, including breast cancer. The disturbance of adipose tissue in obesity highly correlates with cancer progression and resistance to standard treatments such as chemo- and radio-therapies. In this study, in a syngeneic mouse model of triple-negative breast cancer (TNBC), diet-induced obesity (DIO) not only promoted tumor growth, but also reduced tumor response to radiotherapy. Serpine1 (Pai-1) was elevated in the circulation of obese mice and was enriched within tumor microenvironment. In vitro co-culture of human white adipocytes-conditioned medium (hAd-CM) with TNBC cells potentiated the aggressive phenotypes and radioresistance of TNBC cells. Moreover, inhibition of both cancer cell autonomous and non-autonomous SERPINE1 by either genetic or pharmacological strategy markedly dampened the aggressive phenotypes and radioresistance of TNBC cells. Mechanistically, we uncovered a previously unrecognized role of SERPINE1 in DNA damage response. Ionizing radiation-induced DNA double-strand breaks (DSBs) increased the expression of SERPINE1 in cancer cells in an ATM/ATR-dependent manner, and promoted nuclear localization of SERPINE1 to facilitate DSB repair. By analyzing public clinical datasets, higher SERPINE1 expression in TNBC correlated with patients’ BMI as well as poor outcomes. Elevated SERPINE1 expression and nuclear localization were also observed in radioresistant breast cancer cells. Collectively, we reveal a link between obesity and radioresistance in TNBC and identify SERPINE1 to be a crucial factor mediating obesity-associated tumor radioresistance.
217	10.8	10.1007/s00285-016-1090-5	A reaction–diffusion model for radiation-induced bystander effects	2016	Journal of Mathematical Biology	20	Oluwole Olobatuyi, G. de Vries, T. Hillen	https://www.biorxiv.org/content/biorxiv/early/2016/12/15/094375.full.pdf	https://www.semanticscholar.org/paper/44d4138101fb2bfc3aece43a3e6813dca9002f9c	True	2	1	1	2	radiation bystander effect mathematical model low dose	We develop and analyze a reaction–diffusion model to investigate the dynamics of the lifespan of a bystander signal emitted when cells are exposed to radiation. Experimental studies by Mothersill and Seymour 1997, using malignant epithelial cell lines, found that an emitted bystander signal can still cause bystander effects in cells even 60 h after its emission. Several other experiments have also shown that the signal can persist for months and even years. Also, bystander effects have been hypothesized as one of the factors responsible for the phenomenon of low-dose hyper-radiosensitivity and increased radioresistance (HRS/IRR). Here, we confirm this hypothesis with a mathematical model, which we fit to Joiner’s data on HRS/IRR in a T98G glioma cell line. Furthermore, we use phase plane analysis to understand the full dynamics of the signal’s lifespan. We find that both single and multiple radiation exposure can lead to bystander signals that either persist temporarily or permanently. We also found that, in an heterogeneous environment, the size of the domain exposed to radiation and the number of radiation exposures can determine whether a signal will persist temporarily or permanently. Finally, we use sensitivity analysis to identify those cell parameters that affect the signal’s lifespan and the signal-induced cell death the most.
218	10.8	10.2203/dose-response.09-054.zhao	Modeling dose-Response at Low dose: A Systems Biology Approach for Ionization Radiation	2010	Dose-Response	10	Yuchao Zhao, P. Ricci	https://europepmc.org/articles/pmc2990064?pdf=render	https://www.semanticscholar.org/paper/07a492ec32649133f393c8d0eeeeca987ba896ba	True	2	0	0	2	systems biology model radiation induced cancer low dose	
219	10.8	10.1097/md.0000000000041180	ATRX mutation modifies the DNA damage response in glioblastoma multiforme tumor cells and enhances patient prognosis	2025	Medicine	2	Rou Yu, Keru Huang, Xinyan He, Jingwen Zhang, Yushan Ma, Hui Liu	https://doi.org/10.1097/md.0000000000041180	https://www.semanticscholar.org/paper/89334fb95e9947311852d880d8c780526377835e	True	2	3	0	2	radiation quality factor biological effectiveness model DNA damage	The presence of specific genetic mutations in patients with glioblastoma multiforme (GBM) is associated with improved survival outcomes. Disruption of the DNA damage response (DDR) pathway in tumor cells enhances the effectiveness of radiotherapy drugs, while increased mutational burden following tumor cell damage also facilitates the efficacy of immunotherapy. The ATRX gene, located on chromosome X, plays a crucial role in DDR. The aim of this research is to elucidate the correlation between ATRX mutations and GBM. Dataset obtained from TCGA-GBM were conducted an analysis on the genomic features, biological characteristics, immunopathological markers, and clinical prognosis of patients carrying ATRX mutations. Our findings revealed a significantly elevated level of microsatellite instability in individuals with ATRX mutants, along with significant alterations in the receptor-tyrosine kinase (RTK)-ras pathway among patients exhibiting combined ATRX mutations. TCGA-GBM patients with concurrent ATRX mutations exhibited sensitivity to 26 chemotherapeutic and anticancer drugs, which exerted their effects by modulating the DDR of tumor cells through highly correlated mechanisms involving the RTK-ras pathway. Additionally, we observed an enrichment of ATRX mutations in specific pathways associated with DDR among TCGA-GBM patients. Our model also demonstrated prolonged overall survival in patients carrying ATRX mutations, particularly showing strong predictive value for 3- and 5-year survival rates. Furthermore, additional protective factors such as younger age, female gender, combined IDH mutations, and TP53 mutations were identified. The results underscore the protective role and prognostic significance of ATRX mutations in GBM as a potential therapeutic target and biomarker for patient survival.
220	10.8	10.1016/j.ijrobp.2021.07.790	Apoptosis and DNA Repair in Irradiated Cerebral Organoids.	2021	International Journal of Radiation Oncology, Biology, Physics	1	D. Vanderbilt, R. Singhania, A. Muley, H. Fine	https://doi.org/10.1016/j.ijrobp.2021.07.790	https://www.semanticscholar.org/paper/10426d6884e65718ba0f4e8f42650d849b4bf49c	True	2	3	0	2	radiation DNA repair mathematical model simulation	PURPOSE/OBJECTIVE(S) In the treatment of CNS neoplasms, radiation therapy to high biologically effective doses is performed in both fractionated and single fraction schemes. Inevitably, normal CNS tissues are irradiated, leading to both acute and late toxicities, and demanding greater insight into normal tissue effects and development of innovative strategies for radioprotection and mitigation. For this purpose, the cerebral organoid, which recapitulates many cell types and complex architectures of the human brain, is proposed as a model system. The objective of our study was to characterize the response of cerebral organoids to high single fraction doses of photon irradiation in terms of apoptosis, DNA damage, and activation of DNA repair.   MATERIALS/METHODS Cerebral organoids were prepared from human embryonic stem cells as previously described. CNS tissue differentiation was verified by histopathology. Irradiation of organoids was accomplished using a 160 kV x-ray irradiator. Apoptosis was characterized by immunofluorescence of cleaved caspase 3 and TUNEL assay. DNA damage and repair was determined by immunofluorescence of γH2Ax foci and 53BP1.   RESULTS While cerebral organoids demonstrated no gross morphologic changes to high single dose radiation up to 40 Gy even when incubated for several months following treatment, individual apoptotic cells were readily apparent at 72 hours after 20 Gy. High levels of γH2Ax foci and 53BP1 were observed within hours. While characterization of the kinetics of DNA repair showed significant resolution of DNA damage foci by 24 hours, many foci persisted at 72 hours alongside activation of apoptotic pathways. Choroid plexus tissue was highly resistant to radiation-induced apoptosis.   CONCLUSION Cerebral organoids provide a viable experimental platform to study effects of radiation in normal CNS tissues, and may potentially aid in the development of neuroprotective strategies.
221	10.5	10.1038/npjamd.2016.22	Increased oxidative phosphorylation in response to acute and chronic DNA damage	2016	npj Aging and Mechanisms of Disease	89	L. Brace, Sarah C Vose, Kristopher J. Stanya, R. Gathungu, Vasant R Marur, A. Longchamp	https://www.nature.com/articles/npjamd201622.pdf	https://www.semanticscholar.org/paper/54bf5235b95c961fe67aacfc7f39b3325fa66383	True	2	4	0	3	radiation adaptive response mathematical model DNA damage	Accumulation of DNA damage is intricately linked to aging, aging-related diseases and progeroid syndromes such as Cockayne syndrome (CS). Free radicals from endogenous oxidative energy metabolism can damage DNA, however the potential of acute or chronic DNA damage to modulate cellular and/or organismal energy metabolism remains largely unexplored. We modeled chronic endogenous genotoxic stress using a DNA repair-deficient Csa−/−|Xpa−/− mouse model of CS. Exogenous genotoxic stress was modeled in mice in vivo and primary cells in vitro treated with different genotoxins giving rise to diverse spectrums of lesions, including ultraviolet radiation, intrastrand crosslinking agents and ionizing radiation. Both chronic endogenous and acute exogenous genotoxic stress increased mitochondrial fatty acid oxidation (FAO) on the organismal level, manifested by increased oxygen consumption, reduced respiratory exchange ratio, progressive adipose loss and increased FAO in tissues ex vivo. In multiple primary cell types, the metabolic response to different genotoxins manifested as a cell-autonomous increase in oxidative phosphorylation (OXPHOS) subsequent to a transient decline in steady-state NAD+ and ATP levels, and required the DNA damage sensor PARP-1 and energy-sensing kinase AMPK. We conclude that increased FAO/OXPHOS is a general, beneficial, adaptive response to DNA damage on cellular and organismal levels, illustrating a fundamental link between genotoxic stress and energy metabolism driven by the energetic cost of DNA damage. Our study points to therapeutic opportunities to mitigate detrimental effects of DNA damage on primary cells in the context of radio/chemotherapy or progeroid syndromes.
222	10.5	10.1021/acsami.2c03706	Evaluation of Proton-Induced DNA Damage in 3D-Engineered Glioblastoma Microenvironments	2022	ACS Applied Materials and Interfaces	28	Qais Akolawala, M. Rovituso, H. Versteeg, A. Rondon, A. Accardo	https://pubs.acs.org/doi/pdf/10.1021/acsami.2c03706	https://www.semanticscholar.org/paper/c979ff4f121accd5eecd88f88d325d551c3bc6c3	True	2	4	0	3	radiation adaptive response mathematical model DNA damage	Glioblastoma (GBM) is a devastating cancer of the brain with an extremely poor prognosis. For this reason, besides clinical and preclinical studies, novel in vitro models for the assessment of cancer response to drugs and radiation are being developed. In such context, three-dimensional (3D)-engineered cellular microenvironments, compared to unrealistic two-dimensional (2D) monolayer cell culture, provide a model closer to the in vivo configuration. Concerning cancer treatment, while X-ray radiotherapy and chemotherapy remain the current standard, proton beam therapy is an appealing alternative as protons can be efficiently targeted to destroy cancer cells while sparing the surrounding healthy tissue. However, despite the treatment’s compelling biological and medical rationale, little is known about the effects of protons on GBM at the cellular level. In this work, we designed novel 3D-engineered scaffolds inspired by the geometry of brain blood vessels, which cover a vital role in the colonization mechanisms of GBM cells. The architectures were fabricated by two-photon polymerization (2PP), cultured with U-251 GBM cells and integrated for the first time in the context of proton radiation experiments to assess their response to treatment. We employed Gamma H2A.X as a fluorescent biomarker to identify the DNA damage induced in the cells by proton beams. The results show a higher DNA double-strand breakage in 2D cell monolayers as compared to cells cultured in 3D. The discrepancy in terms of proton radiation response could indicate a difference in the radioresistance of the GBM cells or in the rate of repair kinetics between 2D cell monolayers and 3D cell networks. Thus, these biomimetic-engineered 3D scaffolds pave the way for the realization of a benchmark tool that can be used to routinely assess the effects of proton therapy on 3D GBM cell networks and other types of cancer cells.
223	10.5	10.1016/j.jbc.2023.105032	PC4-mediated Ku complex PARylation facilitates NHEJ-dependent DNA damage repair	2023	Journal of Biological Chemistry	15	Qimei Pan, P. Luo, C. Shi	http://www.jbc.org/article/S0021925823020604/pdf	https://www.semanticscholar.org/paper/302e23584ad14062aaab2b89ab1a53ffbaf53004	True	2	4	0	3	FLASH radiotherapy oxygen DNA damage repair mechanistic model	Radiotherapy is one of the mainstay treatments for hepatocellular carcinoma (HCC). However, a substantial number of patients with HCC develop radioresistance and eventually suffer from tumor progression or relapse, which is a major impediment to the use of radiotherapy. Therefore, elucidating the mechanisms underlying radioresistance and identifying novel therapeutic targets to improve patient prognosis are important in HCC management. In this study, using in vitro and in vivo models, laser microirradiation and live cell imaging methods, and coimmunoprecipitation assays, we report that a DNA repair enhancer, human positive cofactor 4 (PC4), promotes nonhomologous end joining-based DNA repair and renders HCC cells resistant to radiation. Mechanistically, PC4 interacts with poly (ADP-ribose) polymerase 1 and directs Ku complex PARylation, resulting in the successful recruitment of the Ku complex to damaged chromatin and increasing the efficiency of nonhomologous end joining repair. Clinically, PC4 is highly expressed in tumor tissues and is correlated with poor prognosis in patients with HCC. Taken together, our data suggest that PC4 is a DNA repair driver that can be targeted to radiosensitize HCC cells.
224	10.5	10.1038/cddis.2016.298	Attenuated DNA damage repair delays therapy-related myeloid neoplasms in a mouse model	2016	Cell Death and Disease	10	K. Tong, Kazushige Ota, A. Komuro, Takeshi Ueda, Akihiko Ito, C. Anne Koch	https://www.nature.com/articles/cddis2016298.pdf	https://www.semanticscholar.org/paper/722666edc3bcc636a9ee9dc6f617509042b06d10	True	2	4	0	3	microdosimetry nanodosimetry DNA damage repair model ionizing radiation	Therapy-related cancers are potentially fatal late life complications for patients who received radio- or chemotherapy. So far, the mouse model showing reduction or delay of these diseases has not been described. We found that the disruption of Aplf in mice moderately attenuated DNA damage repair and, unexpectedly, impeded myeloid neoplasms after exposure to ionizing radiation (IR). Irradiated mutant mice showed higher rates of p53-dependent cell death, fewer chromosomal translocations, and a delay in malignancy-induced mortality. Simultaneous deficiency of p53 abrogated IR-induced apoptosis and the benefit of impaired DNA repair on mortality in irradiated Aplf–/– mice. Depletion of APLF in non-tumorigenic human cells also markedly reduced the risk of radiation-induced chromosomal aberrations. We therefore conclude that proficient DNA damage repair may promote chromosomal aberrations in normal tissues after irradiation and induce malignant evolution, thus illustrating the potential benefit in sensitizing p53 function by manipulating DNA repair efficiency in cancer patients undergoing genotoxic therapies.
225	10.4	10.1016/j.radonc.2021.03.038	Impact of DNA repair and reactive oxygen species levels on radioresistance in pancreatic cancer.	2021	Radiotherapy and Oncology	20	Lily L Nguyen, S. Dobiasch, G. Schneider, R. Schmid, O. Azimzadeh, Kristiyan Kanev	https://mediatum.ub.tum.de/doc/1637347/document.pdf	https://www.semanticscholar.org/paper/b2f672081d11739b87563edca34598a52c28c34f	True	3	7	0	4	FLASH radiotherapy oxygen DNA damage repair mechanistic model	PURPOSE Radioresistance in pancreatic cancer patients remains a critical obstacle to overcome. Understanding the molecular mechanisms underlying radioresistance may achieve better response to radiotherapy and thereby improving the poor treatment outcome. The aim of the present study was to elucidate the mechanisms leading to radioresistance by detailed characterization of isogenic radioresistant and radiosensitive cell lines.   METHODS The human pancreatic cancer cell lines, Panc-1 and MIA PaCa-2 were repeatedly exposed to radiation to generate radioresistant (RR) isogenic cell lines. The surviving cells were expanded, and their radiosensitivity was measured using colony formation assay. Tumor growth delay after irradiation was determined in a mouse pancreatic cancer xenograft model. Gene and protein expression were analyzed using RNA sequencing and Western blot, respectively. Cell cycle distribution and apoptosis (Caspase 3/7) were measured by FACS analysis. Reactive oxygen species generation and DNA damage were analyzed by detection of CM-H2DCFDA and γH2AX staining, respectively. Transwell chamber assays were used to investigate cell migration and invasion.   RESULTS The acquired radioresistance of RR cell lines was demonstrated in vitro and validated in vivo. Ingenuity pathway analysis of RNA sequencing data predicted activation of cell viability in both RR cell lines. RR cancer cell lines demonstrated greater DNA repair efficiency and lower basal and radiation-induced reactive oxygen species levels. Migration and invasion were differentially affected in RR cell lines.   CONCLUSIONS Our data indicate that repeated exposure to irradiation increases the expression of genes involved in cell viability and thereby leads to radioresistance. Mechanistically, increased DNA repair capacity and reduced oxidative stress might contribute to the radioresistant phenotype.
226	10.2	10.3390/cancers12040799	Ionizing Radiation and Complex DNA Damage: Quantifying the Radiobiological Damage Using Monte Carlo Simulations	2020	Cancers	77	K. Chatzipapas, P. Papadimitroulas, D. Emfietzoglou, S. A. Kalospyros, M. Hada, A. Georgakilas	https://www.mdpi.com/2072-6694/12/4/799/pdf?version=1585735354	https://www.semanticscholar.org/paper/6c34684fbe10b58ea394d8a80dc378dac10a1628	True	2	2	0	4	radiation DNA repair mathematical model simulation	Ionizing radiation is a common tool in medical procedures. Monte Carlo (MC) techniques are widely used when dosimetry is the matter of investigation. The scientific community has invested, over the last 20 years, a lot of effort into improving the knowledge of radiation biology. The present article aims to summarize the understanding of the field of DNA damage response (DDR) to ionizing radiation by providing an overview on MC simulation studies that try to explain several aspects of radiation biology. The need for accurate techniques for the quantification of DNA damage is crucial, as it becomes a clinical need to evaluate the outcome of various applications including both low- and high-energy radiation medical procedures. Understanding DNA repair processes would improve radiation therapy procedures. Monte Carlo simulations are a promising tool in radiobiology studies, as there are clear prospects for more advanced tools that could be used in multidisciplinary studies, in the fields of physics, medicine, biology and chemistry. Still, lot of effort is needed to evolve MC simulation tools and apply them in multiscale studies starting from small DNA segments and reaching a population of cells.
227	10.2	10.1002/advs.202205529	Stellettin B Sensitizes Glioblastoma to DNA‐Damaging Treatments by Suppressing PI3K‐Mediated Homologous Recombination Repair	2022	Advancement of science	28	Xin Peng, Shaolu Zhang, Yingying Wang, Zhicheng Zhou, Zi-Shu Yu, Z. Zhong	https://onlinelibrary.wiley.com/doi/pdfdirect/10.1002/advs.202205529	https://www.semanticscholar.org/paper/5d942e9739293dcc616fddd877a17d379285d8b4	True	2	5	0	4	FLASH radiotherapy oxygen DNA damage repair mechanistic model	Glioblastoma (GBM) is the most aggressive type of cancer. Its current first‐line postsurgery regimens are radiotherapy and temozolomide (TMZ) chemotherapy, both of which are DNA damage‐inducing therapies but show very limited efficacy and a high risk of resistance. There is an urgent need to develop novel agents to sensitize GBM to DNA‐damaging treatments. Here it is found that the triterpene compound stellettin B (STELB) greatly enhances the sensitivity of GBM to ionizing radiation and TMZ in vitro and in vivo. Mechanistically, STELB inhibits the expression of homologous recombination repair (HR) factors BRCA1/2 and RAD51 by promoting the degradation of PI3Kα through the ubiquitin‐proteasome pathway; and the induced HR deficiency then leads to augmented DNA damage and cell death. It is further demonstrated that STELB has the potential to rapidly penetrate the blood‐brain barrier to exert anti‐GBM effects in the brain, based on zebrafish and nude mouse orthotopic xenograft tumor models. The study provides strong evidence that STELB represents a promising drug candidate to improve GBM therapy in combination with DNA‐damaging treatments.
228	10.1	10.1093/nar/gkv284	Integrative genomic analysis reveals widespread enhancer regulation by p53 in response to DNA damage	2015	Nucleic Acids Research	85	S. Younger, Daniela Kenzelmann-Broz, Heiyoun Jung, L. Attardi, J. Rinn	https://academic.oup.com/nar/article-pdf/43/9/4447/16661132/gkv284.pdf	https://www.semanticscholar.org/paper/3049abe4e3844630e7bf25dfbd919c9b0ab8302f	True	2	3	0	1	p53 radiation DNA damage response mathematical model	The tumor suppressor p53 has been studied extensively as a direct transcriptional activator of protein-coding genes. Recent studies, however, have shed light on novel regulatory functions of p53 within noncoding regions of the genome. Here, we use a systematic approach that integrates transcriptome-wide expression analysis, genome-wide p53 binding profiles and chromatin state maps to characterize the global regulatory roles of p53 in response to DNA damage. Notably, our approach identified conserved features of the p53 network in both human and mouse primary fibroblast models. In addition to known p53 targets, we identify many previously unappreciated mRNAs and long noncoding RNAs that are regulated by p53. Moreover, we find that p53 binding occurs predominantly within enhancers in both human and mouse model systems. The ability to modulate enhancer activity offers an additional layer of complexity to the p53 network and greatly expands the diversity of genomic elements directly regulated by p53.
229	10.1	10.1038/s42003-020-0975-4	Tau affects P53 function and cell fate during the DNA damage response	2020	Communications Biology	49	M. Sola, Claudia Magrin, G. Pedrioli, Sandra Pinton, A. Salvadè, S. Papin	https://www.nature.com/articles/s42003-020-0975-4.pdf	https://www.semanticscholar.org/paper/00af5203b2d30e8494cfe031c7f5dd920cb0b667	True	2	1	1	1	p53 radiation DNA damage response mathematical model	Cells are constantly exposed to DNA damaging insults. To protect the organism, cells developed a complex molecular response coordinated by P53, the master regulator of DNA repair, cell division and cell fate. DNA damage accumulation and abnormal cell fate decision may represent a pathomechanism shared by aging-associated disorders such as cancer and neurodegeneration. Here, we examined this hypothesis in the context of tauopathies, a neurodegenerative disorder group characterized by Tau protein deposition. For this, the response to an acute DNA damage was studied in neuroblastoma cells with depleted Tau, as a model of loss-of-function. Under these conditions, altered P53 stability and activity result in reduced cell death and increased cell senescence. This newly discovered function of Tau involves abnormal modification of P53 and its E3 ubiquitin ligase MDM2. Considering the medical need with vast social implications caused by neurodegeneration and cancer, our study may reform our approach to disease-modifying therapies. Martina Sola, Claudia Magrin et al. study the relation between Tau and P53 in response to DNA damage. They uncover an important role for Tau in regulating the stability, and activity of P53 post translationally. Their findings provide insights to potentially common pathways in neurodegenerative disease and cancer.
230	10.1	10.3390/cells12071085	Quadra-Stable Dynamics of p53 and PTEN in the DNA Damage Response	2023	Cells	15	Shantanu Gupta, P. Panda, D. A. Silveira, R. Ahuja, R. F. Hashimoto	https://www.mdpi.com/2073-4409/12/7/1085/pdf?version=1680616401	https://www.semanticscholar.org/paper/85cd2ace847f85fc114d8ba18caf2e62c0c76bec	True	2	3	0	1	p53 radiation DNA damage response mathematical model	Cell fate determination is a complex process that is frequently described as cells traveling on rugged pathways, beginning with DNA damage response (DDR). Tumor protein p53 (p53) and phosphatase and tensin homolog (PTEN) are two critical players in this process. Although both of these proteins are known to be key cell fate regulators, the exact mechanism by which they collaborate in the DDR remains unknown. Thus, we propose a dynamic Boolean network. Our model incorporates experimental data obtained from NSCLC cells and is the first of its kind. Our network’s wild-type system shows that DDR activates the G2/M checkpoint, and this triggers a cascade of events, involving p53 and PTEN, that ultimately lead to the four potential phenotypes: cell cycle arrest, senescence, autophagy, and apoptosis (quadra-stable dynamics). The network predictions correspond with the gain-and-loss of function investigations in the additional two cell lines (HeLa and MCF-7). Our findings imply that p53 and PTEN act as molecular switches that activate or deactivate specific pathways to govern cell fate decisions. Thus, our network facilitates the direct investigation of quadruplicate cell fate decisions in DDR. Therefore, we concluded that concurrently controlling PTEN and p53 dynamics may be a viable strategy for enhancing clinical outcomes.
231	10.1	10.1016/j.adro.2023.101382	Radiation Therapy for Colorectal Liver Metastasis: The Effect of Radiation Therapy Dose and Chemotherapy on Local Control and Survival	2023	Advances in Radiation Oncology	5	MD Ishita Chen, PhD Jeho Jeong, MD Paul B. Romesser, MD Lara Hilal, MD John Cuaron, MD Melissa Zinovoy	http://www.advancesradonc.org/article/S2452109423002105/pdf	https://www.semanticscholar.org/paper/39585e5e27cf263864477aad3881fd0117cec146	True	2	3	0	1	radiation bystander effect mathematical model low dose	Purpose Colorectal liver metastases (CLMs) represent a radioresistant histology. We aimed to investigate CLM radiation therapy (RT) outcomes and explore the association with treatment parameters. Methods and Materials This retrospective analysis of CLM treated with RT at Memorial Sloan Kettering Cancer Center used Kaplan-Meier analysis to estimate freedom from local progression (FFLP), hepatic progression-free, progression-free, and overall survival (OS). Cox proportional hazards regression was used to evaluate association with clinical factors. Dose-response relationship was further evaluated using a mechanistic tumor control probability (TCP) model. Results Ninety patients with 122 evaluable CLMs treated 2006 to 2019 with a variety of RT fractionation schemes with a median biologically effective dose (α/β = 10; BED10) of 97.9 Gy (range, 43.2-187.5 Gy) were included. Median lesion size was 3.5 cm (0.7-11.8 cm). Eighty-seven patients (97%) received prior systemic therapy, and 73 patients (81%) received prior liver-directed therapy. At a median follow-up of 26.4 months, rates of FFLP and OS were 62% (95% CI, 53%-72%) and 75% (66%-84%) at 1 year and 42% (95% CI, 32%-55%) and 44% (95% CI, 34%-57%) at 2 years, respectively. BED10 below 96 Gy and receipt of ≥3 lines of chemotherapy were associated with worse FFLP (hazard ratio [HR], 2.69; 95% CI, 1.54-4.68; P < .001 and HR, 2.67; 95% CI, 1.50-4.74; P < .001, respectively) and OS (HR, 2.35; 95% CI, 1.35-4.09; P = .002 and HR, 4.70; 95% CI, 2.37-9.31; P < .001) on univariate analyses, which remained significant or marginally significant on multivariate analyses. A mechanistic Tumor Control Probability (TCP) model showed a higher 2-Gy equivalent dose needed for local control in patients who had been exposed to ≥ 3 lines of chemotherapy versus 0 to 2 (250 ± 29 vs 185 ± 77 Gy for 70% TCP). Conclusions In a large single-institution series of heavily pretreated patients with CLM undergoing liver RT, low BED10 and multiple prior lines of systemic therapy were associated with lower local control and OS. These results support continued dose escalation efforts for patients with CLM.
232	10.0	10.4061/2010/350608	From DNA Radiation Damage to Cell Death: Theoretical Approaches	2010	Journal of Nucleic Acids	51	F. Ballarini	https://downloads.hindawi.com/journals/jna/2010/350608.pdf	https://www.semanticscholar.org/paper/7439b04ad9e4e572dd32ffc535e88ce3ad0e7561	True	3	1	1	2	radiation-induced DNA damage mechanistic model cell survival	Some representative models of radiation-induced cell death, which is a crucial endpoint in radiobiology, were reviewed. The basic assumptions were identified, their consequences on predicted cell survival were analyzed, and the advantages and drawbacks of each approach were outlined. In addition to “historical” approaches such as the Target Theory, the Linear-Quadratic model, the Theory of Dual Radiation Action and Katz' model, the more recent Local Effect Model was discussed, focusing on its application in Carbon-ion hadrontherapy. Furthermore, a mechanistic model developed at the University of Pavia and based on the relationship between cell inactivation and chromosome aberrations was presented, together with recent results; the good agreement between model predictions and literature experimental data on different radiation types (photons, protons, alpha particles, and Carbon ions) supported the idea that asymmetric chromosome aberrations like dicentrics and rings play a fundamental role for cell death. Basing on these results, a reinterpretation of the TDRA was also proposed, identifying the TDRA “sublesions” and “lesions” as clustered DNA double-strand breaks and (lethal) chromosome aberrations, respectively.
233	10.0	10.3390/radiation2010003	Computational Biophysical Modeling of the Radiation Bystander Effect in Irradiated Cells	2021	Radiation	2	Paweł Wysocki, K. W. Fornalski	https://www.mdpi.com/2673-592X/2/1/3/pdf?version=1641539281	https://www.semanticscholar.org/paper/b42608eb997f8d95231c3bc0b81643b46b9e6261	True	3	1	1	2	radiation bystander effect mathematical model low dose	It is well known that ionizing radiation can cause damages to cells that interact with it directly. However, many studies have shown that damages also occur in cells that have not experienced direct interaction. This is due to the so-called bystander effect, which is observed when the irradiated cell sends signals that can damage neighboring cells. Due to the complexity of this effect, it is not easy to strictly describe it biophysically, and thus it is also difficult to simulate. This article reviews various approaches to modeling and simulating the bystander effect from the point of view of radiation biophysics. In particular, the last model presented within this article is part of a larger project of modeling the response of a group of cells to ionizing radiation using Monte Carlo methods. The new approach presented here is based on the probability tree, the Poisson distribution of signals and the saturated dose-related probability distribution of the bystander effect’s appearance, which makes the model very broad and universal.
234	9.8	10.1038/onc.2010.345	Essential Roles of Jab1 in Cell Survival, Spontaneous DNA Damage, and DNA Repair	2010	Oncogene	72	Ling Tian, Guang Peng, J. Parant, J. Parant, Vasiliki Leventaki, Vasiliki Leventaki	https://europepmc.org/articles/pmc3495558?pdf=render	https://www.semanticscholar.org/paper/4e3a4d65e36b65f9ed9bc3d4a07a71c55a3e024f	True	2	4	0	2	MEDRAS radiation DNA damage repair cell survival model	Jun activation domain-binding protein 1 (JAB1) is a multifunctional protein that participates in the control of cell proliferation and the stability of multiple proteins. JAB1 overexpression has been implicated in the pathogenesis of human cancer. JAB1 regulates several key proteins and thereby produces varied effects on cell cycle progression, genome stability and cell survival. However, the biological significance of JAB1 activity in these cellular signaling pathways is unclear. Therefore, we developed mice that were deficient in Jab1 and analyzed the null embryos and heterozygous cells. This disruption of Jab1 in mice resulted in early embryonic lethality due to accelerated apoptosis. Loss of Jab1 expression sensitized both mouse primary embryonic fibroblasts and osteosarcoma cells to γ-radiation-induced apoptosis, with an increase in spontaneous DNA damage and homologous recombination (HR) defects, both of which correlated with reduced levels of the DNA repair protein Rad51 and elevated levels of p53. Furthermore, the accumulated p53 directly binds to Rad51 promoter, inhibits its activity and represents a major mechanism underlying the HR repair defect in Jab1-deficient cells. These results indicate that Jab1 is essential for efficient DNA repair and mechanistically link Jab1 to the maintenance of genome integrity and to cell survival.
235	9.8	10.1038/srep12362	Autophagy confers DNA damage repair pathways to protect the hematopoietic system from nuclear radiation injury	2015	Scientific Reports	53	Weiwei Lin, Na Yuan, Zhen Wang, Yan Cao, Yixuan Fang, Xin Li	https://www.nature.com/articles/srep12362.pdf	https://www.semanticscholar.org/paper/5d772e046caf4e7638f88e1d306d352a4cd04eab	True	2	4	0	2	MEDRAS radiation DNA damage repair cell survival model	Autophagy is essentially a metabolic process, but its in vivo role in nuclear radioprotection remains unexplored. We observed that ex vivo autophagy activation reversed the proliferation inhibition, apoptosis and DNA damage in irradiated hematopoietic cells. In vivo autophagy activation improved bone marrow cellularity following nuclear radiation exposure. In contrast, defective autophagy in the hematopoietic conditional mouse model worsened the hematopoietic injury, reactive oxygen species (ROS) accumulation and DNA damage caused by nuclear radiation exposure. Strikingly, in vivo defective autophagy caused an absence or reduction in regulatory proteins critical to both homologous recombination (HR) and non-homologous end joining (NHEJ) DNA damage repair pathways, as well as a failure to induce these proteins in response to nuclear radiation. In contrast, in vivo autophagy activation increased most of these proteins in hematopoietic cells. DNA damage assays confirmed the role of in vivo autophagy in the resolution of double-stranded DNA breaks in total bone marrow cells as well as bone marrow stem and progenitor cells upon whole body irradiation. Hence, autophagy protects the hematopoietic system against nuclear radiation injury by conferring and intensifying the HR and NHEJ DNA damage repair pathways and by removing ROS and inhibiting apoptosis.
236	9.8	10.1038/s41467-019-11795-5	hCINAP regulates the DNA-damage response and mediates the resistance of acute myelocytic leukemia cells to therapy	2019	Nature Communications	39	Ruidan Xu, Shuyu Yu, Dan Zhu, Xinping Huang, Yuqi Xu, Yimin Lao	https://www.nature.com/articles/s41467-019-11795-5.pdf	https://www.semanticscholar.org/paper/249a3d211aa781e2a353a9d1081579e3776fa233	True	2	4	0	2	FLASH radiotherapy oxygen DNA damage repair mechanistic model	Acute myeloid leukemia (AML) is a genetically heterogeneous malignant disorder of the hematopoietic system, characterized by the accumulation of DNA-damaged immature myeloid precursors. Here, we find that hCINAP is involved in the repair of double-stranded DNA breaks (DSB) and that its expression correlates with AML prognosis. Following DSB, hCINAP is recruited to damage sites where it promotes SENP3-dependent deSUMOylation of NPM1. This in turn results in the dissociation of RAP80 from the damage site and CTIP-dependent DNA resection and homologous recombination. NPM1 SUMOylation is required for recruitment of DNA repair proteins at the early stage of DNA-damage response (DDR), and SUMOylated NPM1 impacts the assembly of the BRCA1 complex. Knockdown of hCINAP also sensitizes a patient-derived xenograft (PDX) mouse model to chemotherapy. In clinical AML samples, low hCINAP expression is associated with a higher overall survival rate in patients. These results provide mechanistic insight into the function of hCINAP during the DNA-damage response and its role in AML resistance to therapy. Acute myeloid leukemia cells are often resistant to radiotherapy and chemotherapy. Here, the authors suggest that hCINAP contributes to the resistance of acute myeloid leukemia cells by regulating SUMOylation of Nucleophosmin during the DNA-damage response.
237	9.8	10.1038/s41586-025-08835-0	Histone H1 deamidation facilitates chromatin relaxation for DNA repair	2025	Nature	22	Yuan Tian, Tingting Feng, Jun Zhang, Qingren Meng, Wenxin Zhan, Ming Tang	https://doi.org/10.1038/s41586-025-08835-0	https://www.semanticscholar.org/paper/4621fb7a3d44533fe8a694679cb6e3753e691f53	True	2	4	0	2	FLASH radiotherapy oxygen DNA damage repair mechanistic model	The formation of accessible chromatin around DNA double-strand breaks is essential for their efficient repair1. Although the linker histone H1 is known to facilitate higher-order chromatin compaction2,3, the mechanisms by which H1 modifications regulate chromatin relaxation in response to DNA damage are unclear. Here we show that CTP synthase 1 (CTPS1)-catalysed deamidation of H1 asparagine residues 76 and 77 triggers the sequential acetylation of lysine 75 following DNA damage, and this dual modification of H1 is associated with chromatin opening. Mechanistically, the histone acetyltransferase p300 showed a preference for deamidated H1 as a substrate, establishing H1 deamidation as a prerequisite for subsequent acetylation. Moreover, high expression of CTPS1 was associated with resistance to cancer radiotherapy, in both mouse xenograft models and clinical cohorts. These findings provide new insights into how linker histones regulate dynamic chromatin alterations in the DNA damage response. Insights into how the linker histone H1 promotes chromatin alterations and allows repair of DNA damage are described.
238	9.8	10.1038/s41598-021-84620-z	Mathematical model for the thermal enhancement of radiation response: thermodynamic approach	2020	Scientific Reports	17	A. M. De Mendoza, Soňa Michlíková, Johann Berger, J. Karschau, L. Kunz-Schughart, D. McLeod	https://www.nature.com/articles/s41598-021-84620-z.pdf	https://www.semanticscholar.org/paper/213874e729bf1da372783f6bceec409027ccb4cf	True	2	4	0	2	radiation adaptive response mathematical model DNA damage	Radiotherapy can effectively kill malignant cells, but the doses required to cure cancer patients may inflict severe collateral damage to adjacent healthy tissues. Recent technological advances in the clinical application has revitalized hyperthermia treatment (HT) as an option to improve radiotherapy (RT) outcomes. Understanding the synergistic effect of simultaneous thermoradiotherapy via mathematical modelling is essential for treatment planning. We here propose a theoretical model in which the thermal enhancement ratio (TER) relates to the cell fraction being radiosensitised by the infliction of sublethal damage through HT. Further damage finally kills the cell or abrogates its proliferative capacity in a non-reversible process. We suggest the TER to be proportional to the energy invested in the sensitisation, which is modelled as a simple rate process. Assuming protein denaturation as the main driver of HT-induced sublethal damage and considering the temperature dependence of the heat capacity of cellular proteins, the sensitisation rates were found to depend exponentially on temperature; in agreement with previous empirical observations. Our findings point towards an improved definition of thermal dose in concordance with the thermodynamics of protein denaturation. Our predictions well reproduce experimental in vitro and in vivo data, explaining the thermal modulation of cellular radioresponse for simultaneous thermoradiotherapy.
239	9.8	10.1007/s00411-020-00880-9	Modeling low-dose radiation-induced acute myeloid leukemia in male CBA/H mice	2020	Radiation and Environmental Biophysics	9	S. Stouten, S. V. Verduyn Lunel, R. Finnon, C. Badie, F. Dekkers	https://link.springer.com/content/pdf/10.1007/s00411-020-00880-9.pdf	https://www.semanticscholar.org/paper/222f1d26bf290a0365703cd1a3aaa74ee4361485	True	2	4	0	2	radiation bystander effect mathematical model low dose	The effect of low-dose ionizing radiation exposure on leukemia incidence remains poorly understood. Possible dose-response curves for various forms of leukemia are largely based on cohorts of atomic bomb survivors. Animal studies can contribute to an improved understanding of radiation-induced acute myeloid leukemia (rAML) in humans. In male CBA/H mice, incidence of rAML can be described by a two-hit model involving a radiation-induced deletion with Sfpi1 gene copy loss and a point mutation in the remaining Sfpi1 allele. In the present study (historical) mouse data were used and these processes were translated into a mathematical model to study photon-induced low-dose AML incidence in male CBA/H mice following acute exposure. Numerical model solutions for low-dose rAML incidence and diagnosis times could respectively be approximated with a model linear-quadratic in radiation dose and a normal cumulative distribution function. Interestingly, the low-dose incidence was found to be proportional to the modeled number of cells carrying the Sfpi1 deletion present per mouse following exposure. After making only model-derived high-dose rAML estimates available to extrapolate from, the linear-quadratic model could be used to approximate low-dose rAML incidence calculated with our mouse model. The accuracy in estimating low-dose rAML incidence when extrapolating from a linear model using a low-dose effectiveness factor was found to depend on whether a data transformation was used in the curve fitting procedure.
240	9.8	10.1177/15593258211016257	Plasma Proteins As Biodosimetric Markers of Low-Dose Radiation in Mice	2021	Dose-Response	4	Changhui Ge, Yanjie Liang, Yaocang Zhang, Fei Su, Lu Chen, Feiyue Ma	https://doi.org/10.1177/15593258211016257	https://www.semanticscholar.org/paper/2cc117aa74aa95fbe823f44406c2c09810ed53c4	True	2	4	0	2	systems biology model radiation induced cancer low dose	Long-term exposures to low-dose radiation (LDR) may trigger several specific biological responses, including dysregulation of the immune and inflammatory systems. Here, we examined whether biodosimetry of LDR can be used to protect tissues from radiation or assess cancer risk. Mice were subjected to gamma-irradiation with repeated or single-dose LDR, and then the organ indices, peripheral hemogram, and blood biochemistry were analyzed. An antibody array was applied followed by enzyme-linked immunosorbent assay to evaluate the utility of multiple plasma proteins as biomarkers of repeated LDR in a murine model. LDR induced inapparent symptoms but slight variations in peripheral blood cell counts and alterations in blood biochemical indicator levels. Specific plasma proteins in the LDR groups were altered in response to a higher dose of irradiation at the same time points or a single-dose equivalent to the same total dose. Plasma levels of interleukin (IL)-5, IL-12p40, P-selectin, and serum amyloid A1 were associated with the LDR dose and thus may be useful as dosimetric predictors of LDR in mice. Estimating the levels of certain plasma proteins may yield promising biodosimetry parameters to accurately identify individuals exposed to LDR, facilitating risk assessment of long-term LDR exposure in individuals.
241	9.5	10.7150/ijbs.46194	MFP-FePt-GO Nanocomposites Promote Radiosensitivity of Non-Small Cell Lung Cancer Via Activating Mitochondrial-Mediated Apoptosis and Impairing DNA Damage Repair	2020	International Journal on Biological Sciences	13	S. Peng, Yingming Sun, Yuan Luo, Shijing Ma, Wen-jie Sun, Guiliang Tang	https://www.ijbs.com/v16p2145.pdf	https://www.semanticscholar.org/paper/aef5ac5cf595fd5b3abae034bfee516dfeec2f19	True	2	5	0	3	TOPAS-nBio DNA damage cell survival radiation model	Background: Recent advances in nanomedicine provided promising alternatives for tumor treatment to improve the survival and life quality of cancer patients. This study was designed to explore the insight mechanisms of the anti-tumor effects of the novel nanocomposites (NCs) MFP-FePt-GO with non-small cell lung cancer (NSCLC). Methods: A chemical co-reduction method was applied to the synthesis process of MFP-FePt-GO NCs. The chemical synthesis efficiency and morphology of the NCs were measured with spectroscope and transmission electron microscope. Colony formation assay and cell apoptosis were conducted to assess the radiosensitivity effect of NCs with radiation. Then, we detected cell mitochondrial membrane potential and reactive oxygen species (ROS) level by flow cytometry to further explore the cause of cell death. Immunofluorescence staining and Confocal were carried out to determine the DNA damage repair. A Lewis lung carcinoma animal model was used to measure safety and anti-tumor efficiency in vivo. Results: The novel NCs MFP-FePt-GO designed on a lamellar-structure magnetic graphene oxide and polyethylene glycol drug delivery system was synthesized and functionalized for co-delivery of metronidazole and 5-fluorouracil. While no severe allergies, liver and kidney damage, or drug-related deaths were observed, MFP-FePt-GO NCs promoted radiosensitivity of NSCLC cells both in vivo and in vitro. It improved the effects of radiation via activating intrinsic mitochondrial-mediated apoptosis and impairing DNA damage repair. This NCs also induced a ROS burst, which suppressed the antioxidant protein expression and induced cell apoptosis. Furthermore, MFP-FePt-GO NCs prevented NSCLC cell migration and invasion. Conclusion: MFP-FePt-GO NCs showed a synergistic anti-tumor effect with radiation to eliminate tumors. With good safety and efficacy, this novel NCs could be a potential radiosensitive agent for NSCLC patients.
242	9.5	10.1080/09553002.2023.2267667	Low-dose radiation from CT examination induces DNA double-strand breaks and detectable changes of DNA methylation in peripheral blood cells	2023	International Journal of Radiation Biology	5	Shuo Wang, Gang Li, Han Du, Ji-Ling Feng	https://www.tandfonline.com/doi/pdf/10.1080/09553002.2023.2267667?needAccess=true	https://www.semanticscholar.org/paper/044718a498fc177121644dc23839306082007dcb	True	2	5	0	3	radiation bystander effect mathematical model low dose	Abstract Background Radiation burden from CT examinations increases rapidly with the increased clinical use frequency. Previous studies have disclosed the association between radiation exposure and increased double-strand breaks (DSBs) and changes in DNA methylation. However, whether the induced DSBs by CT examination recover within 24h and whether a CT examination induces detectable gene-specific methylation changes are still unclear. The aim of the present study was to analyze γ-H2AX in the peripheral blood lymphocyte (PBL) of healthy adults before and after CT examination and to discover the differentially methylated positions (DMPs) along with an analysis of DNA methylation changes caused by CT examination. Materials and Methods Peripheral blood samples of 4 ml were drawn from 20 healthy volunteers at three time points: before CT examination, after CT examination 1h, and after CT examination 24h. γ-H2AX immunofluorescence and Illumina Infinium Human Methylation EPIC BeadChip (850k BeadChip) were used respectively for the test of DSBs and the epigenome-wide DNA methylation analysis. Linear mixed-effect (LME) models were used to evaluate the impacts of doses represented by different parameters and foci on genome-wide DNA methylation. Results The number of γ-H2AX foci per cell at 1h showed linear dose–responses for the radiation doses represented by CT index volume (CTDIvol), dose length product (DLP), and blood absorbed dose, respectively. Residual γ-H2AX foci was observed after CT examination at 24h (p < .001). DMPs and γ-H2AX foci changes could be found within 1h. One CpG site related to PAX5 was significantly changed by using most of the parameters in LME models and did not recover till 24h. Conclusions Residual γ-H2AX foci exist after CT examination at 24h. The DNA methylation changes induced by CT examination may not recover within 24h. The DNA methylation had been changed as early as at 1h. The PAX5-related CpG site may be a potential biomarker of low-dose radiation. Clinical Relevance The biological effects and the cancer risks of CT examination are still unclear. The present study is an effort to document the CT scan-induced events in 24h in vivo. The CT scanning area should be strictly limited, and non-essential repeated operations shouldn’t be performed within 24h.
243	9.5	10.1667/rade-22-00211.1	Variable Dose Rates in Realistic Radiation Exposures: Effects on Small Molecule Markers of Ionizing Radiation in the Murine Model	2023	Radiation Research	3	E. Pannkuk, E. Laiakis, G. Garty, B. Ponnaiya, Xu-mei Wu, I. Shuryak	https://www.ncbi.nlm.nih.gov/pmc/articles/PMC10410530	https://www.semanticscholar.org/paper/650b6fb483d10162da8ef1b11eee285ca37017db	True	2	5	0	3	radiation carcinogenesis computational model low dose ionizing radiation	Novel biodosimetry assays for use in preparedness and response to potential malicious attacks or nuclear accidents would ideally provide accurate dose reconstruction independent of the idiosyncrasies of a complex exposure to ionizing radiation. Complex exposures will consist of dose rates spanning the low dose rates (LDR) to very high-dose rates (VHDR) that need to be tested for assay validation. Here, we investigate how a range of relevant dose rates affect metabolomic dose reconstruction at potentially lethal radiation exposures (8 Gy in mice) from an initial blast or subsequent fallout exposures compared to zero or sublethal exposures (0 or 3 Gy in mice) in the first 2 days, which corresponds to an integral time individuals will reach medical facilities after a radiological emergency. Biofluids (urine and serum) were collected from both male and female 9–10-week-old C57BL/6 mice at 1 and 2 days postirradiation (total doses of 0, 3 or 8 Gy) after a VHDR of 7 Gy/s. Additionally, samples were collected after a 2-day exposure consisting of a declining dose rate (1 to 0.004 Gy/min) recapitulating the 7:10 rule-of-thumb time dependency of nuclear fallout. Overall similar perturbations were observed in both urine and serum metabolite concentrations irrespective of sex or dose rate, with the exception of xanthurenic acid in urine (female specific) and taurine in serum (VHDR specific). In urine, we developed identical multiplex metabolite panels (N6, N6,N6-trimethyllysine, carnitine, propionylcarnitine, hexosamine-valine-isoleucine, and taurine) that could identify individuals receiving potentially lethal levels of radiation from the zero or sublethal cohorts with excellent sensitivity and specificity, with creatine increasing model performance at day 1. In serum, individuals receiving a 3 or 8 Gy exposure could be identified from their pre-irradiation samples with excellent sensitivity and specificity, however, due to a lower dose response the 3 vs. 8 Gy groups could not be distinguished from each other. Together with previous results, these data indicate that dose-rate-independent small molecule fingerprints have potential in novel biodosimetry assays.
244	9.2	10.3390/ijms241914956	New Facets of DNA Double Strand Break Repair: Radiation Dose as Key Determinant of HR versus c-NHEJ Engagement	2023	International Journal of Molecular Sciences	32	E. Mladenov, V. Mladenova, M. Stuschke, G. Iliakis	https://www.mdpi.com/1422-0067/24/19/14956/pdf?version=1696586199	https://www.semanticscholar.org/paper/6d81fe23c19fa15b092ab39e98ec5e0e28db85cb	True	2	1	1	4	ionizing radiation DNA double strand break repair model simulation	Radiation therapy is an essential component of present-day cancer management, utilizing ionizing radiation (IR) of different modalities to mitigate cancer progression. IR functions by generating ionizations in cells that induce a plethora of DNA lesions. The most detrimental among them are the DNA double strand breaks (DSBs). In the course of evolution, cells of higher eukaryotes have evolved four major DSB repair pathways: classical non-homologous end joining (c-NHEJ), homologous recombination (HR), alternative end-joining (alt-EJ), and single strand annealing (SSA). These mechanistically distinct repair pathways have different cell cycle- and homology-dependencies but, surprisingly, they operate with widely different fidelity and kinetics and therefore contribute unequally to cell survival and genome maintenance. It is therefore reasonable to anticipate tight regulation and coordination in the engagement of these DSB repair pathway to achieve the maximum possible genomic stability. Here, we provide a state-of-the-art review of the accumulated knowledge on the molecular mechanisms underpinning these repair pathways, with emphasis on c-NHEJ and HR. We discuss factors and processes that have recently come to the fore. We outline mechanisms steering DSB repair pathway choice throughout the cell cycle, and highlight the critical role of DNA end resection in this process. Most importantly, however, we point out the strong preference for HR at low DSB loads, and thus low IR doses, for cells irradiated in the G2-phase of the cell cycle. We further explore the molecular underpinnings of transitions from high fidelity to low fidelity error-prone repair pathways and analyze the coordination and consequences of this transition on cell viability and genomic stability. Finally, we elaborate on how these advances may help in the development of improved cancer treatment protocols in radiation therapy.
245	9.2	10.1182/blood-2023-182282	The Sensitization of Murine Hematopoietic Progenitors and Stem Cells to DNA Damaging Agents By Quizartinib Is Associated with the Transcriptional Downregulation of DNA Damage Repair Genes	2023	Blood	0	Samuel J. Taylor, Catherine Rinaldi, Johanna M. Duyvestyn, Carolyn S. Grove, Wallace Y. Langdon	https://doi.org/10.1182/blood-2023-182282	https://www.semanticscholar.org/paper/5c8d344ea0834b58587730c764a4ea93bba479c0	True	2	6	0	4	microdosimetry nanodosimetry DNA damage repair model ionizing radiation	  Background: The FLT3 inhibitor quizartinib induces quiescence of murine hematopoietic progenitors, and this affords their protection from S phase specific chemotherapies. In this study we investigated whether quizartinib can also protect hematopoietic progenitors from the cytotoxic effects of DNA damaging chemotherapies and radiation.  Methods: C57BL/6 mice were primed with 30 mg/kg of quizartinib or vehicle (5% cyclodextrin) by oral gavage, and treated with DNA damaging chemotherapies, either cyclophosphamide, carboplatin, cisplatin, temozolomide or mitoxantrone 6 hours later, or 5.5Gy total body irradiation (TBI) after 9 hours. This TBI dose represents half the 11 Gy split dose used for bone marrow conditioning of C57BL/6 mice prior to HSC transplantation. Bone marrow cells were analyzed by flow cytometry after 3 to 6 days to identify progenitor and stem cell populations.  Results: In contrast to quizartinib's protection against the cytotoxic effects of 5-FU and gemcitabine, all 5 DNA-damaging chemotherapies caused an increased loss of total bone marrow cellularity when mice were primed with quizartinib compared to vehicle primed controls. Flow cytometry analysis revealed that the numbers of myeloid and multipotent progenitors, and short-term and long-term hematopoietic stem cells (HSCs), were markedly lower in the quizartinib-treated mice.  DNA damage and the resultant cell death caused by ionizing radiation is cell cycle specific, particularly for cells traversing from G 1 to S phases of the cell cycle. The ability of quizartinib to induce quiescence in myeloid and multipotent progenitors suggested that quizartinib may protect these cells from radiation. To test this, mice were dosed with vehicle or 30 mg/kg of quizartinib and 9 hours later exposed mice to 5.5 Gy of TBI. Analysis of bone marrow cells at day 6 revealed that total bone marrow cellularity and the numbers of progenitor and stem cells were markedly reduced in quizartinib-dosed mice compared to vehicle controls. For subsequent experiments mice were treated with 3 Gy TBI because the combination of quizartinib and 5.5 Gy caused severe myeloablation. As part of a series of experiments examining the kinetics of quizartinib's sensitization of bone marrow cells we tested whether the sensitization was maintained when mice were dosed with quizartinib 24 hours prior to 3 Gy TBI. Analysis of bone marrow cells 6 days later revealed that quizartinib dosed mice showed a significantly greater loss of total bone marrow cells, progenitor cells and stem cells compared to vehicle dosed mice (Figure 1).  To identify possible mechanisms by which quizartinib sensitizes hematopoietic progenitors to DNA damaging agents we investigated quantitative gene expression profiling of the HPC7 hematopoietic progenitor cell line. These cells provide a suitable in vitro model since quizartinib induces their quiescence and provides protection against 5-FU. HPC7 cells were treated with 100 µM quizartinib, or vehicle, for 18 hr before RNA was harvested and sent for Next-generation sequencing. We found that quiescence induction in HPC7 cells by quizartinib correlated with the transcriptional downregulation of a wide range of genes involved in DNA damage repair pathways (including Brca1/2, Rad51, Palb2, Chek1 and Nbn), thus providing a possible mechanism for the enhanced cytotoxic effects of DNA damaging agents.  Conclusions: Quizartinib sensitizes hematopoietic progenitors and stem cells to DNA-damaging agents, an effect that correlates with the transcriptional downregulation of many DNA damage repair genes. The enhanced depletion of hematopoietic progenitors and stem cells by DNA damaging agents in the presence of quizartinib has important clinical implications. Administering concurrent DNA damaging chemotherapy or radiotherapy with quizartinib treatment should be avoided. However, this interaction could facilitate a reduction in radiation/chemotherapy doses administered for bone marrow conditioning prior to HSC transplantation. By reducing these doses, but not compromising the conditioning process, non-hematopoietic side effects could be minimized and may allow currently excluded patients to be considered for HSC transplantation.  Disclosure: This study was partly funded by Daiichi Sankyo.
246	9.1	10.2337/db17-1006	β-Cell DNA Damage Response Promotes Islet Inflammation in Type 1 Diabetes	2018	Diabetes	48	Elad Horwitz, L. Krogvold, Sophia Zhitomirsky, A. Swisa, M. Fischman, Tsuria Lax	https://europepmc.org/articles/pmc6198335?pdf=render	https://www.semanticscholar.org/paper/024bbe57116e52bfaf0f9b04c65b28c99353811f	True	2	4	0	1	p53 radiation DNA damage response mathematical model	Type 1 diabetes (T1D) is an autoimmune disease where pancreatic β-cells are destroyed by islet-infiltrating T cells. Although a role for β-cell defects has been suspected, β-cell abnormalities are difficult to demonstrate. We show a β-cell DNA damage response (DDR), presented by activation of the 53BP1 protein and accumulation of p53, in biopsy and autopsy material from patients with recently diagnosed T1D as well as a rat model of human T1D. The β-cell DDR is more frequent in islets infiltrated by CD45+ immune cells, suggesting a link to islet inflammation. The β-cell toxin streptozotocin (STZ) elicits DDR in islets, both in vivo and ex vivo, and causes elevation of the proinflammatory molecules IL-1β and Cxcl10. β-Cell–specific inactivation of the master DNA repair gene ataxia telangiectasia mutated (ATM) in STZ-treated mice decreases the expression of proinflammatory cytokines in islets and attenuates the development of hyperglycemia. Together, these data suggest that β-cell DDR is an early event in T1D, possibly contributing to autoimmunity.
247	8.8	10.1038/leu.2017.174	HDAC1,2 inhibition and doxorubicin impair Mre11-dependent DNA repair and DISC to override BCR-ABL1-driven DSB repair in Philadelphia chromosome-positive B-cell precursor acute lymphoblastic leukemia	2017	Leukemia	37	Shweta Tharkar Promod, Danielle P. Johnson, Steven E. Bennett, Emily M Dennis, Benjamin G. Banowsky, Simon S. Jones	https://www.nature.com/articles/leu2017174.pdf	https://www.semanticscholar.org/paper/13ce12b829ff109053f6057e8abf2d3103097abb	True	2	5	0	2	cell survival radiation induced DSB repair kinetic model	Philadelphia chromosome-positive (Ph+) B-cell precursor acute lymphoblastic leukemia (ALL) expressing BCR-ABL1 oncoprotein is a major subclass of ALL with poor prognosis. BCR-ABL1-expressing leukemic cells are highly dependent on double-strand break (DSB) repair signals for their survival. Here we report that a first-in-class HDAC1,2 selective inhibitor and doxorubicin (a hyper-CVAD chemotherapy regimen component) impair DSB repair networks in Ph+ B-cell precursor ALL cells using common as well as distinct mechanisms. The HDAC1,2 inhibitor but not doxorubicin alters nucleosomal occupancy to impact chromatin structure, as revealed by MNase-Seq. Quantitative mass spectrometry of the chromatin proteome along with functional assays showed that the HDAC1,2 inhibitor and doxorubicin either alone or in combination impair the central hub of DNA repair, the Mre11–Rad51–DNA ligase 1 axis, involved in BCR-ABL1-specific DSB repair signaling in Ph+ B-cell precursor ALL cells. HDAC1,2 inhibitor and doxorubicin interfere with DISC (DNA damage-induced transcriptional silencing in cis)) or transcriptional silencing program in cis around DSB sites via chromatin remodeler-dependent and -independent mechanisms, respectively, to further impair DSB repair. HDAC1,2 inhibitor either alone or when combined with doxorubicin decreases leukemia burden in vivo in refractory Ph+ B-cell precursor ALL patient-derived xenograft mouse models. Overall, our novel mechanistic and preclinical studies together demonstrate that HDAC1,2 selective inhibition can overcome DSB repair ‘addiction’ and provide an effective therapeutic option for Ph+ B-cell precursor ALL.
248	8.8	10.1016/j.adro.2022.101013	Effects of Photon Radiation on DNA Damage, Cell Proliferation, Cell Survival, and Apoptosis of Murine and Human Mesothelioma Cell Lines	2022	Advances in Radiation Oncology	14	S. Keam, Kelly M. MacKinnon, Rebecca A D’ Alonzo, S. Gill, M. Ebert, A. Nowak	http://www.advancesradonc.org/article/S2452109422001191/pdf	https://www.semanticscholar.org/paper/9a168e4b98bfc6706cb522356740f29fbe552d3c	True	2	5	0	2	radiation DNA repair mathematical model simulation	Purpose To characterize the cellular responses of murine and human mesothelioma cell lines to different doses of photon radiation with a long-term aim of optimizing a clinically relevant in vivo model in which to study the interaction of radiation therapy and immunotherapy combinations. Methods and Materials Two murine mesothelioma cell lines (AB1 and AE17) and 3 human cell lines (BYE, MC, and JU) were used in the study. Cells were treated with increasing doses of photon radiation. DNA damage, DNA repair, cell proliferation, and apoptosis at different time points after irradiation were quantified by flow cytometry, and cell survival probability was examined using clonogenic survival assay. Results DNA damage increased with escalating dose in all cell lines. Evident G2/M arrest and reduced cell proliferation were observed after irradiation with 8 Gy. DNA repair was uniformly less efficient at higher compared with lower radiation-fraction doses. The apoptosis dose response varied between cell lines, with greater apoptosis observed at 16 Gy with human BYE and murine AB1 cell lines but less for other studied cell lines, regardless of dose and time. The α/β ratio from the cell survival fraction of human mesothelioma cell lines was smaller than from murine ones, suggesting human cell lines in our study were more sensitive to a change of dose per fraction than were murine mesothelioma cell lines. However, in all studied cell lines, colony formation was completely inhibited at 8 Gy. Conclusions A threshold dose of 8 Gy appeared to be appropriate for hypofractionated radiation therapy. However, the radiation therapy doses between 4 and 8 Gy remain to be systematically analyzed. These observations provide an accurate picture of the in vitro response of mesothelioma cell lines to photon irradiation and characterize the heterogeneity between human and murine cell lines. This information may guide in vivo experiments and the strengths and limitations of extrapolation from murine experimentation to potential human translation.
249	8.8	10.1016/j.ijrobp.2021.07.1708	Translation of DNA damage response inhibitors as chemoradiation sensitizers from the laboratory to the clinic	2021	International Journal of Radiation Oncology, Biology, Physics	5	L. Parsels, Qiang Zhang, David Karnak, Joshua D Parsels, Kwok L. Lam, H. Willers	https://www.sciencedirect.com/science/article/am/pii/S0360301621026213	https://www.semanticscholar.org/paper/4ad96dd7bf8210b30202ca4507c0848f34faf8d1	True	2	5	0	2	radiation adaptive response mathematical model DNA damage	Combination therapies with agents targeting the DNA damage response (DDR) offer an opportunity to selectively enhance the therapeutic index of chemoradiation or eliminate chemotherapy altogether. The successful translation of DDR inhibitors to clinical use requires investigating both their direct actions as (chemo)radiosensitizers, and their potential to stimulate tumor immunogenicity. Beginning with high-throughput screening using both viability and DNA damage-reporter assays, followed by validation in ‘gold standard’ radiation colony forming assays and in vitro assessment of mechanistic effects on the DDR we describe proven strategies and methods leading to the clinical development of DDR inhibitors both with radiation alone and in combination with chemoradiation. Beyond these in vitro studies, we discuss the impact of key features of human xenograft and syngeneic mouse models on the relevance of in vivo tumor efficacy studies, particularly with regard to the immunogenic effects of combined therapy with radiation and DDR inhibitors. Finally, we describe recent technological advances in radiation delivery (using the Small Animal Radiation Research Platform (SARRP)) that allow for conformal, clinically relevant radiation therapy in mouse models. Taken together, this overall approach is critical to the successful clinical development and ultimate FDA approval of DDR inhibitors as (chemo)radiation sensitizers.
250	8.8	10.1667/rade-21-00237.1	Characterization of Transgenic NSG-SGM3 Mouse Model of Precision Radiation-Induced Chronic Hyposalivation	2022	Radiation Research	5	Syed Mohammed Musheer Aalam, Ishaq A. Viringipurampeer, M. Walb, E. Tryggestad, C. P. Emperumal, Jianning Song	https://bioone.org/journals/radiation-research/volume-198/issue-3/RADE-21-00237.1/Characterization-of-Transgenic-NSG-SGM3-Mouse-Model-of-Precision-Radiation/10.1667/RADE-21-00237.1.pdf	https://www.semanticscholar.org/paper/8e7263d93e06027ac8f8df62205d542af79ac5ba	True	2	5	0	2	systems biology model radiation induced cancer low dose	Regenerative medicine holds promise to cure radiation-induced salivary hypofunction, a chronic side effect in patients with head and neck cancers, therefore reliable preclinical models for salivary regenerative outcome will promote progress towards therapies. In this study, our objective was to develop a cone beam computed tomography-guided precision ionizing radiation-induced preclinical model of chronic hyposalivation using immunodeficient NSGSGM3 mice. Using a Schirmer's test based sialagogue-stimulated saliva flow kinetic measurement method, we demonstrated significant differences in hyposalivation specific to age, sex, precision-radiation dose over a chronic (6 months) timeline. NSG-SMG3 mice tolerated doses from 2.5 Gy up to 7.5 Gy. Interestingly, 5–7.5 Gy had similar effects on stimulated-saliva flow (∼50% reduction in young female at 6 months after precision irradiation over sham-treated controls), however, >5 Gy led to chronic alopecia. Different groups demonstrated characteristic saliva fluctuations early on, but after 5 months all groups nearly stabilized stimulated-saliva flow with low-inter-mouse variation within each group. Further characterization revealed precision-radiation-induced glandular shrinkage, hypocellularization, gland-specific loss of functional acinar and glandular cells in all major salivary glands replicating features of human salivary hypofunction. This model will aid investigation of human cell-based salivary regenerative therapies.
251	8.6	10.1093/narcan/zcab046	Quantification of radiation-induced DNA double strand break repair foci to evaluate and predict biological responses to ionizing radiation.	2021	NAR Cancer	72	S. Penninckx, E. Pariset, Egle Cekanaviciute, S. Costes	https://academic.oup.com/narcancer/article-pdf/3/4/zcab046/41879949/zcab046.pdf	https://www.semanticscholar.org/paper/898bdfa474a90f53ff4d77a6c756f9b6484296ce	True	2	3	1	6	ionizing radiation DNA double strand break repair model simulation	Radiation-induced foci (RIF) are nuclear puncta visualized by immunostaining of proteins that regulate DNA double-strand break (DSB) repair after exposure to ionizing radiation. RIF are a standard metric for measuring DSB formation and repair in clinical, environmental and space radiobiology. The time course and dose dependence of their formation has great potential to predict in vivo responses to ionizing radiation, predisposition to cancer and probability of adverse reactions to radiotherapy. However, increasing complexity of experimentally and therapeutically setups (charged particle, FLASH …) is associated with several confounding factors that must be taken into account when interpreting RIF values. In this review, we discuss the spatiotemporal characteristics of RIF development after irradiation, addressing the common confounding factors, including cell proliferation and foci merging. We also describe the relevant endpoints and mathematical models that enable accurate biological interpretation of RIF formation and resolution. Finally, we discuss the use of RIF as a biomarker for quantification and prediction of in vivo radiation responses, including important caveats relating to the choice of the biological endpoint and the detection method. This review intends to help scientific community design radiobiology experiments using RIF as a key metric and to provide suggestions for their biological interpretation.
252	8.5	10.1093/neuonc/noz053	Inhibition of mutant PPM1D enhances DNA damage response and growth suppressive effects of ionizing radiation in diffuse intrinsic pontine glioma.	2019	Neuro-Oncology	32	M. Akamandisa, Kai Nie, R. Nahta, D. Hambardzumyan, R. Castellino	https://academic.oup.com/neuro-oncology/article-pdf/21/6/786/28788919/noz053.pdf	https://www.semanticscholar.org/paper/3b458dfb219673cacc50a6ed9d8a6f97f60adfab	True	2	6	0	3	TOPAS-nBio DNA damage cell survival radiation model	BACKGROUND Children with diffuse intrinsic pontine glioma (DIPG) succumb to disease within 2 years of diagnosis despite treatment with ionizing radiation (IR) and/or chemotherapy. Our aim was to determine the role of protein phosphatase, magnesium-dependent 1, delta (PPM1D) mutation, present in up to 25% of cases, in DIPG pathogenesis and treatment.   METHODS Using genetic and pharmacologic approaches, we assayed effects of PPM1D mutation on DIPG growth and murine survival. We assayed effects of targeting mutated PPM1D alone or with IR on signaling, cell cycle, proliferation, and apoptosis in patient-derived DIPG cells in vitro, in organotypic brain slices, and in vivo.   RESULTS PPM1D-mutated DIPG cell lines exhibited increased proliferation in vitro and in vivo, conferring reduced survival in orthotopically xenografted mice, through stabilization of truncated PPM1D protein and inactivation of DNA damage response (DDR) effectors p53 and H2A.X. PPM1D knockdown or treatment with PPM1D inhibitors suppressed growth of PPM1D-mutated DIPGs in vitro. Orthotopic xenografting of PPM1D short hairpin RNA-transduced or PPM1D inhibitor-treated, PPM1D-mutated DIPG cells into immunodeficient mice resulted in reduced tumor proliferation, increased apoptosis, and extended mouse survival. PPM1D inhibition had similar effects to IR alone on DIPG growth inhibition and augmented the anti-proliferative and pro-apoptotic effects of IR in PPM1D-mutated DIPG models.   CONCLUSIONS PPM1D mutations inactivate DDR and promote DIPG growth. Treatment with PPM1D inhibitors activated DDR pathways and enhanced the anti-proliferative and pro-apoptotic effects of IR in DIPG models. Our results support continued development of PPM1D inhibitors for phase I/II trials in children with DIPG.
253	8.5	10.1515/biol-2020-0015	Protective Effect of Asiaticoside on Radiation-induced Proliferation Inhibition and DNA Damage of Fibroblasts and Mice Death	2020	Open Life Sciences	8	Haiyan Shen, F-Z Zhu, Jinsheng Li, Songjia Tang, Yale Zhang, Jufang Zhang	https://www.degruyter.com/document/doi/10.1515/biol-2020-0015/pdf	https://www.semanticscholar.org/paper/a929ec9589f2923ea82e3351bcfd1f000d59091c	True	2	6	0	3	TOPAS-nBio DNA damage cell survival radiation model	Abstract Background Radiation-induced injuries (RII) mainly result from reactive oxygen species (ROS), which are harmful compounds that can damage DNA. Asiaticoside (AC), one of the main functional components extracted from Centella asiatica, has potent pharmacological effects such as anti-inflammatory and anti-oxidant activity. However, its role in RII remains unclear. Purpose The purpose of the current study is to investigate whether AC can mitigate RII in vitro and in vivo. Material and Methods Cell model of RII was successfully established by 5J/m2 radiation in vitro. For the in vivo RII model, mice were irradiated with 5 Gy to the thorax. The degree of damage to cells or mouse tissue was determined by measuring the numbers of DNA double-strand breaks (DSBs), oxidative stress, and mouse survival rates. Results In the in vitro assay, AC administration significantly reduced radiation-induced growth inhibition of Escherichia coli and fibroblasts, DSBs and apoptosis of fibroblasts; in the in vivo study, AC could decrease antioxidant capacity (T-AOC) of plasma and protect mice from RII, thereby improving the survival rates of mice after radiation. Conclusions These novel data indicate that AC is able to prevent radiation-initiated genotoxicity by mitigating DNA damage, and might serve as a safe and effective radio-protective agent.
254	8.2	10.3390/cancers9060066	Carbon Ion Radiotherapy: A Review of Clinical Experiences and Preclinical Research, with an Emphasis on DNA Damage/Repair	2017	Cancers	179	O. Mohamad, Brock J. Sishc, Janapriya Saha, A. Pompoš, A. Rahimi, M. Story	https://www.mdpi.com/2072-6694/9/6/66/pdf?version=1496997588	https://www.semanticscholar.org/paper/379b96af3106b46b8d63586780bb3b0281430d32	True	2	2	1	4	relative biological effectiveness mechanistic model DNA damage repair	Compared to conventional photon-based external beam radiation (PhXRT), carbon ion radiotherapy (CIRT) has superior dose distribution, higher linear energy transfer (LET), and a higher relative biological effectiveness (RBE). This enhanced RBE is driven by a unique DNA damage signature characterized by clustered lesions that overwhelm the DNA repair capacity of malignant cells. These physical and radiobiological characteristics imbue heavy ions with potent tumoricidal capacity, while having the potential for simultaneously maximally sparing normal tissues. Thus, CIRT could potentially be used to treat some of the most difficult to treat tumors, including those that are hypoxic, radio-resistant, or deep-seated. Clinical data, mostly from Japan and Germany, are promising, with favorable oncologic outcomes and acceptable toxicity. In this manuscript, we review the physical and biological rationales for CIRT, with an emphasis on DNA damage and repair, as well as providing a comprehensive overview of the translational and clinical data using CIRT.
255	8.1	10.1016/j.nbd.2019.104648	Wild-type p53-induced phosphatase 1 down-regulation promotes apoptosis by activating the DNA damage-response pathway in amyotrophic lateral sclerosis.	2020	Neurobiology of Disease	20	Yueqing Yang, Yong-Hui Zheng, Chunting Zhang, Weiwei Liang, Shu-yu Wang, Xudong Wang	https://doi.org/10.1016/j.nbd.2019.104648	https://www.semanticscholar.org/paper/ed1b317d446e9d910db2c928ada1a1b6f5d33d0b	True	2	5	0	1	p53 radiation DNA damage response mathematical model	Accumulation of DNA damage has been detected in the spinal cord of patients as well as in the G93A mouse model of amyotrophic lateral sclerosis (ALS). Wild-type p53-induced phosphatase 1 (Wip1) is a p53-inducible serine/threonine phosphatase that terminates DNA-damage responses via dephosphorylation of DNA-damage response proteins, namely ataxia-telangiectasia mutated (ATM) kinase, checkpoint kinase 2, and p53, thus enhancing cell proliferation. However, the role of Wip1, DNA-damage responses, and their interaction in ALS development remains to be elucidated. Here, we showed that Wip1 expression levels were substantially decreased in ALS motor neurons compared with wild-type controls both in vivo and in vitro. The DNA-damage response was activated in superoxide dismutase 1 (SOD1) G93A-transfected cells. However, increased expression of Wip1 improved cell viability and inhibited the DNA-damage response in mutated SOD1G93A cells. Further studies demonstrated that decreased Wip1 expression reduced cell viability and further activated the DNA-damage response in chronic H2O2-treated NSC34 cells. In contrast, Wip1 promoted cell survival and suppressed DNA damage-induced apoptosis during persistent DNA damage conditions. Over-expression of Wip1 in the central nervous system (CNS) can delay the onset of disease symptoms, extended the survival, decreased MN loss improved motor function and inhibit the DNA-damage response in SOD1 G93A mice. Furthermore, homeodomain-interacting protein kinase 2 (HIPK2) promoted the degradation of Wip1 via the ubiquitin-proteasome system during chronic stress. These findings indicate that persistent accumulation of DNA damage and subsequent chronic activation of the downstream DNA damage-response ATM and p53 pro-apoptotic signaling pathways may trigger neuronal dysfunction and neuronal death in ALS. Wip1 may play a protective role by targeting the DNA-damage response in ALS motor neurons. Importantly, these findings provide a novel direction for therapeutic options for patients with ALS.
