{
  "Sr": {
    "mean_rmse_px": 0.10863988886181014,
    "matched": 10618,
    "total_gt": 10619,
    "total_pred": 10856,
    "detect_recall": 0.9999058291741219,
    "detect_precision": 0.9780766396462786
  },
  "Ti": {
    "mean_rmse_px": 0.4659608518499419,
    "matched": 10891,
    "total_gt": 11078,
    "total_pred": 11548,
    "detect_recall": 0.9831196966961545,
    "detect_precision": 0.9431070315206096
  },
  "LaSr": {
    "mean_rmse_px": 0.0626957259812415,
    "matched": 10446,
    "total_gt": 10451,
    "total_pred": 10482,
    "detect_recall": 0.999521576882595,
    "detect_precision": 0.996565540927304
  },
  "Mn": {
    "mean_rmse_px": 0.4484544849511144,
    "matched": 11538,
    "total_gt": 11674,
    "total_pred": 12225,
    "detect_recall": 0.9883501798869282,
    "detect_precision": 0.9438036809815951
  }
}