{
  "E_bulk_total_Ry": -5793.26164041,
  "E_bulk_per_atom_eV": -1791.3940922870745,
  "n_atoms_bulk": 44
}