{
  "rho_pred_mean": 0.28908501110505314,
  "rho_pred_median": 0.17564889043569565,
  "rho_const_mean": 0.30196565223159266,
  "rho_resid_mean": 0.17580291279184165,
  "mse_total": 0.06943338364362717,
  "mse_per_step": [
    0.00300474651157856,
    0.006567764095962048,
    0.01030749548226595,
    0.013478231616318226,
    0.01665704883635044,
    0.020939650014042854,
    0.028089337050914764,
    0.034033991396427155,
    0.04001736268401146,
    0.043269094079732895,
    0.04637090861797333,
    0.048633672297000885,
    0.05213303491473198,
    0.057447802275419235,
    0.060218695551157,
    0.06556649506092072,
    0.06915467232465744,
    0.07381802797317505,
    0.08197403699159622,
    0.08768610656261444,
    0.09476526081562042,
    0.09988201409578323,
    0.1024237796664238,
    0.11298749595880508,
    0.1167176142334938,
    0.1248898059129715,
    0.1347031444311142,
    0.1397351771593094,
    0.14243629574775696,
    0.15509243309497833
  ],
  "onset_roc_auc": 0.534047619047619,
  "onset_pos_frac": 0.3,
  "params": 0,
  "model": "amazon/chronos-t5-small",
  "n_test_windows": 200,
  "note": "zero-shot; per-pixel univariate; median of samples"
}