{
  "constant": {
    "rho_pred_mean": 0.29051756067783574,
    "rho_pred_median": 0.17188502848148346,
    "rho_const_mean": 0.29051756067783574,
    "rho_resid_mean": 0.0,
    "mse_total": 0.05737148970365524,
    "mse_per_step": [
      0.004406980238854885,
      0.006521250121295452,
      0.01060178130865097,
      0.01312880590558052,
      0.01585574820637703,
      0.01992037706077099,
      0.024518318474292755,
      0.028671838343143463,
      0.033120475709438324,
      0.03497934713959694,
      0.03738229349255562,
      0.04320443794131279,
      0.04603399336338043,
      0.048881977796554565,
      0.05169958993792534,
      0.0558064840734005,
      0.059817615896463394,
      0.06375595182180405,
      0.06732811778783798,
      0.07263479381799698,
      0.07720930874347687,
      0.08053725212812424,
      0.08393334597349167,
      0.09054958075284958,
      0.0943756178021431,
      0.10035859793424606,
      0.10663355141878128,
      0.11096009612083435,
      0.1169421374797821,
      0.12137512862682343
    ],
    "onset_roc_auc": 0.3928497023809524,
    "onset_pos_frac": 0.3,
    "params": 0
  },
  "chronos_t5_small": {
    "rho_pred_mean": 0.28908501110505314,
    "rho_pred_median": 0.17564889043569565,
    "rho_const_mean": 0.30196565223159266,
    "rho_resid_mean": 0.17580291279184165,
    "mse_total": 0.06943338364362717,
    "mse_per_step": [
      0.00300474651157856,
      0.006567764095962048,
      0.01030749548226595,
      0.013478231616318226,
      0.01665704883635044,
      0.020939650014042854,
      0.028089337050914764,
      0.034033991396427155,
      0.04001736268401146,
      0.043269094079732895,
      0.04637090861797333,
      0.048633672297000885,
      0.05213303491473198,
      0.057447802275419235,
      0.060218695551157,
      0.06556649506092072,
      0.06915467232465744,
      0.07381802797317505,
      0.08197403699159622,
      0.08768610656261444,
      0.09476526081562042,
      0.09988201409578323,
      0.1024237796664238,
      0.11298749595880508,
      0.1167176142334938,
      0.1248898059129715,
      0.1347031444311142,
      0.1397351771593094,
      0.14243629574775696,
      0.15509243309497833
    ],
    "onset_roc_auc": 0.534047619047619,
    "onset_pos_frac": 0.3,
    "params": 0,
    "model": "amazon/chronos-t5-small",
    "n_test_windows": 200,
    "note": "zero-shot; per-pixel univariate; median of samples"
  },
  "tvae": {
    "rho_pred_mean": 0.29689710865177404,
    "rho_pred_median": 0.2537700980901718,
    "rho_const_mean": 0.29051756067783574,
    "rho_resid_mean": 0.5466758419014514,
    "mse_total": 0.0692676305770874,
    "mse_per_step": [
      0.0363483764231205,
      0.034718263894319534,
      0.036512624472379684,
      0.03669707849621773,
      0.03772806003689766,
      0.038500137627124786,
      0.0420488603413105,
      0.042233552783727646,
      0.043781571090221405,
      0.046644486486911774,
      0.04766667261719704,
      0.05464208498597145,
      0.05599551275372505,
      0.0582268126308918,
      0.061250198632478714,
      0.06433029472827911,
      0.0694875717163086,
      0.0731985867023468,
      0.07630016654729843,
      0.07835745066404343,
      0.08405951410531998,
      0.08764968812465668,
      0.08979354053735733,
      0.09765502065420151,
      0.0996982753276825,
      0.10626783221960068,
      0.11255486309528351,
      0.11742036044597626,
      0.1221688836812973,
      0.12609268724918365
    ],
    "onset_roc_auc": 0.6627008928571428,
    "onset_pos_frac": 0.3,
    "params": 55609,
    "train_log": [
      "[VAE] pre ep1 train_loss=0.36611 val_mse_1step=0.10203",
      "[VAE] pre ep2 train_loss=0.09045 val_mse_1step=0.07615",
      "[VAE] pre ep3 train_loss=0.07402 val_mse_1step=0.06864",
      "[VAE] pre ep4 train_loss=0.05414 val_mse_1step=0.04363",
      "[VAE] pre ep5 train_loss=0.04245 val_mse_1step=0.03505",
      "[VAE] pre ep6 train_loss=0.03389 val_mse_1step=0.02936",
      "[VAE] ft  ep1 train_loss=0.27885 val_mse_H=0.12395",
      "[VAE] ft  ep2 train_loss=0.11542 val_mse_H=0.10090",
      "[VAE] ft  ep3 train_loss=0.09309 val_mse_H=0.11139",
      "[VAE] ft  ep4 train_loss=0.08664 val_mse_H=0.08703",
      "[VAE] ft  ep5 train_loss=0.08200 val_mse_H=0.07885",
      "[VAE] ft  ep6 train_loss=0.07832 val_mse_H=0.07864"
    ]
  },
  "fno": {
    "rho_pred_mean": 0.49638811652024745,
    "rho_pred_median": 0.45246267318725586,
    "rho_const_mean": 0.29051756067783574,
    "rho_resid_mean": 0.5795834468252724,
    "mse_total": 0.05803598091006279,
    "mse_per_step": [
      0.015243256464600563,
      0.01745583862066269,
      0.01940339431166649,
      0.020902125164866447,
      0.02178170159459114,
      0.02446131221950054,
      0.026442181318998337,
      0.02927403524518013,
      0.03160393610596657,
      0.03446584567427635,
      0.03557848185300827,
      0.042407575994729996,
      0.04429889842867851,
      0.04595928266644478,
      0.048702940344810486,
      0.051373086869716644,
      0.05579669401049614,
      0.061714380979537964,
      0.06405618786811829,
      0.0683579370379448,
      0.0750599130988121,
      0.08018404990434647,
      0.08472821861505508,
      0.08935952186584473,
      0.09470584988594055,
      0.10201699286699295,
      0.10650331526994705,
      0.11279337853193283,
      0.11712374538183212,
      0.11932484805583954
    ],
    "onset_roc_auc": 0.800796130952381,
    "onset_pos_frac": 0.3,
    "params": 136321,
    "train_log": [
      "[FNO] pre ep1 train_mse=0.21204 val_mse_1step=0.01974",
      "[FNO] pre ep2 train_mse=0.01140 val_mse_1step=0.00883",
      "[FNO] pre ep3 train_mse=0.00770 val_mse_1step=0.00484",
      "[FNO] pre ep4 train_mse=0.00562 val_mse_1step=0.00434",
      "[FNO] pre ep5 train_mse=0.00614 val_mse_1step=0.00660",
      "[FNO] pre ep6 train_mse=0.00623 val_mse_1step=0.00868",
      "[FNO] ft  ep1 train_mse=0.30446 val_mse_H=0.09284",
      "[FNO] ft  ep2 train_mse=0.08355 val_mse_H=0.08487",
      "[FNO] ft  ep3 train_mse=0.08043 val_mse_H=0.08165",
      "[FNO] ft  ep4 train_mse=0.07750 val_mse_H=0.07608",
      "[FNO] ft  ep5 train_mse=0.07426 val_mse_H=0.07450",
      "[FNO] ft  ep6 train_mse=0.06164 val_mse_H=0.05774"
    ]
  },
  "convlstm": {
    "rho_pred_mean": 0.4464467283045087,
    "rho_pred_median": 0.38176673650741577,
    "rho_const_mean": 0.29051756067783574,
    "rho_resid_mean": 0.6152846020623111,
    "mse_total": 0.029840996488928795,
    "mse_per_step": [
      0.006777300965040922,
      0.007518280763179064,
      0.009778317995369434,
      0.0112439701333642,
      0.012277308851480484,
      0.01384409423917532,
      0.01579470746219158,
      0.01762388087809086,
      0.019883183762431145,
      0.020895235240459442,
      0.02154562622308731,
      0.0248896311968565,
      0.02637500688433647,
      0.026996411383152008,
      0.027962684631347656,
      0.02892587147653103,
      0.03069109469652176,
      0.03335333988070488,
      0.033851467072963715,
      0.03559046983718872,
      0.0373605377972126,
      0.038117386400699615,
      0.04021350294351578,
      0.043025001883506775,
      0.044791918247938156,
      0.04764465242624283,
      0.050324369221925735,
      0.053061965852975845,
      0.05569083243608475,
      0.05918184667825699
    ],
    "onset_roc_auc": 0.7062797619047619,
    "onset_pos_frac": 0.3,
    "params": 79522,