{
  "rho_pred_mean": 0.29689710865177404,
  "rho_pred_median": 0.2537700980901718,
  "rho_const_mean": 0.29051756067783574,
  "rho_resid_mean": 0.5466758419014514,
  "mse_total": 0.0692676305770874,
  "mse_per_step": [
    0.0363483764231205,
    0.034718263894319534,
    0.036512624472379684,
    0.03669707849621773,
    0.03772806003689766,
    0.038500137627124786,
    0.0420488603413105,
    0.042233552783727646,
    0.043781571090221405,
    0.046644486486911774,
    0.04766667261719704,
    0.05464208498597145,
    0.05599551275372505,
    0.0582268126308918,
    0.061250198632478714,
    0.06433029472827911,
    0.0694875717163086,
    0.0731985867023468,
    0.07630016654729843,
    0.07835745066404343,
    0.08405951410531998,
    0.08764968812465668,
    0.08979354053735733,
    0.09765502065420151,
    0.0996982753276825,
    0.10626783221960068,
    0.11255486309528351,
    0.11742036044597626,
    0.1221688836812973,
    0.12609268724918365
  ],
  "onset_roc_auc": 0.6627008928571428,
  "onset_pos_frac": 0.3,
  "params": 55609,
  "train_log": [
    "[VAE] pre ep1 train_loss=0.36611 val_mse_1step=0.10203",
    "[VAE] pre ep2 train_loss=0.09045 val_mse_1step=0.07615",
    "[VAE] pre ep3 train_loss=0.07402 val_mse_1step=0.06864",
    "[VAE] pre ep4 train_loss=0.05414 val_mse_1step=0.04363",
    "[VAE] pre ep5 train_loss=0.04245 val_mse_1step=0.03505",
    "[VAE] pre ep6 train_loss=0.03389 val_mse_1step=0.02936",
    "[VAE] ft  ep1 train_loss=0.27885 val_mse_H=0.12395",
    "[VAE] ft  ep2 train_loss=0.11542 val_mse_H=0.10090",
    "[VAE] ft  ep3 train_loss=0.09309 val_mse_H=0.11139",
    "[VAE] ft  ep4 train_loss=0.08664 val_mse_H=0.08703",
    "[VAE] ft  ep5 train_loss=0.08200 val_mse_H=0.07885",
    "[VAE] ft  ep6 train_loss=0.07832 val_mse_H=0.07864"
  ]
}