fna/A29.fna	fna/A29.fna	0	0	100000/100000
fna/AER39.fna	fna/A29.fna	0.0298385	0	36463/100000
fna/AER397.fna	fna/A29.fna	0.031248	0	35027/100000
fna/AMC35.fna	fna/A29.fna	0.0315548	0	34724/100000
fna/ARB3.fna	fna/A29.fna	0.0319009	0	34386/100000
fna/AVNIH1.fna	fna/A29.fna	0.0336105	0	32776/100000
fna/AVNIH2.fna	fna/A29.fna	0.0316067	0	34673/100000
fna/Ae52.fna	fna/A29.fna	0.0329817	0	33357/100000
fna/B565.fna	fna/A29.fna	0.0313135	0	34962/100000
fna/CB51.fna	fna/A29.fna	0.0322806	0	34020/100000
fna/CCM4359.fna	fna/A29.fna	0.0315721	0	34707/100000
fna/CCM7244.fna	fna/A29.fna	0.0315986	0	34681/100000
fna/CECT4257.fna	fna/A29.fna	0.0314856	0	34792/100000
fna/CECT4486.fna	fna/A29.fna	0.0315609	0	34718/100000
fna/CIP107763.fna	fna/A29.fna	0.0327164	0	33606/100000
fna/Hm21.fna	fna/A29.fna	0.0305431	0	35736/100000
fna/LMG13067.fna	fna/A29.fna	0.0321691	0	34127/100000
fna/ML09-123.fna	fna/A29.fna	0.0325545	0	33759/100000
fna/RU31B.fna	fna/A29.fna	0.0321889	0	34108/100000
fna/TH0426.fna	fna/A29.fna	0.0328407	0	33489/100000
fna/TTU2014-108AME.fna	fna/A29.fna	0.0317089	0	34573/100000
fna/TTU2014-108ASC.fna	fna/A29.fna	0.0317079	0	34574/100000
fna/TTU2014-113AME.fna	fna/A29.fna	0.0324167	0	33890/100000
fna/TTU2014-115AME.fna	fna/A29.fna	0.031712	0	34570/100000
fna/TTU2014-115ASC.fna	fna/A29.fna	0.0317089	0	34573/100000
fna/TTU2014-125ASC.fna	fna/A29.fna	0.0324461	0	33862/100000
fna/TTU2014-130AME.fna	fna/A29.fna	0.0324304	0	33877/100000
fna/TTU2014-130ASC.fna	fna/A29.fna	0.0324388	0	33869/100000
fna/TTU2014-131ASC.fna	fna/A29.fna	0.0324272	0	33880/100000
fna/TTU2014-134AME.fna	fna/A29.fna	0.0324388	0	33869/100000
fna/TTU2014-134ASC.fna	fna/A29.fna	0.0324346	0	33873/100000
fna/TTU2014-140ASC.fna	fna/A29.fna	0.0324314	0	33876/100000
fna/TTU2014-141AME.fna	fna/A29.fna	0.032444	0	33864/100000
fna/TTU2014-141ASC.fna	fna/A29.fna	0.0324409	0	33867/100000
fna/TTU2014-142ASC.fna	fna/A29.fna	0.0324482	0	33860/100000
fna/TTU2014-143AME.fna	fna/A29.fna	0.0324409	0	33867/100000
fna/TTU2014-143ASC.fna	fna/A29.fna	0.032443	0	33865/100000
fna/VBF557.fna	fna/A29.fna	0.0339639	0	32455/100000
fna/X11.fna	fna/A29.fna	0.0325799	0	33735/100000
fna/X12.fna	fna/A29.fna	0.0313833	0	34893/100000
fna/pamvotica.fna	fna/A29.fna	0.0334707	0	32904/100000
fna/A29.fna	fna/AER39.fna	0.0298385	0	36463/100000
fna/AER39.fna	fna/AER39.fna	0	0	100000/100000
fna/AER397.fna	fna/AER39.fna	0.0312118	0	35063/100000
fna/AMC35.fna	fna/AER39.fna	0.0316108	0	34669/100000
fna/ARB3.fna	fna/AER39.fna	0.0319639	0	34325/100000
fna/AVNIH1.fna	fna/AER39.fna	0.0347089	0	31791/100000
fna/AVNIH2.fna	fna/AER39.fna	0.0323402	0	33963/100000
fna/Ae52.fna	fna/AER39.fna	0.033297	0	33064/100000
fna/B565.fna	fna/AER39.fna	0.0313408	0	34935/100000
fna/CB51.fna	fna/AER39.fna	0.0321005	0	34193/100000
fna/CCM4359.fna	fna/AER39.fna	0.0316149	0	34665/100000
fna/CCM7244.fna	fna/AER39.fna	0.0314866	0	34791/100000
fna/CECT4257.fna	fna/AER39.fna	0.0315059	0	34772/100000
fna/CECT4486.fna	fna/AER39.fna	0.0314582	0	34819/100000
fna/CIP107763.fna	fna/AER39.fna	0.0330385	0	33304/100000
fna/Hm21.fna	fna/AER39.fna	0.0313024	0	34973/100000
fna/LMG13067.fna	fna/AER39.fna	0.0328823	0	33450/100000
fna/ML09-123.fna	fna/AER39.fna	0.0321036	0	34190/100000
fna/RU31B.fna	fna/AER39.fna	0.0324031	0	33903/100000
fna/TH0426.fna	fna/AER39.fna	0.0323277	0	33975/100000
fna/TTU2014-108AME.fna	fna/AER39.fna	0.0317601	0	34523/100000
fna/TTU2014-108ASC.fna	fna/AER39.fna	0.0317642	0	34519/100000
fna/TTU2014-113AME.fna	fna/AER39.fna	0.0325324	0	33780/100000
fna/TTU2014-115AME.fna	fna/AER39.fna	0.0317622	0	34521/100000
fna/TTU2014-115ASC.fna	fna/AER39.fna	0.0317591	0	34524/100000
fna/TTU2014-125ASC.fna	fna/AER39.fna	0.0325619	0	33752/100000
fna/TTU2014-130AME.fna	fna/AER39.fna	0.0325503	0	33763/100000
fna/TTU2014-130ASC.fna	fna/AER39.fna	0.0325482	0	33765/100000
fna/TTU2014-131ASC.fna	fna/AER39.fna	0.0325408	0	33772/100000
fna/TTU2014-134AME.fna	fna/AER39.fna	0.0325493	0	33764/100000
fna/TTU2014-134ASC.fna	fna/AER39.fna	0.0325472	0	33766/100000
fna/TTU2014-140ASC.fna	fna/AER39.fna	0.0325545	0	33759/100000
fna/TTU2014-141AME.fna	fna/AER39.fna	0.0325524	0	33761/100000
fna/TTU2014-141ASC.fna	fna/AER39.fna	0.0325535	0	33760/100000
fna/TTU2014-142ASC.fna	fna/AER39.fna	0.0325609	0	33753/100000
fna/TTU2014-143AME.fna	fna/AER39.fna	0.0325514	0	33762/100000
fna/TTU2014-143ASC.fna	fna/AER39.fna	0.0325556	0	33758/100000
fna/VBF557.fna	fna/AER39.fna	0.0344318	0	32036/100000
fna/X11.fna	fna/AER39.fna	0.0333903	0	32978/100000
fna/X12.fna	fna/AER39.fna	0.0315792	0	34700/100000
fna/pamvotica.fna	fna/AER39.fna	0.0336367	0	32752/100000
fna/A29.fna	fna/AER397.fna	0.031248	0	35027/100000
fna/AER39.fna	fna/AER397.fna	0.0312118	0	35063/100000
fna/AER397.fna	fna/AER397.fna	0	0	100000/100000
fna/AMC35.fna	fna/AER397.fna	0.0256538	0	41192/100000
fna/ARB3.fna	fna/AER397.fna	0.0315945	0	34685/100000
fna/AVNIH1.fna	fna/AER397.fna	0.0335034	0	32874/100000
fna/AVNIH2.fna	fna/AER397.fna	0.0309934	0	35281/100000
fna/Ae52.fna	fna/AER397.fna	0.0327779	0	33548/100000
fna/B565.fna	fna/AER397.fna	0.00264215	0	89758/100000
fna/CB51.fna	fna/AER397.fna	0.0325472	0	33766/100000
fna/CCM4359.fna	fna/AER397.fna	0.00238026	0	90702/100000
fna/CCM7244.fna	fna/AER397.fna	0.0316026	0	34677/100000
fna/CECT4257.fna	fna/AER397.fna	0.00226858	0	91109/100000
fna/CECT4486.fna	fna/AER397.fna	0.0315375	0	34741/100000
fna/CIP107763.fna	fna/AER397.fna	0.033076	0	33269/100000
fna/Hm21.fna	fna/AER397.fna	0.0321847	0	34112/100000
fna/LMG13067.fna	fna/AER397.fna	0.0316404	0	34640/100000
fna/ML09-123.fna	fna/AER397.fna	0.0331061	0	33241/100000
fna/RU31B.fna	fna/AER397.fna	0.0339141	0	32500/100000
fna/TH0426.fna	fna/AER397.fna	0.0333914	0	32977/100000
fna/TTU2014-108AME.fna	fna/AER397.fna	0.031868	0	34418/100000
fna/TTU2014-108ASC.fna	fna/AER397.fna	0.0318649	0	34421/100000
fna/TTU2014-113AME.fna	fna/AER397.fna	0.0326983	0	33623/100000
fna/TTU2014-115AME.fna	fna/AER397.fna	0.03187	0	34416/100000
fna/TTU2014-115ASC.fna	fna/AER397.fna	0.031868	0	34418/100000
fna/TTU2014-125ASC.fna	fna/AER397.fna	0.0327185	0	33604/100000
fna/TTU2014-130AME.fna	fna/AER397.fna	0.0327079	0	33614/100000
fna/TTU2014-130ASC.fna	fna/AER397.fna	0.0327142	0	33608/100000
fna/TTU2014-131ASC.fna	fna/AER397.fna	0.0327057	0	33616/100000
fna/TTU2014-134AME.fna	fna/AER397.fna	0.0327132	0	33609/100000
fna/TTU2014-134ASC.fna	fna/AER397.fna	0.03271	0	33612/100000
fna/TTU2014-140ASC.fna	fna/AER397.fna	0.0327132	0	33609/100000
fna/TTU2014-141AME.fna	fna/AER397.fna	0.0327164	0	33606/100000
fna/TTU2014-141ASC.fna	fna/AER397.fna	0.0327164	0	33606/100000
fna/TTU2014-142ASC.fna	fna/AER397.fna	0.0327238	0	33599/100000
fna/TTU2014-143AME.fna	fna/AER397.fna	0.0327142	0	33608/100000
fna/TTU2014-143ASC.fna	fna/AER397.fna	0.0327206	0	33602/100000
fna/VBF557.fna	fna/AER397.fna	0.0345875	0	31898/100000
fna/X11.fna	fna/AER397.fna	0.033104	0	33243/100000
fna/X12.fna	fna/AER397.fna	0.0333382	0	33026/100000
fna/pamvotica.fna	fna/AER397.fna	0.0338522	0	32556/100000
fna/A29.fna	fna/AMC35.fna	0.0315548	0	34724/100000
fna/AER39.fna	fna/AMC35.fna	0.0316108	0	34669/100000
fna/AER397.fna	fna/AMC35.fna	0.0256538	0	41192/100000
fna/AMC35.fna	fna/AMC35.fna	0	0	100000/100000
fna/ARB3.fna	fna/AMC35.fna	0.0322316	0	34067/100000
fna/AVNIH1.fna	fna/AMC35.fna	0.0338191	0	32586/100000
fna/AVNIH2.fna	fna/AMC35.fna	0.0314542	0	34823/100000
fna/Ae52.fna	fna/AMC35.fna	0.0329132	0	33421/100000
fna/B565.fna	fna/AMC35.fna	0.0257309	0	41098/100000
fna/CB51.fna	fna/AMC35.fna	0.0326306	0	33687/100000
fna/CCM4359.fna	fna/AMC35.fna	0.0258948	0	40899/100000
fna/CCM7244.fna	fna/AMC35.fna	0.0322504	0	34049/100000
fna/CECT4257.fna	fna/AMC35.fna	0.0258024	0	41011/100000
fna/CECT4486.fna	fna/AMC35.fna	0.0322201	0	34078/100000
fna/CIP107763.fna	fna/AMC35.fna	0.0336948	0	32699/100000
fna/Hm21.fna	fna/AMC35.fna	0.0326337	0	33684/100000
fna/LMG13067.fna	fna/AMC35.fna	0.0322577	0	34042/100000
fna/ML09-123.fna	fna/AMC35.fna	0.0337267	0	32670/100000
fna/RU31B.fna	fna/AMC35.fna	0.0342578	0	32191/100000
fna/TH0426.fna	fna/AMC35.fna	0.0340249	0	32400/100000
fna/TTU2014-108AME.fna	fna/AMC35.fna	0.0324587	0	33850/100000
fna/TTU2014-108ASC.fna	fna/AMC35.fna	0.0324587	0	33850/100000
fna/TTU2014-113AME.fna	fna/AMC35.fna	0.0330535	0	33290/100000
fna/TTU2014-115AME.fna	fna/AMC35.fna	0.0324619	0	33847/100000
fna/TTU2014-115ASC.fna	fna/AMC35.fna	0.0324598	0	33849/100000
fna/TTU2014-125ASC.fna	fna/AMC35.fna	0.0330792	0	33266/100000
fna/TTU2014-130AME.fna	fna/AMC35.fna	0.0330717	0	33273/100000
fna/TTU2014-130ASC.fna	fna/AMC35.fna	0.0330717	0	33273/100000
fna/TTU2014-131ASC.fna	fna/AMC35.fna	0.033061	0	33283/100000
fna/TTU2014-134AME.fna	fna/AMC35.fna	0.0330707	0	33274/100000
fna/TTU2014-134ASC.fna	fna/AMC35.fna	0.0330728	0	33272/100000
fna/TTU2014-140ASC.fna	fna/AMC35.fna	0.033076	0	33269/100000
fna/TTU2014-141AME.fna	fna/AMC35.fna	0.033076	0	33269/100000
fna/TTU2014-141ASC.fna	fna/AMC35.fna	0.0330739	0	33271/100000
fna/TTU2014-142ASC.fna	fna/AMC35.fna	0.0330814	0	33264/100000
fna/TTU2014-143AME.fna	fna/AMC35.fna	0.0330728	0	33272/100000
fna/TTU2014-143ASC.fna	fna/AMC35.fna	0.0330803	0	33265/100000
fna/VBF557.fna	fna/AMC35.fna	0.0348639	0	31655/100000
fna/X11.fna	fna/AMC35.fna	0.0335624	0	32820/100000
fna/X12.fna	fna/AMC35.fna	0.0339229	0	32492/100000
fna/pamvotica.fna	fna/AMC35.fna	0.0342377	0	32209/100000
fna/A29.fna	fna/ARB3.fna	0.0319009	0	34386/100000
fna/AER39.fna	fna/ARB3.fna	0.0319639	0	34325/100000
fna/AER397.fna	fna/ARB3.fna	0.0315945	0	34685/100000
fna/AMC35.fna	fna/ARB3.fna	0.0322316	0	34067/100000
fna/ARB3.fna	fna/ARB3.fna	0	0	100000/100000
fna/AVNIH1.fna	fna/ARB3.fna	0.0346987	0	31800/100000
fna/AVNIH2.fna	fna/ARB3.fna	0.0326295	0	33688/100000
fna/Ae52.fna	fna/ARB3.fna	0.0329581	0	33379/100000
fna/B565.fna	fna/ARB3.fna	0.0317017	0	34580/100000
fna/CB51.fna	fna/ARB3.fna	0.0324367	0	33871/100000
fna/CCM4359.fna	fna/ARB3.fna	0.0320207	0	34270/100000
fna/CCM7244.fna	fna/ARB3.fna	0.0316159	0	34664/100000
fna/CECT4257.fna	fna/ARB3.fna	0.0319092	0	34378/100000
fna/CECT4486.fna	fna/ARB3.fna	0.0315843	0	34695/100000
fna/CIP107763.fna	fna/ARB3.fna	0.0334077	0	32962/100000
fna/Hm21.fna	fna/ARB3.fna	0.0316332	0	34647/100000
fna/LMG13067.fna	fna/ARB3.fna	0.0334185	0	32952/100000
fna/ML09-123.fna	fna/ARB3.fna	0.0318094	0	34475/100000
fna/RU31B.fna	fna/ARB3.fna	0.0332981	0	33063/100000
fna/TH0426.fna	fna/ARB3.fna	0.0320808	0	34212/100000
fna/TTU2014-108AME.fna	fna/ARB3.fna	0.0302959	0	35989/100000
fna/TTU2014-108ASC.fna	fna/ARB3.fna	0.0302978	0	35987/100000
fna/TTU2014-113AME.fna	fna/ARB3.fna	0.0310864	0	35188/100000
fna/TTU2014-115AME.fna	fna/ARB3.fna	0.0302988	0	35986/100000
fna/TTU2014-115ASC.fna	fna/ARB3.fna	0.0302998	0	35985/100000
fna/TTU2014-125ASC.fna	fna/ARB3.fna	0.0311154	0	35159/100000
fna/TTU2014-130AME.fna	fna/ARB3.fna	0.0311094	0	35165/100000
fna/TTU2014-130ASC.fna	fna/ARB3.fna	0.0311084	0	35166/100000
fna/TTU2014-131ASC.fna	fna/ARB3.fna	0.0311044	0	35170/100000
fna/TTU2014-134AME.fna	fna/ARB3.fna	0.0311084	0	35166/100000
fna/TTU2014-134ASC.fna	fna/ARB3.fna	0.0311084	0	35166/100000
fna/TTU2014-140ASC.fna	fna/ARB3.fna	0.0311184	0	35156/100000
fna/TTU2014-141AME.fna	fna/ARB3.fna	0.0311124	0	35162/100000
fna/TTU2014-141ASC.fna	fna/ARB3.fna	0.0311094	0	35165/100000
fna/TTU2014-142ASC.fna	fna/ARB3.fna	0.0311164	0	35158/100000
fna/TTU2014-143AME.fna	fna/ARB3.fna	0.0311094	0	35165/100000
fna/TTU2014-143ASC.fna	fna/ARB3.fna	0.0311164	0	35158/100000
fna/VBF557.fna	fna/ARB3.fna	0.0333914	0	32977/100000
fna/X11.fna	fna/ARB3.fna	0.0344746	0	31998/100000
fna/X12.fna	fna/ARB3.fna	0.0330631	0	33281/100000
fna/pamvotica.fna	fna/ARB3.fna	0.0323601	0	33944/100000
fna/A29.fna	fna/AVNIH1.fna	0.0336105	0	32776/100000
fna/AER39.fna	fna/AVNIH1.fna	0.0347089	0	31791/100000
fna/AER397.fna	fna/AVNIH1.fna	0.0335034	0	32874/100000
fna/AMC35.fna	fna/AVNIH1.fna	0.0338191	0	32586/100000
fna/ARB3.fna	fna/AVNIH1.fna	0.0346987	0	31800/100000
fna/AVNIH1.fna	fna/AVNIH1.fna	0	0	100000/100000
fna/AVNIH2.fna	fna/AVNIH1.fna	0.0160498	0	55506/100000
fna/Ae52.fna	fna/AVNIH1.fna	0.0340038	0	32419/100000
fna/B565.fna	fna/AVNIH1.fna	0.0334991	0	32878/100000
fna/CB51.fna	fna/AVNIH1.fna	0.0347544	0	31751/100000
fna/CCM4359.fna	fna/AVNIH1.fna	0.0337278	0	32669/100000
fna/CCM7244.fna	fna/AVNIH1.fna	0.0346726	0	31823/100000
fna/CECT4257.fna	fna/AVNIH1.fna	0.0336335	0	32755/100000
fna/CECT4486.fna	fna/AVNIH1.fna	0.0346476	0	31845/100000
fna/CIP107763.fna	fna/AVNIH1.fna	0.0357136	0	30922/100000
fna/Hm21.fna	fna/AVNIH1.fna	0.0352018	0	31361/100000
fna/LMG13067.fna	fna/AVNIH1.fna	0.0341171	0	32317/100000
fna/ML09-123.fna	fna/AVNIH1.fna	0.0359143	0	30752/100000
fna/RU31B.fna	fna/AVNIH1.fna	0.0358717	0	30788/100000
fna/TH0426.fna	fna/AVNIH1.fna	0.0361652	0	30541/100000
fna/TTU2014-108AME.fna	fna/AVNIH1.fna	0.0349566	0	31574/100000
fna/TTU2014-108ASC.fna	fna/AVNIH1.fna	0.0349577	0	31573/100000
fna/TTU2014-113AME.fna	fna/AVNIH1.fna	0.035477	0	31124/100000
fna/TTU2014-115AME.fna	fna/AVNIH1.fna	0.0349589	0	31572/100000
fna/TTU2014-115ASC.fna	fna/AVNIH1.fna	0.0349577	0	31573/100000
fna/TTU2014-125ASC.fna	fna/AVNIH1.fna	0.0354992	0	31105/100000
fna/TTU2014-130AME.fna	fna/AVNIH1.fna	0.0354922	0	31111/100000
fna/TTU2014-130ASC.fna	fna/AVNIH1.fna	0.0354898	0	31113/100000
fna/TTU2014-131ASC.fna	fna/AVNIH1.fna	0.0354852	0	31117/100000
fna/TTU2014-134AME.fna	fna/AVNIH1.fna	0.035491	0	31112/100000
fna/TTU2014-134ASC.fna	fna/AVNIH1.fna	0.0354933	0	31110/100000
fna/TTU2014-140ASC.fna	fna/AVNIH1.fna	0.0355015	0	31103/100000
fna/TTU2014-141AME.fna	fna/AVNIH1.fna	0.0354945	0	31109/100000
fna/TTU2014-141ASC.fna	fna/AVNIH1.fna	0.0354933	0	31110/100000
fna/TTU2014-142ASC.fna	fna/AVNIH1.fna	0.0355015	0	31103/100000
fna/TTU2014-143AME.fna	fna/AVNIH1.fna	0.035491	0	31112/100000
fna/TTU2014-143ASC.fna	fna/AVNIH1.fna	0.0354992	0	31105/100000
fna/VBF557.fna	fna/AVNIH1.fna	0.0377461	0	29252/100000
fna/X11.fna	fna/AVNIH1.fna	0.0356784	0	30952/100000
fna/X12.fna	fna/AVNIH1.fna	0.0359843	0	30693/100000
fna/pamvotica.fna	fna/AVNIH1.fna	0.0368406	0	29982/100000
fna/A29.fna	fna/AVNIH2.fna	0.0316067	0	34673/100000
fna/AER39.fna	fna/AVNIH2.fna	0.0323402	0	33963/100000
fna/AER397.fna	fna/AVNIH2.fna	0.0309934	0	35281/100000
fna/AMC35.fna	fna/AVNIH2.fna	0.0314542	0	34823/100000
fna/ARB3.fna	fna/AVNIH2.fna	0.0326295	0	33688/100000
fna/AVNIH1.fna	fna/AVNIH2.fna	0.0160498	0	55506/100000
fna/AVNIH2.fna	fna/AVNIH2.fna	0	0	100000/100000
fna/Ae52.fna	fna/AVNIH2.fna	0.0322932	0	34008/100000
fna/B565.fna	fna/AVNIH2.fna	0.0309944	0	35280/100000
fna/CB51.fna	fna/AVNIH2.fna	0.0328066	0	33521/100000
fna/CCM4359.fna	fna/AVNIH2.fna	0.0313459	0	34930/100000
fna/CCM7244.fna	fna/AVNIH2.fna	0.0324829	0	33827/100000
fna/CECT4257.fna	fna/AVNIH2.fna	0.0312611	0	35014/100000
fna/CECT4486.fna	fna/AVNIH2.fna	0.0324566	0	33852/100000
fna/CIP107763.fna	fna/AVNIH2.fna	0.0338599	0	32549/100000
fna/Hm21.fna	fna/AVNIH2.fna	0.0327928	0	33534/100000
fna/LMG13067.fna	fna/AVNIH2.fna	0.0311365	0	35138/100000
fna/ML09-123.fna	fna/AVNIH2.fna	0.0338268	0	32579/100000
fna/RU31B.fna	fna/AVNIH2.fna	0.0346295	0	31861/100000
fna/TH0426.fna	fna/AVNIH2.fna	0.0340471	0	32380/100000
fna/TTU2014-108AME.fna	fna/AVNIH2.fna	0.0327503	0	33574/100000
fna/TTU2014-108ASC.fna	fna/AVNIH2.fna	0.0327524	0	33572/100000
fna/TTU2014-113AME.fna	fna/AVNIH2.fna	0.0333209	0	33042/100000
fna/TTU2014-115AME.fna	fna/AVNIH2.fna	0.0327524	0	33572/100000
fna/TTU2014-115ASC.fna	fna/AVNIH2.fna	0.0327503	0	33574/100000
fna/TTU2014-125ASC.fna	fna/AVNIH2.fna	0.0333534	0	33012/100000
fna/TTU2014-130AME.fna	fna/AVNIH2.fna	0.0333404	0	33024/100000
fna/TTU2014-130ASC.fna	fna/AVNIH2.fna	0.0333447	0	33020/100000
fna/TTU2014-131ASC.fna	fna/AVNIH2.fna	0.0333328	0	33031/100000
fna/TTU2014-134AME.fna	fna/AVNIH2.fna	0.0333436	0	33021/100000
fna/TTU2014-134ASC.fna	fna/AVNIH2.fna	0.0333469	0	33018/100000
fna/TTU2014-140ASC.fna	fna/AVNIH2.fna	0.0333512	0	33014/100000
fna/TTU2014-141AME.fna	fna/AVNIH2.fna	0.0333469	0	33018/100000
fna/TTU2014-141ASC.fna	fna/AVNIH2.fna	0.0333458	0	33019/100000
fna/TTU2014-142ASC.fna	fna/AVNIH2.fna	0.0333523	0	33013/100000
fna/TTU2014-143AME.fna	fna/AVNIH2.fna	0.0333458	0	33019/100000
fna/TTU2014-143ASC.fna	fna/AVNIH2.fna	0.0333512	0	33014/100000
fna/VBF557.fna	fna/AVNIH2.fna	0.0351394	0	31415/100000
fna/X11.fna	fna/AVNIH2.fna	0.0321483	0	34147/100000
fna/X12.fna	fna/AVNIH2.fna	0.0338224	0	32583/100000
fna/pamvotica.fna	fna/AVNIH2.fna	0.0344239	0	32043/100000
fna/A29.fna	fna/Ae52.fna	0.0329817	0	33357/100000
fna/AER39.fna	fna/Ae52.fna	0.033297	0	33064/100000
fna/AER397.fna	fna/Ae52.fna	0.0327779	0	33548/100000
fna/AMC35.fna	fna/Ae52.fna	0.0329132	0	33421/100000
fna/ARB3.fna	fna/Ae52.fna	0.0329581	0	33379/100000
fna/AVNIH1.fna	fna/Ae52.fna	0.0340038	0	32419/100000
fna/AVNIH2.fna	fna/Ae52.fna	0.0322932	0	34008/100000
fna/Ae52.fna	fna/Ae52.fna	0	0	100000/100000
fna/B565.fna	fna/Ae52.fna	0.0328642	0	33467/100000
fna/CB51.fna	fna/Ae52.fna	0.0334686	0	32906/100000
fna/CCM4359.fna	fna/Ae52.fna	0.0331072	0	33240/100000
fna/CCM7244.fna	fna/Ae52.fna	0.0337388	0	32659/100000
fna/CECT4257.fna	fna/Ae52.fna	0.0329934	0	33346/100000
fna/CECT4486.fna	fna/Ae52.fna	0.0337113	0	32684/100000
fna/CIP107763.fna	fna/Ae52.fna	0.0346941	0	31804/100000
fna/Hm21.fna	fna/Ae52.fna	0.0343856	0	32077/100000
fna/LMG13067.fna	fna/Ae52.fna	0.033697	0	32697/100000
fna/ML09-123.fna	fna/Ae52.fna	0.0342578	0	32191/100000
fna/RU31B.fna	fna/Ae52.fna	0.0351625	0	31395/100000
fna/TH0426.fna	fna/Ae52.fna	0.0344667	0	32005/100000
fna/TTU2014-108AME.fna	fna/Ae52.fna	0.0332214	0	33134/100000
fna/TTU2014-108ASC.fna	fna/Ae52.fna	0.0332171	0	33138/100000
fna/TTU2014-113AME.fna	fna/Ae52.fna	0.0339938	0	32428/100000
fna/TTU2014-115AME.fna	fna/Ae52.fna	0.0332235	0	33132/100000
fna/TTU2014-115ASC.fna	fna/Ae52.fna	0.0332203	0	33135/100000
fna/TTU2014-125ASC.fna	fna/Ae52.fna	0.0340071	0	32416/100000
fna/TTU2014-130AME.fna	fna/Ae52.fna	0.0340082	0	32415/100000
fna/TTU2014-130ASC.fna	fna/Ae52.fna	0.0340027	0	32420/100000
fna/TTU2014-131ASC.fna	fna/Ae52.fna	0.0339938	0	32428/100000
fna/TTU2014-134AME.fna	fna/Ae52.fna	0.0340004	0	32422/100000
fna/TTU2014-134ASC.fna	fna/Ae52.fna	0.0340027	0	32420/100000
fna/TTU2014-140ASC.fna	fna/Ae52.fna	0.034006	0	32417/100000
fna/TTU2014-141AME.fna	fna/Ae52.fna	0.0340049	0	32418/100000
fna/TTU2014-141ASC.fna	fna/Ae52.fna	0.0340027	0	32420/100000
fna/TTU2014-142ASC.fna	fna/Ae52.fna	0.0340104	0	32413/100000
fna/TTU2014-143AME.fna	fna/Ae52.fna	0.0340038	0	32419/100000
fna/TTU2014-143ASC.fna	fna/Ae52.fna	0.034006	0	32417/100000
fna/VBF557.fna	fna/Ae52.fna	0.0356314	0	30992/100000
fna/X11.fna	fna/Ae52.fna	0.0330117	0	33329/100000
fna/X12.fna	fna/Ae52.fna	0.0350968	0	31452/100000
fna/pamvotica.fna	fna/Ae52.fna	0.0349887	0	31546/100000
fna/A29.fna	fna/B565.fna	0.0313135	0	34962/100000
fna/AER39.fna	fna/B565.fna	0.0313408	0	34935/100000
fna/AER397.fna	fna/B565.fna	0.00264215	0	89758/100000
fna/AMC35.fna	fna/B565.fna	0.0257309	0	41098/100000
fna/ARB3.fna	fna/B565.fna	0.0317017	0	34580/100000
fna/AVNIH1.fna	fna/B565.fna	0.0334991	0	32878/100000
fna/AVNIH2.fna	fna/B565.fna	0.0309944	0	35280/100000
fna/Ae52.fna	fna/B565.fna	0.0328642	0	33467/100000
fna/B565.fna	fna/B565.fna	0	0	100000/100000
fna/CB51.fna	fna/B565.fna	0.0321597	0	34136/100000
fna/CCM4359.fna	fna/B565.fna	0.0017616	0	92991/100000
fna/CCM7244.fna	fna/B565.fna	0.0318104	0	34474/100000
fna/CECT4257.fna	fna/B565.fna	0.00166583	0	93353/100000
fna/CECT4486.fna	fna/B565.fna	0.0317796	0	34504/100000
fna/CIP107763.fna	fna/B565.fna	0.0331621	0	33189/100000
fna/Hm21.fna	fna/B565.fna	0.0322973	0	34004/100000
fna/LMG13067.fna	fna/B565.fna	0.0311365	0	35138/100000
fna/ML09-123.fna	fna/B565.fna	0.0333133	0	33049/100000
fna/RU31B.fna	fna/B565.fna	0.0340349	0	32391/100000
fna/TH0426.fna	fna/B565.fna	0.033257	0	33101/100000
fna/TTU2014-108AME.fna	fna/B565.fna	0.0319804	0	34309/100000
fna/TTU2014-108ASC.fna	fna/B565.fna	0.0319794	0	34310/100000
fna/TTU2014-113AME.fna	fna/B565.fna	0.0326909	0	33630/100000
fna/TTU2014-115AME.fna	fna/B565.fna	0.0319825	0	34307/100000
fna/TTU2014-115ASC.fna	fna/B565.fna	0.0319804	0	34309/100000
fna/TTU2014-125ASC.fna	fna/B565.fna	0.0327142	0	33608/100000
fna/TTU2014-130AME.fna	fna/B565.fna	0.0327047	0	33617/100000
fna/TTU2014-130ASC.fna	fna/B565.fna	0.03271	0	33612/100000
fna/TTU2014-131ASC.fna	fna/B565.fna	0.0326951	0	33626/100000
fna/TTU2014-134AME.fna	fna/B565.fna	0.03271	0	33612/100000
fna/TTU2014-134ASC.fna	fna/B565.fna	0.0327089	0	33613/100000
fna/TTU2014-140ASC.fna	fna/B565.fna	0.0327089	0	33613/100000
fna/TTU2014-141AME.fna	fna/B565.fna	0.0327121	0	33610/100000
fna/TTU2014-141ASC.fna	fna/B565.fna	0.032711	0	33611/100000
fna/TTU2014-142ASC.fna	fna/B565.fna	0.0327195	0	33603/100000
fna/TTU2014-143AME.fna	fna/B565.fna	0.032711	0	33611/100000
fna/TTU2014-143ASC.fna	fna/B565.fna	0.0327195	0	33603/100000
fna/VBF557.fna	fna/B565.fna	0.0346896	0	31808/100000
fna/X11.fna	fna/B565.fna	0.0332084	0	33146/100000
fna/X12.fna	fna/B565.fna	0.0334925	0	32884/100000
fna/pamvotica.fna	fna/B565.fna	0.0339152	0	32499/100000
fna/A29.fna	fna/CB51.fna	0.0322806	0	34020/100000
fna/AER39.fna	fna/CB51.fna	0.0321005	0	34193/100000
fna/AER397.fna	fna/CB51.fna	0.0325472	0	33766/100000
fna/AMC35.fna	fna/CB51.fna	0.0326306	0	33687/100000
fna/ARB3.fna	fna/CB51.fna	0.0324367	0	33871/100000
fna/AVNIH1.fna	fna/CB51.fna	0.0347544	0	31751/100000
fna/AVNIH2.fna	fna/CB51.fna	0.0328066	0	33521/100000
fna/Ae52.fna	fna/CB51.fna	0.0334686	0	32906/100000
fna/B565.fna	fna/CB51.fna	0.0321597	0	34136/100000
fna/CB51.fna	fna/CB51.fna	0	0	100000/100000
fna/CCM4359.fna	fna/CB51.fna	0.033032	0	33310/100000
fna/CCM7244.fna	fna/CB51.fna	0.0325208	0	33791/100000
fna/CECT4257.fna	fna/CB51.fna	0.0328994	0	33434/100000
fna/CECT4486.fna	fna/CB51.fna	0.0324913	0	33819/100000
fna/CIP107763.fna	fna/CB51.fna	0.0332927	0	33068/100000
fna/Hm21.fna	fna/CB51.fna	0.0329122	0	33422/100000
fna/LMG13067.fna	fna/CB51.fna	0.0334077	0	32962/100000
fna/ML09-123.fna	fna/CB51.fna	0.0333046	0	33057/100000
fna/RU31B.fna	fna/CB51.fna	0.034036	0	32390/100000
fna/TH0426.fna	fna/CB51.fna	0.0335372	0	32843/100000
fna/TTU2014-108AME.fna	fna/CB51.fna	0.0326412	0	33677/100000
fna/TTU2014-108ASC.fna	fna/CB51.fna	0.0326443	0	33674/100000
fna/TTU2014-113AME.fna	fna/CB51.fna	0.0334098	0	32960/100000
fna/TTU2014-115AME.fna	fna/CB51.fna	0.0326464	0	33672/100000
fna/TTU2014-115ASC.fna	fna/CB51.fna	0.0326412	0	33677/100000
fna/TTU2014-125ASC.fna	fna/CB51.fna	0.0334261	0	32945/100000
fna/TTU2014-130AME.fna	fna/CB51.fna	0.0334229	0	32948/100000
fna/TTU2014-130ASC.fna	fna/CB51.fna	0.0334218	0	32949/100000
fna/TTU2014-131ASC.fna	fna/CB51.fna	0.0334196	0	32951/100000
fna/TTU2014-134AME.fna	fna/CB51.fna	0.0334229	0	32948/100000
fna/TTU2014-134ASC.fna	fna/CB51.fna	0.0334207	0	32950/100000
fna/TTU2014-140ASC.fna	fna/CB51.fna	0.033425	0	32946/100000
fna/TTU2014-141AME.fna	fna/CB51.fna	0.0334229	0	32948/100000
fna/TTU2014-141ASC.fna	fna/CB51.fna	0.0334218	0	32949/100000
fna/TTU2014-142ASC.fna	fna/CB51.fna	0.0334283	0	32943/100000
fna/TTU2014-143AME.fna	fna/CB51.fna	0.0334207	0	32950/100000
fna/TTU2014-143ASC.fna	fna/CB51.fna	0.0334283	0	32943/100000
fna/VBF557.fna	fna/CB51.fna	0.0351486	0	31407/100000
fna/X11.fna	fna/CB51.fna	0.0346091	0	31879/100000
fna/X12.fna	fna/CB51.fna	0.0338931	0	32519/100000
fna/pamvotica.fna	fna/CB51.fna	0.0344554	0	32015/100000
fna/A29.fna	fna/CCM4359.fna	0.0315721	0	34707/100000
fna/AER39.fna	fna/CCM4359.fna	0.0316149	0	34665/100000
fna/AER397.fna	fna/CCM4359.fna	0.00238026	0	90702/100000
fna/AMC35.fna	fna/CCM4359.fna	0.0258948	0	40899/100000
fna/ARB3.fna	fna/CCM4359.fna	0.0320207	0	34270/100000
fna/AVNIH1.fna	fna/CCM4359.fna	0.0337278	0	32669/100000
fna/AVNIH2.fna	fna/CCM4359.fna	0.0313459	0	34930/100000
fna/Ae52.fna	fna/CCM4359.fna	0.0331072	0	33240/100000
fna/B565.fna	fna/CCM4359.fna	0.0017616	0	92991/100000
fna/CB51.fna	fna/CCM4359.fna	0.033032	0	33310/100000
fna/CCM4359.fna	fna/CCM4359.fna	0	0	100000/100000
fna/CCM7244.fna	fna/CCM4359.fna	0.0320549	0	34237/100000
fna/CECT4257.fna	fna/CCM4359.fna	0.000136777	0	99428/100000
fna/CECT4486.fna	fna/CCM4359.fna	0.0320404	0	34251/100000
fna/CIP107763.fna	fna/CCM4359.fna	0.0334501	0	32923/100000
fna/Hm21.fna	fna/CCM4359.fna	0.0326285	0	33689/100000
fna/LMG13067.fna	fna/CCM4359.fna	0.0319628	0	34326/100000
fna/ML09-123.fna	fna/CCM4359.fna	0.0336039	0	32782/100000
fna/RU31B.fna	fna/CCM4359.fna	0.0343699	0	32091/100000
fna/TH0426.fna	fna/CCM4359.fna	0.0338092	0	32595/100000
fna/TTU2014-108AME.fna	fna/CCM4359.fna	0.0323339	0	33969/100000
fna/TTU2014-108ASC.fna	fna/CCM4359.fna	0.0323339	0	33969/100000
fna/TTU2014-113AME.fna	fna/CCM4359.fna	0.0329956	0	33344/100000
fna/TTU2014-115AME.fna	fna/CCM4359.fna	0.032336	0	33967/100000
fna/TTU2014-115ASC.fna	fna/CCM4359.fna	0.032335	0	33968/100000
fna/TTU2014-125ASC.fna	fna/CCM4359.fna	0.0330149	0	33326/100000
fna/TTU2014-130AME.fna	fna/CCM4359.fna	0.0330095	0	33331/100000
fna/TTU2014-130ASC.fna	fna/CCM4359.fna	0.0330127	0	33328/100000
fna/TTU2014-131ASC.fna	fna/CCM4359.fna	0.0330042	0	33336/100000
fna/TTU2014-134AME.fna	fna/CCM4359.fna	0.0330127	0	33328/100000
fna/TTU2014-134ASC.fna	fna/CCM4359.fna	0.0330106	0	33330/100000
fna/TTU2014-140ASC.fna	fna/CCM4359.fna	0.0330181	0	33323/100000
fna/TTU2014-141AME.fna	fna/CCM4359.fna	0.0330149	0	33326/100000
fna/TTU2014-141ASC.fna	fna/CCM4359.fna	0.0330117	0	33329/100000
fna/TTU2014-142ASC.fna	fna/CCM4359.fna	0.0330202	0	33321/100000
fna/TTU2014-143AME.fna	fna/CCM4359.fna	0.0330117	0	33329/100000
fna/TTU2014-143ASC.fna	fna/CCM4359.fna	0.0330224	0	33319/100000
fna/VBF557.fna	fna/CCM4359.fna	0.0350714	0	31474/100000
fna/X11.fna	fna/CCM4359.fna	0.0334631	0	32911/100000
fna/X12.fna	fna/CCM4359.fna	0.033839	0	32568/100000
fna/pamvotica.fna	fna/CCM4359.fna	0.0343463	0	32112/100000
fna/A29.fna	fna/CCM7244.fna	0.0315986	0	34681/100000
fna/AER39.fna	fna/CCM7244.fna	0.0314866	0	34791/100000
fna/AER397.fna	fna/CCM7244.fna	0.0316026	0	34677/100000
fna/AMC35.fna	fna/CCM7244.fna	0.0322504	0	34049/100000
fna/ARB3.fna	fna/CCM7244.fna	0.0316159	0	34664/100000
fna/AVNIH1.fna	fna/CCM7244.fna	0.0346726	0	31823/100000
fna/AVNIH2.fna	fna/CCM7244.fna	0.0324829	0	33827/100000
fna/Ae52.fna	fna/CCM7244.fna	0.0337388	0	32659/100000
fna/B565.fna	fna/CCM7244.fna	0.0318104	0	34474/100000
fna/CB51.fna	fna/CCM7244.fna	0.0325208	0	33791/100000
fna/CCM4359.fna	fna/CCM7244.fna	0.0320549	0	34237/100000
fna/CCM7244.fna	fna/CCM7244.fna	0	0	100000/100000
fna/CECT4257.fna	fna/CCM7244.fna	0.0319752	0	34314/100000
fna/CECT4486.fna	fna/CCM7244.fna	7.61345e-05	0	99681/100000
fna/CIP107763.fna	fna/CCM7244.fna	0.0322441	0	34055/100000
fna/Hm21.fna	fna/CCM7244.fna	0.0322712	0	34029/100000
fna/LMG13067.fna	fna/CCM7244.fna	0.0329367	0	33399/100000
fna/ML09-123.fna	fna/CCM7244.fna	0.0331201	0	33228/100000
fna/RU31B.fna	fna/CCM7244.fna	0.0334991	0	32878/100000
fna/TH0426.fna	fna/CCM7244.fna	0.0334066	0	32963/100000
fna/TTU2014-108AME.fna	fna/CCM7244.fna	0.0317693	0	34514/100000
fna/TTU2014-108ASC.fna	fna/CCM7244.fna	0.0317704	0	34513/100000
fna/TTU2014-113AME.fna	fna/CCM7244.fna	0.0327047	0	33617/100000
fna/TTU2014-115AME.fna	fna/CCM7244.fna	0.0317734	0	34510/100000
fna/TTU2014-115ASC.fna	fna/CCM7244.fna	0.0317724	0	34511/100000
fna/TTU2014-125ASC.fna	fna/CCM7244.fna	0.0327248	0	33598/100000
fna/TTU2014-130AME.fna	fna/CCM7244.fna	0.0327164	0	33606/100000
fna/TTU2014-130ASC.fna	fna/CCM7244.fna	0.0327174	0	33605/100000
fna/TTU2014-131ASC.fna	fna/CCM7244.fna	0.0327153	0	33607/100000
fna/TTU2014-134AME.fna	fna/CCM7244.fna	0.0327174	0	33605/100000
fna/TTU2014-134ASC.fna	fna/CCM7244.fna	0.0327195	0	33603/100000
fna/TTU2014-140ASC.fna	fna/CCM7244.fna	0.032728	0	33595/100000
fna/TTU2014-141AME.fna	fna/CCM7244.fna	0.0327227	0	33600/100000
fna/TTU2014-141ASC.fna	fna/CCM7244.fna	0.0327195	0	33603/100000
fna/TTU2014-142ASC.fna	fna/CCM7244.fna	0.032728	0	33595/100000
fna/TTU2014-143AME.fna	fna/CCM7244.fna	0.0327195	0	33603/100000
fna/TTU2014-143ASC.fna	fna/CCM7244.fna	0.032728	0	33595/100000
fna/VBF557.fna	fna/CCM7244.fna	0.0333079	0	33054/100000
fna/X11.fna	fna/CCM7244.fna	0.0341472	0	32290/100000
fna/X12.fna	fna/CCM7244.fna	0.0326718	0	33648/100000
fna/pamvotica.fna	fna/CCM7244.fna	0.033605	0	32781/100000
fna/A29.fna	fna/CECT4257.fna	0.0314856	0	34792/100000
fna/AER39.fna	fna/CECT4257.fna	0.0315059	0	34772/100000
fna/AER397.fna	fna/CECT4257.fna	0.00226858	0	91109/100000
fna/AMC35.fna	fna/CECT4257.fna	0.0258024	0	41011/100000
fna/ARB3.fna	fna/CECT4257.fna	0.0319092	0	34378/100000
fna/AVNIH1.fna	fna/CECT4257.fna	0.0336335	0	32755/100000
fna/AVNIH2.fna	fna/CECT4257.fna	0.0312611	0	35014/100000
fna/Ae52.fna	fna/CECT4257.fna	0.0329934	0	33346/100000
fna/B565.fna	fna/CECT4257.fna	0.00166583	0	93353/100000
fna/CB51.fna	fna/CECT4257.fna	0.0328994	0	33434/100000
fna/CCM4359.fna	fna/CECT4257.fna	0.000136777	0	99428/100000
fna/CCM7244.fna	fna/CECT4257.fna	0.0319752	0	34314/100000
fna/CECT4257.fna	fna/CECT4257.fna	0	0	100000/100000
fna/CECT4486.fna	fna/CECT4257.fna	0.0319298	0	34358/100000
fna/CIP107763.fna	fna/CECT4257.fna	0.0334011	0	32968/100000
fna/Hm21.fna	fna/CECT4257.fna	0.0325156	0	33796/100000
fna/LMG13067.fna	fna/CECT4257.fna	0.0318423	0	34443/100000
fna/ML09-123.fna	fna/CECT4257.fna	0.0334631	0	32911/100000
fna/RU31B.fna	fna/CECT4257.fna	0.0342645	0	32185/100000
fna/TH0426.fna	fna/CECT4257.fna	0.0336696	0	32722/100000
fna/TTU2014-108AME.fna	fna/CECT4257.fna	0.0321982	0	34099/100000
fna/TTU2014-108ASC.fna	fna/CECT4257.fna	0.0321982	0	34099/100000
fna/TTU2014-113AME.fna	fna/CECT4257.fna	0.0328663	0	33465/100000
fna/TTU2014-115AME.fna	fna/CECT4257.fna	0.0321993	0	34098/100000
fna/TTU2014-115ASC.fna	fna/CECT4257.fna	0.0321982	0	34099/100000
fna/TTU2014-125ASC.fna	fna/CECT4257.fna	0.0328833	0	33449/100000
fna/TTU2014-130AME.fna	fna/CECT4257.fna	0.032878	0	33454/100000
fna/TTU2014-130ASC.fna	fna/CECT4257.fna	0.0328812	0	33451/100000
fna/TTU2014-131ASC.fna	fna/CECT4257.fna	0.0328727	0	33459/100000
fna/TTU2014-134AME.fna	fna/CECT4257.fna	0.0328812	0	33451/100000
fna/TTU2014-134ASC.fna	fna/CECT4257.fna	0.0328791	0	33453/100000
fna/TTU2014-140ASC.fna	fna/CECT4257.fna	0.0328833	0	33449/100000
fna/TTU2014-141AME.fna	fna/CECT4257.fna	0.0328833	0	33449/100000
fna/TTU2014-141ASC.fna	fna/CECT4257.fna	0.0328812	0	33451/100000
fna/TTU2014-142ASC.fna	fna/CECT4257.fna	0.0328887	0	33444/100000
fna/TTU2014-143AME.fna	fna/CECT4257.fna	0.0328812	0	33451/100000
fna/TTU2014-143ASC.fna	fna/CECT4257.fna	0.0328908	0	33442/100000
fna/VBF557.fna	fna/CECT4257.fna	0.0349864	0	31548/100000
fna/X11.fna	fna/CECT4257.fna	0.0333892	0	32979/100000
fna/X12.fna	fna/CECT4257.fna	0.0337432	0	32655/100000
fna/pamvotica.fna	fna/CECT4257.fna	0.0341896	0	32252/100000
fna/A29.fna	fna/CECT4486.fna	0.0315609	0	34718/100000
fna/AER39.fna	fna/CECT4486.fna	0.0314582	0	34819/100000
fna/AER397.fna	fna/CECT4486.fna	0.0315375	0	34741/100000
fna/AMC35.fna	fna/CECT4486.fna	0.0322201	0	34078/100000
fna/ARB3.fna	fna/CECT4486.fna	0.0315843	0	34695/100000
fna/AVNIH1.fna	fna/CECT4486.fna	0.0346476	0	31845/100000
fna/AVNIH2.fna	fna/CECT4486.fna	0.0324566	0	33852/100000
fna/Ae52.fna	fna/CECT4486.fna	0.0337113	0	32684/100000
fna/B565.fna	fna/CECT4486.fna	0.0317796	0	34504/100000
fna/CB51.fna	fna/CECT4486.fna	0.0324913	0	33819/100000
fna/CCM4359.fna	fna/CECT4486.fna	0.0320404	0	34251/100000
fna/CCM7244.fna	fna/CECT4486.fna	7.61345e-05	0	99681/100000
fna/CECT4257.fna	fna/CECT4486.fna	0.0319298	0	34358/100000
fna/CECT4486.fna	fna/CECT4486.fna	0	0	100000/100000
fna/CIP107763.fna	fna/CECT4486.fna	0.0322212	0	34077/100000
fna/Hm21.fna	fna/CECT4486.fna	0.0322285	0	34070/100000
fna/LMG13067.fna	fna/CECT4486.fna	0.0328972	0	33436/100000
fna/ML09-123.fna	fna/CECT4486.fna	0.0330911	0	33255/100000
fna/RU31B.fna	fna/CECT4486.fna	0.0334566	0	32917/100000
fna/TH0426.fna	fna/CECT4486.fna	0.0333729	0	32994/100000
fna/TTU2014-108AME.fna	fna/CECT4486.fna	0.0317519	0	34531/100000
fna/TTU2014-108ASC.fna	fna/CECT4486.fna	0.031754	0	34529/100000
fna/TTU2014-113AME.fna	fna/CECT4486.fna	0.0326824	0	33638/100000
fna/TTU2014-115AME.fna	fna/CECT4486.fna	0.031755	0	34528/100000
fna/TTU2014-115ASC.fna	fna/CECT4486.fna	0.031756	0	34527/100000
fna/TTU2014-125ASC.fna	fna/CECT4486.fna	0.0327026	0	33619/100000
fna/TTU2014-130AME.fna	fna/CECT4486.fna	0.0326877	0	33633/100000
fna/TTU2014-130ASC.fna	fna/CECT4486.fna	0.0326962	0	33625/100000
fna/TTU2014-131ASC.fna	fna/CECT4486.fna	0.0326824	0	33638/100000
fna/TTU2014-134AME.fna	fna/CECT4486.fna	0.0326962	0	33625/100000
fna/TTU2014-134ASC.fna	fna/CECT4486.fna	0.032692	0	33629/100000
fna/TTU2014-140ASC.fna	fna/CECT4486.fna	0.0326898	0	33631/100000
fna/TTU2014-141AME.fna	fna/CECT4486.fna	0.0327015	0	33620/100000
fna/TTU2014-141ASC.fna	fna/CECT4486.fna	0.0326983	0	33623/100000
fna/TTU2014-142ASC.fna	fna/CECT4486.fna	0.0327068	0	33615/100000
fna/TTU2014-143AME.fna	fna/CECT4486.fna	0.0326983	0	33623/100000
fna/TTU2014-143ASC.fna	fna/CECT4486.fna	0.0327004	0	33621/100000
fna/VBF557.fna	fna/CECT4486.fna	0.0332906	0	33070/100000
fna/X11.fna	fna/CECT4486.fna	0.0341049	0	32328/100000
fna/X12.fna	fna/CECT4486.fna	0.0326549	0	33664/100000
fna/pamvotica.fna	fna/CECT4486.fna	0.0335635	0	32819/100000
fna/A29.fna	fna/CIP107763.fna	0.0327164	0	33606/100000
fna/AER39.fna	fna/CIP107763.fna	0.0330385	0	33304/100000
fna/AER397.fna	fna/CIP107763.fna	0.033076	0	33269/100000
fna/AMC35.fna	fna/CIP107763.fna	0.0336948	0	32699/100000
fna/ARB3.fna	fna/CIP107763.fna	0.0334077	0	32962/100000
fna/AVNIH1.fna	fna/CIP107763.fna	0.0357136	0	30922/100000
fna/AVNIH2.fna	fna/CIP107763.fna	0.0338599	0	32549/100000
fna/Ae52.fna	fna/CIP107763.fna	0.0346941	0	31804/100000
fna/B565.fna	fna/CIP107763.fna	0.0331621	0	33189/100000
fna/CB51.fna	fna/CIP107763.fna	0.0332927	0	33068/100000
fna/CCM4359.fna	fna/CIP107763.fna	0.0334501	0	32923/100000
fna/CCM7244.fna	fna/CIP107763.fna	0.0322441	0	34055/100000
fna/CECT4257.fna	fna/CIP107763.fna	0.0334011	0	32968/100000
fna/CECT4486.fna	fna/CIP107763.fna	0.0322212	0	34077/100000
fna/CIP107763.fna	fna/CIP107763.fna	0	0	100000/100000
fna/Hm21.fna	fna/CIP107763.fna	0.0339074	0	32506/100000
fna/LMG13067.fna	fna/CIP107763.fna	0.0344656	0	32006/100000
fna/ML09-123.fna	fna/CIP107763.fna	0.0344509	0	32019/100000
fna/RU31B.fna	fna/CIP107763.fna	0.0346159	0	31873/100000
fna/TH0426.fna	fna/CIP107763.fna	0.0347658	0	31741/100000
fna/TTU2014-108AME.fna	fna/CIP107763.fna	0.0330782	0	33267/100000
fna/TTU2014-108ASC.fna	fna/CIP107763.fna	0.033076	0	33269/100000
fna/TTU2014-113AME.fna	fna/CIP107763.fna	0.0339694	0	32450/100000
fna/TTU2014-115AME.fna	fna/CIP107763.fna	0.0330803	0	33265/100000
fna/TTU2014-115ASC.fna	fna/CIP107763.fna	0.0330782	0	33267/100000
fna/TTU2014-125ASC.fna	fna/CIP107763.fna	0.0339883	0	32433/100000
fna/TTU2014-130AME.fna	fna/CIP107763.fna	0.0339816	0	32439/100000
fna/TTU2014-130ASC.fna	fna/CIP107763.fna	0.0339827	0	32438/100000
fna/TTU2014-131ASC.fna	fna/CIP107763.fna	0.0339727	0	32447/100000
fna/TTU2014-134AME.fna	fna/CIP107763.fna	0.0339816	0	32439/100000
fna/TTU2014-134ASC.fna	fna/CIP107763.fna	0.0339816	0	32439/100000
fna/TTU2014-140ASC.fna	fna/CIP107763.fna	0.0339805	0	32440/100000
fna/TTU2014-141AME.fna	fna/CIP107763.fna	0.0339849	0	32436/100000
fna/TTU2014-141ASC.fna	fna/CIP107763.fna	0.0339838	0	32437/100000
fna/TTU2014-142ASC.fna	fna/CIP107763.fna	0.0339927	0	32429/100000
fna/TTU2014-143AME.fna	fna/CIP107763.fna	0.0339849	0	32436/100000
fna/TTU2014-143ASC.fna	fna/CIP107763.fna	0.0339905	0	32431/100000
fna/VBF557.fna	fna/CIP107763.fna	0.0349165	0	31609/100000
fna/X11.fna	fna/CIP107763.fna	0.0354327	0	31162/100000
fna/X12.fna	fna/CIP107763.fna	0.0341116	0	32322/100000
fna/pamvotica.fna	fna/CIP107763.fna	0.0348091	0	31703/100000
fna/A29.fna	fna/Hm21.fna	0.0305431	0	35736/100000
fna/AER39.fna	fna/Hm21.fna	0.0313024	0	34973/100000
fna/AER397.fna	fna/Hm21.fna	0.0321847	0	34112/100000
fna/AMC35.fna	fna/Hm21.fna	0.0326337	0	33684/100000
fna/ARB3.fna	fna/Hm21.fna	0.0316332	0	34647/100000
fna/AVNIH1.fna	fna/Hm21.fna	0.0352018	0	31361/100000
fna/AVNIH2.fna	fna/Hm21.fna	0.0327928	0	33534/100000
fna/Ae52.fna	fna/Hm21.fna	0.0343856	0	32077/100000
fna/B565.fna	fna/Hm21.fna	0.0322973	0	34004/100000
fna/CB51.fna	fna/Hm21.fna	0.0329122	0	33422/100000
fna/CCM4359.fna	fna/Hm21.fna	0.0326285	0	33689/100000
fna/CCM7244.fna	fna/Hm21.fna	0.0322712	0	34029/100000
fna/CECT4257.fna	fna/Hm21.fna	0.0325156	0	33796/100000
fna/CECT4486.fna	fna/Hm21.fna	0.0322285	0	34070/100000
fna/CIP107763.fna	fna/Hm21.fna	0.0339074	0	32506/100000
fna/Hm21.fna	fna/Hm21.fna	0	0	100000/100000
fna/LMG13067.fna	fna/Hm21.fna	0.032972	0	33366/100000
fna/ML09-123.fna	fna/Hm21.fna	0.031511	0	34767/100000
fna/RU31B.fna	fna/Hm21.fna	0.0330234	0	33318/100000
fna/TH0426.fna	fna/Hm21.fna	0.0318834	0	34403/100000
fna/TTU2014-108AME.fna	fna/Hm21.fna	0.0316782	0	34603/100000
fna/TTU2014-108ASC.fna	fna/Hm21.fna	0.0316731	0	34608/100000
fna/TTU2014-113AME.fna	fna/Hm21.fna	0.0324367	0	33871/100000
fna/TTU2014-115AME.fna	fna/Hm21.fna	0.0316802	0	34601/100000
fna/TTU2014-115ASC.fna	fna/Hm21.fna	0.0316823	0	34599/100000
fna/TTU2014-125ASC.fna	fna/Hm21.fna	0.0324566	0	33852/100000
fna/TTU2014-130AME.fna	fna/Hm21.fna	0.0324461	0	33862/100000
fna/TTU2014-130ASC.fna	fna/Hm21.fna	0.0324514	0	33857/100000
fna/TTU2014-131ASC.fna	fna/Hm21.fna	0.0324419	0	33866/100000
fna/TTU2014-134AME.fna	fna/Hm21.fna	0.0324524	0	33856/100000
fna/TTU2014-134ASC.fna	fna/Hm21.fna	0.0324493	0	33859/100000
fna/TTU2014-140ASC.fna	fna/Hm21.fna	0.0324524	0	33856/100000
fna/TTU2014-141AME.fna	fna/Hm21.fna	0.0324556	0	33853/100000
fna/TTU2014-141ASC.fna	fna/Hm21.fna	0.0324514	0	33857/100000
fna/TTU2014-142ASC.fna	fna/Hm21.fna	0.0324598	0	33849/100000
fna/TTU2014-143AME.fna	fna/Hm21.fna	0.0324524	0	33856/100000
fna/TTU2014-143ASC.fna	fna/Hm21.fna	0.0324556	0	33853/100000
fna/VBF557.fna	fna/Hm21.fna	0.0341238	0	32311/100000
fna/X11.fna	fna/Hm21.fna	0.0342712	0	32179/100000
fna/X12.fna	fna/Hm21.fna	0.0320518	0	34240/100000
fna/pamvotica.fna	fna/Hm21.fna	0.0334033	0	32966/100000
fna/A29.fna	fna/LMG13067.fna	0.0321691	0	34127/100000
fna/AER39.fna	fna/LMG13067.fna	0.0328823	0	33450/100000
fna/AER397.fna	fna/LMG13067.fna	0.0316404	0	34640/100000
fna/AMC35.fna	fna/LMG13067.fna	0.0322577	0	34042/100000
fna/ARB3.fna	fna/LMG13067.fna	0.0334185	0	32952/100000
fna/AVNIH1.fna	fna/LMG13067.fna	0.0341171	0	32317/100000
fna/AVNIH2.fna	fna/LMG13067.fna	0.0311365	0	35138/100000
fna/Ae52.fna	fna/LMG13067.fna	0.033697	0	32697/100000
fna/B565.fna	fna/LMG13067.fna	0.0311365	0	35138/100000
fna/CB51.fna	fna/LMG13067.fna	0.0334077	0	32962/100000
fna/CCM4359.fna	fna/LMG13067.fna	0.0319628	0	34326/100000
fna/CCM7244.fna	fna/LMG13067.fna	0.0329367	0	33399/100000
fna/CECT4257.fna	fna/LMG13067.fna	0.0318423	0	34443/100000
fna/CECT4486.fna	fna/LMG13067.fna	0.0328972	0	33436/100000
fna/CIP107763.fna	fna/LMG13067.fna	0.0344656	0	32006/100000
fna/Hm21.fna	fna/LMG13067.fna	0.032972	0	33366/100000
fna/LMG13067.fna	fna/LMG13067.fna	0	0	100000/100000
fna/ML09-123.fna	fna/LMG13067.fna	0.0342623	0	32187/100000
fna/RU31B.fna	fna/LMG13067.fna	0.0353861	0	31202/100000
fna/TH0426.fna	fna/LMG13067.fna	0.0344678	0	32004/100000
fna/TTU2014-108AME.fna	fna/LMG13067.fna	0.0331179	0	33230/100000
fna/TTU2014-108ASC.fna	fna/LMG13067.fna	0.0331169	0	33231/100000
fna/TTU2014-113AME.fna	fna/LMG13067.fna	0.0342388	0	32208/100000
fna/TTU2014-115AME.fna	fna/LMG13067.fna	0.0331179	0	33230/100000
fna/TTU2014-115ASC.fna	fna/LMG13067.fna	0.0331169	0	33231/100000
fna/TTU2014-125ASC.fna	fna/LMG13067.fna	0.0342612	0	32188/100000
fna/TTU2014-130AME.fna	fna/LMG13067.fna	0.0342466	0	32201/100000
fna/TTU2014-130ASC.fna	fna/LMG13067.fna	0.0342511	0	32197/100000
fna/TTU2014-131ASC.fna	fna/LMG13067.fna	0.0342399	0	32207/100000
fna/TTU2014-134AME.fna	fna/LMG13067.fna	0.0342544	0	32194/100000
fna/TTU2014-134ASC.fna	fna/LMG13067.fna	0.0342455	0	32202/100000
fna/TTU2014-140ASC.fna	fna/LMG13067.fna	0.0342511	0	32197/100000
fna/TTU2014-141AME.fna	fna/LMG13067.fna	0.0342556	0	32193/100000
fna/TTU2014-141ASC.fna	fna/LMG13067.fna	0.0342533	0	32195/100000
fna/TTU2014-142ASC.fna	fna/LMG13067.fna	0.03426	0	32189/100000
fna/TTU2014-143AME.fna	fna/LMG13067.fna	0.0342522	0	32196/100000
fna/TTU2014-143ASC.fna	fna/LMG13067.fna	0.0342567	0	32192/100000
fna/VBF557.fna	fna/LMG13067.fna	0.0352944	0	31281/100000
fna/X11.fna	fna/LMG13067.fna	0.0331642	0	33187/100000
fna/X12.fna	fna/LMG13067.fna	0.0348205	0	31693/100000
fna/pamvotica.fna	fna/LMG13067.fna	0.0352446	0	31324/100000
fna/A29.fna	fna/ML09-123.fna	0.0325545	0	33759/100000
fna/AER39.fna	fna/ML09-123.fna	0.0321036	0	34190/100000
fna/AER397.fna	fna/ML09-123.fna	0.0331061	0	33241/100000
fna/AMC35.fna	fna/ML09-123.fna	0.0337267	0	32670/100000
fna/ARB3.fna	fna/ML09-123.fna	0.0318094	0	34475/100000
fna/AVNIH1.fna	fna/ML09-123.fna	0.0359143	0	30752/100000
fna/AVNIH2.fna	fna/ML09-123.fna	0.0338268	0	32579/100000
fna/Ae52.fna	fna/ML09-123.fna	0.0342578	0	32191/100000
fna/B565.fna	fna/ML09-123.fna	0.0333133	0	33049/100000
fna/CB51.fna	fna/ML09-123.fna	0.0333046	0	33057/100000
fna/CCM4359.fna	fna/ML09-123.fna	0.0336039	0	32782/100000
fna/CCM7244.fna	fna/ML09-123.fna	0.0331201	0	33228/100000
fna/CECT4257.fna	fna/ML09-123.fna	0.0334631	0	32911/100000
fna/CECT4486.fna	fna/ML09-123.fna	0.0330911	0	33255/100000
fna/CIP107763.fna	fna/ML09-123.fna	0.0344509	0	32019/100000
fna/Hm21.fna	fna/ML09-123.fna	0.031511	0	34767/100000
fna/LMG13067.fna	fna/ML09-123.fna	0.0342623	0	32187/100000
fna/ML09-123.fna	fna/ML09-123.fna	0	0	100000/100000
fna/RU31B.fna	fna/ML09-123.fna	0.0338566	0	32552/100000
fna/TH0426.fna	fna/ML09-123.fna	0.00170597	0	93201/100000
fna/TTU2014-108AME.fna	fna/ML09-123.fna	0.0327907	0	33536/100000
fna/TTU2014-108ASC.fna	fna/ML09-123.fna	0.0327918	0	33535/100000
fna/TTU2014-113AME.fna	fna/ML09-123.fna	0.0334164	0	32954/100000
fna/TTU2014-115AME.fna	fna/ML09-123.fna	0.0327928	0	33534/100000
fna/TTU2014-115ASC.fna	fna/ML09-123.fna	0.0327949	0	33532/100000
fna/TTU2014-125ASC.fna	fna/ML09-123.fna	0.0334392	0	32933/100000
fna/TTU2014-130AME.fna	fna/ML09-123.fna	0.0334283	0	32943/100000
fna/TTU2014-130ASC.fna	fna/ML09-123.fna	0.0334316	0	32940/100000
fna/TTU2014-131ASC.fna	fna/ML09-123.fna	0.0334174	0	32953/100000
fna/TTU2014-134AME.fna	fna/ML09-123.fna	0.0334348	0	32937/100000
fna/TTU2014-134ASC.fna	fna/ML09-123.fna	0.0334316	0	32940/100000
fna/TTU2014-140ASC.fna	fna/ML09-123.fna	0.0334359	0	32936/100000
fna/TTU2014-141AME.fna	fna/ML09-123.fna	0.0334359	0	32936/100000
fna/TTU2014-141ASC.fna	fna/ML09-123.fna	0.0334327	0	32939/100000
fna/TTU2014-142ASC.fna	fna/ML09-123.fna	0.0334414	0	32931/100000
fna/TTU2014-143AME.fna	fna/ML09-123.fna	0.0334305	0	32941/100000
fna/TTU2014-143ASC.fna	fna/ML09-123.fna	0.0334424	0	32930/100000
fna/VBF557.fna	fna/ML09-123.fna	0.035076	0	31470/100000
fna/X11.fna	fna/ML09-123.fna	0.0357313	0	30907/100000
fna/X12.fna	fna/ML09-123.fna	0.0333328	0	33031/100000
fna/pamvotica.fna	fna/ML09-123.fna	0.0344588	0	32012/100000
fna/A29.fna	fna/RU31B.fna	0.0321889	0	34108/100000
fna/AER39.fna	fna/RU31B.fna	0.0324031	0	33903/100000
fna/AER397.fna	fna/RU31B.fna	0.0339141	0	32500/100000
fna/AMC35.fna	fna/RU31B.fna	0.0342578	0	32191/100000
fna/ARB3.fna	fna/RU31B.fna	0.0332981	0	33063/100000
fna/AVNIH1.fna	fna/RU31B.fna	0.0358717	0	30788/100000
fna/AVNIH2.fna	fna/RU31B.fna	0.0346295	0	31861/100000
fna/Ae52.fna	fna/RU31B.fna	0.0351625	0	31395/100000
fna/B565.fna	fna/RU31B.fna	0.0340349	0	32391/100000
fna/CB51.fna	fna/RU31B.fna	0.034036	0	32390/100000
fna/CCM4359.fna	fna/RU31B.fna	0.0343699	0	32091/100000
fna/CCM7244.fna	fna/RU31B.fna	0.0334991	0	32878/100000
fna/CECT4257.fna	fna/RU31B.fna	0.0342645	0	32185/100000
fna/CECT4486.fna	fna/RU31B.fna	0.0334566	0	32917/100000
fna/CIP107763.fna	fna/RU31B.fna	0.0346159	0	31873/100000
fna/Hm21.fna	fna/RU31B.fna	0.0330234	0	33318/100000
fna/LMG13067.fna	fna/RU31B.fna	0.0353861	0	31202/100000
fna/ML09-123.fna	fna/RU31B.fna	0.0338566	0	32552/100000
fna/RU31B.fna	fna/RU31B.fna	0	0	100000/100000
fna/TH0426.fna	fna/RU31B.fna	0.0342198	0	32225/100000
fna/TTU2014-108AME.fna	fna/RU31B.fna	0.0334805	0	32895/100000
fna/TTU2014-108ASC.fna	fna/RU31B.fna	0.0334827	0	32893/100000
fna/TTU2014-113AME.fna	fna/RU31B.fna	0.0338125	0	32592/100000
fna/TTU2014-115AME.fna	fna/RU31B.fna	0.0334838	0	32892/100000
fna/TTU2014-115ASC.fna	fna/RU31B.fna	0.033486	0	32890/100000
fna/TTU2014-125ASC.fna	fna/RU31B.fna	0.0338158	0	32589/100000
fna/TTU2014-130AME.fna	fna/RU31B.fna	0.0338015	0	32602/100000
fna/TTU2014-130ASC.fna	fna/RU31B.fna	0.0338037	0	32600/100000
fna/TTU2014-131ASC.fna	fna/RU31B.fna	0.0337949	0	32608/100000
fna/TTU2014-134AME.fna	fna/RU31B.fna	0.0338059	0	32598/100000
fna/TTU2014-134ASC.fna	fna/RU31B.fna	0.0338037	0	32600/100000
fna/TTU2014-140ASC.fna	fna/RU31B.fna	0.0338048	0	32599/100000
fna/TTU2014-141AME.fna	fna/RU31B.fna	0.0338103	0	32594/100000
fna/TTU2014-141ASC.fna	fna/RU31B.fna	0.0338059	0	32598/100000
fna/TTU2014-142ASC.fna	fna/RU31B.fna	0.0338158	0	32589/100000
fna/TTU2014-143AME.fna	fna/RU31B.fna	0.0338037	0	32600/100000
fna/TTU2014-143ASC.fna	fna/RU31B.fna	0.0338081	0	32596/100000
fna/VBF557.fna	fna/RU31B.fna	0.0353245	0	31255/100000
fna/X11.fna	fna/RU31B.fna	0.0359605	0	30713/100000
fna/X12.fna	fna/RU31B.fna	0.0319876	0	34302/100000
fna/pamvotica.fna	fna/RU31B.fna	0.0352909	0	31284/100000
fna/A29.fna	fna/TH0426.fna	0.0328407	0	33489/100000
fna/AER39.fna	fna/TH0426.fna	0.0323277	0	33975/100000
fna/AER397.fna	fna/TH0426.fna	0.0333914	0	32977/100000
fna/AMC35.fna	fna/TH0426.fna	0.0340249	0	32400/100000
fna/ARB3.fna	fna/TH0426.fna	0.0320808	0	34212/100000
fna/AVNIH1.fna	fna/TH0426.fna	0.0361652	0	30541/100000
fna/AVNIH2.fna	fna/TH0426.fna	0.0340471	0	32380/100000
fna/Ae52.fna	fna/TH0426.fna	0.0344667	0	32005/100000
fna/B565.fna	fna/TH0426.fna	0.033257	0	33101/100000
fna/CB51.fna	fna/TH0426.fna	0.0335372	0	32843/100000
fna/CCM4359.fna	fna/TH0426.fna	0.0338092	0	32595/100000
fna/CCM7244.fna	fna/TH0426.fna	0.0334066	0	32963/100000
fna/CECT4257.fna	fna/TH0426.fna	0.0336696	0	32722/100000
fna/CECT4486.fna	fna/TH0426.fna	0.0333729	0	32994/100000
fna/CIP107763.fna	fna/TH0426.fna	0.0347658	0	31741/100000
fna/Hm21.fna	fna/TH0426.fna	0.0318834	0	34403/100000
fna/LMG13067.fna	fna/TH0426.fna	0.0344678	0	32004/100000
fna/ML09-123.fna	fna/TH0426.fna	0.00170597	0	93201/100000
fna/RU31B.fna	fna/TH0426.fna	0.0342198	0	32225/100000
fna/TH0426.fna	fna/TH0426.fna	0	0	100000/100000
fna/TTU2014-108AME.fna	fna/TH0426.fna	0.0331212	0	33227/100000
fna/TTU2014-108ASC.fna	fna/TH0426.fna	0.0331244	0	33224/100000
fna/TTU2014-113AME.fna	fna/TH0426.fna	0.0337014	0	32693/100000
fna/TTU2014-115AME.fna	fna/TH0426.fna	0.0331233	0	33225/100000
fna/TTU2014-115ASC.fna	fna/TH0426.fna	0.0331255	0	33223/100000
fna/TTU2014-125ASC.fna	fna/TH0426.fna	0.0337223	0	32674/100000
fna/TTU2014-130AME.fna	fna/TH0426.fna	0.0337091	0	32686/100000
fna/TTU2014-130ASC.fna	fna/TH0426.fna	0.0337146	0	32681/100000
fna/TTU2014-131ASC.fna	fna/TH0426.fna	0.0337025	0	32692/100000
fna/TTU2014-134AME.fna	fna/TH0426.fna	0.033719	0	32677/100000
fna/TTU2014-134ASC.fna	fna/TH0426.fna	0.0337135	0	32682/100000
fna/TTU2014-140ASC.fna	fna/TH0426.fna	0.0337102	0	32685/100000
fna/TTU2014-141AME.fna	fna/TH0426.fna	0.0337201	0	32676/100000
fna/TTU2014-141ASC.fna	fna/TH0426.fna	0.0337168	0	32679/100000
fna/TTU2014-142ASC.fna	fna/TH0426.fna	0.0337245	0	32672/100000
fna/TTU2014-143AME.fna	fna/TH0426.fna	0.0337146	0	32681/100000
fna/TTU2014-143ASC.fna	fna/TH0426.fna	0.0337256	0	32671/100000
fna/VBF557.fna	fna/TH0426.fna	0.0353954	0	31194/100000
fna/X11.fna	fna/TH0426.fna	0.0359902	0	30688/100000
fna/X12.fna	fna/TH0426.fna	0.0337399	0	32658/100000
fna/pamvotica.fna	fna/TH0426.fna	0.0348205	0	31693/100000
fna/A29.fna	fna/TTU2014-108AME.fna	0.0317089	0	34573/100000
fna/AER39.fna	fna/TTU2014-108AME.fna	0.0317601	0	34523/100000
fna/AER397.fna	fna/TTU2014-108AME.fna	0.031868	0	34418/100000
fna/AMC35.fna	fna/TTU2014-108AME.fna	0.0324587	0	33850/100000
fna/ARB3.fna	fna/TTU2014-108AME.fna	0.0302959	0	35989/100000
fna/AVNIH1.fna	fna/TTU2014-108AME.fna	0.0349566	0	31574/100000
fna/AVNIH2.fna	fna/TTU2014-108AME.fna	0.0327503	0	33574/100000
fna/Ae52.fna	fna/TTU2014-108AME.fna	0.0332214	0	33134/100000
fna/B565.fna	fna/TTU2014-108AME.fna	0.0319804	0	34309/100000
fna/CB51.fna	fna/TTU2014-108AME.fna	0.0326412	0	33677/100000
fna/CCM4359.fna	fna/TTU2014-108AME.fna	0.0323339	0	33969/100000
fna/CCM7244.fna	fna/TTU2014-108AME.fna	0.0317693	0	34514/100000
fna/CECT4257.fna	fna/TTU2014-108AME.fna	0.0321982	0	34099/100000
fna/CECT4486.fna	fna/TTU2014-108AME.fna	0.0317519	0	34531/100000
fna/CIP107763.fna	fna/TTU2014-108AME.fna	0.0330782	0	33267/100000
fna/Hm21.fna	fna/TTU2014-108AME.fna	0.0316782	0	34603/100000
fna/LMG13067.fna	fna/TTU2014-108AME.fna	0.0331179	0	33230/100000
fna/ML09-123.fna	fna/TTU2014-108AME.fna	0.0327907	0	33536/100000
fna/RU31B.fna	fna/TTU2014-108AME.fna	0.0334805	0	32895/100000
fna/TH0426.fna	fna/TTU2014-108AME.fna	0.0331212	0	33227/100000
fna/TTU2014-108AME.fna	fna/TTU2014-108AME.fna	0	0	100000/100000
fna/TTU2014-108ASC.fna	fna/TTU2014-108AME.fna	5.71531e-06	0	99976/100000
fna/TTU2014-113AME.fna	fna/TTU2014-108AME.fna	0.019881	0	49108/100000
fna/TTU2014-115AME.fna	fna/TTU2014-108AME.fna	6.90626e-06	0	99971/100000
fna/TTU2014-115ASC.fna	fna/TTU2014-108AME.fna	5.47714e-06	0	99977/100000
fna/TTU2014-125ASC.fna	fna/TTU2014-108AME.fna	0.0198537	0	49150/100000
fna/TTU2014-130AME.fna	fna/TTU2014-108AME.fna	0.0198498	0	49156/100000
fna/TTU2014-130ASC.fna	fna/TTU2014-108AME.fna	0.0198531	0	49151/100000
fna/TTU2014-131ASC.fna	fna/TTU2014-108AME.fna	0.0198466	0	49161/100000
fna/TTU2014-134AME.fna	fna/TTU2014-108AME.fna	0.0198485	0	49158/100000
fna/TTU2014-134ASC.fna	fna/TTU2014-108AME.fna	0.0198537	0	49150/100000
fna/TTU2014-140ASC.fna	fna/TTU2014-108AME.fna	0.019857	0	49145/100000
fna/TTU2014-141AME.fna	fna/TTU2014-108AME.fna	0.0198511	0	49154/100000
fna/TTU2014-141ASC.fna	fna/TTU2014-108AME.fna	0.0198498	0	49156/100000
fna/TTU2014-142ASC.fna	fna/TTU2014-108AME.fna	0.0198563	0	49146/100000
fna/TTU2014-143AME.fna	fna/TTU2014-108AME.fna	0.0198498	0	49156/100000
fna/TTU2014-143ASC.fna	fna/TTU2014-108AME.fna	0.0198563	0	49146/100000
fna/VBF557.fna	fna/TTU2014-108AME.fna	0.0321286	0	34166/100000
fna/X11.fna	fna/TTU2014-108AME.fna	0.0344994	0	31976/100000
fna/X12.fna	fna/TTU2014-108AME.fna	0.0327195	0	33603/100000
fna/pamvotica.fna	fna/TTU2014-108AME.fna	0.0205818	0	48046/100000
fna/A29.fna	fna/TTU2014-108ASC.fna	0.0317079	0	34574/100000
fna/AER39.fna	fna/TTU2014-108ASC.fna	0.0317642	0	34519/100000
fna/AER397.fna	fna/TTU2014-108ASC.fna	0.0318649	0	34421/100000
fna/AMC35.fna	fna/TTU2014-108ASC.fna	0.0324587	0	33850/100000
fna/ARB3.fna	fna/TTU2014-108ASC.fna	0.0302978	0	35987/100000
fna/AVNIH1.fna	fna/TTU2014-108ASC.fna	0.0349577	0	31573/100000
fna/AVNIH2.fna	fna/TTU2014-108ASC.fna	0.0327524	0	33572/100000
fna/Ae52.fna	fna/TTU2014-108ASC.fna	0.0332171	0	33138/100000
fna/B565.fna	fna/TTU2014-108ASC.fna	0.0319794	0	34310/100000
fna/CB51.fna	fna/TTU2014-108ASC.fna	0.0326443	0	33674/100000
fna/CCM4359.fna	fna/TTU2014-108ASC.fna	0.0323339	0	33969/100000
fna/CCM7244.fna	fna/TTU2014-108ASC.fna	0.0317704	0	34513/100000
fna/CECT4257.fna	fna/TTU2014-108ASC.fna	0.0321982	0	34099/100000
fna/CECT4486.fna	fna/TTU2014-108ASC.fna	0.031754	0	34529/100000
fna/CIP107763.fna	fna/TTU2014-108ASC.fna	0.033076	0	33269/100000
fna/Hm21.fna	fna/TTU2014-108ASC.fna	0.0316731	0	34608/100000
fna/LMG13067.fna	fna/TTU2014-108ASC.fna	0.0331169	0	33231/100000
fna/ML09-123.fna	fna/TTU2014-108ASC.fna	0.0327918	0	33535/100000
fna/RU31B.fna	fna/TTU2014-108ASC.fna	0.0334827	0	32893/100000
fna/TH0426.fna	fna/TTU2014-108ASC.fna	0.0331244	0	33224/100000
fna/TTU2014-108AME.fna	fna/TTU2014-108ASC.fna	5.71531e-06	0	99976/100000
fna/TTU2014-108ASC.fna	fna/TTU2014-108ASC.fna	0	0	100000/100000
fna/TTU2014-113AME.fna	fna/TTU2014-108ASC.fna	0.0198823	0	49106/100000
fna/TTU2014-115AME.fna	fna/TTU2014-108ASC.fna	8.81197e-06	0	99963/100000
fna/TTU2014-115ASC.fna	fna/TTU2014-108ASC.fna	7.38267e-06	0	99969/100000
fna/TTU2014-125ASC.fna	fna/TTU2014-108ASC.fna	0.019855	0	49148/100000
fna/TTU2014-130AME.fna	fna/TTU2014-108ASC.fna	0.0198518	0	49153/100000
fna/TTU2014-130ASC.fna	fna/TTU2014-108ASC.fna	0.019855	0	49148/100000
fna/TTU2014-131ASC.fna	fna/TTU2014-108ASC.fna	0.0198485	0	49158/100000
fna/TTU2014-134AME.fna	fna/TTU2014-108ASC.fna	0.0198511	0	49154/100000
fna/TTU2014-134ASC.fna	fna/TTU2014-108ASC.fna	0.019857	0	49145/100000
fna/TTU2014-140ASC.fna	fna/TTU2014-108ASC.fna	0.0198563	0	49146/100000
fna/TTU2014-141AME.fna	fna/TTU2014-108ASC.fna	0.0198531	0	49151/100000
fna/TTU2014-141ASC.fna	fna/TTU2014-108ASC.fna	0.0198524	0	49152/100000
fna/TTU2014-142ASC.fna	fna/TTU2014-108ASC.fna	0.0198576	0	49144/100000
fna/TTU2014-143AME.fna	fna/TTU2014-108ASC.fna	0.0198537	0	49150/100000
fna/TTU2014-143ASC.fna	fna/TTU2014-108ASC.fna	0.0198589	0	49142/100000
fna/VBF557.fna	fna/TTU2014-108ASC.fna	0.0321265	0	34168/100000
fna/X11.fna	fna/TTU2014-108ASC.fna	0.0345005	0	31975/100000
fna/X12.fna	fna/TTU2014-108ASC.fna	0.0327206	0	33602/100000
fna/pamvotica.fna	fna/TTU2014-108ASC.fna	0.0205831	0	48044/100000
fna/A29.fna	fna/TTU2014-113AME.fna	0.0324167	0	33890/100000
fna/AER39.fna	fna/TTU2014-113AME.fna	0.0325324	0	33780/100000
fna/AER397.fna	fna/TTU2014-113AME.fna	0.0326983	0	33623/100000
fna/AMC35.fna	fna/TTU2014-113AME.fna	0.0330535	0	33290/100000
fna/ARB3.fna	fna/TTU2014-113AME.fna	0.0310864	0	35188/100000
fna/AVNIH1.fna	fna/TTU2014-113AME.fna	0.035477	0	31124/100000
fna/AVNIH2.fna	fna/TTU2014-113AME.fna	0.0333209	0	33042/100000
fna/Ae52.fna	fna/TTU2014-113AME.fna	0.0339938	0	32428/100000
fna/B565.fna	fna/TTU2014-113AME.fna	0.0326909	0	33630/100000
fna/CB51.fna	fna/TTU2014-113AME.fna	0.0334098	0	32960/100000
fna/CCM4359.fna	fna/TTU2014-113AME.fna	0.0329956	0	33344/100000
fna/CCM7244.fna	fna/TTU2014-113AME.fna	0.0327047	0	33617/100000
fna/CECT4257.fna	fna/TTU2014-113AME.fna	0.0328663	0	33465/100000
fna/CECT4486.fna	fna/TTU2014-113AME.fna	0.0326824	0	33638/100000
fna/CIP107763.fna	fna/TTU2014-113AME.fna	0.0339694	0	32450/100000
fna/Hm21.fna	fna/TTU2014-113AME.fna	0.0324367	0	33871/100000
fna/LMG13067.fna	fna/TTU2014-113AME.fna	0.0342388	0	32208/100000
fna/ML09-123.fna	fna/TTU2014-113AME.fna	0.0334164	0	32954/100000
fna/RU31B.fna	fna/TTU2014-113AME.fna	0.0338125	0	32592/100000
fna/TH0426.fna	fna/TTU2014-113AME.fna	0.0337014	0	32693/100000
fna/TTU2014-108AME.fna	fna/TTU2014-113AME.fna	0.019881	0	49108/100000
fna/TTU2014-108ASC.fna	fna/TTU2014-113AME.fna	0.0198823	0	49106/100000
fna/TTU2014-113AME.fna	fna/TTU2014-113AME.fna	0	0	100000/100000
fna/TTU2014-115AME.fna	fna/TTU2014-113AME.fna	0.0198849	0	49102/100000
fna/TTU2014-115ASC.fna	fna/TTU2014-113AME.fna	0.0198817	0	49107/100000
fna/TTU2014-125ASC.fna	fna/TTU2014-113AME.fna	0.000104629	0	99562/100000
fna/TTU2014-130AME.fna	fna/TTU2014-113AME.fna	9.98368e-05	0	99582/100000
fna/TTU2014-130ASC.fna	fna/TTU2014-113AME.fna	0.000102473	0	99571/100000
fna/TTU2014-131ASC.fna	fna/TTU2014-113AME.fna	9.43271e-05	0	99605/100000
fna/TTU2014-134AME.fna	fna/TTU2014-113AME.fna	0.000102473	0	99571/100000
fna/TTU2014-134ASC.fna	fna/TTU2014-113AME.fna	0.000101993	0	99573/100000
fna/TTU2014-140ASC.fna	fna/TTU2014-113AME.fna	0.000106787	0	99553/100000
fna/TTU2014-141AME.fna	fna/TTU2014-113AME.fna	0.00010391	0	99565/100000
fna/TTU2014-141ASC.fna	fna/TTU2014-113AME.fna	0.000101274	0	99576/100000
fna/TTU2014-142ASC.fna	fna/TTU2014-113AME.fna	0.000104869	0	99561/100000
fna/TTU2014-143AME.fna	fna/TTU2014-113AME.fna	9.95972e-05	0	99583/100000
fna/TTU2014-143ASC.fna	fna/TTU2014-113AME.fna	0.000102952	0	99569/100000
fna/VBF557.fna	fna/TTU2014-113AME.fna	0.0333079	0	33054/100000
fna/X11.fna	fna/TTU2014-113AME.fna	0.0353164	0	31262/100000
fna/X12.fna	fna/TTU2014-113AME.fna	0.0337685	0	32632/100000
fna/pamvotica.fna	fna/TTU2014-113AME.fna	0.0186294	0	51084/100000
fna/A29.fna	fna/TTU2014-115AME.fna	0.031712	0	34570/100000
fna/AER39.fna	fna/TTU2014-115AME.fna	0.0317622	0	34521/100000
fna/AER397.fna	fna/TTU2014-115AME.fna	0.03187	0	34416/100000
fna/AMC35.fna	fna/TTU2014-115AME.fna	0.0324619	0	33847/100000
fna/ARB3.fna	fna/TTU2014-115AME.fna	0.0302988	0	35986/100000
fna/AVNIH1.fna	fna/TTU2014-115AME.fna	0.0349589	0	31572/100000
fna/AVNIH2.fna	fna/TTU2014-115AME.fna	0.0327524	0	33572/100000
fna/Ae52.fna	fna/TTU2014-115AME.fna	0.0332235	0	33132/100000
fna/B565.fna	fna/TTU2014-115AME.fna	0.0319825	0	34307/100000
fna/CB51.fna	fna/TTU2014-115AME.fna	0.0326464	0	33672/100000
fna/CCM4359.fna	fna/TTU2014-115AME.fna	0.032336	0	33967/100000
fna/CCM7244.fna	fna/TTU2014-115AME.fna	0.0317734	0	34510/100000
fna/CECT4257.fna	fna/TTU2014-115AME.fna	0.0321993	0	34098/100000
fna/CECT4486.fna	fna/TTU2014-115AME.fna	0.031755	0	34528/100000
fna/CIP107763.fna	fna/TTU2014-115AME.fna	0.0330803	0	33265/100000
fna/Hm21.fna	fna/TTU2014-115AME.fna	0.0316802	0	34601/100000
fna/LMG13067.fna	fna/TTU2014-115AME.fna	0.0331179	0	33230/100000
fna/ML09-123.fna	fna/TTU2014-115AME.fna	0.0327928	0	33534/100000
fna/RU31B.fna	fna/TTU2014-115AME.fna	0.0334838	0	32892/100000
fna/TH0426.fna	fna/TTU2014-115AME.fna	0.0331233	0	33225/100000
fna/TTU2014-108AME.fna	fna/TTU2014-115AME.fna	6.90626e-06	0	99971/100000
fna/TTU2014-108ASC.fna	fna/TTU2014-115AME.fna	8.81197e-06	0	99963/100000
fna/TTU2014-113AME.fna	fna/TTU2014-115AME.fna	0.0198849	0	49102/100000
fna/TTU2014-115AME.fna	fna/TTU2014-115AME.fna	0	0	100000/100000
fna/TTU2014-115ASC.fna	fna/TTU2014-115AME.fna	7.14446e-06	0	99970/100000
fna/TTU2014-125ASC.fna	fna/TTU2014-115AME.fna	0.0198576	0	49144/100000
fna/TTU2014-130AME.fna	fna/TTU2014-115AME.fna	0.0198537	0	49150/100000
fna/TTU2014-130ASC.fna	fna/TTU2014-115AME.fna	0.019857	0	49145/100000
fna/TTU2014-131ASC.fna	fna/TTU2014-115AME.fna	0.0198505	0	49155/100000
fna/TTU2014-134AME.fna	fna/TTU2014-115AME.fna	0.0198524	0	49152/100000
fna/TTU2014-134ASC.fna	fna/TTU2014-115AME.fna	0.019857	0	49145/100000
fna/TTU2014-140ASC.fna	fna/TTU2014-115AME.fna	0.0198609	0	49139/100000
fna/TTU2014-141AME.fna	fna/TTU2014-115AME.fna	0.019855	0	49148/100000
fna/TTU2014-141ASC.fna	fna/TTU2014-115AME.fna	0.0198537	0	49150/100000
fna/TTU2014-142ASC.fna	fna/TTU2014-115AME.fna	0.0198557	0	49147/100000
fna/TTU2014-143AME.fna	fna/TTU2014-115AME.fna	0.0198537	0	49150/100000
fna/TTU2014-143ASC.fna	fna/TTU2014-115AME.fna	0.0198596	0	49141/100000
fna/VBF557.fna	fna/TTU2014-115AME.fna	0.0321306	0	34164/100000
fna/X11.fna	fna/TTU2014-115AME.fna	0.0345028	0	31973/100000
fna/X12.fna	fna/TTU2014-115AME.fna	0.0327217	0	33601/100000
fna/pamvotica.fna	fna/TTU2014-115AME.fna	0.0205851	0	48041/100000
fna/A29.fna	fna/TTU2014-115ASC.fna	0.0317089	0	34573/100000
fna/AER39.fna	fna/TTU2014-115ASC.fna	0.0317591	0	34524/100000
fna/AER397.fna	fna/TTU2014-115ASC.fna	0.031868	0	34418/100000
fna/AMC35.fna	fna/TTU2014-115ASC.fna	0.0324598	0	33849/100000
fna/ARB3.fna	fna/TTU2014-115ASC.fna	0.0302998	0	35985/100000
fna/AVNIH1.fna	fna/TTU2014-115ASC.fna	0.0349577	0	31573/100000
fna/AVNIH2.fna	fna/TTU2014-115ASC.fna	0.0327503	0	33574/100000
fna/Ae52.fna	fna/TTU2014-115ASC.fna	0.0332203	0	33135/100000
fna/B565.fna	fna/TTU2014-115ASC.fna	0.0319804	0	34309/100000
fna/CB51.fna	fna/TTU2014-115ASC.fna	0.0326412	0	33677/100000
fna/CCM4359.fna	fna/TTU2014-115ASC.fna	0.032335	0	33968/100000
fna/CCM7244.fna	fna/TTU2014-115ASC.fna	0.0317724	0	34511/100000
fna/CECT4257.fna	fna/TTU2014-115ASC.fna	0.0321982	0	34099/100000
fna/CECT4486.fna	fna/TTU2014-115ASC.fna	0.031756	0	34527/100000
fna/CIP107763.fna	fna/TTU2014-115ASC.fna	0.0330782	0	33267/100000
fna/Hm21.fna	fna/TTU2014-115ASC.fna	0.0316823	0	34599/100000
fna/LMG13067.fna	fna/TTU2014-115ASC.fna	0.0331169	0	33231/100000
fna/ML09-123.fna	fna/TTU2014-115ASC.fna	0.0327949	0	33532/100000
fna/RU31B.fna	fna/TTU2014-115ASC.fna	0.033486	0	32890/100000
fna/TH0426.fna	fna/TTU2014-115ASC.fna	0.0331255	0	33223/100000
fna/TTU2014-108AME.fna	fna/TTU2014-115ASC.fna	5.47714e-06	0	99977/100000
fna/TTU2014-108ASC.fna	fna/TTU2014-115ASC.fna	7.38267e-06	0	99969/100000
fna/TTU2014-113AME.fna	fna/TTU2014-115ASC.fna	0.0198817	0	49107/100000
fna/TTU2014-115AME.fna	fna/TTU2014-115ASC.fna	7.14446e-06	0	99970/100000
fna/TTU2014-115ASC.fna	fna/TTU2014-115ASC.fna	0	0	100000/100000
fna/TTU2014-125ASC.fna	fna/TTU2014-115ASC.fna	0.019855	0	49148/100000
fna/TTU2014-130AME.fna	fna/TTU2014-115ASC.fna	0.0198498	0	49156/100000
fna/TTU2014-130ASC.fna	fna/TTU2014-115ASC.fna	0.019855	0	49148/100000
fna/TTU2014-131ASC.fna	fna/TTU2014-115ASC.fna	0.0198485	0	49158/100000
fna/TTU2014-134AME.fna	fna/TTU2014-115ASC.fna	0.0198505	0	49155/100000
fna/TTU2014-134ASC.fna	fna/TTU2014-115ASC.fna	0.0198563	0	49146/100000
fna/TTU2014-140ASC.fna	fna/TTU2014-115ASC.fna	0.019857	0	49145/100000
fna/TTU2014-141AME.fna	fna/TTU2014-115ASC.fna	0.0198531	0	49151/100000
fna/TTU2014-141ASC.fna	fna/TTU2014-115ASC.fna	0.0198524	0	49152/100000
fna/TTU2014-142ASC.fna	fna/TTU2014-115ASC.fna	0.0198576	0	49144/100000
fna/TTU2014-143AME.fna	fna/TTU2014-115ASC.fna	0.0198524	0	49152/100000
fna/TTU2014-143ASC.fna	fna/TTU2014-115ASC.fna	0.0198589	0	49142/100000
fna/VBF557.fna	fna/TTU2014-115ASC.fna	0.0321317	0	34163/100000
fna/X11.fna	fna/TTU2014-115ASC.fna	0.0345005	0	31975/100000
fna/X12.fna	fna/TTU2014-115ASC.fna	0.0327227	0	33600/100000
fna/pamvotica.fna	fna/TTU2014-115ASC.fna	0.0205844	0	48042/100000
fna/A29.fna	fna/TTU2014-125ASC.fna	0.0324461	0	33862/100000
fna/AER39.fna	fna/TTU2014-125ASC.fna	0.0325619	0	33752/100000
fna/AER397.fna	fna/TTU2014-125ASC.fna	0.0327185	0	33604/100000
fna/AMC35.fna	fna/TTU2014-125ASC.fna	0.0330792	0	33266/100000
fna/ARB3.fna	fna/TTU2014-125ASC.fna	0.0311154	0	35159/100000
fna/AVNIH1.fna	fna/TTU2014-125ASC.fna	0.0354992	0	31105/100000
fna/AVNIH2.fna	fna/TTU2014-125ASC.fna	0.0333534	0	33012/100000
fna/Ae52.fna	fna/TTU2014-125ASC.fna	0.0340071	0	32416/100000
fna/B565.fna	fna/TTU2014-125ASC.fna	0.0327142	0	33608/100000
fna/CB51.fna	fna/TTU2014-125ASC.fna	0.0334261	0	32945/100000
fna/CCM4359.fna	fna/TTU2014-125ASC.fna	0.0330149	0	33326/100000
fna/CCM7244.fna	fna/TTU2014-125ASC.fna	0.0327248	0	33598/100000
fna/CECT4257.fna	fna/TTU2014-125ASC.fna	0.0328833	0	33449/100000
fna/CECT4486.fna	fna/TTU2014-125ASC.fna	0.0327026	0	33619/100000
fna/CIP107763.fna	fna/TTU2014-125ASC.fna	0.0339883	0	32433/100000
fna/Hm21.fna	fna/TTU2014-125ASC.fna	0.0324566	0	33852/100000
fna/LMG13067.fna	fna/TTU2014-125ASC.fna	0.0342612	0	32188/100000
fna/ML09-123.fna	fna/TTU2014-125ASC.fna	0.0334392	0	32933/100000
fna/RU31B.fna	fna/TTU2014-125ASC.fna	0.0338158	0	32589/100000
fna/TH0426.fna	fna/TTU2014-125ASC.fna	0.0337223	0	32674/100000
fna/TTU2014-108AME.fna	fna/TTU2014-125ASC.fna	0.0198537	0	49150/100000
fna/TTU2014-108ASC.fna	fna/TTU2014-125ASC.fna	0.019855	0	49148/100000
fna/TTU2014-113AME.fna	fna/TTU2014-125ASC.fna	0.000104629	0	99562/100000
fna/TTU2014-115AME.fna	fna/TTU2014-125ASC.fna	0.0198576	0	49144/100000
fna/TTU2014-115ASC.fna	fna/TTU2014-125ASC.fna	0.019855	0	49148/100000
fna/TTU2014-125ASC.fna	fna/TTU2014-125ASC.fna	0	0	100000/100000
fna/TTU2014-130AME.fna	fna/TTU2014-125ASC.fna	2.00126e-05	0	99916/100000
fna/TTU2014-130ASC.fna	fna/TTU2014-125ASC.fna	9.28843e-06	0	99961/100000
fna/TTU2014-131ASC.fna	fna/TTU2014-125ASC.fna	2.97898e-05	0	99875/100000
fna/TTU2014-134AME.fna	fna/TTU2014-125ASC.fna	7.85909e-06	0	99967/100000
fna/TTU2014-134ASC.fna	fna/TTU2014-125ASC.fna	1.35772e-05	0	99943/100000
fna/TTU2014-140ASC.fna	fna/TTU2014-125ASC.fna	3.12212e-05	0	99869/100000
fna/TTU2014-141AME.fna	fna/TTU2014-125ASC.fna	7.85909e-06	0	99967/100000
fna/TTU2014-141ASC.fna	fna/TTU2014-125ASC.fna	6.66807e-06	0	99972/100000
fna/TTU2014-142ASC.fna	fna/TTU2014-125ASC.fna	7.38267e-06	0	99969/100000
fna/TTU2014-143AME.fna	fna/TTU2014-125ASC.fna	1.07179e-05	0	99955/100000
fna/TTU2014-143ASC.fna	fna/TTU2014-125ASC.fna	1.45305e-05	0	99939/100000
fna/VBF557.fna	fna/TTU2014-125ASC.fna	0.0333079	0	33054/100000
fna/X11.fna	fna/TTU2014-125ASC.fna	0.0353269	0	31253/100000
fna/X12.fna	fna/TTU2014-125ASC.fna	0.0337828	0	32619/100000
fna/pamvotica.fna	fna/TTU2014-125ASC.fna	0.0185893	0	51149/100000
fna/A29.fna	fna/TTU2014-130AME.fna	0.0324304	0	33877/100000
fna/AER39.fna	fna/TTU2014-130AME.fna	0.0325503	0	33763/100000
fna/AER397.fna	fna/TTU2014-130AME.fna	0.0327079	0	33614/100000
fna/AMC35.fna	fna/TTU2014-130AME.fna	0.0330717	0	33273/100000
fna/ARB3.fna	fna/TTU2014-130AME.fna	0.0311094	0	35165/100000
fna/AVNIH1.fna	fna/TTU2014-130AME.fna	0.0354922	0	31111/100000
fna/AVNIH2.fna	fna/TTU2014-130AME.fna	0.0333404	0	33024/100000
fna/Ae52.fna	fna/TTU2014-130AME.fna	0.0340082	0	32415/100000
fna/B565.fna	fna/TTU2014-130AME.fna	0.0327047	0	33617/100000
fna/CB51.fna	fna/TTU2014-130AME.fna	0.0334229	0	32948/100000
fna/CCM4359.fna	fna/TTU2014-130AME.fna	0.0330095	0	33331/100000
fna/CCM7244.fna	fna/TTU2014-130AME.fna	0.0327164	0	33606/100000
fna/CECT4257.fna	fna/TTU2014-130AME.fna	0.032878	0	33454/100000
fna/CECT4486.fna	fna/TTU2014-130AME.fna	0.0326877	0	33633/100000
fna/CIP107763.fna	fna/TTU2014-130AME.fna	0.0339816	0	32439/100000
fna/Hm21.fna	fna/TTU2014-130AME.fna	0.0324461	0	33862/100000
fna/LMG13067.fna	fna/TTU2014-130AME.fna	0.0342466	0	32201/100000
fna/ML09-123.fna	fna/TTU2014-130AME.fna	0.0334283	0	32943/100000
fna/RU31B.fna	fna/TTU2014-130AME.fna	0.0338015	0	32602/100000
fna/TH0426.fna	fna/TTU2014-130AME.fna	0.0337091	0	32686/100000
fna/TTU2014-108AME.fna	fna/TTU2014-130AME.fna	0.0198498	0	49156/100000
fna/TTU2014-108ASC.fna	fna/TTU2014-130AME.fna	0.0198518	0	49153/100000
fna/TTU2014-113AME.fna	fna/TTU2014-130AME.fna	9.98368e-05	0	99582/100000
fna/TTU2014-115AME.fna	fna/TTU2014-130AME.fna	0.0198537	0	49150/100000
fna/TTU2014-115ASC.fna	fna/TTU2014-130AME.fna	0.0198498	0	49156/100000
fna/TTU2014-125ASC.fna	fna/TTU2014-130AME.fna	2.00126e-05	0	99916/100000
fna/TTU2014-130AME.fna	fna/TTU2014-130AME.fna	0	0	100000/100000
fna/TTU2014-130ASC.fna	fna/TTU2014-130AME.fna	1.83439e-05	0	99923/100000
fna/TTU2014-131ASC.fna	fna/TTU2014-130AME.fna	2.78816e-05	0	99883/100000
fna/TTU2014-134AME.fna	fna/TTU2014-130AME.fna	1.64371e-05	0	99931/100000
fna/TTU2014-134ASC.fna	fna/TTU2014-130AME.fna	1.73905e-05	0	99927/100000
fna/TTU2014-140ASC.fna	fna/TTU2014-130AME.fna	3.12212e-05	0	99869/100000
fna/TTU2014-141AME.fna	fna/TTU2014-130AME.fna	1.83439e-05	0	99923/100000
fna/TTU2014-141ASC.fna	fna/TTU2014-130AME.fna	1.66754e-05	0	99930/100000
fna/TTU2014-142ASC.fna	fna/TTU2014-130AME.fna	1.92974e-05	0	99919/100000
fna/TTU2014-143AME.fna	fna/TTU2014-130AME.fna	1.50071e-05	0	99937/100000
fna/TTU2014-143ASC.fna	fna/TTU2014-130AME.fna	2.07278e-05	0	99913/100000
fna/VBF557.fna	fna/TTU2014-130AME.fna	0.033297	0	33064/100000
fna/X11.fna	fna/TTU2014-130AME.fna	0.0353222	0	31257/100000
fna/X12.fna	fna/TTU2014-130AME.fna	0.0337773	0	32624/100000
fna/pamvotica.fna	fna/TTU2014-130AME.fna	0.0185844	0	51157/100000
fna/A29.fna	fna/TTU2014-130ASC.fna	0.0324388	0	33869/100000
fna/AER39.fna	fna/TTU2014-130ASC.fna	0.0325482	0	33765/100000
fna/AER397.fna	fna/TTU2014-130ASC.fna	0.0327142	0	33608/100000
fna/AMC35.fna	fna/TTU2014-130ASC.fna	0.0330717	0	33273/100000
fna/ARB3.fna	fna/TTU2014-130ASC.fna	0.0311084	0	35166/100000
fna/AVNIH1.fna	fna/TTU2014-130ASC.fna	0.0354898	0	31113/100000
fna/AVNIH2.fna	fna/TTU2014-130ASC.fna	0.0333447	0	33020/100000
fna/Ae52.fna	fna/TTU2014-130ASC.fna	0.0340027	0	32420/100000
fna/B565.fna	fna/TTU2014-130ASC.fna	0.03271	0	33612/100000
fna/CB51.fna	fna/TTU2014-130ASC.fna	0.0334218	0	32949/100000
fna/CCM4359.fna	fna/TTU2014-130ASC.fna	0.0330127	0	33328/100000
fna/CCM7244.fna	fna/TTU2014-130ASC.fna	0.0327174	0	33605/100000
fna/CECT4257.fna	fna/TTU2014-130ASC.fna	0.0328812	0	33451/100000
fna/CECT4486.fna	fna/TTU2014-130ASC.fna	0.0326962	0	33625/100000
fna/CIP107763.fna	fna/TTU2014-130ASC.fna	0.0339827	0	32438/100000
fna/Hm21.fna	fna/TTU2014-130ASC.fna	0.0324514	0	33857/100000
fna/LMG13067.fna	fna/TTU2014-130ASC.fna	0.0342511	0	32197/100000
fna/ML09-123.fna	fna/TTU2014-130ASC.fna	0.0334316	0	32940/100000
fna/RU31B.fna	fna/TTU2014-130ASC.fna	0.0338037	0	32600/100000
fna/TH0426.fna	fna/TTU2014-130ASC.fna	0.0337146	0	32681/100000
fna/TTU2014-108AME.fna	fna/TTU2014-130ASC.fna	0.0198531	0	49151/100000
fna/TTU2014-108ASC.fna	fna/TTU2014-130ASC.fna	0.019855	0	49148/100000
fna/TTU2014-113AME.fna	fna/TTU2014-130ASC.fna	0.000102473	0	99571/100000
fna/TTU2014-115AME.fna	fna/TTU2014-130ASC.fna	0.019857	0	49145/100000
fna/TTU2014-115ASC.fna	fna/TTU2014-130ASC.fna	0.019855	0	49148/100000
fna/TTU2014-125ASC.fna	fna/TTU2014-130ASC.fna	9.28843e-06	0	99961/100000
fna/TTU2014-130AME.fna	fna/TTU2014-130ASC.fna	1.83439e-05	0	99923/100000
fna/TTU2014-130ASC.fna	fna/TTU2014-130ASC.fna	0	0	100000/100000
fna/TTU2014-131ASC.fna	fna/TTU2014-130ASC.fna	3.00284e-05	0	99874/100000
fna/TTU2014-134AME.fna	fna/TTU2014-130ASC.fna	5.71531e-06	0	99976/100000
fna/TTU2014-134ASC.fna	fna/TTU2014-130ASC.fna	9.0502e-06	0	99962/100000
fna/TTU2014-140ASC.fna	fna/TTU2014-130ASC.fna	2.95513e-05	0	99876/100000
fna/TTU2014-141AME.fna	fna/TTU2014-130ASC.fna	7.14446e-06	0	99970/100000
fna/TTU2014-141ASC.fna	fna/TTU2014-130ASC.fna	5.00079e-06	0	99979/100000
fna/TTU2014-142ASC.fna	fna/TTU2014-130ASC.fna	8.0973e-06	0	99966/100000
fna/TTU2014-143AME.fna	fna/TTU2014-130ASC.fna	1.00032e-05	0	99958/100000
fna/TTU2014-143ASC.fna	fna/TTU2014-130ASC.fna	1.42921e-05	0	99940/100000
fna/VBF557.fna	fna/TTU2014-130ASC.fna	0.0333035	0	33058/100000
fna/X11.fna	fna/TTU2014-130ASC.fna	0.0353164	0	31262/100000
fna/X12.fna	fna/TTU2014-130ASC.fna	0.0337729	0	32628/100000
fna/pamvotica.fna	fna/TTU2014-130ASC.fna	0.0185912	0	51146/100000
fna/A29.fna	fna/TTU2014-131ASC.fna	0.0324272	0	33880/100000
fna/AER39.fna	fna/TTU2014-131ASC.fna	0.0325408	0	33772/100000
fna/AER397.fna	fna/TTU2014-131ASC.fna	0.0327057	0	33616/100000
fna/AMC35.fna	fna/TTU2014-131ASC.fna	0.033061	0	33283/100000
fna/ARB3.fna	fna/TTU2014-131ASC.fna	0.0311044	0	35170/100000
fna/AVNIH1.fna	fna/TTU2014-131ASC.fna	0.0354852	0	31117/100000
fna/AVNIH2.fna	fna/TTU2014-131ASC.fna	0.0333328	0	33031/100000
fna/Ae52.fna	fna/TTU2014-131ASC.fna	0.0339938	0	32428/100000
fna/B565.fna	fna/TTU2014-131ASC.fna	0.0326951	0	33626/100000
fna/CB51.fna	fna/TTU2014-131ASC.fna	0.0334196	0	32951/100000
fna/CCM4359.fna	fna/TTU2014-131ASC.fna	0.0330042	0	33336/100000
fna/CCM7244.fna	fna/TTU2014-131ASC.fna	0.0327153	0	33607/100000
fna/CECT4257.fna	fna/TTU2014-131ASC.fna	0.0328727	0	33459/100000
fna/CECT4486.fna	fna/TTU2014-131ASC.fna	0.0326824	0	33638/100000
fna/CIP107763.fna	fna/TTU2014-131ASC.fna	0.0339727	0	32447/100000
fna/Hm21.fna	fna/TTU2014-131ASC.fna	0.0324419	0	33866/100000
fna/LMG13067.fna	fna/TTU2014-131ASC.fna	0.0342399	0	32207/100000
fna/ML09-123.fna	fna/TTU2014-131ASC.fna	0.0334174	0	32953/100000
fna/RU31B.fna	fna/TTU2014-131ASC.fna	0.0337949	0	32608/100000
fna/TH0426.fna	fna/TTU2014-131ASC.fna	0.0337025	0	32692/100000
fna/TTU2014-108AME.fna	fna/TTU2014-131ASC.fna	0.0198466	0	49161/100000
fna/TTU2014-108ASC.fna	fna/TTU2014-131ASC.fna	0.0198485	0	49158/100000
fna/TTU2014-113AME.fna	fna/TTU2014-131ASC.fna	9.43271e-05	0	99605/100000
fna/TTU2014-115AME.fna	fna/TTU2014-131ASC.fna	0.0198505	0	49155/100000
fna/TTU2014-115ASC.fna	fna/TTU2014-131ASC.fna	0.0198485	0	49158/100000
fna/TTU2014-125ASC.fna	fna/TTU2014-131ASC.fna	2.97898e-05	0	99875/100000
fna/TTU2014-130AME.fna	fna/TTU2014-131ASC.fna	2.78816e-05	0	99883/100000
fna/TTU2014-130ASC.fna	fna/TTU2014-131ASC.fna	3.00284e-05	0	99874/100000
fna/TTU2014-131ASC.fna	fna/TTU2014-131ASC.fna	0	0	100000/100000
fna/TTU2014-134AME.fna	fna/TTU2014-131ASC.fna	2.85972e-05	0	99880/100000
fna/TTU2014-134ASC.fna	fna/TTU2014-131ASC.fna	2.95513e-05	0	99876/100000
fna/TTU2014-140ASC.fna	fna/TTU2014-131ASC.fna	4.48251e-05	0	99812/100000
fna/TTU2014-141AME.fna	fna/TTU2014-131ASC.fna	3.00284e-05	0	99874/100000
fna/TTU2014-141ASC.fna	fna/TTU2014-131ASC.fna	2.83586e-05	0	99881/100000
fna/TTU2014-142ASC.fna	fna/TTU2014-131ASC.fna	3.09826e-05	0	99870/100000
fna/TTU2014-143AME.fna	fna/TTU2014-131ASC.fna	2.66891e-05	0	99888/100000
fna/TTU2014-143ASC.fna	fna/TTU2014-131ASC.fna	3.19369e-05	0	99866/100000
fna/VBF557.fna	fna/TTU2014-131ASC.fna	0.0332927	0	33068/100000
fna/X11.fna	fna/TTU2014-131ASC.fna	0.0353129	0	31265/100000
fna/X12.fna	fna/TTU2014-131ASC.fna	0.0337685	0	32632/100000
fna/pamvotica.fna	fna/TTU2014-131ASC.fna	0.0185838	0	51158/100000
fna/A29.fna	fna/TTU2014-134AME.fna	0.0324388	0	33869/100000
fna/AER39.fna	fna/TTU2014-134AME.fna	0.0325493	0	33764/100000
fna/AER397.fna	fna/TTU2014-134AME.fna	0.0327132	0	33609/100000
fna/AMC35.fna	fna/TTU2014-134AME.fna	0.0330707	0	33274/100000
fna/ARB3.fna	fna/TTU2014-134AME.fna	0.0311084	0	35166/100000
fna/AVNIH1.fna	fna/TTU2014-134AME.fna	0.035491	0	31112/100000
fna/AVNIH2.fna	fna/TTU2014-134AME.fna	0.0333436	0	33021/100000
fna/Ae52.fna	fna/TTU2014-134AME.fna	0.0340004	0	32422/100000
fna/B565.fna	fna/TTU2014-134AME.fna	0.03271	0	33612/100000
fna/CB51.fna	fna/TTU2014-134AME.fna	0.0334229	0	32948/100000
fna/CCM4359.fna	fna/TTU2014-134AME.fna	0.0330127	0	33328/100000
fna/CCM7244.fna	fna/TTU2014-134AME.fna	0.0327174	0	33605/100000
fna/CECT4257.fna	fna/TTU2014-134AME.fna	0.0328812	0	33451/100000
fna/CECT4486.fna	fna/TTU2014-134AME.fna	0.0326962	0	33625/100000
fna/CIP107763.fna	fna/TTU2014-134AME.fna	0.0339816	0	32439/100000
fna/Hm21.fna	fna/TTU2014-134AME.fna	0.0324524	0	33856/100000
fna/LMG13067.fna	fna/TTU2014-134AME.fna	0.0342544	0	32194/100000
fna/ML09-123.fna	fna/TTU2014-134AME.fna	0.0334348	0	32937/100000
fna/RU31B.fna	fna/TTU2014-134AME.fna	0.0338059	0	32598/100000
fna/TH0426.fna	fna/TTU2014-134AME.fna	0.033719	0	32677/100000
fna/TTU2014-108AME.fna	fna/TTU2014-134AME.fna	0.0198485	0	49158/100000
fna/TTU2014-108ASC.fna	fna/TTU2014-134AME.fna	0.0198511	0	49154/100000
fna/TTU2014-113AME.fna	fna/TTU2014-134AME.fna	0.000102473	0	99571/100000
fna/TTU2014-115AME.fna	fna/TTU2014-134AME.fna	0.0198524	0	49152/100000
fna/TTU2014-115ASC.fna	fna/TTU2014-134AME.fna	0.0198505	0	49155/100000
fna/TTU2014-125ASC.fna	fna/TTU2014-134AME.fna	7.85909e-06	0	99967/100000
fna/TTU2014-130AME.fna	fna/TTU2014-134AME.fna	1.64371e-05	0	99931/100000
fna/TTU2014-130ASC.fna	fna/TTU2014-134AME.fna	5.71531e-06	0	99976/100000
fna/TTU2014-131ASC.fna	fna/TTU2014-134AME.fna	2.85972e-05	0	99880/100000
fna/TTU2014-134AME.fna	fna/TTU2014-134AME.fna	0	0	100000/100000
fna/TTU2014-134ASC.fna	fna/TTU2014-134AME.fna	1.00032e-05	0	99958/100000
fna/TTU2014-140ASC.fna	fna/TTU2014-134AME.fna	2.76431e-05	0	99884/100000
fna/TTU2014-141AME.fna	fna/TTU2014-134AME.fna	5.71531e-06	0	99976/100000
fna/TTU2014-141ASC.fna	fna/TTU2014-134AME.fna	3.57183e-06	0	99985/100000
fna/TTU2014-142ASC.fna	fna/TTU2014-134AME.fna	6.19168e-06	0	99974/100000
fna/TTU2014-143AME.fna	fna/TTU2014-134AME.fna	7.14446e-06	0	99970/100000
fna/TTU2014-143ASC.fna	fna/TTU2014-134AME.fna	1.23858e-05	0	99948/100000
fna/VBF557.fna	fna/TTU2014-134AME.fna	0.0333025	0	33059/100000
fna/X11.fna	fna/TTU2014-134AME.fna	0.0353187	0	31260/100000
fna/X12.fna	fna/TTU2014-134AME.fna	0.0337729	0	32628/100000
fna/pamvotica.fna	fna/TTU2014-134AME.fna	0.0185899	0	51148/100000
fna/A29.fna	fna/TTU2014-134ASC.fna	0.0324346	0	33873/100000
fna/AER39.fna	fna/TTU2014-134ASC.fna	0.0325472	0	33766/100000
fna/AER397.fna	fna/TTU2014-134ASC.fna	0.03271	0	33612/100000
fna/AMC35.fna	fna/TTU2014-134ASC.fna	0.0330728	0	33272/100000
fna/ARB3.fna	fna/TTU2014-134ASC.fna	0.0311084	0	35166/100000
fna/AVNIH1.fna	fna/TTU2014-134ASC.fna	0.0354933	0	31110/100000
fna/AVNIH2.fna	fna/TTU2014-134ASC.fna	0.0333469	0	33018/100000
fna/Ae52.fna	fna/TTU2014-134ASC.fna	0.0340027	0	32420/100000
fna/B565.fna	fna/TTU2014-134ASC.fna	0.0327089	0	33613/100000
fna/CB51.fna	fna/TTU2014-134ASC.fna	0.0334207	0	32950/100000
fna/CCM4359.fna	fna/TTU2014-134ASC.fna	0.0330106	0	33330/100000
fna/CCM7244.fna	fna/TTU2014-134ASC.fna	0.0327195	0	33603/100000
fna/CECT4257.fna	fna/TTU2014-134ASC.fna	0.0328791	0	33453/100000
fna/CECT4486.fna	fna/TTU2014-134ASC.fna	0.032692	0	33629/100000
fna/CIP107763.fna	fna/TTU2014-134ASC.fna	0.0339816	0	32439/100000
fna/Hm21.fna	fna/TTU2014-134ASC.fna	0.0324493	0	33859/100000
fna/LMG13067.fna	fna/TTU2014-134ASC.fna	0.0342455	0	32202/100000
fna/ML09-123.fna	fna/TTU2014-134ASC.fna	0.0334316	0	32940/100000
fna/RU31B.fna	fna/TTU2014-134ASC.fna	0.0338037	0	32600/100000
fna/TH0426.fna	fna/TTU2014-134ASC.fna	0.0337135	0	32682/100000
fna/TTU2014-108AME.fna	fna/TTU2014-134ASC.fna	0.0198537	0	49150/100000
fna/TTU2014-108ASC.fna	fna/TTU2014-134ASC.fna	0.019857	0	49145/100000
fna/TTU2014-113AME.fna	fna/TTU2014-134ASC.fna	0.000101993	0	99573/100000
fna/TTU2014-115AME.fna	fna/TTU2014-134ASC.fna	0.019857	0	49145/100000
fna/TTU2014-115ASC.fna	fna/TTU2014-134ASC.fna	0.0198563	0	49146/100000
fna/TTU2014-125ASC.fna	fna/TTU2014-134ASC.fna	1.35772e-05	0	99943/100000
fna/TTU2014-130AME.fna	fna/TTU2014-134ASC.fna	1.73905e-05	0	99927/100000
fna/TTU2014-130ASC.fna	fna/TTU2014-134ASC.fna	9.0502e-06	0	99962/100000
fna/TTU2014-131ASC.fna	fna/TTU2014-134ASC.fna	2.95513e-05	0	99876/100000
fna/TTU2014-134AME.fna	fna/TTU2014-134ASC.fna	1.00032e-05	0	99958/100000
fna/TTU2014-134ASC.fna	fna/TTU2014-134ASC.fna	0	0	100000/100000
fna/TTU2014-140ASC.fna	fna/TTU2014-134ASC.fna	3.09826e-05	0	99870/100000
fna/TTU2014-141AME.fna	fna/TTU2014-134ASC.fna	1.04796e-05	0	99956/100000
fna/TTU2014-141ASC.fna	fna/TTU2014-134ASC.fna	9.28843e-06	0	99961/100000
fna/TTU2014-142ASC.fna	fna/TTU2014-134ASC.fna	1.23858e-05	0	99948/100000
fna/TTU2014-143AME.fna	fna/TTU2014-134ASC.fna	1.14327e-05	0	99952/100000
fna/TTU2014-143ASC.fna	fna/TTU2014-134ASC.fna	1.52454e-05	0	99936/100000
fna/VBF557.fna	fna/TTU2014-134ASC.fna	0.0333014	0	33060/100000
fna/X11.fna	fna/TTU2014-134ASC.fna	0.0353176	0	31261/100000
fna/X12.fna	fna/TTU2014-134ASC.fna	0.0337751	0	32626/100000
fna/pamvotica.fna	fna/TTU2014-134ASC.fna	0.0185924	0	51144/100000
fna/A29.fna	fna/TTU2014-140ASC.fna	0.0324314	0	33876/100000
fna/AER39.fna	fna/TTU2014-140ASC.fna	0.0325545	0	33759/100000
fna/AER397.fna	fna/TTU2014-140ASC.fna	0.0327132	0	33609/100000
fna/AMC35.fna	fna/TTU2014-140ASC.fna	0.033076	0	33269/100000
fna/ARB3.fna	fna/TTU2014-140ASC.fna	0.0311184	0	35156/100000
fna/AVNIH1.fna	fna/TTU2014-140ASC.fna	0.0355015	0	31103/100000
fna/AVNIH2.fna	fna/TTU2014-140ASC.fna	0.0333512	0	33014/100000
fna/Ae52.fna	fna/TTU2014-140ASC.fna	0.034006	0	32417/100000
fna/B565.fna	fna/TTU2014-140ASC.fna	0.0327089	0	33613/100000
fna/CB51.fna	fna/TTU2014-140ASC.fna	0.033425	0	32946/100000
fna/CCM4359.fna	fna/TTU2014-140ASC.fna	0.0330181	0	33323/100000
fna/CCM7244.fna	fna/TTU2014-140ASC.fna	0.032728	0	33595/100000
fna/CECT4257.fna	fna/TTU2014-140ASC.fna	0.0328833	0	33449/100000
fna/CECT4486.fna	fna/TTU2014-140ASC.fna	0.0326898	0	33631/100000
fna/CIP107763.fna	fna/TTU2014-140ASC.fna	0.0339805	0	32440/100000
fna/Hm21.fna	fna/TTU2014-140ASC.fna	0.0324524	0	33856/100000
fna/LMG13067.fna	fna/TTU2014-140ASC.fna	0.0342511	0	32197/100000
fna/ML09-123.fna	fna/TTU2014-140ASC.fna	0.0334359	0	32936/100000
fna/RU31B.fna	fna/TTU2014-140ASC.fna	0.0338048	0	32599/100000
fna/TH0426.fna	fna/TTU2014-140ASC.fna	0.0337102	0	32685/100000
fna/TTU2014-108AME.fna	fna/TTU2014-140ASC.fna	0.019857	0	49145/100000
fna/TTU2014-108ASC.fna	fna/TTU2014-140ASC.fna	0.0198563	0	49146/100000
fna/TTU2014-113AME.fna	fna/TTU2014-140ASC.fna	0.000106787	0	99553/100000
fna/TTU2014-115AME.fna	fna/TTU2014-140ASC.fna	0.0198609	0	49139/100000
fna/TTU2014-115ASC.fna	fna/TTU2014-140ASC.fna	0.019857	0	49145/100000
fna/TTU2014-125ASC.fna	fna/TTU2014-140ASC.fna	3.12212e-05	0	99869/100000
fna/TTU2014-130AME.fna	fna/TTU2014-140ASC.fna	3.12212e-05	0	99869/100000
fna/TTU2014-130ASC.fna	fna/TTU2014-140ASC.fna	2.95513e-05	0	99876/100000
fna/TTU2014-131ASC.fna	fna/TTU2014-140ASC.fna	4.48251e-05	0	99812/100000
fna/TTU2014-134AME.fna	fna/TTU2014-140ASC.fna	2.76431e-05	0	99884/100000
fna/TTU2014-134ASC.fna	fna/TTU2014-140ASC.fna	3.09826e-05	0	99870/100000
fna/TTU2014-140ASC.fna	fna/TTU2014-140ASC.fna	0	0	100000/100000
fna/TTU2014-141AME.fna	fna/TTU2014-140ASC.fna	2.66891e-05	0	99888/100000
fna/TTU2014-141ASC.fna	fna/TTU2014-140ASC.fna	2.74046e-05	0	99885/100000
fna/TTU2014-142ASC.fna	fna/TTU2014-140ASC.fna	3.00284e-05	0	99874/100000
fna/TTU2014-143AME.fna	fna/TTU2014-140ASC.fna	2.95513e-05	0	99876/100000
fna/TTU2014-143ASC.fna	fna/TTU2014-140ASC.fna	3.52773e-05	0	99852/100000
fna/VBF557.fna	fna/TTU2014-140ASC.fna	0.0333014	0	33060/100000
fna/X11.fna	fna/TTU2014-140ASC.fna	0.0353292	0	31251/100000
fna/X12.fna	fna/TTU2014-140ASC.fna	0.0337806	0	32621/100000
fna/pamvotica.fna	fna/TTU2014-140ASC.fna	0.0185899	0	51148/100000
fna/A29.fna	fna/TTU2014-141AME.fna	0.032444	0	33864/100000
fna/AER39.fna	fna/TTU2014-141AME.fna	0.0325524	0	33761/100000
fna/AER397.fna	fna/TTU2014-141AME.fna	0.0327164	0	33606/100000
fna/AMC35.fna	fna/TTU2014-141AME.fna	0.033076	0	33269/100000
fna/ARB3.fna	fna/TTU2014-141AME.fna	0.0311124	0	35162/100000
fna/AVNIH1.fna	fna/TTU2014-141AME.fna	0.0354945	0	31109/100000
fna/AVNIH2.fna	fna/TTU2014-141AME.fna	0.0333469	0	33018/100000
fna/Ae52.fna	fna/TTU2014-141AME.fna	0.0340049	0	32418/100000
fna/B565.fna	fna/TTU2014-141AME.fna	0.0327121	0	33610/100000
fna/CB51.fna	fna/TTU2014-141AME.fna	0.0334229	0	32948/100000
fna/CCM4359.fna	fna/TTU2014-141AME.fna	0.0330149	0	33326/100000
fna/CCM7244.fna	fna/TTU2014-141AME.fna	0.0327227	0	33600/100000
fna/CECT4257.fna	fna/TTU2014-141AME.fna	0.0328833	0	33449/100000
fna/CECT4486.fna	fna/TTU2014-141AME.fna	0.0327015	0	33620/100000
fna/CIP107763.fna	fna/TTU2014-141AME.fna	0.0339849	0	32436/100000
fna/Hm21.fna	fna/TTU2014-141AME.fna	0.0324556	0	33853/100000
fna/LMG13067.fna	fna/TTU2014-141AME.fna	0.0342556	0	32193/100000
fna/ML09-123.fna	fna/TTU2014-141AME.fna	0.0334359	0	32936/100000
fna/RU31B.fna	fna/TTU2014-141AME.fna	0.0338103	0	32594/100000
fna/TH0426.fna	fna/TTU2014-141AME.fna	0.0337201	0	32676/100000
fna/TTU2014-108AME.fna	fna/TTU2014-141AME.fna	0.0198511	0	49154/100000
fna/TTU2014-108ASC.fna	fna/TTU2014-141AME.fna	0.0198531	0	49151/100000
fna/TTU2014-113AME.fna	fna/TTU2014-141AME.fna	0.00010391	0	99565/100000
fna/TTU2014-115AME.fna	fna/TTU2014-141AME.fna	0.019855	0	49148/100000
fna/TTU2014-115ASC.fna	fna/TTU2014-141AME.fna	0.0198531	0	49151/100000
fna/TTU2014-125ASC.fna	fna/TTU2014-141AME.fna	7.85909e-06	0	99967/100000
fna/TTU2014-130AME.fna	fna/TTU2014-141AME.fna	1.83439e-05	0	99923/100000
fna/TTU2014-130ASC.fna	fna/TTU2014-141AME.fna	7.14446e-06	0	99970/100000
fna/TTU2014-131ASC.fna	fna/TTU2014-141AME.fna	3.00284e-05	0	99874/100000
fna/TTU2014-134AME.fna	fna/TTU2014-141AME.fna	5.71531e-06	0	99976/100000
fna/TTU2014-134ASC.fna	fna/TTU2014-141AME.fna	1.04796e-05	0	99956/100000
fna/TTU2014-140ASC.fna	fna/TTU2014-141AME.fna	2.66891e-05	0	99888/100000
fna/TTU2014-141AME.fna	fna/TTU2014-141AME.fna	0	0	100000/100000
fna/TTU2014-141ASC.fna	fna/TTU2014-141AME.fna	4.52445e-06	0	99981/100000
fna/TTU2014-142ASC.fna	fna/TTU2014-141AME.fna	5.23896e-06	0	99978/100000
fna/TTU2014-143AME.fna	fna/TTU2014-141AME.fna	9.0502e-06	0	99962/100000
fna/TTU2014-143ASC.fna	fna/TTU2014-141AME.fna	1.14327e-05	0	99952/100000
fna/VBF557.fna	fna/TTU2014-141AME.fna	0.0333057	0	33056/100000
fna/X11.fna	fna/TTU2014-141AME.fna	0.0353222	0	31257/100000
fna/X12.fna	fna/TTU2014-141AME.fna	0.0337762	0	32625/100000
fna/pamvotica.fna	fna/TTU2014-141AME.fna	0.0185887	0	51150/100000
fna/A29.fna	fna/TTU2014-141ASC.fna	0.0324409	0	33867/100000
fna/AER39.fna	fna/TTU2014-141ASC.fna	0.0325535	0	33760/100000
fna/AER397.fna	fna/TTU2014-141ASC.fna	0.0327164	0	33606/100000
fna/AMC35.fna	fna/TTU2014-141ASC.fna	0.0330739	0	33271/100000
fna/ARB3.fna	fna/TTU2014-141ASC.fna	0.0311094	0	35165/100000
fna/AVNIH1.fna	fna/TTU2014-141ASC.fna	0.0354933	0	31110/100000
fna/AVNIH2.fna	fna/TTU2014-141ASC.fna	0.0333458	0	33019/100000
fna/Ae52.fna	fna/TTU2014-141ASC.fna	0.0340027	0	32420/100000
fna/B565.fna	fna/TTU2014-141ASC.fna	0.032711	0	33611/100000
fna/CB51.fna	fna/TTU2014-141ASC.fna	0.0334218	0	32949/100000
fna/CCM4359.fna	fna/TTU2014-141ASC.fna	0.0330117	0	33329/100000
fna/CCM7244.fna	fna/TTU2014-141ASC.fna	0.0327195	0	33603/100000
fna/CECT4257.fna	fna/TTU2014-141ASC.fna	0.0328812	0	33451/100000
fna/CECT4486.fna	fna/TTU2014-141ASC.fna	0.0326983	0	33623/100000
fna/CIP107763.fna	fna/TTU2014-141ASC.fna	0.0339838	0	32437/100000
fna/Hm21.fna	fna/TTU2014-141ASC.fna	0.0324514	0	33857/100000
fna/LMG13067.fna	fna/TTU2014-141ASC.fna	0.0342533	0	32195/100000
fna/ML09-123.fna	fna/TTU2014-141ASC.fna	0.0334327	0	32939/100000
fna/RU31B.fna	fna/TTU2014-141ASC.fna	0.0338059	0	32598/100000
fna/TH0426.fna	fna/TTU2014-141ASC.fna	0.0337168	0	32679/100000
fna/TTU2014-108AME.fna	fna/TTU2014-141ASC.fna	0.0198498	0	49156/100000
fna/TTU2014-108ASC.fna	fna/TTU2014-141ASC.fna	0.0198524	0	49152/100000
fna/TTU2014-113AME.fna	fna/TTU2014-141ASC.fna	0.000101274	0	99576/100000
fna/TTU2014-115AME.fna	fna/TTU2014-141ASC.fna	0.0198537	0	49150/100000
fna/TTU2014-115ASC.fna	fna/TTU2014-141ASC.fna	0.0198524	0	49152/100000
fna/TTU2014-125ASC.fna	fna/TTU2014-141ASC.fna	6.66807e-06	0	99972/100000
fna/TTU2014-130AME.fna	fna/TTU2014-141ASC.fna	1.66754e-05	0	99930/100000
fna/TTU2014-130ASC.fna	fna/TTU2014-141ASC.fna	5.00079e-06	0	99979/100000
fna/TTU2014-131ASC.fna	fna/TTU2014-141ASC.fna	2.83586e-05	0	99881/100000
fna/TTU2014-134AME.fna	fna/TTU2014-141ASC.fna	3.57183e-06	0	99985/100000
fna/TTU2014-134ASC.fna	fna/TTU2014-141ASC.fna	9.28843e-06	0	99961/100000
fna/TTU2014-140ASC.fna	fna/TTU2014-141ASC.fna	2.74046e-05	0	99885/100000
fna/TTU2014-141AME.fna	fna/TTU2014-141ASC.fna	4.52445e-06	0	99981/100000
fna/TTU2014-141ASC.fna	fna/TTU2014-141ASC.fna	0	0	100000/100000
fna/TTU2014-142ASC.fna	fna/TTU2014-141ASC.fna	4.52445e-06	0	99981/100000
fna/TTU2014-143AME.fna	fna/TTU2014-141ASC.fna	6.90626e-06	0	99971/100000
fna/TTU2014-143ASC.fna	fna/TTU2014-141ASC.fna	1.21475e-05	0	99949/100000
fna/VBF557.fna	fna/TTU2014-141ASC.fna	0.0333014	0	33060/100000
fna/X11.fna	fna/TTU2014-141ASC.fna	0.0353222	0	31257/100000
fna/X12.fna	fna/TTU2014-141ASC.fna	0.0337729	0	32628/100000
fna/pamvotica.fna	fna/TTU2014-141ASC.fna	0.0185881	0	51151/100000
fna/A29.fna	fna/TTU2014-142ASC.fna	0.0324482	0	33860/100000
fna/AER39.fna	fna/TTU2014-142ASC.fna	0.0325609	0	33753/100000
fna/AER397.fna	fna/TTU2014-142ASC.fna	0.0327238	0	33599/100000
fna/AMC35.fna	fna/TTU2014-142ASC.fna	0.0330814	0	33264/100000
fna/ARB3.fna	fna/TTU2014-142ASC.fna	0.0311164	0	35158/100000
fna/AVNIH1.fna	fna/TTU2014-142ASC.fna	0.0355015	0	31103/100000
fna/AVNIH2.fna	fna/TTU2014-142ASC.fna	0.0333523	0	33013/100000
fna/Ae52.fna	fna/TTU2014-142ASC.fna	0.0340104	0	32413/100000
fna/B565.fna	fna/TTU2014-142ASC.fna	0.0327195	0	33603/100000
fna/CB51.fna	fna/TTU2014-142ASC.fna	0.0334283	0	32943/100000
fna/CCM4359.fna	fna/TTU2014-142ASC.fna	0.0330202	0	33321/100000
fna/CCM7244.fna	fna/TTU2014-142ASC.fna	0.032728	0	33595/100000
fna/CECT4257.fna	fna/TTU2014-142ASC.fna	0.0328887	0	33444/100000
fna/CECT4486.fna	fna/TTU2014-142ASC.fna	0.0327068	0	33615/100000
fna/CIP107763.fna	fna/TTU2014-142ASC.fna	0.0339927	0	32429/100000
fna/Hm21.fna	fna/TTU2014-142ASC.fna	0.0324598	0	33849/100000
fna/LMG13067.fna	fna/TTU2014-142ASC.fna	0.03426	0	32189/100000
fna/ML09-123.fna	fna/TTU2014-142ASC.fna	0.0334414	0	32931/100000
fna/RU31B.fna	fna/TTU2014-142ASC.fna	0.0338158	0	32589/100000
fna/TH0426.fna	fna/TTU2014-142ASC.fna	0.0337245	0	32672/100000
fna/TTU2014-108AME.fna	fna/TTU2014-142ASC.fna	0.0198563	0	49146/100000
fna/TTU2014-108ASC.fna	fna/TTU2014-142ASC.fna	0.0198576	0	49144/100000
fna/TTU2014-113AME.fna	fna/TTU2014-142ASC.fna	0.000104869	0	99561/100000
fna/TTU2014-115AME.fna	fna/TTU2014-142ASC.fna	0.0198557	0	49147/100000
fna/TTU2014-115ASC.fna	fna/TTU2014-142ASC.fna	0.0198576	0	49144/100000
fna/TTU2014-125ASC.fna	fna/TTU2014-142ASC.fna	7.38267e-06	0	99969/100000
fna/TTU2014-130AME.fna	fna/TTU2014-142ASC.fna	1.92974e-05	0	99919/100000
fna/TTU2014-130ASC.fna	fna/TTU2014-142ASC.fna	8.0973e-06	0	99966/100000
fna/TTU2014-131ASC.fna	fna/TTU2014-142ASC.fna	3.09826e-05	0	99870/100000
fna/TTU2014-134AME.fna	fna/TTU2014-142ASC.fna	6.19168e-06	0	99974/100000
fna/TTU2014-134ASC.fna	fna/TTU2014-142ASC.fna	1.23858e-05	0	99948/100000
fna/TTU2014-140ASC.fna	fna/TTU2014-142ASC.fna	3.00284e-05	0	99874/100000
fna/TTU2014-141AME.fna	fna/TTU2014-142ASC.fna	5.23896e-06	0	99978/100000
fna/TTU2014-141ASC.fna	fna/TTU2014-142ASC.fna	4.52445e-06	0	99981/100000
fna/TTU2014-142ASC.fna	fna/TTU2014-142ASC.fna	0	0	100000/100000
fna/TTU2014-143AME.fna	fna/TTU2014-142ASC.fna	9.52667e-06	0	99960/100000
fna/TTU2014-143ASC.fna	fna/TTU2014-142ASC.fna	1.23858e-05	0	99948/100000
fna/VBF557.fna	fna/TTU2014-142ASC.fna	0.0333111	0	33051/100000
fna/X11.fna	fna/TTU2014-142ASC.fna	0.0353303	0	31250/100000
fna/X12.fna	fna/TTU2014-142ASC.fna	0.0337806	0	32621/100000
fna/pamvotica.fna	fna/TTU2014-142ASC.fna	0.018593	0	51143/100000
fna/A29.fna	fna/TTU2014-143AME.fna	0.0324409	0	33867/100000
fna/AER39.fna	fna/TTU2014-143AME.fna	0.0325514	0	33762/100000
fna/AER397.fna	fna/TTU2014-143AME.fna	0.0327142	0	33608/100000
fna/AMC35.fna	fna/TTU2014-143AME.fna	0.0330728	0	33272/100000
fna/ARB3.fna	fna/TTU2014-143AME.fna	0.0311094	0	35165/100000
fna/AVNIH1.fna	fna/TTU2014-143AME.fna	0.035491	0	31112/100000
fna/AVNIH2.fna	fna/TTU2014-143AME.fna	0.0333458	0	33019/100000
fna/Ae52.fna	fna/TTU2014-143AME.fna	0.0340038	0	32419/100000
fna/B565.fna	fna/TTU2014-143AME.fna	0.032711	0	33611/100000
fna/CB51.fna	fna/TTU2014-143AME.fna	0.0334207	0	32950/100000
fna/CCM4359.fna	fna/TTU2014-143AME.fna	0.0330117	0	33329/100000
fna/CCM7244.fna	fna/TTU2014-143AME.fna	0.0327195	0	33603/100000
fna/CECT4257.fna	fna/TTU2014-143AME.fna	0.0328812	0	33451/100000
fna/CECT4486.fna	fna/TTU2014-143AME.fna	0.0326983	0	33623/100000
fna/CIP107763.fna	fna/TTU2014-143AME.fna	0.0339849	0	32436/100000
fna/Hm21.fna	fna/TTU2014-143AME.fna	0.0324524	0	33856/100000
fna/LMG13067.fna	fna/TTU2014-143AME.fna	0.0342522	0	32196/100000
fna/ML09-123.fna	fna/TTU2014-143AME.fna	0.0334305	0	32941/100000
fna/RU31B.fna	fna/TTU2014-143AME.fna	0.0338037	0	32600/100000
fna/TH0426.fna	fna/TTU2014-143AME.fna	0.0337146	0	32681/100000
fna/TTU2014-108AME.fna	fna/TTU2014-143AME.fna	0.0198498	0	49156/100000
fna/TTU2014-108ASC.fna	fna/TTU2014-143AME.fna	0.0198537	0	49150/100000
fna/TTU2014-113AME.fna	fna/TTU2014-143AME.fna	9.95972e-05	0	99583/100000
fna/TTU2014-115AME.fna	fna/TTU2014-143AME.fna	0.0198537	0	49150/100000
fna/TTU2014-115ASC.fna	fna/TTU2014-143AME.fna	0.0198524	0	49152/100000
fna/TTU2014-125ASC.fna	fna/TTU2014-143AME.fna	1.07179e-05	0	99955/100000
fna/TTU2014-130AME.fna	fna/TTU2014-143AME.fna	1.50071e-05	0	99937/100000
fna/TTU2014-130ASC.fna	fna/TTU2014-143AME.fna	1.00032e-05	0	99958/100000
fna/TTU2014-131ASC.fna	fna/TTU2014-143AME.fna	2.66891e-05	0	99888/100000
fna/TTU2014-134AME.fna	fna/TTU2014-143AME.fna	7.14446e-06	0	99970/100000
fna/TTU2014-134ASC.fna	fna/TTU2014-143AME.fna	1.14327e-05	0	99952/100000
fna/TTU2014-140ASC.fna	fna/TTU2014-143AME.fna	2.95513e-05	0	99876/100000
fna/TTU2014-141AME.fna	fna/TTU2014-143AME.fna	9.0502e-06	0	99962/100000
fna/TTU2014-141ASC.fna	fna/TTU2014-143AME.fna	6.90626e-06	0	99971/100000
fna/TTU2014-142ASC.fna	fna/TTU2014-143AME.fna	9.52667e-06	0	99960/100000
fna/TTU2014-143AME.fna	fna/TTU2014-143AME.fna	0	0	100000/100000
fna/TTU2014-143ASC.fna	fna/TTU2014-143AME.fna	1.33389e-05	0	99944/100000
fna/VBF557.fna	fna/TTU2014-143AME.fna	0.0333035	0	33058/100000
fna/X11.fna	fna/TTU2014-143AME.fna	0.0353187	0	31260/100000
fna/X12.fna	fna/TTU2014-143AME.fna	0.0337751	0	32626/100000
fna/pamvotica.fna	fna/TTU2014-143AME.fna	0.0185869	0	51153/100000
fna/A29.fna	fna/TTU2014-143ASC.fna	0.032443	0	33865/100000
fna/AER39.fna	fna/TTU2014-143ASC.fna	0.0325556	0	33758/100000
fna/AER397.fna	fna/TTU2014-143ASC.fna	0.0327206	0	33602/100000
fna/AMC35.fna	fna/TTU2014-143ASC.fna	0.0330803	0	33265/100000
fna/ARB3.fna	fna/TTU2014-143ASC.fna	0.0311164	0	35158/100000
fna/AVNIH1.fna	fna/TTU2014-143ASC.fna	0.0354992	0	31105/100000
fna/AVNIH2.fna	fna/TTU2014-143ASC.fna	0.0333512	0	33014/100000
fna/Ae52.fna	fna/TTU2014-143ASC.fna	0.034006	0	32417/100000
fna/B565.fna	fna/TTU2014-143ASC.fna	0.0327195	0	33603/100000
fna/CB51.fna	fna/TTU2014-143ASC.fna	0.0334283	0	32943/100000
fna/CCM4359.fna	fna/TTU2014-143ASC.fna	0.0330224	0	33319/100000
fna/CCM7244.fna	fna/TTU2014-143ASC.fna	0.032728	0	33595/100000
fna/CECT4257.fna	fna/TTU2014-143ASC.fna	0.0328908	0	33442/100000
fna/CECT4486.fna	fna/TTU2014-143ASC.fna	0.0327004	0	33621/100000
fna/CIP107763.fna	fna/TTU2014-143ASC.fna	0.0339905	0	32431/100000
fna/Hm21.fna	fna/TTU2014-143ASC.fna	0.0324556	0	33853/100000
fna/LMG13067.fna	fna/TTU2014-143ASC.fna	0.0342567	0	32192/100000
fna/ML09-123.fna	fna/TTU2014-143ASC.fna	0.0334424	0	32930/100000
fna/RU31B.fna	fna/TTU2014-143ASC.fna	0.0338081	0	32596/100000
fna/TH0426.fna	fna/TTU2014-143ASC.fna	0.0337256	0	32671/100000
fna/TTU2014-108AME.fna	fna/TTU2014-143ASC.fna	0.0198563	0	49146/100000
fna/TTU2014-108ASC.fna	fna/TTU2014-143ASC.fna	0.0198589	0	49142/100000
fna/TTU2014-113AME.fna	fna/TTU2014-143ASC.fna	0.000102952	0	99569/100000
fna/TTU2014-115AME.fna	fna/TTU2014-143ASC.fna	0.0198596	0	49141/100000
fna/TTU2014-115ASC.fna	fna/TTU2014-143ASC.fna	0.0198589	0	49142/100000
fna/TTU2014-125ASC.fna	fna/TTU2014-143ASC.fna	1.45305e-05	0	99939/100000
fna/TTU2014-130AME.fna	fna/TTU2014-143ASC.fna	2.07278e-05	0	99913/100000
fna/TTU2014-130ASC.fna	fna/TTU2014-143ASC.fna	1.42921e-05	0	99940/100000
fna/TTU2014-131ASC.fna	fna/TTU2014-143ASC.fna	3.19369e-05	0	99866/100000
fna/TTU2014-134AME.fna	fna/TTU2014-143ASC.fna	1.23858e-05	0	99948/100000
fna/TTU2014-134ASC.fna	fna/TTU2014-143ASC.fna	1.52454e-05	0	99936/100000
fna/TTU2014-140ASC.fna	fna/TTU2014-143ASC.fna	3.52773e-05	0	99852/100000
fna/TTU2014-141AME.fna	fna/TTU2014-143ASC.fna	1.14327e-05	0	99952/100000
fna/TTU2014-141ASC.fna	fna/TTU2014-143ASC.fna	1.21475e-05	0	99949/100000
fna/TTU2014-142ASC.fna	fna/TTU2014-143ASC.fna	1.23858e-05	0	99948/100000
fna/TTU2014-143AME.fna	fna/TTU2014-143ASC.fna	1.33389e-05	0	99944/100000
fna/TTU2014-143ASC.fna	fna/TTU2014-143ASC.fna	0	0	100000/100000
fna/VBF557.fna	fna/TTU2014-143ASC.fna	0.03331	0	33052/100000
fna/X11.fna	fna/TTU2014-143ASC.fna	0.0353257	0	31254/100000
fna/X12.fna	fna/TTU2014-143ASC.fna	0.0337839	0	32618/100000
fna/pamvotica.fna	fna/TTU2014-143ASC.fna	0.0185936	0	51142/100000
fna/A29.fna	fna/VBF557.fna	0.0339639	0	32455/100000
fna/AER39.fna	fna/VBF557.fna	0.0344318	0	32036/100000
fna/AER397.fna	fna/VBF557.fna	0.0345875	0	31898/100000
fna/AMC35.fna	fna/VBF557.fna	0.0348639	0	31655/100000
fna/ARB3.fna	fna/VBF557.fna	0.0333914	0	32977/100000
fna/AVNIH1.fna	fna/VBF557.fna	0.0377461	0	29252/100000
fna/AVNIH2.fna	fna/VBF557.fna	0.0351394	0	31415/100000
fna/Ae52.fna	fna/VBF557.fna	0.0356314	0	30992/100000
fna/B565.fna	fna/VBF557.fna	0.0346896	0	31808/100000
fna/CB51.fna	fna/VBF557.fna	0.0351486	0	31407/100000
fna/CCM4359.fna	fna/VBF557.fna	0.0350714	0	31474/100000
fna/CCM7244.fna	fna/VBF557.fna	0.0333079	0	33054/100000
fna/CECT4257.fna	fna/VBF557.fna	0.0349864	0	31548/100000
fna/CECT4486.fna	fna/VBF557.fna	0.0332906	0	33070/100000
fna/CIP107763.fna	fna/VBF557.fna	0.0349165	0	31609/100000
fna/Hm21.fna	fna/VBF557.fna	0.0341238	0	32311/100000
fna/LMG13067.fna	fna/VBF557.fna	0.0352944	0	31281/100000
fna/ML09-123.fna	fna/VBF557.fna	0.035076	0	31470/100000
fna/RU31B.fna	fna/VBF557.fna	0.0353245	0	31255/100000
fna/TH0426.fna	fna/VBF557.fna	0.0353954	0	31194/100000
fna/TTU2014-108AME.fna	fna/VBF557.fna	0.0321286	0	34166/100000
fna/TTU2014-108ASC.fna	fna/VBF557.fna	0.0321265	0	34168/100000
fna/TTU2014-113AME.fna	fna/VBF557.fna	0.0333079	0	33054/100000
fna/TTU2014-115AME.fna	fna/VBF557.fna	0.0321306	0	34164/100000
fna/TTU2014-115ASC.fna	fna/VBF557.fna	0.0321317	0	34163/100000
fna/TTU2014-125ASC.fna	fna/VBF557.fna	0.0333079	0	33054/100000
fna/TTU2014-130AME.fna	fna/VBF557.fna	0.033297	0	33064/100000
fna/TTU2014-130ASC.fna	fna/VBF557.fna	0.0333035	0	33058/100000
fna/TTU2014-131ASC.fna	fna/VBF557.fna	0.0332927	0	33068/100000
fna/TTU2014-134AME.fna	fna/VBF557.fna	0.0333025	0	33059/100000
fna/TTU2014-134ASC.fna	fna/VBF557.fna	0.0333014	0	33060/100000
fna/TTU2014-140ASC.fna	fna/VBF557.fna	0.0333014	0	33060/100000
fna/TTU2014-141AME.fna	fna/VBF557.fna	0.0333057	0	33056/100000
fna/TTU2014-141ASC.fna	fna/VBF557.fna	0.0333014	0	33060/100000
fna/TTU2014-142ASC.fna	fna/VBF557.fna	0.0333111	0	33051/100000
fna/TTU2014-143AME.fna	fna/VBF557.fna	0.0333035	0	33058/100000
fna/TTU2014-143ASC.fna	fna/VBF557.fna	0.03331	0	33052/100000
fna/VBF557.fna	fna/VBF557.fna	0	0	100000/100000
fna/X11.fna	fna/VBF557.fna	0.0366967	0	30100/100000
fna/X12.fna	fna/VBF557.fna	0.0342421	0	32205/100000
fna/pamvotica.fna	fna/VBF557.fna	0.0344735	0	31999/100000
fna/A29.fna	fna/X11.fna	0.0325799	0	33735/100000
fna/AER39.fna	fna/X11.fna	0.0333903	0	32978/100000
fna/AER397.fna	fna/X11.fna	0.033104	0	33243/100000
fna/AMC35.fna	fna/X11.fna	0.0335624	0	32820/100000
fna/ARB3.fna	fna/X11.fna	0.0344746	0	31998/100000
fna/AVNIH1.fna	fna/X11.fna	0.0356784	0	30952/100000
fna/AVNIH2.fna	fna/X11.fna	0.0321483	0	34147/100000
fna/Ae52.fna	fna/X11.fna	0.0330117	0	33329/100000
fna/B565.fna	fna/X11.fna	0.0332084	0	33146/100000
fna/CB51.fna	fna/X11.fna	0.0346091	0	31879/100000
fna/CCM4359.fna	fna/X11.fna	0.0334631	0	32911/100000
fna/CCM7244.fna	fna/X11.fna	0.0341472	0	32290/100000
fna/CECT4257.fna	fna/X11.fna	0.0333892	0	32979/100000
fna/CECT4486.fna	fna/X11.fna	0.0341049	0	32328/100000
fna/CIP107763.fna	fna/X11.fna	0.0354327	0	31162/100000
fna/Hm21.fna	fna/X11.fna	0.0342712	0	32179/100000
fna/LMG13067.fna	fna/X11.fna	0.0331642	0	33187/100000
fna/ML09-123.fna	fna/X11.fna	0.0357313	0	30907/100000
fna/RU31B.fna	fna/X11.fna	0.0359605	0	30713/100000
fna/TH0426.fna	fna/X11.fna	0.0359902	0	30688/100000
fna/TTU2014-108AME.fna	fna/X11.fna	0.0344994	0	31976/100000
fna/TTU2014-108ASC.fna	fna/X11.fna	0.0345005	0	31975/100000
fna/TTU2014-113AME.fna	fna/X11.fna	0.0353164	0	31262/100000
fna/TTU2014-115AME.fna	fna/X11.fna	0.0345028	0	31973/100000
fna/TTU2014-115ASC.fna	fna/X11.fna	0.0345005	0	31975/100000
fna/TTU2014-125ASC.fna	fna/X11.fna	0.0353269	0	31253/100000
fna/TTU2014-130AME.fna	fna/X11.fna	0.0353222	0	31257/100000
fna/TTU2014-130ASC.fna	fna/X11.fna	0.0353164	0	31262/100000
fna/TTU2014-131ASC.fna	fna/X11.fna	0.0353129	0	31265/100000
fna/TTU2014-134AME.fna	fna/X11.fna	0.0353187	0	31260/100000
fna/TTU2014-134ASC.fna	fna/X11.fna	0.0353176	0	31261/100000
fna/TTU2014-140ASC.fna	fna/X11.fna	0.0353292	0	31251/100000
fna/TTU2014-141AME.fna	fna/X11.fna	0.0353222	0	31257/100000
fna/TTU2014-141ASC.fna	fna/X11.fna	0.0353222	0	31257/100000
fna/TTU2014-142ASC.fna	fna/X11.fna	0.0353303	0	31250/100000
fna/TTU2014-143AME.fna	fna/X11.fna	0.0353187	0	31260/100000
fna/TTU2014-143ASC.fna	fna/X11.fna	0.0353257	0	31254/100000
fna/VBF557.fna	fna/X11.fna	0.0366967	0	30100/100000
fna/X11.fna	fna/X11.fna	0	0	100000/100000
fna/X12.fna	fna/X11.fna	0.0348011	0	31710/100000
fna/pamvotica.fna	fna/X11.fna	0.0366093	0	30172/100000
fna/A29.fna	fna/X12.fna	0.0313833	0	34893/100000
fna/AER39.fna	fna/X12.fna	0.0315792	0	34700/100000
fna/AER397.fna	fna/X12.fna	0.0333382	0	33026/100000
fna/AMC35.fna	fna/X12.fna	0.0339229	0	32492/100000
fna/ARB3.fna	fna/X12.fna	0.0330631	0	33281/100000
fna/AVNIH1.fna	fna/X12.fna	0.0359843	0	30693/100000
fna/AVNIH2.fna	fna/X12.fna	0.0338224	0	32583/100000
fna/Ae52.fna	fna/X12.fna	0.0350968	0	31452/100000
fna/B565.fna	fna/X12.fna	0.0334925	0	32884/100000
fna/CB51.fna	fna/X12.fna	0.0338931	0	32519/100000
fna/CCM4359.fna	fna/X12.fna	0.033839	0	32568/100000
fna/CCM7244.fna	fna/X12.fna	0.0326718	0	33648/100000
fna/CECT4257.fna	fna/X12.fna	0.0337432	0	32655/100000
fna/CECT4486.fna	fna/X12.fna	0.0326549	0	33664/100000
fna/CIP107763.fna	fna/X12.fna	0.0341116	0	32322/100000
fna/Hm21.fna	fna/X12.fna	0.0320518	0	34240/100000
fna/LMG13067.fna	fna/X12.fna	0.0348205	0	31693/100000
fna/ML09-123.fna	fna/X12.fna	0.0333328	0	33031/100000
fna/RU31B.fna	fna/X12.fna	0.0319876	0	34302/100000
fna/TH0426.fna	fna/X12.fna	0.0337399	0	32658/100000
fna/TTU2014-108AME.fna	fna/X12.fna	0.0327195	0	33603/100000
fna/TTU2014-108ASC.fna	fna/X12.fna	0.0327206	0	33602/100000
fna/TTU2014-113AME.fna	fna/X12.fna	0.0337685	0	32632/100000
fna/TTU2014-115AME.fna	fna/X12.fna	0.0327217	0	33601/100000
fna/TTU2014-115ASC.fna	fna/X12.fna	0.0327227	0	33600/100000
fna/TTU2014-125ASC.fna	fna/X12.fna	0.0337828	0	32619/100000
fna/TTU2014-130AME.fna	fna/X12.fna	0.0337773	0	32624/100000
fna/TTU2014-130ASC.fna	fna/X12.fna	0.0337729	0	32628/100000
fna/TTU2014-131ASC.fna	fna/X12.fna	0.0337685	0	32632/100000
fna/TTU2014-134AME.fna	fna/X12.fna	0.0337729	0	32628/100000
fna/TTU2014-134ASC.fna	fna/X12.fna	0.0337751	0	32626/100000
fna/TTU2014-140ASC.fna	fna/X12.fna	0.0337806	0	32621/100000
fna/TTU2014-141AME.fna	fna/X12.fna	0.0337762	0	32625/100000
fna/TTU2014-141ASC.fna	fna/X12.fna	0.0337729	0	32628/100000
fna/TTU2014-142ASC.fna	fna/X12.fna	0.0337806	0	32621/100000
fna/TTU2014-143AME.fna	fna/X12.fna	0.0337751	0	32626/100000
fna/TTU2014-143ASC.fna	fna/X12.fna	0.0337839	0	32618/100000
fna/VBF557.fna	fna/X12.fna	0.0342421	0	32205/100000
fna/X11.fna	fna/X12.fna	0.0348011	0	31710/100000
fna/X12.fna	fna/X12.fna	0	0	100000/100000
fna/pamvotica.fna	fna/X12.fna	0.0343228	0	32133/100000
fna/A29.fna	fna/pamvotica.fna	0.0334707	0	32904/100000
fna/AER39.fna	fna/pamvotica.fna	0.0336367	0	32752/100000
fna/AER397.fna	fna/pamvotica.fna	0.0338522	0	32556/100000
fna/AMC35.fna	fna/pamvotica.fna	0.0342377	0	32209/100000
fna/ARB3.fna	fna/pamvotica.fna	0.0323601	0	33944/100000
fna/AVNIH1.fna	fna/pamvotica.fna	0.0368406	0	29982/100000
fna/AVNIH2.fna	fna/pamvotica.fna	0.0344239	0	32043/100000
fna/Ae52.fna	fna/pamvotica.fna	0.0349887	0	31546/100000
fna/B565.fna	fna/pamvotica.fna	0.0339152	0	32499/100000
fna/CB51.fna	fna/pamvotica.fna	0.0344554	0	32015/100000
fna/CCM4359.fna	fna/pamvotica.fna	0.0343463	0	32112/100000
fna/CCM7244.fna	fna/pamvotica.fna	0.033605	0	32781/100000
fna/CECT4257.fna	fna/pamvotica.fna	0.0341896	0	32252/100000
fna/CECT4486.fna	fna/pamvotica.fna	0.0335635	0	32819/100000
fna/CIP107763.fna	fna/pamvotica.fna	0.0348091	0	31703/100000
fna/Hm21.fna	fna/pamvotica.fna	0.0334033	0	32966/100000
fna/LMG13067.fna	fna/pamvotica.fna	0.0352446	0	31324/100000
fna/ML09-123.fna	fna/pamvotica.fna	0.0344588	0	32012/100000
fna/RU31B.fna	fna/pamvotica.fna	0.0352909	0	31284/100000
fna/TH0426.fna	fna/pamvotica.fna	0.0348205	0	31693/100000
fna/TTU2014-108AME.fna	fna/pamvotica.fna	0.0205818	0	48046/100000
fna/TTU2014-108ASC.fna	fna/pamvotica.fna	0.0205831	0	48044/100000
fna/TTU2014-113AME.fna	fna/pamvotica.fna	0.0186294	0	51084/100000
fna/TTU2014-115AME.fna	fna/pamvotica.fna	0.0205851	0	48041/100000
fna/TTU2014-115ASC.fna	fna/pamvotica.fna	0.0205844	0	48042/100000
fna/TTU2014-125ASC.fna	fna/pamvotica.fna	0.0185893	0	51149/100000
fna/TTU2014-130AME.fna	fna/pamvotica.fna	0.0185844	0	51157/100000
fna/TTU2014-130ASC.fna	fna/pamvotica.fna	0.0185912	0	51146/100000
fna/TTU2014-131ASC.fna	fna/pamvotica.fna	0.0185838	0	51158/100000
fna/TTU2014-134AME.fna	fna/pamvotica.fna	0.0185899	0	51148/100000
fna/TTU2014-134ASC.fna	fna/pamvotica.fna	0.0185924	0	51144/100000
fna/TTU2014-140ASC.fna	fna/pamvotica.fna	0.0185899	0	51148/100000
fna/TTU2014-141AME.fna	fna/pamvotica.fna	0.0185887	0	51150/100000
fna/TTU2014-141ASC.fna	fna/pamvotica.fna	0.0185881	0	51151/100000
fna/TTU2014-142ASC.fna	fna/pamvotica.fna	0.018593	0	51143/100000
fna/TTU2014-143AME.fna	fna/pamvotica.fna	0.0185869	0	51153/100000
fna/TTU2014-143ASC.fna	fna/pamvotica.fna	0.0185936	0	51142/100000
fna/VBF557.fna	fna/pamvotica.fna	0.0344735	0	31999/100000
fna/X11.fna	fna/pamvotica.fna	0.0366093	0	30172/100000
fna/X12.fna	fna/pamvotica.fna	0.0343228	0	32133/100000
fna/pamvotica.fna	fna/pamvotica.fna	0	0	100000/100000
