{
  "criteria": {
    "T_thresh_at_0.9ms_K": 2550.0,
    "T_late_max_truncated_K": 2700.0,
    "T_ref": 1500.0
  },
  "IP": {
    "0.6": {
      "N": 5,
      "N_ignited": 0,
      "IP": 0.0
    },
    "0.8": {
      "N": 5,
      "N_ignited": 0,
      "IP": 0.0
    },
    "1.0": {
      "N": 5,
      "N_ignited": 5,
      "IP": 1.0
    },
    "1.2": {
      "N": 5,
      "N_ignited": 5,
      "IP": 1.0
    }
  },
  "tau_ign_mean_s": {
    "0.6": NaN,
    "0.8": NaN,
    "1.0": 0.0005004674109200001,
    "1.2": 0.0005002798119666667
  },
  "tau_ign_std_s": {
    "0.6": NaN,
    "0.8": NaN,
    "1.0": 9.705088299077144e-08,
    "1.2": 2.330760487692049e-07
  },
  "paper_IP": {
    "0.6": 0.0,
    "0.8": 0.2,
    "1.0": 0.65,
    "1.2": 0.9
  },
  "paper_tau_s": {
    "0.6": null,
    "0.8": 0.00045,
    "1.0": 0.0003,
    "1.2": 0.00022
  },
  "per_run": {
    "phi0.6_r1": {
      "phi": 0.6,
      "r": 1,
      "n_rows": 1397,
      "t_final": 0.0009998938923,
      "Tmax_global": 3345.1672,
      "T_final": 2398.1059,
      "Tmx_late_mean": 2536.819061111111,
      "slope_K_per_s": -611123.3524917649,
      "FUELPROD_nonzero": false,
      "ignited": false,
      "ign_criterion_A": false,
      "ign_criterion_B": false,
      "T_at_900us": 2444.48070459898,
      "Tmx_late_max": 2706.4413,
      "complete": true,
      "tau_fuel": NaN,
      "tau_peak": NaN
    },
    "phi0.6_r2": {
      "phi": 0.6,
      "r": 2,
      "n_rows": 1396,
      "t_final": 0.0009995007359,
      "Tmax_global": 3345.1201,
      "T_final": 2393.7239,
      "Tmx_late_mean": 2534.653432932331,
      "slope_K_per_s": -616890.5461920629,
      "FUELPROD_nonzero": false,
      "ignited": false,
      "ign_criterion_A": false,
      "ign_criterion_B": false,
      "T_at_900us": 2442.382004311481,
      "Tmx_late_max": 2704.7656,
      "complete": true,
      "tau_fuel": NaN,
      "tau_peak": NaN
    },
    "phi0.6_r3": {
      "phi": 0.6,
      "r": 3,
      "n_rows": 1396,
      "t_final": 0.0009999419947,
      "Tmax_global": 3344.8809,
      "T_final": 2388.6797,
      "Tmx_late_mean": 2531.692310225564,
      "slope_K_per_s": -624881.9453955905,
      "FUELPROD_nonzero": false,
      "ignited": false,
      "ign_criterion_A": false,
      "ign_criterion_B": false,
      "T_at_900us": 2438.9929147131384,
      "Tmx_late_max": 2704.8356,
      "complete": true,
      "tau_fuel": NaN,
      "tau_peak": NaN
    },
    "phi0.6_r4": {
      "phi": 0.6,
      "r": 4,
      "n_rows": 1395,
      "t_final": 0.000999674174,
      "Tmax_global": 3345.2141,
      "T_final": 2382.6792,
      "Tmx_late_mean": 2528.419140662651,
      "slope_K_per_s": -634409.1369861152,
      "FUELPROD_nonzero": false,
      "ignited": false,
      "ign_criterion_A": false,
      "ign_criterion_B": false,
      "T_at_900us": 2433.2118819750817,
      "Tmx_late_max": 2704.3098,
      "complete": true,
      "tau_fuel": NaN,
      "tau_peak": NaN
    },
    "phi0.6_r5": {
      "phi": 0.6,
      "r": 5,
      "n_rows": 1394,
      "t_final": 0.0009994361672,
      "Tmax_global": 3344.772,
      "T_final": 2375.2812,
      "Tmx_late_mean": 2524.898839668175,
      "slope_K_per_s": -645095.2374448313,
      "FUELPROD_nonzero": false,
      "ignited": false,
      "ign_criterion_A": false,
      "ign_criterion_B": false,
      "T_at_900us": 2426.2274858212004,
      "Tmx_late_max": 2702.3637,
      "complete": true,
      "tau_fuel": NaN,
      "tau_peak": NaN
    },
    "phi0.8_r1": {
      "phi": 0.8,
      "r": 1,
      "n_rows": 1407,
      "t_final": 0.0009994579531,
      "Tmax_global": 3358.2801,
      "T_final": 2479.0846,
      "Tmx_late_mean": 2590.5346114413073,
      "slope_K_per_s": -508318.5380064681,
      "FUELPROD_nonzero": false,
      "ignited": false,
      "ign_criterion_A": false,
      "ign_criterion_B": false,
      "T_at_900us": 2513.7458260790263,
      "Tmx_late_max": 2732.2228,
      "complete": true,
      "tau_fuel": NaN,
      "tau_peak": NaN
    },
    "phi0.8_r2": {
      "phi": 0.8,
      "r": 2,
      "n_rows": 1407,
      "t_final": 0.0009997765746,
      "Tmax_global": 3358.4336,
      "T_final": 2477.364,
      "Tmx_late_mean": 2589.0132625557208,
      "slope_K_per_s": -511755.33876078186,
      "FUELPROD_nonzero": false,
      "ignited": false,
      "ign_criterion_A": false,
      "ign_criterion_B": false,
      "T_at_900us": 2512.114204829377,
      "Tmx_late_max": 2732.8497,
      "complete": true,
      "tau_fuel": NaN,
      "tau_peak": NaN
    },
    "phi0.8_r3": {
      "phi": 0.8,
      "r": 3,
      "n_rows": 1406,
      "t_final": 0.000999360123,
      "Tmax_global": 3357.3533,
      "T_final": 2474.7831,
      "Tmx_late_mean": 2587.7003,
      "slope_K_per_s": -515574.9646664594,
      "FUELPROD_nonzero": false,
      "ignited": false,
      "ign_criterion_A": false,
      "ign_criterion_B": false,
      "T_at_900us": 2510.332664543821,
      "Tmx_late_max": 2733.6394,
      "complete": true,
      "tau_fuel": NaN,
      "tau_peak": NaN
    },
    "phi0.8_r4": {
      "phi": 0.8,
      "r": 4,
      "n_rows": 1406,
      "t_final": 0.0009997472063,
      "Tmax_global": 3358.7225,
      "T_final": 2470.9516,
      "Tmx_late_mean": 2585.5929646359587,
      "slope_K_per_s": -520967.5544706989,
      "FUELPROD_nonzero": false,
      "ignited": false,
      "ign_criterion_A": false,
      "ign_criterion_B": false,
      "T_at_900us": 2508.10542577847,
      "Tmx_late_max": 2732.8844,
      "complete": true,
      "tau_fuel": NaN,
      "tau_peak": NaN
    },
    "phi0.8_r5": {
      "phi": 0.8,
      "r": 5,
      "n_rows": 1405,
      "t_final": 0.0009994559763,
      "Tmax_global": 3357.6059,
      "T_final": 2467.2318,
      "Tmx_late_mean": 2583.0131633928568,
      "slope_K_per_s": -528101.9891421088,
      "FUELPROD_nonzero": false,
      "ignited": false,
      "ign_criterion_A": false,
      "ign_criterion_B": false,
      "T_at_900us": 2504.2400565152834,
      "Tmx_late_max": 2730.9748,
      "complete": true,
      "tau_fuel": NaN,
      "tau_peak": NaN
    },
    "phi1.0_r1": {
      "phi": 1.0,
      "r": 1,
      "n_rows": 1418,
      "t_final": 0.0009997471454,
      "Tmax_global": 3370.5545,
      "T_final": 2554.4798,
      "Tmx_late_mean": 2640.7726901759534,
      "slope_K_per_s": -420800.29513044766,
      "FUELPROD_nonzero": false,
      "ignited": true,
      "ign_criterion_A": true,
      "ign_criterion_B": false,
      "T_at_900us": 2576.684334783762,
      "Tmx_late_max": 2763.1026,
      "complete": true,
      "tau_fuel": NaN,
      "tau_peak": 0.0005003334689
    },
    "phi1.0_r2": {
      "phi": 1.0,
      "r": 2,
      "n_rows": 1418,
      "t_final": 0.001,
      "Tmax_global": 3370.7077,
      "T_final": 2553.8922,
      "Tmx_late_mean": 2639.8831835777123,
      "slope_K_per_s": -422522.55388920987,
      "FUELPROD_nonzero": false,
      "ignited": true,
      "ign_criterion_A": true,
      "ign_criterion_B": false,
      "T_at_900us": 2576.039676720607,
      "Tmx_late_max": 2762.3644,
      "complete": true,
      "tau_fuel": NaN,
      "tau_peak": 0.0005003970807
    },
    "phi1.0_r3": {
      "phi": 1.0,
      "r": 3,
      "n_rows": 1417,
      "t_final": 0.0009996361261,
      "Tmax_global": 3369.5533,
      "T_final": 2551.7868,
      "Tmx_late_mean": 2638.521078267254,
      "slope_K_per_s": -425026.2529270546,
      "FUELPROD_nonzero": false,
      "ignited": true,
      "ign_criterion_A": true,
      "ign_criterion_B": false,
      "T_at_900us": 2574.142394188218,
      "Tmx_late_max": 2760.2497,
      "complete": true,
      "tau_fuel": NaN,
      "tau_peak": 0.0005004678603
    },
    "phi1.0_r4": {
      "phi": 1.0,
      "r": 4,
      "n_rows": 1417,
      "t_final": 0.0009999441615,
      "Tmax_global": 3371.0693,
      "T_final": 2549.8958,
      "Tmx_late_mean": 2637.4038656387665,
      "slope_K_per_s": -427448.486486419,
      "FUELPROD_nonzero": false,
      "ignited": true,
      "ign_criterion_A": true,