{
  "linclust_slope": 1.3096007281723046,
  "naive_slope": 2.081856227649248,
  "linclust_sizes": [
    500,
    1000,
    2000,
    4000,
    8000,
    16000,
    32000,
    64000
  ],
  "naive_sizes": [
    500,
    1000,
    2000,
    4000
  ]
}