{
  "config": {
    "n": 160,
    "d": 4,
    "seed": 7,
    "procs": "1,2,4,8",
    "repeats": 2,
    "out": "../results/n160.json"
  },
  "results": [
    {
      "n": 160,
      "d": 4,
      "procs": 1,
      "time_s": 3.339315260760486,
      "speedup": 1.0,
      "efficiency": 1.0,
      "colors_G": 25600,
      "colors_H": 25600,
      "iters_G": 4,
      "iters_H": 4,
      "invariant_match": true
    },
    {
      "n": 160,
      "d": 4,
      "procs": 2,
      "time_s": 1.859695261809975,
      "speedup": 1.795624976486981,
      "efficiency": 0.8978124882434905,
      "colors_G": 25600,
      "colors_H": 25600,
      "iters_G": 4,
      "iters_H": 4,
      "invariant_match": true
    },
    {
      "n": 160,
      "d": 4,
      "procs": 4,
      "time_s": 1.0058821351267397,
      "speedup": 3.3197878202099065,
      "efficiency": 0.8299469550524766,
      "colors_G": 25600,
      "colors_H": 25600,
      "iters_G": 4,
      "iters_H": 4,
      "invariant_match": true
    },
    {
      "n": 160,
      "d": 4,
      "procs": 8,
      "time_s": 0.616033811122179,
      "speedup": 5.420668801729446,
      "efficiency": 0.6775836002161808,
      "colors_G": 25600,
      "colors_H": 25600,
      "iters_G": 4,
      "iters_H": 4,
      "invariant_match": true
    }
  ]
}