{
  "config": {
    "n": 80,
    "d": 4,
    "seed": 7,
    "procs": "1,2,4",
    "repeats": 1,
    "out": "../results/sanity.json"
  },
  "results": [
    {
      "n": 80,
      "d": 4,
      "procs": 1,
      "time_s": 0.600764499977231,
      "speedup": 1.0,
      "efficiency": 1.0,
      "colors_G": 6400,
      "colors_H": 6400,
      "iters_G": 4,
      "iters_H": 4,
      "invariant_match": true
    },
    {
      "n": 80,
      "d": 4,
      "procs": 2,
      "time_s": 0.5954642668366432,
      "speedup": 1.0089010095748396,
      "efficiency": 0.5044505047874198,
      "colors_G": 6400,
      "colors_H": 6400,
      "iters_G": 4,
      "iters_H": 4,
      "invariant_match": true
    },
    {
      "n": 80,
      "d": 4,
      "procs": 4,
      "time_s": 0.5273271277546883,
      "speedup": 1.1392634066357112,
      "efficiency": 0.2848158516589278,
      "colors_G": 6400,
      "colors_H": 6400,
      "iters_G": 4,
      "iters_H": 4,
      "invariant_match": true
    }
  ]
}