{
  "model": "roberta-large",
  "max_steps": 4000,
  "block_size": 512,
  "effective_batch": 264,
  "n_train_blocks": 222776,
  "n_val_blocks": 4735,
  "pre_eval_loss": 1.0379582643508911,
  "pre_ppl": 2.8234463941594323,
  "post_eval_loss": 0.64087975025177,
  "post_ppl": 1.8981500429519107,
  "train_seconds": 7414.010339260101
}